# File generated by ImageToStl.com - Free Image and 3D model conversion tools

mtllib heavy_rifle.mtl

o obj1
v -2.45366001 9.37712276 18.28259621
v -2.25614715 9.37712279 18.08508263
v -2.02325797 9.37712279 18.08508263
v -2.67028522 9.46103098 -5.99162329
v -2.60272408 9.46102696 18.67615663
v -2.60272408 9.4610309 -5.48455275
v -0 15.20456483 -4.48758164
v 0.03856679 15.19324946 -4.39447298
v 0.07126214 15.19324947 -4.4163188
v -0 15.19324946 -4.38680115
v -0.03856679 15.19324946 -4.39447298
v -0.07126214 15.19324947 -4.4163188
v -0.09310846 15.19324947 -4.44901505
v -0.10077988 15.19324948 -4.48758164
v -0.09310846 15.19324949 -4.52614823
v -0.07126214 15.19324949 -4.55884352
v -0.03856679 15.1932495 -4.58068982
v -0 15.1932495 -4.58836117
v 0.03856679 15.1932495 -4.58068982
v 0.07126214 15.19324949 -4.55884352
v 0.09310846 15.19324949 -4.52614823
v 0.10077988 15.19324948 -4.48758164
v 2.92920971 6.3852248 61.58175763
v 2.92920971 7.78147839 61.58175404
v 2.72989225 7.90864606 61.77925239
v 2.72989011 10.60635895 61.77925283
v 2.7298913 9.16315407 61.77925259
v 2.92920971 9.29084919 61.58175429
v -2.92920971 7.78147839 61.58175404
v -2.92920971 6.3852248 61.58175763
v -2.72989368 6.38744969 61.77925214
v -2.72989011 10.60635895 61.77925283
v -2.92920971 10.30612514 61.58175446
v -2.92920971 9.29084919 61.58175429
v -2.92986989 10.5817418 61.50943547
v -2.93185091 10.7977176 61.2924746
v -2.92920971 10.30612514 61.58175446
v 3.17403054 10.30441009 34.44822098
v 3.17337441 10.58086787 34.52010136
v 3.16889334 10.8697138 35.01092706
v -3.17140555 10.79750258 34.73573861
v -3.17337441 10.58086787 34.52010136
v -3.16889334 10.8697138 35.01092706
v -3.17403054 10.30441009 34.44822098
v -2.93437839 10.86970956 61.0156077
v 2.93437839 10.86970956 61.0156077
v 2.93185091 10.7977176 61.2924746
v 2.92920971 10.30612514 61.58175446
v 2.92986989 10.5817418 61.50943547
v -3.17403054 6.31295263 34.44822033
v -3.06827211 8.5083543 46.13872285
v -2.92920971 6.3852248 61.58175763
v -3.06074452 7.74528406 46.96323521
v -3.06443191 7.84642224 46.55934271
v -3.06731796 8.14836702 46.24323405
v -3.06731796 8.92448816 46.24323418
v -3.06442904 9.22588544 46.55965192
v -3.06074452 9.32757089 46.96323547
v -2.41716599 8.50835175 61.77925248
v -2.47634411 8.23334832 61.77925244
v -1.00687885 9.16919274 61.77925259
v -2.47634411 8.40683368 46.66076797
v -2.41625071 8.50835416 46.99078889
v -2.47634411 8.50835422 46.60866685
v -2.7298913 9.16315407 61.77925259
v 0.52934754 8.925878 61.77925255
v -0 8.84203763 61.77925254
v 2.72989368 6.38744969 61.77925214
v -2.92920971 7.78147839 61.58175404
v -0.52934754 8.925878 61.77925255
v -2.92920971 9.29084919 61.58175429
v -1.38584995 9.54816384 61.77925265
v -2.47634411 8.83950085 61.77925254
v -1.62916434 10.02569527 61.77925273
v -1.70487678 10.60635895 61.77925283
v -1.84786308 3.98432007 34.25345676
v -2.34201145 4.47844758 34.25345685
v -0.77492183 8.17008319 34.25345745
v -0.63266087 3.41424336 34.25345667
v -1.26046479 3.62370982 34.25345671
v -1.63188326 11.06722214 61.31840314
v -1.70487678 10.60635895 61.77925283
v -2.40063143 11.06722648 34.7115611
v -2.4995718 10.60636344 34.25345784
v -2.4995718 10.60636344 34.25345784
v -2.46056056 10.83174528 34.30958352
v -2.40063143 11.06722648 34.7115611
v -2.47634411 8.2458019 46.98879758
v -2.47634411 8.29236794 46.77335874
v -2.72989225 7.90864606 61.77925239
v -2.47634411 8.69006636 46.66202687
v -2.47634411 8.78784944 46.77335882
v -2.47634411 8.82705304 46.98879767
v -1.64120734 11.0083537 61.54377544
v -1.66918004 10.83174081 61.72038446
v -2.70263529 5.0658194 34.25345694
v -2.91218495 5.69382014 34.25345704
v -2.97831702 10.60636344 34.25345784
v -2.38496423 9.78012481 34.25345771
v -2.9783206 6.32111087 34.25345715
v 1.84786308 3.98432007 34.25345676
v 1.26046479 3.62370982 34.25345671
v 0.77492183 8.17008319 34.25345745
v 2.38496423 9.78012481 34.25345771
v 2.4995718 10.60636344 34.25345784
v 2.97831702 10.60636344 34.25345784
v 2.42264485 11.00835811 34.48618877
v 2.46056056 10.83174528 34.30958352
v 2.40063143 11.06722648 34.7115611
v 2.4995718 10.60636344 34.25345784
v 1.70487678 10.60635895 61.77925283
v 2.40063143 11.06722648 34.7115611
v 1.63188326 11.06722214 61.31840314
v 3.17403054 6.31295263 34.44822033
v 3.06827211 8.5083543 46.13872285
v 2.92920971 6.3852248 61.58175763
v 3.06074452 7.74528406 46.96323521
v 3.06731796 8.14836702 46.24323405
v 3.06443191 7.84642224 46.55934271
v 3.06442904 9.22588544 46.55965192
v 3.06731796 8.92448816 46.24323418
v 3.06074452 9.32757089 46.96323547
v 1.00687885 9.16919274 61.77925259
v 2.47634411 8.23334832 61.77925244
v 2.41625071 8.50835416 46.99078889
v 2.47634411 8.40683368 46.66076797
v 2.47634411 8.50835422 46.60866685
v 2.92920971 10.30612514 61.58175446
v 2.92920971 7.78147839 61.58175404
v 2.41716599 8.50835175 61.77925248
v 2.92920971 9.29084919 61.58175429
v 1.38584995 9.54816384 61.77925265
v 2.47634411 8.83950085 61.77925254
v 1.62916434 10.02569527 61.77925273
v 1.70487678 10.60635895 61.77925283
v 2.34201145 4.47844758 34.25345685
v 0.63266087 3.41424336 34.25345667
v -0.55511808 3.36138316 58.75318582
v 0.00175958 3.29757259 58.68937355
v 0.55511808 3.36138316 58.75318582
v 2.47634411 8.2458019 46.98879758
v 2.47634411 8.29236794 46.77335874
v 2.47634411 8.69006636 46.66202687
v 2.47634411 8.78784944 46.77335882
v 2.47634411 8.82705304 46.98879767
v 1.66918004 10.83174081 61.72038446
v 1.64120734 11.0083537 61.54377544
v 2.91218495 5.69382014 34.25345704
v 2.70263529 5.0658194 34.25345694
v 2.9783206 6.32111087 34.25345715
v -2.42264485 11.00835811 34.48618877
v 3.17140555 10.79750258 34.73573861
v -1.54860234 14.71256529 -5.0377364
v -1.54860234 14.07692854 -2.4445847
v -1.54860234 14.71256453 -0.40561076
v 1.54860234 14.71256529 -5.0377364
v 1.54860234 14.71256453 -0.40561076
v 1.54860234 14.07692854 -2.4445847
v -1.54860234 12.99029718 -5.03773668
v -1.54860234 12.99029643 -0.40561104
v -1.54860234 13.67105333 -2.44458476
v -1.54860234 13.80272812 -2.57626023
v 1.54860234 13.671053 -0.40561093
v 1.54860234 12.99029643 -0.40561104
v 1.54860234 13.67105333 -2.44458476
v 1.54860234 13.94525379 -2.5762602
v 1.54860234 13.80272812 -2.57626023
v -1.54860234 13.671053 -0.40561093
v -1.54860234 13.94525379 -2.5762602
v 1.54860234 12.99029718 -5.03773668
v -0.31643629 14.12547881 -0.40561085
v -1.54860234 14.71256453 -0.40561076
v -0.6207121 14.0331784 -0.40561087
v 0.31643629 14.12547881 -0.40561085
v 0.6207121 14.0331784 -0.40561087
v 1.54860234 14.71256453 -0.40561076
v 0.90113431 13.8832894 -0.40561089
v 1.1469264 13.68157107 -0.40561093
v 1.31531465 14.0769282 -0.40561086
v -0.90113431 13.8832894 -0.40561089
v -1.31531465 14.0769282 -0.40561086
v -1.1469264 13.68157107 -0.40561093
v 1.34864259 13.43577964 -0.40561097
v 1.31531465 13.671053 -0.40561093
v 1.54860234 14.0769282 -0.40561086
v -1.54860234 14.0769282 -0.40561086
v -1.31531465 13.671053 -0.40561093
v -1.34864259 13.43577964 -0.40561097
v -1.49853146 13.15535743 -0.40561101
v -2.60272408 11.87853903 -5.48455236
v -2.60272408 11.87853509 18.67313769
v -2.55432796 12.12183585 34.25345809
v -2.60272408 11.87853357 27.97485354
v -2.67028522 9.46102443 34.25345766
v -2.60272408 9.46102545 27.98008501
v -2.60272408 9.46102443 34.25345766
v -2.13054299 9.5591256 -33.24940335
v -2.1263206 10.33271209 -34.59822677
v -2.66622424 7.25135752 -40.75969578
v 2.13054299 9.5591256 -33.24940335
v 2.59959435 7.25126226 -32.6246822
v 2.66622424 7.25135752 -40.75969578
v 1.81325102 11.3061098 103.09357637
v 2.65809798 11.65605677 103.09357642
v 1.38780224 11.94283904 103.09357647
v 2.03442001 12.58945597 103.09357658
v 0.75107318 12.3682865 103.09357654
v 1.10102022 13.21313418 103.09357668
v -0 12.51768531 103.09357656
v -0.75107318 12.3682865 103.09357654
v -1.10102022 13.21313418 103.09357668
v -1.38780224 11.94283904 103.09357647
v -2.03442001 12.58945597 103.09357658
v -1.81325102 11.3061098 103.09357637
v -2.65809798 11.65605677 103.09357642
v 1.88939536 10.92330642 99.80169093
v 2.80385113 10.92330642 99.80169093
v 1.81325102 11.30611033 99.80169099
v 2.65809798 11.65605731 99.80169105
v 1.38780224 11.94283958 99.80169109
v 2.03442001 12.58945651 99.8016912
v 0.75107318 12.36828704 99.80169116
v 1.10102022 13.21313472 99.8016913
v -0 12.51768584 99.80169119
v -0 13.43214126 99.80169134
v -0.75107318 12.36828704 99.80169116
v -1.38780224 11.94283958 99.80169109
v -2.03442001 12.58945651 99.8016912
v -1.81325102 11.30611033 99.80169099
v -2.65809798 11.65605731 99.80169105
v -1.88939536 10.92330559 104.90307032
v -2.80385113 10.92330559 104.90307032
v -1.81325102 11.3061095 104.90307038
v -2.65809798 11.65605648 104.90307044
v -1.38780224 11.94283874 104.90307049
v -2.03442001 12.58945568 104.90307059
v -0.75107318 12.36828621 104.90307056
v -1.10102022 13.21313389 104.9030707
v -0 12.51768501 104.90307058
v 0.75107318 12.36828621 104.90307056
v 1.10102022 13.21313389 104.9030707
v 1.38780224 11.94283874 104.90307049
v 2.03442001 12.58945568 104.90307059
v 1.81325102 11.3061095 104.90307038
v 2.65809798 11.65605648 104.90307044
v -2.87710452 10.55503752 93.50445729
v -2.65809798 9.45401766 93.50445711
v -2.87710452 10.55503643 100.2230547
v -2.65809798 11.65605731 99.80169105
v -2.65809798 11.65605834 93.50445747
v -2.80385113 10.92330642 99.80169093
v -2.87710452 10.55503627 101.18982868
v -2.87710452 10.55503589 103.51493244
v -2.80385113 10.92330612 101.61119258
v 2.65809798 11.65605702 101.61119269
v 2.65809798 11.65605677 103.09357642
v 2.80385113 10.92330612 101.61119258
v 2.65809798 11.65605731 99.80169105
v 2.80385113 10.92330642 99.80169093
v 2.65809798 11.65605834 93.50445747
v 2.80385113 10.92330588 103.0935763
v -0 13.43214072 103.09357671
v -1.10102022 13.21313472 99.8016913
v -0 13.43214043 104.90307073
v 2.87710452 10.55503627 101.18982868
v 2.65809798 9.45401556 106.41291963
v 2.87710452 10.55503643 100.2230547
v 2.87710452 10.55503589 103.51493244
v 2.87710452 10.55503574 104.48170643
v 2.87710452 10.55503542 106.41291981
v -2.65809798 9.45401556 106.41291963
v -2.87710452 10.55503574 104.48170643
v -2.80385113 10.92330588 103.0935763
v -2.87710452 10.55503542 106.41291981
v -2.80385113 10.92330559 104.90307032
v 2.80385113 10.92330559 104.90307032
v 2.80385113 10.92330588 103.0935763
v 2.87710452 10.55503752 93.50445729
v 1.88939536 10.92330588 103.0935763
v 1.81325102 11.3061098 103.09357637
v 1.88939536 10.92330612 101.61119258
v 1.96264875 10.55503542 106.41291981
v 1.81325102 11.30610926 106.41291993
v 1.88939536 10.92330559 104.90307032
v -1.96264875 10.55503699 96.79425221
v -1.81325102 11.30611082 96.79425233
v -1.88939536 10.92330642 99.80169093
v -1.88939536 10.92330612 101.61119258
v -1.81325102 11.30611004 101.61119264
v -1.88939536 10.92330588 103.0935763
v 1.81325102 11.30611033 99.80169099
v 1.81325102 11.30611082 96.79425233
v 1.88939536 10.92330642 99.80169093
v 1.96264875 10.55503627 101.18982868
v 1.96264875 10.55503589 103.51493244
v -1.96264875 10.55503589 103.51493244
v -1.96264875 10.55503627 101.18982868
v -1.81325102 11.3061095 104.90307038
v -1.81325102 11.30610926 106.41291993
v -1.88939536 10.92330559 104.90307032
v -1.81325102 9.80396254 106.41291969
v 1.81325102 9.80396254 106.41291969
v 1.96264875 10.55503699 96.79425221
v 1.96264875 10.55503574 104.48170643
v -1.96264875 10.55503643 100.2230547
v -1.96264875 10.55503542 106.41291981
v -1.81325102 9.8039641 96.79425209
v -1.96264875 10.55503574 104.48170643
v 1.96264875 10.55503643 100.2230547
v 1.81325102 9.8039641 96.79425209
v -2.80385113 10.92330588 103.0935763
v -2.80385113 10.92330642 99.80169093
v 2.80385113 10.92330559 104.90307032
v -2.65809798 11.65605677 103.09357642
v -2.65809798 11.65605623 106.41291999
v 2.65809798 11.65605623 106.41291999
v 1.88939536 10.92330588 103.0935763
v 2.65761042 9.45421984 93.50039064
v -2.87710452 10.55503643 100.2230547
v -2.87710452 10.55503627 101.18982868
v -1.96264875 10.55503627 101.18982868
v 1.96264875 10.55503643 100.2230547
v 1.96264875 10.55503627 101.18982868
v 2.87710452 10.55503627 101.18982868
v -2.80385113 10.92330612 101.61119258
v 2.80385113 10.92330612 101.61119258
v -1.96264875 10.55503643 100.2230547
v -1.88939536 10.92330642 99.80169093
v 2.87710452 10.55503643 100.2230547
v 1.96264875 10.55503699 96.79425221
v -0 10.55503699 96.79425221
v 1.81325102 9.8039641 96.79425209
v 2.87710452 10.55503752 93.50445729
v 2.65761042 9.45421984 93.50039064
v 2.36726046 9.78586776 93.24539344
v 1.38780224 9.16723486 96.79425198
v 0.75107318 12.36828674 101.61119281
v -0 12.51768555 101.61119284
v 1.10102022 13.21313442 101.61119295
v 0.75107318 8.74178645 96.79425191
v 0.76916957 8.18777663 93.24539318
v 1.46304739 8.54132564 93.24539324
v 2.03404713 8.5209904 93.50039049
v -0 8.5923886 96.79425189
v 1.38780224 11.94283928 101.61119274
v 2.03442001 12.58945622 101.61119285
v 0 8.06595237 93.24539316
v 1.1008184 7.89742711 93.50039039
v -0.75107318 8.74178645 96.79425191
v 2.65809798 11.65605702 101.61119269
v 1.81325102 11.30611004 101.61119264
v -1.38780224 9.16723486 96.79425198
v -0.76916957 8.18777663 93.24539318
v -1.1008184 7.89742711 93.50039039
v -2.03442001 8.52061751 93.50445695
v -2.01371193 9.09198958 93.24539333
v -1.46304739 8.54132564 93.24539324
v -1.81325102 9.8039641 96.79425209
v -2.36726046 9.78586776 93.24539344
v -1.96264875 10.55503699 96.79425221
v -1.04644465 14.71971381 89.95714046
v 0 12.13407958 89.966837
v -0.45203495 14.76880038 89.95714047
v -1.81325102 11.30611082 96.79425233
v -1.38780224 11.94284007 96.79425243
v -0 14.69720519 89.95714046
v -0.75107318 12.36828674 101.61119281
v -1.10102022 13.21313442 101.61119295
v -0.75107318 12.36828753 96.7942525
v -1.46304739 12.56874949 93.24539389
v -2.01371193 12.01808459 93.2453938
v -2.03404713 12.58908465 93.50039115
v -1.10102022 13.21313574 93.50445772
v -0.76916957 12.92229754 93.24539395
v -0 12.51768633 96.79425253
v 0 13.04412276 93.24539397
v 0.75107318 12.36828753 96.7942525
v -0 13.4316149 93.50039129
v 1.10102022 13.21313574 93.50445772
v 0.76916957 12.92229754 93.24539395
v 1.38780224 11.94284007 96.79425243
v 2.03404713 12.58908465 93.50039115
v 1.46304739 12.56874949 93.24539389
v 1.81325102 11.30611082 96.79425233
v 2.4890852 10.55503757 93.24539357
v 2.36726046 11.32420642 93.24539369
v 2.65809798 11.65605834 93.50445747
v 1.81325102 11.30611004 101.61119264
v 1.81325102 11.3061095 104.90307038
v -1.81325102 11.30611033 99.80169099
v -1.81325102 11.3061098 103.09357637
v -1.88939536 10.92330588 103.0935763
v 1.88939536 10.92330559 104.90307032
v -2.65809798 11.65605702 101.61119269
v -2.65809798 11.65605648 104.90307044
v 2.65809798 11.65605648 104.90307044
v 0.09310846 15.19324947 -4.44901505
v -2.60272408 11.87853255 34.25345805
v -2.60272408 9.46102696 18.67615663
v -2.60272408 9.46102545 27.98008501
v -2.02325797 9.46102545 27.98008501
v 0 12.13408015 86.48948867
v -0.45203495 14.76880095 86.4717355
v -0 14.69720576 86.47173549
v 0.45203495 14.76880095 86.4717355
v 0.85982162 14.97657893 86.47173553
v 1.04644465 14.71971438 86.47173549
v -1.38780224 11.94283928 101.61119274
v -2.03442001 12.58945622 101.61119285
v 1.88939536 10.92330612 101.61119258
v -1.88939536 10.92330612 101.61119258
v -1.81325102 11.30611004 101.61119264
v 2.01371193 9.09198958 93.24539333
v 2.01371193 12.01808459 93.2453938
v -2.65809798 11.65605702 101.61119269
v 0.45203495 14.76880038 89.95714047
v -0 15.20456452 -2.63739195
v 0.07126214 15.19324917 -2.56612959
v 0.09310846 15.19324917 -2.59882489
v 0.03856679 15.19324916 -2.54428306
v 0.10077988 15.19324918 -2.63739195
v 1.54860234 14.0769282 -0.40561086
v -1.54860234 14.0769282 -0.40561086
v -0.07368833 16.02289259 -3.61669136
v -0.14016354 16.05676328 -3.61669136
v -0.54557562 14.74961435 -3.61669157
v 0.07368833 16.02289265 -3.97994519
v 0.14016354 16.05676334 -3.97994519
v 0.54557562 14.74961441 -3.9799454
v 0.07368833 16.02289259 -3.61669136
v -0 16.01122343 -3.61669136
v 0.54557562 14.74961435 -3.61669157
v 0.14016354 16.05676328 -3.61669136
v 0.19291855 16.10951864 -3.61669135
v 0.54557562 16.19053518 -3.61669134
v 0.22678936 16.17599546 -3.61669134
v 0.53358102 16.3101164 -3.61669132
v 0.23846045 16.24968206 -3.61669133
v 0.4949916 16.43167364 -3.6166913
v 0.22678936 16.32337057 -3.61669131
v 0.42858455 16.54536497 -3.61669128
v 0.19291855 16.38984548 -3.6166913
v 0.33759153 16.64100515 -3.61669126
v 0.14016354 16.44260084 -3.61669129
v 0.22942552 16.71080076 -3.61669125
v 0.07368833 16.47647154 -3.61669129
v 0.11377171 16.75136244 -3.61669124
v -0 16.48814451 -3.61669129
v -0.07368833 16.47647154 -3.61669129
v -0.11377171 16.75136244 -3.61669124
v -0.14016354 16.44260084 -3.61669129
v -0.22942552 16.71080076 -3.61669125
v -0.19291855 16.38984548 -3.6166913
v -0.33759153 16.64100515 -3.61669126
v -0.22678936 16.32337057 -3.61669131
v -0.42858455 16.54536497 -3.61669128
v 1.54860234 14.71256529 -5.0377364
v -1.54860234 14.71256529 -5.0377364
v 0.55747473 14.823099 -5.03773639
v -0.55747473 14.82309827 -0.53986326
v 0.55747473 14.82309827 -0.53986326
v -0.23846045 16.24968206 -3.61669133
v -0.4949916 16.43167364 -3.6166913
v -0.22678936 16.17599546 -3.61669134
v -0.53358102 16.3101164 -3.61669132
v -1.50204813 14.82495676 -5.03773638
v -0.55747473 14.82495676 -5.03773638
v 1.50204813 14.82495603 -0.54212013
v -1.54860234 12.99029643 -0.40561104
v -1.54860234 13.671053 -0.40561093
v -0.43834239 2.24813111 14.15828074
v -0.43834239 5.16894158 14.15828121
v -0.43834239 3.3413958 12.02070386
v 0.43834239 2.24813111 14.15828074
v 0.43834239 2.24813141 12.3487562
v 0.43834239 3.3413958 12.02070386
v -0.19291855 16.10951864 -3.61669135
v -0.54557562 16.19053518 -3.61669134
v -0.07368833 16.02289265 -3.97994519
v -0 16.01122349 -3.9799452
v -0.54557562 14.74961441 -3.9799454
v -0.14016354 16.05676334 -3.97994519
v -0.19291855 16.1095187 -3.97994518
v -0.54557562 16.19053524 -3.97994517
v -0.22678936 16.17599552 -3.97994517
v -0.43834239 5.16894219 10.41072262
v -0.53358102 16.31011646 -3.97994515
v -0.23846045 16.24968212 -3.97994516
v -0.4949916 16.4316737 -3.97994513
v -0.22678936 16.32337063 -3.97994515
v -0.42858455 16.54536503 -3.97994511
v -0.19291855 16.38984554 -3.97994514
v -0.33759153 16.64100521 -3.97994509
v -0.14016354 16.4426009 -3.97994513
v -0.90113431 13.88329016 -5.03773654
v -1.1469264 13.68157183 -5.03773657
v -2.02944064 12.76079383 34.25345819
v -1.55014133 12.98521724 34.25345823
v -1.54860234 12.99029643 -0.40561104
v 1.54860234 12.99029643 -0.40561104
v 1.55014133 12.98521724 34.25345823
v 2.02944064 12.7608003 -5.48455221
v 2.02944064 12.76079383 34.25345819
v 0.55747473 15.69545542 -5.03773624
v 0.62331235 15.76129423 -5.03773623
v 0.887124 15.76129423 -5.03773623
v -0.887124 15.76129423 -5.03773623
v -0.62331235 15.76129423 -5.03773623
v -0.55747473 15.69545542 -5.03773624
v 0.6207121 14.03317915 -5.03773651
v 0.31643629 14.12547957 -5.0377365
v 0.90113431 13.88329016 -5.03773654
v 1.1469264 13.68157183 -5.03773657
v 1.34864259 13.43578039 -5.03773661
v 1.54860234 13.671053 -0.40561093
v 1.49853146 13.15535743 -0.40561101
v 1.54860234 12.99029643 -0.40561104
v -1.34864259 13.43578039 -5.03773661
v -1.49853146 13.15535818 -5.03773666
v -2.02944064 12.7608003 -5.48455221
v -0.31643629 14.12547957 -5.0377365
v -0.6207121 14.03317915 -5.03773651
v -1.54860234 12.99029718 -5.03773668
v -1.54860234 12.99029718 -5.03773668
v -1.55061984 12.98364633 -5.48455218
v -0 9.20352824 30.28504331
v 2.25614715 1.60364444 30.28475788
v -2.25614715 1.60364444 30.28475788
v 1.24864137 10.03784436 31.06847545
v 0.95566869 9.59937829 31.06847538
v -0 10.5550477 31.06847554
v -2.02325797 10.05541221 18.08540508
v -2.02325797 9.83730212 18.12700623
v -2.02633262 12.0285533 4.0676642
v -2.02325797 11.28477851 18.08540528
v -2.02325797 11.50288859 18.1270065
v -2.02325797 11.70376576 18.258955
v -2.02325797 11.83571324 18.45983317
v -2.02325797 11.87853509 18.67313769
v -2.02325797 12.02854903 30.28505712
v -2.02325797 11.83571165 28.20247462
v -2.02325797 11.87853357 27.97485354
v -2.02325797 11.7037641 28.40335274
v -2.02325797 11.50288689 28.53529927
v -2.02325797 11.2847768 28.57690423
v -2.02633262 9.37712081 30.28505669
v -2.02325797 10.0554105 28.57690403
v -2.02325797 9.83730042 28.535299
v -2.02325797 9.6364223 28.4033524
v -2.02325797 9.50447481 28.20247424
v -2.02325797 9.46102545 27.98008501
v -2.02325797 9.37712508 4.06766377
v -2.02325797 9.63642395 18.25895466
v -2.02325797 9.46102696 18.67615663
v -2.02325797 9.46102696 18.67615663
v -2.60272408 9.4610309 -5.48455275
v -2.60272408 10.05541221 18.08540508
v -2.60272408 9.6364223 28.4033524
v -2.60272408 9.50447481 28.20247424
v -2.60272408 9.46102443 34.25345766
v -2.60272408 9.83730042 28.535299
v -2.60272408 10.0554105 28.57690403
v -2.02325797 9.5044764 18.45983279
v -2.25614715 9.37712279 18.08508263
v -2.25614715 1.60364643 18.08508136
v -2.02325797 9.37712279 18.08508263
v 0 7.29906185 90.2829678
v -0.61143452 6.45749481 90.28296767
v -0.32145014 6.30974062 90.28296764
v 2.6618042 7.87988435 11.0292829
v 2.6618042 7.94014603 11.33223949
v 2.6618042 7.14848238 11.33223936
v 0 6.25882776 90.28296763
v -0.40689892 8.55136836 89.96683642
v -1.09018123 8.58544124 89.96683642
v -0.77396774 8.36433757 89.96683638
v -0.48795074 9.05328104 86.48948817
v -1.09018123 8.5854418 86.48948809
v -1.0887785 9.05646346 86.48948817
v -2.25614715 9.37712081 30.28475914
v -2.45366001 9.37712084 30.08724556
v 0 8.03893874 86.489488
v 0 8.97599719 86.48948816
v 0 8.33929594 90.28296797
v -0.32145014 8.28838403 90.28296796
v -0 16.01474274 88.48707079
v -0 16.27197354 88.22703817
v -0.26003104 16.01474278 88.22703813
v -0 16.01474282 87.96700548
v 0.26003104 16.01474278 88.22703813
v 0.48795074 12.05679572 89.96683699
v 1.0887785 12.3441664 89.96683703
v 1.04644465 14.71971381 89.95714046
v -0.85982162 14.97657836 89.9571405
v -1.0887785 12.3441664 89.96683703
v -0.48795074 12.05679572 89.96683699
v -0.48795074 12.05679629 86.48948866
v -1.0887785 12.34416697 86.48948871
v -1.04644465 14.71971438 86.47173549
v -0 16.01474274 88.48707079
v -0.61143452 8.14062936 90.28296794
v -0.84156746 7.91049678 90.2829679
v -0.85982162 14.97657893 86.47173553
v -0.98932183 7.62051208 90.28296786
v -1.04023457 7.29906185 90.2829678
v 0.48795074 12.05679629 86.48948866
v 1.0887785 12.34416697 86.48948871
v 0 8.61581481 89.96683643
v 0 8.9765364 89.96769098
v -0 9.20352811 31.06847532
v -0.51720423 9.30640668 31.06847533
v 0.51720423 9.30640668 31.06847533
v -2.60272408 11.2847768 28.57690423
v -2.60272408 11.50288689 28.53529927
v -2.60272408 11.7037641 28.40335274
v -2.60272408 11.83571165 28.20247462
v -2.60272408 11.83571324 18.45983317
v -0.95566869 9.59937829 31.06847538
v -2.60272408 11.70376576 18.258955
v -2.60272408 11.50288859 18.1270065
v -2.60272408 11.28477851 18.08540528
v -2.60272408 9.63642395 18.25895466
v -2.60272408 9.83730212 18.12700623
v -2.60272408 9.5044764 18.45983279
v -2.60272408 9.46102696 18.67615663
v -2.60272408 9.46102545 27.98008501
v 0.85982162 14.97657836 89.9571405
v -1.41064227 9.37712304 16.57052956
v -2.02325797 9.37712279 18.08508263
v -1.41064227 9.37712279 18.08508263
v -2.60959983 0.02449381 -40.75969696
v -2.11386847 -5.02593139 -37.85881887
v -2.1793611 -1.77507869 -31.98388701
v 2.93205762 9.1934196 34.25345761
v 2.67028522 9.46102443 34.25345766
v 2.60272408 9.46102443 34.25345766
v -2.60272408 9.46102443 34.25345766
v -2.67028522 9.46102443 34.25345766
v -2.93205762 9.1934196 34.25345761
v -2.25614715 9.37712081 30.28475914
v -2.02633262 9.37712081 30.28505669
v 2.02633262 9.84626479 29.57870453
v 2.02633262 9.84626873 5.38174217
v 2.02633262 9.37712279 18.08508263
v 0.57974946 5.83110066 -4.13332796
v -2.25082469 5.83110088 -5.48455334
v 2.25082469 5.83110088 -5.48455334
v -0.57974946 5.83110066 -4.13332796
v 2.02633262 10.55504787 30.00302105
v 2.02633262 10.20842255 29.94881987
v 2.02633262 9.37712081 30.28505669
v 2.02633262 12.0285533 4.0676642
v 2.02633262 9.37712508 4.06766377
v 2.02633262 10.55505201 4.59169083
v 2.25614715 9.37712279 18.08508263
v 2.45366001 9.37712276 18.28259621
v 2.45366001 9.37712084 30.08724556
v 2.25614715 9.37712081 30.28475914
v 2.02633262 9.37712081 30.28505669
v 2.25614715 9.37712081 30.28475914
v 2.25614715 1.60364643 18.08508136
v 2.25614715 9.37712279 18.08508263
v 2.02633262 9.37712279 18.08508263
v -1.00509048 5.83110064 -4.03707886
v -0.92813742 9.27756656 89.96683653
v -1.0887785 9.05646289 89.9668365
v -0.48786512 9.05382026 89.96769099
v -0 13.43214096 101.61119298
v 2.02633262 10.90167225 29.94881998
v 2.02633262 12.02854903 30.28505712
v -0.98932183 6.97761209 90.28296775
v -0.84156746 6.68762787 90.2829677
v -2.55432796 12.12184232 -5.48455232
v -2.93205762 9.1976805 -5.99162333
v 2.02633262 11.26383109 29.57870476
v 2.02633262 11.26383503 5.38174241
v 2.02633262 9.93680968 4.99537391
v 2.02633262 10.20842666 4.69261145
v -0.92813742 11.83251116 86.48948862
v -0.92813742 11.8325106 89.96683695
v -0.22863416 8.00272677 86.489488
v 2.02633262 10.90167637 4.69261156
v 2.02633262 11.17329516 4.99537412
v 2.02633262 11.17329112 29.78621283
v 2.02633262 9.93680564 29.78621263
v -2.93205762 9.1934196 34.25345761
v 0.50462079 4.59278423 12.76031855
v 1.00303447 4.5943783 12.76011256
v 1.89481091 4.59437815 13.66118315
v 2.60272408 10.55505201 4.59169083
v 2.60272408 9.4610309 -5.48455275
v 2.60272408 11.87853903 -5.48455236
v 2.93205762 4.85771611 17.38165362
v 2.93205762 4.8577167 13.74793132
v 2.93205762 8.05378232 12.61097944
v 2.93205762 4.85773489 30.87952884
v 2.93205762 9.1934196 34.25345761
v 2.93205762 9.1976805 -5.99162333
v 2.93205762 8.40864461 12.13078827
v -2.93205762 8.40864756 -5.99162346
v -2.93205762 8.40864461 12.13078827
v -2.93205762 8.05378232 12.61097944
v -2.93205762 4.85771611 17.38165362
v -2.93205762 5.00634926 13.54680524
v -2.93205762 4.8577167 13.74793132
v 2.93205762 8.40864756 -5.99162346
v -0.50462079 4.59278423 12.76031855
v -1.89481091 4.59437815 13.66118315
v -0.50462079 4.59278431 12.28149489
v -1.68586302 12.28715986 -5.48455229
v -2.01473641 11.50041765 -5.48455242
v -2.55432796 12.12184232 -5.48455232
v 1.41064227 9.37712279 18.08508263
v 2.02633262 9.37712279 18.08508263
v 1.41064227 9.37712304 16.57052956
v -2.02325797 9.37712508 4.06766377
v -1.17741978 9.37712307 16.37326966
v -1.00303447 4.5943783 12.76011256
v 0.53611189 4.5943789 9.09697894
v 0.50462079 4.59278431 12.28149489
v 1.17741978 9.37712307 16.37326966
v 2.02633262 9.37712508 4.06766377
v 1.60019612 4.59437782 15.72192553
v -2.15979314 5.83110025 -1.62770093
v -2.15979314 5.83109959 2.43179679
v -1.60019612 4.59437782 15.72192553
v -2.15979314 4.59946668 3.66312603
v -2.15979314 4.59946685 2.62930945
v -2.15979314 2.1697735 -1.00619579
v -0 7.67793276 93.50445682
v -2.65809798 9.45401766 93.50445711
v -2.02944064 12.7608003 -5.48455221
v -2.41650701 12.32810682 -5.48455228
v -1.27910078 12.65511369 -8.71034893
v -1.00730991 12.8588461 -8.21782856
v -0.48655984 12.97957658 -8.75418356
v -0.588642 4.59437952 5.24024895
v -0.588642 4.59437934 6.40080527
v -1.00546896 4.59437954 5.15733698
v 2.15979314 -10.26957581 -1.59725416
v 2.15979314 -10.46440001 -1.70612661
v 2.15979314 -9.06287763 -6.0370851
v -0.588642 0.32932397 5.14711576
v -0.588642 0.68636508 4.31895553
v -1.00303447 0.08183875 5.74003507
v -1.2804209 12.68891138 -5.48455222
v -1.55061984 12.98364633 -5.48455218
v -1.2435739 13.1834411 -5.48455214
v -1.68588102 12.25203846 -8.6558713
v -1.68586302 12.28716027 -7.9936532
v -1.89481091 4.59946685 2.62930945
v -2.15979314 -9.06287763 -6.0370851
v -2.15979314 -8.96389933 -1.71333769
v -2.15979314 -7.60950606 -6.29916887
v -1.83551884 4.59437779 15.91943816
v -1.83551884 4.33101464 17.5359218
v -1.83590782 4.59437756 17.27257231
v -1.35372198 0.23614353 3.81812123
v -1.00303447 0.15383218 4.05065014
v -1.35430706 0.74044979 3.97206843
v -2.15979314 4.35347102 -1.34363199
v -2.15979314 4.79697998 2.43179662
v -2.15979314 4.8191612 -1.62770109
v -2.44833755 7.89354695 12.38469825
v -2.44833755 6.02861098 12.9559603
v -2.67028522 7.89354695 12.38469825
v -2.0195632 9.5441516 -19.35184705
v -2.015836 8.14051113 -15.18519269
v -2.0159471 9.58940239 -18.70936238
v -2.01673865 6.97046727 -12.77999097
v -2.01524067 7.13586291 -12.21991709
v -2.44833755 8.14529413 12.04403819
v -2.44833755 6.02861098 12.9559603
v -2.44833755 7.89354695 12.38469825
v -2.15979314 1.04241256 2.7007529
v -2.15979314 1.40777207 2.86763023
v -2.08683991 4.62235867 -2.15113922
v -2.07559729 4.13190774 -1.71646623
v -2.25082469 5.83109787 13.01646232
v -1.89481091 5.83109787 13.01646232
v -1.96228015 -9.29034899 -5.98104628
v -1.88709509 -9.14929095 -6.39323145
v 1.88709509 -9.14929095 -6.39323145
v -1.67289078 -9.03081879 -6.73941521
v 1.67289078 -9.03081879 -6.73941521
v 1.23081613 -8.86698033 -7.21816446
v -2.01501226 9.2865065 -10.79221765
v -2.09268188 10.59453675 -40.75969523
v -2.12179184 10.60038861 -35.60833568
v -2.69983649 0.63270259 -32.17788305
v -2.59959435 7.25126226 -32.6246822
v -2.73970413 3.9063311 -32.40290387
v -2.07512808 4.59946661 4.08891991
v -1.89481091 4.59946657 4.35874299
v -1.83422315 5.83110046 -2.88348532
v -2.07580376 5.83110036 -2.26092935
v -2.01473641 9.70176229 -18.11478457
v -2.12825561 9.2859149 -32.2285103
v -2.15979314 3.23016015 -0.95589514
v -2.07526207 -10.60498598 -1.2968573
v -2.15979314 -10.26957581 -1.59725416
v -2.15979314 -10.46440001 -1.70612661
v -1.00303447 0.71437522 4.24322474
v -2.07543755 -7.49247536 -6.75306395
v -2.01473641 7.21088977 -11.41587998
v 1.00303447 1.36955573 13.0341637
v 1.00303447 1.9736389 13.09894785
v 0.50462079 1.9608425 13.09757551
v 2.24543929 9.77920781 -44.55453713
v 2.09268188 10.59453675 -40.75969523
v 2.66622424 7.25135752 -40.75969578
v 0.50462079 1.96084258 12.62029203
v 1.00303447 1.96552607 12.62079366
v 1.00303447 1.46291099 12.56686997
v 2.15979314 -10.00960611 -1.5247434
v 2.01501226 9.2865065 -10.79221765
v 2.015836 8.14051113 -15.18519269
v 2.01473641 9.70176229 -18.11478457
v 2.01473641 9.26357275 -6.18913643
v 2.01473641 11.36893992 -9.06752878
v 2.01473641 11.46741816 -8.54990009
v 2.01473641 11.50041807 -8.07547
v 2.01473641 9.46108439 -5.99162329
v 2.01474905 8.34285742 -6.18913658
v 2.01473641 7.21088977 -11.41587998
v 2.0147481 8.14534476 -5.99162351
v 2.01473641 8.14533704 -5.48455296
v 2.01473641 7.20170635 -5.48455312
v 2.01473641 7.20170635 -5.48455312
v 2.01473641 8.14533704 -5.48455296
v 2.44833755 8.14529699 -5.48455296
v 2.01473641 11.50041765 -5.48455242
v 0.588642 0.68636508 4.31895553
v 1.00303447 0.08183875 5.74003507
v 1.00303447 0.71437522 4.24322474
v 2.01859426 10.58834134 -44.55215663
v 2.66622424 7.25134985 -43.45412327
v 2.07565022 4.86811436 -2.26088754
v 1.83379519 4.65719507 -2.81274958
v 1.83389664 4.75477313 -2.85529107
v 2.67028522 4.59437756 17.27257231
v 1.83551884 4.59437779 15.91943816
v 1.83501565 4.59437756 17.27257231
v 2.15979314 4.8191612 -1.62770109
v 2.15979314 4.35347102 -1.34363199
v 2.08683991 4.62235867 -2.15113922
v 2.07559729 4.13190774 -1.71646623
v 1.8239392 4.49171729 -2.62984608
v 1.34883535 3.69682926 -2.54271995
v 1.35133886 4.25968082 -3.33930208
v 1.83398056 4.88499927 -2.88337103
v 2.15979314 -0.17214753 1.13138792
v 2.15979314 -0.5178617 0.93093285
v 2.15979314 0.401824 -1.69002085
v 2.15979314 0.09040754 1.43266083
v 2.15979314 1.26611921 -1.26400319
v 2.01473641 9.46108431 -5.48455275
v 0.53611189 4.59465013 6.6837447
v 0.588642 4.59437934 6.40080527
v 1.36597443 4.59437958 4.91657904
v 1.89481091 4.59946657 4.35874299
v 1.00303447 4.59437838 12.2812889
v 2.44833755 6.02861398 -5.48455331
v 1.68598866 6.68975109 -5.4845532
v 0.48655984 5.96210331 -5.48455332
v 1.28040314 6.28785747 -5.48455327
v 2.25082469 5.83110088 -5.48455334
v 0.57968992 0.12364944 4.1322551
v 1.00303447 0.15383218 4.05065014
v 1.00303447 -0.42859321 5.6253547
v 1.68586302 12.28715986 -5.48455229
v 2.41650701 12.32810682 -5.48455228
v 2.55432796 12.12184232 -5.48455232
v 2.60272408 11.87853903 -5.48455236
v 2.01473641 11.50041765 -5.48455242
v 1.34864259 13.43578047 -5.4845521
v 1.49853146 13.15535825 -5.48455215
v 1.2435739 13.1834411 -5.48455214
v 1.55061984 12.98364633 -5.48455218
v 2.02944064 12.7608003 -5.48455221
v 1.2804209 12.68891138 -5.48455222
v 1.33862734 5.8311006 -3.76860428
v 1.00509048 5.83110064 -4.03707886
v 2.15979314 5.83110025 -1.62770093
v 2.15979314 5.83109959 2.43179679
v 2.07580376 5.83110036 -2.26092935
v 1.83422315 5.83110046 -2.88348532
v 2.25082469 5.83109787 13.01646232
v 1.83391345 -8.78175337 -6.88721228
v 2.07561326 -8.90915002 -6.49767258
v 2.15979314 -9.06287763 -6.0370851
v 1.96228015 -9.29034899 -5.98104628
v 1.83391345 3.94649754 -2.06850727
v 1.34033287 4.5216776 -3.60627792
v 1.36529958 -8.61352133 -7.39372108
v 0.48655984 13.01468315 -8.21782854
v 0.69369876 13.53999081 -8.21782845
v 0.85717696 13.38517609 -8.21782848
v 0.98388964 13.11621037 -8.21782852
v 1.00730991 12.8588461 -8.21782856
v 0.46920255 13.67349091 -8.21782843
v -0.48655984 13.01468315 -8.21782854
v 0.25561026 13.74967614 -8.21782842
v 1.27940631 12.68991695 -7.94570096
v 1.68586302 12.28716027 -7.9936532
v 1.27910078 12.65511369 -8.71034893
v 2.08327961 -5.29018627 -38.85439005
v 2.06198716 -5.28905204 -40.75969782
v 2.60959983 0.02449381 -40.75969696
v 2.11646724 -5.22382637 -38.31201638
v 2.11386847 -5.02593139 -37.85881887
v 2.1263206 10.33271209 -34.59822677
v 2.12179184 10.60038861 -35.60833568
v 2.12444925 10.53262042 -35.08497448
v -1.33862734 5.8311006 -3.76860428
v 1.00730991 12.8588461 -8.21782856
v 0.48655984 12.97957658 -8.75418356
v 0.48655984 13.01468315 -8.21782854
v 2.13071704 9.35100421 -32.74790039
v 2.12825561 9.2859149 -32.2285103
v 2.01524067 7.13586291 -12.21991709
v 1.35430706 0.74044979 3.97206843
v 1.00303447 0.71437522 4.24322474
v 1.00303447 0.15383218 4.05065014
v 2.15979314 4.79697998 2.43179662
v 2.15979314 4.59946685 2.62930945
v 2.15979314 3.23016015 -0.95589514
v 2.69983649 0.63270259 -32.17788305
v 2.73970413 3.9063311 -32.40290387
v 2.0195632 9.5441516 -19.35184705
v 2.0159471 9.58940239 -18.70936238
v 2.1793611 -1.77507869 -31.98388701
v 2.09268188 10.59453675 -40.75969523
v 2.44833755 6.02861098 12.9559603
v 2.44833755 8.14529413 12.04403819
v 2.44833755 7.89354695 12.38469825
v 2.01673865 6.97046727 -12.77999097
v 1.54860234 12.99029718 -5.03773668
v 2.15979314 4.59946668 3.66312603
v 1.89481091 4.59946685 2.62930945
v 1.68588102 12.25203846 -8.6558713
v -0.25561026 13.74967614 -8.21782842
v 2.93205762 5.56266942 34.25345702
v 2.93205762 4.85773445 33.63763125
v 1.55061984 12.98364633 -5.48455218
v 2.15979314 -10.26957581 -1.59725416
v 2.07544899 -10.25841409 -1.10309685
v 2.07526207 -10.60498598 -1.2968573
v 1.89481091 5.83109787 13.01646232
v 1.89481091 5.83109959 2.43179679
v 1.89481091 4.8461139 13.3205231
v 1.89481091 4.59437815 13.66118315
v 1.89481091 4.59946657 4.35874299
v 2.07561326 -8.90915002 -6.49767258
v 2.07543755 -7.49247536 -6.75306395
v 1.89481091 4.8461139 13.3205231
v 1.89481091 5.83109787 13.01646232
v 2.25082469 5.83109787 13.01646232
v 2.67028522 4.8461139 13.3205231
v 1.89481091 4.59946657 4.35874299
v 2.07512808 4.59946661 4.08891991
v 2.15979314 1.40777207 2.86763023
v 2.15979314 1.04241256 2.7007529
v 2.15979314 2.1697735 -1.00619579
v -1.49853146 13.15535825 -5.48455215
v 0.588642 0.32932397 5.14711576
v 0.588642 4.59437952 5.24024895
v 1.00546896 4.59437954 5.15733698
v -2.11646724 -5.22382637 -38.31201638
v -2.08327961 -5.29018627 -38.85439005
v 2.15979314 -8.44337433 -1.84086365
v 2.15979314 -7.60950606 -6.29916887
v 2.15979314 -7.07537453 -6.29806395
v 2.15979314 -9.7452638 -1.57919983
v 2.15979314 -8.96389933 -1.71333769
v 2.15979314 -0.60133498 -2.26402507
v 2.15979314 0.76886513 2.40663136
v 2.67028522 4.59437815 13.66118315
v 2.15979314 -10.46440001 -1.70612661
v -2.12444925 10.53262042 -35.08497448
v -2.01473641 11.36893992 -9.06752878
v -2.13071704 9.35100421 -32.74790039
v 2.44833755 6.02861098 12.9559603
v 2.44833755 7.89354695 12.38469825
v 2.67028522 7.89354695 12.38469825
v 1.35372198 0.23614353 3.81812123
v 1.83551884 4.33101464 17.5359218
v 1.83551884 4.59437779 15.91943816
v 1.83501565 4.59437756 17.27257231
v -2.15979314 -10.46440001 -1.70612661
v -2.15979314 -10.26957581 -1.59725416
v -0.69369876 13.53999081 -8.21782845
v -0.85717696 13.38517609 -8.21782848
v -1.00730991 12.8588461 -8.21782856
v -0.98388964 13.11621037 -8.21782852
v -0.46920255 13.67349091 -8.21782843
v -0.48655984 13.01468315 -8.21782854
v -1.83379519 4.65719507 -2.81274958
v -1.8239392 4.49171729 -2.62984608
v -2.07565022 4.86811436 -2.26088754
v -1.83391345 -8.78175337 -6.88721228
v -1.23081613 -8.86698033 -7.21816446
v -2.25082469 5.83109787 13.01646232
v -1.89481091 4.8461139 13.3205231
v -2.67028522 4.8461139 13.3205231
v -1.36597443 4.59437958 4.91657904
v -1.89481091 5.83109787 13.01646232
v -2.67028522 4.59437756 17.27257231
v -2.67028522 4.59437815 13.66118315
v -2.07561326 -8.90915002 -6.49767258
v -1.27940631 12.68991695 -7.94570096
v -2.15979314 -9.06287763 -6.0370851
v -2.15979314 0.76886513 2.40663136
v -2.15979314 1.26611921 -1.26400319
v -2.15979314 0.09040754 1.43266083
v -1.83391345 3.94649754 -2.06850727
v -1.34883535 3.69682926 -2.54271995
v -2.15979314 0.401824 -1.69002085
v -2.15979314 -0.17214753 1.13138792
v -1.35133886 4.25968082 -3.33930208
v -1.34033287 4.5216776 -3.60627792
v -1.00303447 4.59437838 12.2812889
v -1.36529958 -8.61352133 -7.39372108
v -2.07561326 -8.90915002 -6.49767258
v -1.89481091 4.59437815 13.66118315
v -1.89481091 4.8461139 13.3205231
v -1.89481091 4.59946657 4.35874299
v -2.15979314 -0.60133498 -2.26402507
v -2.15979314 -0.5178617 0.93093285
v -2.15979314 -8.44337433 -1.84086365
v -2.15979314 -9.7452638 -1.57919983
v -2.15979314 -10.00960611 -1.5247434
v -2.15979314 -7.07537453 -6.29806395
v -1.83551884 4.59437779 15.91943816
v -1.89481091 5.83109959 2.43179679
v -2.07544899 -10.25841409 -1.10309685
v -1.00303447 1.9736389 13.09894785
v -1.00303447 1.36955573 13.0341637
v -0.50462079 1.9608425 13.09757551
v -2.09268188 10.59453675 -40.75969523
v -2.24543929 9.77920781 -44.55453713
v -2.66622424 7.25135752 -40.75969578
v -1.00303447 1.96552607 12.62079366
v -0.50462079 1.96084258 12.62029203
v -1.00303447 1.46291099 12.56686997
v -2.01473641 9.26357275 -6.18913643
v -2.01473641 11.46741816 -8.54990009
v -2.01473641 11.50041807 -8.07547
v -2.01473641 9.46108439 -5.99162329
v -2.01474905 8.34285742 -6.18913658
v -2.01473641 8.14533704 -5.48455296
v -2.0147481 8.14534476 -5.99162351
v -2.01473641 7.20170635 -5.48455312
v -2.01473641 8.14533704 -5.48455296
v -2.01473641 7.20170635 -5.48455312
v -2.44833755 8.14529699 -5.48455296
v -2.01473641 11.50041765 -5.48455242
v -1.00303447 0.71437522 4.24322474
v -2.01859426 10.58834134 -44.55215663
v -2.66622424 7.25134985 -43.45412327
v -1.83389664 4.75477313 -2.85529107
v -1.83590782 4.59437756 17.27257231
v -1.83398056 4.88499927 -2.88337103
v -2.01473641 9.46108431 -5.48455275
v -0.53611189 4.59465013 6.6837447
v -1.89481091 4.59946657 4.35874299
v -0.53611189 4.5943789 9.09697894
v -1.68598866 6.68975109 -5.4845532
v -2.44833755 6.02861398 -5.48455331
v -1.28040314 6.28785747 -5.48455327
v -0.48655984 5.96210331 -5.48455332
v -2.25082469 5.83110088 -5.48455334
v -1.00303447 0.15383218 4.05065014
v -0.57968992 0.12364944 4.1322551
v -1.00303447 -0.42859321 5.6253547
v -2.06198716 -5.28905204 -40.75969782
v -2.93205762 5.56266942 34.25345702
v -2.93205762 4.85773445 33.63763125
v -2.60272408 11.87853903 -5.48455236
v -1.34864259 13.43578047 -5.4845521
v 2.93205762 5.00634926 13.54680524
v -2.93205762 4.85773489 30.87952884
v 2.60272408 9.46102443 34.25345766
v 2.60272408 9.84626873 5.38174217
v 2.60272408 11.87853255 34.25345805
v 2.60272408 10.55504787 30.00302105
v 2.60272408 11.26383503 5.38174241
v 2.60272408 10.20842255 29.94881987
v 2.60272408 9.93680564 29.78621263
v 2.60272408 9.84626479 29.57870453
v 2.60272408 9.93680968 4.99537391
v 2.60272408 10.20842666 4.69261145
v 2.60272408 11.17329516 4.99537412
v 2.60272408 10.90167637 4.69261156
v 2.60272408 11.17329112 29.78621283
v 2.60272408 11.26383109 29.57870476
v 2.60272408 10.90167225 29.94881998
v 2.02824569 5.50792253 3.67744798
v 2.02824569 5.37385545 3.76702897
v 2.02824569 5.21571152 3.38523735
v 2.02824569 4.92350099 3.09302649
v 2.02824569 5.05756901 3.00344526
v 2.02824569 5.21571159 2.97198881
v 2.02824569 5.59750404 3.54338046
v 2.02824569 5.37385558 3.00344531
v 2.02824569 5.50792262 3.09302658
v 2.02824569 5.62896053 3.38523742
v 2.02824569 5.59750409 3.22709413
v -2.6618042 6.58869168 11.89202988
v -2.6618042 6.84552616 12.06364171
v -2.6618042 7.14848238 11.33223936
v -2.6618042 7.14848225 12.12390349
v -2.6618042 6.41708089 11.63519678
v -2.4890852 10.55503757 93.24539357
v -2.87710452 10.55503752 93.50445729
v -2.36726046 11.32420642 93.24539369
v -2.65809798 11.65605834 93.50445747
v -0 15.19324916 -2.53661194
v -0.03856679 15.19324916 -2.54428306
v -0.07126214 15.19324917 -2.56612959
v -0.09310846 15.19324917 -2.59882489
v -0.10077988 15.19324918 -2.63739195
v -0.09310846 15.19324918 -2.67595854
v -0.07126214 15.19324919 -2.70865384
v -0.03856679 15.19324919 -2.73050013
v -0 15.19324919 -2.73817149
v 0.03856679 15.19324919 -2.73050013
v 0.07126214 15.19324919 -2.70865384
v 0.09310846 15.19324918 -2.67595854
v -2.6618042 6.35681874 11.33223923
v -2.6618042 7.45143885 12.06364181
v -2.6618042 6.41708099 11.02928266
v -2.6618042 6.58869186 10.77244866
v -2.6618042 7.70827338 11.89203006
v -2.6618042 6.8455264 10.60083787
v -2.6618042 7.14848251 10.54057619
v -2.6618042 7.87988425 11.63519702
v -2.6618042 7.45143908 10.60083797
v -2.6618042 7.70827356 10.77244884
v -2.6618042 7.94014603 11.33223949
v -2.6618042 7.87988435 11.0292829
v 2.6618042 6.84552616 12.06364171
v 2.6618042 6.58869168 11.89202988
v 2.6618042 7.14848225 12.12390349
v 2.6618042 6.41708089 11.63519678
v 2.6618042 6.35681874 11.33223923
v 2.6618042 7.45143885 12.06364181
v 2.6618042 6.41708099 11.02928266
v 2.6618042 6.58869186 10.77244866
v 2.6618042 7.70827338 11.89203006
v 2.6618042 6.8455264 10.60083787
v 2.6618042 7.14848251 10.54057619
v 2.6618042 7.87988425 11.63519702
v 2.6618042 7.45143908 10.60083797
v 2.6618042 7.70827356 10.77244884
v -3.18329144 6.61349538 32.02029145
v -3.18329144 6.31053831 32.08055218
v -3.18329144 6.61349525 32.81195558
v -3.18329144 6.05370378 32.25216773
v -3.18329144 6.91645123 33.54335898
v -3.18329144 7.17328529 33.37174723
v -3.18329144 5.88209338 32.50899983
v -3.18329144 7.34489664 33.11491132
v -3.18329144 6.91645147 32.08055227
v -3.18329144 5.82183065 32.81195545
v -3.18329144 7.17328547 32.25216792
v -3.18329144 7.40515794 32.8119557
v -3.18329144 7.34489674 32.50900007
v 3.18329144 6.31053807 33.54335888
v 3.18329144 6.05370359 33.37174705
v 3.18329144 6.61349525 32.81195558
v 3.18329144 6.61349512 33.6036197
v 3.18329144 5.88209328 33.11491108
v 3.18329144 5.82183065 32.81195545
v 3.18329144 6.91645123 33.54335898
v 3.18329144 5.88209338 32.50899983
v 3.18329144 6.05370378 32.25216773
v 3.18329144 7.17328529 33.37174723
v 3.18329144 6.31053831 32.08055218
v -2.02824569 4.80246346 3.38523728
v -2.02824569 4.8339199 3.54338033
v -2.02824569 5.21571152 3.38523735
v 3.18329144 6.61349538 32.02029145
v -2.02824569 5.21571145 3.79848589
v -2.02824569 5.37385545 3.76702897
v 3.18329144 7.34489664 33.11491132
v 3.18329144 6.91645147 32.08055227
v 3.18329144 7.17328547 32.25216792
v -2.02824569 5.59750404 3.54338046
v -2.02824569 5.62896053 3.38523742
v -2.02824569 5.59750409 3.22709413
v -2.02824569 5.50792262 3.09302658
v -2.02824569 4.83391995 3.22709401
v -2.02824569 4.92350099 3.09302649
v 2.02824569 5.05756889 3.76702892
v 2.02824569 4.92350089 3.67744788
v 2.02824569 5.21571145 3.79848589
v 3.18329144 7.40515794 32.8119557
v 3.18329144 7.34489674 32.50900007
v -2.02824569 4.92350015 8.22271809
v -2.02824569 5.05756815 8.31229865
v -2.02824569 5.21571078 7.93050756
v -2.02824569 5.21571071 8.34375562
v -2.02824569 4.83391916 8.08864958
v -2.02824569 5.50792253 3.67744798
v -2.02824569 4.80246272 7.93050749
v -2.02824569 5.37385471 8.3122987
v -2.02824569 4.83391921 7.7723635
v -2.02824569 4.92350025 7.63829598
v -2.02824569 5.50792179 8.22271818
v -2.02824569 5.05756827 7.54871498
v -2.02824569 5.21571085 7.51725854
v -2.02824569 5.5975033 8.08864971
v -2.02824569 5.37385484 7.54871504
v -2.02824569 5.50792188 7.63829607
v -2.02824569 5.62895979 7.93050762
v 1.09018123 8.58544124 89.96683642
v 1.0887785 9.05646289 89.9668365
v 0.48786512 9.05382026 89.96769099
v 1.0887785 9.05646346 86.48948817
v 0.48795074 9.05328104 86.48948817
v 0.92813742 9.27756712 86.48948821
v 0.22863416 8.00272677 86.489488
v 0.92813742 11.8325106 89.96683695
v 0.92813742 11.83251116 86.48948862
v 0.92813742 9.27756656 89.96683653
v 0.98932183 7.62051208 90.28296786
v 1.04023457 7.29906185 90.2829678
v 0.84156746 7.91049678 90.2829679
v 0.61143452 8.14062936 90.28296794
v 0.32145014 8.28838403 90.28296796
v 1.09018123 8.5854418 86.48948809
v 0.40689892 8.55136836 89.96683642
v 0.77396774 8.36433757 89.96683638
v 0.32145014 6.30974062 90.28296764
v 0.61143452 6.45749481 90.28296767
v 0.84156746 6.68762787 90.2829677
v 0.98932183 6.97761209 90.28296775
v -2.02824569 5.59750335 7.77236362
v 2.02824569 5.05756815 8.31229865
v 2.02824569 4.92350015 8.22271809
v 2.02824569 5.21571078 7.93050756
v 2.02824569 5.21571071 8.34375562
v 2.02824569 4.83391916 8.08864958
v 2.02824569 4.80246272 7.93050749
v 2.02824569 5.37385471 8.3122987
v 2.02824569 4.83391921 7.7723635
v -3.18329144 6.61349512 33.6036197
v -3.18329144 5.88209328 33.11491108
v 2.02824569 4.92350025 7.63829598
v 2.02824569 5.50792179 8.22271818
v -3.18329144 6.05370359 33.37174705
v 2.02824569 5.05756827 7.54871498
v 2.02824569 5.21571085 7.51725854
v 2.02824569 5.5975033 8.08864971
v 2.02824569 5.37385484 7.54871504
v 2.02824569 5.50792188 7.63829607
v 2.02824569 5.62895979 7.93050762
v 2.02824569 5.59750335 7.77236362
v -3.18329144 6.31053807 33.54335888
v -2.69622254 10.26284376 -3.8430593
v -2.69622254 10.39691033 -3.75347826
v -2.69622254 10.55505343 -4.13526983
v -2.69622254 10.55505336 -3.72202129
v -2.69622254 10.17326229 -3.97712685
v -2.69622254 10.14180537 -4.1352699
v -2.69622254 10.71319737 -3.75347821
v -2.69622254 10.17326234 -4.29341341
v -2.69622254 10.26284385 -4.42748093
v -2.69622254 10.84726396 -3.8430592
v -2.69622254 10.39691045 -4.51706192
v -2.69622254 10.5550535 -4.54851837
v -2.69622254 10.93684452 -3.97712672
v -2.69622254 10.71319749 -4.51706187
v -2.69622254 10.84726406 -4.42748084
v -2.69622254 10.96830149 -4.13526976
v -2.69622254 10.93684457 -4.29341329
v -2.02824569 5.05756901 3.00344526
v 2.69622254 10.39691033 -3.75347826
v 2.69622254 10.26284376 -3.8430593
v 2.69622254 10.55505343 -4.13526983
v 2.69622254 10.55505336 -3.72202129
v 2.02824569 4.8339199 3.54338033
v 2.02824569 4.80246346 3.38523728
v -2.02824569 5.21571159 2.97198881
v -2.02824569 5.37385558 3.00344531
v 2.02824569 4.83391995 3.22709401
v 2.69622254 10.17326229 -3.97712685
v 2.69622254 10.14180537 -4.1352699
v 2.69622254 10.71319737 -3.75347821
v 2.69622254 10.17326234 -4.29341341
v 2.69622254 10.26284385 -4.42748093
v 2.69622254 10.84726396 -3.8430592
v 2.69622254 10.39691045 -4.51706192
v 2.69622254 10.5550535 -4.54851837
v 2.69622254 10.93684452 -3.97712672
v 2.69622254 10.71319749 -4.51706187
v 2.69622254 10.84726406 -4.42748084
v 2.69622254 10.96830149 -4.13526976
v 2.69622254 10.93684457 -4.29341329
v -2.02824569 4.92350089 3.67744788
v -2.02824569 5.05756889 3.76702892
v -0.92813742 9.27756712 86.48948821
v 1.24864137 11.07225103 31.06847562
v 1.3515197 10.5550477 31.06847554
v 0.95566869 11.51071614 31.06847569
v 0.51720423 11.80368966 31.06847574
v -0 11.90656823 31.06847576
v -0.51720423 11.80368966 31.06847574
v -0.95566869 11.51071614 31.06847569
v -1.24864137 11.07225103 31.06847562
v -1.3515197 10.5550477 31.06847554
v -1.24864137 10.03784436 31.06847545
v 1.24864137 10.03784449 30.2850568
v 1.3515197 10.55504782 30.28505688
v 2.02633262 12.02854903 30.28505712
v 1.24864137 11.07225115 30.28505696
v 0.95566869 11.51071627 30.28505704
v -1.4337939 12.62108691 30.28505722
v 1.4337939 12.62108691 30.28505722
v -0 11.90656836 30.2850571
v -0.95566869 11.51071627 30.28505704
v -1.24864137 11.07225115 30.28505696
v -2.02325797 12.02854903 30.28505712
v -1.3515197 10.55504782 30.28505688
v -1.24864137 10.03784449 30.2850568
v -0.95566869 9.59937842 30.28505672
v -0.51720423 9.30640681 30.28504905
v 0.51720423 9.30640681 30.28504905
v 0.95566869 9.59937842 30.28505672
v 0.51720423 11.80368979 30.28505708
v -0.51720423 11.80368979 30.28505708
v 0.47043911 3.80064679 87.75069489
v 0.47043911 4.16700838 87.91336127
v 0.47043911 4.07839244 88.18608923
v -0.47043911 4.91777609 87.9133614
v -0.47043911 5.92908438 87.29579259
v -0.47043911 4.66205987 87.29579239
v -0.47043911 4.68577624 87.74480515
v 0.47043911 3.80064665 88.6214911
v 0.47043911 3.67449563 88.18608916
v 0.47043911 4.17909985 88.96266242
v 0.47043911 4.16700829 88.45882484
v 0.47043911 4.66205958 89.07638626
v 0.47043911 4.39900814 88.62738872
v 0.47043911 4.917776 88.45882496
v 0.47043911 5.92908409 89.07638646
v 0.47043911 5.92908438 87.29579259
v 0.47043911 5.00639242 88.18608938
v 0.47043911 4.66205987 87.29579239
v 0.47043911 4.91777609 87.9133614
v 0.47043911 4.39900828 87.7448051
v 0.47043911 4.1791001 87.40953132
v -0.47043911 5.00639242 88.18608938
v -0.47043911 5.92908409 89.07638646
v -0.47043911 4.66205958 89.07638626
v -0.47043911 4.917776 88.45882496
v -0.47043911 4.39900814 88.62738872
v -0.47043911 4.17909985 88.96266242
v -0.47043911 4.16700829 88.45882484
v -0.47043911 3.80064665 88.6214911
v -0.47043911 4.07839244 88.18608923
v -0.47043911 3.80064679 87.75069489
v -0.47043911 3.67449563 88.18608916
v -0.47043911 4.1791001 87.40953132
v -0.47043911 4.16700838 87.91336127
v -0.47043911 4.39900828 87.7448051
v 0.47043911 4.6857761 88.62738876
v 0.47043911 4.68577624 87.74480515
v -0.47043911 4.6857761 88.62738876
v 0.47043911 -8.02372913 -36.34404885
v 0.47043911 -7.62436799 -36.3785451
v 0.47043911 -7.57025274 -36.09692888
v -0.47043911 -6.96695397 -36.74112052
v -0.47043911 -6.37964062 -37.77029141
v -0.47043911 -7.48911729 -37.15839889
v -0.47043911 -7.25150844 -36.77667354
v 0.47043911 -7.60319559 -35.58154039
v 0.47043911 -7.92392766 -35.90187583
v 0.47043911 -7.10703367 -35.46555444
v 0.47043911 -7.36094319 -35.90090681
v 0.47043911 -6.6292042 -35.59921373
v 0.47043911 -7.07638824 -35.86534615
v 0.47043911 -6.70353013 -36.26347842
v 0.47043911 -5.51972753 -36.21110243
v 0.47043911 -6.37964062 -37.77029141
v 0.47043911 -6.7576449 -36.54509082
v 0.47043911 -7.48911729 -37.15839889
v 0.47043911 -6.96695397 -36.74112052
v 0.47043911 -7.50261854 -36.63818482
v 0.47043911 -7.85710212 -36.82557425
v -0.47043911 -6.7576449 -36.54509082
v -0.47043911 -5.51972753 -36.21110243
v -0.47043911 -6.6292042 -35.59921373
v -0.47043911 -6.70353013 -36.26347842
v -0.47043911 -7.07638824 -35.86534615
v -0.47043911 -7.10703367 -35.46555444
v -0.47043911 -7.36094319 -35.90090681
v -0.47043911 -7.60319559 -35.58154039
v -0.47043911 -7.57025274 -36.09692888
v -0.47043911 -8.02372913 -36.34404885
v -0.47043911 -7.92392766 -35.90187583
v -0.47043911 -7.85710212 -36.82557425
v -0.47043911 -7.62436799 -36.3785451
v -0.47043911 -7.50261854 -36.63818482
v 0.47043911 -6.82527909 -36.0038387
v 0.47043911 -7.25150844 -36.77667354
v -0.47043911 -6.82527909 -36.0038387
v 1.49853146 13.15535818 -5.03773666
v 1.54860234 12.99029718 -5.03773668
v 0.887124 15.76129365 -1.47422426
v 0.62331235 15.76129365 -1.47422426
v 0.55747473 15.69545483 -1.40868432
v -0.55747473 15.69545483 -1.40868432
v -0.62331235 15.76129365 -1.47422426
v -0.887124 15.76129365 -1.47422426
v -0.22942552 16.71080082 -3.97994508
v -0.07368833 16.4764716 -3.97994512
v -0.11377171 16.7513625 -3.97994508
v -0 16.48814457 -3.97994512
v 0.07368833 16.4764716 -3.97994512
v 0.11377171 16.7513625 -3.97994508
v 0.14016354 16.4426009 -3.97994513
v 0.22942552 16.71080082 -3.97994508
v 0.19291855 16.38984554 -3.97994514
v 0.33759153 16.64100521 -3.97994509
v 0.22678936 16.32337063 -3.97994515
v 0.42858455 16.54536503 -3.97994511
v 0.23846045 16.24968212 -3.97994516
v 0.4949916 16.4316737 -3.97994513
v 0.22678936 16.17599552 -3.97994517
v 0.53358102 16.31011646 -3.97994515
v 1.50204813 14.82495676 -5.03773638
v -1.50204813 14.82495603 -0.54212013
v 2.19005418 14.21269862 -3.92699725
v 2.19005418 14.24060597 -3.78669984
v 2.19005418 13.87399163 -3.7866999
v 2.19005418 14.13322705 -4.04593619
v 2.19005418 14.01428862 -4.12540827
v 2.19005418 13.87399169 -4.15331471
v 2.19005418 13.73369379 -4.12540832
v 2.19005418 13.61475534 -4.04593627
v 2.19005418 13.53528277 -3.92699736
v 2.19005418 13.50737538 -3.78669996
v 2.19005418 13.53528273 -3.6464023
v 2.19005418 13.61475525 -3.52746384
v 2.19005418 13.73369368 -3.44799176
v 2.19005418 13.87399157 -3.42008484
v 2.19005418 14.01428851 -3.44799171
v 2.19005418 14.13322697 -3.52746376
v 2.19005418 14.21269858 -3.64640219
v -2.10217404 14.33333932 -3.59643178
v -2.10217404 14.37118592 -3.78669981
v -2.10205936 13.87399163 -3.7866999
v -2.10217404 14.22556075 -3.43512995
v -2.10217404 14.06425912 -3.32735166
v -2.10217404 13.87399155 -3.28950513
v -2.10217404 13.68372208 -3.32735172
v -2.10217404 13.52242144 -3.43513006
v -2.10217404 13.41464292 -3.59643193
v -2.10217404 13.37679639 -3.78669998
v -2.10217404 13.41464298 -3.97696825
v -2.10217404 13.52242156 -4.13826961
v -2.10217404 13.68372223 -4.24604813
v -2.10217404 13.87399171 -4.28389419
v -2.10217404 14.06425927 -4.24604807
v -2.10217404 14.22556086 -4.13826949
v -2.10217404 14.33333939 -3.9769681
v 0.54557562 16.19053524 -3.97994517
v -0 16.76396816 -3.97994507
v 0.19291855 16.1095187 -3.97994518
v -0 16.7639681 -3.61669124
v 0.43834239 5.16894219 10.41072262
v 0.43834239 5.16894158 14.15828121
v -0.43834239 2.44425123 12.12782614
v -0.43834239 2.24813141 12.3487562
v 0.43834239 2.44425123 12.12782614
v 0.18621692 15.16103055 -4.48758164
v 0.17204203 15.16103054 -4.41631881
v 0.13167526 15.16103053 -4.3559064
v 0.07126214 15.16103052 -4.31553927
v -0 15.16103052 -4.30136434
v -0.07126214 15.16103052 -4.31553927
v -0.13167526 15.16103053 -4.3559064
v -0.17204203 15.16103054 -4.41631881
v -0.18621692 15.16103055 -4.48758164
v -0.17204203 15.16103056 -4.55884353
v -0.13167526 15.16103057 -4.61925689
v -0.07126214 15.16103057 -4.65962306
v -0 15.16103058 -4.673798
v -2.66693497 8.03421119 46.66431176
v -2.66693497 8.24890239 46.41431943
v -3.06731796 8.14836702 46.24323405
v -3.06443191 7.84642224 46.55934271
v -3.17403054 6.31295263 34.44822033
v -3.17403054 10.30441009 34.44822098
v -3.10458708 5.65388404 34.44821259
v -2.88117099 4.98391067 34.44821248
v -2.66956306 5.0257046 60.15062796
v -2.87156463 5.71053038 60.82668779
v -2.49670291 4.35730993 34.44820857
v -1.96989226 3.83018958 34.44821229
v -1.8277005 3.84659521 59.00434557
v -2.31611061 4.3852814 59.52463603
v -1.34365797 3.44549381 34.44821223
v -1.24416411 3.45350765 58.62980708
v -0.67407233 3.22194492 34.44821982
v -0 3.15245997 34.44821981
v -0.0018249 3.15412238 58.34905676
v -0.61838841 3.22510793 58.41508536
v -2.87156463 5.71053038 60.82668779
v -2.67280006 5.73219543 61.12399767
v -2.66956306 5.0257046 60.15062796
v -2.47730589 5.0684592 60.46026312
v -2.31611061 4.3852814 59.52463603
v -2.13733459 4.4515641 59.84336544
v -1.8277005 3.84659521 59.00434557
v -1.67278111 3.93845092 59.33025424
v -1.24416411 3.45350765 58.62980708
v -0.61838841 3.22510793 58.41508536
v -1.12740815 3.57055133 58.96235715
v -0.0018249 3.15412238 58.34905676
v -1.34365797 3.44549381 34.44821223
v -1.96989226 3.83018958 34.44821229
v -2.49670291 4.35730993 34.44820857
v -2.88117099 4.98391067 34.44821248
v -3.10458708 5.65388404 34.44821259
v -2.66693497 9.03518107 46.66625361
v -2.66693497 9.11720941 46.98951488
v -3.06074452 9.32757089 46.96323547
v -3.06442904 9.22588544 46.55965192
v -2.66693497 7.95564554 46.98951469
v -3.06074452 7.74528406 46.96323521
v -2.73203921 11.0083537 61.54378307
v -2.73042727 10.83174081 61.72038446
v -1.66918004 10.83174081 61.72038446
v -1.64120734 11.0083537 61.54377544
v -2.66693497 8.82395274 46.41431952
v -3.06731796 8.92448816 46.24323418
v -2.66693497 8.50835427 46.33701463
v -2.73409677 11.06722214 61.31841077
v -2.73203921 11.0083537 61.54378307
v -2.72989011 10.60635895 61.77925283
v -1.70487678 10.60635895 61.77925283
v -2.47634411 8.83950085 61.77925254
v -2.7298913 9.16315407 61.77925259
v -2.97616673 11.00835811 34.48618496
v -2.97410941 11.06722648 34.71155728
v 1.12740815 3.57055133 58.96235715
v 1.67278111 3.93845092 59.33025424
v -2.97410941 11.06722648 34.71155728
v -3.17140555 10.79750258 34.73573861
v -3.16889334 10.8697138 35.01092706
v -2.41716599 8.50835175 61.77925248
v 2.13733459 4.4515641 59.84336544
v 2.67280006 5.73219543 61.12399767
v 2.47730589 5.0684592 60.46026312
v -3.17337441 10.58086787 34.52010136
v -2.97777963 10.83174528 34.30958352
v -1.62916434 10.02569527 61.77925273
v -2.38496423 9.78012481 34.25345771
v -2.40063143 11.06722648 34.7115611
v -2.97410941 11.06722648 34.71155728
v -2.73409677 11.06722214 61.31841077
v -1.63188326 11.06722214 61.31840314
v -2.73042727 10.83174081 61.72038446
v -2.72989011 10.60635895 61.77925283
v -2.92920971 9.29084919 61.58175429
v -3.06827211 8.5083543 46.13872285
v -0.52934754 8.925878 61.77925255
v -0 8.84203763 61.77925254
v -0 8.04734721 34.25345743
v -0.77492183 8.17008319 34.25345745
v -1.47398901 8.52627578 34.2534575
v -1.00687885 9.16919274 61.77925259
v -2.02877164 9.08105864 34.2534576
v -1.38584995 9.54816384 61.77925265
v -2.47634411 8.23334832 61.77925244
v -0.67407233 3.22194492 34.44821982
v -0 3.15245997 34.44821981
v -0 3.34907927 34.25345666
v -1.47398901 8.52627578 34.2534575
v -0 8.04734721 34.25345743
v -2.02877164 9.08105864 34.2534576
v 2.47634411 8.23334832 61.77925244
v 2.72989225 7.90864606 61.77925239
v 2.66693497 7.95564554 46.98951469
v 2.92920971 7.78147839 61.58175404
v 3.06074452 7.74528406 46.96323521
v 3.06731796 8.14836702 46.24323405
v 2.66693497 8.24890239 46.41431943
v 2.66693497 8.03421119 46.66431176
v 3.06443191 7.84642224 46.55934271
v 3.17403054 10.30441009 34.44822098
v 3.17403054 6.31295263 34.44822033
v 2.66956306 5.0257046 60.15062796
v 2.88117099 4.98391067 34.44821248
v 3.10458708 5.65388404 34.44821259
v 2.87156463 5.71053038 60.82668779
v 1.8277005 3.84659521 59.00434557
v 1.96989226 3.83018958 34.44821229
v 2.49670291 4.35730993 34.44820857
v 2.31611061 4.3852814 59.52463603
v 1.24416411 3.45350765 58.62980708
v 1.34365797 3.44549381 34.44821223
v 0.67407233 3.22194492 34.44821982
v 0.61838841 3.22510793 58.41508536
v 2.87156463 5.71053038 60.82668779
v 2.66956306 5.0257046 60.15062796
v 2.31611061 4.3852814 59.52463603
v 1.8277005 3.84659521 59.00434557
v 0.61838841 3.22510793 58.41508536
v 1.24416411 3.45350765 58.62980708
v 1.96989226 3.83018958 34.44821229
v 1.34365797 3.44549381 34.44821223
v 2.49670291 4.35730993 34.44820857
v 2.88117099 4.98391067 34.44821248
v 3.10458708 5.65388404 34.44821259
v 3.06074452 9.32757089 46.96323547
v 2.66693497 9.11720941 46.98951488
v 2.66693497 9.03518107 46.66625361
v 3.06442904 9.22588544 46.55965192
v 1.66918004 10.83174081 61.72038446
v 2.73042727 10.83174081 61.72038446
v 2.73203921 11.0083537 61.54378307
v 1.64120734 11.0083537 61.54377544
v 2.66693497 8.82395274 46.41431952
v 3.06731796 8.92448816 46.24323418
v 2.66693497 8.50835427 46.33701463
v 2.73409677 11.06722214 61.31841077
v 2.73203921 11.0083537 61.54378307
v 1.70487678 10.60635895 61.77925283
v 2.72989011 10.60635895 61.77925283
v 2.7298913 9.16315407 61.77925259
v 2.47634411 8.83950085 61.77925254
v 2.97410941 11.06722648 34.71155728
v 2.97616673 11.00835811 34.48618496
v 2.97410941 11.06722648 34.71155728
v 3.16889334 10.8697138 35.01092706
v 3.17140555 10.79750258 34.73573861
v 2.41716599 8.50835175 61.77925248
v 3.17337441 10.58086787 34.52010136
v 2.97777963 10.83174528 34.30958352
v 2.38496423 9.78012481 34.25345771
v 1.62916434 10.02569527 61.77925273
v 2.73409677 11.06722214 61.31841077
v 2.97410941 11.06722648 34.71155728
v 2.40063143 11.06722648 34.7115611
v 1.63188326 11.06722214 61.31840314
v -2.72989225 7.90864606 61.77925239
v 2.73042727 10.83174081 61.72038446
v 2.72989011 10.60635895 61.77925283
v 2.92920971 9.29084919 61.58175429
v 3.06827211 8.5083543 46.13872285
v 0.52934754 8.925878 61.77925255
v 0.77492183 8.17008319 34.25345745
v 1.00687885 9.16919274 61.77925259
v 1.47398901 8.52627578 34.2534575
v 1.38584995 9.54816384 61.77925265
v 2.02877164 9.08105864 34.2534576
v 0.67407233 3.22194492 34.44821982
v 1.47398901 8.52627578 34.2534575
v 2.02877164 9.08105864 34.2534576
v -2.92920971 7.78147839 61.58175404
v 0.10077988 15.05593274 -4.24427741
v 0.09310846 15.11281083 -4.26279775
v -0 15.11281083 -4.2442774
v -0 15.05593273 -4.22423117
v -0.09310846 15.11281083 -4.26279775
v -0.10077988 15.05593274 -4.24427741
v -0.17204203 15.11281084 -4.31553928
v -0.18621692 15.05593275 -4.30136435
v -0.22478373 15.11281085 -4.394473
v -0.24330415 15.05593276 -4.38680117
v -0.24330415 15.11281087 -4.48758165
v -0.26335052 15.05593278 -4.48758166
v -0.22478373 15.11281088 -4.58068983
v -0.24330415 15.05593279 -4.58836119
v -0.17204203 15.11281089 -4.65962307
v -0.18621692 15.05593281 -4.67379802
v -0.09310846 15.1128109 -4.71236507
v -0.10077988 15.05593282 -4.73088591
v -0 15.11281091 -4.7308859
v -0 15.05593282 -4.75093215
v 0.09310846 15.1128109 -4.71236507
v 0.10077988 15.05593282 -4.73088591
v 0.17204203 15.11281089 -4.65962307
v 0.18621692 15.05593281 -4.67379802
v 0.22478373 15.11281088 -4.58068983
v 0.24330415 15.05593279 -4.58836119
v 0.24330415 15.11281087 -4.48758165
v 0.26335052 15.05593278 -4.48758166
v 1.44030738 17.20646537 89.95714086
v 1.18344283 17.01984275 89.95714083
v 1.39122045 16.61205734 89.95714077
v 1.69318283 16.71016944 89.95714078
v 1.44030738 17.20646594 86.4717359
v 1.44030738 17.20646537 89.95714086
v 1.69318283 16.71016944 89.95714078
v 1.69318283 16.71017001 86.47173582
v 1.18344283 17.01984332 86.47173587
v 1.44030738 17.20646594 86.4717359
v 1.69318283 16.71017001 86.47173582
v 1.39122045 16.6120579 86.4717358
v 1.39122045 16.61205734 89.95714077
v 1.39122045 16.6120579 86.4717358
v 1.46281588 16.160022 86.47173573
v 1.46281588 16.16002143 89.95714069
v 1.46281588 16.16002143 89.95714069
v 1.78031778 16.16002143 89.95714069
v 1.78031778 16.16002143 89.95714069
v 1.78031778 16.160022 86.47173573
v 1.78031778 16.160022 86.47173573
v 1.46281588 16.160022 86.47173573
v 1.96264875 10.55503589 103.51493244
v 2.87710452 10.55503589 103.51493244
v -1.96264875 10.55503589 103.51493244
v -2.87710452 10.55503589 103.51493244
v -2.87710452 10.55503574 104.48170643
v -1.96264875 10.55503574 104.48170643
v 1.96264875 10.55503574 104.48170643
v 2.87710452 10.55503574 104.48170643
v -0 12.51768501 104.90307058
v -0 12.51768477 106.41292013
v -0.75107318 12.36828596 106.41292011
v -0.75107318 12.36828621 104.90307056
v -0 12.51768584 99.80169119
v -0 12.51768633 96.79425253
v 0.75107318 12.36828753 96.7942525
v 0.75107318 12.36828704 99.80169116
v -0 12.51768531 103.09357656
v -0 12.51768555 101.61119284
v 0.75107318 12.36828674 101.61119281
v 0.75107318 12.3682865 103.09357654
v 0.75107318 12.36828621 104.90307056
v 0.75107318 12.36828596 106.41292011
v 1.38780224 11.94284007 96.79425243
v 1.38780224 11.94283958 99.80169109
v 1.38780224 11.94283928 101.61119274
v 1.38780224 11.94283904 103.09357647
v 1.38780224 11.94283874 104.90307049
v 1.38780224 11.9428385 106.41292004
v -0.75107318 12.3682865 103.09357654
v -0.75107318 12.36828674 101.61119281
v -0.75107318 12.36828704 99.80169116
v -0.75107318 12.36828753 96.7942525
v -1.38780224 11.9428385 106.41292004
v -1.38780224 11.94283874 104.90307049
v -1.38780224 11.94283904 103.09357647
v -1.38780224 11.94283928 101.61119274
v 1.81325102 9.80396254 106.41291969
v 2.65809798 9.45401556 106.41291963
v 2.87710452 10.55503542 106.41291981
v 1.96264875 10.55503542 106.41291981
v 1.38780224 9.1672333 106.41291958
v 2.03442001 8.52061541 106.41291948
v 0.75107318 8.74178488 106.41291952
v 1.10102022 7.89693768 106.41291938
v -0 8.59238703 106.41291949
v -0 7.67793066 106.41291934
v -0.75107318 8.74178488 106.41291952
v -1.10102022 7.89693768 106.41291938
v -1.38780224 9.1672333 106.41291958
v -2.03442001 8.52061541 106.41291948
v -1.81325102 9.80396254 106.41291969
v -2.65809798 9.45401556 106.41291963
v -1.96264875 10.55503542 106.41291981
v -2.87710452 10.55503542 106.41291981
v -1.81325102 11.30610926 106.41291993
v -2.65809798 11.65605623 106.41291999
v -1.38780224 11.9428385 106.41292004
v -2.03442001 12.58945543 106.41292014
v -0.75107318 12.36828596 106.41292011
v -1.10102022 13.21313364 106.41292024
v -0 12.51768477 106.41292013
v -0 13.43214018 106.41292028
v 0.75107318 12.36828596 106.41292011
v 1.10102022 13.21313364 106.41292024
v 1.38780224 11.9428385 106.41292004
v 2.03442001 12.58945543 106.41292014
v 1.81325102 11.30610926 106.41291993
v 2.65809798 11.65605623 106.41291999
v -1.38780224 11.94283958 99.80169109
v -1.38780224 11.94284007 96.79425243
v 0.07126214 15.16103057 -4.65962306
v -1.04644465 14.71971438 86.47173549
v -1.04644465 14.71971381 89.95714046
v -1.44030738 15.11357749 89.95714052
v -1.44030738 15.11357806 86.47173556
v -1.18344283 17.01984275 89.95714083
v -1.18344283 17.01984332 86.47173587
v -0.85982162 17.34346507 86.47173592
v -0.85982162 17.3434645 89.95714089
v 2.03442001 8.52061541 106.41291948
v 2.03404713 8.5209904 93.50039049
v 0.13167526 15.16103057 -4.61925689
v 1.10102022 7.89693768 106.41291938
v 1.1008184 7.89742711 93.50039039
v -0 14.69720519 89.95714046
v -0 14.69720576 86.47173549
v -0.45203495 14.76880095 86.4717355
v -0.45203495 14.76880038 89.95714047
v -1.69318283 16.71017001 86.47173582
v -1.69318283 16.71016944 89.95714078
v -1.44030738 17.20646537 89.95714086
v -1.44030738 17.20646594 86.4717359
v 0.17204203 15.16103056 -4.55884353
v -0 7.67793066 106.41291934
v -0 7.67793276 93.50445682
v -1.39122045 16.61205734 89.95714077
v -1.39122045 16.6120579 86.4717358
v -0 7.67793276 93.50445682
v -0 7.67793066 106.41291934
v -1.10102022 7.89693768 106.41291938
v -1.1008184 7.89742711 93.50039039
v -1.78031778 16.160022 86.47173573
v -1.78031778 16.16002143 89.95714069
v -1.46281588 16.160022 86.47173573
v -1.78031778 16.160022 86.47173573
v -1.69318283 16.71017001 86.47173582
v -1.39122045 16.6120579 86.4717358
v 0.22478373 15.11281085 -4.394473
v -2.03442001 8.52061541 106.41291948
v -2.03442001 8.52061751 93.50445695
v 0.17204203 15.11281084 -4.31553928
v 0.45203495 14.76880038 89.95714047
v 0.45203495 14.76880095 86.4717355
v -0 14.69720576 86.47173549
v -0 14.69720519 89.95714046
v -1.46281588 16.16002143 89.95714069
v -1.46281588 16.160022 86.47173573
v -1.69318283 15.60987304 86.47173564
v -1.69318283 15.60987247 89.9571406
v -1.39122045 15.70798705 86.47173565
v -1.69318283 15.60987304 86.47173564
v -1.38780224 9.1672333 106.41291958
v -1.38780224 9.16723486 96.79425198
v -0.75107318 8.74178488 106.41291952
v -0.75107318 8.74178645 96.79425191
v -0 8.59238703 106.41291949
v -0 8.5923886 96.79425189
v -1.39122045 15.70798648 89.95714062
v -1.39122045 15.70798705 86.47173565
v -1.69318283 15.60987247 89.9571406
v -1.39122045 15.70798648 89.95714062
v -1.46281588 16.16002143 89.95714069
v -1.78031778 16.16002143 89.95714069
v -2.03442001 12.58945651 99.8016912
v -2.03404713 12.58908465 93.50039115
v -2.03442001 12.58945597 103.09357658
v -2.03442001 12.58945622 101.61119285
v -2.03442001 12.58945543 106.41292014
v -2.03442001 12.58945568 104.90307059
v -1.18344283 15.30020068 86.47173559
v -1.44030738 15.11357806 86.47173556
v -1.10102022 13.21313472 99.8016913
v -1.10102022 13.21313574 93.50445772
v -1.10102022 13.21313418 103.09357668
v -1.10102022 13.21313442 101.61119295
v -1.10102022 13.21313364 106.41292024
v -1.10102022 13.21313389 104.9030707
v 0.85982162 14.97657836 89.9571405
v 0.85982162 14.97657893 86.47173553
v -0 13.43214126 99.80169134
v -0 13.4316149 93.50039129
v -0 13.43214072 103.09357671
v -0 13.43214096 101.61119298
v -0 13.43214018 106.41292028
v -0 13.43214043 104.90307073
v 1.18344283 15.30020068 86.47173559
v 1.44030738 15.11357806 86.47173556
v -1.18344283 15.30020011 89.95714055
v -1.18344283 15.30020068 86.47173559
v 1.10102022 13.21313472 99.8016913
v 1.10102022 13.21313574 93.50445772
v 1.10102022 13.21313418 103.09357668
v 1.10102022 13.21313442 101.61119295
v 1.10102022 13.21313364 106.41292024
v 1.10102022 13.21313389 104.9030707
v 1.44030738 15.11357806 86.47173556
v 1.44030738 15.11357749 89.95714052
v 1.04644465 14.71971381 89.95714046
v 1.04644465 14.71971438 86.47173549
v -1.04644465 17.60032771 86.47173596
v -1.04644465 17.60032714 89.95714093
v -0.55014843 17.85320342 89.95714097
v -0.55014843 17.85320399 86.471736
v 2.03442001 12.58945651 99.8016912
v 2.03404713 12.58908465 93.50039115
v 2.03442001 12.58945597 103.09357658
v 2.03442001 12.58945622 101.61119285
v 2.03442001 12.58945543 106.41292014
v 2.03442001 12.58945568 104.90307059
v 1.44030738 15.11357749 89.95714052
v 1.18344283 15.30020011 89.95714055
v -0.45203495 17.55124209 86.47173595
v -0.45203495 17.55124152 89.95714092
v 1.18344283 15.30020011 89.95714055
v 1.18344283 15.30020068 86.47173559
v -0 8.5923886 96.79425189
v -0 8.59238703 106.41291949
v 0.75107318 8.74178488 106.41291952
v 0.75107318 8.74178645 96.79425191
v 1.38780224 9.1672333 106.41291958
v 1.38780224 9.16723486 96.79425198
v 1.39122045 15.70798705 86.47173565
v 1.69318283 15.60987304 86.47173564
v 1.69318283 15.60987304 86.47173564
v 1.69318283 15.60987247 89.9571406
v 1.69318283 15.60987247 89.9571406
v 1.39122045 15.70798648 89.95714062
v 1.39122045 15.70798648 89.95714062
v 1.39122045 15.70798705 86.47173565
v 0.24330415 15.05593246 -2.53661197
v 0.22478373 15.11281055 -2.54428307
v 0.17204203 15.11281054 -2.46534983
v 0.18621692 15.05593244 -2.45117491
v 0.09310846 15.11281053 -2.41260807
v 0.10077988 15.05593244 -2.39408772
v -0 15.11281052 -2.39408771
v -0 15.05593243 -2.37404149
v -0.09310846 15.11281053 -2.41260807
v -0.10077988 15.05593244 -2.39408772
v -0.17204203 15.11281054 -2.46534983
v -0.18621692 15.05593244 -2.45117491
v -0.22478373 15.11281055 -2.54428307
v -0.24330415 15.05593246 -2.53661197
v -0.24330415 15.11281056 -2.63739197
v -0.26335052 15.05593247 -2.63739198
v -0.22478373 15.11281058 -2.73050014
v -0.24330415 15.05593249 -2.73817151
v -0.17204203 15.11281059 -2.80943386
v -0.18621692 15.05593251 -2.82360857
v -0.09310846 15.1128106 -2.86217539
v -0.10077988 15.05593251 -2.88069575
v -0 15.1128106 -2.88069574
v -0 15.05593252 -2.90074246
v 0.09310846 15.1128106 -2.86217539
v 0.10077988 15.05593251 -2.88069575
v 0.17204203 15.11281059 -2.80943386
v 0.18621692 15.05593251 -2.82360857
v 0.22478373 15.11281058 -2.73050014
v 0.24330415 15.05593249 -2.73817151
v 0.24330415 15.11281056 -2.63739197
v 0.26335052 15.05593247 -2.63739198
v -0.85982162 14.97657893 86.47173553
v -0.85982162 14.97657836 89.9571405
v 1.49214971 14.18069334 -4.09340198
v 1.63852835 14.18069334 -4.09340198
v 1.63852835 14.03997585 -4.18742571
v 1.49214971 14.03997585 -4.18742571
v 0.53611189 4.5943789 9.09697894
v -0.53611189 4.5943789 9.09697894
v -0.53611189 5.06516594 9.09697901
v 0.53611189 5.06516594 9.09697901
v 2.34044194 14.24060597 -3.78669984
v 2.34044194 14.21269858 -3.64640219
v -0 9.20352811 31.06847532
v 0.51720423 9.30640668 31.06847533
v 0.51720423 9.30640681 30.28504905
v -0 9.20352824 30.28504331
v 0.74376673 15.07960641 -2.18788092
v 0.74376673 15.07960686 -4.91670983
v -0.74376673 15.07960686 -4.91670983
v -0.74376673 15.07960641 -2.18788092
v -0.74376673 14.71882233 -4.91670989
v 0.74376673 14.71882233 -4.91670989
v 0.74376673 14.71882183 -1.89355372
v -0.74376673 14.71882183 -1.89355372
v -0.43834239 2.24813141 12.3487562
v -0.43834239 2.44425123 12.12782614
v 0.43834239 2.44425123 12.12782614
v 0.43834239 2.24813141 12.3487562
v -1.54860234 14.07692854 -2.4445847
v -1.31531465 14.07692854 -2.4445847
v -1.31531465 14.0769282 -0.40561086
v -1.54860234 14.0769282 -0.40561086
v -1.31531465 13.80272812 -2.57626023
v -1.31531465 13.67105333 -2.44458476
v -1.31531465 13.94525379 -2.5762602
v -1.31531465 13.671053 -0.40561093
v 1.31531465 13.94525379 -2.5762602
v 1.54860234 13.94525379 -2.5762602
v 1.54860234 14.07692854 -2.4445847
v 1.31531465 14.07692854 -2.4445847
v 1.31531465 13.67105333 -2.44458476
v 1.54860234 13.67105333 -2.44458476
v 1.54860234 13.80272812 -2.57626023
v 1.31531465 13.80272812 -2.57626023
v 0.43834239 2.24813111 14.15828074
v -0.43834239 2.24813111 14.15828074
v 1.54860234 14.0769282 -0.40561086
v 1.31531465 14.0769282 -0.40561086
v -1.49853146 13.15535181 34.04703736
v -1.49853146 13.15535743 -0.40561101
v -1.54860234 12.99029718 -5.03773668
v -1.49853146 13.15535818 -5.03773666
v -1.49853146 13.15535825 -5.48455215
v -1.55061984 12.98364633 -5.48455218
v 2.304317 -8.85236053 -36.29584266
v 2.17255259 -8.83482341 -36.32881308
v 2.11292362 -9.14032344 -36.37325054
v 2.23750663 -9.19465331 -36.34563214
v 2.43608141 -8.85977821 -36.33244468
v 2.36208963 -9.23886374 -36.38758238
v 2.53251576 -8.85502985 -36.42920066
v 2.45326829 -9.26104142 -36.48825606
v 2.56766748 -8.83939147 -36.56007911
v 2.48650432 -9.25522017 -36.62056501
v 2.45326829 -9.22310898 -36.74904401
v 2.48650432 -9.25522017 -36.62056501
v 2.24847317 -9.62304662 -36.67406239
v 2.22256899 -9.57960578 -36.80089725
v 2.36208963 -9.17316886 -36.83922726
v 2.15150476 -9.49858351 -36.88656389
v 2.23750663 -9.11883898 -36.86684566
v 2.05440474 -9.40178461 -36.90800629
v 2.11292362 -9.07462951 -36.82489543
v 1.95730507 -9.3151042 -36.85987624
v 2.0217452 -9.05245087 -36.72421794
v 1.88624072 -9.26184437 -36.75467833
v 1.98850918 -9.05827212 -36.59191661
v 1.86033666 -9.25633597 -36.62072523
v 2.0217452 -9.09038426 -36.46343379
v 1.88624072 -9.29977776 -36.49389418
v 1.95730507 -9.38079908 -36.40823136
v 2.05440474 -9.47759798 -36.38678896
v 2.15150476 -9.56427743 -36.43491901
v 2.22256899 -9.61753727 -36.54011692
v 2.24847317 -9.62304662 -36.67406239
v 1.86246181 -9.8933904 -36.71338815
v 1.8481127 -9.84185858 -36.83904427
v 1.80874753 -9.73863668 -36.92147604
v 1.75496066 -9.61150235 -36.93850865
v 1.70117366 -9.49448843 -36.8859688
v 1.66180861 -9.41902706 -36.77753983
v 1.64745927 -9.40542578 -36.64241181
v 1.66180861 -9.4569595 -36.51675569
v -0.51720423 9.30640668 31.06847533
v -0.51720423 9.30640681 30.28504905
v -0.95566869 9.59937842 30.28505672
v -0.95566869 9.59937829 31.06847538
v -1.4337939 12.62109118 4.0676643
v -1.4337939 12.62108691 30.28505722
v -1.41064227 1.60364643 18.08508136
v -1.41064227 9.37712279 18.08508263
v -2.02325797 11.2847768 28.57690423
v -2.60272408 11.2847768 28.57690423
v -2.60272408 11.50288689 28.53529927
v -2.02325797 11.50288689 28.53529927
v -2.02325797 9.5044764 18.45983279
v -2.60272408 9.5044764 18.45983279
v -2.02325797 9.83730212 18.12700623
v -2.60272408 9.83730212 18.12700623
v -2.60272408 9.63642395 18.25895466
v -2.02325797 9.63642395 18.25895466
v -2.60272408 9.50447481 28.20247424
v -2.02325797 9.50447481 28.20247424
v -2.60272408 11.87853509 18.67313769
v -2.02325797 11.87853509 18.67313769
v -2.02325797 11.87853357 27.97485354
v -2.60272408 11.87853357 27.97485354
v -2.60272408 11.83571324 18.45983317
v -2.02325797 11.83571324 18.45983317
v -2.02325797 11.87853509 18.67313769
v -2.60272408 11.87853509 18.67313769
v -0.43488804 6.70049069 86.48948779
v -0.59857196 6.8641741 86.48948781
v -0.59857196 6.86417818 61.49416082
v -0.43488804 6.70049476 61.49416079
v 2.35053134 7.87988435 11.0292829
v 2.35053134 7.94014603 11.33223949
v -0.22863416 6.59539912 86.48948777
v -0.22863416 6.59540319 61.49416077
v 0 6.55918715 86.48948776
v 0 6.55919122 61.49416077
v -0 14.52433098 88.48707054
v -0.26003104 14.52433102 88.22703789
v -0.93460888 6.01268399 89.966836
v -1.28637874 6.36445296 89.96683606
v -1.28637874 6.36445353 86.48948773
v -0.93460888 6.01268456 86.48948767
v -1.51222897 6.80770934 89.96683613
v -1.51222897 6.80770991 86.4894878
v -1.59005165 7.2990619 89.96683621
v -1.59005165 7.29906247 86.48948788
v -1.2523061 7.70596088 89.96683628
v -1.31675255 7.2990619 89.96683621
v -1.06527519 8.07303012 89.96683634
v -0.77396774 8.36433757 89.96683638
v -0.40689892 8.55136836 89.96683642
v 0 8.61581481 89.96683643
v -0.40689892 6.04675639 89.96683601
v 0 5.98230899 89.966836
v -0.77396774 6.23378718 89.96683604
v -1.06527519 6.52509463 89.96683609
v -1.2523061 6.8921634 89.96683614
v -1.31675255 7.2990619 89.96683621
v -1.2523061 7.70596088 89.96683628
v -1.51222897 7.79041493 89.96683629
v -1.59005165 7.2990619 89.96683621
v -0.70366353 7.52769682 86.48948792
v -0.73987573 7.29906247 86.48948788
v -1.59005165 7.29906247 86.48948788
v -1.51222897 7.7904155 86.48948796
v -1.06527519 8.07303012 89.96683634
v -1.28637874 8.23367084 89.96683636
v -0.59857196 7.73395083 86.48948795
v -1.28637874 8.2336714 86.48948804
v -0.43488804 7.89763472 86.48948798
v -2.02325797 10.05541221 18.08540508
v -2.60272408 10.05541221 18.08540508
v -2.60272408 11.7037641 28.40335274
v -2.02325797 11.7037641 28.40335274
v -0.70366353 7.07042859 86.48948785
v -1.51222897 6.80770991 86.4894878
v -2.60272408 11.83571165 28.20247462
v -2.02325797 11.83571165 28.20247462
v -1.2523061 6.8921634 89.96683614
v -1.51222897 6.80770934 89.96683613
v 0 5.98230899 89.966836
v -0.40689892 6.04675639 89.96683601
v -0.49135298 5.78683341 89.96683596
v 0 5.70901025 89.96683595
v -0.22863416 6.59539912 86.48948777
v 0 6.55918715 86.48948776
v 0 5.70901082 86.48948762
v -0.49135298 5.78683398 86.48948764
v -0.77396774 6.23378718 89.96683604
v -0.93460888 6.01268399 89.966836
v -0.43488804 6.70049069 86.48948779
v -0.93460888 6.01268456 86.48948767
v -1.06527519 6.52509463 89.96683609
v -1.28637874 6.36445296 89.96683606
v -0.59857196 6.8641741 86.48948781
v -1.28637874 6.36445353 86.48948773
v -0.22863416 8.00272677 86.489488
v 0 8.03893874 86.489488
v 0 8.03894281 61.49416101
v -0.22863416 8.00273084 61.494161
v -0 14.52433107 87.96700523
v 0.26003104 14.52433102 88.22703789
v -0 14.52433098 88.48707054
v -0.43488804 7.89763472 86.48948798
v -0.43488804 7.89763879 61.49416099
v -0.59857196 7.73395083 86.48948795
v -0.59857196 7.7339549 61.49416096
v -0.70366353 7.52769682 86.48948792
v -0.70366353 7.5277009 61.49416092
v -1.18344283 15.30020011 89.95714055
v -1.44030738 15.11357749 89.95714052
v 0.13167526 15.16103022 -2.50571648
v 0.07126214 15.16103022 -2.46534983
v -0 15.16103022 -2.45117489
v -0.07126214 15.16103022 -2.46534983
v -0.71788186 12.76446072 34.16196268
v -1.36549246 12.43448559 34.16196263
v -0.92813742 11.83251672 52.39502527
v -0.48795074 12.05680184 52.39502531
v 0 12.87816159 34.1619627
v 0 12.1340857 52.39502532
v -0.48786512 9.05382026 89.96769099
v 0 8.9765364 89.96769098
v 0 8.97599653 90.49744562
v -0.48795074 9.05328039 90.49744563
v 0 5.70901025 89.96683595
v -0.49135298 5.78683341 89.96683596
v -0.49135298 5.78683398 86.48948764
v 0 5.70901082 86.48948762
v -0.73987573 7.29906247 86.48948788
v -0.73987573 7.29906654 61.49416089
v -1.09018123 8.58544124 89.96683642
v -1.0887785 9.05646289 89.9668365
v -1.0887785 9.05646346 86.48948817
v -1.09018123 8.5854418 86.48948809
v -0 11.90656823 31.06847576
v -0 11.90656836 30.2850571
v 0.51720423 11.80368979 30.28505708
v 0.51720423 11.80368966 31.06847574
v -1.28637874 8.23367084 89.96683636
v -1.28637874 8.2336714 86.48948804
v -2.02325797 11.28477851 18.08540528
v -2.60272408 11.28477851 18.08540528
v -1.51222897 7.79041493 89.96683629
v -1.51222897 7.7904155 86.48948796
v -2.60272408 9.6364223 28.4033524
v -2.02325797 9.6364223 28.4033524
v 1.41064227 9.37712279 18.08508263
v 1.41064227 1.60364643 18.08508136
v -1.41064227 9.37712279 18.08508263
v -1.41064227 1.60364643 18.08508136
v -1.41064227 1.60364668 16.57057025
v -1.41064227 9.37712304 16.57052956
v -1.4337939 12.62109118 4.0676643
v -2.02633262 12.0285533 4.0676642
v 2.02633262 12.0285533 4.0676642
v 1.4337939 12.62109118 4.0676643
v -2.60272408 9.83730042 28.535299
v -2.02325797 9.83730042 28.535299
v -1.27747142 9.62690184 86.48948826
v -1.49857509 9.46625922 86.48948824
v -2.60272408 10.0554105 28.57690403
v -2.02325797 10.0554105 28.57690403
v -2.60272408 11.70376576 18.258955
v -2.02325797 11.70376576 18.258955
v -2.02325797 9.37712508 4.06766377
v 2.02633262 9.37712508 4.06766377
v -1.27747142 9.62690127 89.96683659
v -1.49857509 9.46625865 89.96683656
v -0.70366353 7.07042859 86.48948785
v -0.70366353 7.07043266 61.49416085
v 1.4337939 12.62109118 4.0676643
v 1.4337939 12.62108691 30.28505722
v -1.50175786 10.06708834 86.48948833
v -1.76168072 9.9826338 86.48948832
v -1.50175786 10.06708777 89.96683666
v -1.76168072 9.98263324 89.96683665
v -1.57904172 10.55503867 86.48948841
v -1.8523407 10.55503867 86.48948841
v -1.57904172 10.5550381 89.96683674
v -1.8523407 10.5550381 89.96683674
v -1.50175786 11.04298995 86.48948849
v -1.76168072 11.12744353 86.48948851
v -1.50175786 11.04298938 89.96683682
v -1.76168072 11.12744296 89.96683683
v -1.27747142 11.48317645 86.48948857
v -1.49857509 11.64381716 86.48948859
v -1.27747142 11.48317588 89.96683689
v -1.49857509 11.6438166 89.96683692
v -0.92813742 9.27756647 90.49744566
v -0.92813742 9.27756656 89.96683653
v -1.27747142 9.62690119 90.49744572
v -1.27747142 9.62690127 89.96683659
v -1.50175786 10.06708769 90.49744579
v -1.50175786 10.06708777 89.96683666
v -2.45366001 9.37712084 30.08724556
v -2.45366001 1.60364448 30.08721568
v -2.45366001 1.6036464 18.282635
v -2.45366001 9.37712276 18.28259621
v -2.60272408 11.50288859 18.1270065
v -2.02325797 11.50288859 18.1270065
v 0.57968992 -7.26851 -7.96624827
v 0.57968992 -8.50430553 -7.74340053
v -0.57968992 -8.50430553 -7.74340053
v -0.57968992 -7.26851 -7.96624827
v 0.57968992 0.13208737 -3.66701553
v 0.57968992 -6.29936473 -7.78734167
v -0.57968992 -6.29936473 -7.78734167
v -0.57968992 0.13208737 -3.66701553
v -2.45366001 1.60364448 30.08721568
v -2.25614715 1.60364444 30.28475788
v -2.67028522 1.60364437 30.73307254
v -2.93363571 1.60364441 30.4697211
v -1.35372198 0.23614353 3.81812123
v -1.83391345 0.54037557 3.39653548
v -1.83391345 0.28699726 3.12410002
v -1.35398734 -0.01685945 3.5456984
v -2.41650701 12.32810682 -5.48455228
v -2.41650701 12.32810035 34.25345812
v 0.57968992 -0.21556706 3.82061359
v 0.57968992 0.12364944 4.1322551
v -0.57968992 0.12364944 4.1322551
v -0.57968992 -0.21556706 3.82061359
v -1.17741978 9.37712307 16.37326966
v -1.177122 1.60364671 16.37301662
v 1.177122 1.60364671 16.37301662
v 1.17741978 9.37712307 16.37326966
v 2.45366001 1.60364448 30.08721568
v 2.45366001 9.37712084 30.08724556
v 2.45366001 9.37712276 18.28259621
v 2.45366001 1.6036464 18.282635
v 0.57968992 4.47764891 -3.97346877
v 0.57968992 4.21536171 -3.61547664
v -0.57968992 4.21536171 -3.61547664
v -0.57968992 4.47764891 -3.97346877
v -1.57904172 10.55503801 90.49744587
v -1.57904172 10.5550381 89.96683674
v -1.50175786 11.04298929 90.49744595
v -1.50175786 11.04298938 89.96683682
v -0.57968992 -0.98311528 2.70217164
v -1.00281382 -0.92775459 2.63496932
v -1.00294316 -1.17666056 2.34919314
v -0.57968992 -1.23212138 2.41644577
v 1.41064227 9.37712304 16.57052956
v 1.41064227 1.60364668 16.57057025
v -1.83391345 -7.42245272 -7.13233163
v -1.83391345 -8.78175337 -6.88721228
v -1.83391345 -0.44977067 2.0555722
v -2.07534432 -0.2071805 1.7614648
v -2.0753324 -0.45618227 1.47573642
v -1.83391345 -0.69877683 1.76984633
v 2.67028522 1.60364652 17.53592136
v 2.93363571 1.60364648 17.7992728
v 2.45366001 1.6036464 18.282635
v 2.25614715 1.60364643 18.08508136
v -1.96228015 -10.63339776 -1.82212621
v -2.15979314 -10.46440001 -1.70612661
v -2.67028522 8.14529413 12.04403819
v -2.44833755 8.14529413 12.04403819
v 1.41064227 1.60364643 18.08508136
v 1.83551884 1.60364652 17.53592136
v -1.00320327 -7.28429141 -7.87911963
v -1.00270855 -6.78353038 -7.87864843
v -0.57968992 -6.76761545 -7.96521154
v -2.67028522 1.60364652 17.53592136
v -1.83551884 1.60364652 17.53592136
v -1.41064227 1.60364643 18.08508136
v -2.25614715 1.60364643 18.08508136
v 2.93363571 1.60364441 30.4697211
v 2.67028522 1.60364437 30.73307254
v 2.25614715 1.60364444 30.28475788
v 2.45366001 1.60364448 30.08721568
v 0.57968992 -8.50430553 -7.74340053
v 0.55732477 -8.76321575 -7.52137088
v -0.55732477 -8.76321575 -7.52137088
v -0.57968992 -8.50430553 -7.74340053
v -1.0026437 -6.31537074 -7.70091732
v -1.00499141 0.0930978 -3.5921068
v 0.24330415 15.05593276 -4.38680117
v -0.57968992 2.38206715 -2.56983241
v -1.00372493 2.37161438 -2.4874967
v -1.00160265 2.97897498 -2.44407152
v -0.57968992 2.96222203 -2.52469301
v -1.83391345 -7.9212912 -0.91670958
v -1.83391345 -1.02665081 1.57973535
v -2.07533169 -0.78405503 1.28562605
v -2.07543063 -7.9368737 -1.3083093
v -0.57968992 1.08286336 -3.11645538
v -1.00514412 1.04667558 -3.04016454
v -1.00481868 1.76691492 -2.67832131
v -0.57968992 1.79435072 -2.75817937
v -1.36521983 0.94366507 -2.82302007
v -1.36402118 1.68883352 -2.45114227
v 0.57968992 3.53871702 -2.84269871
v 0.57968992 2.96222203 -2.52469301
v -0.57968992 3.53871702 -2.84269871
v 0.18621692 15.05593275 -4.30136435
v 0.57968992 2.38206715 -2.56983241
v 0.57968992 1.79435072 -2.75817937
v -2.45366001 1.6036464 18.282635
v -2.93363571 1.60364648 17.7992728
v -0.85323191 13.75137268 -7.94570079
v -0.58163267 13.9129108 -7.94570076
v 0.57968992 1.08286336 -3.11645538
v 1.86245632 -5.2880141 -42.88289347
v 1.52057517 -5.95786874 -42.88289358
v -1.52057517 -5.95786874 -42.88289358
v -1.86245632 -5.2880141 -42.88289347
v 1.16762054 -6.30761068 -42.88289364
v 0.44691116 -6.60341995 -42.88289368
v -0.44691116 -6.60341995 -42.88289368
v -1.16762054 -6.30761068 -42.88289364
v -1.0739547 13.54229675 -7.94570082
v 0.53611189 5.06516634 6.68374478
v -0.53611189 5.06516634 6.68374478
v -1.16760957 11.60897888 -44.73425867
v -0.44690529 11.90478672 -44.72859379
v 0.44690529 11.90478672 -44.72859379
v 1.16760957 11.60897888 -44.73425867
v 2.04846382 9.73914208 -44.75245889
v -2.04846382 9.73914208 -44.75245889
v -1.82593083 10.52356305 -44.75001354
v 1.82593083 10.52356305 -44.75001354
v 1.51687729 11.26289238 -44.74101455
v -1.51687729 11.26289238 -44.74101455
v -1.24261165 13.18432365 -7.94570088
v -1.27940631 12.68991695 -7.94570096
v 0.57968992 -8.85610676 -0.01711622
v 0.57968992 -8.3754854 -0.13486572
v -0.57968992 -8.3754854 -0.13486572
v -0.57968992 -8.85610676 -0.01711622
v -0.50462079 4.59278431 12.28149489
v -1.00303447 4.59437838 12.2812889
v 2.02633262 10.20842255 29.94881987
v 2.60272408 10.20842255 29.94881987
v 2.60272408 9.93680564 29.78621263
v 2.02633262 9.93680564 29.78621263
v -1.83391345 -9.80432976 -0.68146263
v -1.83391345 -8.89037023 -0.87814571
v -2.07547784 -8.90594652 -1.26972761
v -2.0755527 -9.79037172 -1.08694165
v -1.83391345 -0.23512035 -2.96195487
v -1.83391345 -6.45330745 -6.95342646
v -2.07535791 -6.52332914 -6.57412683
v -2.07514548 -0.40218191 -2.6411844
v -2.58811808 9.26352506 -6.18913643
v -2.73454499 9.11621576 -6.18913645
v -2.93205762 9.1976805 -5.99162333
v -2.67028522 9.46103098 -5.99162329
v -2.93205762 4.85773489 30.87952884
v -2.93363571 4.44012718 30.46972156
v -2.67028522 4.33103442 30.73307299
v -2.67028522 4.59438487 30.99642256
v 0.31369817 14.00854145 -7.94570075
v -0.31369817 14.00854145 -7.94570075
v -2.15979314 0.09040754 1.43266083
v -2.15979314 -0.17214753 1.13138792
v -1.35663509 -0.77075664 2.44434892
v -1.35711491 -1.01933252 2.15840681
v -0.57974946 5.83110066 -4.13332796
v 0.57974946 5.83110066 -4.13332796
v 0.57970285 4.88499947 -4.13291136
v -0.57970285 4.88499947 -4.13291136
v -2.67028522 8.14529707 -5.99162351
v -2.44833755 8.14529699 -5.48455296
v 0.57968992 -10.98712441 -0.18815103
v 0.57968992 -10.30310729 0.19409457
v -0.57968992 -10.30310729 0.19409457
v -0.57968992 -10.98712441 -0.18815103
v -1.00546896 4.59437954 5.15733698
v -0.588642 0.68636508 4.31895553
v -0.588642 4.59437952 5.24024895
v -2.07538605 -6.99157843 -6.75200767
v -2.15979314 -6.57605215 -6.1083914
v -1.35235023 -8.38874905 -0.47329682
v -1.83391345 -8.40974982 -0.99589521
v -1.35102308 -8.868864 -0.35437457
v -1.00303447 0.08183875 5.74003507
v -1.00303447 -0.42859321 5.6253547
v -1.00303447 -0.50305613 6.00802699
v -1.00303447 0.0073758 6.12270737
v -2.07544613 -8.42533089 -1.38748878
v -2.15979314 -8.44337433 -1.84086365
v -2.15979314 -8.96389933 -1.71333769
v -1.00303447 -0.04811943 11.26951598
v -1.00303447 0.22403679 11.78096584
v 1.00303447 0.22403679 11.78096584
v 1.00303447 -0.04811943 11.26951598
v -1.00303447 0.57424324 12.12235937
v 1.00303447 0.57424324 12.12235937
v 0.57968992 -9.8350344 0.21021239
v -0.57968992 -9.8350344 0.21021239
v -1.00303447 1.01496614 12.40736692
v 1.00303447 1.01496614 12.40736692
v -1.83551884 1.60364678 15.91943767
v -1.83551884 1.60364652 17.53592136
v -2.0751307 0.58831779 -2.07302942
v -1.83391345 0.74296108 -2.39930451
v -1.83391345 -6.9215577 -7.13129633
v 0.57968992 -6.76761545 -7.96521154
v -1.00478768 4.76021117 -4.00735921
v -1.33977175 4.76100458 -3.73752564
v -1.33834839 4.88499941 -3.7683684
v -1.00490892 4.88499946 -4.03670231
v -2.46689677 7.25134845 -43.65163685
v -2.5748291 3.93080102 -43.05993207
v -2.77415657 3.93034727 -42.86241849
v -2.66622424 7.25134985 -43.45412327
v -2.40780759 0.02488979 -42.89068603
v -2.06180024 -5.28903361 -42.68537989
v -2.6072228 0.02449413 -42.68537902
v -1.00164568 -8.37895294 -0.22320268
v -1.00128567 -8.859457 -0.10517806
v -1.36000323 2.34174479 -2.25363789
v -2.07544088 3.21303462 -1.38149197
v -0.57969791 4.75950403 -4.10503405
v 0.57969791 4.75950403 -4.10503405
v -2.15979314 5.83109959 2.43179679
v -2.15979314 5.83110025 -1.62770093
v 2.55432796 12.12183585 34.25345809
v 2.41650701 12.32810035 34.25345812
v -2.41650701 12.32810035 34.25345812
v -2.55432796 12.12183585 34.25345809
v 2.60272408 11.87853255 34.25345805
v -2.60272408 11.87853255 34.25345805
v -2.02944064 12.76079383 34.25345819
v 2.02944064 12.76079383 34.25345819
v 1.55014133 12.98521724 34.25345823
v -1.55014133 12.98521724 34.25345823
v -2.24543929 9.77920781 -44.55453713
v 0.48655984 12.10228501 -44.52861207
v -0.48655984 12.10228501 -44.52861207
v -1.28053045 11.77640496 -44.53486823
v -2.07516122 1.41883293 -1.66206575
v -2.07525826 2.24357008 -1.42713296
v -1.35222828 3.02602852 -2.21578906
v -1.00077653 3.58021137 -2.76415552
v -2.01859426 10.58834134 -44.55215663
v -1.68586302 11.37476216 -44.54258161
v -1.68586302 -6.07341071 -42.68538002
v -1.28053045 -6.47505351 -42.68538008
v -0.48655984 -6.80093308 -42.68538014
v -1.00303447 0.71437522 4.24322474
v -1.00303447 0.15383218 4.05065014
v 0.57968992 -7.88702725 -0.05568011
v -0.57968992 -7.88702725 -0.05568011
v 0.588642 0.32932397 5.14711576
v 0.588642 4.59437934 6.40080527
v -0.588642 4.59437934 6.40080527
v -0.588642 0.32932397 5.14711576
v -1.89481091 4.79697998 2.43179662
v -1.35301793 -7.90039914 -0.39475003
v 0.48655984 -6.80093308 -42.68538014
v -1.3563019 -6.8286683 -7.63334672
v -1.35602176 -6.36077664 -7.45586737
v -2.67028522 4.59437815 13.66118315
v -1.89481091 4.59437815 13.66118315
v -2.67028522 4.33101464 17.5359218
v -2.67028522 4.59437756 17.27257231
v -2.15979314 -7.91436167 -1.75510357
v -1.00303447 -0.14869898 10.78127286
v -1.00303447 -0.64838228 10.83282746
v -1.00182831 -7.89051912 -0.14416798
v -0.91943669 -8.79011319 -7.44277382
v 0.91943669 -8.79011319 -7.44277382
v 1.88878477 -10.75510096 -1.46650323
v 1.67953289 -10.8581255 -1.1654564
v -1.67953289 -10.8581255 -1.1654564
v -1.88878477 -10.75510096 -1.46650323
v -1.83391345 2.28688674 -1.78441475
v -1.83391345 3.13465171 -1.73888072
v -1.00303447 -0.14869898 10.78127286
v 1.00303447 -0.14869898 10.78127286
v -1.00208938 -0.16373225 3.74888584
v -1.00303447 -0.04811943 11.26951598
v -1.00303447 -0.51651343 11.47295943
v 0.57968992 -10.07102112 0.2588276
v -0.57968992 -10.07102112 0.2588276
v -1.34821725 -10.05865859 -0.08676315
v -1.83391345 -10.04031743 -0.6328474
v -1.83391345 -10.2724017 -0.69758046
v -1.35130715 -10.28898713 -0.1539989
v -2.01474905 8.34285742 -6.18913658
v -2.0147481 8.14534476 -5.99162351
v -2.67028522 8.14529707 -5.99162351
v -2.58813071 8.34281641 -6.18913658
v 2.67028522 4.59438487 30.99642256
v 2.67028522 4.59438447 33.39449385
v -2.67028522 4.59438447 33.39449385
v -1.36597443 4.59437958 4.91657904
v -1.00294566 -1.50450992 2.15909552
v -1.35712922 -1.34709974 1.96834912
v -1.00035346 -9.83201887 0.1200384
v -1.3476398 -9.82354353 -0.13474268
v 1.177122 1.60364671 16.37301662
v -1.177122 1.60364671 16.37301662
v -1.60019612 1.60364682 15.72192504
v 1.60019612 1.60364682 15.72192504
v 1.41064227 1.60364668 16.57057025
v 1.83551884 1.60364678 15.91943767
v -2.07553482 -10.02634985 -1.03833457
v -2.15979314 -10.00960611 -1.5247434
v 0.57968992 -1.5599953 2.22633479
v -0.57968992 -1.5599953 2.22633479
v -1.00303447 0.22403679 11.78096584
v -1.00303447 -0.2041298 12.058238
v -1.00457895 -10.95909782 -0.26871472
v -1.00127435 -10.29951002 0.10321639
v -1.36301732 -10.87997238 -0.49767034
v -1.00494707 -8.53136319 -7.65218588
v -1.36529958 -8.61352133 -7.39372108
v -1.35825062 -7.32908506 -7.63250327
v -1.36465025 -0.01784086 -3.3789413
v -1.83391345 0.87879648 3.55110874
v -1.83391345 0.54037557 3.39653548
v 1.34864259 13.43577408 33.70975332
v 1.1469264 13.68156556 33.41411432
v -1.1469264 13.68156556 33.41411432
v -1.34864259 13.43577408 33.70975332
v 0.90113431 13.88328393 33.17149579
v 0.6207121 14.03317295 32.99121322
v -0.6207121 14.03317295 32.99121322
v -0.90113431 13.88328393 33.17149579
v 1.49853146 13.15535181 34.04703736
v -1.49853146 13.15535181 34.04703736
v 0.31643629 14.12547339 32.88019029
v -0.31643629 14.12547339 32.88019029
v -1.00048983 -10.06781199 0.16851526
v -1.00864935 4.23138724 -3.52269414
v 2.67028522 1.60364437 30.73307254
v 2.67028522 4.33103442 30.73307299
v -2.67028522 1.60364437 30.73307254
v -1.23933601 -11.00299251 -0.74214405
v -0.92735451 -11.07157031 -0.54175361
v -1.00457895 -10.95909782 -0.26871472
v -1.36301732 -10.87997238 -0.49767034
v -2.93205762 5.56266942 34.25345702
v 2.93205762 5.56266942 34.25345702
v -2.93363571 4.44009825 17.79927326
v -2.93363571 4.44012718 30.46972156
v -1.00303447 0.57424324 12.12235937
v -1.00303447 0.26284062 12.51345829
v -2.15979314 -9.7452638 -1.57919983
v -2.93205762 4.85773445 33.63763125
v 2.93205762 4.85773445 33.63763125
v 2.93205762 5.56266942 34.25345702
v -2.93205762 5.56266942 34.25345702
v -2.15979314 -0.5178617 0.93093285
v 0.53611189 4.59465013 6.6837447
v 0.53611189 4.5943789 9.09697894
v -0.53611189 4.59465013 6.6837447
v 0.53611189 4.59465013 6.6837447
v 0.50462079 1.9608425 13.09757551
v 0.50462079 4.59278423 12.76031855
v 0.50462079 4.59278431 12.28149489
v 0.50462079 1.96084258 12.62029203
v 2.07525826 2.24357008 -1.42713296
v 2.07516122 1.41883293 -1.66206575
v 1.83391345 1.53625521 -2.00480722
v 1.83391345 2.28688674 -1.78441475
v -1.00303447 0.0073758 6.12270737
v 1.00303447 0.0073758 6.12270737
v 1.3563019 -6.8286683 -7.63334672
v 1.35825062 -7.32908506 -7.63250327
v 1.00320327 -7.28429141 -7.87911963
v 1.00270855 -6.78353038 -7.87864843
v 2.07538605 -6.99157843 -6.75200767
v -0.50462079 1.96084258 12.62029203
v -0.50462079 1.9608425 13.09757551
v 2.07544088 3.21303462 -1.38149197
v 1.83391345 3.13465171 -1.73888072
v 1.33834839 4.88499941 -3.7683684
v 1.33862734 5.8311006 -3.76860428
v 1.83422315 5.83110046 -2.88348532
v 2.07580376 5.83110036 -2.26092935
v 1.00490892 4.88499946 -4.03670231
v 1.00509048 5.83110064 -4.03707886
v 2.15979314 5.83110025 -1.62770093
v 2.07514548 -0.40218191 -2.6411844
v 2.0751307 0.58831779 -2.07302942
v 1.83551884 1.60364678 15.91943767
v 1.60019612 1.60364682 15.72192504
v 1.60019612 4.59437782 15.72192553
v -1.60019612 1.60364682 15.72192504
v -1.60019612 4.59437782 15.72192553
v 1.34864259 13.43578039 -5.03773661
v 1.34864259 13.43578047 -5.4845521
v 1.1469264 13.6815719 -5.48455206
v 1.1469264 13.68157183 -5.03773657
v 1.34864259 13.43577408 33.70975332
v 1.34864259 13.43577964 -0.40561097
v 1.1469264 13.68157107 -0.40561093
v 1.1469264 13.68156556 33.41411432
v 1.33977175 4.76100458 -3.73752564
v 1.00428402 4.48642126 -3.87120221
v 1.00478768 4.76021117 -4.00735921
v 1.00303447 4.5943783 12.76011256
v 0.50462079 4.59278423 12.76031855
v 1.36521983 0.94366507 -2.82302007
v 1.36465025 -0.01784086 -3.3789413
v 1.00499141 0.0930978 -3.5921068
v 1.00514412 1.04667558 -3.04016454
v -0.31369817 14.00854145 -7.94570075
v -0.31379095 14.00848287 -5.48455201
v 0.31379095 14.00848287 -5.48455201
v 0.31369817 14.00854145 -7.94570075
v 2.41650701 12.32810035 34.25345812
v 2.55432796 12.12183585 34.25345809
v 2.55432796 12.12184232 -5.48455232
v 2.41650701 12.32810682 -5.48455228
v 2.60272408 9.4610309 -5.48455275
v 2.01473641 9.46108431 -5.48455275
v 1.68598866 6.68975109 -5.4845532
v 1.68873286 6.69247095 -11.23644529
v 1.83391345 -10.2724017 -0.69758046
v 1.83391345 -10.72439941 -0.95016672
v 0.48655984 5.96210331 -5.48455332
v -0.48655984 5.96210331 -5.48455332
v -0.48655984 5.96210422 -11.09277628
v 0.48655984 5.96210422 -11.09277628
v 1.2804209 12.68891138 -5.48455222
v 1.68586302 12.28715986 -5.48455229
v 2.67028522 4.59437756 17.27257231
v 2.67028522 4.59437815 13.66118315
v 2.07541227 0.76894829 3.07975162
v 2.07539582 1.10736937 3.23431724
v 1.83391345 0.87879648 3.55110874
v 1.83391345 0.54037557 3.39653548
v 1.1469264 13.6815719 -5.48455206
v 1.07475996 13.54152769 -5.48455208
v 0.85323191 13.75137268 -7.94570079
v 0.85375255 13.75086206 -5.48455205
v 1.07475996 13.54152769 -5.48455208
v 1.0739547 13.54229675 -7.94570082
v 1.27766383 6.28514376 -11.15624707
v 1.28040314 6.28785747 -5.48455327
v 1.83391345 -10.72439941 -0.95016672
v 2.07526207 -10.60498598 -1.2968573
v 0.90113431 13.8832894 -0.40561089
v 0.90113431 13.88328393 33.17149579
v 0.90113431 13.88329023 -5.48455203
v 0.90113431 13.88329016 -5.03773654
v 2.93363571 4.44012718 30.46972156
v 2.93363571 1.60364441 30.4697211
v 2.93363571 1.60364648 17.7992728
v 2.93363571 4.44009825 17.79927326
v 1.00494707 -8.53136319 -7.65218588
v 2.67028522 4.33101464 17.5359218
v 0.31379095 14.00848287 -5.48455201
v -0.31379095 14.00848287 -5.48455201
v -0.31643629 14.12547964 -5.48455199
v 0.31643629 14.12547964 -5.48455199
v 0.58185798 13.91269106 -5.48455202
v 0.6207121 14.03317922 -5.484552
v 2.67028522 8.14529413 12.04403819
v 1.24261165 13.18432365 -7.94570088
v 1.2435739 13.1834411 -5.48455214
v 1.2804209 12.68891138 -5.48455222
v 1.27940631 12.68991695 -7.94570096
v 2.93363571 1.60364441 30.4697211
v 2.93363571 4.44012718 30.46972156
v 2.67028522 9.46103098 -5.99162329
v 2.67028522 9.46102443 34.25345766
v 0.58185798 13.91269106 -5.48455202
v 0.58163267 13.9129108 -7.94570076
v 2.58811808 9.26352506 -6.18913643
v 2.73454499 9.11621576 -6.18913645
v 2.73454499 8.49011236 -6.18913655
v 2.58813071 8.34281641 -6.18913658
v 1.83391345 -7.42245272 -7.13233163
v 1.83391345 -6.9215577 -7.13129633
v 2.01474905 8.34285742 -6.18913658
v 2.01473641 9.26357275 -6.18913643
v 2.01473641 8.14533704 -5.48455296
v 2.0147481 8.14534476 -5.99162351
v 2.67028522 8.14529707 -5.99162351
v 2.44833755 8.14529699 -5.48455296
v -1.00303447 -0.50305613 6.00802699
v 1.00303447 -0.50305613 6.00802699
v 1.00128567 -8.859457 -0.10517806
v 1.00035346 -9.83201887 0.1200384
v 2.67028522 1.60364652 17.53592136
v 1.00294566 -1.50450992 2.15909552
v 1.00182831 -7.89051912 -0.14416798
v -1.00303447 -0.64838228 10.83282746
v 1.00303447 -0.64838228 10.83282746
v 2.01473641 9.46108439 -5.99162329
v 2.01473641 9.46108431 -5.48455275
v 2.60272408 9.4610309 -5.48455275
v 0.90113431 13.88329023 -5.48455203
v 0.85375255 13.75086206 -5.48455205
v 2.07540655 0.5155737 2.80731639
v 1.83391345 0.28699726 3.12410002
v 1.83391345 -0.44977067 2.0555722
v 2.07534432 -0.2071805 1.7614648
v 1.00077653 3.58021137 -2.76415552
v 1.00864935 4.23138724 -3.52269414
v 1.36000323 2.34174479 -2.25363789
v 1.35222828 3.02602852 -2.21578906
v 2.93205762 4.85773489 30.87952884
v 1.83391345 0.74296108 -2.39930451
v 1.36402118 1.68883352 -2.45114227
v 1.00372493 2.37161438 -2.4874967
v 1.00160265 2.97897498 -2.44407152
v 1.36301732 -10.87997238 -0.49767034
v 1.23933601 -11.00299251 -0.74214405
v 1.00481868 1.76691492 -2.67832131
v 2.07533169 -0.78405503 1.28562605
v 1.83391345 -1.02665081 1.57973535
v 1.83391345 -7.9212912 -0.91670958
v 2.07543063 -7.9368737 -1.3083093
v 2.07547784 -8.90594652 -1.26972761
v 1.83391345 -8.89037023 -0.87814571
v 1.83391345 -9.80432976 -0.68146263
v 2.0755527 -9.79037172 -1.08694165
v 1.0026437 -6.31537074 -7.70091732
v 2.07535791 -6.52332914 -6.57412683
v 1.83391345 -6.45330745 -6.95342646
v 1.83391345 -0.23512035 -2.96195487
v 1.83391345 -8.78175337 -6.88721228
v 2.93205762 8.40864756 -5.99162346
v 2.93205762 9.1976805 -5.99162333
v 2.67028522 8.14529707 -5.99162351
v 2.67028522 9.46103098 -5.99162329
v 1.96228015 -10.63339776 -1.82212621
v 2.15979314 -10.46440001 -1.70612661
v 2.44833755 8.14529413 12.04403819
v 2.60272408 9.84626479 29.57870453
v 2.02633262 9.84626479 29.57870453
v 2.02633262 10.90167637 4.69261156
v 2.60272408 10.90167637 4.69261156
v 2.60272408 11.17329516 4.99537412
v 2.02633262 11.17329516 4.99537412
v -1.00303447 -0.51651343 11.47295943
v 1.00303447 -0.51651343 11.47295943
v 2.44833755 6.02861398 -5.48455331
v 1.00494707 -8.53136319 -7.65218588
v 0.6207121 14.03317295 32.99121322
v 0.6207121 14.0331784 -0.40561087
v 0.31643629 14.12547881 -0.40561085
v 0.31643629 14.12547339 32.88019029
v 0.6207121 14.03317915 -5.03773651
v 0.6207121 14.03317922 -5.484552
v 0.31643629 14.12547964 -5.48455199
v 0.31643629 14.12547957 -5.0377365
v 2.40780759 0.02488979 -42.89068603
v 2.5748291 3.93080102 -43.05993207
v 1.27747965 6.23463249 -11.67305749
v 0.48655984 5.9117751 -11.60958098
v 1.68588912 -5.81184299 -37.62064075
v 1.68586969 -6.00690269 -38.09548285
v 0.48655984 -6.73443177 -37.90208163
v 0.48655984 -6.53938828 -37.4272319
v -0.48655984 -6.53938828 -37.4272319
v -0.48655984 -6.73443177 -37.90208163
v 1.68891478 6.64232159 -11.75324332
v 1.68586302 -6.07341137 -38.60450462
v 1.27523983 -6.413795 -37.98726759
v 1.27593839 -6.47960465 -38.49623976
v -0.48655984 5.9117751 -11.60958098
v 1.27745795 6.08550938 -12.17045685
v 0.48655984 5.76267869 -12.10696413
v 1.2752558 -6.21878585 -37.512559
v 1.68893576 6.49325046 -12.25061025
v 0.48655984 -6.80093378 -38.4111034
v -0.48655984 5.76267869 -12.10696413
v 1.27425992 11.71218103 -34.7510128
v 1.2746774 11.7822037 -35.25774955
v 0.48655984 12.10228349 -35.16717714
v 0.48655984 12.03185265 -34.66044039
v 2.77415657 3.92551943 -40.75969632
v 2.77415657 3.92551943 -40.75969632
v 2.60959983 0.02449381 -40.75969696
v 2.6072228 0.02449413 -42.68537902
v 2.77415657 3.93034727 -42.86241849
v 2.06198716 -5.28905204 -40.75969782
v 2.06180024 -5.28903361 -42.68537989
v 0.48655984 10.9150116 -18.7496282
v -0.48655984 10.9150116 -18.7496282
v -0.48655984 12.87489279 -9.2667387
v 0.48655984 12.87489279 -9.2667387
v 0.48655984 10.77522322 -31.96099296
v -0.48655984 10.77522322 -31.96099296
v -0.48655984 10.77522123 -19.78413979
v 0.48655984 10.77522123 -19.78413979
v 0.48655984 11.82589802 -34.19211767
v -0.48655984 11.82589802 -34.19211767
v -0.48655984 11.05160964 -32.93605243
v 0.48655984 11.05160964 -32.93605243
v 0.48655984 12.1022844 -40.75969499
v -0.48655984 12.1022844 -40.75969499
v -0.48655984 12.10228349 -35.16717714
v -0.48655984 -6.80093378 -38.4111034
v -0.48655984 -6.8009334 -40.75969807
v 0.48655984 -6.8009334 -40.75969807
v 0.48655984 -3.17364036 -31.54400877
v -0.48655984 -3.17364036 -31.54400877
v 0.48655984 12.10228501 -44.52861207
v -0.48655984 12.10228501 -44.52861207
v -0.48655984 12.1022844 -40.75969499
v 0.48655984 12.1022844 -40.75969499
v 2.46689677 7.25134845 -43.65163685
v 0.48655984 -6.8009334 -40.75969807
v -0.48655984 -6.8009334 -40.75969807
v -0.48655984 -6.80093308 -42.68538014
v 0.48655984 -6.80093308 -42.68538014
v 1.35602176 -6.36077664 -7.45586737
v 1.68728197 10.18608206 -18.65113855
v 1.27903938 10.59060974 -18.70578975
v 1.27903938 12.55048997 -9.22290407
v 1.68593514 12.14730126 -9.16841214
v 1.6921109 10.0415101 -32.16901234
v 1.27428448 10.45553253 -32.05156156
v 1.27887213 10.45098531 -19.74030515
v 1.68751943 10.04605805 -19.68563298
v 1.28017557 -2.88045415 -31.68707895
v 1.68621802 -2.51808148 -31.86390727
v 1.6871978 11.09725177 -34.3990346
v 1.27411711 11.50637327 -34.28269008
v 1.27411711 10.73208489 -33.02662484
v 1.69094169 10.31885592 -33.14337753
v 1.68586302 11.37476155 -40.75969511
v 1.28053045 11.77640435 -40.75969504
v 1.68586302 11.37476067 -35.37339979
v 1.28053045 -6.47505382 -40.75969802
v 1.68586302 -6.07341102 -40.75969795
v 1.68586302 11.37476216 -44.54258161
v 1.28053045 11.77640496 -44.53486823
v 1.28053045 11.77640435 -40.75969504
v 1.68586302 11.37476155 -40.75969511
v 1.28053045 -6.47505351 -42.68538008
v 1.68586302 -6.07341071 -42.68538002
v 1.68586302 -6.07341102 -40.75969795
v 1.28053045 -6.47505382 -40.75969802
v -0.31643629 14.12547881 -0.40561085
v -0.31643629 14.12547339 32.88019029
v -0.31643629 14.12547964 -5.48455199
v -0.31643629 14.12547957 -5.0377365
v 0.48655984 10.81032781 -19.26218238
v -0.48655984 10.81032781 -19.26218238
v 0.48655984 10.84565501 -32.46772589
v -0.48655984 10.84565501 -32.46772589
v -0.48655984 12.03185265 -34.66044039
v 1.68737745 10.0813029 -19.16367939
v 1.2789973 10.48596695 -19.21834584
v 1.69189394 10.11211928 -32.67556979
v 1.27415967 10.52608639 -32.55830212
v 1.68620312 11.30403133 -34.86684234
v 1.00127435 -10.29951002 0.10321639
v 1.00457895 -10.95909782 -0.26871472
v -2.73454499 8.49011236 -6.18913655
v -2.93205762 8.40864756 -5.99162346
v 1.00208938 -0.16373225 3.74888584
v 0.57968992 -0.98311528 2.70217164
v 1.00281382 -0.92775459 2.63496932
v 1.89481091 4.59437815 13.66118315
v 1.28053045 -6.47505351 -42.68538008
v 1.68586302 -6.07341071 -42.68538002
v 2.06180024 -5.28903361 -42.68537989
v 2.01859426 10.58834134 -44.55215663
v 1.68586302 11.37476216 -44.54258161
v 1.28053045 11.77640496 -44.53486823
v 2.24543929 9.77920781 -44.55453713
v 2.66622424 7.25134985 -43.45412327
v 2.6072228 0.02449413 -42.68537902
v 2.77415657 3.93034727 -42.86241849
v -2.07526207 -10.60498598 -1.2968573
v 1.35711491 -1.01933252 2.15840681
v 1.35663509 -0.77075664 2.44434892
v 1.00294316 -1.17666056 2.34919314
v 2.15979314 -0.17214753 1.13138792
v 2.15979314 0.09040754 1.43266083
v 2.0753324 -0.45618227 1.47573642
v 0.58163267 13.9129108 -7.94570076
v 1.27940631 12.68991695 -7.94570096
v 1.24261165 13.18432365 -7.94570088
v 1.0739547 13.54229675 -7.94570082
v 0.85323191 13.75137268 -7.94570079
v 1.83391345 -0.69877683 1.76984633
v 0.57968992 -1.23212138 2.41644577
v 1.54860234 12.99029718 -5.03773668
v 1.55061984 12.98364633 -5.48455218
v 1.49853146 13.15535825 -5.48455215
v 1.49853146 13.15535818 -5.03773666
v 1.49853146 13.15535743 -0.40561101
v 1.49853146 13.15535181 34.04703736
v 1.70117366 -9.56018236 -36.43432391
v 1.75496066 -9.68731573 -36.41729131
v 2.60272408 9.46102443 34.25345766
v 1.00303447 4.5943783 12.76011256
v 1.00303447 1.9736389 13.09894785
v 1.00303447 1.96552607 12.62079366
v 1.00303447 4.59437838 12.2812889
v 1.35712922 -1.34709974 1.96834912
v 1.00303447 1.36955573 13.0341637
v 1.00303447 1.46291099 12.56686997
v 2.15979314 -0.5178617 0.93093285
v 1.89481091 4.59946685 2.62930945
v 1.89481091 4.79697998 2.43179662
v 1.89481091 5.83109959 2.43179679
v 1.00303447 0.80199438 12.83206667
v 1.00303447 1.01496614 12.40736692
v 2.44833755 8.14529699 -5.48455296
v 1.89481091 5.83109787 13.01646232
v 1.00048983 -10.06781199 0.16851526
v 2.01473641 9.46108439 -5.99162329
v 2.07553482 -10.02634985 -1.03833457
v 1.83391345 -10.04031743 -0.6328474
v 1.34821725 -10.05865859 -0.08676315
v 1.3476398 -9.82354353 -0.13474268
v 1.00303447 0.26284062 12.51345829
v 1.00303447 0.57424324 12.12235937
v 1.36597443 4.59437958 4.91657904
v 2.15979314 -10.00960611 -1.5247434
v 2.15979314 -9.7452638 -1.57919983
v -1.83391345 -10.72439941 -0.95016672
v 1.00303447 -0.2041298 12.058238
v 1.00303447 0.22403679 11.78096584
v 1.35130715 -10.28898713 -0.1539989
v 1.00303447 -0.51651343 11.47295943
v 1.00303447 -0.04811943 11.26951598
v 1.00303447 -0.64838228 10.83282746
v 1.00303447 -0.14869898 10.78127286
v 1.00164568 -8.37895294 -0.22320268
v 2.07544613 -8.42533089 -1.38748878
v 1.83391345 -8.40974982 -0.99589521
v 1.35235023 -8.38874905 -0.47329682
v 1.35301793 -7.90039914 -0.39475003
v 1.00303447 -0.50305613 6.00802699
v 1.00303447 0.0073758 6.12270737
v 2.15979314 -8.44337433 -1.84086365
v 2.15979314 -7.91436167 -1.75510357
v 2.67028522 4.59437756 17.27257231
v 2.67028522 4.33101464 17.5359218
v 1.89481091 4.79697998 2.43179662
v 0.92735451 -11.07157031 -0.54175361
v 1.00303447 0.71437522 4.24322474
v 1.00303447 0.08183875 5.74003507
v 1.00303447 -0.42859321 5.6253547
v 1.00303447 0.15383218 4.05065014
v 1.35102308 -8.868864 -0.35437457
v 0.55990684 -11.09564487 -0.47140538
v -0.55990684 -11.09564487 -0.47140538
v 2.15979314 -8.96389933 -1.71333769
v 2.15979314 -6.57605215 -6.1083914
v 0.588642 0.68636508 4.31895553
v 1.00546896 4.59437954 5.15733698
v 0.588642 4.59437952 5.24024895
v -2.07539582 1.10736937 3.23431724
v -2.07541227 0.76894829 3.07975162
v -1.41064227 1.60364668 16.57057025
v -1.83551884 1.60364678 15.91943767
v 1.83391345 0.54037557 3.39653548
v 1.35372198 0.23614353 3.81812123
v 1.35398734 -0.01685945 3.5456984
v -0.57968992 -10.98712441 -0.18815103
v 0.57968992 -10.98712441 -0.18815103
v 2.15979314 5.83109959 2.43179679
v 1.89481091 5.83109959 2.43179679
v 2.15979314 0.76886513 2.40663136
v 2.15979314 1.04241256 2.7007529
v 2.07541227 0.76894829 3.07975162
v 1.00303447 0.15383218 4.05065014
v 1.36529958 -8.61352133 -7.39372108
v 1.36301732 -10.87997238 -0.49767034
v 2.15979314 -7.91436167 -1.75510357
v -1.00303447 0.80199438 12.83206667
v 1.00303447 0.80199438 12.83206667
v 2.67028522 1.60364652 17.53592136
v 1.83551884 1.60364652 17.53592136
v 1.00457895 -10.95909782 -0.26871472
v -1.00303447 0.26284062 12.51345829
v 1.00303447 0.26284062 12.51345829
v -1.00303447 -0.2041298 12.058238
v 1.00303447 -0.2041298 12.058238
v 0.588642 0.68636508 4.31895553
v 0.588642 4.59437952 5.24024895
v 2.0147481 8.14534476 -5.99162351
v -1.27887213 10.45098531 -19.74030515
v -1.2789973 10.48596695 -19.21834584
v -1.27903938 12.55048997 -9.22290407
v -1.68586302 11.37476067 -35.37339979
v -1.68620312 11.30403133 -34.86684234
v -1.69094169 10.31885592 -33.14337753
v -1.69189394 10.11211928 -32.67556979
v -1.68751943 10.04605805 -19.68563298
v -1.68737745 10.0813029 -19.16367939
v -1.68593514 12.14730126 -9.16841214
v -1.2746774 11.7822037 -35.25774955
v -1.27425992 11.71218103 -34.7510128
v -1.27411711 10.73208489 -33.02662484
v -1.27415967 10.52608639 -32.55830212
v -0.48655984 5.96210422 -11.09277628
v -1.27766383 6.28514376 -11.15624707
v -1.27747965 6.23463249 -11.67305749
v -0.48655984 5.9117751 -11.60958098
v -1.68588912 -5.81184299 -37.62064075
v -1.68586969 -6.00690269 -38.09548285
v 0.50462079 4.59278431 12.28149489
v 1.00303447 4.59437838 12.2812889
v -2.44833755 6.02861398 -5.48455331
v 2.02633262 10.90167225 29.94881998
v 2.60272408 10.90167225 29.94881998
v 2.60272408 10.55504787 30.00302105
v 2.02633262 10.55504787 30.00302105
v -1.00303447 1.01496614 12.40736692
v -1.00303447 0.80199438 12.83206667
v -1.00428402 4.48642126 -3.87120221
v -1.68873286 6.69247095 -11.23644529
v -1.68891478 6.64232159 -11.75324332
v -1.27523983 -6.413795 -37.98726759
v -1.68586302 -6.07341137 -38.60450462
v -1.27593839 -6.47960465 -38.49623976
v 2.02633262 9.84626873 5.38174217
v 2.60272408 9.84626873 5.38174217
v 2.60272408 9.93680968 4.99537391
v 2.02633262 9.93680968 4.99537391
v -1.27745795 6.08550938 -12.17045685
v -0.48655984 5.76267869 -12.10696413
v -0.48655984 -6.53938828 -37.4272319
v -1.2752558 -6.21878585 -37.512559
v -0.48655984 -6.73443177 -37.90208163
v -1.68893576 6.49325046 -12.25061025
v -0.48655984 -6.80093378 -38.4111034
v -1.27411711 11.50637327 -34.28269008
v -1.27428448 10.45553253 -32.05156156
v -1.27903938 10.59060974 -18.70578975
v -1.6871978 11.09725177 -34.3990346
v -1.6921109 10.0415101 -32.16901234
v -2.01473641 9.46108439 -5.99162329
v -2.01473641 9.26357275 -6.18913643
v -2.77415657 3.92551943 -40.75969632
v -0.588642 4.59437952 5.24024895
v -0.588642 0.68636508 4.31895553
v -2.6072228 0.02449413 -42.68537902
v -2.60959983 0.02449381 -40.75969696
v -2.77415657 3.92551943 -40.75969632
v -2.77415657 3.93034727 -42.86241849
v -2.06180024 -5.28903361 -42.68537989
v -2.06198716 -5.28905204 -40.75969782
v -2.07540655 0.5155737 2.80731639
v -2.15979314 0.76886513 2.40663136
v -1.00303447 0.15383218 4.05065014
v -1.68728197 10.18608206 -18.65113855
v -2.07541227 0.76894829 3.07975162
v -2.67028522 1.60364652 17.53592136
v -1.83391345 1.53625521 -2.00480722
v -1.89481091 5.83109787 13.01646232
v -1.89481091 5.83109959 2.43179679
v -2.44833755 8.14529699 -5.48455296
v 2.60272408 10.20842666 4.69261145
v 2.02633262 10.20842666 4.69261145
v -1.00494707 -8.53136319 -7.65218588
v -1.28053045 -6.47505382 -40.75969802
v -1.28053045 -6.47505351 -42.68538008
v -0.48655984 -6.80093308 -42.68538014
v -0.48655984 -6.8009334 -40.75969807
v -1.28053045 11.77640496 -44.53486823
v -1.28053045 11.77640435 -40.75969504
v -1.00303447 1.46291099 12.56686997
v -1.00303447 1.36955573 13.0341637
v -1.89481091 4.79697998 2.43179662
v -1.89481091 4.59946685 2.62930945
v -2.15979314 -7.91436167 -1.75510357
v -0.6207121 14.0331784 -0.40561087
v -0.6207121 14.03317295 32.99121322
v -0.6207121 14.03317922 -5.484552
v -0.6207121 14.03317915 -5.03773651
v -1.28017557 -2.88045415 -31.68707895
v -0.48655984 -3.17364036 -31.54400877
v -1.28053045 -6.47505382 -40.75969802
v -0.48655984 -6.8009334 -40.75969807
v -1.89481091 5.83109959 2.43179679
v -1.00303447 1.96552607 12.62079366
v -1.00303447 1.9736389 13.09894785
v -1.83391345 -10.72439941 -0.95016672
v -1.68598866 6.68975109 -5.4845532
v -1.28040314 6.28785747 -5.48455327
v -1.68621802 -2.51808148 -31.86390727
v -1.28053045 11.77640435 -40.75969504
v -1.00303447 4.5943783 12.76011256
v -1.00303447 4.59437838 12.2812889
v -1.68586302 11.37476155 -40.75969511
v -1.68586302 -6.07341102 -40.75969795
v -1.68586302 -6.07341071 -42.68538002
v -1.68586302 -6.07341102 -40.75969795
v -1.34864259 13.43577408 33.70975332
v -1.34864259 13.43577964 -0.40561097
v -1.34864259 13.43578039 -5.03773661
v -1.34864259 13.43578047 -5.4845521
v -1.68586302 11.37476216 -44.54258161
v -1.68586302 11.37476155 -40.75969511
v -2.15979314 1.04241256 2.7007529
v -0.53611189 4.5943789 9.09697894
v -0.53611189 4.59465013 6.6837447
v -1.68586302 12.28715986 -5.48455229
v -0.50462079 4.59278431 12.28149489
v -0.50462079 4.59278423 12.76031855
v 2.60272408 10.55505201 4.59169083
v 2.02633262 10.55505201 4.59169083
v -1.83422315 5.83110046 -2.88348532
v -1.33862734 5.8311006 -3.76860428
v -2.07580376 5.83110036 -2.26092935
v -1.00509048 5.83110064 -4.03707886
v -1.1469264 13.68156556 33.41411432
v -1.1469264 13.68157107 -0.40561093
v -1.1469264 13.68157183 -5.03773657
v -1.1469264 13.6815719 -5.48455206
v -1.00303447 4.5943783 12.76011256
v -0.50462079 4.59278423 12.76031855
v -2.01473641 9.46108431 -5.48455275
v -2.60272408 9.4610309 -5.48455275
v -1.2804209 12.68891138 -5.48455222
v -2.67028522 4.59437756 17.27257231
v -1.1469264 13.6815719 -5.48455206
v -1.07475996 13.54152769 -5.48455208
v -1.07475996 13.54152769 -5.48455208
v -0.85375255 13.75086206 -5.48455205
v -0.85323191 13.75137268 -7.94570079
v -1.0739547 13.54229675 -7.94570082
v -0.48655984 5.96210331 -5.48455332
v -0.90113431 13.88328393 33.17149579
v -0.90113431 13.8832894 -0.40561089
v -0.90113431 13.88329016 -5.03773654
v -0.90113431 13.88329023 -5.48455203
v -2.93363571 1.60364648 17.7992728
v -2.93363571 1.60364441 30.4697211
v -2.67028522 4.33101464 17.5359218
v -0.58185798 13.91269106 -5.48455202
v -0.6207121 14.03317922 -5.484552
v -1.2804209 12.68891138 -5.48455222
v -1.2435739 13.1834411 -5.48455214
v -1.24261165 13.18432365 -7.94570088
v -1.27940631 12.68991695 -7.94570096
v -2.93363571 1.60364441 30.4697211
v 1.80874753 -9.80432965 -36.46983116
v 1.8481127 -9.87979007 -36.57825631
v 2.02633262 11.26383503 5.38174241
v 2.60272408 11.26383503 5.38174241
v 2.60272408 11.26383109 29.57870476
v 2.02633262 11.26383109 29.57870476
v -0.58185798 13.91269106 -5.48455202
v -0.58163267 13.9129108 -7.94570076
v -2.0147481 8.14534476 -5.99162351
v -2.01473641 8.14533704 -5.48455296
v 2.60272408 11.26383503 5.38174241
v 2.02633262 11.26383503 5.38174241
v -2.67028522 1.60364652 17.53592136
v 2.02633262 11.17329112 29.78621283
v 2.60272408 11.17329112 29.78621283
v -2.01473641 9.46108431 -5.48455275
v -2.01473641 9.46108439 -5.99162329
v -0.90113431 13.88329023 -5.48455203
v -0.85375255 13.75086206 -5.48455205
v 2.34044194 14.52278767 -3.51795937
v 2.34044194 14.37055832 -3.29013233
v 2.34044194 14.13322697 -3.52746376
v 2.34044194 14.14273027 -3.13790329
v 2.34044194 14.01428851 -3.44799171
v 1.86520159 4.92350099 3.09302649
v 1.86520159 5.05756901 3.00344526
v 1.86520159 5.50792253 3.67744798
v 1.86520159 5.37385545 3.76702897
v 1.86520159 5.21571159 2.97198881
v 1.86520159 5.37385558 3.00344531
v 1.86520159 5.59750404 3.54338046
v 1.86520159 5.50792262 3.09302658
v 1.86520159 5.59750409 3.22709413
v 1.86520159 5.62896053 3.38523742
v -2.35053134 6.58869168 11.89202988
v -2.35053134 6.84552616 12.06364171
v -2.35053134 6.41708089 11.63519678
v -2.35053134 7.14848225 12.12390349
v -0 17.62283824 86.47173596
v -0 17.62283767 89.95714093
v -0.55014843 17.85320342 89.95714097
v -0.45203495 17.55124152 89.95714092
v -0 17.62283767 89.95714093
v -0 17.94033874 89.95714098
v -0 17.94033874 89.95714098
v -0 17.94033931 86.47173602
v 2.34044194 13.87399152 -3.08444751
v 2.34044194 13.87399157 -3.42008484
v 2.34044194 13.60525087 -3.13790338
v 2.34044194 13.73369368 -3.44799176
v 2.34044194 13.37742382 -3.29013249
v 2.34044194 13.61475525 -3.52746384
v 2.34044194 13.22519455 -3.51795959
v 2.34044194 13.53528273 -3.6464023
v 2.34044194 13.17173829 -3.78670001
v 2.34044194 13.50737538 -3.78669996
v 2.34044194 13.22519464 -4.05544066
v 2.34044194 13.53528277 -3.92699736
v 2.34044194 13.37742398 -4.2832677
v 2.34044194 13.61475534 -4.04593627
v 2.34044194 13.60525108 -4.4354965
v 2.34044194 13.73369379 -4.12540832
v 2.34044194 13.87399174 -4.48895276
v 2.34044194 13.87399169 -4.15331471
v 2.34044194 14.14273048 -4.43549641
v 2.34044194 14.01428862 -4.12540827
v 2.34044194 14.37055848 -4.28326754
v 2.34044194 14.13322705 -4.04593619
v 2.34044194 14.52278775 -4.05544044
v 2.34044194 14.21269862 -3.92699725
v 2.34044194 14.57624402 -3.78669978
v 0.18621692 15.16103025 -2.63739196
v 0.17204203 15.16103023 -2.5661296
v -0.13167526 15.16103022 -2.50571648
v -0.17204203 15.16103023 -2.5661296
v -0.18621692 15.16103025 -2.63739196
v -0.17204203 15.16103026 -2.70865384
v -0.13167526 15.16103027 -2.76906696
v -0.07126214 15.16103027 -2.80943385
v -0 15.16103028 -2.82360855
v 0.07126214 15.16103027 -2.80943385
v 0.13167526 15.16103027 -2.76906696
v 0.17204203 15.16103026 -2.70865384
v -2.35053134 6.35681874 11.33223923
v -2.35053134 6.41708099 11.02928266
v -2.35053134 7.45143885 12.06364181
v -2.35053134 6.58869186 10.77244866
v -2.35053134 6.8455264 10.60083787
v -2.35053134 7.70827338 11.89203006
v -2.35053134 7.14848251 10.54057619
v -2.35053134 7.45143908 10.60083797
v -2.35053134 7.87988425 11.63519702
v -2.35053134 7.70827356 10.77244884
v -2.35053134 7.87988435 11.0292829
v -2.35053134 7.94014603 11.33223949
v 2.35053134 6.84552616 12.06364171
v 2.35053134 6.58869168 11.89202988
v 2.35053134 6.41708089 11.63519678
v 2.35053134 7.14848225 12.12390349
v 2.35053134 6.35681874 11.33223923
v 2.35053134 6.41708099 11.02928266
v 2.35053134 7.45143885 12.06364181
v 2.35053134 6.58869186 10.77244866
v 2.35053134 6.8455264 10.60083787
v 2.35053134 7.70827338 11.89203006
v 2.35053134 7.14848251 10.54057619
v 2.35053134 7.45143908 10.60083797
v 2.35053134 7.87988425 11.63519702
v 2.35053134 7.70827356 10.77244884
v -0.45203495 17.55124209 86.47173595
v -0.55014843 17.85320399 86.471736
v -0 17.94033931 86.47173602
v -0 17.62283824 86.47173596
v 0.45203495 17.55124209 86.47173595
v 0.45203495 17.55124152 89.95714092
v 0.45203495 17.55124152 89.95714092
v 0.55014843 17.85320342 89.95714097
v 0.55014843 17.85320342 89.95714097
v 0.55014843 17.85320399 86.471736
v 0.55014843 17.85320399 86.471736
v 0.45203495 17.55124209 86.47173595
v 0.85982162 17.34346507 86.47173592
v 0.85982162 17.3434645 89.95714089
v 0.85982162 17.3434645 89.95714089
v 1.04644465 17.60032714 89.95714093
v 1.04644465 17.60032714 89.95714093
v 1.04644465 17.60032771 86.47173596
v 1.63852835 13.8739917 -4.22044242
v 1.49214971 13.8739917 -4.22044242
v 1.63852835 13.70800468 -4.18742576
v 1.49214971 13.70800468 -4.18742576
v 1.63852835 13.56728907 -4.09340208
v 1.49214971 13.56728907 -4.09340208
v 1.63852835 13.47326534 -3.95268602
v 1.49214971 13.47326534 -3.95268602
v 1.63852835 13.44024815 -3.78669997
v 1.49214971 13.44024815 -3.78669997
v 1.63852835 13.47326528 -3.62071366
v 1.49214971 13.47326528 -3.62071366
v 1.49214971 13.47326528 -3.62071366
v 1.63852835 13.47326528 -3.62071366
v 1.63852835 13.56728897 -3.47999757
v 1.49214971 13.56728897 -3.47999757
v 1.63852835 13.70800455 -3.38597408
v 1.49214971 13.70800455 -3.38597408
v 1.63852835 13.87399156 -3.35295737
v 1.49214971 13.87399156 -3.35295737
v 1.63852835 14.03997572 -3.38597403
v 1.49214971 14.03997572 -3.38597403
v 1.46304739 8.54132599 91.09927507
v 0.76916957 8.18777698 91.09927502
v 0.48795074 9.05328039 90.49744563
v 0.92813742 9.27756647 90.49744566
v 1.63852835 14.18069324 -3.47999747
v 1.49214971 14.18069324 -3.47999747
v 1.63852835 14.27471792 -3.62071353
v 1.49214971 14.27471792 -3.62071353
v 1.63852835 14.3077332 -3.78669983
v 1.49214971 14.3077332 -3.78669983
v 1.63852835 14.27471797 -3.95268589
v 1.49214971 14.27471797 -3.95268589
v -2.87201858 6.61349538 32.02029145
v -2.87201858 6.31053831 32.08055218
v 1.63852835 14.18069334 -4.09340198
v 1.63852835 14.41802477 -4.33073333
v 1.63852835 14.16842057 -4.49751385
v 1.63852835 14.03997585 -4.18742571
v -2.87201858 6.91645123 33.54335898
v -2.87201858 7.17328529 33.37174723
v 1.63852835 13.87399175 -4.55607999
v 1.63852835 13.8739917 -4.22044242
v 1.63852835 13.57956197 -4.49751394
v 1.63852835 13.70800468 -4.18742576
v -2.87201858 6.05370378 32.25216773
v 1.63852835 13.32995676 -4.33073351
v 1.63852835 13.56728907 -4.09340208
v 1.63852835 13.16317625 -4.08112884
v 1.63852835 13.47326534 -3.95268602
v 0 13.04412311 91.09927581
v 0.76916957 12.92229789 91.09927579
v 0.48795074 12.05679564 90.49744612
v 0 12.13407949 90.49744613
v 1.63852835 13.10461201 -3.78670002
v 1.63852835 13.44024815 -3.78669997
v 1.63852835 13.16317615 -3.49227119
v 1.63852835 13.47326528 -3.62071366
v 1.63852835 13.32995658 -3.24266622
v 1.63852835 13.56728897 -3.47999757
v 1.63852835 13.57956173 -3.07588547
v 1.63852835 13.70800455 -3.38597408
v 1.63852835 13.8739915 -3.0173198
v 1.63852835 13.87399156 -3.35295737
v 1.63852835 14.16842034 -3.07588537
v 1.63852835 14.03997572 -3.38597403
v 1.63852835 14.41802459 -3.24266604
v 1.63852835 14.18069324 -3.47999747
v 1.63852835 14.58480606 -3.49227095
v 1.63852835 14.27471792 -3.62071353
v 1.63852835 14.64337029 -3.78669977
v 1.63852835 14.3077332 -3.78669983
v 1.63852835 14.58480615 -4.08112861
v 1.63852835 14.27471797 -3.95268589
v -2.87201858 6.91645147 32.08055227
v -2.87201858 5.88209338 32.50899983
v -2.87201858 6.61349512 33.6036197
v -2.87201858 7.34489664 33.11491132
v -2.87201858 7.17328547 32.25216792
v -2.87201858 7.34489674 32.50900007
v -2.87201858 7.40515794 32.8119557
v 2.87201858 6.31053807 33.54335888
v 2.87201858 6.05370359 33.37174705
v 2.87201858 5.88209328 33.11491108
v 1.46304739 12.56874984 91.09927573
v 0.92813742 11.83251051 90.49744608
v 2.87201858 6.61349512 33.6036197
v 2.87201858 5.82183065 32.81195545
v 2.87201858 5.88209338 32.50899983
v 0 8.06595272 91.099275
v 0 8.97599653 90.49744562
v 2.87201858 6.91645123 33.54335898
v 2.87201858 6.05370378 32.25216773
v 2.87201858 6.31053831 32.08055218
v 2.01371193 12.01808494 91.09927564
v 1.27747142 11.48317579 90.49744602
v 2.87201858 7.17328529 33.37174723
v 2.87201858 6.61349538 32.02029145
v -1.86520159 4.80246346 3.38523728
v -1.86520159 4.8339199 3.54338033
v 2.87201858 6.91645147 32.08055227
v 2.87201858 7.34489664 33.11491132
v 2.87201858 7.17328547 32.25216792
v -1.86520159 5.59750409 3.22709413
v -1.86520159 5.50792262 3.09302658
v -1.86520159 5.59750404 3.54338046
v -1.86520159 5.62896053 3.38523742
v -1.86520159 4.83391995 3.22709401
v -1.86520159 5.21571145 3.79848589
v -1.86520159 5.37385545 3.76702897
v -1.86520159 4.92350099 3.09302649
v 1.86520159 5.05756889 3.76702892
v 1.86520159 4.92350089 3.67744788
v 1.86520159 4.8339199 3.54338033
v -1.04644465 17.60032714 89.95714093
v -0.85982162 17.3434645 89.95714089
v 2.01371193 12.01808459 93.2453938
v 2.01371193 12.01808494 91.09927564
v 1.46304739 12.56874984 91.09927573
v 1.46304739 12.56874949 93.24539389
v -0.85982162 17.34346507 86.47173592
v -1.04644465 17.60032771 86.47173596
v 0.76916957 12.92229789 91.09927579
v 0.76916957 12.92229754 93.24539395
v 0 13.04412311 91.09927581
v 0 13.04412276 93.24539397
v 0 8.06595237 93.24539316
v 0 8.06595272 91.099275
v 0.76916957 8.18777698 91.09927502
v 0.76916957 8.18777663 93.24539318
v 1.46304739 8.54132599 91.09927507
v 1.46304739 8.54132564 93.24539324
v -1.69318283 16.71016944 89.95714078
v -1.39122045 16.61205734 89.95714077
v -1.18344283 17.01984275 89.95714083
v -1.44030738 17.20646537 89.95714086
v 2.01371193 9.09198993 91.09927516
v 2.01371193 9.09198958 93.24539333
v -1.44030738 17.20646594 86.4717359
v -1.18344283 17.01984332 86.47173587
v 2.36726046 9.78586811 91.09927528
v 2.36726046 9.78586776 93.24539344
v 2.4890852 10.55503792 91.0992754
v 2.4890852 10.55503757 93.24539357
v 2.36726046 11.32420677 91.09927553
v 2.36726046 11.32420642 93.24539369
v 2.87201858 7.34489674 32.50900007
v 2.87201858 7.40515794 32.8119557
v 2.36726046 11.32420677 91.09927553
v 1.50175786 11.04298929 90.49744595
v -1.86520159 4.92350015 8.22271809
v -1.86520159 5.05756815 8.31229865
v 2.4890852 10.55503792 91.0992754
v 1.57904172 10.55503801 90.49744587
v 2.36726046 9.78586811 91.09927528
v 1.50175786 10.06708769 90.49744579
v 2.01371193 9.09198993 91.09927516
v 1.27747142 9.62690119 90.49744572
v -1.86520159 4.83391916 8.08864958
v -1.86520159 5.05756901 3.00344526
v -1.86520159 5.21571071 8.34375562
v -1.86520159 4.80246272 7.93050749
v -1.86520159 4.83391921 7.7723635
v -1.86520159 5.37385471 8.3122987
v -1.86520159 4.92350025 7.63829598
v -1.86520159 5.05756827 7.54871498
v -1.86520159 5.50792179 8.22271818
v -1.86520159 5.21571085 7.51725854
v -1.86520159 5.37385484 7.54871504
v -1.86520159 5.5975033 8.08864971
v -1.86520159 5.50792188 7.63829607
v -1.86520159 5.59750335 7.77236362
v 1.04644465 17.60032771 86.47173596
v 0.85982162 17.34346507 86.47173592
v 1.18344283 17.01984332 86.47173587
v 1.18344283 17.01984275 89.95714083
v 0.48795074 12.05680184 52.39502531
v 0.71788186 12.76446072 34.16196268
v 0.92813742 11.83251672 52.39502527
v 1.36549246 12.43448559 34.16196263
v 1.27747142 11.483182 52.39502522
v 1.879439 11.92053906 34.16196254
v 1.50175786 11.0429955 52.39502515
v 2.20941329 11.27292935 34.16196244
v 1.57904172 10.55504422 52.39502507
v 2.32311463 10.55504719 34.16196232
v 1.50175786 10.0670939 52.39502499
v 2.20941329 9.83716599 34.1619622
v 1.27747142 9.6269074 52.39502491
v 1.879439 9.18955437 34.1619621
v 0.92813742 9.27757268 52.39502486
v 1.36549246 8.67560784 34.16196202
v 0.48795074 9.0532866 52.39502482
v 0.71788186 8.34563366 34.16196196
v 0 8.97600274 52.39502481
v 0 8.2319328 34.16196194
v 0 12.13408015 86.48948867
v 0.48795074 12.05679629 86.48948866
v 0.92813742 11.83251116 86.48948862
v 1.27747142 11.48317645 86.48948857
v 1.50175786 11.04298995 86.48948849
v 1.57904172 10.55503867 86.48948841
v 1.50175786 10.06708834 86.48948833
v 1.27747142 9.62690184 86.48948826
v 0.92813742 9.27756712 86.48948821
v 0.48795074 9.05328104 86.48948817
v 0 8.97599719 86.48948816
v -2.20941329 9.83716599 34.1619622
v -1.879439 9.18955437 34.1619621
v -1.27747142 9.6269074 52.39502491
v -1.50175786 10.0670939 52.39502499
v -1.879439 11.92053906 34.16196254
v -1.27747142 11.483182 52.39502522
v 1.0887785 12.34416697 86.48948871
v 1.0887785 12.3441664 89.96683703
v 1.49857509 11.6438166 89.96683692
v 1.49857509 11.64381716 86.48948859
v 1.76168072 11.12744296 89.96683683
v 1.76168072 11.12744353 86.48948851
v 1.8523407 10.5550381 89.96683674
v 1.8523407 10.55503867 86.48948841
v 1.76168072 9.98263324 89.96683665
v 1.76168072 9.9826338 86.48948832
v 1.49857509 9.46625865 89.96683656
v 1.49857509 9.46625922 86.48948824
v 1.0887785 9.05646289 89.9668365
v 1.0887785 9.05646346 86.48948817
v 0 12.13407958 89.966837
v 0 12.13407949 90.49744613
v 0.48795074 12.05679564 90.49744612
v 0.48795074 12.05679572 89.96683699
v 0.92813742 11.83251051 90.49744608
v 0.92813742 11.8325106 89.96683695
v 1.27747142 11.48317579 90.49744602
v 1.27747142 11.48317588 89.96683689
v 1.50175786 11.04298929 90.49744595
v 1.50175786 11.04298938 89.96683682
v 1.57904172 10.55503801 90.49744587
v 1.57904172 10.5550381 89.96683674
v 1.50175786 10.06708769 90.49744579
v 1.50175786 10.06708777 89.96683666
v 1.27747142 9.62690119 90.49744572
v 1.27747142 9.62690127 89.96683659
v 0.92813742 9.27756647 90.49744566
v 0.92813742 9.27756656 89.96683653
v 0.48795074 9.05328039 90.49744563
v 0.48786512 9.05382026 89.96769099
v 1.27747142 11.48317588 89.96683689
v 1.49857509 11.6438166 89.96683692
v 1.49857509 11.64381716 86.48948859
v 1.27747142 11.48317645 86.48948857
v 1.50175786 11.04298938 89.96683682
v 1.76168072 11.12744296 89.96683683
v 1.76168072 11.12744353 86.48948851
v 1.50175786 11.04298995 86.48948849
v 1.57904172 10.5550381 89.96683674
v 1.8523407 10.5550381 89.96683674
v 1.8523407 10.55503867 86.48948841
v 1.57904172 10.55503867 86.48948841
v 1.50175786 10.06708777 89.96683666
v 1.76168072 9.98263324 89.96683665
v 1.76168072 9.9826338 86.48948832
v 1.50175786 10.06708834 86.48948833
v 1.27747142 9.62690127 89.96683659
v 1.49857509 9.46625865 89.96683656
v 1.49857509 9.46625922 86.48948824
v 1.27747142 9.62690184 86.48948826
v 0.70366353 7.5277009 61.49416092
v 0.70366353 7.52769682 86.48948792
v 0.73987573 7.29906247 86.48948788
v 0.73987573 7.29906654 61.49416089
v 0.59857196 7.7339549 61.49416096
v 0.59857196 7.73395083 86.48948795
v 0.43488804 7.89763879 61.49416099
v 0.43488804 7.89763472 86.48948798
v 0.22863416 8.00273084 61.494161
v 0.22863416 8.00272677 86.489488
v 0 8.03894281 61.49416101
v 0 8.03893874 86.489488
v 0.93460888 6.01268456 86.48948767
v 0.43488804 6.70049069 86.48948779
v 0.59857196 6.8641741 86.48948781
v 1.28637874 6.36445353 86.48948773
v 1.28637874 6.36445296 89.96683606
v 1.06527519 6.52509463 89.96683609
v 0.77396774 6.23378718 89.96683604
v 0.93460888 6.01268399 89.966836
v 0.49135298 5.78683398 86.48948764
v 0.22863416 6.59539912 86.48948777
v 0.40689892 6.04675639 89.96683601
v 0.49135298 5.78683341 89.96683596
v 1.59005165 7.2990619 89.96683621
v 1.31675255 7.2990619 89.96683621
v 1.2523061 6.8921634 89.96683614
v 1.51222897 6.80770934 89.96683613
v 1.51222897 6.80770991 86.4894878
v 0.70366353 7.07042859 86.48948785
v 0.73987573 7.29906247 86.48948788
v 1.59005165 7.29906247 86.48948788
v 1.28637874 8.2336714 86.48948804
v 0.59857196 7.73395083 86.48948795
v 0.43488804 7.89763472 86.48948798
v 1.06527519 8.07303012 89.96683634
v 1.28637874 8.23367084 89.96683636
v 1.51222897 7.7904155 86.48948796
v 0.70366353 7.52769682 86.48948792
v 1.2523061 7.70596088 89.96683628
v 1.51222897 7.79041493 89.96683629
v 1.31675255 7.2990619 89.96683621
v 1.2523061 6.8921634 89.96683614
v 1.06527519 6.52509463 89.96683609
v 0.77396774 6.23378718 89.96683604
v 0.40689892 6.04675639 89.96683601
v 0.40689892 8.55136836 89.96683642
v 0.77396774 8.36433757 89.96683638
v 1.06527519 8.07303012 89.96683634
v 1.2523061 7.70596088 89.96683628
v 1.59005165 7.29906247 86.48948788
v 1.59005165 7.2990619 89.96683621
v 1.51222897 6.80770934 89.96683613
v 1.51222897 6.80770991 86.4894878
v 1.28637874 6.36445296 89.96683606
v 1.28637874 6.36445353 86.48948773
v 0.93460888 6.01268399 89.966836
v 0.93460888 6.01268456 86.48948767
v 0.22863416 6.59540319 61.49416077
v 0.22863416 6.59539912 86.48948777
v 0.43488804 6.70049476 61.49416079
v 0.43488804 6.70049069 86.48948779
v 0.59857196 6.86417818 61.49416082
v 0.59857196 6.8641741 86.48948781
v 0.70366353 7.07043266 61.49416085
v 0.70366353 7.07042859 86.48948785
v 1.51222897 7.7904155 86.48948796
v 1.51222897 7.79041493 89.96683629
v 1.28637874 8.2336714 86.48948804
v 1.28637874 8.23367084 89.96683636
v 1.09018123 8.5854418 86.48948809
v 1.09018123 8.58544124 89.96683642
v 0.49135298 5.78683341 89.96683596
v 0.49135298 5.78683398 86.48948764
v 0 5.70901025 89.96683595
v 0 5.70901082 86.48948762
v 0 8.97599653 90.49744562
v 0 8.9765364 89.96769098
v 2.07611823 -8.81181028 -36.42291785
v 2.04096651 -8.78951526 -36.55282355
v 2.07611823 -8.7738788 -36.68370199
v 2.17255259 -8.76912853 -36.78045797
v 2.304317 -8.77654716 -36.81705999
v 2.43608141 -8.79408428 -36.78408957
v 2.53251576 -8.81709645 -36.6899848
v 2.56766748 -8.83939147 -36.56007911
v 2.56766748 -8.00563314 -36.43880212
v 2.53251576 -8.02820282 -36.30893457
v 2.43608141 -8.05196935 -36.21494424
v -0.71788186 8.34563366 34.16196196
v 0 8.2319328 34.16196194
v 0 8.97600274 52.39502481
v -0.48795074 9.0532866 52.39502482
v -1.36549246 8.67560784 34.16196202
v -0.92813742 9.27757268 52.39502486
v -2.32311463 10.55504719 34.16196232
v -1.57904172 10.55504422 52.39502507
v -2.20941329 11.27292935 34.16196244
v -1.50175786 11.0429955 52.39502515
v -1.86520159 5.62895979 7.93050762
v 1.86520159 5.05756815 8.31229865
v 1.86520159 4.92350015 8.22271809
v 1.86520159 4.83391916 8.08864958
v 1.86520159 5.21571071 8.34375562
v -0.48795074 9.05328039 90.49744563
v -0.76916957 8.18777698 91.09927502
v -1.46304739 8.54132599 91.09927507
v -0.92813742 9.27756647 90.49744566
v 1.86520159 4.80246272 7.93050749
v 1.86520159 4.83391921 7.7723635
v -2.87201858 5.82183065 32.81195545
v 1.86520159 5.37385471 8.3122987
v 1.86520159 4.92350025 7.63829598
v -2.87201858 5.88209328 33.11491108
v -2.87201858 6.31053807 33.54335888
v 1.86520159 5.05756827 7.54871498
v -2.87201858 6.05370359 33.37174705
v -0.48795074 12.05679564 90.49744612
v -0.76916957 12.92229789 91.09927579
v 1.86520159 5.50792179 8.22271818
v 1.86520159 5.21571085 7.51725854
v 1.86520159 5.37385484 7.54871504
v 1.86520159 5.5975033 8.08864971
v 1.86520159 5.50792188 7.63829607
v 1.86520159 5.59750335 7.77236362
v 1.86520159 5.62895979 7.93050762
v -2.53317833 10.26284376 -3.8430593
v -2.53317833 10.39691033 -3.75347826
v -2.53317833 10.17326229 -3.97712685
v -2.53317833 10.55505336 -3.72202129
v -2.53317833 10.14180537 -4.1352699
v -2.53317833 10.17326234 -4.29341341
v -2.53317833 10.71319737 -3.75347821
v -2.53317833 10.26284385 -4.42748093
v -0.92813742 11.83251051 90.49744608
v -1.46304739 12.56874984 91.09927573
v -2.53317833 10.39691045 -4.51706192
v -2.53317833 10.84726396 -3.8430592
v -2.53317833 10.5550535 -4.54851837
v -2.53317833 10.71319749 -4.51706187
v -2.53317833 10.93684452 -3.97712672
v -2.53317833 10.84726406 -4.42748084
v -1.27747142 11.48317579 90.49744602
v -2.01371193 12.01808494 91.09927564
v -2.53317833 10.93684457 -4.29341329
v -1.86520159 5.50792253 3.67744798
v -2.53317833 10.96830149 -4.13526976
v -1.86520159 5.21571159 2.97198881
v 2.53317833 10.39691033 -3.75347826
v 2.53317833 10.26284376 -3.8430593
v 2.53317833 10.17326229 -3.97712685
v 1.86520159 5.21571145 3.79848589
v 1.86520159 4.80246346 3.38523728
v 1.86520159 4.83391995 3.22709401
v -1.86520159 5.37385558 3.00344531
v -2.01371193 12.01808459 93.2453938
v -1.46304739 12.56874949 93.24539389
v -1.46304739 12.56874984 91.09927573
v -2.01371193 12.01808494 91.09927564
v -0.76916957 12.92229754 93.24539395
v -0.76916957 12.92229789 91.09927579
v -0.76916957 8.18777663 93.24539318
v -0.76916957 8.18777698 91.09927502
v 0 8.06595272 91.099275
v 0 8.06595237 93.24539316
v -1.46304739 8.54132564 93.24539324
v -1.46304739 8.54132599 91.09927507
v -2.01371193 9.09198958 93.24539333
v -2.01371193 9.09198993 91.09927516
v -2.36726046 9.78586776 93.24539344
v -2.36726046 9.78586811 91.09927528
v -2.4890852 10.55503757 93.24539357
v -2.4890852 10.55503792 91.0992754
v -2.36726046 11.32420642 93.24539369
v -2.36726046 11.32420677 91.09927553
v 2.53317833 10.55505336 -3.72202129
v 2.53317833 10.14180537 -4.1352699
v 2.53317833 10.17326234 -4.29341341
v -1.50175786 11.04298929 90.49744595
v -2.36726046 11.32420677 91.09927553
v -1.57904172 10.55503801 90.49744587
v -2.4890852 10.55503792 91.0992754
v 2.53317833 10.71319737 -3.75347821
v -1.50175786 10.06708769 90.49744579
v -2.36726046 9.78586811 91.09927528
v 2.53317833 10.26284385 -4.42748093
v -1.27747142 9.62690119 90.49744572
v -2.01371193 9.09198993 91.09927516
v 2.53317833 10.39691045 -4.51706192
v 2.53317833 10.84726396 -3.8430592
v 2.53317833 10.5550535 -4.54851837
v 2.53317833 10.71319749 -4.51706187
v 2.53317833 10.93684452 -3.97712672
v 2.53317833 10.84726406 -4.42748084
v 2.53317833 10.93684457 -4.29341329
v 2.53317833 10.96830149 -4.13526976
v -1.86520159 4.92350089 3.67744788
v -1.86520159 5.05756889 3.76702892
v 2.304317 -8.07053644 -36.18212259
v 2.17255259 -8.07898408 -36.21887339
v 2.07611823 -8.07499008 -36.31574381
v 2.04096651 -8.05962636 -36.44665659
v 2.07611823 -8.03705669 -36.57652414
v 2.17255259 -8.01329015 -36.67051827
v 2.304317 -7.99472306 -36.70333611
v 2.43608141 -7.98627542 -36.66658913
v 2.53251576 -7.9902699 -36.56972252
v -0.48795074 12.05679629 86.48948866
v -0.92813742 11.83251116 86.48948862
v -1.27747142 11.48317645 86.48948857
v -1.50175786 11.04298995 86.48948849
v -1.57904172 10.55503867 86.48948841
v -1.50175786 10.06708834 86.48948833
v -1.27747142 9.62690184 86.48948826
v -0.92813742 9.27756712 86.48948821
v -0.48795074 9.05328104 86.48948817
v 0 8.97599719 86.48948816
v -1.0887785 12.34416697 86.48948871
v -1.0887785 12.3441664 89.96683703
v 2.56766748 -8.00563314 -36.43880212
v -1.49857509 11.6438166 89.96683692
v -1.49857509 11.64381716 86.48948859
v -1.76168072 11.12744296 89.96683683
v -1.76168072 11.12744353 86.48948851
v -1.8523407 10.5550381 89.96683674
v -1.8523407 10.55503867 86.48948841
v -1.76168072 9.98263324 89.96683665
v -1.76168072 9.9826338 86.48948832
v -1.49857509 9.46625865 89.96683656
v -1.49857509 9.46625922 86.48948824
v -0.48795074 12.05679564 90.49744612
v -0.48795074 12.05679572 89.96683699
v -0.92813742 11.83251051 90.49744608
v -0.92813742 11.8325106 89.96683695
v -1.27747142 11.48317579 90.49744602
v -1.27747142 11.48317588 89.96683689
v 1.24864137 11.07225103 31.06847562
v 1.24864137 11.07225115 30.28505696
v 1.3515197 10.55504782 30.28505688
v 1.3515197 10.5550477 31.06847554
v 0.95566869 11.51071614 31.06847569
v 0.95566869 11.51071627 30.28505704
v -0 9.20352811 31.06847532
v -0 9.20352824 30.28504331
v 1.24864137 10.03784436 31.06847545
v 1.24864137 10.03784449 30.2850568
v 0.95566869 9.59937842 30.28505672
v 0.95566869 9.59937829 31.06847538
v -0.51720423 11.80368966 31.06847574
v -0.51720423 11.80368979 30.28505708
v -0.95566869 11.51071614 31.06847569
v -0.95566869 11.51071627 30.28505704
v -1.24864137 11.07225103 31.06847562
v -1.24864137 11.07225115 30.28505696
v -1.3515197 10.5550477 31.06847554
v -1.3515197 10.55504782 30.28505688
v -1.24864137 10.03784436 31.06847545
v -1.24864137 10.03784449 30.2850568
v 1.86246181 -9.8933904 -36.71338815
v 0.72991246 10.85739171 3.70807991
v 0.72991246 10.85738956 16.8756064
v 0.79005152 10.55505001 16.87560635
v 0.79005152 10.55505215 3.70807987
v 0.55865079 11.11370312 3.70807996
v 0.55865079 11.11370098 16.87560644
v 0.30233964 11.28496396 3.70807998
v 0.30233964 11.28496181 16.87560647
v -0 11.34510457 3.70807999
v -0 11.34510242 16.87560648
v -0.30233964 11.28496396 3.70807998
v -0.30233964 11.28496181 16.87560647
v -0.55865079 11.11370312 3.70807996
v -0.55865079 11.11370098 16.87560644
v -0.72991246 10.85739171 3.70807991
v -0.72991246 10.85738956 16.8756064
v -0.79005152 10.55505215 3.70807987
v -0.79005152 10.55505001 16.87560635
v -0.72991246 10.2527126 3.70807982
v -0.72991246 10.25271045 16.8756063
v -0.55865079 9.99640118 3.70807977
v -0.55865079 9.85099327 16.87560623
v -0.30233964 9.8251394 3.70807975
v -0.30233964 9.82513725 16.87560623
v -0 9.76500069 3.70807974
v -0 9.76499855 16.87560622
v 0.30233964 9.8251394 3.70807975
v 0.30233964 9.82513725 16.87560623
v -0 9.76499855 16.87560622
v -0 9.76500069 3.70807974
v 0.55865079 9.99640118 3.70807977
v 0.55865079 9.99639904 16.87560626
v 0.72991246 10.2527126 3.70807982
v 0.72991246 10.25271045 16.8756063
v 0.47043911 4.66205958 89.07638626
v 0.47043911 5.92908409 89.07638646
v -0.47043911 5.92908409 89.07638646
v -0.47043911 4.66205958 89.07638626
v 0.47043911 4.91777609 87.9133614
v -0.47043911 4.91777609 87.9133614
v -0.47043911 4.68577624 87.74480515
v 0.47043911 4.68577624 87.74480515
v 0.47043911 4.39900828 87.7448051
v -0.47043911 4.39900828 87.7448051
v -0.47043911 5.00639242 88.18608938
v 0.47043911 5.00639242 88.18608938
v 0.47043911 4.917776 88.45882496
v -0.47043911 4.917776 88.45882496
v 0.47043911 4.16700838 87.91336127
v -0.47043911 4.16700838 87.91336127
v -0.47043911 4.07839244 88.18608923
v 0.47043911 4.07839244 88.18608923
v -0.47043911 4.66205987 87.29579239
v -0.47043911 5.92908438 87.29579259
v 0.47043911 5.92908438 87.29579259
v 0.47043911 4.66205987 87.29579239
v 0.47043911 4.39900814 88.62738872
v 0.47043911 4.16700829 88.45882484
v -0.47043911 4.16700829 88.45882484
v -0.47043911 4.39900814 88.62738872
v 0.47043911 3.80064679 87.75069489
v 0.47043911 3.67449563 88.18608916
v -0.47043911 3.67449563 88.18608916
v -0.47043911 3.80064679 87.75069489
v 0.47043911 4.6857761 88.62738876
v -0.47043911 4.6857761 88.62738876
v 0.47043911 5.00639242 88.18608938
v -0.47043911 5.00639242 88.18608938
v 0.47043911 3.80064665 88.6214911
v 0.47043911 4.17909985 88.96266242
v -0.47043911 4.17909985 88.96266242
v -0.47043911 3.80064665 88.6214911
v 0.47043911 4.1791001 87.40953132
v -0.47043911 4.1791001 87.40953132
v 2.47288132 4.14810317 88.19877692
v 2.43997216 4.13375417 88.33053656
v 2.53251576 3.69187084 88.33053649
v 2.56766748 3.69551247 88.19877685
v 2.34968948 4.09438886 88.42697973
v 2.43608141 3.68188109 88.42697966
v 2.22633147 4.0406021 88.46213597
v 2.304317 3.66823162 88.46213591
v 2.10297322 3.98681487 88.42697971
v 2.17255259 3.65458216 88.42697966
v 2.01269078 3.94744984 88.33053653
v 2.07611823 3.64459196 88.33053648
v 1.97978151 3.93310087 88.19877689
v 2.04096651 3.64095085 88.19877684
v 2.01269078 3.94744988 88.06701724
v 2.07611823 3.644592 88.0670172
v 2.10297322 3.98681495 87.9705817
v 2.17255259 3.65458223 87.97058165
v 2.22633147 4.04060219 87.93543309
v 2.304317 3.6682317 87.93543303
v 2.34968948 4.09438893 87.97058172
v 2.43608141 3.68188116 87.97058165
v 2.43997216 4.13375421 88.06701728
v 2.53251576 3.69187088 88.0670172
v 2.47288132 4.14810317 88.19877692
v 2.56766748 3.69551247 88.19877685
v 2.1996913 4.5341143 88.19877698
v 2.17495966 4.50821057 88.33053662
v 2.10711169 4.43714609 88.42697979
v 2.01440692 4.34004582 88.46213602
v 1.92170215 4.24294652 88.42697976
v 1.8538543 4.17188207 88.33053657
v 1.82912278 4.14597791 88.19877692
v 1.8538543 4.17188211 88.06701728
v 1.92170215 4.2429466 87.97058175
v 2.01440692 4.34004591 87.93543314
v 2.10711169 4.43714616 87.97058178
v 2.17495966 4.50821062 88.06701734
v 2.1996913 4.5341143 88.19877698
v 1.82799411 4.77214616 88.19877702
v 1.81471169 4.73890964 88.33053666
v 1.77827299 4.64773073 88.42697982
v 1.72848463 4.52314795 88.46213605
v 1.67869627 4.39856519 88.42697978
v 1.64225757 4.30738679 88.33053659
v 1.62897503 4.27415031 88.19877694
v 1.64225757 4.30738683 88.0670173
v 1.67869627 4.39856527 87.97058177
v 1.72848463 4.52314804 87.93543317
v 1.77827299 4.6477308 87.97058181
v 1.81471169 4.73890968 88.06701737
v 1.82799411 4.77214616 88.19877702
v 1.40779066 4.85330861 88.19877704
v 1.40442693 4.81815711 88.33053667
v 1.39519894 4.72172298 88.42697983
v 1.38259029 4.58995808 88.46213606
v 1.36998141 4.45819415 88.42697979
v 1.36075342 4.36175958 88.3305366
v 1.35738969 4.32660764 88.19877695
v 1.36075342 4.36175962 88.06701731
v 1.36998141 4.45819423 87.97058178
v 1.38259029 4.58995817 87.93543318
v 1.39519894 4.72172305 87.97058182
v 1.40442693 4.81815715 88.06701739
v 1.40779066 4.85330861 88.19877704
v -1.4098711 4.85330861 88.19877704
v -1.40622973 4.81815711 88.33053667
v -1.39623988 4.72172298 88.42697983
v -1.38259029 4.58995808 88.46213606
v -1.36894047 4.45819415 88.42697979
v -1.35895085 4.36175958 88.3305366
v -1.35530937 4.32660764 88.19877695
v -1.35895085 4.36175962 88.06701731
v -1.36894047 4.45819423 87.97058178
v -1.38259029 4.58995817 87.93543318
v -1.39623988 4.72172305 87.97058182
v -1.40622973 4.81815715 88.06701739
v -1.4098711 4.85330861 88.19877704
v -1.86246181 4.75852292 88.19877702
v -1.8481127 4.72561351 88.33053666
v -1.80874753 4.63533105 88.42697982
v -1.75496066 4.5119728 88.46213605
v -1.70117366 4.38861408 88.42697978
v -1.66180861 4.29833213 88.33053659
v -1.64745927 4.26542276 88.19877694
v -1.66180861 4.29833217 88.0670173
v -1.70117366 4.38861415 87.97058177
v -1.75496066 4.51197288 87.93543317
v -1.80874753 4.63533113 87.97058181
v -1.8481127 4.72561355 88.06701737
v -1.86246181 4.75852292 88.19877702
v -2.24847317 4.48533242 88.19877698
v -2.22256899 4.46060124 88.33053662
v -2.15150476 4.39275302 88.42697978
v -2.05440474 4.30004872 88.46213602
v -1.95730507 4.20734348 88.42697975
v -1.88624072 4.13949576 88.33053656
v -1.86033666 4.11476415 88.19877692
v -1.88624072 4.13949581 88.06701728
v -1.95730507 4.20734355 87.97058174
v -2.05440474 4.30004881 87.93543313
v -2.15150476 4.3927531 87.97058177
v -2.22256899 4.46060129 88.06701733
v -2.24847317 4.48533242 88.19877698
v -2.48650432 4.11363548 88.19877692
v -2.45326829 4.10035316 88.33053656
v -2.36208963 4.06391467 88.42697973
v -2.23750663 4.01412619 88.46213597
v -2.11292362 3.96433772 88.42697971
v -2.0217452 3.92789904 88.33053653
v -1.98850918 3.91461676 88.19877688
v -2.0217452 3.92789908 88.06701724
v -2.11292362 3.9643378 87.9705817
v -2.23750663 4.01412628 87.93543309
v -2.36208963 4.06391475 87.97058172
v -2.45326829 4.1003532 88.06701727
v -2.48650432 4.11363548 88.19877692
v -2.56766748 3.69343203 88.19877685
v -2.53251576 3.6900684 88.33053649
v -2.43608141 3.68084039 88.42697966
v -2.304317 3.66823162 88.46213591
v -2.17255259 3.65562286 88.42697966
v -2.07611823 3.64639488 88.33053648
v -2.04096651 3.64303129 88.19877684
v -2.07611823 3.64639493 88.0670172
v -2.17255259 3.65562293 87.97058165
v -2.304317 3.6682317 87.93543303
v -2.43608141 3.68084047 87.97058165
v -2.53251576 3.69006844 88.0670172
v -2.56766748 3.69343203 88.19877685
v -2.56766748 2.85089939 88.19877671
v -2.53251576 2.8545405 88.33053635
v -2.43608141 2.86453046 88.42697953
v -2.304317 2.87817992 88.46213578
v -2.17255259 2.89182963 88.42697954
v -2.07611823 2.90181938 88.33053636
v -2.04096651 2.90546077 88.19877672
v -2.07611823 2.90181942 88.06701707
v -2.17255259 2.8918297 87.97058153
v -2.304317 2.87818001 87.9354329
v -2.43608141 2.86453054 87.97058152
v -2.53251576 2.85454054 88.06701707
v -2.56766748 2.85089939 88.19877671
v -2.47288132 2.39830845 88.19877664
v -2.43997216 2.41265765 88.33053628
v -2.34968948 2.45202269 88.42697946
v -2.22633147 2.50580944 88.46213572
v -2.10297322 2.55959644 88.42697948
v -2.01269078 2.59896174 88.33053631
v -1.97978151 2.61331075 88.19877667
v -2.01269078 2.59896179 88.06701702
v -2.10297322 2.55959651 87.97058147
v -2.22633147 2.50580952 87.93543284
v -2.34968948 2.45202276 87.97058145
v -2.43997216 2.41265769 88.06701699
v -2.47288132 2.39830845 88.19877664
v -2.1996913 2.01229709 88.19877657
v -2.17495966 2.03820101 88.33053622
v -2.10711169 2.1092657 88.42697941
v -2.01440692 2.20636548 88.46213567
v -1.92170215 2.30346503 88.42697944
v -1.8538543 2.37452975 88.33053628
v -1.82912278 2.40043348 88.19877664
v -1.8538543 2.3745298 88.06701699
v -1.92170215 2.3034651 87.97058143
v -2.01440692 2.20636556 87.93543279
v -2.10711169 2.10926578 87.9705814
v -2.17495966 2.03820105 88.06701693
v -2.1996913 2.01229709 88.19877657
v -1.82799411 1.77426594 88.19877653
v -1.81471169 1.80750195 88.33053618
v -1.77827299 1.89868059 88.42697937
v -1.72848463 2.02326359 88.46213564
v -1.67869627 2.1478466 88.42697941
v -1.64225757 2.23902503 88.33053625
v -1.62897503 2.27226108 88.19877662
v -1.64225757 2.23902507 88.06701697
v -1.67869627 2.14784667 87.9705814
v -1.72848463 2.02326367 87.93543276
v -1.77827299 1.89868066 87.97058136
v -1.81471169 1.80750199 88.0670169
v -1.82799411 1.77426594 88.19877653
v -1.40779066 1.69310277 88.19877652
v -1.40442693 1.72825459 88.33053617
v -1.39519894 1.82468905 88.42697936
v -1.38259029 1.95645322 88.46213563
v -1.36998141 2.08821763 88.42697941
v -1.36075342 2.184652 88.33053624
v -1.35738969 2.21980375 88.19877661
v -1.36075342 2.18465205 88.06701696
v -1.36998141 2.08821771 87.97058139
v -1.38259029 1.9564533 87.93543275
v -1.39519894 1.82468912 87.97058135
v -1.40442693 1.72825463 88.06701688
v -1.40779066 1.69310277 88.19877652
v 1.4098711 1.69310277 88.19877652
v 1.40622973 1.72825459 88.33053617
v 1.39623988 1.82468905 88.42697936
v 1.38259029 1.95645322 88.46213563
v 1.36894047 2.08821763 88.42697941
v 1.35895085 2.184652 88.33053624
v 1.35530937 2.21980375 88.19877661
v 1.35895085 2.18465205 88.06701696
v 1.36894047 2.08821771 87.97058139
v 1.38259029 1.9564533 87.93543275
v 1.39623988 1.82468912 87.97058135
v 1.40622973 1.72825463 88.06701688
v 1.4098711 1.69310277 88.19877652
v 1.86246181 1.78788894 88.19877654
v 1.8481127 1.82079807 88.33053619
v 1.80874753 1.9110805 88.42697938
v 1.75496066 2.03443874 88.46213565
v 1.70117366 2.15779724 88.42697942
v 1.66180861 2.24807969 88.33053625
v 1.64745927 2.28098887 88.19877662
v 1.66180861 2.24807973 88.06701697
v 1.70117366 2.15779731 87.97058141
v 1.75496066 2.03443883 87.93543277
v 1.80874753 1.91108057 87.97058137
v 1.8481127 1.82079812 88.0670169
v 1.86246181 1.78788894 88.19877654
v 2.24847317 2.0610792 88.19877658
v 2.22256899 2.08581058 88.33053623
v 2.15150476 2.15365829 88.42697942
v 2.05440474 2.24636329 88.46213568
v 1.95730507 2.33906831 88.42697945
v 1.88624072 2.40691582 88.33053628
v 1.86033666 2.43164771 88.19877664
v 1.88624072 2.40691586 88.06701699
v 1.95730507 2.33906839 87.97058144
v 2.05440474 2.24636338 87.9354328
v 2.15150476 2.15365836 87.97058141
v 2.22256899 2.08581062 88.06701694
v 2.24847317 2.0610792 88.19877658
v 2.48650432 2.43277639 88.19877664
v 2.45326829 2.44605843 88.33053629
v 2.36208963 2.48249735 88.42697947
v 2.23750663 2.53228558 88.46213573
v 2.11292362 2.58207383 88.42697949
v 2.0217452 2.61851254 88.33053632
v 1.98850918 2.63179487 88.19877667
v 2.0217452 2.61851259 88.06701703
v 2.11292362 2.5820739 87.97058148
v 2.23750663 2.53228567 87.93543285
v 2.36208963 2.48249743 87.97058146
v 2.45326829 2.44605847 88.067017
v 2.48650432 2.43277639 88.19877664
v 2.56766748 2.8529796 88.19877671
v 2.53251576 2.85634318 88.33053635
v 2.43608141 2.86557116 88.42697953
v 2.304317 2.87817992 88.46213578
v 2.17255259 2.89078893 88.42697954
v 2.07611823 2.90001694 88.33053636
v 2.04096651 2.90338057 88.19877672
v 2.07611823 2.90001698 88.06701707
v 2.17255259 2.890789 87.97058153
v 2.304317 2.87818001 87.9354329
v 2.43608141 2.86557123 87.97058152
v 2.53251576 2.85634323 88.06701707
v 2.56766748 2.8529796 88.19877671
v 2.56766748 3.69551247 88.19877685
v 2.53251576 3.69187084 88.33053649
v 2.43608141 3.68188109 88.42697966
v 2.304317 3.66823162 88.46213591
v 2.17255259 3.65458216 88.42697966
v 2.07611823 3.64459196 88.33053648
v 2.04096651 3.64095085 88.19877684
v 2.07611823 3.644592 88.0670172
v 2.17255259 3.65458223 87.97058165
v 2.304317 3.6682317 87.93543303
v 2.43608141 3.68188116 87.97058165
v 2.53251576 3.69187088 88.0670172
v 2.56766748 3.69551247 88.19877685
v 0.47043911 -6.6292042 -35.59921373
v 0.47043911 -5.51972753 -36.21110243
v -0.47043911 -5.51972753 -36.21110243
v -0.47043911 -6.6292042 -35.59921373
v 0.47043911 -6.96695397 -36.74112052
v -0.47043911 -6.96695397 -36.74112052
v -0.47043911 -7.25150844 -36.77667354
v 0.47043911 -7.25150844 -36.77667354
v 0.47043911 -7.50261854 -36.63818482
v -0.47043911 -7.50261854 -36.63818482
v -0.47043911 -6.7576449 -36.54509082
v 0.47043911 -6.7576449 -36.54509082
v 0.47043911 -6.70353013 -36.26347842
v -0.47043911 -6.70353013 -36.26347842
v 0.47043911 -7.62436799 -36.3785451
v -0.47043911 -7.62436799 -36.3785451
v -0.47043911 -7.57025274 -36.09692888
v 0.47043911 -7.57025274 -36.09692888
v -0.47043911 -7.48911729 -37.15839889
v -0.47043911 -6.37964062 -37.77029141
v 0.47043911 -6.37964062 -37.77029141
v 0.47043911 -7.48911729 -37.15839889
v 0.47043911 -7.07638824 -35.86534615
v 0.47043911 -7.36094319 -35.90090681
v -0.47043911 -7.36094319 -35.90090681
v -0.47043911 -7.07638824 -35.86534615
v 0.47043911 -8.02372913 -36.34404885
v 0.47043911 -7.92392766 -35.90187583
v -0.47043911 -7.92392766 -35.90187583
v -0.47043911 -8.02372913 -36.34404885
v 0.47043911 -6.82527909 -36.0038387
v -0.47043911 -6.82527909 -36.0038387
v 0.47043911 -6.7576449 -36.54509082
v -0.47043911 -6.7576449 -36.54509082
v 0.47043911 -7.60319559 -35.58154039
v 0.47043911 -7.10703367 -35.46555444
v -0.47043911 -7.10703367 -35.46555444
v -0.47043911 -7.60319559 -35.58154039
v 0.47043911 -7.85710212 -36.82557425
v -0.47043911 -7.85710212 -36.82557425
v 2.47288132 -7.55775527 -36.37365464
v 2.43997216 -7.59092122 -36.24533205
v 2.53251576 -8.02820282 -36.30893457
v 2.56766748 -8.00563314 -36.43880212
v 2.34968948 -7.64375717 -36.15556841
v 2.43608141 -8.05196935 -36.21494424
v 2.22633147 -7.70204385 -36.12852604
v 2.304317 -8.07053644 -36.18212259
v 2.10297322 -7.75021107 -36.17105229
v 2.17255259 -8.07898408 -36.21887339
v 2.01269078 -7.77528553 -36.27214558
v 2.07611823 -8.07499008 -36.31574381
v 1.97978151 -7.77051905 -36.40460332
v 2.04096651 -8.05962636 -36.44665659
v 2.01269078 -7.73735309 -36.53293354
v 2.07611823 -8.03705669 -36.57652414
v 2.10297322 -7.68451714 -36.62269717
v 2.17255259 -8.01329015 -36.67051827
v 2.22633147 -7.62623047 -36.64973955
v 2.304317 -7.99472306 -36.70333611
v 2.34968948 -7.57806325 -36.60720949
v 2.43608141 -7.98627542 -36.66658913
v 2.43997216 -7.55298926 -36.50611238
v 2.53251576 -7.9902699 -36.56972252
v 2.47288132 -7.55775527 -36.37365464
v 2.56766748 -8.00563314 -36.43880212
v 2.1996913 -7.17576341 -36.31809352
v 2.17495966 -7.2203644 -36.19143413
v 2.10711169 -7.30457004 -36.10623288
v 2.01440692 -7.40571817 -36.08541991
v 1.92170215 -7.49674638 -36.1341832
v 1.8538543 -7.55319005 -36.23984269
v 1.82912278 -7.55985859 -36.37396745
v 1.8538543 -7.51525809 -36.50062683
v 1.92170215 -7.43105292 -36.58582808
v 2.01440692 -7.32990431 -36.60663724
v 2.10711169 -7.23887563 -36.55787777
v 2.17495966 -7.18243196 -36.45221446
v 2.1996913 -7.17576341 -36.31809352
v 1.82799411 -6.94021158 -36.28383368
v 1.81471169 -6.99206764 -36.15822715
v 1.77827299 -7.0961779 -36.07592126
v 1.72848463 -7.22452291 -36.05906795
v 1.67869627 -7.34274896 -36.11178327
v 1.64225757 -7.41909677 -36.22033812
v 1.62897503 -7.43302087 -36.35551192
v 1.64225757 -7.38116481 -36.48112608
v 1.67869627 -7.27705455 -36.56342816
v 1.72848463 -7.14870906 -36.58028528
v 1.77827299 -7.03048349 -36.52756615
v 1.81471169 -6.95413568 -36.41900748
v 1.82799411 -6.94021158 -36.28383368
v 1.40779066 -6.85989361 -36.27215306
v 1.40442693 -6.91364558 -36.14681738
v 1.39519894 -7.02295669 -36.0652668
v 1.38259029 -7.15840801 -36.04945109
v 1.36998141 -7.28374084 -36.10320019
v 1.36075342 -7.36528999 -36.21251417
v 1.35738969 -7.38110951 -36.34796263
v 1.36075342 -7.32735755 -36.4732945
v 1.36998141 -7.21804643 -36.55484508
v 1.38259029 -7.08259464 -36.57066461
v 1.39519894 -6.95726181 -36.51691169
v 1.40442693 -6.87571266 -36.40760534
v 1.40779066 -6.85989361 -36.27215306
v -1.4098711 -6.85989361 -36.27215306
v -1.40622973 -6.91364558 -36.14681738
v -1.39623988 -7.02295669 -36.0652668
v -1.38259029 -7.15840801 -36.04945109
v -1.36894047 -7.28374084 -36.10320019
v -1.35895085 -7.36528999 -36.21251417
v -1.35530937 -7.38110951 -36.34796263
v -1.35895085 -7.32735755 -36.4732945
v -1.36894047 -7.21804643 -36.55484508
v -1.38259029 -7.08259464 -36.57066461
v -1.39623988 -6.95726181 -36.51691169
v -1.40622973 -6.87571266 -36.40760534
v -1.4098711 -6.85989361 -36.27215306
v -1.86246181 -6.95369225 -36.28579444
v -1.8481127 -7.00522549 -36.16013832
v -1.80874753 -7.10844835 -36.07770273
v -1.75496066 -7.2355822 -36.06067394
v -1.70117366 -7.35259612 -36.11321378
v -1.66180861 -7.42805749 -36.22164275
v -1.64745927 -7.44165734 -36.35677077
v -1.66180861 -7.39012458 -36.48242689
v -1.70117366 -7.28690172 -36.56485867
v -1.75496066 -7.15976834 -36.58189127
v -1.80874753 -7.04275394 -36.52935143
v -1.8481127 -6.96729305 -36.42092628
v -1.86246181 -6.95369225 -36.28579444
v -2.24847317 -7.22403793 -36.32511638
v -2.22256899 -7.26747781 -36.19828533
v -2.15150476 -7.34850009 -36.11261869
v -2.05440474 -7.44529994 -36.09117629
v -1.95730507 -7.5319794 -36.13931016
v -1.88624072 -7.5852397 -36.24450426
v -1.86033666 -7.59074715 -36.37845735
v -1.88624072 -7.54730679 -36.5052884
v -1.95730507 -7.46628451 -36.59095123
v -2.05440474 -7.36948609 -36.61239363
v -2.15150476 -7.28280616 -36.56426358
v -2.22256899 -7.22954585 -36.45906948
v -2.24847317 -7.22403793 -36.32511638
v -2.48650432 -7.5918639 -36.37861757
v -2.45326829 -7.62397509 -36.25013857
v -2.36208963 -7.67391474 -36.15995151
v -2.23750663 -7.72824462 -36.13233311
v -2.11292362 -7.77245409 -36.17428715
v -2.0217452 -7.79463272 -36.27496465
v -1.98850918 -7.788811 -36.40726598
v -2.0217452 -7.75670029 -36.53574498
v -2.11292362 -7.70676064 -36.62593204
v -2.23750663 -7.65243076 -36.65355044
v -2.36208963 -7.60822033 -36.61159639
v -2.45326829 -7.5860417 -36.51092271
v -2.48650432 -7.5918639 -36.37861757
v -2.56766748 -8.00769212 -36.43910348
v -2.53251576 -8.02998619 -36.30919778
v -2.43608141 -8.05299932 -36.21509302
v -2.304317 -8.07053644 -36.18212259
v -2.17255259 -8.07795411 -36.2187208
v -2.07611823 -8.0732048 -36.31548059
v -2.04096651 -8.05756738 -36.44635904
v -2.07611823 -8.03527331 -36.57626474
v -2.17255259 -8.01226018 -36.6703695
v -2.304317 -7.99472306 -36.70333611
v -2.43608141 -7.98730539 -36.6667379
v -2.53251576 -7.9920547 -36.56997811
v -2.56766748 -8.00769212 -36.43910348
v -2.56766748 -8.84145046 -36.56038047
v -2.53251576 -8.85681417 -36.42946388
v -2.43608141 -8.86080818 -36.33259345
v -2.304317 -8.85236053 -36.29584266
v -2.17255259 -8.83379344 -36.32866813
v -2.07611823 -8.81002786 -36.42265463
v -2.04096651 -8.78745723 -36.55252218
v -2.07611823 -8.77209447 -36.68343878
v -2.17255259 -8.76809951 -36.7803092
v -2.304317 -8.77654716 -36.81705999
v -2.43608141 -8.79511425 -36.78423834
v -2.53251576 -8.81888078 -36.6902442
v -2.56766748 -8.84145046 -36.56038047
v -2.47288132 -9.28932833 -36.62552413
v -2.43997216 -9.29409482 -36.49306639
v -2.34968948 -9.26901987 -36.3919731
v -2.22633147 -9.22085361 -36.34943922
v -2.10297322 -9.16256693 -36.37648541
v -2.01269078 -9.1097305 -36.46624904
v -1.97978151 -9.07656455 -36.59457545
v -2.01269078 -9.07179902 -36.72703319
v -2.10297322 -9.09687301 -36.8281303
v -2.22633147 -9.14504023 -36.87065655
v -2.34968948 -9.20332594 -36.84361417
v -2.43997216 -9.25616238 -36.75385054
v -2.47288132 -9.28932833 -36.62552413
v -2.1996913 -9.67131971 -36.68108907
v -2.17495966 -9.66465164 -36.54696813
v -2.10711169 -9.60820844 -36.44130863
v -2.01440692 -9.51717928 -36.39254153
v -1.92170215 -9.41603163 -36.4133545
v -1.8538543 -9.33182599 -36.49855575
v -1.82912278 -9.28722548 -36.62521514
v -1.8538543 -9.29389355 -36.75933989
v -1.92170215 -9.35033674 -36.86499939
v -2.01440692 -9.4413659 -36.91376268
v -2.10711169 -9.54251356 -36.89295352
v -2.17495966 -9.6267192 -36.80774846
v -2.1996913 -9.67131971 -36.68108907
v -1.82799411 -9.90687249 -36.7153489
v -1.81471169 -9.89294887 -36.5801751
v -1.77827299 -9.81659963 -36.47161644
v -1.72848463 -9.69837454 -36.41890112
v -1.67869627 -9.57002904 -36.43575443
v -1.64225757 -9.46591927 -36.51806032
v -1.62897503 -9.41406321 -36.64367066
v -1.64225757 -9.42798683 -36.77884446
v -1.67869627 -9.50433512 -36.88739931
v -1.72848463 -9.6225602 -36.94011464
v -1.77827299 -9.7509057 -36.92326132
v -1.81471169 -9.85501643 -36.84095925
v -1.82799411 -9.90687249 -36.7153489
v -1.40779066 -9.98719094 -36.72703333
v -1.40442693 -9.97137141 -36.59157725
v -1.39519894 -9.88982178 -36.4822709
v -1.38259029 -9.76448991 -36.42851798
v -1.36998141 -9.62903764 -36.44433751
v -1.36075342 -9.51972557 -36.52588427
v -1.35738969 -9.46597456 -36.65121996
v -1.36075342 -9.48179409 -36.78666841
v -1.36998141 -9.56334276 -36.89598239
v -1.38259029 -9.68867558 -36.9497315
v -1.39519894 -9.8241269 -36.93391579
v -1.40442693 -9.93343897 -36.8523652
v -1.40779066 -9.98719094 -36.72703333
v 1.4098711 -9.98719094 -36.72703333
v 1.40622973 -9.97137141 -36.59157725
v 1.39623988 -9.88982178 -36.4822709
v 1.38259029 -9.76448991 -36.42851798
v 1.36894047 -9.62903764 -36.44433751
v 1.35895085 -9.51972557 -36.52588427
v 1.35530937 -9.46597456 -36.65121996
v 1.35895085 -9.48179409 -36.78666841
v 1.36894047 -9.56334276 -36.89598239
v 1.38259029 -9.68867558 -36.9497315
v 1.39623988 -9.8241269 -36.93391579
v 1.40622973 -9.93343897 -36.8523652
v 1.4098711 -9.98719094 -36.72703333
v 1.50204813 14.82495676 -5.03773638
v 1.50204813 14.82495603 -0.54212013
v -0.887124 15.76129365 -1.47422426
v -0.887124 15.76129423 -5.03773623
v -1.50204813 14.82495676 -5.03773638
v -1.50204813 14.82495603 -0.54212013
v 0.887124 15.76129423 -5.03773623
v 0.887124 15.76129365 -1.47422426
v 0.62331235 15.76129365 -1.47422426
v 0.62331235 15.76129423 -5.03773623
v -0.62331235 15.76129423 -5.03773623
v -0.62331235 15.76129365 -1.47422426
v 0.55747473 14.823099 -5.03773639
v 0.55747473 14.82309827 -0.53986326
v 0.55747473 15.69545483 -1.40868432
v 0.55747473 15.69545542 -5.03773624
v -0.55747473 14.82495676 -5.03773638
v -0.55747473 15.69545542 -5.03773624
v -0.55747473 15.69545483 -1.40868432
v -0.55747473 14.82309827 -0.53986326
v 2.27460456 14.58480615 -4.08112861
v 1.63852835 14.58480615 -4.08112861
v 1.63852835 14.64337029 -3.78669977
v 2.27460456 14.64337029 -3.78669977
v 2.27460456 14.58480606 -3.49227095
v 2.27460456 14.64337029 -3.78669977
v 2.27460456 14.41802477 -4.33073333
v 1.63852835 14.41802477 -4.33073333
v 2.27460456 14.41802459 -3.24266604
v 2.27460456 14.16842057 -4.49751385
v 1.63852835 14.16842057 -4.49751385
v 2.27460456 14.16842034 -3.07588537
v 2.27460456 13.87399175 -4.55607999
v 1.63852835 13.87399175 -4.55607999
v 2.27460456 13.8739915 -3.0173198
v 2.27460456 13.57956197 -4.49751394
v 1.63852835 13.57956197 -4.49751394
v 2.27460456 13.57956173 -3.07588547
v 2.27460456 13.32995676 -4.33073351
v 1.63852835 13.32995676 -4.33073351
v 2.27460456 13.32995658 -3.24266622
v 2.27460456 13.16317625 -4.08112884
v 1.63852835 13.16317625 -4.08112884
v 2.27460456 13.16317615 -3.49227119
v 2.27460456 13.10461201 -3.78670002
v 1.63852835 13.10461201 -3.78670002
v 2.27460456 13.10461201 -3.78670002
v 2.27460456 13.16317615 -3.49227119
v 1.63852835 13.16317615 -3.49227119
v 2.27460456 13.16317625 -4.08112884
v 2.27460456 13.32995658 -3.24266622
v 1.63852835 13.32995658 -3.24266622
v 1.63852835 13.16317615 -3.49227119
v 2.27460456 13.16317615 -3.49227119
v 2.27460456 13.32995676 -4.33073351
v 2.27460456 13.57956173 -3.07588547
v 1.63852835 13.57956173 -3.07588547
v 2.27460456 13.57956197 -4.49751394
v 2.27460456 13.8739915 -3.0173198
v 1.63852835 13.8739915 -3.0173198
v 2.27460456 13.87399175 -4.55607999
v 2.27460456 14.16842034 -3.07588537
v 1.63852835 14.16842034 -3.07588537
v 2.27460456 14.16842057 -4.49751385
v 2.27460456 14.41802459 -3.24266604
v 1.63852835 14.41802459 -3.24266604
v 2.27460456 14.41802477 -4.33073333
v 2.27460456 14.58480606 -3.49227095
v 1.63852835 14.58480606 -3.49227095
v 2.27460456 14.58480615 -4.08112861
v -2.05401659 14.37724839 -3.57824401
v -1.464432 14.37724839 -3.57824401
v -1.464432 14.41871228 -3.78669981
v -2.05401659 14.41871228 -3.78669981
v -2.05401659 14.37724846 -3.99515561
v -2.05401659 14.41871228 -3.78669981
v -2.05401659 14.25916632 -3.40152389
v -1.464432 14.25916632 -3.40152389
v -2.05401659 14.25916644 -4.17187601
v -2.05401659 14.08244663 -3.2834433
v -1.464432 14.08244663 -3.2834433
v -2.05401659 14.0824468 -4.28995618
v -2.05401659 13.87399154 -3.24197877
v -1.464432 13.87399154 -3.24197877
v -2.05401659 13.87399172 -4.33142102
v -2.05401659 13.66553455 -3.28344337
v -1.464432 13.66553455 -3.28344337
v -2.05401659 13.66553472 -4.28995625
v -2.05401659 13.48881586 -3.40152402
v -1.464432 13.48881586 -3.40152402
v -2.05401659 13.48881599 -4.17187614
v -2.05401659 13.37073384 -3.57824418
v -1.464432 13.37073384 -3.57824418
v -2.05401659 13.37073391 -3.99515578
v -2.05401659 13.32926907 -3.78669998
v -1.464432 13.32926907 -3.78669998
v -1.464432 13.37073384 -3.57824418
v -2.05401659 13.37073384 -3.57824418
v -2.05401659 13.32926907 -3.78669998
v -2.05401659 13.37073391 -3.99515578
v -1.464432 13.37073391 -3.99515578
v -2.05401659 13.37073384 -3.57824418
v -2.05401659 13.48881599 -4.17187614
v -1.464432 13.48881599 -4.17187614
v -2.05401659 13.48881586 -3.40152402
v -2.05401659 13.66553472 -4.28995625
v -1.464432 13.66553472 -4.28995625
v -2.05401659 13.66553455 -3.28344337
v -2.05401659 13.87399172 -4.33142102
v -1.464432 13.87399172 -4.33142102
v -2.05401659 13.87399154 -3.24197877
v -2.05401659 14.0824468 -4.28995618
v -1.464432 14.0824468 -4.28995618
v -2.05401659 14.08244663 -3.2834433
v -2.05401659 14.25916644 -4.17187601
v -1.464432 14.25916644 -4.17187601
v -2.05401659 14.25916632 -3.40152389
v -2.05401659 14.37724846 -3.99515561
v -1.464432 14.37724846 -3.99515561
v -2.05401659 14.37724839 -3.57824401
v -0.22942552 16.71080082 -3.97994508
v -0.33759153 16.64100521 -3.97994509
v -0.33759153 16.64100515 -3.61669126
v -0.22942552 16.71080076 -3.61669125
v 0.54557562 14.74961441 -3.9799454
v 0.54557562 16.19053524 -3.97994517
v 0.54557562 16.19053518 -3.61669134
v 0.54557562 14.74961435 -3.61669157
v -0.14016354 16.05676334 -3.97994519
v -0.19291855 16.1095187 -3.97994518
v -0.19291855 16.10951864 -3.61669135
v -0.14016354 16.05676328 -3.61669136
v 0.19291855 16.38984548 -3.6166913
v 0.14016354 16.44260084 -3.61669129
v 0.14016354 16.4426009 -3.97994513
v 0.19291855 16.38984554 -3.97994514
v 0.07368833 16.02289265 -3.97994519
v 0.07368833 16.02289259 -3.61669136
v 0.14016354 16.05676328 -3.61669136
v 0.14016354 16.05676334 -3.97994519
v -0.23846045 16.24968212 -3.97994516
v -0.23846045 16.24968206 -3.61669133
v -0.22678936 16.17599546 -3.61669134
v -0.22678936 16.17599552 -3.97994517
v 0.22678936 16.17599552 -3.97994517
v 0.22678936 16.17599546 -3.61669134
v 0.23846045 16.24968206 -3.61669133
v 0.23846045 16.24968212 -3.97994516
v -0 16.01122349 -3.9799452
v -0 16.01122343 -3.61669136
v -0.22678936 16.32337063 -3.97994515
v -0.22678936 16.32337057 -3.61669131
v -0 16.48814457 -3.97994512
v -0 16.48814451 -3.61669129
v -0.07368833 16.47647154 -3.61669129
v -0.07368833 16.4764716 -3.97994512
v -0.54557562 14.74961435 -3.61669157
v -0.54557562 16.19053518 -3.61669134
v -0.54557562 16.19053524 -3.97994517
v -0.54557562 14.74961441 -3.9799454
v -0.42858455 16.54536503 -3.97994511
v -0.42858455 16.54536497 -3.61669128
v 0.07368833 16.4764716 -3.97994512
v 0.07368833 16.47647154 -3.61669129
v -0 16.48814451 -3.61669129
v -0 16.48814457 -3.97994512
v -0.19291855 16.38984554 -3.97994514
v -0.19291855 16.38984548 -3.6166913
v 0.19291855 16.1095187 -3.97994518
v 0.19291855 16.10951864 -3.61669135
v -0.07368833 16.02289259 -3.61669136
v -0.07368833 16.02289265 -3.97994519
v -0.14016354 16.44260084 -3.61669129
v -0.14016354 16.4426009 -3.97994513
v -0.11377171 16.7513625 -3.97994508
v -0.11377171 16.75136244 -3.61669124
v 0.11377171 16.7513625 -3.97994508
v -0 16.76396816 -3.97994507
v -0 16.7639681 -3.61669124
v 0.11377171 16.75136244 -3.61669124
v 0.22942552 16.71080082 -3.97994508
v 0.22942552 16.71080076 -3.61669125
v 0.33759153 16.64100521 -3.97994509
v 0.33759153 16.64100515 -3.61669126
v 0.42858455 16.54536503 -3.97994511
v 0.42858455 16.54536497 -3.61669128
v -0.4949916 16.4316737 -3.97994513
v -0.4949916 16.43167364 -3.6166913
v 0.4949916 16.4316737 -3.97994513
v 0.4949916 16.43167364 -3.6166913
v 0.53358102 16.31011646 -3.97994515
v 0.53358102 16.3101164 -3.61669132
v -0.53358102 16.31011646 -3.97994515
v -0.53358102 16.3101164 -3.61669132
v 0.22678936 16.32337057 -3.61669131
v 0.22678936 16.32337063 -3.97994515
v 1.31531465 13.671053 -0.40561093
v 0.43834239 3.3413958 12.02070386
v -0.43834239 3.3413958 12.02070386
v -0.43834239 5.16894219 10.41072262
v 0.43834239 5.16894219 10.41072262
v 0.43834239 5.16894158 14.15828121
v -0.43834239 5.16894158 14.15828121
v -1.54860234 13.80272812 -2.57626023
v -1.54860234 13.67105333 -2.44458476
v -1.54860234 13.94525379 -2.5762602
v 1.54860234 13.671053 -0.40561093
v -1.54860234 13.671053 -0.40561093
vn 0 -1 -0
vn -3E-05 1 0
vn 0 0.99946 0.03291
vn -4E-05 1 0
vn 0 1 -0
vn 0.08951 0.97226 0.21608
vn 0.16538 0.97226 0.16538
vn 0 0.97226 0.23389
vn -0.08951 0.97226 0.21608
vn -0.16538 0.97226 0.16538
vn -0.21608 0.97226 0.0895
vn -0.23389 0.97226 -0
vn -0.21608 0.97226 -0.08951
vn -0.16538 0.97226 -0.16538
vn -0.0895 0.97226 -0.21609
vn 0 0.97226 -0.23389
vn 0.0895 0.97226 -0.21609
vn 0.16538 0.97226 -0.16538
vn 0.21608 0.97226 -0.08951
vn 0.23389 0.97226 -0
vn 0.70383 -0.21111 0.67827
vn 0.70386 0 0.71034
vn 0.70386 0 0.71034
vn 0.74021 0.05024 0.6705
vn 0.70386 0 0.71034
vn 0.70385 0 0.71034
vn -0.70386 0 0.71034
vn -0.69092 -0.31867 0.64891
vn -0.56314 -0.36674 0.74052
vn -0.74021 0.05024 0.6705
vn -0.97932 0.02249 0.20107
vn -0.70385 0 0.71034
vn -0.9249 0.17963 0.33509
vn -0.95848 0.24637 0.14359
vn 0.99186 0.01546 -0.12636
vn 0.96114 0.13525 -0.24064
vn 0.9616 0.27346 -0.02339
vn -0.92851 0.32885 -0.17242
vn -0.96114 0.13525 -0.24064
vn -0.9616 0.27346 -0.02339
vn -0.99186 0.01546 -0.12636
vn -0.96114 0.27307 0.04061
vn 0.96114 0.27307 0.04061
vn 0.95848 0.24637 0.14359
vn 0.97932 0.02249 0.20107
vn 0.9249 0.17963 0.33509
vn -0.99982 -0.01668 0.00907
vn -0.99996 -0 0.00905
vn -0.99941 -0.03327 0.00906
vn -0.99996 2E-05 0.00903
vn -0.99996 -0.00014 0.00907
vn -0.99996 -5E-05 0.00905
vn -0.99996 5E-05 0.00905
vn -0.99996 0.00016 0.00906
vn -0.99996 -5E-05 0.00903
vn 0 0 1
vn -0.92515 0.21692 0.31153
vn -0.99659 0.01479 0.08117
vn -0.93209 0.02382 0.36143
vn -0.70386 0 0.71034
vn -0.99996 0 0.009
vn -0.99996 0 0.009
vn 0 0.08485 0.99639
vn 0 0.1274 0.99185
vn 0 0 -1
vn 0.98614 -0.16565 -0.00946
vn 0.99492 -0.09837 -0.02151
vn 0.98455 -0.17001 -0.04184
vn 0.99687 -0.06954 -0.03771
vn 0.98612 -0.15658 -0.05529
vn -0.91525 0.40046 0.04418
vn -0.92272 0.34038 0.18093
vn -0.70386 0 0.71034
vn -0.92867 -0.19902 0.31299
vn -0.92552 -0.33973 0.1673
vn -0.9213 -0.38683 0.03967
vn 0.98769 -0.15643 0
vn 0.98769 -0.15643 0
vn 0 0.08108 -0.99671
vn 0 0.12173 -0.99256
vn -0.98617 -0.15619 -0.05553
vn -0.98612 -0.15658 -0.05529
vn -0.98455 -0.17001 -0.04184
vn -0.99687 -0.06954 -0.03771
vn -0.99492 -0.09837 -0.02151
vn -0.98614 -0.16565 -0.00946
vn 0.99982 -0.01668 0.00907
vn 0.99996 -0 0.00905
vn 0.99941 -0.03327 0.00906
vn 0.99996 2E-05 0.00903
vn 0.99996 -5E-05 0.00905
vn 0.99996 -0.00014 0.00907
vn 0.99996 0.00016 0.00906
vn 0.99996 5E-05 0.00905
vn 0.99996 -5E-05 0.00903
vn 0.99659 0.01479 0.08117
vn 0.92515 0.21692 0.31153
vn 0.93209 0.02382 0.36143
vn 0.99996 0 0.009
vn 0.99996 0 0.009
vn -0.06461 -0.82617 0.55971
vn 3E-05 -0.86498 0.5018
vn 0.06464 -0.82625 0.55958
vn 0.91525 0.40046 0.04418
vn 0.92272 0.34038 0.18093
vn 0.48844 -0.48914 0.72261
vn 0.92867 -0.19902 0.31299
vn 0.92552 -0.33973 0.1673
vn 0.9213 -0.38683 0.03967
vn -0.98769 -0.15643 0
vn -0.98769 -0.15643 0
vn 0.98617 -0.15619 -0.05553
vn 0.92851 0.32885 -0.17242
vn -0.99699 0.07749 -0
vn -1 0 -0
vn -0.99154 0.12978 -0
vn 0.99699 0.07749 -0
vn 0.99154 0.12978 -0
vn 1 0 -0
vn -0.9988 0.04895 -0
vn -0.99143 0.13062 -0
vn -0.96272 0.2705 -0
vn 0 1 -0
vn 0 0.99884 -0.04811
vn -0.9491 0.28963 0.12381
vn -0.95177 0.27493 0.1362
vn -0.99243 0.12224 0.01195
vn 0.9491 0.28963 0.12381
vn 0.98684 0.15891 0.02977
vn 0.99243 0.12224 0.01195
vn -0.99781 0.06616 -0
vn -0.94717 -0.32072 -0
vn -0.99509 -0.09897 -0
vn -0.92384 0.38279 -2E-05
vn -0.94715 0.32079 -1E-05
vn -0.98079 0.19509 -0
vn -0.99781 -0.06616 -0
vn -1 -0 -0
vn -0.98079 0.19509 -0
vn 0.92388 0.38268 -0
vn 0.94717 0.32072 -0
vn 0.98079 0.19509 -0
vn 0.92384 0.38279 -2E-05
vn 0.98079 0.19509 -0
vn 0.94715 0.32079 -1E-05
vn 1 -0 -0
vn 0.96616 -0.25795 -1E-05
vn 0.99507 -0.09914 -1E-05
vn 0.99781 -0.06616 -0
vn 0.99781 -0.06616 -0
vn 0.99781 0.06616 0
vn -0.96617 -0.25791 -0
vn -0.99781 -0.06616 -0
vn -0.99781 0.06616 0
vn -0.98079 0.19509 0
vn 0.98079 0.19509 0
vn 0.99782 0.06601 -0
vn -0.98079 -0.19509 0
vn -0.94717 -0.32072 -0
vn -0.98079 -0.19509 -0
vn -0.99781 -0.06616 0
vn -0.94717 -0.32072 0
vn -0.98079 -0.19509 0
vn 0.99781 -0.06616 -0
vn 0.94717 -0.32072 -0
vn 0.98079 -0.19509 -0
vn 0.98079 -0.19509 -0
vn 0.94717 -0.32072 -0
vn 0.98079 -0.19509 -0
vn -0.92388 -0.38268 -0
vn -0.94717 -0.32072 -0
vn -0.98079 -0.19509 -0
vn -0.99509 0.09897 -0
vn -1 0 -0
vn 0.99781 0.06616 -0
vn 0.99921 0.03975 -0
vn 0.92388 -0.38268 -0
vn 0.94717 -0.32072 0
vn 0.98079 -0.19509 0
vn 0.96272 0.2705 -0
vn -0.96272 0.2705 -0
vn -0.99781 -0.06616 -0
vn -0.99781 0.06616 -0
vn 0.99781 0.06616 -0
vn 0.99781 -0.06616 0
vn 0.95722 0.28937 -0
vn -0.99781 0.06616 -0
vn -0.95722 0.28937 -0
vn -0.94717 0.32072 -0
vn -0.94717 0.32072 0
vn 0.94717 0.32072 0
vn 0.9471 -0.32094 -3E-05
vn 0 0.75295 -0.65808
vn 0 0.75295 -0.65808
vn -0 0.75295 -0.65808
vn 0 0.75295 0.65808
vn 0 0.75295 0.65808
vn 0.56453 -0.03031 -0.82485
vn 0.5214 -0.23121 -0.82139
vn 0.5366 -0.14729 -0.83089
vn 0.23107 -0.54647 -0.80497
vn 0.34083 -0.49008 -0.80228
vn 0.37012 -0.43837 -0.81905
vn 0.038 -0.56885 -0.82156
vn 0.16329 -0.528 -0.8334
vn -0.20108 -0.54615 -0.81319
vn -0.20156 -0.5062 -0.83853
vn -0.40787 -0.40672 -0.81744
vn -0.49441 -0.34401 -0.79825
vn -0.34401 -0.49441 -0.79825
vn -0.55145 -0.2332 -0.80095
vn 0.00022 0.00224 1
vn -0 0.00365 0.99999
vn 0.0001 0.00247 1
vn 0 0.00378 0.99999
vn -0.31677 0.45229 -0.83372
vn -0.45229 0.31677 -0.83372
vn -0.40645 0.40645 -0.81829
vn -0.19752 0.53576 -0.82094
vn -0.16962 0.5405 -0.82407
vn -0.04008 0.56704 -0.82271
vn 0.03139 0.56158 -0.82682
vn 0.2336 0.5246 -0.81867
vn 0.14975 0.53697 -0.8302
vn 0.40645 0.40645 -0.81829
vn 0.31677 0.45229 -0.83372
vn 0.57071 0.03922 -0.82022
vn 0.5405 0.16962 -0.82407
vn 0.5372 0.19711 -0.8201
vn -0.92388 -0.38268 -0
vn 0.92388 -0.38268 -0
vn -0.92388 0.38268 -0
vn 0.21608 0.97226 0.0895
vn -0.99961 0.02794 -0
vn 0 0.99794 -0.06418
vn 0 -0.00667 -0.99998
vn -0.00018 -0.00452 -0.99999
vn 0 -0.00693 -0.99998
vn 0.00018 -0.00452 -0.99999
vn 0.00039 -0.0041 -0.99999
vn 0.44951 -0.31621 -0.83544
vn 0.45229 0.31677 -0.83372
vn -0.0001 0.00247 1
vn -0 1 -0
vn 0.16538 0.97226 0.16538
vn 0.21608 0.97226 0.08951
vn 0.0895 0.97226 0.21608
vn 0.23389 0.97226 -0
vn 0.00018 0.85396 0.52034
vn -0 0.77201 0.63561
vn 0.0002 0.8383 0.54521
vn 0 0.77201 0.63561
vn 6E-05 0.73972 0.67291
vn -0.54295 0.83977 4E-05
vn -0.42405 0.90564 0.00011
vn -0.42851 0.90354 4E-05
vn 0.43122 0.90224 6E-05
vn 0.42788 0.90383 6E-05
vn 0.49706 0.86771 -0.00232
vn 0.59676 0.80242 -0
vn -0.51482 0.85729 -0.00294
vn -0.42634 0.90454 -0.00579
vn -0.42192 0.90656 -0.01159
vn -0 4E-05 -1
vn -0.00026 3E-05 -1
vn 0.00026 3E-05 -1
vn 1 -2E-05 -0.00022
vn 1 -1E-05 -0.00015
vn 1 0.0013 -0.00018
vn 1 2E-05 -0.00022
vn 1 9E-05 -0.00022
vn 1 0.00023 -0.00021
vn 1 0.00066 -0.0002
vn 0.99999 0.00336 -0.00011
vn 1 0.00113 6E-05
vn 1 -0.00039 0.00077
vn 0.99998 -0.00571 0.00117
vn 1 -0.00016 0.00174
vn 1 -0.00065 0.00159
vn 1 -0.00152 0.00142
vn 0.99999 -0.00391 0.00124
vn 0.99993 -0.01182 0.00046
vn 0.99999 -0.00408 1E-05
vn 1 0.00116 -0
vn 0 0.99509 0.09895
vn 7E-05 -0.00136 1
vn -0.0004 -0.00043 1
vn -0.67334 0.30534 0.67334
vn -0.57526 0.58152 0.57525
vn -0.67334 0.30534 -0.67334
vn -0.57526 0.58152 -0.57525
vn 0.67334 0.30534 -0.67334
vn 0.57526 0.58152 -0.57525
vn -0.00046 0.00252 1
vn -0.00065 0.00135 1
vn -0.00022 0.00224 1
vn 0.00065 0.00135 1
vn 0.00046 0.00252 1
vn -0.00084 -0.00462 -0.99999
vn -0.00118 -0.00247 -1
vn -0.00039 -0.0041 -0.99999
vn 0.67334 0.30534 0.67334
vn 0.57526 0.58152 0.57525
vn 0.00084 -0.00462 -0.99999
vn 0.00118 -0.00247 -1
vn 0 -0.00237 1
vn 0 -0.00204 1
vn -0.99552 -0.09451 0.0019
vn -0.95499 -0.2666 0.13006
vn -0.95798 -0.26265 0.11526
vn 0.00129 0 -1
vn 0.00026 1E-05 -1
vn -0.00026 1E-05 -1
vn -0.00129 0 -1
vn -0.00071 0.00051 1
vn -0.00095 0.00034 1
vn -0.001 -0.00023 1
vn -0.92388 0.38268 -0
vn -0.70923 0.70498 -0
vn -0.71205 0.70213 4E-05
vn 0 0.75295 0.65808
vn -0.71485 0.69927 7E-05
vn 0.00064 -1 8E-05
vn 0.0016 -1 -0.00158
vn 0.00048 -0.99816 -0.06068
vn 0.99947 0.0326 -0
vn 1 0.00094 -0
vn 1 0.00126 -0
vn -1 0.00094 -0
vn -0.00107 -1 -0.00046
vn -0.0004 -0.99874 -0.05028
vn -0.0004 -1 -0.00032
vn -0.0016 -1 -0.00158
vn 0.00062 -1 -0.00041
vn 0.00107 -1 -0.00032
vn -0.99782 -0.01582 0.0641
vn -0.99845 0.00898 -0.05491
vn -0.03123 -0.56452 -0.82483
vn -0.53133 -0.16554 -0.83084
vn -0.58168 0.80702 -0.10183
vn -0.41101 0.90722 -0.08958
vn -0.21355 0.96711 -0.1382
vn -0.00071 -1 0.00061
vn 0.99362 -0.04774 0.10216
vn 0.9952 -0.04772 0.08539
vn 0.99845 -0.00986 -0.05477
vn 0.00902 0.92054 0.39054
vn 0.00458 0.91971 0.39258
vn 0.0023 0.9398 0.34173
vn -0.83067 0.55225 -0.07076
vn -0.80625 0.59127 -0.01912
vn -0.99845 -0.00986 -0.05477
vn -0.99729 0.01563 0.07193
vn -0.99715 -0.00684 -0.0751
vn -1 -0.00088 -0.00014
vn -1 -0.00176 -0.00029
vn -0.65519 -0.4044 0.63811
vn -0.50023 -0.45625 0.73594
vn -0.63352 -0.22265 0.741
vn -0.99458 -0.05593 -0.08761
vn -0.99701 -0.0166 -0.07553
vn 0 -0.57762 -0.81631
vn -0.00194 -0.29342 -0.95598
vn -0.00136 -0.48529 -0.87435
vn -0.97031 0.24181 0.00573
vn -0.99985 0.0001 0.01726
vn -0.96266 0.26882 -0.03191
vn -0.96137 -0.25402 0.10601
vn -0.97895 -0.20033 0.03894
vn -0.99602 -0.05217 0.07232
vn -0.99552 -0.03076 0.08946
vn -0.95811 -0.14975 -0.24414
vn -0.91792 -0.23091 -0.32266
vn 0 -0.94799 -0.3183
vn -0.32941 -0.85821 -0.39366
vn 0.32941 -0.85821 -0.39366
vn -0.26042 -0.84273 -0.47116
vn 0.26042 -0.84273 -0.47116
vn 0.20924 -0.83761 -0.5046
vn -1 7E-05 0.00014
vn -0.95232 0.30503 -0.00681
vn -0.94701 0.32076 0.01685
vn -0.99626 -0.08207 0.02719
vn -0.98684 0.15891 0.02977
vn -0.99949 0.02319 0.02188
vn -0.98098 0.19062 -0.0366
vn -0.92831 0.37091 0.02578
vn -0.99697 -0.01156 -0.07689
vn -0.9472 -0.15664 0.27978
vn -0.99362 -0.04774 0.10216
vn -0.9952 -0.04772 0.08539
vn -0.46676 -0.23064 0.85378
vn -0.94125 -0.03379 -0.33601
vn -0.97562 -0.21923 0.01041
vn -0 -0.18403 0.98292
vn -0.00151 0.01059 0.99994
vn -0.00101 -0.02871 0.99959
vn 0.97951 0.20134 -0.00531
vn 0.95232 0.30503 -0.00681
vn 0.00037 0.02867 -0.99959
vn 0.00055 -0.01068 -0.99994
vn -0 0.18406 -0.98291
vn 0.99633 -0.00301 0.08553
vn 1 7E-05 0.00014
vn 0.99985 0.0001 0.01726
vn 0.98098 0.19062 -0.0366
vn 1 2E-05 2E-05
vn 0.98555 0.16623 -0.03248
vn 0.9805 0.19493 -0.02506
vn 0.98754 0.1573 -0.00482
vn 1 -5E-05 3E-05
vn 0.97562 -0.21923 0.01041
vn 1 -0 1E-05
vn 1 0 2E-05
vn 0.98267 -0.18536 -0.00011
vn 0.99141 0.13083 -0
vn -0.00458 0.91971 0.39258
vn -0.0023 0.9398 0.34173
vn 0.00888 0.92109 0.38924
vn 0.93686 0.34941 -0.01433
vn 0.99513 0.09855 2E-05
vn 0.94913 -0.10827 -0.2957
vn 0.87328 -0.30881 -0.37686
vn 0.89578 -0.14419 -0.42046
vn 0.99701 -0.0166 -0.07553
vn 0.99458 -0.05593 -0.08761
vn 0.95811 -0.14975 -0.24414
vn 0.91792 -0.23091 -0.32266
vn 0.83161 -0.39168 -0.39373
vn 0.66752 -0.48377 -0.56602
vn 0.64602 -0.58644 -0.48862
vn 0.90335 -0.04705 -0.42631
vn 0.99721 -0.04751 0.05759
vn 0.99706 -0.0323 0.06945
vn 0.99692 0.03685 -0.06918
vn 0.99547 -0.07504 0.05839
vn 0.99788 0.02342 -0.06073
vn 0.00593 -0.99998 0.00284
vn 0.00071 -1 0.00061
vn 0.0074 -0.99997 0.00358
vn 0.01044 -0.99994 0.00446
vn 0.00107 -1 -0.00016
vn 0 -0.9379 -0.3469
vn 0 -0.9379 -0.3469
vn 0 -0.95525 -0.29579
vn 0.61688 -0.46165 -0.63745
vn 0.7583 -0.45451 -0.46733
vn 0.67872 -0.66876 -0.30348
vn 0.68745 -0.66875 -0.28317
vn 0.79281 -0.33878 -0.50663
vn 0.71777 -0.44607 -0.53463
vn 0.53124 -0.41601 -0.73805
vn 0.65599 0.7544 -0.02368
vn 0.80625 0.59127 -0.01912
vn 0.58168 0.80702 -0.10183
vn 0.95846 -0.28513 -0.00813
vn 0.9616 -0.27444 -0.00432
vn 0.99552 -0.09451 0.0019
vn 0.95971 -0.27595 0.05305
vn 0.95499 -0.2666 0.13006
vn 0.95177 0.27493 0.1362
vn 0.94701 0.32076 0.01685
vn 0.95175 0.29716 0.07656
vn 0.41101 0.90722 -0.08958
vn 0.21355 0.96711 -0.1382
vn 0.14458 0.98738 -0.06463
vn 0.92906 0.35635 0.09933
vn 0.92831 0.37091 0.02578
vn 0.97895 -0.20033 0.03894
vn 0.63352 -0.22265 0.741
vn 0.46676 -0.23064 0.85378
vn 0.50023 -0.45625 0.73594
vn 0.99697 -0.01156 -0.07689
vn 0.99626 -0.08207 0.02719
vn 0.99949 0.02319 0.02188
vn 0.97031 0.24181 0.00573
vn 0.96266 0.26882 -0.03191
vn 0.95798 -0.26265 0.11526
vn 0.96137 -0.25402 0.10601
vn 0.42634 0.90454 -0.00579
vn 0.83067 0.55225 -0.07076
vn 0.42192 0.90656 -0.01159
vn 0.93033 -0.14143 0.33834
vn 0.9472 -0.15664 0.27978
vn 0.94125 -0.03379 -0.33601
vn 0 -0.48626 -0.87381
vn 0 -0.29496 -0.95551
vn 0.0013 -0.29462 -0.95561
vn 0.00136 -0.48594 -0.87399
vn 0.99552 -0.03076 0.08946
vn 0.99602 -0.05217 0.07232
vn 0.99845 0.00898 -0.05491
vn -0.00902 0.92054 0.39054
vn 0.99782 -0.01582 0.0641
vn -0.95971 -0.27595 0.05305
vn -0.95846 -0.28513 -0.00813
vn 0.9973 0.00293 0.07331
vn 0.99715 -0.00684 -0.0751
vn 0.99592 0.01641 -0.08877
vn 0.99601 0.01727 0.08759
vn 0.99729 0.01563 0.07193
vn 0.99516 0.05102 -0.08397
vn 0.99565 -0.07266 0.05827
vn 0 -0.9498 -0.31286
vn -0.95175 0.29716 0.07656
vn -0.98555 0.16623 -0.03248
vn -0.92906 0.35635 0.09933
vn 0.00194 -0.29342 -0.95598
vn 0.00136 -0.48529 -0.87435
vn 0.65519 -0.4044 0.63811
vn 1 0.00114 0.00019
vn 1 0.00228 0.00037
vn -0.14458 0.98738 -0.06463
vn -0.87328 -0.30881 -0.37686
vn -0.83161 -0.39168 -0.39373
vn -0.94913 -0.10827 -0.2957
vn -0.61688 -0.46165 -0.63745
vn -0.25065 -0.80562 -0.5368
vn -0.0013 -0.29462 -0.95561
vn -0.00136 -0.48594 -0.87399
vn -0.0074 -0.99997 0.00358
vn -0.7583 -0.45451 -0.46733
vn -0.65599 0.7544 -0.02368
vn -0.68745 -0.66875 -0.28317
vn -0.67872 -0.66876 -0.30348
vn -0.99565 -0.07266 0.05827
vn -0.99788 0.02342 -0.06073
vn -0.99547 -0.07504 0.05839
vn -0.79281 -0.33878 -0.50663
vn -0.66752 -0.48377 -0.56602
vn -0.99692 0.03685 -0.06918
vn -0.99721 -0.04751 0.05759
vn -0.64602 -0.58644 -0.48862
vn -0.71777 -0.44607 -0.53463
vn -0.00053 -1 -0.00026
vn -0.53124 -0.41601 -0.73805
vn -0.99516 0.05102 -0.08397
vn -0.99706 -0.0323 0.06945
vn -0.9973 0.00293 0.07331
vn -0.99601 0.01727 0.08759
vn -0.99633 -0.00301 0.08553
vn -0.99592 0.01641 -0.08877
vn -0.93033 -0.14143 0.33834
vn 0.00151 0.01059 0.99994
vn 0 -0.18403 0.98292
vn 0.00101 -0.02871 0.99959
vn -0.97951 0.20134 -0.00531
vn -0.00055 -0.01068 -0.99994
vn -0.00037 0.02867 -0.99959
vn 0 0.18406 -0.98291
vn -1 2E-05 2E-05
vn -0.9805 0.19493 -0.02506
vn -0.98754 0.1573 -0.00482
vn -1 -5E-05 3E-05
vn -1 0 2E-05
vn -1 -0 1E-05
vn -0.98267 -0.18536 -0.00011
vn -0.99141 0.13083 -0
vn -0.00888 0.92109 0.38924
vn -0.93686 0.34941 -0.01433
vn -0.99513 0.09855 2E-05
vn -0.89578 -0.14419 -0.42046
vn -0.90335 -0.04705 -0.42631
vn -0.00593 -0.99998 0.00284
vn -0.01044 -0.99994 0.00446
vn -0.00103 -1 -0.00037
vn -0 -0.9379 -0.3469
vn -0 -0.9379 -0.3469
vn -0 -0.95525 -0.29579
vn -0.9616 -0.27444 -0.00432
vn -1 0.00126 -0
vn 0.99961 0.02794 -0
vn -0.57071 -0.03922 -0.82022
vn -0.56581 0.03146 -0.82393
vn -0.53945 0.14927 -0.82868
vn -0.52527 0.23285 -0.81846
vn -0 0.97226 0.23389
vn -0.0895 0.97226 0.21608
vn -0.16538 0.97226 0.16538
vn -0.21608 0.97226 0.08951
vn -0.23389 0.97226 -0
vn -0.21608 0.97226 -0.08951
vn -0.16538 0.97226 -0.16538
vn -0.0895 0.97226 -0.21608
vn -0 0.97226 -0.23389
vn 0.0895 0.97226 -0.21608
vn 0.16538 0.97226 -0.16538
vn 0.21608 0.97226 -0.08951
vn 0 -0.94891 -0.31556
vn 0.0004 -0.00043 1
vn 0.00095 0.00034 1
vn 0.001 -0.00023 1
vn 0.00071 0.00051 1
vn -7E-05 -0.00136 1
vn -0 2E-05 -1
vn 0 4E-05 -1
vn -0 4E-05 -1
vn 0 2E-05 -1
vn 6E-05 0.70557 0.70864
vn 0 0.7055 0.70871
vn -8E-05 0.70554 0.70867
vn 0 0.7055 0.70871
vn -8E-05 0.7397 0.67294
vn -1 -0.00021 -9E-05
vn -1 -0.00023 -0
vn -1 -0 0
vn -1 -0.00016 -0.00016
vn -1 -9E-05 -0.00021
vn -1 -0 -0.00023
vn -1 9E-05 -0.00021
vn -1 0.00016 -0.00016
vn -1 0.00021 -9E-05
vn -1 0.00023 -0
vn -1 0.00021 9E-05
vn -1 0.00016 0.00016
vn -1 9E-05 0.00021
vn -1 -0 0.00023
vn -1 -9E-05 0.00021
vn -1 -0.00016 0.00016
vn -1 -0.00021 9E-05
vn 0.50597 0.86255 -0
vn 0.46746 0.86255 0.19363
vn 0.35778 0.86255 0.35778
vn 0.19363 0.86255 0.46746
vn 0 0.86255 0.50598
vn -0.19363 0.86255 0.46746
vn -0.35778 0.86255 0.35778
vn -0.46746 0.86255 0.19363
vn -0.50597 0.86255 -0
vn -0.46746 0.86255 -0.19363
vn -0.35778 0.86255 -0.35778
vn -0.19363 0.86255 -0.46746
vn 0 0.86255 -0.50597
vn -0.67176 0.65285 0.35004
vn -0.66314 0.40667 0.62839
vn -0.45414 0.47155 0.75591
vn -0.46999 0.77797 0.41698
vn -0.70411 -0.03701 -0.70913
vn -0.75972 0.07459 -0.64596
vn -0.97918 -0.20279 0.00896
vn -0.91335 -0.40709 0.00808
vn -0.78148 -0.57487 0.24251
vn -0.85416 -0.44458 0.26975
vn -0.79826 -0.60228 0.00637
vn -0.63632 -0.77141 0.00423
vn -0.5198 -0.82679 0.21501
vn -0.66483 -0.71153 0.22745
vn -0.43816 -0.8989 0.00219
vn -0.35376 -0.91247 0.20558
vn -0.22048 -0.97539 0.00075
vn -0.00017 -1 0.00022
vn -6E-05 -0.9803 0.19753
vn -0.17718 -0.96371 0.19969
vn -0.32214 -0.70321 0.63381
vn -0.30098 -0.73277 0.6103
vn -0.24973 -0.76626 0.59202
vn -0.19185 -0.7937 0.57727
vn -0.1293 -0.81395 0.56636
vn -0.29746 -0.6377 -0.71053
vn -0.43603 -0.55246 -0.7104
vn -0.55273 -0.43598 -0.71022
vn -0.63812 -0.29749 -0.71015
vn -0.68794 -0.14917 -0.71028
vn -0.66527 -0.66182 0.34556
vn -0.67073 -0.7365 0.08767
vn -0.49092 -0.86417 0.11046
vn -0.469 -0.77842 0.41724
vn -0.67279 0.73465 0.08744
vn -0.48918 0.86549 0.10781
vn 0 0.86759 0.49728
vn 0 0.49725 0.8676
vn -0.66107 -0.39198 0.63979
vn -0.45507 -0.45783 0.76374
vn -0.66159 0.02531 0.74944
vn -0.75998 0.64473 0.08221
vn -0.83797 0.47546 0.26786
vn -0.92019 -0.39147 -0.00023
vn -0.67367 -0.73903 0.00035
vn 0 0.86759 -0.49728
vn 0 0.99185 -0.1274
vn 0.1293 -0.81395 0.56636
vn 0.19185 -0.7937 0.57727
vn -0.76067 0.64547 -0.06895
vn -0.84113 0.47708 -0.25475
vn -0.99983 0.01844 5E-05
vn 0.24973 -0.76626 0.59202
vn 0.32214 -0.70321 0.63381
vn 0.30098 -0.73277 0.6103
vn -0.84137 0.26084 -0.47335
vn 0.9542 0.29778 -0.02892
vn 0 0.99185 0.1274
vn -0.83662 0.26072 0.48175
vn 0 0.49229 -0.87043
vn -0.50587 -0.86261 0.00117
vn -0.44359 0.01919 0.89602
vn 0.30889 0.95066 -0.02886
vn 0 0.99958 -0.02886
vn 0.58754 0.80868 -0.02886
vn 0.80868 0.58754 -0.02886
vn -0.91298 0.40801 -0.00021
vn -0.14834 -0.68781 -0.71057
vn 0 -0.7038 -0.7104
vn 0.91298 0.40801 -0.00021
vn 0.67362 0.73907 0.00039
vn 0.67279 0.73465 0.08744
vn 0.50508 0.86307 0.00122
vn 0.48918 0.86549 0.10781
vn 0.45414 0.47155 0.75591
vn 0.66314 0.40667 0.62839
vn 0.67176 0.65285 0.35004
vn 0.46999 0.77797 0.41698
vn 0.75972 0.07459 -0.64596
vn 0.70411 -0.03701 -0.70913
vn 0.78148 -0.57487 0.24251
vn 0.91335 -0.40709 0.00808
vn 0.97918 -0.20279 0.00896
vn 0.85416 -0.44458 0.26975
vn 0.5198 -0.82679 0.21501
vn 0.63632 -0.77141 0.00423
vn 0.79826 -0.60228 0.00637
vn 0.66483 -0.71153 0.22745
vn 0.35376 -0.91247 0.20558
vn 0.43816 -0.8989 0.00219
vn 0.22032 -0.97543 0.00075
vn 0.17712 -0.96375 0.19954
vn 0.43603 -0.55246 -0.7104
vn 0.29746 -0.6377 -0.71053
vn 0.55273 -0.43598 -0.71022
vn 0.63812 -0.29749 -0.71015
vn 0.68794 -0.14917 -0.71028
vn 0.49092 -0.86417 0.11046
vn 0.67073 -0.7365 0.08767
vn 0.66527 -0.66182 0.34556
vn 0.469 -0.77842 0.41724
vn -0 0.49725 0.8676
vn -0 0.86759 0.49728
vn 0.66107 -0.39198 0.63979
vn 0.45507 -0.45783 0.76374
vn 0.66159 0.02531 0.74944
vn 0.75998 0.64473 0.08221
vn 0.83797 0.47546 0.26786
vn 0.67367 -0.73903 0.00035
vn 0.92019 -0.39147 -0.00023
vn -0 0.99185 -0.1274
vn -0 0.86759 -0.49728
vn 0.76067 0.64547 -0.06895
vn 0.84113 0.47708 -0.25475
vn 0.99983 0.01844 5E-05
vn 0.84137 0.26084 -0.47335
vn -0.9542 0.29778 -0.02892
vn -0 0.99185 0.1274
vn -0.67362 0.73907 0.00039
vn 0.83662 0.26072 0.48175
vn -0 0.49229 -0.87043
vn 0.50587 -0.86261 0.00117
vn 0.44359 0.01919 0.89602
vn -0.30889 0.95066 -0.02886
vn -0.58754 0.80868 -0.02886
vn -0.80868 0.58754 -0.02886
vn 0.14834 -0.68781 -0.71057
vn -0.50508 0.86307 0.00122
vn 0.36092 0.3324 0.87135
vn 0.31468 0.56906 0.7597
vn 0 0.56906 0.82229
vn 0 0.3324 0.94314
vn -0.31468 0.56906 0.7597
vn -0.36092 0.3324 0.87135
vn -0.58145 0.56907 0.58145
vn -0.6669 0.3324 0.6669
vn -0.7597 0.56907 0.31468
vn -0.87135 0.3324 0.36092
vn -0.82229 0.56906 -0
vn -0.94314 0.3324 -0
vn -0.7597 0.56906 -0.31468
vn -0.87134 0.3324 -0.36092
vn -0.58145 0.56906 -0.58145
vn -0.6669 0.3324 -0.6669
vn -0.31468 0.56907 -0.7597
vn -0.36093 0.33241 -0.87134
vn 0 0.56907 -0.82229
vn -0 0.33241 -0.94314
vn 0.31468 0.56907 -0.7597
vn 0.36093 0.33241 -0.87134
vn 0.58145 0.56906 -0.58145
vn 0.6669 0.3324 -0.6669
vn 0.7597 0.56906 -0.31468
vn 0.87134 0.3324 -0.36092
vn 0.82229 0.56906 -0
vn 0.94314 0.3324 -0
vn 0.80902 0.58779 -0
vn 0.95106 0.30902 -0
vn -0.95106 -0.30902 -0
vn -1 0 -0
vn 1 0 -0
vn 0 0.75295 0.65808
vn 0.38268 -0.92388 -0
vn -0.38268 -0.92388 -0
vn -0.38268 -0.92388 -0
vn -0.38268 -0.92388 -0
vn -0.70711 -0.70711 -0
vn -0.70711 -0.70711 -0
vn 0.38268 -0.92388 -0
vn 0.38268 -0.92388 -0
vn 0.70711 -0.70711 -0
vn 0.70711 -0.70711 -0
vn 0.19363 0.86255 -0.46746
vn -0.70711 -0.70711 -0
vn -0.80902 -0.58779 -0
vn 0.80902 -0.58779 -0
vn 0.58779 -0.80902 -0
vn 0.70711 -0.70711 -4E-05
vn 0.35778 0.86255 -0.35778
vn 0.38279 -0.92384 -3E-05
vn 0.30902 0.95106 -0
vn -0.95106 0.30902 -0
vn -0.80902 0.58779 -0
vn 0.46746 0.86255 -0.19363
vn -0 -1 -2E-05
vn 0.95106 -0.30902 -0
vn -0.38268 -0.92388 -2E-05
vn -1 0 -0
vn 0.7597 0.56907 0.31468
vn -0.70703 -0.70719 -1E-05
vn 0.58145 0.56907 0.58145
vn -0.30902 0.95106 -0
vn 1 0 -0
vn -0.95106 -0.30902 -0
vn 0.70711 0.70711 -0
vn 0.38268 0.92388 -0
vn 0.95106 0.30902 -0
vn -0.70711 0.70711 -4E-05
vn -0.70711 0.70711 -0
vn -0.38268 0.92388 -4E-05
vn -0.38268 0.92388 -0
vn -0.38268 0.92388 -0
vn -0.58779 0.80902 -0
vn 0 1 -4E-05
vn 0.80902 0.58779 -0
vn 0.38268 0.92388 -4E-05
vn 0.38268 0.92388 -0
vn 0.38268 0.92388 -0
vn 0.80902 -0.58779 -0
vn 0.70711 -0.70711 -0
vn -0.58779 0.80902 -0
vn -0.30902 0.95106 -0
vn 0.70711 0.70711 -4E-05
vn 0.30902 -0.95106 -0
vn -0.80902 0.58779 -0
vn -0.38268 0.92388 -0
vn 0 0.75295 0.65808
vn 0.95106 -0.30902 -0
vn -0.95106 0.30902 -0
vn 0.87135 0.3324 0.36092
vn 0.7597 0.56906 0.31468
vn 0.58145 0.56906 0.58145
vn 0.6669 0.3324 0.6669
vn 0.31468 0.56906 0.7597
vn 0.36092 0.3324 0.87135
vn 0 0.56906 0.82229
vn -0.31468 0.56906 0.7597
vn -0.36092 0.3324 0.87135
vn -0.58145 0.56906 0.58145
vn -0.6669 0.3324 0.6669
vn -0.7597 0.56906 0.31468
vn -0.87135 0.3324 0.36092
vn -0.82229 0.56906 -0
vn -0.94314 0.3324 -0
vn -0.7597 0.56906 -0.31468
vn -0.87135 0.3324 -0.36092
vn -0.58145 0.56906 -0.58145
vn -0.6669 0.3324 -0.6669
vn -0.31468 0.56906 -0.7597
vn -0.36092 0.3324 -0.87135
vn 0 0.56907 -0.82229
vn 0 0.33241 -0.94314
vn 0.31468 0.56906 -0.7597
vn 0.36092 0.3324 -0.87135
vn 0.58145 0.56906 -0.58145
vn 0.6669 0.3324 -0.6669
vn 0.7597 0.56906 -0.31468
vn 0.87135 0.3324 -0.36092
vn 0.82229 0.56906 -0
vn 0.94314 0.3324 -0
vn 0.58779 0.80902 -0
vn 0 0.7071 -0.70711
vn 0 0.38268 -0.92388
vn 0 -1 0
vn 0 -0.92388 -0.38268
vn -0.38268 0.92388 -0
vn 0 0.63213 0.77486
vn 0 -0.74785 -0.66387
vn 0 -0.70711 0.7071
vn 0 0.70711 0.7071
vn -0.95694 0.29029 0
vn -0.92388 0.38268 0
vn -0.95694 0.29029 -0
vn -0.92388 0.38268 -0
vn 0 -0.14394 0.98959
vn -0.49556 -0.07791 0.86507
vn -0.45759 0.05571 0.88742
vn -0 -0.14394 0.98959
vn 0.49555 -0.17176 0.85143
vn 0.45759 -0.30622 0.83477
vn 0.86137 -0.15372 0.48415
vn 0.80077 -0.38957 0.45497
vn 0.99545 -0.09426 -0.01371
vn 0.92859 -0.36724 -0.05342
vn 0.80078 -0.24381 -0.5471
vn 0.72329 -0.68336 -0.09939
vn 0.62363 -0.51629 -0.58697
vn 0.45759 -0.05571 -0.88742
vn 0.35625 -0.21131 -0.91018
vn 0 0.14394 -0.98959
vn 0 0.14394 -0.98959
vn -0.45759 0.30622 -0.83477
vn -0.35625 0.46186 -0.81227
vn -0.80078 0.38957 -0.45497
vn -0.62363 0.66211 -0.41556
vn -0.92859 0.36724 0.05342
vn -0.72329 0.68336 0.0994
vn -0.80077 0.24381 0.5471
vn -0.62363 0.51628 0.58698
vn -0.35625 0.21131 0.91018
vn -0 -0.14394 0.98959
vn 0.35625 -0.46185 0.81227
vn 0.62363 -0.66211 0.41557
vn 0.39968 -0.90711 -0.13194
vn 0.3444 -0.70859 -0.61587
vn 0.1965 -0.32063 -0.9266
vn 0 0.14393 -0.98959
vn -0.1965 0.57131 -0.79686
vn -0.3444 0.85468 -0.38848
vn -0.39968 0.90711 0.13194
vn -0.34439 0.70859 0.61587
vn 0.38268 0.92388 -0
vn 0.70711 0.70711 -0
vn 0.70803 -0.70619 -4E-05
vn 0 -0.0941 -0.99556
vn 0 -0.3754 -0.92686
vn 0 0.92502 0.37991
vn 0 0.3754 0.92686
vn 0 0.70711 0.70711
vn 0 0.92602 -0.37747
vn 0 -0.9951 0.0989
vn 0 -0.99568 -0.09284
vn 0 -0.92504 0.37986
vn -0.58778 -0.80902 -0
vn -0.80902 -0.58779 -0
vn 0 0.92388 -0.38268
vn 0 1 -0
vn -0.30902 -0.95106 -0
vn -0.70711 0 0.7071
vn -0.58779 -0.80902 -0
vn -0.80902 -0.58779 -0
vn -0.95106 -0.30902 -0
vn -1 -0 -0
vn -0.75269 -0 0.65837
vn -0.71585 0.23259 0.65837
vn -0.60894 0.44242 0.65837
vn -0.44242 0.60894 0.65837
vn -0.23259 0.71585 0.65837
vn 0 0.75269 0.65837
vn 0 -0.75269 0.65837
vn -0.23259 -0.71585 0.65837
vn -0.44242 -0.60894 0.65837
vn -0.60894 -0.44242 0.65837
vn -0.71585 -0.23259 0.65837
vn 0 0.0941 0.99556
vn 0 -0.70711 -0.70711
vn 0 -0.92734 -0.37423
vn -0.30902 0.95106 -0
vn -0.70711 0 -0.7071
vn 0.70711 0 0.7071
vn 0.70711 0 -0.7071
vn -0.58779 0.80902 -0
vn -0.80902 0.58779 -0
vn -0.95106 0.30902 -0
vn 0.35778 0.86255 0.35778
vn 0.19363 0.86255 0.46746
vn -0 0.86255 0.50598
vn -0.19363 0.86255 0.46746
vn -0.30876 0.95027 0.04078
vn -0.5873 0.80834 0.04078
vn -0.58766 0.80885 0.02039
vn -0.30895 0.95086 0.02039
vn 0 0.99917 0.04078
vn 0 0.99979 0.02039
vn -0.30877 -0.95114 -0.00076
vn 0 -1 -0.00103
vn -0.30902 -0.95106 -0
vn -1 -0 -0
vn -0.96744 0.25309 -0
vn -1 0.00298 -0
vn -0.38268 -0.92388 -0
vn -0.88233 0.47063 -0
vn 0 -0.0941 0.99556
vn -0.95106 0.30902 -0
vn 0 0.70711 -0.70711
vn 0 0.3754 -0.92686
vn 0 0.0941 -0.99556
vn -0.95106 -0.30902 -0
vn -0.58757 -0.80917 -0.00025
vn -0.80902 -0.58779 -0
vn -0.95106 -0.30902 -0
vn 0 -0.3754 0.92686
vn 0.09965 -0.08793 -0.99113
vn 0.08088 -0.42985 -0.89927
vn -0.08088 -0.42985 -0.89927
vn -0.09965 -0.08793 -0.99113
vn 0.09693 0.51797 -0.84989
vn 0.09898 0.44752 -0.88878
vn -0.09898 0.44752 -0.88878
vn -0.09693 0.51797 -0.84989
vn 0.70713 0 -0.70708
vn -0.79255 -0.34612 0.50207
vn -0.78526 -0.48323 0.38711
vn -0.64378 -0.59326 0.48332
vn -0.79035 0.61266 -0
vn 0.09827 -0.75311 0.65051
vn 0.09801 -0.67641 0.72998
vn -0.09801 -0.67641 0.72998
vn -0.09827 -0.75311 0.65051
vn 0 -3E-05 1
vn 0.09541 -0.63459 -0.76694
vn 0.08454 -0.77826 -0.62223
vn -0.08454 -0.77826 -0.62223
vn -0.09541 -0.63459 -0.76694
vn 0.70714 0 0.70707
vn -1 -0 -0
vn -0.95106 0.30902 -0
vn -0.09884 -0.78668 0.60939
vn -0.38749 -0.72887 0.56445
vn -0.39555 -0.58447 0.70847
vn -0.10139 -0.63305 0.76744
vn -0.78157 -0.05572 -0.62132
vn -0.78223 -0.49225 0.38185
vn -0.92761 -0.29504 0.22913
vn -0.93035 -0.23332 0.28285
vn -0.78931 -0.39069 0.47365
vn -0.69598 -0.6994 -0.16266
vn -0.64583 0 0.76349
vn 0 -0.9498 -0.31287
vn 0.64583 0 0.76349
vn -0.38845 -0.08215 -0.9178
vn -0.39898 0.16617 -0.90178
vn -0.10253 0.18045 -0.97823
vn 0.04034 -0.77422 -0.63163
vn -0.04034 -0.77422 -0.63163
vn -0.70714 0 0.70707
vn -0.38747 0.41499 -0.8232
vn -0.38001 0.48136 -0.78987
vn 0.87135 0.3324 0.36092
vn -0.09611 0.19059 -0.97695
vn -0.37851 0.17336 -0.90922
vn -0.39263 -0.18753 -0.90037
vn -0.10032 -0.2093 -0.97269
vn -0.78356 -0.15718 0.60111
vn -0.78037 -0.26368 0.56701
vn -0.92682 -0.15834 0.34048
vn -0.92793 -0.09447 0.36058
vn -0.09755 0.47325 -0.87551
vn -0.38157 0.4391 -0.81339
vn -0.38094 0.34757 -0.85678
vn -0.09721 0.37626 -0.9214
vn -0.63359 0.36668 -0.68126
vn -0.63332 0.2876 -0.71846
vn -0.70713 0 -0.70708
vn 0.09563 -0.62397 -0.77557
vn 0.10032 -0.2093 -0.97269
vn -0.09563 -0.62397 -0.77557
vn 0.6669 0.3324 0.6669
vn 0.09611 0.19059 -0.97695
vn 0.09721 0.37626 -0.9214
vn -0.30519 0.64888 -0.697
vn -0.43222 0.57165 -0.69743
vn 0.09755 0.47325 -0.87551
vn 0 -0.00073 -1
vn -0.57749 0.41788 -0.70134
vn 0 0.01933 -0.99981
vn 0 0.01915 -0.99982
vn 0 -0.20527 -0.97871
vn 0 0.00764 -0.99997
vn 0 0.01584 -0.99987
vn -0.69031 0.18444 -0.69961
vn -0.71884 0.05942 -0.69263
vn 0.10123 0.23085 0.96771
vn 0.10309 0.03964 0.99388
vn -0.10309 0.03964 0.99388
vn -0.10123 0.23085 0.96771
vn -0.0011 -0.12788 -0.99179
vn 0 0.34034 -0.9403
vn 0 0.75089 -0.66043
vn -0.79719 0.12482 0.59068
vn -0.79341 0.13682 0.59311
vn -0.93192 0.07971 0.35381
vn -0.93395 0.07198 0.35007
vn -0.77192 0.33037 -0.54314
vn -0.78111 0.282 -0.55709
vn -0.92747 0.16919 -0.33344
vn -0.92345 0.1993 -0.3279
vn -0.26057 0.62634 -0.73471
vn -0.62754 0.25883 -0.7343
vn -0.73781 -0.62298 0.25988
vn -0.73595 -0.25648 0.62657
vn 0.12168 0.70607 -0.69761
vn -0.12168 0.70607 -0.69761
vn -0.64373 -0.60493 0.4687
vn -0.65282 -0.48204 0.58435
vn -0.11103 -0.00044 -0.99382
vn 0.11103 -0.00044 -0.99382
vn 0.1108 -0.11018 -0.98772
vn -0.1108 -0.11018 -0.98772
vn 4E-05 -1 -1E-05
vn 0.08499 -0.75556 0.64955
vn 0.10023 -0.37966 0.91968
vn -0.10023 -0.37966 0.91968
vn -0.08499 -0.75556 0.64955
vn -0.39232 -0.21336 0.89474
vn -0.18997 -0.22527 0.9556
vn -0.93243 0.06564 -0.35534
vn -0.99551 0.04296 -0.08435
vn -0.66194 0.02989 0.74896
vn -0.79725 0.02398 0.60317
vn -0.65636 0.17275 0.7344
vn -0.93319 0.01432 0.35909
vn 0 0.94071 -0.33922
vn 0 0.79995 -0.60006
vn 0 0.62361 -0.78174
vn 0.10209 0.21276 0.97176
vn -0.10209 0.21276 0.97176
vn 0 0.44221 -0.89691
vn -0.92378 0.1804 -0.33777
vn -0.77263 0.29991 -0.55955
vn -0.79271 0.11072 -0.59946
vn 0.10253 0.18045 -0.97823
vn -0.42099 -0.30849 -0.85299
vn -0.74604 -0.22977 -0.625
vn -0.76191 -0.0743 -0.64341
vn -0.4336 -0.10328 -0.89517
vn -0.7023 -0.14353 -0.69726
vn -0.7048 -0.08232 -0.70461
vn -0.70891 -0.06735 -0.70208
vn -0.68425 -0.19886 -0.70161
vn -0.40203 0.03663 0.9149
vn -0.39624 0.21254 0.89321
vn -0.63158 0.13946 -0.76267
vn -0.92747 -0.05714 -0.3695
vn -0.10852 -0.32434 -0.93969
vn 0.10852 -0.32434 -0.93969
vn -0.99782 -4E-05 -0.06595
vn -0.701 0.00428 -0.71315
vn 0.13375 0.69172 -0.70967
vn -0.13375 0.69172 -0.70967
vn -0.38181 0.58993 -0.71148
vn -0.92399 0.13832 -0.35653
vn -0.92382 0.06274 -0.37765
vn -0.64861 -0.14247 -0.74767
vn -0.36013 -0.59225 -0.7208
vn -0.65942 0.23604 -0.71376
vn -0.57326 0.39842 -0.71598
vn -0.57669 -0.41408 -0.70425
vn -0.3861 -0.58295 -0.71491
vn -0.13543 -0.68687 -0.71405
vn 0.09886 -0.24953 0.96331
vn -0.09886 -0.24953 0.96331
vn 0 -0.28201 0.95941
vn 0 0.70711 0.70711
vn -0.64505 -0.19262 0.73947
vn 0.13543 -0.68687 -0.71405
vn -0.65697 0.13674 -0.74141
vn -0.64284 0.3454 -0.68371
vn 0 -0.70709 -0.70712
vn -0.99546 -0.02414 0.0921
vn -0.38806 -0.23147 0.89209
vn -0.1173 -0.83271 -0.54114
vn 0.1173 -0.83271 -0.54114
vn 0 -0.94613 -0.32379
vn 0 -0.94613 -0.32379
vn -0.77189 0.10847 -0.62643
vn -0.78513 -0.10261 -0.61077
vn 0 0.9964 -0.08473
vn -0.38479 -0.70522 0.59548
vn 0.10575 -0.03449 0.99379
vn -0.10575 -0.03449 0.99379
vn -0.67381 -0.02549 0.73847
vn -0.80709 -0.02012 0.59009
vn -0.78821 -0.23619 0.56828
vn -0.65059 -0.29157 0.70122
vn 5E-05 -0.70711 -0.70711
vn -0.26052 -0.62635 -0.73472
vn -0.63936 -0.18054 0.74742
vn -0.38577 -0.38924 0.83647
vn -0.64152 -0.32348 0.69557
vn -0.39932 0.19548 0.89573
vn -0.66075 0.15829 0.73373
vn -0.93812 -0.01204 0.34611
vn 0.09829 -0.42007 0.90216
vn -0.09829 -0.42007 0.90216
vn -0.33372 -0.73276 0.59304
vn -0.39234 -0.35262 0.84955
vn -0.6321 -0.37926 0.67572
vn -0.31517 -0.42872 -0.84668
vn -0.64353 -0.06847 -0.76236
vn -0.63235 0.40293 -0.66165
vn -0.77453 -0.1945 0.60189
vn 0 0.76895 0.63931
vn 0 0.76895 0.63931
vn 0 0.76895 0.63931
vn 0 0.76896 0.6393
vn 0 0.77031 0.63767
vn 0.10312 0.96839 0.22711
vn -0.10312 0.96839 0.22711
vn -0.41116 -0.03196 0.911
vn -0.31488 -0.73907 -0.5955
vn -0.41943 -0.87812 0.23018
vn -0.13157 -0.99126 -0.00975
vn -1 0.00189 -0
vn 0 -0.66819 0.74399
vn 0 -0.67835 0.73474
vn 0 -0.6579 0.7531
vn 0.92382 0.06274 -0.37765
vn 0.92399 0.13832 -0.35653
vn 0.77277 0.23226 -0.59067
vn 0.77189 0.10847 -0.62643
vn 0 0.99364 0.1126
vn 0.65697 0.13674 -0.74141
vn 0.64353 -0.06847 -0.76236
vn 0.38845 -0.08215 -0.9178
vn 0.39898 0.16617 -0.90178
vn 0.93243 0.06564 -0.35534
vn 0.92747 -0.05714 -0.3695
vn 0.78513 -0.10261 -0.61077
vn 0.76191 -0.0743 -0.64341
vn 0.76369 -0.00037 -0.64559
vn 0.9046 -0.00028 -0.42626
vn 0.96863 -0.00015 -0.24849
vn 0.4336 -0.10328 -0.89517
vn 0.43506 -0.00043 -0.9004
vn 0.99782 -4E-05 -0.06595
vn 0.92345 0.1993 -0.3279
vn 0.92378 0.1804 -0.33777
vn 0.64289 0 -0.76596
vn 0.83147 0.55557 -0
vn 0.70711 0.70711 -0
vn 0.70711 0.70711 -0
vn 0.74604 -0.22977 -0.625
vn 0.36656 -0.59084 -0.71871
vn 0.42099 -0.30849 -0.85299
vn -0.003 0.12766 0.99181
vn 0.63359 0.36668 -0.68126
vn 0.63235 0.40293 -0.66165
vn 0.38001 0.48136 -0.78987
vn 0.38157 0.4391 -0.81339
vn -0.17067 0.98533 3E-05
vn 0.17067 0.98533 3E-05
vn 0.79035 0.61266 -0
vn 0.92388 0.38268 -0
vn 0.77877 -0.62731 -0.00017
vn 0.78307 -0.62122 0.02966
vn 0.78821 -0.23619 0.56828
vn 0.77278 -0.30972 0.55398
vn 0.19305 -0.98119 7E-05
vn -0.19305 -0.98119 7E-05
vn -0.19427 -0.97979 0.04763
vn 0.19427 -0.97979 0.04763
vn 0.70387 0.71033 -0
vn 0.82929 0.55882 -0
vn 0.72713 -0.39673 -0.56025
vn 0.72714 -0.39673 -0.56025
vn 0.73621 -0.625 -0.25956
vn 0.72712 -0.65204 -0.21478
vn 0.93387 -0.20924 0.29001
vn 0.92754 -0.12148 0.35342
vn 0.77453 -0.1945 0.60189
vn 0.79255 -0.34612 0.50207
vn 0.6032 0.79759 3E-05
vn 0.81011 0.58628 -9E-05
vn 0.55473 -0.83105 0.04035
vn 0.55194 -0.83389 7E-05
vn 0.51726 -0.84219 0.1522
vn 0.62681 -0.77918 0.00055
vn 0.55557 0.83147 -0
vn 1 0.00189 -0
vn 0.31517 -0.42872 -0.84668
vn 0.73501 -0.25883 -0.62671
vn 0.72714 -0.65203 -0.21478
vn 0.96706 0.25454 -0.00028
vn 0.99724 0.07426 -0.00037
vn 0.70711 0 0.70711
vn 0.73595 -0.25648 0.62657
vn 0.71205 0.70213 4E-05
vn 0.42582 0.90481 4E-05
vn 0.78157 -0.05572 -0.62132
vn 0.79271 0.11072 -0.59946
vn -8E-05 -1 -2E-05
vn -4E-05 -1 -1E-05
vn 0 -0.99383 -0.11092
vn 0.39624 0.21254 0.89321
vn 0.39931 0.19548 0.89573
vn 0.70711 0 -0.70711
vn 0.38577 -0.38924 0.83647
vn 0.38806 -0.23147 0.89209
vn 0 -0.99626 0.08642
vn 4E-05 1 0
vn 9E-05 1 1E-05
vn 0.92919 -0.2884 0.23116
vn 0.78526 -0.48323 0.38711
vn 0.78223 -0.49225 0.38185
vn 0.92761 -0.29504 0.22913
vn 0.36013 -0.59225 -0.7208
vn 0.31488 -0.73907 -0.5955
vn 0.63158 0.13946 -0.76267
vn 0.64861 -0.14247 -0.74767
vn 0.73781 -0.62298 0.25988
vn 0.70923 -0.70498 -0
vn 0.77263 0.29991 -0.55955
vn 0.63332 0.2876 -0.71846
vn 0 -0.70711 0.70711
vn 0.70923 -0.70498 -0
vn 0.37851 0.17336 -0.90922
vn 0.39263 -0.18753 -0.90037
vn 0.41943 -0.87812 0.23018
vn 0.38094 0.34757 -0.85678
vn 0.92682 -0.15834 0.34048
vn 0.78037 -0.26368 0.56701
vn 0.78356 -0.15718 0.60111
vn 0.92793 -0.09447 0.36058
vn 0.93192 0.07971 0.35381
vn 0.79341 0.13682 0.59311
vn 0.79719 0.12482 0.59068
vn 0.93395 0.07198 0.35007
vn 0.38747 0.41499 -0.8232
vn 0.92747 0.16919 -0.33344
vn 0.78111 0.282 -0.55709
vn 0.77192 0.33037 -0.54314
vn 0.62754 -0.25883 -0.7343
vn 0.62754 0.25883 -0.7343
vn 0.26052 -0.62635 -0.73472
vn 0.26057 0.62634 -0.73471
vn 0.69598 -0.6994 -0.16266
vn 0 0.97892 -0.20426
vn 0 -0.53241 0.84649
vn 0 -0.88667 0.46241
vn 0 -0.94049 0.33981
vn 0.70711 -0.70711 -0
vn 0.38268 0.92388 -0
vn 0.14673 0.98918 -0
vn 0 -0.02238 -0.99975
vn 0 -0.1096 -0.99398
vn 0.5584 -0.81398 0.16008
vn 0.19593 -0.96219 0.18923
vn 0.79617 -0.54322 0.26653
vn 0.81093 -0.5668 0.14536
vn 0.19796 -0.94733 0.25175
vn 0.19486 -0.88113 0.43086
vn -0.19486 -0.88113 0.43086
vn -0.19796 -0.94733 0.25175
vn 0.79636 -0.59371 0.11542
vn 0.8105 -0.58499 0.02956
vn 0.56333 -0.79852 0.21219
vn 0.55673 -0.82897 0.0535
vn -0.19593 -0.96219 0.18923
vn 0.55451 -0.77848 0.29407
vn 0.19414 -0.91771 0.34658
vn 0.55663 -0.74624 0.36509
vn 0.79714 -0.56439 0.21453
vn 0.19498 -0.97876 0.06339
vn -0.19414 -0.91771 0.34658
vn 0.56466 0.79406 0.225
vn 0.55721 0.82842 0.05693
vn 0.19507 0.97846 0.06749
vn 0.19842 0.94299 0.26722
vn 1 0.0001 0.00096
vn 0.99737 -0.07242 -0.00066
vn 0.99999 -0.005 -0.00031
vn 0.96249 -0.27132 -0.00036
vn 0.19421 0.96089 -0.19742
vn -0.19421 0.96089 -0.19742
vn -0.19421 0.96089 -0.19741
vn 0.19421 0.96089 -0.19741
vn 0.19488 0.97849 0.06766
vn -0.19488 0.97849 0.06766
vn -0.19335 0.98058 -0.03288
vn 0.19335 0.98058 -0.03288
vn 0.19449 0.8685 0.45593
vn -0.19449 0.8685 0.45593
vn -0.19448 0.8685 0.45595
vn 0.19448 0.8685 0.45595
vn 0.19306 0.98119 -7E-05
vn -0.19306 0.98119 -7E-05
vn -0.19507 0.97846 0.06749
vn -0.19498 -0.97876 0.06339
vn -0.19314 -0.98117 -0.00014
vn 0.19314 -0.98117 -0.00014
vn 0.19268 -0.87249 0.44904
vn -0.19268 -0.87249 0.44904
vn 0.19351 0.9811 -0
vn -0.19351 0.9811 -0
vn 0 -0.29214 -0.95637
vn -0.19351 -0.9811 -0
vn 0.19351 -0.9811 -0
vn 0.64284 0.3454 -0.68371
vn 0.80341 0.58375 -0.11735
vn 0.55431 0.81528 -0.1675
vn 0.55432 0.81528 -0.1675
vn 0.82143 0.55904 -0.1128
vn 0.79045 0.61116 0.04092
vn 0.55705 0.82851 0.0571
vn 0.55302 0.8327 -0.0279
vn 0.78154 0.6235 -0.02094
vn 0.55146 -0.74176 0.38169
vn 0.78718 -0.54895 0.28107
vn 0.79475 0.53912 0.27878
vn 0.55671 0.73543 0.38628
vn 0.55672 0.73542 0.3863
vn 0.78997 0.5446 0.28172
vn 0.80842 0.5886 -0.00306
vn 0.55194 0.83388 -7E-05
vn 0.8021 0.5959 0.03926
vn 0.55201 -0.83384 -0.00014
vn 0.81289 -0.58242 -0.00131
vn 0.81661 0.57717 -0.00473
vn 0.55233 0.83363 -0
vn 0.55233 -0.83363 -0
vn 0.81475 -0.57982 -2E-05
vn -0.14673 0.98918 -0
vn 0.19462 0.97205 -0.13133
vn -0.19462 0.97205 -0.13133
vn 0.19838 0.94297 0.26731
vn -0.19838 0.94297 0.26731
vn -0.19842 0.94299 0.26722
vn 0.7879 0.61055 -0.08028
vn 0.55519 0.82423 -0.11135
vn 0.79702 0.58143 0.16342
vn 0.56464 0.79405 0.22509
vn 0.80466 0.57204 0.15903
vn 0.39234 -0.35262 0.84955
vn 0.33372 -0.73276 0.59304
vn -0.62754 -0.25883 -0.7343
vn 0.38479 -0.70522 0.59548
vn 0.09884 -0.78668 0.60939
vn 0.38749 -0.72887 0.56445
vn 0.3861 -0.58295 -0.71491
vn 0.57669 -0.41408 -0.70425
vn 0.68425 -0.19886 -0.70161
vn 0.65942 0.23604 -0.71376
vn 0.57326 0.39842 -0.71598
vn 0.38181 0.58993 -0.71148
vn 0.701 0.00428 -0.71315
vn 0.7023 -0.14353 -0.69726
vn 0.70891 -0.06735 -0.70208
vn 0.7048 -0.08232 -0.70461
vn -0.62681 -0.77918 0.00055
vn 0.65282 -0.48204 0.58435
vn 0.64372 -0.60493 0.4687
vn 0.39555 -0.58447 0.70847
vn 0.93035 -0.23332 0.28285
vn 0.30519 0.64888 -0.697
vn 0.71884 0.05942 -0.69263
vn 0.69031 0.18444 -0.69961
vn 0.57749 0.41788 -0.70134
vn 0.43222 0.57165 -0.69743
vn 0.78931 -0.39069 0.47365
vn 0.10139 -0.63305 0.76744
vn 0.95694 0.29029 -0
vn 0.92388 0.38268 -0
vn 0.95694 0.29029 0
vn 0.92388 0.38268 0
vn -0.1965 0.32062 0.9266
vn -0 -0.14393 0.98959
vn 0.64152 -0.32348 0.69557
vn 0.41116 -0.03196 0.911
vn 0.92227 -0.09165 0.37553
vn 0.7668 -0.15103 0.62387
vn 6E-05 0.70711 -0.70711
vn 0.93812 -0.01204 0.34611
vn 0.80709 -0.02012 0.59009
vn 0.67381 -0.02549 0.73847
vn 0.66075 0.15829 0.73373
vn 0.63936 -0.18054 0.74742
vn -0.51726 -0.84219 0.1522
vn 0.65059 -0.29157 0.70122
vn 0.40203 0.03663 0.9149
vn 0.93319 0.01432 0.35909
vn 0.79725 0.02398 0.60317
vn 0.66194 0.02989 0.74896
vn 0.64505 -0.19262 0.73947
vn 0.99546 -0.02414 0.0921
vn 0 -0.94613 -0.32379
vn 0.13157 -0.99126 -0.00975
vn 0 -0.94891 -0.31556
vn 0.65636 0.17275 0.7344
vn 0.04482 -0.98994 0.13424
vn -0.04482 -0.98994 0.13424
vn 0.99551 0.04296 -0.08435
vn 0.18997 -0.22527 0.9556
vn 0.39232 -0.21336 0.89474
vn -0.92754 -0.12148 0.35342
vn -0.93387 -0.20924 0.29001
vn -0.70923 -0.70498 -0
vn -0.72714 -0.65203 -0.21478
vn 0 0.77167 0.63602
vn 0.64378 -0.59326 0.48332
vn 0.6321 -0.37926 0.67572
vn 0 -0.42404 0.90564
vn 0 -0.60773 0.79415
vn 0 -0.79958 0.60056
vn -5E-05 -0.70711 -0.70711
vn -0.55302 0.8327 -0.0279
vn -0.55519 0.82423 -0.11135
vn -0.55432 0.81528 -0.1675
vn -0.8021 0.5959 0.03926
vn -0.80466 0.57204 0.15903
vn -0.78997 0.5446 0.28172
vn -0.79702 0.58143 0.16342
vn -0.78154 0.6235 -0.02094
vn -0.7879 0.61055 -0.08028
vn -0.82143 0.55904 -0.1128
vn -0.55721 0.82842 0.05693
vn -0.56466 0.79406 0.225
vn -0.55672 0.73542 0.3863
vn -0.56464 0.79405 0.22509
vn -0.55473 -0.83105 0.04035
vn -0.5584 -0.81398 0.16008
vn -0.79617 -0.54322 0.26653
vn -0.81093 -0.5668 0.14536
vn 0.0011 -0.12788 -0.99179
vn -0.70711 -0.70711 -0
vn -0.7668 -0.15103 0.62387
vn 0 -0.34033 -0.9403
vn 0 -0 -1
vn -0.36656 -0.59084 -0.71871
vn -0.78307 -0.62122 0.02966
vn -0.79636 -0.59371 0.11542
vn -0.56333 -0.79852 0.21219
vn -0.8105 -0.58499 0.02956
vn -0.55673 -0.82897 0.0535
vn 0 0.99338 0.11484
vn 0 0.88667 0.46241
vn -0.55451 -0.77848 0.29407
vn -0.55663 -0.74624 0.36509
vn -0.79714 -0.5644 0.21453
vn -0.55671 0.73543 0.38628
vn -0.55705 0.82851 0.0571
vn -0.55431 0.81528 -0.1675
vn -0.79475 0.53912 0.27878
vn -0.79045 0.61116 0.04092
vn -6E-05 0.70711 -0.70711
vn -0.92227 -0.09165 0.37553
vn -1 0.0001 0.00096
vn -0.99737 -0.07242 -0.00066
vn -0.99999 -0.005 -0.00031
vn -0.96249 -0.27132 -0.00036
vn -0.92919 -0.2884 0.23116
vn -0.80341 0.58375 -0.11735
vn -0.77277 0.23226 -0.59067
vn 0 0.53241 0.84649
vn -0.55201 -0.83384 -0.00014
vn -0.55233 -0.83363 -0
vn -0.55233 0.83363 -0
vn -0.55194 0.83388 -7E-05
vn -0.38268 0.92388 -0
vn -0.55146 -0.74176 0.38169
vn -0.77278 -0.30972 0.55398
vn -0.77877 -0.62731 -0.00017
vn -0.55194 -0.83389 7E-05
vn -0.78718 -0.54895 0.28107
vn -0.80842 0.5886 -0.00306
vn -0.81289 -0.58242 -0.00131
vn -0.81475 -0.57982 -2E-05
vn -0.83147 0.55557 -0
vn -0.81661 0.57717 -0.00473
vn -0.82929 0.55882 -0
vn 0 -0 1
vn -0.9046 -0.00028 -0.42626
vn -0.76369 -0.00037 -0.64559
vn -0.96863 -0.00015 -0.24849
vn -0.43506 -0.00043 -0.9004
vn -0.64289 0 -0.76596
vn -0.70711 0.70711 -0
vn -0.70711 0.70711 -0
vn 0.003 0.12766 0.99181
vn -0.70387 0.71033 -0
vn -0.72714 -0.39673 -0.56025
vn -0.72713 -0.39673 -0.56025
vn -0.72712 -0.65204 -0.21478
vn -0.73621 -0.625 -0.25956
vn -0.81011 0.58628 -9E-05
vn -0.6032 0.79759 3E-05
vn -0.55557 0.83147 -0
vn -0.73501 -0.25883 -0.62671
vn -0.99724 0.07426 -0.00037
vn -0.96706 0.25454 -0.00028
vn -0.70711 0 0.70711
vn 0.1965 -0.57131 0.79687
vn 0.3444 -0.85468 0.38848
vn 0 -0.99338 0.11484
vn 0 -0.97892 -0.20426
vn -0.42582 0.90481 4E-05
vn 8E-05 -1 -2E-05
vn -0.70711 0 -0.70711
vn 0 -0.75089 -0.66043
vn -9E-05 1 1E-05
vn -0.70923 -0.70498 -0
vn 0 -0.70711 -0.70711
vn 0 -0.38268 -0.92388
vn 0 0.70711 0.70711
vn 0 0.38268 0.92388
vn 0 -0 -1
vn 0 0.38268 -0.92388
vn 0 0.92388 0.38268
vn 0 0.70711 -0.70711
vn 0 0.92388 -0.38268
vn 0 1 0
vn 0 -0.70711 0.70711
vn 0 -0.38268 0.92388
vn 0 -0.92388 0.38268
vn 0 -0 1
vn 0.50597 0.86255 -0
vn 0.46746 0.86255 0.19363
vn -0.35778 0.86255 0.35778
vn -0.46746 0.86255 0.19363
vn -0.50597 0.86255 -0
vn -0.46746 0.86255 -0.19363
vn -0.35778 0.86255 -0.35778
vn -0.19363 0.86255 -0.46746
vn 0 0.86255 -0.50598
vn 0.19363 0.86255 -0.46746
vn 0.35778 0.86255 -0.35778
vn 0.46746 0.86255 -0.19363
vn 0 -1 -0
vn 0 -0.92388 -0.38268
vn 0 0.38268 0.92388
vn 0 -0.70711 -0.70711
vn 0 -0.38268 -0.92388
vn 0 0.70711 0.70711
vn 0 -0 -1
vn 0 0.38268 -0.92388
vn 0 0.92388 0.38268
vn 0 0.70711 -0.70711
vn -0.30902 -0.95106 -0
vn 0.30902 0.95106 -0
vn -0.58779 -0.80902 -0
vn 0.58779 0.80902 -0
vn 0 0 -1
vn 0 -0.38268 -0.92388
vn 0 -0.70711 -0.70711
vn 0 -0.92388 -0.38269
vn 0 -1 -0
vn 0 -0.92388 0.38269
vn 0 -0.70711 0.70711
vn 0 -0.38268 0.92388
vn 0 0 1
vn 0 0.38268 0.92388
vn 0.32423 -0.44626 -0.8341
vn 0.17046 -0.52461 -0.8341
vn 0 0.7071 0.70711
vn 0 0.92388 0.38268
vn 0 1 -0
vn 0 0.92388 -0.38268
vn 0 0 -1
vn 0 -0.38269 -0.92388
vn 0 0.38268 0.92388
vn 0 0.70711 0.70711
vn 0 -0.70711 -0.7071
vn 0 0.55161 -0.8341
vn 0.17046 0.52461 -0.8341
vn 0 0.38269 -0.92388
vn 0 -0.92388 -0.38269
vn 0 0 1
vn 0 0.92388 0.38268
vn 0 0.70711 -0.7071
vn 0 0.92388 -0.38268
vn 0 -0.38268 0.92388
vn 0 -0.70711 0.7071
vn 0 -0.92388 0.38268
vn 0.32423 0.44626 -0.8341
vn 0 -0.55161 -0.8341
vn 0.44626 0.32423 -0.8341
vn 0 -1 0
vn 0 -0.92388 0.38268
vn 0 -0.92388 -0.38268
vn 0 -0 1
vn 0 -0.38268 0.92388
vn 0 -0.70711 0.70711
vn 0.80902 0.58779 -0
vn 0.58779 0.80902 -0
vn 0.30902 0.95106 -0
vn 0.30902 -0.95106 -0
vn 0.58779 -0.80902 -0
vn 0.80902 -0.58779 -0
vn 0.95106 -0.30902 -0
vn 1 0 -0
vn 0.95106 0.30902 -0
vn 0.52461 0.17046 -0.8341
vn 0 -0.70711 0.70711
vn 0 -0.38268 0.92388
vn 0.55161 0 -0.8341
vn 0.52461 -0.17046 -0.8341
vn 0.44626 -0.32423 -0.8341
vn 0 -0.92388 0.38268
vn 0 -1 0
vn 0 -0.92388 -0.38268
vn 0 0.38268 0.92388
vn 0 -0.70711 -0.70711
vn 0 -0.38268 -0.92388
vn 0 0.38268 -0.92388
vn 0 0.92388 0.38268
vn 0 0.92388 -0.38268
vn -0.80902 -0.58779 -0
vn 0.30895 0.95086 0.02039
vn 0.30876 0.95027 0.04078
vn 0.58766 0.80885 0.02039
vn 0.5873 0.80834 0.04078
vn 0.80885 0.58766 0.02039
vn 0.80834 0.5873 0.04078
vn 0.95086 0.30895 0.02039
vn 0.95027 0.30876 0.04078
vn 0.99979 -0 0.02039
vn 0.99917 -0 0.04078
vn 0.95086 -0.30895 0.02039
vn 0.95027 -0.30876 0.04078
vn 0.80885 -0.58766 0.02039
vn 0.80834 -0.5873 0.04078
vn 0.58766 -0.80885 0.02039
vn 0.5873 -0.80834 0.04078
vn 0.30895 -0.95086 0.02039
vn 0.30876 -0.95027 0.04078
vn -0 -0.99979 0.02039
vn -0 -0.99917 0.04078
vn 0.30902 0.95106 -0
vn 0.58778 0.80902 -0
vn 0.95106 0.30902 -0
vn 1 -0 -0
vn 0.95106 -0.30902 -0
vn 0.80902 -0.58779 -0
vn 0.58779 -0.80902 -0
vn 0.30902 -0.95106 -0
vn -0.95027 -0.30876 0.04078
vn -0.80834 -0.5873 0.04078
vn -0.80885 -0.58766 0.02039
vn -0.95086 -0.30895 0.02039
vn -0.80834 0.5873 0.04078
vn -0.80885 0.58766 0.02039
vn 0.9628 0.27022 -0
vn 0.87743 0.47971 -0
vn 0.95106 0.30902 -0
vn 0.95106 -0.30902 -0
vn 0.80902 -0.58779 -0
vn 0.70711 -0.70711 -0
vn 0.80902 0.58779 -0
vn 0.95106 0.30902 -0
vn 1 -0 -0
vn 0.80902 -0.58779 -0
vn 0.58757 -0.80917 -0.00025
vn 0.30877 -0.95114 -0.00076
vn 0.95106 0.30902 -0
vn 1 -0 -0
vn 0.80902 0.58779 -0
vn 0.58779 0.80902 -0
vn 0.30902 0.95106 -0
vn 0 -0.70711 -0.70711
vn 0.75269 -0 0.65837
vn 0.71585 -0.23259 0.65837
vn 0.60894 -0.44242 0.65837
vn 0.44242 -0.60894 0.65837
vn 0.23259 -0.71585 0.65837
vn 0.23259 0.71585 0.65837
vn 0.44242 0.60894 0.65837
vn 0.60894 0.44242 0.65837
vn 0.71585 0.23259 0.65837
vn 1 -0 -0
vn 0.95106 -0.30902 -0
vn 0.80902 -0.58779 -0
vn 0.58779 -0.80902 -0
vn 0 -0.38268 -0.92388
vn 0.30902 -0.95106 -0
vn 0 -0 -1
vn 0.58778 -0.80902 -0
vn 0 0.38268 -0.92388
vn 0.80902 -0.58779 -0
vn 0 0.70711 -0.70711
vn 0.95106 -0.30902 -0
vn 0 0.92388 -0.38269
vn 0.95106 0.30902 -0
vn 0.88233 0.47063 -0
vn 0.96744 0.25309 -0
vn 1 0.00298 -0
vn 0.30902 -0.95106 -0
vn -0.86138 0.00942 0.50788
vn -0.99545 0.09426 0.01371
vn -0.86138 0.15372 -0.48415
vn -0.49555 0.17176 -0.85142
vn -0 0.14394 -0.98959
vn 0.49555 0.07791 -0.86508
vn 0.86138 -0.00942 -0.50788
vn 0.99468 0.10197 0.01483
vn 0.86053 0.01603 0.50914
vn 0.49488 -0.07413 0.8658
vn -0.30876 -0.95027 0.04078
vn -0.30895 -0.95086 0.02039
vn -0.5873 -0.80834 0.04078
vn -0.58766 -0.80885 0.02039
vn -0.99917 -0 0.04078
vn -0.99979 -0 0.02039
vn 0.99984 0.01782 -0
vn -0.95027 0.30876 0.04078
vn -0.95086 0.30895 0.02039
vn 0 1 0
vn 0 0.92388 0.38269
vn 0 0.70711 0.70711
vn 0 0.38268 0.92388
vn 0 -0 1
vn 0 -0.38268 0.92388
vn 0 -0.70711 0.70711
vn 0 -0.92388 0.38268
vn 0 1 0
vn -0.17046 -0.52461 -0.8341
vn -0.32423 -0.44626 -0.8341
vn -0.17046 0.52461 -0.8341
vn 0 -0.70711 0.70711
vn 0 -0.38269 0.92388
vn 0 -0.92388 0.38269
vn 0 -0 1
vn 0 -1 0
vn 0 -0.92388 -0.38269
vn 0 0.38269 0.92388
vn 0 -0.70711 -0.70711
vn -0.32423 0.44626 -0.8341
vn 0 -0.38268 -0.92388
vn 0 0.70711 0.7071
vn 0 -0 -1
vn 0 0.38268 -0.92388
vn 0 0.92388 0.38268
vn 0 0.70711 -0.7071
vn -0.44626 0.32423 -0.8341
vn 0 0.92388 -0.38268
vn 0 1 0
vn -0.80902 0.58779 -0
vn -0.58779 0.80902 -0
vn -0.30902 0.95106 -0
vn -0.30902 -0.95106 -0
vn -0.58779 -0.80902 -0
vn -0.80902 -0.58779 -0
vn -0.95106 -0.30902 -0
vn -1 0 -0
vn -0.95106 0.30902 -0
vn -0.52461 0.17046 -0.8341
vn -0.55161 0 -0.8341
vn -0.52461 -0.17046 -0.8341
vn -0.44626 -0.32423 -0.8341
vn 0 -0.14394 0.98959
vn -0.49488 -0.17559 0.85104
vn -0.86054 -0.16041 0.48347
vn -0.99468 -0.10197 -0.01483
vn -0.86054 -0.01603 -0.50914
vn -0.49487 0.07413 -0.8658
vn 0 0.14394 -0.98959
vn 0.49487 0.17559 -0.85104
vn 0.86054 0.16041 -0.48347
vn -0.30902 0.95106 -0
vn -0.58778 0.80902 -0
vn -0.95106 0.30902 -0
vn -1 -0 -0
vn -0.80902 -0.58779 -0
vn -0.58779 -0.80902 -0
vn -0.30902 -0.95106 -0
vn -0.9628 0.27022 -0
vn -0.99984 0.01782 -0
vn -0.87743 0.47971 -0
vn -0.95106 0.30902 -0
vn -0.95106 -0.30902 -0
vn -0.80902 -0.58779 -0
vn -0.70711 -0.70711 -0
vn -0.80902 0.58779 -0
vn -0.92388 -0.38268 -0
vn -0.70711 -0.70711 -0
vn -0.92388 0.38268 -0
vn -0.70711 0.70711 -0
vn 0.38268 -0.92388 -0
vn 0.70711 -0.70711 -0
vn 0.92388 -0.38268 -0
vn 0.92388 0.38268 -0
vn 0.92388 0.38268 -0
vn 0.70711 0.70711 -0
vn 0.38268 0.92388 -0
vn -0.38268 0.92388 -0
vn -0.70711 0.70711 -0
vn -0.92388 0.38268 -0
vn -0.94067 -0.33931 -0.00156
vn -0.87948 -0.47593 -0.00308
vn -0.26728 -0.96361 -0.00284
vn -0.338 -0.94113 -0.00566
vn 0.38268 -0.92388 -0
vn 0.70711 -0.70711 -0
vn 0.92388 -0.38268 -0
vn 0 -0.11537 0.99332
vn 0 -0.80901 0.58779
vn 0 -0.30901 0.95106
vn 0 0.30901 0.95106
vn 0 -1 0
vn 0 -0.80902 -0.58778
vn 0 0.80901 0.58779
vn 0 1 0
vn 0 -0.11539 -0.99332
vn 0 0.30903 -0.95105
vn 0 0.80902 -0.58778
vn 0 -0.84747 -0.53084
vn 0 -1 -0
vn 0 -0.30903 -0.95105
vn 0 -0.84747 0.53084
vn 0 -0.46395 0.88586
vn 0 -0.46396 -0.88586
vn 0.91665 0.39968 -0
vn 0.78987 0.3444 0.50744
vn 0.86055 0.08915 0.50151
vn 0.99468 0.10304 -0
vn 0.45069 0.19651 0.87078
vn 0.49491 0.05127 0.86743
vn 0 0 1
vn 0 0 1
vn -0.45069 -0.19651 0.87078
vn -0.49491 -0.05127 0.86743
vn -0.78987 -0.3444 0.50744
vn -0.86055 -0.08914 0.50151
vn -0.91665 -0.39968 -0
vn -0.99468 -0.10304 0
vn -0.78986 -0.3444 -0.50746
vn -0.86054 -0.08914 -0.50153
vn -0.45065 -0.1965 -0.8708
vn -0.49487 -0.05126 -0.86745
vn 0 0 -1
vn 0 0 -1
vn 0.45065 0.1965 -0.8708
vn 0.49487 0.05126 -0.86745
vn 0.78986 0.3444 -0.50746
vn 0.86054 0.08914 -0.50153
vn 0.69055 0.72329 -0
vn 0.59541 0.62363 0.50653
vn 0.34015 0.35627 0.87027
vn -0 -0 1
vn -0.34015 -0.35627 0.87027
vn -0.59541 -0.62363 0.50653
vn -0.69055 -0.72329 -0
vn -0.5954 -0.62363 -0.50654
vn -0.34012 -0.35624 -0.87029
vn -0 -0 -1
vn 0.34012 0.35624 -0.87029
vn 0.5954 0.62363 -0.50654
vn 0.3711 0.92859 -0
vn 0.32003 0.80078 0.50629
vn 0.18288 0.45762 0.87014
vn -0 -0 1
vn -0.18288 -0.45762 0.87014
vn -0.32003 -0.80078 0.50629
vn -0.3711 -0.92859 0
vn -0.32002 -0.80077 -0.50631
vn -0.18287 -0.45758 -0.87016
vn -0 -0 -1
vn 0.18287 0.45758 -0.87016
vn 0.32002 0.80077 -0.50631
vn 0.09526 0.99545 -0
vn 0.08243 0.86139 0.50122
vn 0.04742 0.49559 0.86726
vn 0 -0 1
vn -0.04742 -0.49559 0.86726
vn -0.08243 -0.86138 0.50122
vn -0.09526 -0.99545 0
vn -0.08243 -0.86137 -0.50124
vn -0.04742 -0.49555 -0.86729
vn 0 -0 -1
vn 0.04742 0.49555 -0.86729
vn 0.08243 0.86138 -0.50124
vn -0.10304 0.99468 -0
vn -0.08915 0.86055 0.50151
vn -0.05127 0.49491 0.86743
vn 0 -0 1
vn 0.05127 -0.49491 0.86743
vn 0.08915 -0.86054 0.50151
vn 0.10304 -0.99468 -0
vn 0.08914 -0.86054 -0.50153
vn 0.05126 -0.49487 -0.86745
vn 0 -0 -1
vn -0.05126 0.49487 -0.86745
vn -0.08914 0.86054 -0.50153
vn -0.39968 0.91665 -0
vn -0.3444 0.78987 0.50744
vn -0.19651 0.45069 0.87078
vn -0 0 1
vn 0.19651 -0.45069 0.87078
vn 0.3444 -0.78987 0.50744
vn 0.39968 -0.91665 0
vn 0.3444 -0.78986 -0.50746
vn 0.1965 -0.45065 -0.8708
vn -0 0 -1
vn -0.1965 0.45065 -0.8708
vn -0.3444 0.78986 -0.50746
vn -0.72329 0.69055 0
vn -0.62363 0.59541 0.50653
vn -0.35627 0.34015 0.87027
vn -0 0 1
vn 0.35627 -0.34015 0.87027
vn 0.62363 -0.59541 0.50653
vn 0.72329 -0.69055 0
vn 0.62363 -0.5954 -0.50654
vn 0.35624 -0.34012 -0.87029
vn -0 0 -1
vn -0.35624 0.34012 -0.87029
vn -0.62363 0.5954 -0.50654
vn -0.92859 0.3711 0
vn -0.80078 0.32003 0.50629
vn -0.45762 0.18288 0.87014
vn -0 0 1
vn 0.45762 -0.18288 0.87014
vn 0.80078 -0.32003 0.50629
vn 0.92859 -0.3711 0
vn 0.80077 -0.32002 -0.50631
vn 0.45758 -0.18287 -0.87016
vn -0 0 -1
vn -0.45758 0.18287 -0.87016
vn -0.80077 0.32002 -0.50631
vn -0.99545 0.09526 -0
vn -0.86139 0.08243 0.50122
vn -0.49559 0.04742 0.86726
vn 0 0 1
vn 0.49559 -0.04742 0.86726
vn 0.86139 -0.08243 0.50122
vn 0.99545 -0.09526 -0
vn 0.86138 -0.08243 -0.50124
vn 0.49555 -0.04742 -0.86729
vn 0 0 -1
vn -0.49555 0.04742 -0.86729
vn -0.86138 0.08243 -0.50124
vn -0.99468 -0.10304 0
vn -0.86055 -0.08915 0.50151
vn -0.49491 -0.05127 0.86743
vn -0 -0 1
vn 0.49491 0.05127 0.86743
vn 0.86055 0.08914 0.50151
vn 0.99468 0.10304 -0
vn 0.86054 0.08914 -0.50153
vn 0.49487 0.05126 -0.86745
vn -0 -0 -1
vn -0.49487 -0.05126 -0.86745
vn -0.86054 -0.08914 -0.50153
vn -0.91665 -0.39968 0
vn -0.78987 -0.3444 0.50744
vn -0.45069 -0.19651 0.87078
vn -0 -0 1
vn 0.45069 0.19651 0.87078
vn 0.78987 0.3444 0.50744
vn 0.91665 0.39968 -0
vn 0.78986 0.3444 -0.50746
vn 0.45065 0.1965 -0.8708
vn -0 -0 -1
vn -0.45065 -0.1965 -0.8708
vn -0.78986 -0.3444 -0.50746
vn -0.69055 -0.72329 -0
vn -0.59541 -0.62363 0.50653
vn -0.34015 -0.35627 0.87027
vn -0 0 1
vn 0.34015 0.35627 0.87027
vn 0.59541 0.62363 0.50653
vn 0.69055 0.72329 -0
vn 0.5954 0.62363 -0.50654
vn 0.34012 0.35624 -0.87029
vn -0 0 -1
vn -0.34012 -0.35624 -0.87029
vn -0.5954 -0.62363 -0.50654
vn -0.3711 -0.92859 -0
vn -0.32003 -0.80078 0.50629
vn -0.18288 -0.45762 0.87014
vn 0 -0 1
vn 0.18288 0.45762 0.87014
vn 0.32003 0.80078 0.50629
vn 0.3711 0.92859 -0
vn 0.32002 0.80077 -0.50631
vn 0.18287 0.45758 -0.87016
vn 0 -0 -1
vn -0.18287 -0.45758 -0.87016
vn -0.32002 -0.80077 -0.50631
vn -0.09526 -0.99545 -0
vn -0.08243 -0.86138 0.50122
vn -0.04742 -0.49559 0.86726
vn -0 -0 1
vn 0.04742 0.49559 0.86726
vn 0.08243 0.86139 0.50122
vn 0.09526 0.99545 0
vn 0.08243 0.86138 -0.50124
vn 0.04742 0.49555 -0.86729
vn -0 -0 -1
vn -0.04742 -0.49555 -0.86729
vn -0.08243 -0.86137 -0.50124
vn 0.10304 -0.99468 -0
vn 0.08914 -0.86055 0.50151
vn 0.05127 -0.49491 0.86743
vn 0 -0 1
vn -0.05127 0.49491 0.86743
vn -0.08915 0.86055 0.50151
vn -0.10304 0.99468 -0
vn -0.08914 0.86054 -0.50153
vn -0.05126 0.49487 -0.86745
vn 0 -0 -1
vn 0.05126 -0.49487 -0.86745
vn 0.08914 -0.86054 -0.50153
vn 0.39968 -0.91665 -0
vn 0.3444 -0.78987 0.50744
vn 0.19651 -0.45069 0.87078
vn 0 -0 1
vn -0.19651 0.45069 0.87078
vn -0.3444 0.78987 0.50744
vn -0.39968 0.91665 -0
vn -0.3444 0.78986 -0.50746
vn -0.1965 0.45065 -0.8708
vn -0 -0 -1
vn 0.1965 -0.45065 -0.8708
vn 0.3444 -0.78986 -0.50746
vn 0.72329 -0.69055 0
vn 0.62363 -0.59541 0.50653
vn 0.35627 -0.34015 0.87027
vn -0 0 1
vn -0.35627 0.34015 0.87027
vn -0.62363 0.59541 0.50653
vn -0.72329 0.69055 -0
vn -0.62363 0.5954 -0.50654
vn -0.35624 0.34012 -0.87029
vn -0 0 -1
vn 0.35624 -0.34012 -0.87029
vn 0.62363 -0.5954 -0.50654
vn 0.92859 -0.3711 0
vn 0.80078 -0.32003 0.50629
vn 0.45762 -0.18288 0.87014
vn -0 0 1
vn -0.45762 0.18288 0.87014
vn -0.92859 0.3711 0
vn -0.80077 0.32002 -0.50631
vn -0.45758 0.18287 -0.87016
vn -0 0 -1
vn 0.45758 -0.18287 -0.87016
vn 0.80077 -0.32002 -0.50631
vn 0.99545 -0.09526 -0
vn 0.86139 -0.08243 0.50122
vn 0.49559 -0.04742 0.86726
vn -0 -0 1
vn -0.49559 0.04742 0.86726
vn -0.86139 0.08243 0.50122
vn -0.99545 0.09526 0
vn -0.86138 0.08243 -0.50124
vn -0.49555 0.04742 -0.86729
vn 0 -0 -1
vn 0.49555 -0.04742 -0.86729
vn 0.86138 -0.08243 -0.50124
vn 0 0.37869 0.92553
vn 0 0.48293 0.87566
vn 0 -0.42456 0.9054
vn 0 0.18871 0.98203
vn 0 0.72989 0.68356
vn 0 -0.87566 0.48293
vn 0 -0.99228 -0.12399
vn 0 0.99228 0.12399
vn 0 0.87565 -0.48294
vn 0 -0.58074 -0.81409
vn 0 -0.48294 -0.87566
vn 0 -0.18871 -0.98203
vn 0 0.42456 -0.9054
vn 0 -0.99846 -0.05555
vn 0 -0.87566 0.48293
vn 0 -0.7299 -0.68356
vn 0 -0.48574 0.8741
vn 0 0.02155 0.99977
vn 0 -0.83408 -0.55164
vn 0.91665 0.39552 0.05753
vn 0.78986 0.26777 0.55175
vn 0.45066 0.06911 0.89002
vn 0 -0.14394 0.98959
vn -0.45066 -0.3198 0.83345
vn -0.78986 -0.41385 0.4526
vn -0.91665 -0.39552 -0.05753
vn -0.78986 -0.26777 -0.55175
vn -0.45066 -0.06911 -0.89002
vn 0 0.14394 -0.98959
vn 0.45066 0.3198 -0.83345
vn 0.78986 0.41385 -0.4526
vn 0.69055 0.71575 0.10411
vn 0.5954 0.54422 0.59104
vn 0.34013 0.22727 0.9125
vn 0 -0.14394 0.98959
vn -0.34012 -0.47781 0.80995
vn -0.5954 -0.69005 0.4115
vn -0.69055 -0.71575 -0.10411
vn -0.5954 -0.54422 -0.59104
vn -0.34012 -0.22727 -0.9125
vn 0 0.14393 -0.98959
vn 0.34013 0.47781 -0.80994
vn 0.5954 0.69005 -0.4115
vn 0.3711 0.91892 0.13366
vn 0.32002 0.71956 0.6163
vn 0.18287 0.32757 0.92696
vn 0 -0.14393 0.98959
vn -0.18287 -0.57807 0.79523
vn -0.32002 -0.86531 0.38577
vn -0.3711 -0.91892 -0.13366
vn -0.32002 -0.71956 -0.6163
vn -0.18287 -0.32758 -0.92696
vn -0 0.14393 -0.98959
vn 0.18287 0.57808 -0.79523
vn 0.32002 0.86531 -0.38577
vn 0.09526 0.98509 0.14328
vn 0.08243 0.78026 0.62
vn 0.04742 0.36555 0.92958
vn 0 -0.14394 0.98959
vn -0.04742 -0.61523 0.78692
vn -0.08243 -0.92456 0.37203
vn -0.09526 -0.98509 -0.14328
vn -0.08243 -0.78026 -0.62
vn -0.04742 -0.36556 -0.92958
vn -0 0.14394 -0.98959
vn 0.04742 0.61523 -0.78692
vn 0.08243 0.92455 -0.37203
vn -0.10304 0.98432 0.14317
vn -0.08914 0.77939 0.62017
vn -0.05126 0.36486 0.92965
vn 0 -0.14394 0.98959
vn 0.05127 -0.61458 0.78718
vn 0.08915 -0.92377 0.37243
vn 0.10304 -0.98432 -0.14317
vn 0.08914 -0.77938 -0.62017
vn 0.05127 -0.36487 -0.92965
vn 0 0.14394 -0.98959
vn -0.05126 0.61458 -0.78719
vn -0.08914 0.92376 -0.37245
vn -0.39968 0.90711 0.13194
vn -0.3444 0.70859 0.61586
vn -0.1965 0.32062 0.9266
vn 0 -0.14394 0.98959
vn 0.1965 -0.57131 0.79686
vn 0.3444 -0.85468 0.38848
vn 0.39968 -0.90711 -0.13194
vn 0.3444 -0.70859 -0.61587
vn 0.1965 -0.32063 -0.9266
vn 0 0.14393 -0.98959
vn -0.1965 0.57131 -0.79687
vn -0.3444 0.85468 -0.38848
vn -0.72329 0.68336 0.0994
vn -0.62363 0.51629 0.58697
vn -0.35625 0.21132 0.91018
vn 1E-05 -0.14394 0.98959
vn 0.35625 -0.46186 0.81226
vn 0.62363 -0.66211 0.41556
vn 0.72329 -0.68336 -0.0994
vn 0.62363 -0.51629 -0.58697
vn 0.35625 -0.21131 -0.91018
vn -0 0.14394 -0.98959
vn -0.35625 0.46185 -0.81227
vn -0.62363 0.66211 -0.41557
vn -0.92859 0.36724 0.05342
vn -0.80078 0.24381 0.54709
vn -0.45759 0.05572 0.88741
vn 1E-05 -0.14394 0.98959
vn 0.4576 -0.30622 0.83477
vn 0.80078 -0.38957 0.45497
vn 0.92859 -0.36724 -0.05342
vn 0.80078 -0.24381 -0.5471
vn 0.45759 -0.05572 -0.88742
vn -0 0.14394 -0.98959
vn -0.45759 0.30622 -0.83477
vn -0.80077 0.38957 -0.45497
vn -0.99545 0.09426 0.01371
vn -0.86138 0.00942 0.50788
vn -0.49556 -0.07791 0.86507
vn 0 -0.14394 0.98959
vn 0.49556 -0.17176 0.85142
vn 0.86138 -0.15371 0.48415
vn 0.99545 -0.09426 -0.01371
vn 0.86138 -0.00942 -0.50788
vn 0.49555 0.07791 -0.86508
vn -1E-05 0.14394 -0.98959
vn -0.49556 0.17176 -0.85142
vn -0.86138 0.15372 -0.48415
vn -0.99468 -0.10197 -0.01483
vn -0.86054 -0.16041 0.48347
vn -0.49489 -0.17559 0.85103
vn 0 -0.14394 0.98959
vn 0.49488 -0.07413 0.86579
vn 0.86053 0.01602 0.50914
vn 0.99468 0.10197 0.01483
vn 0.86054 0.16041 -0.48347
vn 0.49488 0.17559 -0.85104
vn -0 0.14394 -0.98959
vn -0.49488 0.07413 -0.86579
vn -0.86054 -0.01603 -0.50914
vn -0.91665 -0.39552 -0.05753
vn -0.78986 -0.41385 0.4526
vn -0.45067 -0.3198 0.83344
vn -0 -0.14394 0.98959
vn 0.45067 0.06911 0.89001
vn 0.78986 0.26776 0.55175
vn 0.91665 0.39552 0.05753
vn 0.78986 0.41385 -0.4526
vn 0.45066 0.3198 -0.83345
vn -0 0.14394 -0.98959
vn -0.45066 -0.06911 -0.89002
vn -0.78986 -0.26777 -0.55175
vn -0.69055 -0.71575 -0.10411
vn -0.5954 -0.69005 0.4115
vn -0.34013 -0.47781 0.80994
vn -0 -0.14394 0.98959
vn 0.34013 0.22727 0.9125
vn 0.5954 0.54422 0.59104
vn 0.69055 0.71575 0.10411
vn 0.5954 0.69005 -0.4115
vn 0.34012 0.47781 -0.80995
vn 0 0.14394 -0.98959
vn -0.34012 -0.22727 -0.9125
vn -0.5954 -0.54422 -0.59103
vn -0.3711 -0.91892 -0.13366
vn -0.32002 -0.86531 0.38577
vn -0.18287 -0.57808 0.79523
vn 0 -0.14394 0.98959
vn 0.18287 0.32757 0.92696
vn 0.32002 0.71956 0.6163
vn 0.3711 0.91892 0.13366
vn 0.32002 0.86531 -0.38577
vn 0.18287 0.57807 -0.79523
vn 0 0.14394 -0.98959
vn -0.18287 -0.32757 -0.92696
vn -0.32002 -0.71956 -0.6163
vn -0.09526 -0.98509 -0.14329
vn -0.08243 -0.92455 0.37203
vn -0.04742 -0.61523 0.78692
vn 0 -0.14394 0.98959
vn 0.04742 0.36555 0.92958
vn 0.08242 0.78026 0.62
vn 0.09526 0.98509 0.14328
vn 0.08243 0.92456 -0.37202
vn 0.04742 0.61523 -0.78692
vn -0 0.14394 -0.98959
vn -0.04742 -0.36555 -0.92958
vn -0.08243 -0.78026 -0.62
vn 0.10304 -0.98432 -0.14318
vn 0.08914 -0.92376 0.37245
vn 0.05126 -0.61458 0.78719
vn -0 -0.14394 0.98959
vn -0.05126 0.36486 0.92965
vn -0.08914 0.77938 0.62018
vn -0.10304 0.98432 0.14317
vn -0.08915 0.92377 -0.37243
vn -0.05127 0.61459 -0.78718
vn 0 0.14394 -0.98959
vn 0.05127 -0.36486 -0.92965
vn 0.08915 -0.77938 -0.62017
vn 0.88379 0.46789 -0
vn -0.83586 0.54894 -0
vn -0.88379 0.46789 -0
vn 0.83586 0.54894 -0
vn 0.00083 1 0.00021
vn -0.70711 0.7071 -0
vn 0.70711 0.7071 -0
vn 0 0.92388 -0.38268
vn 0.71393 0.64691 0.26796
vn 0.71393 0.70021 0
vn 0 0.70711 -0.70711
vn 0.71394 0.49512 0.49512
vn 0 0.38268 -0.92388
vn 0.71394 0.26796 0.64691
vn 0 0 -1
vn 0.71394 0 0.70021
vn 0 -0.38268 -0.92388
vn 0.71394 -0.26796 0.64691
vn 0 -0.70711 -0.70711
vn 0.71394 -0.49512 0.49512
vn 0 -0.92388 -0.38268
vn 0.71394 -0.64691 0.26796
vn 0.71393 -0.70021 -0
vn 0 -0.92388 0.38268
vn 0.71393 -0.64691 -0.26796
vn 0 -0.70711 0.70711
vn 0.71394 -0.49512 -0.49512
vn 0 -0.38268 0.92388
vn 0.71393 -0.26796 -0.64691
vn 0 0 1
vn 0.71393 0 -0.70021
vn 0 0.38268 0.92388
vn 0.71393 0.26796 -0.64691
vn 0 0.70711 0.70711
vn 0.71393 0.49512 -0.49513
vn 0 0.92388 0.38268
vn 0.71393 0.64691 -0.26796
vn 0 0.92388 0.38268
vn -0.70243 0.65757 -0.27238
vn -0.70243 0.71175 -0
vn 0 0.70711 0.70711
vn -0.70243 0.50329 -0.50329
vn 0 0.38268 0.92388
vn -0.70243 0.27238 -0.65758
vn 0 0 1
vn -0.70243 0 -0.71176
vn 0 -0.38268 0.92388
vn -0.70243 -0.27238 -0.65758
vn 0 -0.70711 0.70711
vn -0.70243 -0.50329 -0.50329
vn 0 -0.92388 0.38269
vn -0.70243 -0.65757 -0.27238
vn -0.70243 -0.71175 0
vn 0 -0.92388 -0.38269
vn -0.70243 -0.65757 0.27238
vn 0 -0.70711 -0.70711
vn -0.70243 -0.50329 0.50329
vn 0 -0.38268 -0.92388
vn -0.70243 -0.27238 0.65758
vn 0 0 -1
vn -0.70243 0 0.71176
vn 0 0.38268 -0.92388
vn -0.70243 0.27238 0.65758
vn 0 0.7071 -0.70711
vn -0.70243 0.50329 0.50329
vn 0 0.92388 -0.38268
vn -0.70243 0.65758 0.27238
vn -0.43962 0.89818 -0
vn -0.63782 0.77018 -0
vn 0.99875 0.04996 -0
vn 0.58779 0.80902 -0
vn 0.80902 0.58778 -0
vn -0.80902 -0.58778 -0
vn -0.58779 -0.80902 -0
vn -0.309 0.95106 -0
vn -0.58779 0.80902 -0
vn 1 0 -0
vn 0.95106 0.30901 -0
vn -0.95106 0.30901 -0
vn -1 0 -0
vn 0.95106 -0.30902 -0
vn 0.30903 -0.95105 -0
vn -0.99875 0.04996 -0
vn -0.79936 0.60086 -0
vn -0.30903 -0.95105 -0
vn 0.80902 -0.58778 -0
vn -0.80902 0.58778 -0
vn 0.309 0.95106 -0
vn 0.58779 -0.80902 -0
vn -0.22197 0.97505 -0
vn 0.22197 0.97505 -0
vn 0.43962 0.89818 -0
vn 0.63782 0.77018 -0
vn 0.79936 0.60086 -0
vn -0.91389 0.40595 -0
vn 0.91389 0.40595 -0
vn 0.97933 0.20228 -0
vn -0.97933 0.20228 -0
vn -0.95106 -0.30902 -0
vn 0 -0.40823 -0.91288
vn 0 -0.66103 -0.75036
vn 0 -0.11856 -0.99295
vt 0.03801 0.5064
vt 0.03984 0.50457
vt 0.042 0.50457
vt 0.29635 0.35811
vt 0.31162 0.53558
vt 0.30048 0.37697
vt 0.91968 0.95065
vt 0.9192 0.95135
vt 0.91897 0.95111
vt 0.9195 0.95148
vt 0.91983 0.95149
vt 0.92014 0.95137
vt 0.92038 0.95114
vt 0.92051 0.95084
vt 0.92052 0.9505
vt 0.9204 0.95019
vt 0.92017 0.94996
vt 0.91986 0.94983
vt 0.91953 0.94982
vt 0.91922 0.94994
vt 0.91899 0.95017
vt 0.91886 0.95048
vt 0.63809 0.11083
vt 0.62479 0.11158
vt 0.62343 0.10897
vt 0.59802 0.10908
vt 0.61164 0.10897
vt 0.61045 0.11164
vt 0.62443 0.05516
vt 0.63776 0.05575
vt 0.63707 0.05816
vt 0.59808 0.05814
vt 0.60085 0.05553
vt 0.61026 0.0555
vt 0.70894 0.98766
vt 0.70694 0.98963
vt 0.70973 0.98508
vt 0.45763 0.82046
vt 0.45832 0.8179
vt 0.46291 0.81526
vt 0.46022 0.99153
vt 0.4582 0.98953
vt 0.46278 0.99218
vt 0.45751 0.98697
vt 0.70446 0.99029
vt 0.70447 0.81752
vt 0.70696 0.81818
vt 0.70974 0.82273
vt 0.70895 0.82015
vt 0.45724 0.94987
vt 0.56603 0.96949
vt 0.70938 0.94877
vt 0.57364 0.96235
vt 0.5699 0.96331
vt 0.56698 0.96614
vt 0.56703 0.97335
vt 0.57 0.97613
vt 0.57376 0.97704
vt 0.61753 0.06097
vt 0.62008 0.06042
vt 0.61145 0.07406
vt 0.92916 0.07768
vt 0.92991 0.08021
vt 0.92994 0.07734
vt 0.61145 0.05809
vt 0.61374 0.08837
vt 0.61454 0.08342
vt 0.63736 0.10843
vt 0.70947 0.96174
vt 0.61372 0.07848
vt 0.70966 0.97564
vt 0.60792 0.07056
vt 0.61446 0.06043
vt 0.60349 0.06832
vt 0.59811 0.06764
vt 0.49755 0.10016
vt 0.49277 0.0957
vt 0.45873 0.11122
vt 0.50323 0.11138
vt 0.50111 0.10555
vt 0.43494 0.27605
vt 0.439 0.27151
vt 0.18805 0.28725
vt 0.18358 0.28309
vt 0.43621 0.09535
vt 0.43442 0.09508
vt 0.43085 0.09514
vt 0.92771 0.08011
vt 0.92823 0.07848
vt 0.62315 0.05781
vt 0.93133 0.07771
vt 0.93213 0.07847
vt 0.9326 0.08011
vt 0.437 0.27539
vt 0.43856 0.27365
vt 0.48716 0.09252
vt 0.48123 0.09077
vt 0.4364 0.09136
vt 0.44369 0.0966
vt 0.47536 0.09034
vt 0.4985 0.13474
vt 0.50173 0.12916
vt 0.45905 0.12575
vt 0.44434 0.14139
vt 0.43668 0.14307
vt 0.43709 0.14722
vt 0.43289 0.14349
vt 0.43481 0.14343
vt 0.43105 0.14351
vt 0.18357 0.20935
vt 0.43899 0.22085
vt 0.18804 0.2052
vt 0.43493 0.2163
vt 0.45731 0.85755
vt 0.56611 0.83809
vt 0.70944 0.85901
vt 0.57371 0.84524
vt 0.56705 0.84145
vt 0.56996 0.84428
vt 0.57008 0.83146
vt 0.56711 0.83424
vt 0.57384 0.83056
vt 0.61149 0.0928
vt 0.62032 0.10641
vt 0.85903 0.72691
vt 0.85978 0.72945
vt 0.859 0.72979
vt 0.60084 0.11173
vt 0.70955 0.84604
vt 0.61776 0.10593
vt 0.70965 0.83216
vt 0.60795 0.09636
vt 0.61467 0.10655
vt 0.60346 0.09866
vt 0.59797 0.09941
vt 0.49399 0.13949
vt 0.50354 0.12323
vt 0.67683 0.07791
vt 0.67769 0.08307
vt 0.67688 0.08821
vt 0.86123 0.72702
vt 0.86071 0.72865
vt 0.85762 0.72942
vt 0.85681 0.72866
vt 0.85634 0.72702
vt 0.43855 0.2187
vt 0.43699 0.21696
vt 0.48276 0.14513
vt 0.48859 0.14301
vt 0.47691 0.14593
vt 0.4326 0.0951
vt 0.46034 0.8159
vt 0.87463 0.92262
vt 0.85056 0.91671
vt 0.83163 0.92261
vt 0.87464 0.97884
vt 0.83163 0.97885
vt 0.85056 0.98475
vt 0.87464 0.90663
vt 0.83163 0.90662
vt 0.85056 0.91294
vt 0.85178 0.91416
vt 0.83163 0.98852
vt 0.83163 0.99484
vt 0.85056 0.98852
vt 0.85178 0.98597
vt 0.85178 0.98729
vt 0.83163 0.91294
vt 0.85178 0.91549
vt 0.87464 0.99483
vt 0.46661 0.21634
vt 0.47805 0.22179
vt 0.46943 0.21548
vt 0.46073 0.21634
vt 0.45791 0.21548
vt 0.44929 0.22179
vt 0.4553 0.21409
vt 0.45302 0.21221
vt 0.45146 0.21588
vt 0.47203 0.21409
vt 0.47588 0.21588
vt 0.47432 0.21221
vt 0.45115 0.20993
vt 0.45146 0.21212
vt 0.44929 0.21588
vt 0.47805 0.21588
vt 0.47588 0.21212
vt 0.47619 0.20993
vt 0.47758 0.20733
vt 0.65618 0.8089
vt 0.65621 0.58462
vt 0.65845 0.4399
vt 0.65616 0.49821
vt 0.32133 0.71336
vt 0.31787 0.62439
vt 0.32273 0.71329
vt 0.06941 0.77735
vt 0.05607 0.78203
vt 0.00713 0.75234
vt 0.06937 0.8323
vt 0.07699 0.8536
vt 0.00703 0.85719
vt 0.22219 0.09155
vt 0.21894 0.0994
vt 0.21628 0.0876
vt 0.21027 0.09361
vt 0.21232 0.08169
vt 0.20448 0.08494
vt 0.21094 0.07472
vt 0.21232 0.06774
vt 0.20448 0.0645
vt 0.21627 0.06183
vt 0.21026 0.05583
vt 0.22218 0.05788
vt 0.21893 0.05004
vt 0.14833 0.06233
vt 0.14833 0.05384
vt 0.15188 0.06304
vt 0.15513 0.05519
vt 0.15779 0.06698
vt 0.1638 0.06098
vt 0.16175 0.07289
vt 0.16959 0.06964
vt 0.16313 0.07987
vt 0.17162 0.07987
vt 0.16175 0.08684
vt 0.1578 0.09275
vt 0.1638 0.09876
vt 0.15189 0.09671
vt 0.15514 0.10455
vt 0.2451 0.05717
vt 0.2451 0.04868
vt 0.24866 0.05787
vt 0.2519 0.05003
vt 0.25457 0.06182
vt 0.26057 0.05582
vt 0.25852 0.06773
vt 0.26637 0.06448
vt 0.25991 0.07471
vt 0.25853 0.08168
vt 0.26637 0.08493
vt 0.25458 0.08759
vt 0.26058 0.09359
vt 0.24867 0.09154
vt 0.25192 0.09939
vt 0.62316 0.30692
vt 0.63358 0.30692
vt 0.62316 0.3693
vt 0.61274 0.36539
vt 0.61274 0.30692
vt 0.61968 0.36539
vt 0.62316 0.37828
vt 0.62316 0.39987
vt 0.61968 0.38219
vt 0.5502 0.38219
vt 0.5502 0.39595
vt 0.54327 0.38219
vt 0.5502 0.36539
vt 0.54327 0.36539
vt 0.55021 0.30692
vt 0.22575 0.10075
vt 0.20245 0.07472
vt 0.16959 0.09009
vt 0.2684 0.0747
vt 0.53978 0.37828
vt 0.52935 0.42677
vt 0.53978 0.3693
vt 0.53978 0.39987
vt 0.53978 0.40884
vt 0.53978 0.42677
vt 0.63359 0.42677
vt 0.62316 0.40884
vt 0.61968 0.39596
vt 0.62316 0.42677
vt 0.61968 0.41276
vt 0.54326 0.41275
vt 0.54326 0.39595
vt 0.53978 0.30692
vt 0.7163 0.20302
vt 0.71268 0.20302
vt 0.7163 0.21679
vt 0.71979 0.1722
vt 0.71268 0.1722
vt 0.7163 0.18622
vt 0.66291 0.26151
vt 0.67002 0.26151
vt 0.66639 0.23359
vt 0.66639 0.21679
vt 0.67002 0.21679
vt 0.66639 0.20303
vt 0.71268 0.23359
vt 0.71268 0.26151
vt 0.7163 0.23359
vt 0.71979 0.2207
vt 0.71979 0.19911
vt 0.66291 0.19911
vt 0.66291 0.2207
vt 0.67002 0.18622
vt 0.67001 0.17221
vt 0.66639 0.18622
vt 0.65579 0.17221
vt 0.7269 0.1722
vt 0.71979 0.26151
vt 0.71979 0.19013
vt 0.66291 0.22968
vt 0.6629 0.17221
vt 0.6558 0.26151
vt 0.6629 0.19014
vt 0.71979 0.22968
vt 0.7269 0.26151
vt 0.22573 0.04868
vt 0.14833 0.1059
vt 0.24511 0.10074
vt 0.61274 0.39596
vt 0.61274 0.42678
vt 0.5502 0.42677
vt 0.22574 0.09226
vt 0.52936 0.30688
vt 0.14314 0.10659
vt 0.13416 0.10659
vt 0.13416 0.0981
vt 0.14313 0.06165
vt 0.13415 0.06165
vt 0.13415 0.05316
vt 0.12897 0.10591
vt 0.12896 0.05384
vt 0.14314 0.09809
vt 0.14833 0.09741
vt 0.14313 0.05316
vt 0.45687 0.27945
vt 0.467 0.2643
vt 0.46344 0.28218
vt 0.96256 0.94835
vt 0.97319 0.94836
vt 0.9706 0.94436
vt 0.47055 0.28218
vt 0.11554 0.0729
vt 0.11416 0.07988
vt 0.1077 0.06966
vt 0.47712 0.27946
vt 0.988 0.93301
vt 0.98357 0.93859
vt 0.98305 0.94441
vt 0.48215 0.27443
vt 0.11949 0.06699
vt 0.11349 0.06099
vt 0.99051 0.92635
vt 0.99059 0.93698
vt 0.48487 0.26786
vt 0.12215 0.0552
vt 0.12541 0.06304
vt 0.48487 0.26075
vt 0.99085 0.91924
vt 0.99483 0.91666
vt 0.99093 0.9068
vt 0.98506 0.90642
vt 0.98906 0.91236
vt 0.48215 0.25418
vt 0.97929 0.90211
vt 0.47712 0.24915
vt 0.91049 0.91122
vt 0.92052 0.93509
vt 0.91601 0.91069
vt 0.47056 0.24643
vt 0.46345 0.24643
vt 0.92021 0.9113
vt 0.11555 0.08685
vt 0.1077 0.0901
vt 0.45688 0.24915
vt 0.95221 0.90528
vt 0.95825 0.90135
vt 0.95269 0.89943
vt 0.94505 0.90686
vt 0.9477 0.91084
vt 0.45185 0.25418
vt 0.94524 0.91751
vt 0.44913 0.26075
vt 0.94102 0.91666
vt 0.94107 0.92722
vt 0.94502 0.92459
vt 0.44913 0.26786
vt 0.94522 0.93692
vt 0.94702 0.9314
vt 0.45185 0.27443
vt 0.96342 0.94407
vt 0.95667 0.94167
vt 0.95273 0.94437
vt 0.71268 0.21679
vt 0.71268 0.18622
vt 0.67002 0.23359
vt 0.67002 0.20303
vt 0.22573 0.05717
vt 0.24511 0.09225
vt 0.61274 0.38219
vt 0.61274 0.41276
vt 0.5502 0.41275
vt 0.91885 0.95081
vt 0.65615 0.4399
vt 0.48076 0.07538
vt 0.39437 0.07538
vt 0.39437 0.08076
vt 0.92051 0.65168
vt 0.92439 0.67619
vt 0.9202 0.67547
vt 0.916 0.67608
vt 0.91219 0.67796
vt 0.91048 0.67556
vt 0.1195 0.09276
vt 0.1135 0.09877
vt 0.12896 0.06233
vt 0.12896 0.09742
vt 0.12541 0.09671
vt 0.97753 0.94247
vt 0.95103 0.93728
vt 0.12216 0.10456
vt 0.9244 0.91058
vt 0.98941 0.95581
vt 0.98872 0.95532
vt 0.98896 0.9551
vt 0.98858 0.95563
vt 0.98927 0.95498
vt 0.83163 0.98475
vt 0.83163 0.91671
vt 0.15208 0.52856
vt 0.15146 0.52825
vt 0.1477 0.54038
vt 0.07787 0.99045
vt 0.07819 0.99107
vt 0.06605 0.99483
vt 0.15345 0.52856
vt 0.15276 0.52867
vt 0.15783 0.54038
vt 0.15406 0.52825
vt 0.15455 0.52776
vt 0.15783 0.527
vt 0.15487 0.52714
vt 0.15772 0.52589
vt 0.15498 0.52645
vt 0.15736 0.52476
vt 0.15487 0.52577
vt 0.15674 0.52371
vt 0.15455 0.52515
vt 0.1559 0.52282
vt 0.15406 0.52466
vt 0.15489 0.52217
vt 0.15345 0.52435
vt 0.15382 0.5218
vt 0.15276 0.52424
vt 0.15208 0.52435
vt 0.1517 0.5218
vt 0.15146 0.52466
vt 0.15063 0.52217
vt 0.15097 0.52515
vt 0.14963 0.52282
vt 0.15066 0.52577
vt 0.14878 0.52371
vt 0.12347 0.14333
vt 0.15223 0.14332
vt 0.13267 0.14436
vt 0.46884 0.2234
vt 0.45849 0.2234
vt 0.15055 0.52646
vt 0.14817 0.52477
vt 0.15066 0.52714
vt 0.14781 0.52589
vt 0.15179 0.14437
vt 0.14302 0.14437
vt 0.44972 0.22343
vt 0.47805 0.2058
vt 0.47805 0.21212
vt 0.12972 0.96771
vt 0.12972 0.99483
vt 0.10988 0.97786
vt 0.79366 0.54424
vt 0.77686 0.54425
vt 0.77382 0.5544
vt 0.15097 0.52776
vt 0.1477 0.527
vt 0.07787 0.98908
vt 0.07777 0.98977
vt 0.06605 0.9847
vt 0.07819 0.98847
vt 0.07868 0.98798
vt 0.07943 0.9847
vt 0.0793 0.98766
vt 0.09493 0.99483
vt 0.08054 0.98481
vt 0.07998 0.98755
vt 0.08167 0.98517
vt 0.08066 0.98766
vt 0.08272 0.98579
vt 0.08128 0.98798
vt 0.08361 0.98663
vt 0.08177 0.98847
vt 0.14621 0.13563
vt 0.14849 0.13375
vt 0.66615 0.4399
vt 0.67106 0.4399
vt 0.67112 0.76174
vt 0.70973 0.76174
vt 0.70977 0.4399
vt 0.71467 0.80892
vt 0.71468 0.4399
vt 0.13268 0.15246
vt 0.13206 0.15307
vt 0.12961 0.15307
vt 0.14609 0.15306
vt 0.14364 0.15306
vt 0.14303 0.15245
vt 0.13208 0.13702
vt 0.13491 0.13788
vt 0.12948 0.13563
vt 0.1272 0.13376
vt 0.12532 0.13148
vt 0.44929 0.21212
vt 0.44976 0.20733
vt 0.44929 0.20579
vt 0.15036 0.13147
vt 0.15176 0.12887
vt 0.66617 0.8089
vt 0.14078 0.13788
vt 0.14361 0.13702
vt 0.15222 0.12733
vt 0.67112 0.80475
vt 0.67108 0.8089
vt 0.54918 0.65501
vt 0.47861 0.63406
vt 0.47861 0.67596
vt 0.28776 0.30357
vt 0.28776 0.30847
vt 0.27545 0.30602
vt 0.0483 0.50457
vt 0.04627 0.50496
vt 0.0666 0.37441
vt 0.05971 0.50457
vt 0.06174 0.50496
vt 0.0636 0.50618
vt 0.06483 0.50805
vt 0.06523 0.51003
vt 0.06661 0.61784
vt 0.06482 0.59851
vt 0.06522 0.5964
vt 0.06359 0.60037
vt 0.06173 0.6016
vt 0.05971 0.60199
vt 0.042 0.61785
vt 0.04829 0.60199
vt 0.04627 0.6016
vt 0.0444 0.60038
vt 0.04318 0.59851
vt 0.04278 0.59645
vt 0.04198 0.37441
vt 0.04441 0.50618
vt 0.04278 0.51006
vt 0.48076 0.08077
vt 0.63373 0.8089
vt 0.63928 0.59007
vt 0.63534 0.49424
vt 0.63412 0.4961
vt 0.6337 0.43991
vt 0.63721 0.49301
vt 0.63923 0.49262
vt 0.04318 0.50805
vt 0.55079 0.79075
vt 0.47862 0.79075
vt 0.55079 0.79291
vt 0.97931 0.14496
vt 0.98597 0.15153
vt 0.98771 0.14916
vt 0.99115 0.10088
vt 0.99104 0.10343
vt 0.9846 0.10201
vt 0.98863 0.14637
vt 0.91717 0.96841
vt 0.91082 0.96817
vt 0.91378 0.97019
vt 0.92541 0.62313
vt 0.93106 0.61886
vt 0.93099 0.62324
vt 0.03987 0.61784
vt 0.03803 0.61601
vt 0.921 0.61366
vt 0.92089 0.62236
vt 0.97001 0.14354
vt 0.97005 0.14647
vt 0.5769 0.51894
vt 0.5769 0.52439
vt 0.57986 0.52143
vt 0.58085 0.52379
vt 0.58067 0.52636
vt 0.92506 0.93575
vt 0.9306 0.93301
vt 0.92992 0.91096
vt 0.9122 0.90881
vt 0.91039 0.93327
vt 0.916 0.93587
vt 0.92505 0.65102
vt 0.93059 0.65376
vt 0.92991 0.67581
vt 0.57852 0.52982
vt 0.97097 0.14925
vt 0.97271 0.15162
vt 0.92815 0.67817
vt 0.97511 0.15332
vt 0.97789 0.15427
vt 0.91599 0.6509
vt 0.91038 0.6535
vt 0.92094 0.96776
vt 0.9209 0.96441
vt 0.28243 0.31645
vt 0.2779 0.31833
vt 0.28589 0.31299
vt 0.65065 0.49262
vt 0.65267 0.49301
vt 0.65454 0.49423
vt 0.65577 0.4961
vt 0.65581 0.5866
vt 0.27301 0.31833
vt 0.65458 0.58846
vt 0.65272 0.58969
vt 0.65069 0.59008
vt 0.63539 0.58846
vt 0.63726 0.58969
vt 0.63417 0.5866
vt 0.63376 0.58459
vt 0.63371 0.49817
vt 0.92816 0.9086
vt 0.74974 0.15058
vt 0.7637 0.15823
vt 0.7637 0.15058
vt 0.00617 0.69161
vt 0.03029 0.64767
vt 0.08374 0.67402
vt 0.87659 0.1479
vt 0.87411 0.14547
vt 0.87411 0.14484
vt 0.87411 0.09651
vt 0.87411 0.09588
vt 0.87659 0.09345
vt 0.55079 0.67596
vt 0.55079 0.67382
vt 0.12904 0.61128
vt 0.12905 0.38661
vt 0.1334 0.50457
vt 0.76479 0.84145
vt 0.79566 0.82671
vt 0.74656 0.82671
vt 0.77744 0.84145
vt 0.12246 0.61522
vt 0.12568 0.61472
vt 0.1334 0.61784
vt 0.10879 0.37441
vt 0.13341 0.37441
vt 0.12247 0.37928
vt 0.13554 0.50457
vt 0.13737 0.5064
vt 0.13737 0.61601
vt 0.13553 0.61784
vt 0.55079 0.63619
vt 0.55079 0.63406
vt 0.47861 0.51927
vt 0.55079 0.51927
vt 0.55079 0.51714
vt 0.78208 0.8425
vt 0.91224 0.96173
vt 0.91077 0.9638
vt 0.91636 0.96375
vt 0.10567 0.07988
vt 0.11924 0.61472
vt 0.10878 0.61784
vt 0.98083 0.15421
vt 0.98364 0.15333
vt 0.65848 0.8089
vt 0.29077 0.35852
vt 0.11588 0.61128
vt 0.11589 0.38661
vt 0.12821 0.38303
vt 0.12569 0.38021
vt 0.92916 0.64899
vt 0.91194 0.938
vt 0.92313 0.61335
vt 0.11925 0.38021
vt 0.11673 0.38302
vt 0.11672 0.61321
vt 0.1282 0.61321
vt 0.31575 0.71377
vt 0.3438 0.12373
vt 0.3438 0.11912
vt 0.33548 0.11088
vt 0.73697 0.71535
vt 0.74712 0.80892
vt 0.72467 0.80892
vt 0.17564 0.54828
vt 0.17161 0.51811
vt 0.19499 0.49986
vt 0.19222 0.65932
vt 0.22954 0.68083
vt 0.18459 0.35206
vt 0.19744 0.49445
vt 0.28424 0.35897
vt 0.29475 0.51558
vt 0.29177 0.52101
vt 0.2685 0.5699
vt 0.26739 0.53625
vt 0.26656 0.53821
vt 0.1787 0.35286
vt 0.3438 0.13305
vt 0.33548 0.1459
vt 0.34823 0.13305
vt 0.96546 0.25803
vt 0.97281 0.25496
vt 0.96701 0.24992
vt 0.7637 0.12858
vt 0.7637 0.1209
vt 0.74974 0.12858
vt 0.63447 0.15824
vt 0.74792 0.14876
vt 0.34381 0.13766
vt 0.37765 0.12343
vt 0.34823 0.12373
vt 0.74792 0.1304
vt 0.63447 0.1209
vt 0.31643 0.11361
vt 0.79472 0.86877
vt 0.79611 0.9107
vt 0.31644 0.14318
vt 0.31882 0.30252
vt 0.32689 0.30173
vt 0.36118 0.32824
vt 0.99475 0.92725
vt 0.98326 0.89938
vt 0.96104 0.25482
vt 0.96508 0.25121
vt 0.31652 0.79205
vt 0.32112 0.79456
vt 0.31669 0.79953
vt 0.4133 0.13382
vt 0.40257 0.13382
vt 0.41406 0.13767
vt 0.47175 0.4405
vt 0.4715 0.44262
vt 0.42805 0.44606
vt 0.15852 0.38788
vt 0.15852 0.37951
vt 0.16237 0.39384
vt 0.96171 0.26181
vt 0.95896 0.25929
vt 0.9571 0.26215
vt 0.3164 0.78703
vt 0.32215 0.78658
vt 0.32586 0.29971
vt 0.36154 0.44658
vt 0.3233 0.43003
vt 0.36787 0.4336
vt 0.51843 0.03753
vt 0.53324 0.04009
vt 0.53223 0.03707
vt 0.31001 0.33698
vt 0.30656 0.33748
vt 0.30949 0.33271
vt 0.3651 0.3076
vt 0.32924 0.30002
vt 0.3674 0.30355
vt 0.28731 0.51715
vt 0.27258 0.52702
vt 0.28899 0.51848
vt 0.21184 0.77835
vt 0.25152 0.75921
vt 0.21821 0.77806
vt 0.27291 0.745
vt 0.27846 0.74586
vt 0.82132 0.9852
vt 0.80231 0.99394
vt 0.81911 0.98835
vt 0.32277 0.33181
vt 0.32183 0.32826
vt 0.3719 0.30467
vt 0.36872 0.30947
vt 0.7997 0.99457
vt 0.79688 0.99467
vt 0.02345 0.05745
vt 0.01941 0.05814
vt 0.01951 0.09294
vt 0.01601 0.06008
vt 0.01608 0.09101
vt 0.01136 0.08692
vt 0.29402 0.76353
vt 0.00612 0.78195
vt 0.04749 0.78342
vt 0.08217 0.69645
vt 0.07702 0.75607
vt 0.07984 0.7262
vt 0.31556 0.30241
vt 0.31301 0.30132
vt 0.79113 0.85508
vt 0.79378 0.86187
vt 0.22429 0.77845
vt 0.07934 0.77579
vt 0.36156 0.31823
vt 0.61128 0.68249
vt 0.61428 0.68481
vt 0.61489 0.68306
vt 0.30589 0.33271
vt 0.37231 0.43381
vt 0.286 0.74568
vt 0.77727 0.89993
vt 0.77727 0.89429
vt 0.77264 0.89441
vt 0.80435 0.56554
vt 0.83962 0.55798
vt 0.83949 0.58947
vt 0.14837 0.46923
vt 0.14375 0.46927
vt 0.14375 0.46458
vt 0.47144 0.43793
vt 0.29513 0.84488
vt 0.2522 0.85012
vt 0.22455 0.83103
vt 0.33556 0.84808
vt 0.31246 0.82841
vt 0.31706 0.82796
vt 0.32117 0.82803
vt 0.33735 0.84655
vt 0.33499 0.85589
vt 0.28748 0.86338
vt 0.33662 0.85766
vt 0.34099 0.85783
vt 0.34067 0.86595
vt 0.86267 0.53509
vt 0.87143 0.5351
vt 0.87143 0.53107
vt 0.34319 0.82996
vt 0.14759 0.37951
vt 0.14374 0.39385
vt 0.14374 0.37876
vt 0.8044 0.55774
vt 0.81448 0.58937
vt 0.41606 0.30267
vt 0.4111 0.30349
vt 0.41096 0.30268
vt 0.3021 0.10372
vt 0.31461 0.11143
vt 0.3021 0.11416
vt 0.42113 0.30362
vt 0.42341 0.30761
vt 0.41668 0.30473
vt 0.41983 0.30947
vt 0.41204 0.30524
vt 0.40894 0.31318
vt 0.40517 0.30542
vt 0.41097 0.30168
vt 0.45346 0.34541
vt 0.45248 0.34896
vt 0.42581 0.34694
vt 0.45567 0.34234
vt 0.42725 0.33738
vt 0.34158 0.84696
vt 0.39996 0.12343
vt 0.40257 0.12294
vt 0.41628 0.11576
vt 0.42144 0.11087
vt 0.34823 0.11912
vt 0.85178 0.53107
vt 0.85792 0.53815
vt 0.85116 0.54928
vt 0.85418 0.54191
vt 0.84994 0.5329
vt 0.77333 0.99284
vt 0.77726 0.99365
vt 0.77726 0.97806
vt 0.96543 0.28922
vt 0.9651 0.29597
vt 0.96702 0.29723
vt 0.96927 0.29766
vt 0.97272 0.2922
vt 0.9548 0.28619
vt 0.9574 0.28755
vt 0.95712 0.2852
vt 0.95899 0.28802
vt 0.96108 0.29243
vt 0.96169 0.2855
vt 0.75651 0.84543
vt 0.76015 0.8425
vt 0.74753 0.86878
vt 0.74609 0.91068
vt 0.74847 0.86187
vt 0.75111 0.85508
vt 0.74245 0.99449
vt 0.01368 0.09302
vt 0.01762 0.09534
vt 0.02228 0.09625
vt 0.02355 0.09363
vt 0.41581 0.311
vt 0.40414 0.30289
vt 0.00862 0.08852
vt 0.61826 0.47271
vt 0.61332 0.47438
vt 0.61461 0.47594
vt 0.61694 0.47727
vt 0.61931 0.47781
vt 0.61222 0.47231
vt 0.61821 0.46345
vt 0.61159 0.47035
vt 0.32346 0.81589
vt 0.32258 0.82078
vt 0.31682 0.81551
vt 0.02174 0.96373
vt 0.00517 0.96466
vt 0.00571 0.91787
vt 0.02634 0.96301
vt 0.03021 0.96137
vt 0.05604 0.82759
vt 0.04747 0.82619
vt 0.05178 0.82641
vt 0.78572 0.84543
vt 0.32134 0.81289
vt 0.31678 0.80803
vt 0.32151 0.80805
vt 0.07428 0.83366
vt 0.07931 0.83386
vt 0.27981 0.86338
vt 0.47872 0.33211
vt 0.48228 0.33207
vt 0.48166 0.3368
vt 0.45889 0.2999
vt 0.46122 0.30158
vt 0.42697 0.31812
vt 0.08219 0.91325
vt 0.07984 0.88349
vt 0.21202 0.83126
vt 0.21844 0.83149
vt 0.08378 0.93575
vt 0.00606 0.82757
vt 0.73984 0.99385
vt 0.72085 0.98511
vt 0.72306 0.98826
vt 0.27421 0.86434
vt 0.70972 0.80477
vt 0.46924 0.30231
vt 0.46223 0.29957
vt 0.31686 0.82051
vt 0.6115 0.46577
vt 0.20134 0.68476
vt 0.1952 0.68074
vt 0.70977 0.80892
vt 0.56574 0.68499
vt 0.56975 0.68571
vt 0.56871 0.68265
vt 0.74527 0.99459
vt 0.74819 0.91075
vt 0.95329 0.30502
vt 0.95096 0.30185
vt 0.95096 0.38822
vt 0.42323 0.44594
vt 0.41733 0.43352
vt 0.16534 0.51039
vt 0.17213 0.50443
vt 0.17419 0.50677
vt 0.17008 0.51435
vt 0.47497 0.30108
vt 0.47246 0.30217
vt 0.46647 0.3278
vt 0.46557 0.33133
vt 0.4274 0.32806
vt 0.95736 0.25977
vt 0.14759 0.38788
vt 0.41329 0.12294
vt 0.41406 0.11909
vt 0.02638 0.64606
vt 0.02174 0.64544
vt 0.46298 0.42525
vt 0.42172 0.43327
vt 0.42012 0.4286
vt 0.46999 0.43579
vt 0.46595 0.42937
vt 0.42403 0.35784
vt 0.46318 0.33445
vt 0.33547 0.10372
vt 0.56513 0.68325
vt 0.05179 0.78321
vt 0.31174 0.77929
vt 0.07431 0.77599
vt 0.17663 0.50702
vt 0.19044 0.49632
vt 0.19221 0.49761
vt 0.47824 0.33633
vt 0.46809 0.04006
vt 0.48292 0.0375
vt 0.4691 0.03703
vt 0.3178 0.4434
vt 0.31753 0.44127
vt 0.61325 0.46176
vt 0.61456 0.4602
vt 0.61928 0.45834
vt 0.6169 0.45888
vt 0.61215 0.46382
vt 0.32141 0.79939
vt 0.37754 0.30341
vt 0.37659 0.30518
vt 0.37253 0.30259
vt 0.0136 0.05809
vt 0.0113 0.0642
vt 0.27004 0.5266
vt 0.26059 0.52979
vt 0.26524 0.53423
vt 0.41629 0.141
vt 0.26805 0.52403
vt 0.30211 0.15307
vt 0.33548 0.15307
vt 0.01752 0.05576
vt 0.32319 0.79148
vt 0.02218 0.05483
vt 0.3252 0.33494
vt 0.3614 0.33762
vt 0.33287 0.34283
vt 0.37279 0.31101
vt 0.37969 0.31321
vt 0.36293 0.3472
vt 0.33512 0.3459
vt 0.38352 0.30536
vt 0.38456 0.30281
vt 0.34823 0.13766
vt 0.00855 0.0626
vt 0.36641 0.44644
vt 0.98987 0.89065
vt 0.98753 0.88748
vt 0.98986 0.80428
vt 0.36481 0.35811
vt 0.33613 0.34946
vt 0.32625 0.42586
vt 0.31927 0.43652
vt 0.31783 0.43868
vt 0.36945 0.42886
vt 0.31461 0.14536
vt 0.79401 0.91078
vt 0.61027 0.68557
vt 0.75864 0.89429
vt 0.75864 0.89993
vt 0.76327 0.89441
vt 0.83962 0.50607
vt 0.80436 0.49851
vt 0.83949 0.47458
vt 0.16237 0.46927
vt 0.15774 0.46923
vt 0.16237 0.46458
vt 0.33416 0.75843
vt 0.31635 0.77956
vt 0.32047 0.77933
vt 0.33604 0.7599
vt 0.33321 0.75059
vt 0.33909 0.74829
vt 0.33474 0.74872
vt 0.33829 0.74019
vt 0.87143 0.5725
vt 0.86267 0.5725
vt 0.87143 0.57653
vt 0.34263 0.77654
vt 0.16237 0.37876
vt 0.8044 0.50631
vt 0.81448 0.47468
vt 0.37768 0.3026
vt 0.30211 0.14263
vt 0.37768 0.30158
vt 0.34033 0.75932
vt 0.39996 0.13334
vt 0.42144 0.14589
vt 0.37766 0.13334
vt 0.85792 0.56945
vt 0.85178 0.57653
vt 0.85418 0.56569
vt 0.85116 0.55832
vt 0.84994 0.5747
vt 0.75864 0.99365
vt 0.76257 0.99284
vt 0.75864 0.97806
vt 0.00517 0.64509
vt 0.28564 0.71584
vt 0.27944 0.71114
vt 0.96928 0.24947
vt 0.95475 0.26117
vt 0.17229 0.51616
vt 0.27787 0.68826
vt 0.74713 0.4399
vt 0.74355 0.70802
vt 0.72468 0.4399
vt 0.73697 0.47937
vt 0.73038 0.70802
vt 0.74019 0.47987
vt 0.74271 0.48138
vt 0.74355 0.48331
vt 0.74271 0.71161
vt 0.74019 0.71442
vt 0.73123 0.7116
vt 0.73375 0.71442
vt 0.73123 0.48138
vt 0.73039 0.48331
vt 0.73375 0.47987
vt 0.91507 0.38235
vt 0.91411 0.38329
vt 0.91222 0.3804
vt 0.90938 0.37846
vt 0.91034 0.37752
vt 0.91159 0.37702
vt 0.91559 0.38111
vt 0.91293 0.37703
vt 0.91417 0.37756
vt 0.91561 0.37977
vt 0.91511 0.37852
vt 0.95403 0.11385
vt 0.95302 0.11622
vt 0.95948 0.11757
vt 0.953 0.1188
vt 0.95587 0.11205
vt 0.97247 0.8997
vt 0.97332 0.89538
vt 0.96523 0.89943
vt 0.9626 0.89539
vt 0.98858 0.95596
vt 0.9887 0.95627
vt 0.98893 0.95651
vt 0.98923 0.95664
vt 0.98956 0.95665
vt 0.98987 0.95653
vt 0.99011 0.9563
vt 0.99024 0.956
vt 0.99025 0.95566
vt 0.99013 0.95535
vt 0.9899 0.95512
vt 0.9896 0.95499
vt 0.95825 0.11109
vt 0.95396 0.12119
vt 0.96083 0.11111
vt 0.9632 0.11212
vt 0.95576 0.12302
vt 0.965 0.11396
vt 0.96596 0.11635
vt 0.95813 0.12403
vt 0.96594 0.11892
vt 0.96493 0.12129
vt 0.96071 0.12406
vt 0.96309 0.12309
vt 0.98084 0.10744
vt 0.97907 0.10552
vt 0.98322 0.10848
vt 0.978 0.10315
vt 0.97814 0.10056
vt 0.9858 0.1085
vt 0.97927 0.09823
vt 0.98104 0.09637
vt 0.98818 0.10754
vt 0.98345 0.0955
vt 0.98601 0.09558
vt 0.99001 0.10576
vt 0.98836 0.09663
vt 0.9901 0.09854
vt 0.43375 0.11721
vt 0.43191 0.11901
vt 0.43736 0.12273
vt 0.43091 0.12138
vt 0.44282 0.12645
vt 0.44382 0.12408
vt 0.43088 0.12396
vt 0.44385 0.12151
vt 0.43614 0.11625
vt 0.43184 0.12634
vt 0.43871 0.11627
vt 0.44289 0.11912
vt 0.44108 0.11728
vt 0.8128 0.11091
vt 0.81088 0.11269
vt 0.80735 0.10716
vt 0.81382 0.10852
vt 0.80851 0.11378
vt 0.8059 0.11364
vt 0.81383 0.10595
vt 0.80355 0.11248
vt 0.80171 0.11063
vt 0.81286 0.10359
vt 0.80075 0.10823
vt 0.28404 0.34242
vt 0.28539 0.34244
vt 0.28477 0.33904
vt 0.80093 0.10567
vt 0.28813 0.33977
vt 0.28815 0.33844
vt 0.81109 0.10177
vt 0.8021 0.10337
vt 0.80392 0.10156
vt 0.28673 0.33624
vt 0.28552 0.3357
vt 0.2842 0.33566
vt 0.28294 0.33609
vt 0.28279 0.34187
vt 0.28187 0.34086
vt 0.91152 0.38377
vt 0.91028 0.38325
vt 0.91286 0.38379
vt 0.80879 0.10075
vt 0.80627 0.10061
vt 0.9151 0.29543
vt 0.91607 0.2945
vt 0.91325 0.29251
vt 0.9166 0.29327
vt 0.91384 0.29593
vt 0.28766 0.3372
vt 0.91247 0.29588
vt 0.91662 0.29194
vt 0.91123 0.29528
vt 0.91027 0.2943
vt 0.91614 0.2907
vt 0.90978 0.29303
vt 0.9099 0.29169
vt 0.91524 0.28974
vt 0.91053 0.29049
vt 0.9115 0.28956
vt 0.91405 0.28919
vt 0.93107 0.96791
vt 0.931 0.96354
vt 0.92542 0.96363
vt 0.91077 0.62298
vt 0.91635 0.62302
vt 0.91223 0.62505
vt 0.91888 0.61329
vt 0.92917 0.93778
vt 0.91193 0.64877
vt 0.92948 0.9615
vt 0.9778 0.13571
vt 0.98072 0.13566
vt 0.97502 0.13665
vt 0.97268 0.13841
vt 0.97094 0.14077
vt 0.91081 0.6186
vt 0.92472 0.96831
vt 0.92816 0.97
vt 0.98857 0.14344
vt 0.98759 0.14067
vt 0.98588 0.13829
vt 0.9835 0.13657
vt 0.91274 0.28909
vt 0.61539 0.44166
vt 0.61538 0.443
vt 0.61201 0.44229
vt 0.61489 0.44042
vt 0.61485 0.44424
vt 0.61389 0.44519
vt 0.61396 0.43946
vt 0.61262 0.44569
vt 0.44098 0.12825
vt 0.43365 0.12818
vt 0.61126 0.44565
vt 0.61273 0.43894
vt 0.43601 0.12919
vt 0.61002 0.44505
vt 0.60906 0.44408
vt 0.6114 0.43892
vt 0.60857 0.44284
vt 0.60865 0.44151
vt 0.61017 0.4394
vt 0.60921 0.44031
vt 0.43859 0.12922
vt 0.63279 0.51253
vt 0.63375 0.51161
vt 0.63099 0.50955
vt 0.63429 0.51038
vt 0.63153 0.51296
vt 0.6302 0.5129
vt 0.63443 0.50903
vt 0.62898 0.51233
vt 0.62809 0.51131
vt 0.6339 0.50778
vt 0.62758 0.51005
vt 0.62762 0.5087
vt 0.63299 0.50676
vt 0.62825 0.50752
vt 0.62919 0.50658
vt 0.63177 0.5062
vt 0.63044 0.50615
vt 0.28132 0.33962
vt 0.22746 0.32932
vt 0.22753 0.32798
vt 0.23089 0.32875
vt 0.228 0.33055
vt 0.90934 0.38229
vt 0.90884 0.38104
vt 0.28141 0.33826
vt 0.28201 0.33705
vt 0.90885 0.3797
vt 0.22808 0.32676
vt 0.22905 0.32584
vt 0.22891 0.33156
vt 0.2303 0.32536
vt 0.23165 0.3254
vt 0.23015 0.33211
vt 0.23288 0.32598
vt 0.23385 0.32691
vt 0.2315 0.33214
vt 0.23429 0.32817
vt 0.23425 0.3295
vt 0.23274 0.33164
vt 0.23371 0.33072
vt 0.28664 0.34194
vt 0.2876 0.341
vt 0.92947 0.62527
vt 0.28243 0.29559
vt 0.28589 0.29905
vt 0.2779 0.29371
vt 0.27301 0.29371
vt 0.26848 0.29559
vt 0.26502 0.29905
vt 0.26315 0.30357
vt 0.26315 0.30847
vt 0.26502 0.31299
vt 0.26848 0.31645
vt 0.55692 0.64341
vt 0.56173 0.64246
vt 0.57541 0.63619
vt 0.56653 0.64341
vt 0.5706 0.64613
vt 0.58091 0.66832
vt 0.58091 0.64169
vt 0.57427 0.65501
vt 0.5706 0.66388
vt 0.56653 0.6666
vt 0.57541 0.67379
vt 0.56173 0.66756
vt 0.55692 0.6666
vt 0.55285 0.66388
vt 0.55013 0.65981
vt 0.55013 0.65021
vt 0.55285 0.64613
vt 0.57332 0.6502
vt 0.57332 0.65981
vt 0.61771 0.14368
vt 0.61431 0.14217
vt 0.61513 0.13964
vt 0.83315 0.20048
vt 0.83888 0.20987
vt 0.83888 0.1981
vt 0.83471 0.19833
vt 0.61771 0.1356
vt 0.61888 0.13964
vt 0.6142 0.13243
vt 0.61431 0.13711
vt 0.60971 0.13138
vt 0.61216 0.13554
vt 0.60734 0.13711
vt 0.59795 0.13138
vt 0.59795 0.14791
vt 0.60652 0.13964
vt 0.60971 0.14791
vt 0.60734 0.14217
vt 0.61216 0.14374
vt 0.6142 0.14685
vt 0.83062 0.2013
vt 0.82235 0.20987
vt 0.82235 0.19811
vt 0.82808 0.20048
vt 0.82652 0.19566
vt 0.82341 0.19362
vt 0.82808 0.19351
vt 0.82657 0.19011
vt 0.83062 0.19269
vt 0.83466 0.19011
vt 0.83062 0.18894
vt 0.83783 0.19362
vt 0.83315 0.19351
vt 0.83471 0.19566
vt 0.60949 0.13554
vt 0.60949 0.14374
vt 0.82652 0.19833
vt 0.65423 0.28828
vt 0.65083 0.28676
vt 0.65165 0.28423
vt 0.20981 0.32442
vt 0.21555 0.33381
vt 0.21555 0.32205
vt 0.21138 0.32227
vt 0.65423 0.28019
vt 0.6554 0.28423
vt 0.65072 0.27702
vt 0.65083 0.2817
vt 0.64624 0.27597
vt 0.64868 0.28014
vt 0.64386 0.2817
vt 0.63447 0.27597
vt 0.63447 0.2925
vt 0.64304 0.28423
vt 0.64623 0.2925
vt 0.64386 0.28676
vt 0.64868 0.28833
vt 0.65072 0.29144
vt 0.20728 0.32525
vt 0.19901 0.33382
vt 0.19901 0.32205
vt 0.20475 0.32442
vt 0.20318 0.31961
vt 0.20007 0.31757
vt 0.20475 0.31745
vt 0.20324 0.31405
vt 0.20728 0.31663
vt 0.21132 0.31405
vt 0.20728 0.31288
vt 0.21449 0.31757
vt 0.20981 0.31745
vt 0.21138 0.31961
vt 0.64602 0.28014
vt 0.64601 0.28833
vt 0.20318 0.32227
vt 0.12393 0.12888
vt 0.12346 0.12734
vt 0.45543 0.23569
vt 0.45788 0.23569
vt 0.45849 0.23483
vt 0.46884 0.23483
vt 0.46945 0.2357
vt 0.4719 0.2357
vt 0.08426 0.98764
vt 0.08209 0.98908
vt 0.08464 0.98871
vt 0.08219 0.98977
vt 0.08209 0.99045
vt 0.08464 0.99082
vt 0.08177 0.99107
vt 0.08426 0.9919
vt 0.08128 0.99156
vt 0.08361 0.9929
vt 0.08066 0.99187
vt 0.08273 0.99375
vt 0.07998 0.99198
vt 0.08167 0.99436
vt 0.0793 0.99187
vt 0.08054 0.99472
vt 0.1239 0.14438
vt 0.47761 0.22343
vt 0.86699 0.55278
vt 0.867 0.55372
vt 0.86937 0.55323
vt 0.86735 0.5519
vt 0.86801 0.55123
vt 0.86888 0.55086
vt 0.86983 0.55086
vt 0.87071 0.55121
vt 0.87138 0.55188
vt 0.87174 0.55276
vt 0.87175 0.5537
vt 0.87139 0.55458
vt 0.87072 0.55525
vt 0.86985 0.55561
vt 0.8689 0.55561
vt 0.86803 0.55526
vt 0.86736 0.55459
vt 0.24349 0.29319
vt 0.24185 0.29389
vt 0.24441 0.29769
vt 0.24528 0.29318
vt 0.24694 0.29387
vt 0.24823 0.29512
vt 0.24891 0.29678
vt 0.24892 0.29859
vt 0.24823 0.30025
vt 0.24696 0.30151
vt 0.24531 0.30219
vt 0.24352 0.3022
vt 0.24187 0.30152
vt 0.24061 0.30025
vt 0.23991 0.2986
vt 0.2399 0.29682
vt 0.24059 0.29516
vt 0.07943 0.99483
vt 0.08475 0.98977
vt 0.07868 0.99156
vt 0.15276 0.52168
vt 0.75887 0.57137
vt 0.79367 0.57136
vt 0.11087 0.96953
vt 0.11292 0.96771
vt 0.77481 0.54607
vt 0.9181 0.95031
vt 0.91809 0.95094
vt 0.91832 0.95153
vt 0.91876 0.95198
vt 0.91934 0.95224
vt 0.91997 0.95225
vt 0.92056 0.95202
vt 0.92102 0.95158
vt 0.92128 0.95099
vt 0.92128 0.95036
vt 0.92106 0.94977
vt 0.92061 0.94931
vt 0.92002 0.94907
vt 0.92584 0.07716
vt 0.92785 0.07532
vt 0.9259 0.07164
vt 0.92235 0.07471
vt 0.4754 0.08777
vt 0.43861 0.08867
vt 0.4572 0.94372
vt 0.45718 0.93715
vt 0.69602 0.93591
vt 0.70233 0.94252
vt 0.45716 0.93032
vt 0.45715 0.9234
vt 0.68534 0.92238
vt 0.69018 0.92913
vt 0.45715 0.91657
vt 0.68186 0.91584
vt 0.45716 0.91001
vt 0.45716 0.90371
vt 0.67926 0.90389
vt 0.67987 0.90965
vt 0.64778 0.05586
vt 0.64557 0.05847
vt 0.65681 0.05784
vt 0.65432 0.0602
vt 0.66521 0.06119
vt 0.66245 0.0633
vt 0.67221 0.06583
vt 0.66921 0.06758
vt 0.67728 0.07133
vt 0.68022 0.07722
vt 0.67406 0.07262
vt 0.68115 0.08302
vt 0.50347 0.10436
vt 0.49955 0.09846
vt 0.49432 0.09358
vt 0.48818 0.09011
vt 0.48168 0.08821
vt 0.93446 0.07718
vt 0.93557 0.0798
vt 0.93968 0.07891
vt 0.93793 0.07471
vt 0.92474 0.0798
vt 0.92063 0.07893
vt 0.93181 0.47898
vt 0.9318 0.4813
vt 0.94166 0.48139
vt 0.94194 0.47907
vt 0.93248 0.07537
vt 0.93434 0.07168
vt 0.92994 0.0748
vt 0.70742 0.99272
vt 0.70958 0.99205
vt 0.93179 0.48346
vt 0.94131 0.48354
vt 0.93273 0.22018
vt 0.93665 0.22017
vt 0.43319 0.09116
vt 0.43159 0.09057
vt 0.67417 0.09353
vt 0.66937 0.09862
vt 0.46004 0.9948
vt 0.43336 0.08826
vt 0.43121 0.08704
vt 0.92952 0.22019
vt 0.66266 0.10296
vt 0.64585 0.10801
vt 0.65458 0.10616
vt 0.43591 0.08871
vt 0.43484 0.09144
vt 0.43877 0.26608
vt 0.18326 0.27536
vt 0.93709 0.22981
vt 0.93176 0.22976
vt 0.93181 0.47682
vt 0.94204 0.47691
vt 0.7113 0.99039
vt 0.71205 0.98828
vt 0.93893 0.21828
vt 0.92987 0.07065
vt 0.43843 0.25115
vt 0.43841 0.24618
vt 0.18273 0.24622
vt 0.18276 0.25351
vt 0.18286 0.26079
vt 0.4385 0.25613
vt 0.18303 0.26808
vt 0.43861 0.2611
vt 0.92683 0.2202
vt 0.50579 0.11076
vt 0.50663 0.11722
vt 0.504 0.11729
vt 0.45531 0.10478
vt 0.46004 0.11845
vt 0.4501 0.09975
vt 0.86212 0.58693
vt 0.86605 0.58693
vt 0.8642 0.72732
vt 0.86832 0.58877
vt 0.86831 0.72819
vt 0.86304 0.73549
vt 0.86109 0.73181
vt 0.8631 0.72997
vt 0.86659 0.73241
vt 0.43955 0.1499
vt 0.47711 0.14854
vt 0.69606 0.87185
vt 0.45722 0.87027
vt 0.45726 0.8637
vt 0.70238 0.86525
vt 0.68536 0.88536
vt 0.45718 0.88402
vt 0.4572 0.8771
vt 0.69022 0.87862
vt 0.68187 0.8919
vt 0.45717 0.89085
vt 0.45717 0.89741
vt 0.67987 0.89808
vt 0.6481 0.11059
vt 0.6571 0.10849
vt 0.66543 0.10504
vt 0.67238 0.10034
vt 0.68028 0.08887
vt 0.6774 0.09479
vt 0.5006 0.13631
vt 0.50414 0.1302
vt 0.49567 0.14151
vt 0.48975 0.14536
vt 0.48338 0.14767
vt 0.84926 0.72821
vt 0.85337 0.72733
vt 0.85448 0.72994
vt 0.85101 0.73242
vt 0.01506 0.36617
vt 0.0052 0.36626
vt 0.00521 0.36858
vt 0.01534 0.36849
vt 0.85646 0.73176
vt 0.8546 0.73545
vt 0.859 0.73232
vt 0.70744 0.81509
vt 0.70959 0.81577
vt 0.01471 0.36401
vt 0.00519 0.3641
vt 0.85229 0.58696
vt 0.85621 0.58695
vt 0.432 0.14831
vt 0.43369 0.14761
vt 0.46017 0.81263
vt 0.4317 0.15217
vt 0.43402 0.15072
vt 0.85943 0.58694
vt 0.43673 0.15006
vt 0.43543 0.14723
vt 0.18325 0.21709
vt 0.43876 0.22628
vt 0.00521 0.37074
vt 0.00517 0.61779
vt 0.01049 0.61774
vt 0.01544 0.37065
vt 0.92289 0.2202
vt 0.71131 0.81743
vt 0.71206 0.81954
vt 0.85002 0.58884
vt 0.85907 0.73647
vt 0.43843 0.2412
vt 0.18276 0.23894
vt 0.43849 0.23623
vt 0.18286 0.23166
vt 0.43861 0.23125
vt 0.18302 0.22437
vt 0.50612 0.12371
vt 0.45587 0.13242
vt 0.4508 0.13779
vt 0.92063 0.21835
vt 0.91802 0.95305
vt 0.91837 0.95254
vt 0.9192 0.95289
vt 0.91906 0.95352
vt 0.92009 0.95292
vt 0.9202 0.95353
vt 0.92093 0.95259
vt 0.92126 0.95313
vt 0.92158 0.95197
vt 0.92212 0.95234
vt 0.92194 0.95114
vt 0.92256 0.95126
vt 0.92196 0.95024
vt 0.92256 0.95013
vt 0.92163 0.9494
vt 0.92217 0.94907
vt 0.92099 0.94876
vt 0.92137 0.94821
vt 0.92016 0.9484
vt 0.92028 0.94776
vt 0.91926 0.94839
vt 0.91913 0.94777
vt 0.91844 0.94872
vt 0.91809 0.94821
vt 0.91779 0.94934
vt 0.9173 0.949
vt 0.91744 0.95017
vt 0.91683 0.95002
vt 0.93327 0.88783
vt 0.93091 0.8896
vt 0.93289 0.89336
vt 0.93568 0.89241
vt 0.34915 0.19955
vt 0.34915 0.16718
vt 0.35432 0.16718
vt 0.35432 0.19955
vt 0.90894 0.69689
vt 0.90653 0.69859
vt 0.90424 0.69396
vt 0.90706 0.69308
vt 0.94043 0.55103
vt 0.90807 0.55103
vt 0.90807 0.55528
vt 0.94043 0.55528
vt 0.93361 0.89754
vt 0.93656 0.8975
vt 0.35949 0.16718
vt 0.35949 0.19955
vt 0.9035 0.68884
vt 0.90645 0.68888
vt 0.23094 0.09294
vt 0.23094 0.10143
vt 0.23093 0.05649
vt 0.23093 0.048
vt 0.23991 0.048
vt 0.23991 0.05649
vt 0.23992 0.09293
vt 0.23992 0.10142
vt 0.69135 0.18622
vt 0.69135 0.1722
vt 0.68423 0.1722
vt 0.68424 0.18622
vt 0.69135 0.23359
vt 0.69135 0.26151
vt 0.69846 0.26151
vt 0.69846 0.23359
vt 0.69135 0.20302
vt 0.69135 0.21679
vt 0.69846 0.21679
vt 0.69846 0.20302
vt 0.69846 0.18622
vt 0.69846 0.1722
vt 0.70557 0.26151
vt 0.70557 0.23359
vt 0.70557 0.21679
vt 0.70557 0.20302
vt 0.70557 0.18622
vt 0.70557 0.1722
vt 0.68424 0.20302
vt 0.68424 0.21679
vt 0.68424 0.23359
vt 0.68424 0.26151
vt 0.67712 0.17221
vt 0.67713 0.18622
vt 0.67713 0.20302
vt 0.67713 0.21679
vt 0.98235 0.65382
vt 0.98941 0.64911
vt 0.9934 0.65873
vt 0.98507 0.66039
vt 0.97732 0.6488
vt 0.98204 0.64174
vt 0.97075 0.64608
vt 0.97241 0.63775
vt 0.96364 0.64608
vt 0.96199 0.63775
vt 0.95708 0.6488
vt 0.95236 0.64174
vt 0.95205 0.65383
vt 0.94499 0.64911
vt 0.94933 0.6604
vt 0.941 0.65875
vt 0.94933 0.66751
vt 0.941 0.66917
vt 0.95205 0.67408
vt 0.94499 0.6788
vt 0.95708 0.6791
vt 0.95237 0.68617
vt 0.96365 0.68182
vt 0.962 0.69015
vt 0.97076 0.68182
vt 0.97242 0.69015
vt 0.97733 0.6791
vt 0.98205 0.68616
vt 0.98236 0.67407
vt 0.98942 0.67879
vt 0.98508 0.6675
vt 0.9934 0.66916
vt 0.67713 0.23359
vt 0.67713 0.26151
vt 0.91939 0.94905
vt 0.29226 0.19955
vt 0.29226 0.16719
vt 0.29743 0.16719
vt 0.29743 0.19955
vt 0.94043 0.52129
vt 0.90807 0.52129
vt 0.90807 0.52554
vt 0.94043 0.52554
vt 0.51893 0.42677
vt 0.51894 0.30688
vt 0.9188 0.94929
vt 0.50851 0.42677
vt 0.50852 0.30688
vt 0.94043 0.49154
vt 0.90807 0.49154
vt 0.90807 0.49579
vt 0.94043 0.49579
vt 0.31295 0.19955
vt 0.31295 0.16719
vt 0.31812 0.16719
vt 0.31812 0.19955
vt 0.91836 0.94973
vt 0.49808 0.42677
vt 0.4981 0.30692
vt 0.94043 0.51704
vt 0.90807 0.51704
vt 0.66485 0.30692
vt 0.66486 0.42677
vt 0.65443 0.42677
vt 0.65443 0.30688
vt 0.30778 0.19955
vt 0.30778 0.16719
vt 0.9336 0.68923
vt 0.93655 0.68927
vt 0.93567 0.69436
vt 0.93288 0.69341
vt 0.91743 0.95106
vt 0.64401 0.42678
vt 0.64401 0.30692
vt 0.91775 0.95189
vt 0.94043 0.57228
vt 0.90807 0.57228
vt 0.90807 0.57653
vt 0.94043 0.57653
vt 0.94043 0.51279
vt 0.90807 0.51279
vt 0.30261 0.19955
vt 0.3026 0.16719
vt 0.93299 0.68502
vt 0.93581 0.68415
vt 0.64868 0.17221
vt 0.64869 0.26151
vt 0.64157 0.17221
vt 0.64158 0.26151
vt 0.63446 0.17221
vt 0.63447 0.26151
vt 0.94043 0.50854
vt 0.90807 0.50854
vt 0.90439 0.90303
vt 0.90718 0.90209
vt 0.90646 0.8979
vt 0.90351 0.89794
vt 0.60232 0.36539
vt 0.60232 0.30689
vt 0.60232 0.39596
vt 0.60232 0.38219
vt 0.60232 0.42677
vt 0.60232 0.41276
vt 0.93111 0.68121
vt 0.93352 0.67951
vt 0.59189 0.36539
vt 0.59189 0.30692
vt 0.59189 0.39595
vt 0.59189 0.38219
vt 0.59189 0.42677
vt 0.59189 0.41276
vt 0.94043 0.56803
vt 0.90807 0.56803
vt 0.58147 0.36539
vt 0.58147 0.30689
vt 0.58147 0.39596
vt 0.58147 0.38219
vt 0.58147 0.42677
vt 0.58147 0.41276
vt 0.90914 0.68093
vt 0.90678 0.67917
vt 0.94043 0.50429
vt 0.90807 0.50429
vt 0.57105 0.36539
vt 0.57105 0.30692
vt 0.57105 0.39595
vt 0.57105 0.38219
vt 0.57105 0.42677
vt 0.57105 0.41275
vt 0.36984 0.19955
vt 0.36984 0.16718
vt 0.37501 0.16718
vt 0.37501 0.19955
vt 0.32329 0.19955
vt 0.32329 0.16719
vt 0.32846 0.16719
vt 0.32846 0.19955
vt 0.56063 0.36539
vt 0.56063 0.30688
vt 0.56062 0.39595
vt 0.56063 0.38219
vt 0.56062 0.42677
vt 0.56062 0.41275
vt 0.93353 0.90726
vt 0.93112 0.90556
vt 0.90807 0.52979
vt 0.94043 0.52979
vt 0.94043 0.56378
vt 0.90807 0.56378
vt 0.74823 0.26151
vt 0.74823 0.1722
vt 0.74112 0.1722
vt 0.74112 0.26151
vt 0.73401 0.1722
vt 0.73401 0.26151
vt 0.90717 0.68469
vt 0.90437 0.68374
vt 0.36466 0.19955
vt 0.36467 0.16718
vt 0.93582 0.90262
vt 0.933 0.90175
vt 0.94043 0.55953
vt 0.90807 0.55953
vt 0.98785 0.95333
vt 0.98817 0.95387
vt 0.98753 0.9545
vt 0.98698 0.95412
vt 0.98716 0.95532
vt 0.98653 0.9552
vt 0.98714 0.95622
vt 0.98653 0.95635
vt 0.98746 0.95705
vt 0.98695 0.95738
vt 0.9881 0.95769
vt 0.98773 0.95822
vt 0.98891 0.95805
vt 0.98879 0.95867
vt 0.98981 0.95808
vt 0.98992 0.95868
vt 0.99066 0.95775
vt 0.99098 0.95829
vt 0.9913 0.95712
vt 0.99185 0.9575
vt 0.99167 0.9563
vt 0.9923 0.95642
vt 0.99169 0.9554
vt 0.9923 0.95528
vt 0.99136 0.95457
vt 0.99188 0.95424
vt 0.99073 0.95394
vt 0.9911 0.9534
vt 0.98991 0.95357
vt 0.99004 0.95295
vt 0.98901 0.95354
vt 0.98891 0.95294
vt 0.90807 0.50004
vt 0.94043 0.50004
vt 0.32838 0.59135
vt 0.32702 0.59135
vt 0.32702 0.59292
vt 0.32838 0.59292
vt 0.9871 0.30784
vt 0.97714 0.30784
vt 0.97714 0.31221
vt 0.9871 0.31221
vt 0.86577 0.55395
vt 0.86632 0.55527
vt 0.91534 0.47841
vt 0.91534 0.47351
vt 0.90806 0.47351
vt 0.90806 0.47841
vt 0.77127 0.4999
vt 0.77126 0.47457
vt 0.75745 0.47457
vt 0.75745 0.4999
vt 0.75745 0.47122
vt 0.77126 0.47122
vt 0.77127 0.50423
vt 0.75746 0.50423
vt 0.47884 0.39303
vt 0.47884 0.39577
vt 0.48698 0.39577
vt 0.48698 0.39303
vt 0.06509 0.62566
vt 0.06683 0.62759
vt 0.08468 0.62636
vt 0.0845 0.62414
vt 0.06608 0.62969
vt 0.06708 0.63064
vt 0.06594 0.62872
vt 0.08488 0.63076
vt 0.2465 0.69961
vt 0.24393 0.69912
vt 0.24554 0.69649
vt 0.24747 0.69864
vt 0.24732 0.7017
vt 0.24563 0.70364
vt 0.24409 0.70136
vt 0.24639 0.70059
vt 0.48698 0.37623
vt 0.47884 0.37623
vt 0.26531 0.69612
vt 0.2653 0.6986
vt 0.67271 0.44182
vt 0.67272 0.76174
vt 0.02704 0.55574
vt 0.02704 0.55414
vt 0.02289 0.55414
vt 0.02289 0.5558
vt 0.77812 0.24373
vt 0.77927 0.24358
vt 0.77892 0.24066
vt 0.77768 0.2408
vt 0.77703 0.24389
vt 0.77656 0.24093
vt 0.77599 0.24404
vt 0.77553 0.24105
vt 0.77498 0.24418
vt 0.77454 0.24116
vt 0.78806 0.24107
vt 0.78905 0.24119
vt 0.78935 0.23803
vt 0.78834 0.23797
vt 0.78704 0.24095
vt 0.78727 0.23792
vt 0.78592 0.24082
vt 0.78611 0.23787
vt 0.78467 0.24068
vt 0.78481 0.23782
vt 0.78329 0.24056
vt 0.78335 0.23777
vt 0.7818 0.2405
vt 0.7818 0.23774
vt 0.78031 0.24055
vt 0.78025 0.23777
vt 0.7788 0.23781
vt 0.7775 0.23785
vt 0.77634 0.2379
vt 0.77527 0.23795
vt 0.77426 0.238
vt 0.78947 0.2345
vt 0.78842 0.23451
vt 0.78731 0.23454
vt 0.7861 0.23458
vt 0.78477 0.23463
vt 0.78332 0.23468
vt 0.78181 0.23469
vt 0.7803 0.23467
vt 0.91534 0.40497
vt 0.90807 0.40497
vt 0.90807 0.40986
vt 0.91534 0.40986
vt 0.07438 0.37441
vt 0.07437 0.61784
vt 0.47862 0.7986
vt 0.55079 0.7986
vt 0.37433 0.08076
vt 0.37433 0.07538
vt 0.37226 0.07538
vt 0.37226 0.08076
vt 0.48281 0.08077
vt 0.4828 0.07538
vt 0.48727 0.08077
vt 0.48727 0.07538
vt 0.48504 0.07538
vt 0.48504 0.08077
vt 0.39226 0.07538
vt 0.39226 0.08076
vt 0.2793 0.07538
vt 0.2793 0.08076
vt 0.36565 0.08076
vt 0.36565 0.07538
vt 0.50728 0.07538
vt 0.50728 0.08076
vt 0.5093 0.08076
vt 0.5093 0.07538
vt 0.77465 0.58201
vt 0.7725 0.58201
vt 0.7725 0.81409
vt 0.77465 0.81409
vt 0.99419 0.10038
vt 0.99413 0.10405
vt 0.77679 0.58201
vt 0.7768 0.81409
vt 0.77894 0.58201
vt 0.77895 0.81409
vt 0.59117 0.51419
vt 0.59231 0.51825
vt 0.20456 0.16711
vt 0.20918 0.16711
vt 0.20918 0.19939
vt 0.20456 0.19939
vt 0.2138 0.1671
vt 0.2138 0.19939
vt 0.21842 0.1671
vt 0.21842 0.19939
vt 0.97324 0.15696
vt 0.97728 0.15823
vt 0.96981 0.15444
vt 0.96738 0.15102
vt 0.96612 0.14706
vt 0.96613 0.14294
vt 0.99131 0.15092
vt 0.99253 0.14696
vt 0.98888 0.15438
vt 0.98549 0.15687
vt 0.9815 0.15822
vt 0.90887 0.98015
vt 0.90942 0.97636
vt 0.90699 0.97561
vt 0.90633 0.98018
vt 0.92759 0.60899
vt 0.92796 0.60688
vt 0.93585 0.60698
vt 0.93507 0.61153
vt 0.91111 0.97293
vt 0.90904 0.97146
vt 0.92659 0.6109
vt 0.93292 0.61562
vt 0.92505 0.6124
vt 0.48933 0.08077
vt 0.48933 0.07538
vt 0.37003 0.07538
vt 0.37003 0.08076
vt 0.92765 0.60475
vt 0.93519 0.6024
vt 0.3678 0.07538
vt 0.3678 0.08076
vt 0.90951 0.98392
vt 0.90711 0.98474
vt 0.92126 0.99223
vt 0.91747 0.99168
vt 0.91671 0.9941
vt 0.92129 0.99477
vt 0.92329 0.60028
vt 0.92118 0.59992
vt 0.92128 0.59202
vt 0.92583 0.5928
vt 0.91403 0.98998
vt 0.91257 0.99206
vt 0.9252 0.60128
vt 0.92992 0.59495
vt 0.91129 0.98731
vt 0.90926 0.98883
vt 0.9267 0.60282
vt 0.93314 0.59826
vt 0.7596 0.58201
vt 0.75745 0.58201
vt 0.75746 0.81409
vt 0.75961 0.81409
vt 0.59298 0.52232
vt 0.59319 0.52638
vt 0.59315 0.52999
vt 0.76175 0.58201
vt 0.76176 0.81409
vt 0.7639 0.58201
vt 0.76391 0.81409
vt 0.76605 0.58201
vt 0.76605 0.81409
vt 0.90915 0.90585
vt 0.90679 0.90761
vt 0.98808 0.95488
vt 0.98782 0.95546
vt 0.98781 0.9561
vt 0.98805 0.95669
vt 0.39429 0.50769
vt 0.38758 0.50781
vt 0.39177 0.67729
vt 0.3964 0.67725
vt 0.40101 0.50765
vt 0.40102 0.67724
vt 0.02517 0.40674
vt 0.02517 0.40216
vt 0.03009 0.40215
vt 0.03009 0.40674
vt 0.19532 0.16711
vt 0.19994 0.16711
vt 0.19995 0.19939
vt 0.19533 0.19939
vt 0.7682 0.58201
vt 0.7682 0.81409
vt 0.23139 0.1671
vt 0.23576 0.1671
vt 0.23577 0.19939
vt 0.2314 0.19939
vt 0.91534 0.43924
vt 0.90806 0.43924
vt 0.90806 0.44414
vt 0.91534 0.44414
vt 0.22765 0.1671
vt 0.22766 0.19939
vt 0.50075 0.08077
vt 0.50075 0.07538
vt 0.22303 0.1671
vt 0.22304 0.19939
vt 0.39003 0.07538
vt 0.39003 0.08076
vt 0.55079 0.51142
vt 0.47861 0.51142
vt 0.55078 0.45576
vt 0.47861 0.45576
vt 0.47861 0.46982
vt 0.55078 0.46982
vt 0.95169 0.99484
vt 0.94618 0.98934
vt 0.98381 0.98934
vt 0.97831 0.99484
vt 0.3878 0.07538
vt 0.3878 0.08076
vt 0.93267 0.62855
vt 0.93474 0.62709
vt 0.38574 0.07538
vt 0.38574 0.08076
vt 0.50505 0.07538
vt 0.50505 0.08077
vt 0.94621 0.96472
vt 0.98381 0.96472
vt 0.90896 0.95852
vt 0.90692 0.96004
vt 0.77035 0.58201
vt 0.77035 0.81409
vt 0.10101 0.37441
vt 0.101 0.61784
vt 0.9347 0.63267
vt 0.93712 0.63192
vt 0.90682 0.95446
vt 0.90442 0.95528
vt 0.93536 0.63721
vt 0.9379 0.63724
vt 0.90605 0.94994
vt 0.90351 0.94997
vt 0.93458 0.64173
vt 0.93699 0.64255
vt 0.90671 0.9454
vt 0.90428 0.94465
vt 0.93245 0.64579
vt 0.93448 0.64731
vt 0.90874 0.94129
vt 0.90667 0.93982
vt 0.03009 0.41132
vt 0.02517 0.41133
vt 0.03009 0.41591
vt 0.02517 0.41591
vt 0.03009 0.4205
vt 0.02517 0.4205
vt 0.55079 0.67855
vt 0.47861 0.67855
vt 0.47862 0.78815
vt 0.55079 0.78815
vt 0.50281 0.07538
vt 0.50281 0.08077
vt 0.39981 0.43514
vt 0.40164 0.44696
vt 0.38846 0.44742
vt 0.39005 0.43519
vt 0.40048 0.35688
vt 0.3994 0.42701
vt 0.39032 0.42701
vt 0.38837 0.35693
vt 0.61114 0.61701
vt 0.60931 0.61884
vt 0.61315 0.623
vt 0.6156 0.62056
vt 0.60178 0.79756
vt 0.60738 0.7973
vt 0.60772 0.79433
vt 0.60204 0.79459
vt 0.66078 0.8089
vt 0.66076 0.4399
vt 0.5857 0.79486
vt 0.5858 0.79859
vt 0.59499 0.79844
vt 0.59502 0.79472
vt 0.55078 0.47266
vt 0.47861 0.47266
vt 0.47861 0.49452
vt 0.55079 0.49452
vt 0.47861 0.63147
vt 0.55079 0.63147
vt 0.55079 0.52186
vt 0.47861 0.52186
vt 0.39831 0.30251
vt 0.39872 0.30573
vt 0.39002 0.30568
vt 0.39043 0.30243
vt 0.03009 0.42508
vt 0.02517 0.42508
vt 0.03009 0.42967
vt 0.02517 0.42967
vt 0.59595 0.78275
vt 0.60006 0.78296
vt 0.60048 0.77923
vt 0.59613 0.779
vt 0.55079 0.49736
vt 0.47861 0.49736
vt 0.37643 0.43429
vt 0.37126 0.44662
vt 0.61048 0.78369
vt 0.61442 0.78408
vt 0.61531 0.78092
vt 0.61128 0.78033
vt 0.56356 0.50047
vt 0.56112 0.50292
vt 0.56557 0.5074
vt 0.56741 0.50557
vt 0.06415 0.05747
vt 0.06481 0.05483
vt 0.29124 0.51452
vt 0.28886 0.51389
vt 0.57526 0.50557
vt 0.57131 0.50047
vt 0.38629 0.43495
vt 0.38684 0.43087
vt 0.3903 0.43101
vt 0.61315 0.50047
vt 0.6054 0.50047
vt 0.60145 0.50557
vt 0.6093 0.50557
vt 0.56112 0.62056
vt 0.56357 0.62301
vt 0.56741 0.61884
vt 0.56558 0.61701
vt 0.0052 0.081
vt 0.00838 0.08072
vt 0.00835 0.07042
vt 0.00516 0.07016
vt 0.38676 0.42689
vt 0.384 0.35705
vt 0.91678 0.95118
vt 0.38744 0.32886
vt 0.38231 0.32884
vt 0.38256 0.3216
vt 0.38754 0.32207
vt 0.61093 0.70599
vt 0.61134 0.77681
vt 0.61541 0.77757
vt 0.61504 0.70489
vt 0.38798 0.34518
vt 0.38324 0.34539
vt 0.38259 0.3363
vt 0.38761 0.33613
vt 0.37859 0.34564
vt 0.37768 0.3365
vt 0.40034 0.31476
vt 0.40109 0.32196
vt 0.38835 0.31484
vt 0.91722 0.95225
vt 0.40124 0.3288
vt 0.40112 0.33604
vt 0.61114 0.5074
vt 0.61559 0.50291
vt 0.61036 0.45974
vt 0.60889 0.46243
vt 0.40079 0.34511
vt 0.15672 0.95361
vt 0.15079 0.95698
vt 0.15191 0.98411
vt 0.15808 0.98697
vt 0.14775 0.96025
vt 0.14534 0.96682
vt 0.14567 0.97483
vt 0.14862 0.98112
vt 0.61228 0.45752
vt 0.9871 0.33462
vt 0.97714 0.33461
vt 0.31666 0.97614
vt 0.31925 0.96988
vt 0.31922 0.9621
vt 0.31658 0.95581
vt 0.30002 0.94839
vt 0.29992 0.98378
vt 0.30696 0.98203
vt 0.30691 0.95
vt 0.31349 0.95277
vt 0.3136 0.97921
vt 0.61556 0.45555
vt 0.62017 0.45441
vt 0.58478 0.69891
vt 0.58441 0.70354
vt 0.59568 0.70359
vt 0.59527 0.69891
vt 0.15774 0.49387
vt 0.16236 0.49388
vt 0.88792 0.75853
vt 0.89327 0.75853
vt 0.89328 0.75559
vt 0.88792 0.75559
vt 0.60689 0.68971
vt 0.60914 0.69722
vt 0.61305 0.69647
vt 0.61068 0.68932
vt 0.37311 0.35755
vt 0.37746 0.4258
vt 0.37359 0.42513
vt 0.36891 0.35781
vt 0.14046 0.65903
vt 0.14173 0.65777
vt 0.14071 0.65521
vt 0.13801 0.65787
vt 0.88819 0.36955
vt 0.89178 0.36969
vt 0.89181 0.3665
vt 0.88816 0.36636
vt 0.6081 0.47105
vt 0.60806 0.46507
vt 0.61815 0.78463
vt 0.61914 0.78157
vt 0.60411 0.78313
vt 0.60476 0.77958
vt 0.39025 0.293
vt 0.39856 0.29304
vt 0.39822 0.29956
vt 0.39053 0.29948
vt 0.28127 0.35917
vt 0.27927 0.36485
vt 0.58512 0.68058
vt 0.58562 0.68688
vt 0.5944 0.68682
vt 0.59488 0.68061
vt 0.30334 0.30064
vt 0.3025 0.33306
vt 0.29991 0.30076
vt 0.37362 0.42952
vt 0.36953 0.42389
vt 0.60407 0.70263
vt 0.61064 0.70139
vt 0.60289 0.69821
vt 0.77018 0.52963
vt 0.774 0.53263
vt 0.77615 0.52972
vt 0.77234 0.52672
vt 0.61471 0.70045
vt 0.61861 0.69944
vt 0.61674 0.69538
vt 0.16237 0.44537
vt 0.16237 0.45075
vt 0.14374 0.45075
vt 0.14374 0.44537
vt 0.16237 0.45529
vt 0.14374 0.45529
vt 0.58556 0.69057
vt 0.59446 0.69051
vt 0.16237 0.46016
vt 0.14374 0.46016
vt 0.51844 0.06526
vt 0.53346 0.06519
vt 0.36723 0.34665
vt 0.37165 0.3462
vt 0.37752 0.43005
vt 0.39949 0.43101
vt 0.38768 0.30046
vt 0.38486 0.30092
vt 0.38486 0.30003
vt 0.38768 0.29961
vt 0.27563 0.99031
vt 0.24386 0.99221
vt 0.24371 0.99484
vt 0.27533 0.99289
vt 0.20715 0.99133
vt 0.15791 0.98956
vt 0.20709 0.99399
vt 0.59989 0.7032
vt 0.59909 0.69857
vt 0.37735 0.32875
vt 0.36581 0.31855
vt 0.39053 0.30033
vt 0.39822 0.30041
vt 0.33312 0.29134
vt 0.36705 0.29528
vt 0.8494 0.14439
vt 0.84748 0.14311
vt 0.84749 0.09824
vt 0.8494 0.09696
vt 0.85166 0.14484
vt 0.85166 0.09651
vt 0.84347 0.10183
vt 0.84347 0.13952
vt 0.84138 0.13507
vt 0.84139 0.10628
vt 0.30015 0.98628
vt 0.32172 0.96161
vt 0.32172 0.97036
vt 0.31881 0.97754
vt 0.36581 0.33719
vt 0.36541 0.32832
vt 0.3777 0.32096
vt 0.38399 0.31409
vt 0.30779 0.9846
vt 0.31511 0.98135
vt 0.15047 0.98633
vt 0.14655 0.98267
vt 0.14315 0.97549
vt 0.7589 0.53964
vt 0.76282 0.54349
vt 0.58428 0.70841
vt 0.59584 0.70846
vt 0.60174 0.62821
vt 0.60175 0.66949
vt 0.61268 0.66949
vt 0.61268 0.62821
vt 0.3274 0.29841
vt 0.60429 0.70741
vt 0.14271 0.9664
vt 0.38332 0.43063
vt 0.38321 0.42652
vt 0.26318 0.53735
vt 0.258 0.53261
vt 0.54079 0.03967
vt 0.54034 0.03606
vt 0.61903 0.704
vt 0.79228 0.48831
vt 0.79667 0.48988
vt 0.60012 0.70815
vt 0.00911 0.06708
vt 0.00916 0.08405
vt 0.06774 0.09289
vt 0.0707 0.09099
vt 0.07061 0.06007
vt 0.06763 0.05818
vt 0.36991 0.3285
vt 0.37023 0.31952
vt 0.16237 0.44074
vt 0.14374 0.44074
vt 0.59854 0.79474
vt 0.79339 0.48382
vt 0.79813 0.48399
vt 0.58565 0.68872
vt 0.59436 0.68865
vt 0.60073 0.68837
vt 0.60635 0.68787
vt 0.60653 0.68597
vt 0.6009 0.68653
vt 0.14894 0.66432
vt 0.1517 0.6642
vt 0.15124 0.65783
vt 0.14878 0.65902
vt 0.88828 0.31634
vt 0.86595 0.31645
vt 0.86587 0.36607
vt 0.30683 0.30081
vt 0.60056 0.77538
vt 0.60478 0.7759
vt 0.59779 0.69034
vt 0.60114 0.69018
vt 0.57743 0.48967
vt 0.59928 0.48967
vt 0.60321 0.48363
vt 0.5735 0.48363
vt 0.57526 0.49151
vt 0.57131 0.48546
vt 0.61006 0.68749
vt 0.61404 0.68703
vt 0.58432 0.77516
vt 0.59619 0.77516
vt 0.79315 0.47845
vt 0.79785 0.47784
vt 0.59851 0.68091
vt 0.59764 0.68679
vt 0.60212 0.68121
vt 0.38374 0.44693
vt 0.37891 0.44693
vt 0.38252 0.43477
vt 0.37969 0.35718
vt 0.31475 0.33195
vt 0.31543 0.33495
vt 0.83483 0.1332
vt 0.83126 0.13133
vt 0.83126 0.11003
vt 0.83483 0.10816
vt 0.82833 0.12904
vt 0.82615 0.12644
vt 0.82615 0.11491
vt 0.82833 0.11231
vt 0.8389 0.13459
vt 0.8389 0.10676
vt 0.82481 0.12361
vt 0.82481 0.11774
vt 0.59753 0.68856
vt 0.38658 0.30543
vt 0.91745 0.31645
vt 0.89192 0.31627
vt 0.9174 0.36648
vt 0.07477 0.06413
vt 0.07673 0.06698
vt 0.07939 0.06599
vt 0.07712 0.06254
vt 0.9103 0.09346
vt 0.9103 0.1479
vt 0.26507 0.5742
vt 0.27406 0.68508
vt 0.79159 0.47419
vt 0.79576 0.47215
vt 0.61479 0.68913
vt 0.86309 0.36894
vt 0.86318 0.31349
vt 0.85425 0.31341
vt 0.85423 0.36894
vt 0.6193 0.77829
vt 0.99147 0.33462
vt 0.99147 0.31221
vt 0.97714 0.33898
vt 0.9871 0.33898
vt 0.12644 0.35135
vt 0.15087 0.35448
vt 0.15087 0.35893
vt 0.12644 0.35578
vt 0.42319 0.32815
vt 0.42286 0.33699
vt 0.4183 0.33673
vt 0.41872 0.32836
vt 0.16237 0.39746
vt 0.14374 0.39746
vt 0.4064 0.4305
vt 0.40725 0.43458
vt 0.40353 0.43482
vt 0.40292 0.4308
vt 0.416 0.42928
vt 0.11707 0.35578
vt 0.11707 0.35135
vt 0.42275 0.31846
vt 0.41836 0.31943
vt 0.40386 0.30013
vt 0.40469 0.2936
vt 0.41193 0.29467
vt 0.41675 0.29522
vt 0.40107 0.2997
vt 0.40166 0.29328
vt 0.42145 0.29545
vt 0.41994 0.35758
vt 0.42151 0.34643
vt 0.48292 0.06522
vt 0.48579 0.06525
vt 0.4858 0.03748
vt 0.51556 0.06527
vt 0.51557 0.0375
vt 0.02704 0.52169
vt 0.02289 0.52169
vt 0.02289 0.52464
vt 0.02704 0.52464
vt 0.70516 0.44495
vt 0.70517 0.76174
vt 0.70222 0.76174
vt 0.70221 0.44769
vt 0.40386 0.30102
vt 0.40125 0.30255
vt 0.40106 0.30054
vt 0.77725 0.86976
vt 0.77263 0.86978
vt 0.41017 0.34551
vt 0.40916 0.35705
vt 0.40486 0.35696
vt 0.40552 0.34529
vt 0.9722 0.21834
vt 0.94935 0.21834
vt 0.94935 0.22417
vt 0.9722 0.22417
vt 0.72007 0.4399
vt 0.72238 0.4399
vt 0.72237 0.80892
vt 0.72006 0.80892
vt 0.9916 0.29749
vt 0.99155 0.29206
vt 0.34047 0.87127
vt 0.28887 0.86913
vt 0.57348 0.68608
vt 0.57229 0.68205
vt 0.34011 0.88364
vt 0.33993 0.89203
vt 0.29156 0.89097
vt 0.29058 0.88245
vt 0.34435 0.81789
vt 0.34389 0.82274
vt 0.17237 0.54744
vt 0.1683 0.5175
vt 0.46934 0.33297
vt 0.47008 0.32991
vt 0.47351 0.3314
vt 0.47287 0.33437
vt 0.95251 0.28434
vt 0.9538 0.28366
vt 0.9722 0.22974
vt 0.94935 0.22975
vt 0.94935 0.23258
vt 0.9722 0.23256
vt 0.28957 0.87453
vt 0.3403 0.87624
vt 0.07265 0.09301
vt 0.06911 0.09531
vt 0.69927 0.76174
vt 0.69926 0.44995
vt 0.02289 0.52759
vt 0.02704 0.52759
vt 0.18842 0.65657
vt 0.16625 0.65999
vt 0.1499 0.55851
vt 0.17267 0.55258
vt 0.40621 0.44645
vt 0.17075 0.54996
vt 0.94944 0.27664
vt 0.94942 0.27082
vt 0.94834 0.2708
vt 0.94836 0.27667
vt 0.95034 0.27912
vt 0.94923 0.27949
vt 0.19408 0.49364
vt 0.9722 0.23624
vt 0.94935 0.23625
vt 0.94936 0.24086
vt 0.97221 0.24084
vt 0.91742 0.31308
vt 0.89193 0.31309
vt 0.18976 0.35133
vt 0.2347 0.68011
vt 0.94935 0.22681
vt 0.9722 0.22681
vt 0.77724 0.44213
vt 0.77595 0.44088
vt 0.77021 0.44086
vt 0.76892 0.44211
vt 0.41326 0.43403
vt 0.41214 0.42984
vt 0.76874 0.44742
vt 0.77738 0.44742
vt 0.17022 0.35926
vt 0.16946 0.35419
vt 0.17602 0.35322
vt 0.17455 0.35862
vt 0.75864 0.97444
vt 0.77727 0.97444
vt 0.58097 0.69859
vt 0.58223 0.69041
vt 0.14914 0.55556
vt 0.57994 0.7754
vt 0.58 0.70812
vt 0.75864 0.92962
vt 0.77727 0.92963
vt 0.2346 0.34521
vt 0.23934 0.37989
vt 0.19912 0.38539
vt 0.95063 0.28208
vt 0.95185 0.28163
vt 0.5691 0.79446
vt 0.57286 0.79457
vt 0.57001 0.78383
vt 0.56604 0.78425
vt 0.40468 0.31404
vt 0.40214 0.30549
vt 0.41131 0.32864
vt 0.41093 0.32088
vt 0.88836 0.31316
vt 0.41711 0.34602
vt 0.41102 0.33637
vt 0.40636 0.32875
vt 0.40608 0.32151
vt 0.07719 0.0885
vt 0.07484 0.08692
vt 0.40612 0.33619
vt 0.56502 0.7777
vt 0.56911 0.77692
vt 0.56922 0.70605
vt 0.56511 0.70497
vt 0.56705 0.69657
vt 0.57095 0.6973
vt 0.57315 0.68982
vt 0.56936 0.68945
vt 0.40293 0.42684
vt 0.41599 0.42492
vt 0.41215 0.42563
vt 0.41574 0.35736
vt 0.41844 0.44613
vt 0.76919 0.43832
vt 0.77695 0.43832
vt 0.76647 0.44093
vt 0.77971 0.44094
vt 0.06425 0.09362
vt 0.06492 0.09626
vt 0.19189 0.49311
vt 0.89327 0.75349
vt 0.88792 0.75349
vt 0.88795 0.51476
vt 0.8933 0.51476
vt 0.8933 0.51099
vt 0.88795 0.51099
vt 0.75864 0.92356
vt 0.77727 0.92356
vt 0.74394 0.82665
vt 0.0061 0.08502
vt 0.69631 0.45162
vt 0.69631 0.76174
vt 0.69336 0.76174
vt 0.69335 0.45265
vt 0.02704 0.53055
vt 0.02289 0.53055
vt 0.02289 0.5335
vt 0.02704 0.5335
vt 0.20572 0.94607
vt 0.24259 0.9429
vt 0.28464 0.87493
vt 0.28581 0.88301
vt 0.03238 0.96888
vt 0.02839 0.97041
vt 0.0315 0.98194
vt 0.03566 0.98063
vt 0.03827 0.98888
vt 0.03366 0.9902
vt 0.28394 0.86934
vt 0.02416 0.97109
vt 0.02965 0.9751
vt 0.02547 0.97586
vt 0.28729 0.89164
vt 0.27972 0.87586
vt 0.28104 0.8839
vt 0.03365 0.97367
vt 0.27898 0.87024
vt 0.02723 0.9829
vt 0.28299 0.8926
vt 0.05316 0.81471
vt 0.04933 0.81472
vt 0.04969 0.8084
vt 0.05345 0.80837
vt 0.00716 0.88476
vt 0.83937 0.62037
vt 0.83923 0.65662
vt 0.82135 0.65655
vt 0.81985 0.62025
vt 0.83903 0.70622
vt 0.82115 0.70615
vt 0.21947 0.80984
vt 0.21945 0.79968
vt 0.31208 0.79956
vt 0.31219 0.80814
vt 0.08103 0.81
vt 0.08105 0.79963
vt 0.20834 0.79961
vt 0.20839 0.80996
vt 0.05738 0.80857
vt 0.05733 0.80102
vt 0.07047 0.79998
vt 0.07038 0.80962
vt 0.00573 0.80874
vt 0.00576 0.80077
vt 0.04969 0.80124
vt 0.02905 0.99126
vt 0.00783 0.99418
vt 0.00671 0.98534
vt 0.0901 0.95612
vt 0.09355 0.96437
vt 0.80463 0.53654
vt 0.80463 0.52751
vt 0.83962 0.52751
vt 0.83962 0.53654
vt 0.27469 0.94299
vt 0.83894 0.72757
vt 0.8389 0.7366
vt 0.82102 0.73653
vt 0.82106 0.72749
vt 0.40645 0.42643
vt 0.21969 0.82457
vt 0.21959 0.81871
vt 0.31224 0.81571
vt 0.31229 0.82086
vt 0.07943 0.82511
vt 0.08033 0.81901
vt 0.20864 0.81901
vt 0.20896 0.82501
vt 0.08706 0.94881
vt 0.08505 0.94394
vt 0.05676 0.82009
vt 0.0571 0.81529
vt 0.06989 0.81806
vt 0.06942 0.82383
vt 0.00591 0.82037
vt 0.00582 0.81575
vt 0.04878 0.81917
vt 0.00595 0.97757
vt 0.00556 0.97249
vt 0.8045 0.54981
vt 0.80457 0.54451
vt 0.83962 0.54451
vt 0.83962 0.54981
vt 0.82109 0.71953
vt 0.82111 0.71423
vt 0.83899 0.7143
vt 0.83897 0.7196
vt 0.68748 0.76174
vt 0.68748 0.45265
vt 0.02289 0.53937
vt 0.02704 0.53937
vt 0.21396 0.80995
vt 0.2139 0.7996
vt 0.07564 0.80994
vt 0.07565 0.79971
vt 0.05347 0.80124
vt 0.21435 0.82502
vt 0.21415 0.81901
vt 0.0743 0.82494
vt 0.075 0.81885
vt 0.05275 0.81923
vt 0.58238 0.68685
vt 0.58145 0.68093
vt 0.14749 0.65776
vt 0.14852 0.6552
vt 0.58215 0.79492
vt 0.58463 0.78276
vt 0.58049 0.78302
vt 0.16303 0.51326
vt 0.14554 0.95888
vt 0.14916 0.95488
vt 0.15635 0.95103
vt 0.30771 0.94746
vt 0.31499 0.95063
vt 0.31873 0.95439
vt 0.30017 0.94587
vt 0.27425 0.94038
vt 0.20549 0.9434
vt 0.24228 0.94027
vt 0.06899 0.05576
vt 0.57574 0.77966
vt 0.57642 0.78322
vt 0.58004 0.77927
vt 0.56128 0.78174
vt 0.56229 0.78482
vt 0.56513 0.78107
vt 0.60894 0.4737
vt 0.62019 0.48172
vt 0.61559 0.48058
vt 0.61233 0.47861
vt 0.61042 0.47639
vt 0.56918 0.78046
vt 0.58441 0.779
vt 0.02704 0.51714
vt 0.02289 0.51707
vt 0.02289 0.51874
vt 0.02704 0.51874
vt 0.70812 0.76174
vt 0.70812 0.44181
vt 0.77885 0.23462
vt 0.77752 0.23456
vt 0.23933 0.67951
vt 0.17903 0.33503
vt 0.18667 0.31171
vt 0.19071 0.31356
vt 0.18304 0.33694
vt 0.57569 0.77596
vt 0.18963 0.30691
vt 0.19317 0.30956
vt 0.56112 0.77844
vt 0.95095 0.40428
vt 0.95279 0.40611
vt 0.96239 0.40612
vt 0.1936 0.30296
vt 0.1963 0.30645
vt 0.72474 0.82618
vt 0.96244 0.30784
vt 0.58249 0.68862
vt 0.7801 0.44729
vt 0.56997 0.68762
vt 0.57367 0.68798
vt 0.57929 0.68844
vt 0.57889 0.69025
vt 0.19842 0.29972
vt 0.20045 0.30389
vt 0.48108 0.30052
vt 0.566 0.68719
vt 0.56528 0.68928
vt 0.07255 0.05805
vt 0.2041 0.29763
vt 0.20471 0.30232
vt 0.57911 0.6866
vt 0.21026 0.29735
vt 0.21009 0.30209
vt 0.21615 0.29881
vt 0.21458 0.3032
vt 0.5802 0.70319
vt 0.56542 0.70055
vt 0.56948 0.70146
vt 0.57603 0.70265
vt 0.57585 0.70742
vt 0.25599 0.31932
vt 0.25299 0.32314
vt 0.56153 0.69956
vt 0.56112 0.7041
vt 0.46095 0.03603
vt 0.4605 0.03967
vt 0.4607 0.29829
vt 0.07679 0.08406
vt 0.26591 0.33658
vt 0.2559 0.32529
vt 0.2589 0.32147
vt 0.26977 0.33265
vt 0.57719 0.69825
vt 0.07747 0.0807
vt 0.07743 0.07034
vt 0.56337 0.69551
vt 0.42001 0.42366
vt 0.48564 0.33239
vt 0.48454 0.30032
vt 0.48793 0.30041
vt 0.31821 0.33042
vt 0.31897 0.3335
vt 0.60145 0.49151
vt 0.6054 0.48546
vt 0.57322 0.79758
vt 0.5789 0.79781
vt 0.57862 0.7948
vt 0.0803 0.07004
vt 0.08032 0.08098
vt 0.45499 0.29133
vt 0.45701 0.29039
vt 0.56521 0.79405
vt 0.56569 0.79726
vt 0.56952 0.79745
vt 0.58231 0.79846
vt 0.41092 0.44644
vt 0.57784 0.68128
vt 0.46184 0.42034
vt 0.75864 0.90553
vt 0.77727 0.90553
vt 0.46016 0.06506
vt 0.46794 0.06516
vt 0.07945 0.08503
vt 0.75864 0.91134
vt 0.77727 0.91134
vt 0.75864 0.9174
vt 0.77727 0.9174
vt 0.59343 0.62922
vt 0.59141 0.66645
vt 0.76599 0.44728
vt 0.20854 0.79057
vt 0.21404 0.79054
vt 0.31192 0.79198
vt 0.04878 0.79044
vt 0.05276 0.79039
vt 0.06946 0.78581
vt 0.07433 0.7847
vt 0.20883 0.78459
vt 0.2142 0.78454
vt 0.31182 0.78683
vt 0.04932 0.7949
vt 0.05316 0.79491
vt 0.06994 0.79157
vt 0.07503 0.79079
vt 0.28823 0.72713
vt 0.28765 0.73471
vt 0.28291 0.73448
vt 0.28384 0.72686
vt 0.03242 0.64002
vt 0.02832 0.63852
vt 0.14838 0.49387
vt 0.14375 0.49388
vt 0.79829 0.82664
vt 0.88792 0.76504
vt 0.89327 0.76504
vt 0.89328 0.76179
vt 0.88792 0.76179
vt 0.78903 0.47003
vt 0.79252 0.46733
vt 0.38748 0.30247
vt 0.28717 0.73999
vt 0.28236 0.73993
vt 0.02952 0.63368
vt 0.024 0.63794
vt 0.02517 0.63303
vt 0.88795 0.52892
vt 0.8933 0.52892
vt 0.8933 0.52523
vt 0.88795 0.52523
vt 0.27817 0.73365
vt 0.2795 0.72594
vt 0.03577 0.62781
vt 0.03369 0.6351
vt 0.03129 0.62641
vt 0.27751 0.73915
vt 0.02668 0.62561
vt 0.05708 0.79434
vt 0.08035 0.79063
vt 0.21949 0.79079
vt 0.05677 0.78954
vt 0.07946 0.78453
vt 0.13762 0.66418
vt 0.14032 0.66431
vt 0.00737 0.72475
vt 0.62302 0.66645
vt 0.62099 0.62922
vt 0.82135 0.4075
vt 0.83923 0.40743
vt 0.83937 0.44368
vt 0.81985 0.44381
vt 0.82114 0.35791
vt 0.83902 0.35784
vt 0.61144 0.7942
vt 0.61529 0.79378
vt 0.59843 0.79824
vt 0.21953 0.78495
vt 0.61103 0.79716
vt 0.54128 0.06507
vt 0.37038 0.3369
vt 0.97839 0.88465
vt 0.97843 0.78638
vt 0.8175 0.82618
vt 0.8933 0.52146
vt 0.88795 0.52146
vt 0.00604 0.06612
vt 0.83897 0.34447
vt 0.82109 0.34454
vt 0.82106 0.33657
vt 0.83893 0.3365
vt 0.80457 0.51954
vt 0.83962 0.51954
vt 0.78592 0.4669
vt 0.78857 0.46336
vt 0.98804 0.78638
vt 0.98987 0.78822
vt 0.32737 0.42091
vt 0.68453 0.76174
vt 0.68452 0.45162
vt 0.02289 0.54233
vt 0.02704 0.54233
vt 0.08708 0.661
vt 0.09016 0.65372
vt 0.00543 0.63231
vt 0.00575 0.62463
vt 0.33107 0.2904
vt 0.78192 0.46444
vt 0.78377 0.4604
vt 0.60768 0.68193
vt 0.33778 0.73493
vt 0.33731 0.73
vt 0.08504 0.66585
vt 0.00585 0.79377
vt 0.76045 0.45275
vt 0.75854 0.45676
vt 0.00595 0.78915
vt 0.00528 0.63736
vt 0.82111 0.34984
vt 0.83899 0.34976
vt 0.67566 0.44495
vt 0.67567 0.76174
vt 0.02704 0.55118
vt 0.02289 0.55118
vt 0.8045 0.51424
vt 0.83962 0.51424
vt 0.61483 0.79696
vt 0.97277 0.31221
vt 0.97277 0.33461
vt 0.3436 0.78383
vt 0.09263 0.35893
vt 0.09263 0.35448
vt 0.8933 0.51811
vt 0.88795 0.51811
vt 0.37672 0.29448
vt 0.38409 0.29347
vt 0.37183 0.29504
vt 0.38715 0.29319
vt 0.67862 0.44769
vt 0.67863 0.76174
vt 0.02704 0.54823
vt 0.02289 0.54823
vt 0.75866 0.86976
vt 0.76329 0.86978
vt 0.99184 0.25496
vt 0.99184 0.24947
vt 0.34424 0.78871
vt 0.26514 0.56877
vt 0.95245 0.26306
vt 0.95376 0.26373
vt 0.94935 0.20994
vt 0.94935 0.21276
vt 0.9722 0.21277
vt 0.9722 0.20994
vt 0.33661 0.72259
vt 0.68157 0.44995
vt 0.68158 0.76174
vt 0.02704 0.54528
vt 0.02289 0.54528
vt 0.24064 0.57874
vt 0.25042 0.68706
vt 0.26324 0.57129
vt 0.95031 0.26832
vt 0.94919 0.26796
vt 0.94935 0.20166
vt 0.94935 0.20626
vt 0.9722 0.20627
vt 0.9722 0.20167
vt 0.91742 0.36992
vt 0.77631 0.23452
vt 0.7752 0.23448
vt 0.88795 0.99483
vt 0.8933 0.99483
vt 0.89328 0.77008
vt 0.88792 0.77009
vt 0.94935 0.2157
vt 0.9722 0.2157
vt 0.27416 0.3597
vt 0.27457 0.3652
vt 0.8933 0.50731
vt 0.88796 0.5073
vt 0.24006 0.57557
vt 0.88792 0.76798
vt 0.89328 0.76798
vt 0.3226 0.37513
vt 0.32101 0.35606
vt 0.95058 0.26535
vt 0.95181 0.26579
vt 0.86355 0.55718
vt 0.86549 0.55908
vt 0.86732 0.55628
vt 0.868 0.5601
vt 0.86864 0.55684
vt 0.90794 0.37753
vt 0.90937 0.37611
vt 0.91651 0.38327
vt 0.91508 0.38469
vt 0.91122 0.37535
vt 0.91324 0.37535
vt 0.91728 0.38142
vt 0.91509 0.37612
vt 0.91651 0.37755
vt 0.91728 0.3794
vt 0.95128 0.11209
vt 0.9498 0.11565
vt 0.954 0.10937
vt 0.9498 0.1195
vt 0.90807 0.53404
vt 0.94043 0.53404
vt 0.91472 0.88208
vt 0.91567 0.88487
vt 0.91985 0.88415
vt 0.91981 0.8812
vt 0.33363 0.16719
vt 0.33363 0.19955
vt 0.8707 0.56011
vt 0.87007 0.55683
vt 0.8732 0.55909
vt 0.8714 0.55631
vt 0.87514 0.5572
vt 0.87241 0.55529
vt 0.87623 0.55471
vt 0.87297 0.55397
vt 0.87629 0.55197
vt 0.87298 0.55254
vt 0.87529 0.5494
vt 0.87244 0.5512
vt 0.87337 0.5474
vt 0.87142 0.55018
vt 0.87079 0.5463
vt 0.87009 0.54963
vt 0.868 0.54629
vt 0.86865 0.54962
vt 0.86542 0.54736
vt 0.86733 0.55019
vt 0.86347 0.54934
vt 0.86632 0.5512
vt 0.86244 0.55191
vt 0.86577 0.55252
vt 0.86247 0.55466
vt 0.98913 0.95422
vt 0.98854 0.95444
vt 0.98849 0.95714
vt 0.98907 0.95739
vt 0.9897 0.9574
vt 0.99028 0.95718
vt 0.99074 0.95674
vt 0.991 0.95616
vt 0.99102 0.95552
vt 0.99078 0.95493
vt 0.99034 0.95448
vt 0.98976 0.95423
vt 0.95756 0.10789
vt 0.96141 0.1079
vt 0.95128 0.12305
vt 0.96496 0.10937
vt 0.96768 0.11209
vt 0.954 0.12577
vt 0.96916 0.11565
vt 0.96916 0.1195
vt 0.95755 0.12725
vt 0.96768 0.12305
vt 0.96496 0.12578
vt 0.9614 0.12725
vt 0.979 0.11028
vt 0.97611 0.10744
vt 0.97489 0.10367
vt 0.98266 0.11174
vt 0.97493 0.09989
vt 0.97646 0.09625
vt 0.98652 0.11169
vt 0.97942 0.09375
vt 0.98284 0.0924
vt 0.99003 0.11019
vt 0.98661 0.09239
vt 0.99019 0.09385
vt 0.99269 0.1075
vt 0.99302 0.09667
vt 0.92406 0.70202
vt 0.92493 0.70483
vt 0.91981 0.70557
vt 0.91985 0.70263
vt 0.90807 0.53829
vt 0.94043 0.53829
vt 0.92406 0.88476
vt 0.92493 0.88194
vt 0.33881 0.16718
vt 0.33881 0.19955
vt 0.91472 0.7047
vt 0.91566 0.70191
vt 0.90807 0.54254
vt 0.94043 0.54254
vt 0.92787 0.88663
vt 0.92957 0.88423
vt 0.34398 0.16718
vt 0.34398 0.19955
vt 0.32702 0.5945
vt 0.32838 0.5945
vt 0.32702 0.59607
vt 0.32838 0.59607
vt 0.32702 0.59764
vt 0.32838 0.59764
vt 0.32702 0.59921
vt 0.32838 0.59921
vt 0.32702 0.60078
vt 0.32838 0.60078
vt 0.32702 0.60235
vt 0.32838 0.60235
vt 0.32838 0.57721
vt 0.32703 0.57721
vt 0.32703 0.57878
vt 0.32838 0.57878
vt 0.32703 0.58035
vt 0.32838 0.58035
vt 0.32703 0.58192
vt 0.32838 0.58193
vt 0.32702 0.5835
vt 0.32838 0.5835
vt 0.67261 0.05351
vt 0.66814 0.04752
vt 0.67713 0.04291
vt 0.6797 0.04635
vt 0.32703 0.58507
vt 0.32838 0.58507
vt 0.32702 0.58664
vt 0.32838 0.58664
vt 0.32702 0.58821
vt 0.32838 0.58821
vt 0.32702 0.58978
vt 0.32838 0.58978
vt 0.43189 0.11453
vt 0.42916 0.11725
vt 0.80032 0.4547
vt 0.80093 0.45776
vt 0.8035 0.45669
vt 0.80177 0.4541
vt 0.44557 0.12822
vt 0.44704 0.12466
vt 0.80547 0.45472
vt 0.80288 0.45299
vt 0.80654 0.45215
vt 0.80348 0.45154
vt 0.42769 0.1208
vt 0.80654 0.44936
vt 0.80348 0.44997
vt 0.80547 0.44679
vt 0.80288 0.44852
vt 0.71351 0.03305
vt 0.71339 0.04051
vt 0.70346 0.03876
vt 0.70352 0.03444
vt 0.8035 0.44481
vt 0.80177 0.44741
vt 0.80093 0.44375
vt 0.80032 0.4468
vt 0.79814 0.44375
vt 0.79875 0.4468
vt 0.79556 0.44481
vt 0.7973 0.44741
vt 0.79359 0.44679
vt 0.79618 0.44852
vt 0.79253 0.44936
vt 0.79558 0.44997
vt 0.79253 0.45215
vt 0.79558 0.45154
vt 0.79359 0.45472
vt 0.79618 0.45299
vt 0.79556 0.45669
vt 0.7973 0.4541
vt 0.79814 0.45776
vt 0.79875 0.4547
vt 0.43544 0.11305
vt 0.42769 0.12465
vt 0.44284 0.13094
vt 0.44704 0.12081
vt 0.43929 0.11306
vt 0.44285 0.11453
vt 0.44557 0.11725
vt 0.81566 0.11272
vt 0.81283 0.11565
vt 0.80906 0.11692
vt 0.71093 0.04756
vt 0.70201 0.04283
vt 0.81707 0.10906
vt 0.80522 0.11691
vt 0.80146 0.11537
vt 0.66582 0.04038
vt 0.67584 0.03881
vt 0.81699 0.10521
vt 0.79886 0.11227
vt 0.79772 0.1087
vt 0.70644 0.05351
vt 0.69938 0.04629
vt 0.81548 0.10173
vt 0.79775 0.10497
vt 0.28373 0.34414
vt 0.28576 0.34413
vt 0.79929 0.1013
vt 0.81279 0.09912
vt 0.80233 0.09877
vt 0.2839 0.33404
vt 0.28211 0.33472
vt 0.28765 0.33483
vt 0.28584 0.33407
vt 0.28181 0.34336
vt 0.2898 0.34007
vt 0.28981 0.33808
vt 0.28031 0.34186
vt 0.91121 0.38546
vt 0.90936 0.38469
vt 0.90794 0.38326
vt 0.91014 0.88449
vt 0.91191 0.88685
vt 0.90363 0.77173
vt 0.92356 0.77173
vt 0.92356 0.77896
vt 0.90363 0.77897
vt 0.92786 0.70014
vt 0.92957 0.70254
vt 0.92356 0.78619
vt 0.90363 0.7862
vt 0.92356 0.79343
vt 0.90363 0.79343
vt 0.90363 0.72112
vt 0.92356 0.72112
vt 0.92356 0.72835
vt 0.90363 0.72835
vt 0.92356 0.73558
vt 0.90363 0.73558
vt 0.90425 0.89283
vt 0.90707 0.8937
vt 0.90894 0.88989
vt 0.90654 0.88819
vt 0.92356 0.74281
vt 0.90363 0.74281
vt 0.93327 0.69894
vt 0.93091 0.69717
vt 0.92356 0.75004
vt 0.90363 0.75004
vt 0.92356 0.75727
vt 0.90363 0.75727
vt 0.92356 0.7645
vt 0.90363 0.7645
vt 0.80583 0.09768
vt 0.80939 0.09773
vt 0.70034 0.05782
vt 0.69581 0.04879
vt 0.91609 0.29685
vt 0.9175 0.29542
vt 0.69323 0.06007
vt 0.69166 0.05009
vt 0.68577 0.06011
vt 0.68732 0.05015
vt 0.67866 0.05788
vt 0.68319 0.04888
vt 0.9142 0.29765
vt 0.27969 0.33987
vt 0.91827 0.29357
vt 0.91212 0.29766
vt 0.9101 0.29682
vt 0.91827 0.29159
vt 0.90874 0.29515
vt 0.90818 0.29325
vt 0.91752 0.28977
vt 0.90823 0.29129
vt 0.90907 0.28938
vt 0.91616 0.28838
vt 0.91069 0.28808
vt 0.91253 0.28755
vt 0.91014 0.70229
vt 0.9119 0.69993
vt 0.90807 0.54679
vt 0.94043 0.54678
vt 0.40565 0.67725
vt 0.40773 0.50768
vt 0.41027 0.6773
vt 0.41444 0.50781
vt 0.41489 0.67737
vt 0.42115 0.50801
vt 0.41951 0.67747
vt 0.42786 0.5083
vt 0.42412 0.6776
vt 0.43456 0.50867
vt 0.42872 0.67776
vt 0.44126 0.50912
vt 0.43332 0.67795
vt 0.44795 0.50966
vt 0.4379 0.67816
vt 0.45462 0.51028
vt 0.44247 0.6784
vt 0.46129 0.51098
vt 0.44703 0.67868
vt 0.46794 0.51177
vt 0.40096 0.99482
vt 0.40554 0.99482
vt 0.41012 0.99482
vt 0.4147 0.99482
vt 0.41928 0.99482
vt 0.42386 0.99482
vt 0.42845 0.99483
vt 0.43303 0.99483
vt 0.43761 0.99483
vt 0.44219 0.99484
vt 0.44677 0.99484
vt 0.36076 0.50915
vt 0.35407 0.50969
vt 0.36873 0.67794
vt 0.37332 0.67775
vt 0.38087 0.50802
vt 0.38715 0.67737
vt 0.39707 0.19938
vt 0.39707 0.16709
vt 0.4046 0.1671
vt 0.4046 0.19938
vt 0.40999 0.1671
vt 0.40998 0.19938
vt 0.41537 0.1671
vt 0.41537 0.19938
vt 0.42075 0.1671
vt 0.42075 0.19938
vt 0.42613 0.1671
vt 0.42613 0.19938
vt 0.43151 0.1671
vt 0.43151 0.19939
vt 0.02517 0.44802
vt 0.0301 0.44802
vt 0.0301 0.45261
vt 0.02517 0.45261
vt 0.0301 0.45719
vt 0.02517 0.45719
vt 0.0301 0.46178
vt 0.02517 0.46178
vt 0.0301 0.46637
vt 0.02517 0.46637
vt 0.0301 0.47096
vt 0.02517 0.47096
vt 0.0301 0.47554
vt 0.02517 0.47554
vt 0.0301 0.48013
vt 0.02517 0.48013
vt 0.0301 0.48472
vt 0.02517 0.48472
vt 0.0301 0.48931
vt 0.02518 0.4893
vt 0.93245 0.94098
vt 0.93449 0.93946
vt 0.90666 0.64695
vt 0.90873 0.64548
vt 0.93459 0.94504
vt 0.93699 0.94423
vt 0.90428 0.64212
vt 0.9067 0.64137
vt 0.93537 0.94956
vt 0.9379 0.94953
vt 0.9035 0.6368
vt 0.90604 0.63683
vt 0.93471 0.9541
vt 0.93713 0.95485
vt 0.90441 0.6315
vt 0.90682 0.63231
vt 0.93268 0.95822
vt 0.93475 0.95968
vt 0.90692 0.62673
vt 0.90895 0.62825
vt 0.79185 0.81409
vt 0.79184 0.58201
vt 0.78969 0.58201
vt 0.7897 0.81409
vt 0.79399 0.81409
vt 0.79399 0.58201
vt 0.79614 0.81409
vt 0.79614 0.58201
vt 0.79829 0.81409
vt 0.79829 0.58201
vt 0.80044 0.81409
vt 0.80044 0.58201
vt 0.91256 0.59473
vt 0.91712 0.60118
vt 0.91558 0.60268
vt 0.90925 0.59796
vt 0.93316 0.98852
vt 0.93109 0.98705
vt 0.92842 0.9898
vt 0.92994 0.99183
vt 0.9167 0.59269
vt 0.91905 0.60023
vt 0.92503 0.99158
vt 0.92584 0.99398
vt 0.93587 0.9798
vt 0.93333 0.97983
vt 0.93278 0.98362
vt 0.9352 0.98437
vt 0.9071 0.60205
vt 0.91458 0.60458
vt 0.91422 0.6067
vt 0.90632 0.6066
vt 0.90903 0.61531
vt 0.91548 0.61075
vt 0.91698 0.61229
vt 0.9309 0.97267
vt 0.93293 0.97115
vt 0.90699 0.61117
vt 0.91453 0.60883
vt 0.93268 0.97606
vt 0.93508 0.97524
vt 0.98131 0.13179
vt 0.98523 0.133
vt 0.98866 0.13538
vt 0.99121 0.13878
vt 0.99253 0.14281
vt 0.96735 0.139
vt 0.96979 0.13554
vt 0.97322 0.13306
vt 0.9772 0.13179
vt 0.44886 0.19939
vt 0.44886 0.1671
vt 0.45348 0.1671
vt 0.45348 0.19939
vt 0.4581 0.1671
vt 0.4581 0.19939
vt 0.46272 0.1671
vt 0.46272 0.19939
vt 0.7811 0.81409
vt 0.78109 0.58201
vt 0.78325 0.81409
vt 0.78324 0.58201
vt 0.7854 0.81409
vt 0.78539 0.58201
vt 0.78755 0.81409
vt 0.78754 0.58201
vt 0.44424 0.19939
vt 0.44424 0.1671
vt 0.43962 0.19939
vt 0.43963 0.1671
vt 0.43588 0.19939
vt 0.43588 0.1671
vt 0.46734 0.1671
vt 0.46734 0.19939
vt 0.47196 0.1671
vt 0.47196 0.19939
vt 0.0301 0.49389
vt 0.02518 0.49389
vt 0.7805 0.24347
vt 0.78179 0.24344
vt 0.78308 0.24347
vt 0.78431 0.24359
vt 0.78547 0.24375
vt 0.78655 0.24391
vt 0.78759 0.24406
vt 0.7886 0.2442
vt 0.77558 0.25055
vt 0.77661 0.25042
vt 0.77765 0.25025
vt 0.34073 0.51102
vt 0.33408 0.51181
vt 0.35502 0.67867
vt 0.35958 0.6784
vt 0.3474 0.51031
vt 0.36415 0.67816
vt 0.36746 0.50869
vt 0.37792 0.6776
vt 0.37416 0.50831
vt 0.38254 0.67747
vt 0.9144 0.28761
vt 0.61706 0.4413
vt 0.61707 0.4433
vt 0.61631 0.44517
vt 0.61629 0.43945
vt 0.67586 0.0345
vt 0.66583 0.03283
vt 0.66826 0.02567
vt 0.67731 0.03039
vt 0.61488 0.44661
vt 0.613 0.44741
vt 0.42916 0.12821
vt 0.61488 0.43804
vt 0.61091 0.44743
vt 0.43188 0.13093
vt 0.43929 0.13241
vt 0.6089 0.44659
vt 0.43544 0.13241
vt 0.70231 0.03032
vt 0.71139 0.02588
vt 0.61304 0.43727
vt 0.60755 0.44493
vt 0.607 0.44305
vt 0.61105 0.43727
vt 0.60707 0.44117
vt 0.60783 0.43939
vt 0.60923 0.43802
vt 0.63359 0.51388
vt 0.63507 0.51266
vt 0.63184 0.51457
vt 0.63605 0.51085
vt 0.62988 0.51457
vt 0.62799 0.5138
vt 0.6361 0.50878
vt 0.62648 0.51228
vt 0.69979 0.02682
vt 0.70706 0.01973
vt 0.62586 0.51025
vt 0.63547 0.50679
vt 0.62605 0.50829
vt 0.62686 0.50649
vt 0.63397 0.50529
vt 0.62836 0.50523
vt 0.69627 0.02431
vt 0.70096 0.01526
vt 0.63013 0.50453
vt 0.28905 0.33624
vt 0.63209 0.50453
vt 0.27973 0.3379
vt 0.22585 0.32957
vt 0.2259 0.32764
vt 0.22667 0.32583
vt 0.91322 0.38546
vt 0.90717 0.3814
vt 0.90717 0.37939
vt 0.28055 0.336
vt 0.90364 0.81512
vt 0.90364 0.80789
vt 0.92356 0.80789
vt 0.92356 0.81512
vt 0.90364 0.80066
vt 0.92356 0.80066
vt 0.90364 0.8585
vt 0.92356 0.8585
vt 0.92356 0.86573
vt 0.90364 0.86573
vt 0.90364 0.85127
vt 0.92356 0.85127
vt 0.90364 0.84404
vt 0.92356 0.84404
vt 0.90364 0.83681
vt 0.92356 0.83681
vt 0.90364 0.82958
vt 0.92356 0.82958
vt 0.90364 0.82235
vt 0.92356 0.82235
vt 0.22645 0.33153
vt 0.22809 0.32443
vt 0.22995 0.32367
vt 0.69211 0.023
vt 0.69375 0.01292
vt 0.68772 0.02304
vt 0.68617 0.01292
vt 0.22794 0.33303
vt 0.68351 0.02435
vt 0.67893 0.01519
vt 0.23199 0.32367
vt 0.67991 0.02687
vt 0.67274 0.01957
vt 0.23393 0.32449
vt 0.22983 0.33382
vt 0.23523 0.32607
vt 0.23592 0.32787
vt 0.23186 0.33381
vt 0.23589 0.32982
vt 0.23512 0.33164
vt 0.23371 0.33305
vt 0.28762 0.34335
vt 0.28904 0.34192
vt 0.77868 0.25005
vt 0.77972 0.24987
vt 0.78075 0.24973
vt 0.78178 0.24968
vt 0.78282 0.24974
vt 0.78385 0.24987
vt 0.78488 0.25006
vt 0.78591 0.25026
vt 0.78695 0.25044
vt 0.39637 0.99482
vt 0.39179 0.99482
vt 0.38721 0.99482
vt 0.38263 0.99482
vt 0.37805 0.99482
vt 0.37347 0.99483
vt 0.36889 0.99483
vt 0.3643 0.99483
vt 0.35972 0.99484
vt 0.35514 0.99484
vt 0.2702 0.19938
vt 0.2702 0.1671
vt 0.78798 0.25057
vt 0.26267 0.1671
vt 0.26267 0.19938
vt 0.25729 0.1671
vt 0.25729 0.19938
vt 0.25191 0.1671
vt 0.25191 0.19938
vt 0.24653 0.1671
vt 0.24653 0.19938
vt 0.24115 0.1671
vt 0.24115 0.19938
vt 0.0301 0.44343
vt 0.02517 0.44343
vt 0.0301 0.43884
vt 0.02517 0.43884
vt 0.03009 0.43426
vt 0.02517 0.43426
vt 0.91534 0.45393
vt 0.90806 0.45393
vt 0.90806 0.45883
vt 0.91534 0.45883
vt 0.91534 0.44903
vt 0.90806 0.44903
vt 0.91534 0.40007
vt 0.90807 0.40007
vt 0.91534 0.46372
vt 0.90806 0.46372
vt 0.90806 0.46862
vt 0.91534 0.46862
vt 0.91534 0.43435
vt 0.90806 0.43434
vt 0.91534 0.42945
vt 0.90807 0.42945
vt 0.91534 0.42455
vt 0.90807 0.42455
vt 0.91534 0.41966
vt 0.90807 0.41966
vt 0.91534 0.41476
vt 0.90807 0.41476
vt 0.77415 0.23447
vt 0.29176 0.12613
vt 0.1695 0.126
vt 0.16951 0.12314
vt 0.29176 0.12326
vt 0.29176 0.12899
vt 0.1695 0.12886
vt 0.29175 0.13185
vt 0.1695 0.13172
vt 0.29175 0.13471
vt 0.16949 0.13458
vt 0.29175 0.13758
vt 0.16949 0.13745
vt 0.29174 0.14044
vt 0.16949 0.14031
vt 0.29174 0.1433
vt 0.16948 0.14317
vt 0.29174 0.14616
vt 0.16948 0.14603
vt 0.29174 0.14902
vt 0.16948 0.14889
vt 0.29173 0.15189
vt 0.16947 0.15295
vt 0.29174 0.15475
vt 0.16948 0.15534
vt 0.29175 0.15761
vt 0.1695 0.1582
vt 0.29177 0.11468
vt 0.16951 0.11455
vt 0.16952 0.11169
vt 0.29177 0.11182
vt 0.29177 0.11754
vt 0.16951 0.11741
vt 0.29177 0.1204
vt 0.16951 0.12027
vt 0.33322 0.67195
vt 0.33322 0.66018
vt 0.34196 0.66018
vt 0.34196 0.67195
vt 0.8526 0.51098
vt 0.8526 0.51972
vt 0.85527 0.51972
vt 0.85527 0.51098
vt 0.85793 0.51098
vt 0.85793 0.51972
vt 0.87657 0.51972
vt 0.87657 0.51099
vt 0.87391 0.51099
vt 0.8739 0.51972
vt 0.86059 0.51098
vt 0.86059 0.51972
vt 0.86325 0.51972
vt 0.86325 0.51098
vt 0.34196 0.69904
vt 0.34196 0.7108
vt 0.33322 0.7108
vt 0.33322 0.69904
vt 0.86858 0.51099
vt 0.86592 0.51099
vt 0.86592 0.51972
vt 0.86858 0.51972
vt 0.33322 0.6897
vt 0.33322 0.68549
vt 0.34196 0.68549
vt 0.34196 0.6897
vt 0.87124 0.51099
vt 0.87124 0.51972
vt 0.84994 0.51098
vt 0.84994 0.51972
vt 0.33322 0.68128
vt 0.33322 0.67655
vt 0.34196 0.67655
vt 0.34196 0.68128
vt 0.33322 0.69443
vt 0.34196 0.69443
vt 0.95569 0.03914
vt 0.95546 0.04022
vt 0.95896 0.04134
vt 0.95933 0.04025
vt 0.95522 0.04135
vt 0.95854 0.0424
vt 0.95497 0.04253
vt 0.9581 0.04344
vt 0.95475 0.04382
vt 0.95771 0.04449
vt 0.95457 0.04521
vt 0.95745 0.04555
vt 0.95449 0.04666
vt 0.95737 0.04665
vt 0.95457 0.0481
vt 0.95745 0.04774
vt 0.95476 0.04949
vt 0.95772 0.04881
vt 0.95499 0.05077
vt 0.95811 0.04986
vt 0.95524 0.05196
vt 0.95856 0.0509
vt 0.95549 0.05308
vt 0.95899 0.05195
vt 0.95573 0.05417
vt 0.95936 0.05304
vt 0.95183 0.03864
vt 0.95175 0.03976
vt 0.95166 0.04092
vt 0.95159 0.04216
vt 0.95153 0.04354
vt 0.95149 0.04505
vt 0.95149 0.04666
vt 0.9515 0.04827
vt 0.95154 0.04979
vt 0.95161 0.05116
vt 0.95169 0.0524
vt 0.95178 0.05356
vt 0.95187 0.05468
vt 0.94825 0.03859
vt 0.94827 0.03972
vt 0.94831 0.04089
vt 0.94837 0.04214
vt 0.94845 0.04353
vt 0.94852 0.04505
vt 0.94857 0.04667
vt 0.94853 0.04829
vt 0.94846 0.04981
vt 0.94839 0.05119
vt 0.94834 0.05245
vt 0.94831 0.05362
vt 0.94829 0.05475
vt 0.94474 0.03878
vt 0.9448 0.04
vt 0.9449 0.04123
vt 0.94502 0.04251
vt 0.94516 0.04385
vt 0.94526 0.04524
vt 0.9453 0.04668
vt 0.94527 0.04812
vt 0.94517 0.04951
vt 0.94505 0.05084
vt 0.94493 0.05212
vt 0.94484 0.05336
vt 0.94478 0.05458
vt 0.91847 0.03877
vt 0.91841 0.03999
vt 0.91832 0.04124
vt 0.9182 0.04254
vt 0.91807 0.0439
vt 0.91797 0.0453
vt 0.91794 0.04675
vt 0.91798 0.04819
vt 0.91809 0.04959
vt 0.91822 0.05095
vt 0.91835 0.05225
vt 0.91844 0.0535
vt 0.91851 0.05471
vt 0.91466 0.03856
vt 0.91463 0.03968
vt 0.91459 0.04086
vt 0.91453 0.04215
vt 0.91447 0.04358
vt 0.91441 0.04514
vt 0.91439 0.04675
vt 0.91442 0.04837
vt 0.91449 0.04993
vt 0.91456 0.05136
vt 0.91462 0.05265
vt 0.91467 0.05383
vt 0.9147 0.05494
vt 0.9109 0.03863
vt 0.91093 0.03972
vt 0.91096 0.04086
vt 0.911 0.04211
vt 0.91104 0.04351
vt 0.91107 0.04508
vt 0.9111 0.04676
vt 0.91108 0.04844
vt 0.91106 0.05001
vt 0.91102 0.05142
vt 0.911 0.05267
vt 0.91097 0.05381
vt 0.91094 0.05489
vt 0.90753 0.03886
vt 0.90761 0.03992
vt 0.9077 0.04103
vt 0.90781 0.04225
vt 0.90793 0.04361
vt 0.90803 0.04514
vt 0.90809 0.04677
vt 0.90804 0.04841
vt 0.90794 0.04993
vt 0.90783 0.0513
vt 0.90773 0.05251
vt 0.90764 0.05362
vt 0.90757 0.05468
vt 0.90429 0.03917
vt 0.90436 0.04028
vt 0.90445 0.04142
vt 0.90457 0.04263
vt 0.90468 0.04392
vt 0.90478 0.04532
vt 0.90481 0.04678
vt 0.90478 0.04824
vt 0.9047 0.04963
vt 0.90459 0.05093
vt 0.90448 0.05214
vt 0.9044 0.05328
vt 0.90433 0.05439
vt 0.89744 0.03915
vt 0.89739 0.04026
vt 0.89732 0.04142
vt 0.89723 0.04265
vt 0.89714 0.04397
vt 0.89706 0.04536
vt 0.89703 0.0468
vt 0.89707 0.04824
vt 0.89715 0.04963
vt 0.89725 0.05095
vt 0.89735 0.05218
vt 0.89742 0.05334
vt 0.89748 0.05445
vt 0.89383 0.0389
vt 0.8938 0.03996
vt 0.89375 0.0411
vt 0.8937 0.04234
vt 0.89364 0.04372
vt 0.89359 0.04523
vt 0.89357 0.04681
vt 0.8936 0.04839
vt 0.89366 0.0499
vt 0.89373 0.05128
vt 0.89378 0.05252
vt 0.89383 0.05366
vt 0.89387 0.05472
vt 0.8902 0.03893
vt 0.89022 0.03998
vt 0.89025 0.04109
vt 0.89028 0.0423
vt 0.89032 0.04367
vt 0.89035 0.04519
vt 0.89038 0.04682
vt 0.89036 0.04845
vt 0.89034 0.04997
vt 0.89031 0.05133
vt 0.89028 0.05255
vt 0.89026 0.05366
vt 0.89024 0.05471
vt 0.8869 0.03911
vt 0.88697 0.04016
vt 0.88706 0.04126
vt 0.88717 0.04245
vt 0.8873 0.04378
vt 0.88741 0.04525
vt 0.88746 0.04683
vt 0.88741 0.0484
vt 0.88731 0.04987
vt 0.8872 0.0512
vt 0.88709 0.05239
vt 0.88701 0.05349
vt 0.88694 0.05454
vt 0.88367 0.03939
vt 0.88375 0.04053
vt 0.88386 0.04168
vt 0.884 0.04289
vt 0.88415 0.04415
vt 0.88426 0.04547
vt 0.8843 0.04683
vt 0.88427 0.0482
vt 0.88417 0.04952
vt 0.88403 0.05078
vt 0.88389 0.05199
vt 0.88378 0.05315
vt 0.88371 0.05428
vt 0.859 0.03942
vt 0.85895 0.04057
vt 0.85888 0.04174
vt 0.85877 0.04296
vt 0.85866 0.04423
vt 0.85857 0.04555
vt 0.85853 0.0469
vt 0.85857 0.04826
vt 0.85867 0.04958
vt 0.85879 0.05085
vt 0.8589 0.05206
vt 0.85899 0.05324
vt 0.85905 0.05438
vt 0.85541 0.03925
vt 0.8554 0.04029
vt 0.85537 0.04141
vt 0.85533 0.04262
vt 0.85528 0.04395
vt 0.85524 0.0454
vt 0.85522 0.04691
vt 0.85525 0.04842
vt 0.8553 0.04988
vt 0.85536 0.05121
vt 0.8554 0.05242
vt 0.85544 0.05353
vt 0.85546 0.05458
vt 0.85188 0.03936
vt 0.85193 0.04038
vt 0.85198 0.04145
vt 0.85204 0.04261
vt 0.85209 0.04392
vt 0.85214 0.04537
vt 0.85217 0.04692
vt 0.85215 0.04848
vt 0.85211 0.04993
vt 0.85206 0.05123
vt 0.85201 0.0524
vt 0.85197 0.05346
vt 0.85192 0.05448
vt 0.84871 0.03966
vt 0.84883 0.04065
vt 0.84895 0.04168
vt 0.84908 0.0428
vt 0.84923 0.04405
vt 0.84935 0.04544
vt 0.84941 0.04693
vt 0.84936 0.04842
vt 0.84924 0.04981
vt 0.84911 0.05106
vt 0.84898 0.05218
vt 0.84886 0.05321
vt 0.84875 0.0542
vt 0.84569 0.04012
vt 0.84583 0.04113
vt 0.84598 0.04217
vt 0.84615 0.04326
vt 0.84631 0.04441
vt 0.84643 0.04565
vt 0.84647 0.04694
vt 0.84643 0.04823
vt 0.84632 0.04946
vt 0.84617 0.05062
vt 0.84601 0.05171
vt 0.84587 0.05275
vt 0.84573 0.05376
vt 0.83931 0.04075
vt 0.83944 0.04178
vt 0.83962 0.04282
vt 0.83982 0.04385
vt 0.84001 0.04489
vt 0.84015 0.04592
vt 0.84021 0.04696
vt 0.84016 0.04799
vt 0.84003 0.04903
vt 0.83984 0.05006
vt 0.83965 0.0511
vt 0.83947 0.05214
vt 0.83935 0.05317
vt 0.34079 0.95597
vt 0.34079 0.94421
vt 0.33205 0.94421
vt 0.33205 0.95597
vt 0.24976 0.3828
vt 0.2585 0.38279
vt 0.2585 0.38013
vt 0.24976 0.38013
vt 0.24976 0.37747
vt 0.2585 0.37747
vt 0.2585 0.35883
vt 0.24976 0.35883
vt 0.24976 0.3615
vt 0.2585 0.36149
vt 0.24976 0.37481
vt 0.2585 0.37481
vt 0.2585 0.37214
vt 0.24976 0.37215
vt 0.33205 0.98307
vt 0.33205 0.99483
vt 0.34079 0.99483
vt 0.34079 0.98307
vt 0.24976 0.36682
vt 0.24976 0.36948
vt 0.2585 0.36948
vt 0.2585 0.36682
vt 0.34079 0.97373
vt 0.34079 0.96952
vt 0.33205 0.96952
vt 0.33205 0.97373
vt 0.24976 0.36416
vt 0.2585 0.36416
vt 0.24976 0.38546
vt 0.2585 0.38546
vt 0.34079 0.96531
vt 0.34079 0.96058
vt 0.33205 0.96058
vt 0.33205 0.96531
vt 0.34079 0.97846
vt 0.33205 0.97846
vt 0.77457 0.13416
vt 0.77565 0.1344
vt 0.77679 0.13089
vt 0.7757 0.13052
vt 0.77677 0.13465
vt 0.77785 0.13133
vt 0.77796 0.1349
vt 0.77889 0.13177
vt 0.77925 0.13513
vt 0.77993 0.13217
vt 0.78064 0.13532
vt 0.781 0.13244
vt 0.78209 0.13541
vt 0.7821 0.13252
vt 0.78353 0.13533
vt 0.78319 0.13245
vt 0.78492 0.13515
vt 0.78426 0.13218
vt 0.78621 0.13493
vt 0.78531 0.1318
vt 0.7874 0.13469
vt 0.78635 0.13136
vt 0.78852 0.13445
vt 0.78741 0.13094
vt 0.78961 0.13421
vt 0.7885 0.13057
vt 0.77405 0.13802
vt 0.77517 0.13811
vt 0.77633 0.1382
vt 0.77757 0.13828
vt 0.77895 0.13835
vt 0.78046 0.1384
vt 0.78207 0.13841
vt 0.78369 0.13841
vt 0.7852 0.13837
vt 0.78658 0.13832
vt 0.78782 0.13825
vt 0.78898 0.13816
vt 0.7901 0.13808
vt 0.77397 0.1416
vt 0.77511 0.14159
vt 0.77628 0.14156
vt 0.77753 0.14151
vt 0.77892 0.14143
vt 0.78044 0.14137
vt 0.78206 0.14133
vt 0.78368 0.14138
vt 0.78521 0.14146
vt 0.78659 0.14154
vt 0.78785 0.1416
vt 0.78902 0.14164
vt 0.79015 0.14166
vt 0.77414 0.14512
vt 0.77536 0.14506
vt 0.7766 0.14497
vt 0.77788 0.14485
vt 0.77922 0.14473
vt 0.78061 0.14463
vt 0.78205 0.1446
vt 0.78349 0.14464
vt 0.78489 0.14475
vt 0.78622 0.14488
vt 0.7875 0.14501
vt 0.78874 0.14511
vt 0.78996 0.14517
vt 0.77399 0.17141
vt 0.77521 0.17148
vt 0.77646 0.17158
vt 0.77776 0.1717
vt 0.77911 0.17184
vt 0.78052 0.17194
vt 0.78196 0.17199
vt 0.78341 0.17195
vt 0.78481 0.17185
vt 0.78617 0.17173
vt 0.78747 0.17161
vt 0.78872 0.17152
vt 0.78994 0.17146
vt 0.77376 0.17522
vt 0.77487 0.17526
vt 0.77606 0.1753
vt 0.77735 0.17537
vt 0.77877 0.17544
vt 0.78033 0.17551
vt 0.78195 0.17554
vt 0.78357 0.17552
vt 0.78513 0.17546
vt 0.78656 0.1754
vt 0.78785 0.17534
vt 0.78903 0.1753
vt 0.79015 0.17528
vt 0.7738 0.17899
vt 0.77489 0.17896
vt 0.77603 0.17893
vt 0.77728 0.1789
vt 0.77869 0.17887
vt 0.78026 0.17885
vt 0.78194 0.17883
vt 0.78362 0.17886
vt 0.78519 0.17889
vt 0.7866 0.17893
vt 0.78785 0.17897
vt 0.78899 0.179
vt 0.79008 0.17904
vt 0.77401 0.18236
vt 0.77507 0.18229
vt 0.77619 0.1822
vt 0.7774 0.1821
vt 0.77877 0.18199
vt 0.7803 0.18189
vt 0.78193 0.18184
vt 0.78357 0.1819
vt 0.78509 0.18201
vt 0.78646 0.18213
vt 0.78767 0.18224
vt 0.78879 0.18233
vt 0.78985 0.18241
vt 0.77431 0.1856
vt 0.77541 0.18554
vt 0.77656 0.18545
vt 0.77777 0.18534
vt 0.77907 0.18524
vt 0.78046 0.18515
vt 0.78192 0.18513
vt 0.78339 0.18516
vt 0.78478 0.18525
vt 0.78608 0.18537
vt 0.78729 0.18548
vt 0.78843 0.18557
vt 0.78953 0.18564
vt 0.77425 0.19246
vt 0.77536 0.19252
vt 0.77652 0.19259
vt 0.77775 0.19269
vt 0.77907 0.19279
vt 0.78046 0.19287
vt 0.7819 0.1929
vt 0.78334 0.19288
vt 0.78474 0.1928
vt 0.78605 0.19271
vt 0.78728 0.19262
vt 0.78844 0.19255
vt 0.78955 0.1925
vt 0.77398 0.19606
vt 0.77505 0.1961
vt 0.77618 0.19615
vt 0.77742 0.19621
vt 0.7788 0.19628
vt 0.78031 0.19634
vt 0.78189 0.19637
vt 0.78347 0.19634
vt 0.78498 0.19629
vt 0.78636 0.19624
vt 0.7876 0.19618
vt 0.78874 0.19614
vt 0.7898 0.1961
vt 0.77399 0.1997
vt 0.77505 0.19968
vt 0.77616 0.19966
vt 0.77737 0.19963
vt 0.77873 0.1996
vt 0.78026 0.19958
vt 0.78188 0.19956
vt 0.78351 0.19958
vt 0.78504 0.19962
vt 0.7864 0.19965
vt 0.78761 0.19969
vt 0.78872 0.19971
vt 0.78977 0.19974
vt 0.77417 0.203
vt 0.77521 0.20293
vt 0.77631 0.20285
vt 0.7775 0.20274
vt 0.77883 0.20262
vt 0.7803 0.20252
vt 0.78188 0.20247
vt 0.78345 0.20253
vt 0.78492 0.20264
vt 0.78625 0.20276
vt 0.78744 0.20287
vt 0.78854 0.20296
vt 0.78959 0.20303
vt 0.77443 0.20623
vt 0.77556 0.20615
vt 0.77672 0.20605
vt 0.77792 0.20591
vt 0.77918 0.20577
vt 0.7805 0.20566
vt 0.78187 0.20563
vt 0.78324 0.20567
vt 0.78456 0.20578
vt 0.78582 0.20593
vt 0.78702 0.20607
vt 0.78818 0.20618
vt 0.78931 0.20626
vt 0.77434 0.23088
vt 0.77549 0.23093
vt 0.77666 0.23102
vt 0.77788 0.23113
vt 0.77915 0.23125
vt 0.78047 0.23134
vt 0.78182 0.23138
vt 0.78317 0.23135
vt 0.78449 0.23126
vt 0.78576 0.23115
vt 0.78697 0.23104
vt 0.78815 0.23096
vt 0.78929 0.23091
vt 0.87464 0.97771
vt 0.83289 0.97772
vt 0.84155 0.93414
vt 0.87463 0.93415
vt 0.87463 0.92375
vt 0.83289 0.92374
vt 0.87463 0.96731
vt 0.84155 0.96732
vt 0.84155 0.96487
vt 0.87463 0.96486
vt 0.87463 0.9366
vt 0.84154 0.93659
vt 0.87463 0.9559
vt 0.83287 0.9559
vt 0.84094 0.964
vt 0.87463 0.964
vt 0.87463 0.94554
vt 0.87463 0.93746
vt 0.84094 0.93745
vt 0.83287 0.94555
vt 0.7054 0.9054
vt 0.71131 0.9054
vt 0.71131 0.90261
vt 0.7054 0.90261
vt 0.86275 0.55773
vt 0.86152 0.55487
vt 0.7054 0.90819
vt 0.71131 0.90818
vt 0.86497 0.55989
vt 0.7054 0.91097
vt 0.71131 0.91097
vt 0.86782 0.56104
vt 0.70541 0.91376
vt 0.71131 0.91376
vt 0.87088 0.56104
vt 0.70541 0.91655
vt 0.71131 0.91655
vt 0.87371 0.5599
vt 0.70541 0.91933
vt 0.71131 0.91933
vt 0.87593 0.55776
vt 0.70541 0.92212
vt 0.71131 0.92212
vt 0.87718 0.55492
vt 0.70541 0.92491
vt 0.71131 0.92491
vt 0.87725 0.55181
vt 0.70541 0.9277
vt 0.71132 0.92769
vt 0.87612 0.54888
vt 0.70539 0.88589
vt 0.7113 0.88588
vt 0.7113 0.8831
vt 0.70539 0.8831
vt 0.87394 0.54659
vt 0.7054 0.88867
vt 0.7113 0.88867
vt 0.871 0.54531
vt 0.7054 0.89146
vt 0.7113 0.89146
vt 0.86779 0.54531
vt 0.7054 0.89425
vt 0.7113 0.89425
vt 0.86486 0.54655
vt 0.7054 0.89704
vt 0.7113 0.89703
vt 0.86265 0.54881
vt 0.7054 0.89982
vt 0.71131 0.89982
vt 0.86148 0.55174
vt 0.3353 0.6291
vt 0.32983 0.6291
vt 0.32983 0.63107
vt 0.3353 0.63107
vt 0.24004 0.2948
vt 0.24149 0.29335
vt 0.3353 0.62713
vt 0.32983 0.62713
vt 0.23927 0.29669
vt 0.3353 0.62515
vt 0.32983 0.62515
vt 0.23928 0.29872
vt 0.3353 0.62318
vt 0.32983 0.62318
vt 0.24007 0.30062
vt 0.3353 0.62121
vt 0.32982 0.62121
vt 0.24152 0.30205
vt 0.3353 0.61923
vt 0.32982 0.61923
vt 0.24339 0.30282
vt 0.3353 0.61726
vt 0.32982 0.61726
vt 0.24543 0.30283
vt 0.3353 0.64686
vt 0.32983 0.64686
vt 0.32983 0.64883
vt 0.3353 0.64883
vt 0.24732 0.30205
vt 0.3353 0.64489
vt 0.32983 0.64489
vt 0.24877 0.30061
vt 0.3353 0.64291
vt 0.32983 0.64291
vt 0.24956 0.29872
vt 0.3353 0.64094
vt 0.32983 0.64094
vt 0.24956 0.29665
vt 0.3353 0.63897
vt 0.32983 0.63897
vt 0.24876 0.29476
vt 0.3353 0.63699
vt 0.32983 0.63699
vt 0.2473 0.29331
vt 0.3353 0.63502
vt 0.32983 0.63502
vt 0.24539 0.29255
vt 0.3353 0.63305
vt 0.32983 0.63305
vt 0.24336 0.29257
vt 0.02523 0.58897
vt 0.02523 0.58777
vt 0.02186 0.58777
vt 0.02186 0.58897
vt 0.02523 0.61269
vt 0.02523 0.59931
vt 0.02186 0.59931
vt 0.02186 0.61269
vt 0.9651 0.66395
vt 0.9651 0.66464
vt 0.96847 0.66464
vt 0.96847 0.66395
vt 0.96847 0.65772
vt 0.96847 0.65702
vt 0.9651 0.65702
vt 0.9651 0.65772
vt 0.9651 0.66187
vt 0.96847 0.66187
vt 0.96847 0.66118
vt 0.9651 0.66118
vt 0.9651 0.66603
vt 0.96847 0.66603
vt 0.96847 0.66534
vt 0.9651 0.66534
vt 0.9651 0.6598
vt 0.96847 0.6598
vt 0.96847 0.6591
vt 0.9651 0.6591
vt 0.9651 0.66257
vt 0.96847 0.66257
vt 0.9651 0.66672
vt 0.96847 0.66672
vt 0.9651 0.66949
vt 0.96847 0.66949
vt 0.96847 0.6688
vt 0.9651 0.6688
vt 0.02185 0.56964
vt 0.02186 0.58302
vt 0.02523 0.58302
vt 0.02523 0.56964
vt 0.02523 0.58654
vt 0.02186 0.58654
vt 0.9651 0.65633
vt 0.96847 0.65633
vt 0.96847 0.65564
vt 0.9651 0.65564
vt 0.9651 0.66741
vt 0.96847 0.66741
vt 0.9651 0.66049
vt 0.96847 0.66049
vt 0.96847 0.66326
vt 0.9651 0.66326
vt 0.96847 0.66811
vt 0.9651 0.66811
vt 0.02523 0.5901
vt 0.02186 0.5901
vt 0.02523 0.59223
vt 0.02523 0.59117
vt 0.02186 0.59117
vt 0.02186 0.59223
vt 0.02523 0.59337
vt 0.02186 0.59337
vt 0.02523 0.59456
vt 0.02186 0.59456
vt 0.02523 0.59579
vt 0.02186 0.59579
vt 0.02523 0.58532
vt 0.02186 0.58532
vt 0.02523 0.59701
vt 0.02186 0.59701
vt 0.02523 0.59819
vt 0.02186 0.59819
vt 0.02523 0.58414
vt 0.02186 0.58414
vt 0.96847 0.65841
vt 0.9651 0.65841
vt 0.26507 0.70303
vt 0.48698 0.40416
vt 0.47884 0.40416
vt 0.47884 0.42677
vt 0.48698 0.42677
vt 0.48698 0.34911
vt 0.47884 0.34911
vt 0.06353 0.63025
vt 0.0652 0.63281
vt 0.06361 0.62801
vt 0.26488 0.70523
vt 0.08488 0.63323
usemtl mat0
f 1/1/1 2/2/1 3/3/1
f 4/4/2 5/5/3 6/6/4
f 7/7/5 8/8/6 9/9/7
f 7/7/5 10/10/8 8/8/6
f 7/7/5 11/11/9 10/10/8
f 7/7/5 12/12/10 11/11/9
f 7/7/5 13/13/11 12/12/10
f 7/7/5 14/14/12 13/13/11
f 7/7/5 15/15/13 14/14/12
f 7/7/5 16/16/14 15/15/13
f 7/7/5 17/17/15 16/16/14
f 7/7/5 18/18/16 17/17/15
f 7/7/5 19/19/17 18/18/16
f 7/7/5 20/20/18 19/19/17
f 7/7/5 21/21/19 20/20/18
f 7/7/5 22/22/20 21/21/19
f 23/23/21 24/24/22 25/25/23
f 26/26/24 27/27/25 28/28/26
f 29/29/27 30/30/28 31/31/29
f 32/32/30 33/33/31 34/34/32
f 35/35/33 36/36/34 37/37/31
f 38/38/35 39/39/36 40/40/37
f 41/41/38 42/42/39 43/43/40
f 43/43/40 44/44/41 45/45/42
f 46/46/43 47/47/44 48/48/45
f 48/48/45 38/38/35 46/46/43
f 42/42/39 44/44/41 43/43/40
f 44/44/41 37/37/31 45/45/42
f 47/47/44 49/49/46 48/48/45
f 38/38/35 40/40/37 46/46/43
f 44/44/41 50/50/47 51/51/48
f 50/50/47 52/52/49 53/53/50
f 54/54/51 55/55/52 50/50/47
f 56/56/53 57/57/54 44/44/41
f 57/57/54 58/58/55 44/44/41
f 59/59/56 60/60/56 61/61/56
f 62/62/57 63/63/58 64/64/59
f 32/32/30 34/34/32 65/65/60
f 66/66/56 67/67/56 68/68/56
f 44/44/41 58/58/55 37/37/31
f 50/50/47 55/55/52 51/51/48
f 52/52/49 69/69/61 53/53/50
f 60/60/56 31/31/56 70/70/56
f 58/58/55 71/71/62 37/37/31
f 59/59/56 72/72/56 73/73/56
f 72/72/56 74/74/56 73/73/56
f 65/65/56 75/75/63 32/32/64
f 51/51/48 56/56/53 44/44/41
f 76/76/65 77/77/65 78/78/65
f 79/79/65 80/80/65 78/78/65
f 81/81/66 82/82/67 83/83/68
f 82/82/67 84/84/69 83/83/68
f 85/85/69 86/86/70 87/87/68
f 88/88/71 63/63/58 89/89/72
f 31/31/29 90/90/73 29/29/27
f 64/64/59 63/63/58 91/91/74
f 63/63/58 92/92/75 91/91/74
f 93/93/76 92/92/75 63/63/58
f 62/62/57 89/89/72 63/63/58
f 53/53/50 54/54/51 50/50/47
f 94/94/77 95/95/78 81/81/66
f 96/96/65 97/97/65 78/78/65
f 77/77/65 96/96/65 78/78/65
f 95/95/78 82/82/67 81/81/66
f 98/98/79 99/99/65 100/100/65
f 101/101/65 102/102/65 103/103/65
f 104/104/65 105/105/80 106/106/79
f 107/107/81 108/108/82 109/109/83
f 110/110/84 111/111/85 112/112/83
f 108/108/82 105/105/84 109/109/83
f 111/111/85 113/113/86 112/112/83
f 114/114/87 38/38/35 115/115/88
f 116/116/89 114/114/87 117/117/90
f 118/118/91 119/119/92 114/114/87
f 120/120/93 121/121/94 38/38/35
f 122/122/95 120/120/93 38/38/35
f 123/123/56 66/66/56 124/124/56
f 125/125/96 126/126/97 127/127/98
f 68/68/56 67/67/56 31/31/56
f 28/28/26 128/128/45 26/26/24
f 124/124/56 66/66/56 68/68/56
f 122/122/95 38/38/35 48/48/45
f 118/118/91 114/114/87 115/115/88
f 129/129/99 116/116/89 117/117/90
f 72/72/56 59/59/56 61/61/56
f 130/130/56 123/123/56 124/124/56
f 131/131/100 122/122/95 48/48/45
f 130/130/56 132/132/56 123/123/56
f 132/132/56 130/130/56 133/133/56
f 134/134/56 132/132/56 133/133/56
f 135/135/63 27/27/56 26/26/64
f 121/121/94 115/115/88 38/38/35
f 136/136/65 101/101/65 103/103/65
f 102/102/65 137/137/65 103/103/65
f 138/138/101 139/139/102 140/140/103
f 85/85/80 99/99/65 98/98/79
f 80/80/65 76/76/65 78/78/65
f 125/125/96 141/141/104 142/142/105
f 25/25/23 68/68/106 23/23/21
f 125/125/96 127/127/98 143/143/107
f 144/144/108 125/125/96 143/143/107
f 144/144/108 145/145/109 125/125/96
f 142/142/105 126/126/97 125/125/96
f 119/119/92 117/117/90 114/114/87
f 146/146/110 147/147/111 113/113/86
f 148/148/65 149/149/65 103/103/65
f 149/149/65 136/136/65 103/103/65
f 111/111/85 146/146/110 113/113/86
f 104/104/65 106/106/79 150/150/65
f 86/86/70 151/151/112 87/87/68
f 60/60/56 90/90/56 31/31/56
f 61/61/56 60/60/56 70/70/56
f 68/68/56 25/25/56 124/124/56
f 67/67/56 70/70/56 31/31/56
f 36/36/34 45/45/42 37/37/31
f 39/39/36 152/152/113 40/40/37
f 153/153/114 154/154/115 155/155/116
f 156/156/117 157/157/118 158/158/119
f 159/159/115 160/160/115 161/161/115
f 159/159/115 162/162/115 153/153/114
f 163/163/119 164/164/119 165/165/119
f 166/166/119 167/167/119 156/156/117
f 160/160/115 168/168/115 161/161/115
f 159/159/115 161/161/115 162/162/115
f 162/162/115 169/169/115 153/153/114
f 153/153/114 169/169/115 154/154/115
f 166/166/119 156/156/117 158/158/119
f 167/167/119 165/165/119 170/170/119
f 164/164/119 170/170/119 165/165/119
f 167/167/119 170/170/119 156/156/117
f 171/171/56 172/172/56 173/173/56
f 174/174/56 175/175/56 176/176/56
f 177/177/56 178/178/56 179/179/56
f 171/171/56 174/174/56 172/172/56
f 180/180/56 181/181/56 182/182/56
f 180/180/56 173/173/56 181/181/56
f 172/172/56 181/181/56 173/173/56
f 175/175/56 179/179/56 176/176/56
f 175/175/56 177/177/56 179/179/56
f 178/178/56 183/183/56 184/184/56
f 178/178/56 184/184/56 179/179/56
f 179/179/56 185/185/56 176/176/56
f 174/174/56 176/176/56 172/172/56
f 172/172/56 186/186/56 181/181/56
f 181/181/56 187/187/56 182/182/56
f 188/188/56 187/187/56 189/189/56
f 190/190/120 191/191/121 192/192/122
f 191/191/121 193/193/121 192/192/122
f 5/5/3 194/194/123 195/195/124
f 4/4/2 194/194/123 5/5/3
f 194/194/123 196/196/123 195/195/124
f 197/197/125 198/198/126 199/199/127
f 200/200/128 201/201/129 202/202/130
f 203/203/56 204/204/56 205/205/56
f 205/205/56 206/206/56 207/207/56
f 207/207/56 208/208/56 209/209/56
f 210/210/56 209/209/56 211/211/56
f 212/212/56 210/210/56 213/213/56
f 214/214/56 212/212/56 215/215/56
f 216/216/56 217/217/56 218/218/56
f 218/218/56 219/219/56 220/220/56
f 220/220/56 221/221/56 222/222/56
f 222/222/56 223/223/56 224/224/56
f 224/224/56 225/225/56 226/226/56
f 227/227/56 226/226/56 228/228/56
f 229/229/56 227/227/56 230/230/56
f 231/231/65 232/232/65 233/233/65
f 233/233/65 234/234/65 235/235/65
f 235/235/65 236/236/65 237/237/65
f 237/237/65 238/238/65 239/239/65
f 240/240/65 239/239/65 241/241/65
f 242/242/65 240/240/65 243/243/65
f 244/244/65 242/242/65 245/245/65
f 246/246/131 247/247/132 248/248/133
f 249/249/134 250/250/135 251/251/136
f 252/252/137 253/253/138 254/254/139
f 255/255/140 256/256/141 257/257/142
f 258/258/143 259/259/144 260/260/145
f 261/261/56 204/204/56 203/203/56
f 204/204/56 206/206/56 205/205/56
f 206/206/56 208/208/56 207/207/56
f 208/208/56 262/262/56 209/209/56
f 209/209/56 262/262/56 211/211/56
f 210/210/56 211/211/56 213/213/56
f 212/212/56 213/213/56 215/215/56
f 217/217/56 219/219/56 218/218/56
f 219/219/56 221/221/56 220/220/56
f 221/221/56 223/223/56 222/222/56
f 223/223/56 225/225/56 224/224/56
f 225/225/56 263/263/56 226/226/56
f 226/226/56 263/263/56 228/228/56
f 227/227/56 228/228/56 230/230/56
f 232/232/65 234/234/65 233/233/65
f 234/234/65 236/236/65 235/235/65
f 236/236/65 238/238/65 237/237/65
f 238/238/65 264/264/65 239/239/65
f 239/239/65 264/264/65 241/241/65
f 240/240/65 241/241/65 243/243/65
f 242/242/65 243/243/65 245/245/65
f 265/265/146 266/266/147 267/267/148
f 265/265/146 268/268/149 266/266/147
f 268/268/149 269/269/150 266/266/147
f 269/269/150 270/270/151 266/266/147
f 253/253/138 271/271/152 272/272/153
f 253/253/138 252/252/137 271/271/152
f 252/252/137 248/248/133 271/271/152
f 247/247/132 271/271/152 248/248/133
f 250/250/135 246/246/131 251/251/136
f 253/253/138 273/273/139 254/254/139
f 272/272/153 274/274/154 275/275/155
f 270/270/151 269/269/150 276/276/156
f 256/256/141 277/277/142 257/257/142
f 259/259/144 278/278/157 260/260/145
f 279/279/158 280/280/159 281/281/160
f 282/282/161 283/283/162 284/284/163
f 285/285/164 286/286/165 287/287/166
f 288/288/167 289/289/168 290/290/169
f 291/291/170 292/292/171 293/293/172
f 294/294/173 295/295/174 281/281/160
f 296/296/175 297/297/176 290/290/169
f 298/298/177 299/299/178 300/300/179
f 296/296/175 301/301/180 297/297/176
f 295/295/174 294/294/173 302/302/181
f 292/292/171 303/303/182 293/293/172
f 295/295/174 279/279/158 281/281/160
f 304/304/183 282/282/161 284/284/163
f 305/305/184 285/285/164 287/287/166
f 297/297/176 288/288/167 290/290/169
f 299/299/178 306/306/185 300/300/179
f 297/297/176 307/307/186 305/305/184
f 296/296/175 308/308/175 301/301/180
f 308/308/175 306/306/185 301/301/180
f 301/301/180 307/307/186 297/297/176
f 295/295/174 302/302/181 304/304/183
f 294/294/173 309/309/187 310/310/188
f 309/309/187 303/303/182 310/310/188
f 294/294/173 310/310/188 302/302/181
f 215/215/56 311/311/56 214/214/56
f 230/230/56 312/312/56 229/229/56
f 245/245/65 313/313/65 244/244/65
f 273/273/139 314/314/189 254/254/139
f 274/274/154 315/315/190 275/275/155
f 270/270/151 276/276/156 316/316/191
f 268/268/149 265/265/146 277/277/142
f 317/317/56 261/261/56 203/203/56
f 266/266/147 318/318/192 267/267/148
f 319/319/123 320/320/123 321/321/123
f 322/322/123 323/323/123 324/324/123
f 321/321/193 320/320/194 325/325/193
f 326/326/193 324/324/195 323/323/193
f 327/327/196 328/328/197 312/312/196
f 216/216/197 322/322/197 329/329/197
f 330/330/56 331/331/56 332/332/56
f 333/333/198 334/334/199 335/335/200
f 332/332/56 331/331/56 336/336/56
f 337/337/65 338/338/65 339/339/65
f 336/336/56 331/331/56 340/340/56
f 341/341/201 342/342/202 343/343/203
f 340/340/56 331/331/56 344/344/56
f 345/345/65 337/337/65 346/346/65
f 347/347/204 341/341/201 348/348/205
f 344/344/56 331/331/56 349/349/56
f 350/350/65 326/326/65 351/351/65
f 349/349/56 331/331/56 352/352/56
f 351/351/65 345/345/65 350/350/65
f 353/353/206 354/354/207 355/355/208
f 355/355/208 356/356/209 357/357/210
f 352/352/56 331/331/56 358/358/56
f 359/359/211 356/356/209 355/355/208
f 358/358/56 331/331/56 360/360/56
f 361/361/212 362/362/213 363/363/214
f 360/360/56 331/331/56 364/364/56
f 364/364/56 331/331/56 365/365/56
f 362/362/213 366/366/215 363/363/214
f 367/367/65 368/368/65 338/338/65
f 365/365/56 331/331/56 369/369/56
f 370/370/216 371/371/217 372/372/218
f 373/373/219 374/374/220 370/370/216
f 369/369/56 331/331/56 375/375/56
f 376/376/221 374/374/220 373/373/219
f 375/375/56 331/331/56 377/377/56
f 378/378/222 379/379/223 380/380/224
f 377/377/56 331/331/56 381/381/56
f 379/379/223 382/382/225 383/383/226
f 381/381/56 331/331/56 384/384/56
f 384/384/56 331/331/56 330/330/56
f 385/385/227 386/386/228 387/387/229
f 293/293/172 303/303/182 309/309/187
f 280/280/159 388/388/230 281/281/160
f 283/283/162 389/389/230 284/284/163
f 286/286/165 390/390/231 287/287/166
f 289/289/168 391/391/177 290/290/169
f 300/300/179 306/306/185 308/308/175
f 307/307/186 285/285/164 305/305/184
f 302/302/181 282/282/161 304/304/183
f 311/311/56 392/392/56 214/214/56
f 312/312/56 328/328/56 229/229/56
f 313/313/65 393/393/65 244/244/65
f 318/318/192 278/278/157 267/267/148
f 271/271/152 274/274/154 272/272/153
f 251/251/136 246/246/131 248/248/133
f 314/314/189 394/394/232 254/254/139
f 315/315/190 395/395/232 275/275/155
f 276/276/156 396/396/140 316/316/191
f 265/265/146 257/257/142 277/277/142
f 259/259/144 267/267/148 278/278/157
f 7/7/5 397/397/233 22/22/20
f 7/7/5 9/9/7 397/397/233
f 193/193/121 398/398/234 192/192/122
f 399/399/3 400/400/124 401/401/235
f 402/402/236 403/403/237 404/404/238
f 405/405/239 406/406/65 407/407/240
f 408/408/65 409/409/65 367/367/65
f 326/326/65 410/410/65 351/351/65
f 411/411/65 325/325/65 412/412/65
f 343/343/203 342/342/202 413/413/241
f 414/414/242 383/383/226 382/382/225
f 412/412/65 415/415/65 408/408/65
f 402/402/236 404/404/238 405/405/239
f 407/407/240 402/402/236 405/405/239
f 362/362/213 416/416/243 366/366/215
f 417/417/244 418/418/245 419/419/246
f 417/417/244 420/420/247 418/418/245
f 417/417/244 419/419/246 421/421/248
f 157/157/118 422/422/119 158/158/119
f 154/154/115 423/423/115 155/155/116
f 182/182/56 187/187/56 188/188/56
f 424/424/56 425/425/56 426/426/56
f 427/427/65 428/428/65 429/429/65
f 430/430/56 431/431/56 432/432/56
f 430/430/56 432/432/56 433/433/56
f 434/434/56 435/435/56 436/436/56
f 436/436/56 437/437/56 438/438/56
f 438/438/56 439/439/56 440/440/56
f 440/440/56 441/441/56 442/442/56
f 442/442/56 443/443/56 444/444/56
f 444/444/56 445/445/56 446/446/56
f 446/446/56 447/447/56 448/448/56
f 449/449/56 448/448/56 450/450/56
f 451/451/56 449/449/56 452/452/56
f 453/453/56 451/451/56 454/454/56
f 455/455/56 453/453/56 456/456/56
f 457/457/65 458/458/65 459/459/65
f 460/460/249 172/172/250 461/461/251
f 462/462/56 455/455/56 463/463/56
f 464/464/56 462/462/56 465/465/56
f 458/458/65 466/466/65 467/467/65
f 176/176/252 468/468/253 461/461/251
f 469/469/56 189/189/56 470/470/56
f 471/471/115 472/472/115 473/473/115
f 187/187/56 470/470/56 189/189/56
f 474/474/119 475/475/119 476/476/119
f 477/477/56 464/464/56 478/478/56
f 479/479/65 480/480/65 481/481/65
f 479/479/65 481/481/65 482/482/65
f 483/483/65 484/484/65 485/485/65
f 472/472/115 486/486/115 473/473/115
f 485/485/65 487/487/65 488/488/65
f 488/488/65 489/489/65 490/490/65
f 490/490/65 491/491/65 492/492/65
f 492/492/65 493/493/65 494/494/65
f 458/458/65 495/495/65 496/496/65
f 497/497/254 498/498/255 499/499/256
f 500/500/257 501/501/258 502/502/259
f 501/501/258 503/503/260 502/502/259
f 504/504/65 505/505/65 506/506/65
f 507/507/65 508/508/65 509/509/65
f 510/510/65 511/511/65 457/457/65
f 512/512/65 510/510/65 457/457/65
f 513/513/65 512/512/65 457/457/65
f 514/514/65 513/513/65 457/457/65
f 515/515/56 516/516/56 517/517/56
f 458/458/65 518/518/65 519/519/65
f 518/518/65 458/458/65 496/496/65
f 499/499/256 520/520/261 497/497/254
f 521/521/65 522/522/65 458/458/65
f 522/522/65 495/495/65 458/458/65
f 519/519/65 523/523/65 458/458/65
f 524/524/262 525/525/263 520/520/261
f 526/526/264 527/527/265 528/528/266
f 529/529/65 530/530/65 531/531/65
f 532/532/267 533/533/268 534/534/269
f 535/535/270 532/532/267 534/534/269
f 536/536/271 535/535/270 534/534/269
f 537/537/272 536/536/271 534/534/269
f 538/538/273 537/537/272 534/534/269
f 538/538/273 534/534/269 539/539/274
f 540/540/275 541/541/119 542/542/119
f 540/540/275 543/543/119 541/541/119
f 540/540/275 544/544/119 543/543/119
f 545/545/276 544/544/119 540/540/275
f 546/546/277 547/547/278 545/545/276
f 546/546/277 548/548/279 547/547/278
f 546/546/277 549/549/280 548/548/279
f 546/546/277 550/550/281 549/549/280
f 551/551/282 550/550/281 546/546/277
f 3/3/283 552/552/284 534/534/269
f 539/539/274 534/534/269 540/540/275
f 553/553/119 3/3/283 533/533/268
f 3/3/283 554/554/119 551/551/282
f 555/555/285 399/399/3 401/401/235
f 190/190/120 556/556/115 557/557/115
f 558/558/115 559/559/115 560/560/115
f 546/546/277 3/3/283 551/551/282
f 561/561/115 558/558/115 560/560/115
f 546/546/277 545/545/276 540/540/275
f 561/561/115 560/560/115 562/562/115
f 553/553/119 563/563/119 3/3/283
f 3/3/283 534/534/269 533/533/268
f 564/564/56 565/565/56 566/566/56
f 567/567/56 568/568/56 569/569/56
f 570/570/119 571/571/119 572/572/119
f 567/567/56 569/569/56 573/573/56
f 563/563/119 554/554/119 3/3/283
f 574/574/286 575/575/287 576/576/56
f 577/577/65 578/578/65 579/579/65
f 580/580/1 581/581/1 546/546/1
f 582/582/65 577/577/65 583/583/65
f 567/567/56 584/584/56 585/585/56
f 586/586/288 587/587/289 588/588/288
f 588/588/290 587/587/291 589/589/290
f 589/589/292 587/587/293 590/590/292
f 591/591/294 592/592/295 593/593/296
f 363/363/214 594/594/56 361/361/212
f 361/361/212 595/595/297 596/596/298
f 597/597/299 598/598/300 599/599/301
f 590/590/302 587/587/303 600/600/302
f 567/567/56 585/585/56 601/601/56
f 403/403/237 402/402/236 599/599/301
f 567/567/56 601/601/56 602/602/56
f 599/599/301 603/603/65 403/403/237
f 567/567/56 602/602/56 604/604/56
f 416/416/243 362/362/213 593/593/296
f 567/567/56 604/604/56 605/605/56
f 606/606/304 407/407/240 607/607/305
f 608/608/306 609/609/307 574/574/286
f 610/610/65 611/611/65 531/531/65
f 531/531/65 612/612/65 610/610/65
f 613/613/115 562/562/115 398/398/234
f 614/614/115 613/613/115 398/398/234
f 615/615/115 614/614/115 398/398/234
f 616/616/115 615/615/115 398/398/234
f 193/193/121 616/616/115 398/398/234
f 617/617/115 191/191/121 190/190/120
f 611/611/65 618/618/65 531/531/65
f 190/190/120 619/619/115 617/617/115
f 190/190/120 620/620/115 619/619/115
f 190/190/120 621/621/115 620/620/115
f 557/557/115 621/621/115 190/190/120
f 622/622/115 623/623/115 556/556/115
f 624/624/115 622/622/115 556/556/115
f 625/625/115 624/624/115 556/556/115
f 559/559/115 626/626/115 560/560/115
f 593/593/296 627/627/56 416/416/243
f 325/325/65 415/415/65 412/412/65
f 628/628/123 629/629/123 630/630/123
f 631/631/308 632/632/309 633/633/310
f 634/634/56 635/635/56 636/636/56
f 637/637/56 638/638/56 639/639/56
f 415/415/65 409/409/65 408/408/65
f 528/528/266 640/640/311 641/641/312
f 530/530/65 612/612/65 531/531/65
f 560/560/115 398/398/234 562/562/115
f 556/556/115 623/623/115 557/557/115
f 642/642/115 643/643/115 644/644/115
f 645/645/1 646/646/1 647/647/1
f 645/645/1 648/648/1 646/646/1
f 649/649/115 650/650/115 651/651/115
f 652/652/115 653/653/115 654/654/115
f 644/644/1 655/655/1 656/656/1
f 657/657/1 658/658/1 651/651/1
f 659/659/313 660/660/314 527/527/265
f 661/661/56 662/662/56 663/663/56
f 648/648/1 664/664/1 646/646/1
f 409/409/65 368/368/65 367/367/65
f 665/665/315 666/666/316 667/667/317
f 368/368/65 668/668/65 338/338/65
f 669/669/115 649/649/115 670/670/115
f 567/567/56 605/605/56 671/671/56
f 338/338/65 668/668/65 339/339/65
f 337/337/65 339/339/65 346/346/65
f 345/345/65 346/346/65 350/350/65
f 327/327/123 319/319/123 321/321/123
f 329/329/123 322/322/123 324/324/123
f 567/567/56 672/672/56 568/568/56
f 411/411/195 321/321/193 325/325/193
f 192/192/122 673/673/318 190/190/120
f 4/4/319 674/674/320 194/194/320
f 675/675/115 670/670/115 676/676/115
f 677/677/115 678/678/115 653/653/115
f 678/678/115 654/654/115 653/653/115
f 410/410/194 326/326/193 323/323/193
f 598/598/300 597/597/299 679/679/65
f 595/595/297 680/680/56 596/596/298
f 402/402/236 597/597/299 599/599/301
f 596/596/298 362/362/213 361/361/212
f 681/681/65 577/577/65 582/582/65
f 319/319/321 327/327/196 312/312/196
f 217/217/197 216/216/197 329/329/197
f 682/682/115 683/683/115 652/652/115
f 683/683/115 676/676/115 652/652/115
f 675/675/115 684/684/115 670/670/115
f 684/684/115 669/669/115 670/670/115
f 650/650/115 685/685/115 651/651/115
f 685/685/115 642/642/115 651/651/115
f 674/674/320 686/686/322 194/194/320
f 386/386/228 414/414/242 387/387/229
f 643/643/115 677/677/115 653/653/115
f 643/643/115 653/653/115 644/644/115
f 642/642/115 644/644/115 651/651/115
f 649/649/115 651/651/115 670/670/115
f 670/670/115 652/652/115 676/676/115
f 335/335/200 334/334/199 413/413/241
f 687/687/323 688/688/324 689/689/325
f 414/414/242 382/382/225 387/387/229
f 690/690/119 691/691/119 692/692/326
f 693/693/327 694/694/119 695/695/119
f 542/542/119 539/539/274 540/540/275
f 567/567/56 671/671/56 672/672/56
f 696/696/328 693/693/327 697/697/119
f 698/698/119 697/697/119 699/699/119
f 674/674/115 700/700/115 701/701/115
f 702/702/115 703/703/329 686/686/115
f 704/704/115 705/705/115 702/702/115
f 706/706/119 698/698/119 699/699/119
f 686/686/115 674/674/115 701/701/115
f 334/334/199 343/343/203 413/413/241
f 707/707/330 687/687/323 708/708/331
f 707/707/330 709/709/332 687/687/323
f 710/710/65 711/711/65 712/712/65
f 713/713/123 714/714/123 715/715/123
f 687/687/323 689/689/325 708/708/331
f 629/629/123 628/628/123 716/716/123
f 716/716/123 628/628/123 717/717/123
f 385/385/227 333/333/198 335/335/200
f 708/708/331 718/718/333 707/707/330
f 709/709/332 719/719/334 720/720/335
f 721/721/123 715/715/123 722/722/123
f 709/709/332 720/720/335 687/687/323
f 689/689/325 723/723/1 708/708/331
f 714/714/123 722/722/123 715/715/123
f 646/646/1 724/724/1 725/725/1
f 723/723/1 726/726/1 708/708/331
f 348/348/205 341/341/201 343/343/203
f 727/727/336 728/728/115 729/729/337
f 730/730/338 347/347/204 348/348/205
f 357/357/210 353/353/206 355/355/208
f 731/731/339 359/359/211 355/355/208
f 372/372/218 373/373/219 370/370/216
f 732/732/65 710/710/65 733/733/65
f 734/734/340 735/735/341 736/736/342
f 737/737/1 738/738/343 739/739/1
f 740/740/344 741/741/345 742/742/346
f 743/743/347 744/744/348 745/745/349
f 746/746/65 747/747/65 748/748/65
f 749/749/350 750/750/351 734/734/340
f 728/728/123 727/727/123 751/751/123
f 752/752/352 753/753/353 754/754/354
f 755/755/355 756/756/355 757/757/356
f 758/758/357 759/759/358 760/760/359
f 520/520/261 499/499/256 524/524/262
f 761/761/360 762/762/115 763/763/361
f 764/764/362 765/765/363 766/766/364
f 767/767/365 768/768/366 769/769/367
f 770/770/368 771/771/369 768/768/366
f 772/772/115 773/773/115 774/774/115
f 775/775/370 776/776/371 729/729/337
f 777/777/372 778/778/373 761/761/360
f 779/779/1 725/725/1 780/780/1
f 781/781/374 782/782/375 783/783/376
f 782/782/375 784/784/377 785/785/378
f 784/784/377 786/786/379 785/785/378
f 771/771/369 787/787/380 768/768/366
f 788/788/381 199/199/127 789/789/382
f 633/633/310 790/790/383 631/631/308
f 791/791/384 792/792/385 767/767/365
f 793/793/123 794/794/123 727/727/123
f 795/795/1 796/796/1 646/646/1
f 796/796/1 724/724/1 646/646/1
f 797/797/386 769/769/367 768/768/366
f 798/798/387 791/791/384 767/767/365
f 768/768/366 767/767/365 792/792/385
f 751/751/123 727/727/123 794/794/123
f 792/792/385 790/790/383 768/768/366
f 728/728/115 762/762/115 799/799/388
f 800/800/389 801/801/390 802/802/391
f 803/803/392 760/760/359 759/759/358
f 804/804/393 752/752/352 754/754/354
f 805/805/394 787/787/380 771/771/369
f 806/806/395 807/807/396 808/808/397
f 809/809/398 810/810/399 811/811/130
f 812/812/400 813/813/401 814/814/402
f 815/815/403 740/740/344 742/742/346
f 816/816/404 817/817/405 818/818/406
f 819/819/407 820/820/408 821/821/409
f 819/819/407 822/822/410 823/823/119
f 824/824/411 825/825/412 816/816/404
f 826/826/413 827/827/414 828/828/415
f 829/829/65 830/830/65 831/831/65
f 820/820/408 819/819/407 816/816/404
f 819/819/407 824/824/411 816/816/404
f 821/821/409 822/822/410 819/819/407
f 822/822/410 832/832/416 823/823/119
f 833/833/417 834/834/418 835/835/419
f 809/809/398 836/836/420 810/810/399
f 811/811/130 837/837/421 809/809/398
f 838/838/422 839/839/423 840/840/424
f 841/841/1 842/842/1 689/689/325
f 841/841/1 843/843/1 842/842/1
f 844/844/425 845/845/426 846/846/427
f 846/846/427 838/838/422 844/844/425
f 846/846/427 847/847/428 848/848/429
f 848/848/429 849/849/430 850/850/431
f 851/851/432 838/838/422 840/840/424
f 852/852/433 853/853/434 854/854/435
f 855/855/436 852/852/433 856/856/437
f 823/823/119 832/832/416 857/857/119
f 858/858/438 859/859/439 860/860/440
f 858/858/438 860/860/440 861/861/441
f 719/719/334 689/689/325 862/862/442
f 863/863/65 864/864/65 829/829/65
f 865/865/65 866/866/65 867/867/65
f 829/829/65 831/831/65 863/863/65
f 868/868/443 869/869/444 870/870/445
f 871/871/65 872/872/65 873/873/65
f 873/873/65 874/874/65 875/875/65
f 876/876/65 877/877/65 878/878/65
f 877/877/65 879/879/65 878/878/65
f 875/875/65 871/871/65 873/873/65
f 871/871/65 880/880/65 872/872/65
f 879/879/65 881/881/65 878/878/65
f 882/882/1 883/883/1 647/647/1
f 884/884/1 647/647/1 885/885/1
f 884/884/1 886/886/1 647/647/1
f 886/886/1 887/887/1 647/647/1
f 887/887/1 882/882/1 647/647/1
f 883/883/1 645/645/1 647/647/1
f 647/647/1 888/888/1 885/885/1
f 889/889/446 785/785/378 786/786/379
f 890/890/447 783/783/376 785/785/378
f 891/891/448 892/892/449 783/783/376
f 848/848/429 893/893/450 849/849/430
f 847/847/428 893/893/450 848/848/429
f 838/838/422 846/846/427 848/848/429
f 848/848/429 850/850/431 894/894/451
f 688/688/324 862/862/442 689/689/325
f 889/889/446 786/786/379 895/895/452
f 890/890/447 785/785/378 889/889/446
f 891/891/448 783/783/376 890/890/447
f 896/896/65 897/897/65 898/898/65
f 899/899/65 900/900/65 896/896/65
f 896/896/65 901/901/65 897/897/65
f 896/896/65 902/902/65 903/903/65
f 904/904/453 905/905/454 906/906/455
f 907/907/456 908/908/457 909/909/458
f 909/909/458 910/910/459 907/907/456
f 909/909/458 911/911/460 910/910/459
f 202/202/130 912/912/461 200/200/128
f 202/202/130 913/913/462 914/914/463
f 202/202/130 914/914/463 912/912/461
f 915/915/1 795/795/1 646/646/1
f 904/904/453 906/906/455 916/916/464
f 916/916/464 917/917/465 918/918/466
f 201/201/129 200/200/128 919/919/467
f 919/919/467 920/920/468 201/201/129
f 818/818/406 820/820/408 816/816/404
f 816/816/404 825/825/412 921/921/469
f 922/922/470 923/923/471 924/924/472
f 925/925/119 926/926/119 927/927/473
f 928/928/474 929/929/475 817/817/405
f 930/930/476 817/817/405 929/929/475
f 201/201/129 920/920/468 930/930/476
f 931/931/477 818/818/406 817/817/405
f 929/929/475 201/201/129 930/930/476
f 664/664/1 915/915/1 646/646/1
f 909/909/458 928/928/474 932/932/478
f 202/202/130 933/933/399 913/913/462
f 816/816/404 921/921/469 817/817/405
f 934/934/119 935/935/119 936/936/119
f 921/921/469 937/937/479 817/817/405
f 817/817/405 930/930/476 931/931/477
f 938/938/480 500/500/257 502/502/259
f 939/939/123 926/926/123 940/940/123
f 905/905/454 941/941/481 906/906/455
f 916/916/464 906/906/455 917/917/465
f 896/896/65 898/898/65 899/899/65
f 903/903/65 901/901/65 896/896/65
f 902/902/65 942/942/65 903/903/65
f 697/697/119 943/943/119 944/944/119
f 945/945/482 938/938/480 502/502/259
f 946/946/344 947/947/483 948/948/484
f 949/949/1 950/950/1 885/885/1
f 951/951/119 952/952/119 953/953/119
f 742/742/346 954/954/447 955/955/485
f 927/927/473 845/845/426 925/925/119
f 956/956/486 957/957/487 958/958/488
f 956/956/486 958/958/488 959/959/489
f 848/848/429 839/839/423 838/838/422
f 939/939/123 940/940/123 960/960/123
f 960/960/123 961/961/123 939/939/123
f 847/847/428 846/846/427 845/845/426
f 962/962/490 963/963/491 964/964/492
f 747/747/65 965/965/65 748/748/65
f 833/833/417 966/966/493 834/834/418
f 859/859/439 967/967/1 968/968/1
f 926/926/119 939/939/494 964/964/492
f 969/969/495 631/631/308 970/970/496
f 632/632/309 631/631/308 969/969/495
f 894/894/451 839/839/423 848/848/429
f 842/842/1 723/723/1 689/689/325
f 971/971/497 972/972/498 973/973/499
f 974/974/500 815/815/403 742/742/346
f 975/975/501 974/974/500 742/742/346
f 971/971/497 975/975/501 972/972/498
f 853/853/434 976/976/502 854/854/435
f 852/852/433 854/854/435 856/856/437
f 856/856/437 977/977/503 855/855/436
f 841/841/1 689/689/325 978/978/504
f 964/964/492 927/927/473 926/926/119
f 939/939/494 962/962/490 964/964/492
f 968/968/1 860/860/440 859/859/439
f 197/197/125 199/199/127 791/791/384
f 742/742/346 955/955/485 972/972/498
f 946/946/344 948/948/484 979/979/345
f 789/789/382 199/199/127 980/980/505
f 980/980/505 199/199/127 198/198/126
f 885/885/1 888/888/1 949/949/1
f 981/981/506 797/797/386 787/787/380
f 798/798/387 982/982/507 791/791/384
f 682/682/115 652/652/115 654/654/115
f 983/983/508 984/984/362 985/985/509
f 925/925/119 845/845/426 844/844/425
f 924/924/472 986/986/510 922/922/470
f 987/987/511 988/988/511 989/989/512
f 975/975/501 742/742/346 972/972/498
f 719/719/334 862/862/442 720/720/335
f 779/779/1 646/646/1 725/725/1
f 990/990/391 991/991/390 752/752/352
f 992/992/65 902/902/65 993/993/65
f 994/994/65 995/995/65 902/902/65
f 996/996/65 902/902/65 992/992/65
f 197/197/125 791/791/384 982/982/507
f 736/736/342 735/735/341 997/997/513
f 998/998/514 999/999/515 1000/1000/516
f 784/784/377 1001/1001/517 1002/1002/518
f 1003/1003/519 1004/1004/486 1005/1005/520
f 1006/1006/521 739/739/1 738/738/343
f 776/776/371 727/727/336 729/729/337
f 799/799/388 729/729/337 728/728/115
f 1007/1007/487 1004/1004/486 1003/1003/519
f 708/708/331 1008/1008/1 1009/1009/504
f 782/782/375 1010/1010/522 784/784/377
f 734/734/340 1011/1011/523 735/735/341
f 781/781/524 1012/1012/525 782/782/375
f 761/761/360 799/799/388 762/762/115
f 1013/1013/526 1014/1014/527 1015/1015/528
f 1016/1016/529 999/999/515 1017/1017/530
f 1018/1018/531 1019/1019/532 1014/1014/527
f 1016/1016/529 778/778/373 999/999/515
f 777/777/372 1000/1000/516 999/999/515
f 1020/1020/533 999/999/515 1021/1021/534
f 1022/1022/535 718/718/333 708/708/331
f 1002/1002/518 1001/1001/517 1023/1023/536
f 1024/1024/522 752/752/352 804/804/393
f 1025/1025/115 1026/1026/115 1027/1027/115
f 784/784/377 1010/1010/522 1001/1001/517
f 1028/1028/537 1029/1029/538 1018/1018/531
f 753/753/353 1030/1030/539 754/754/354
f 1031/1031/540 753/753/353 752/752/352
f 1032/1032/541 1031/1031/540 752/752/352
f 782/782/375 1012/1012/525 1010/1010/522
f 750/750/351 1011/1011/523 734/734/340
f 754/754/354 1030/1030/539 1033/1033/542
f 726/726/1 1034/1034/1 708/708/331
f 1035/1035/1 780/780/1 725/725/1
f 1036/1036/543 801/801/390 800/800/389
f 378/378/222 376/376/221 373/373/219
f 998/998/514 1021/1021/534 999/999/515
f 1037/1037/544 1038/1038/545 1039/1039/546
f 1040/1040/381 1041/1041/547 1042/1042/127
f 1043/1043/548 1044/1044/549 1045/1045/550
f 991/991/390 1032/1032/541 752/752/352
f 768/768/366 787/787/380 797/797/386
f 981/981/506 1046/1046/551 1047/1047/552
f 1048/1048/553 1046/1046/551 1049/1049/115
f 805/805/394 1050/1050/554 787/787/380
f 1051/1051/555 1052/1052/556 1053/1053/557
f 1054/1054/65 1055/1055/65 1056/1056/65
f 1046/1046/551 981/981/506 787/787/380
f 1050/1050/554 1046/1046/551 787/787/380
f 1048/1048/553 1047/1047/552 1046/1046/551
f 1057/1057/558 1048/1048/553 1049/1049/115
f 745/745/349 744/744/348 1058/1058/559
f 1059/1059/560 1041/1041/547 1040/1040/381
f 1060/1060/561 1042/1042/127 1041/1041/547
f 998/998/514 1000/1000/516 1061/1061/562
f 1034/1034/1 1008/1008/1 708/708/331
f 1062/1062/1 1008/1008/1 1034/1034/1
f 761/761/360 763/763/361 777/777/372
f 1000/1000/516 777/777/372 763/763/361
f 778/778/373 777/777/372 999/999/515
f 1017/1017/530 999/999/515 1020/1020/533
f 1000/1000/516 1063/1063/563 1061/1061/562
f 1029/1029/538 1019/1019/532 1018/1018/531
f 1019/1019/532 1015/1015/528 1014/1014/527
f 1057/1057/558 1049/1049/115 1064/1064/115
f 738/738/343 1065/1065/564 1006/1006/521
f 1006/1006/521 1065/1065/564 1066/1066/565
f 708/708/331 1067/1067/566 1022/1022/535
f 1068/1068/65 1069/1069/65 1055/1055/65
f 1070/1070/65 1071/1071/65 1072/1072/65
f 1056/1056/65 1055/1055/65 1069/1069/65
f 1073/1073/567 1074/1074/568 1075/1075/569
f 1076/1076/570 970/970/496 631/631/308
f 733/733/65 710/710/65 712/712/65
f 376/376/221 378/378/222 380/380/224
f 932/932/478 911/911/460 909/909/458
f 1077/1077/115 686/686/115 1078/1078/115
f 942/942/65 902/902/65 996/996/65
f 993/993/65 902/902/65 995/995/65
f 1079/1079/65 712/712/65 711/711/65
f 965/965/65 1080/1080/65 748/748/65
f 695/695/119 699/699/119 697/697/119
f 694/694/119 1081/1081/119 695/695/119
f 693/693/327 695/695/119 697/697/119
f 944/944/119 696/696/328 697/697/119
f 1082/1082/571 1078/1078/115 686/686/115
f 703/703/329 1082/1082/571 686/686/115
f 705/705/115 703/703/329 702/702/115
f 702/702/115 686/686/115 701/701/115
f 1083/1083/119 691/691/119 1084/1084/119
f 1085/1085/572 1083/1083/119 1086/1086/119
f 1087/1087/119 692/692/326 1085/1085/572
f 1088/1088/119 1086/1086/119 1083/1083/119
f 1089/1089/119 1088/1088/119 1083/1083/119
f 1090/1090/119 1089/1089/119 1083/1083/119
f 1091/1091/119 1084/1084/119 691/691/119
f 1092/1092/119 1091/1091/119 691/691/119
f 690/690/119 1092/1092/119 691/691/119
f 1093/1093/119 1094/1094/119 692/692/326
f 1087/1087/119 1093/1093/119 692/692/326
f 1095/1095/119 1096/1096/119 1085/1085/572
f 1097/1097/119 1095/1095/119 1085/1085/572
f 1090/1090/119 1083/1083/119 1084/1084/119
f 1097/1097/119 1085/1085/572 1086/1086/119
f 1096/1096/119 1087/1087/119 1085/1085/572
f 1094/1094/119 690/690/119 692/692/326
f 1098/1098/119 1099/1099/119 1100/1100/119
f 1101/1101/119 1102/1102/119 1100/1100/119
f 1102/1102/119 1103/1103/119 1100/1100/119
f 1104/1104/119 1098/1098/119 1100/1100/119
f 1103/1103/119 1105/1105/119 1100/1100/119
f 1105/1105/119 1106/1106/119 1100/1100/119
f 1107/1107/119 1104/1104/119 1100/1100/119
f 1106/1106/119 1108/1108/119 1100/1100/119
f 1108/1108/119 1107/1107/119 1100/1100/119
f 1109/1109/115 1110/1110/115 1111/1111/115
f 1110/1110/115 1112/1112/115 1111/1111/115
f 1113/1113/115 1109/1109/115 1111/1111/115
f 380/380/224 379/379/223 383/383/226
f 333/333/198 385/385/227 387/387/229
f 1114/1114/573 1115/1115/574 1116/1116/575
f 1115/1115/574 1114/1114/573 731/731/339
f 347/347/204 730/730/338 353/353/206
f 1116/1116/575 1117/1117/576 371/371/217
f 417/417/244 1118/1118/577 420/420/247
f 417/417/244 1119/1119/578 1118/1118/577
f 417/417/244 1120/1120/579 1119/1119/578
f 417/417/244 1121/1121/580 1120/1120/579
f 417/417/244 1122/1122/581 1121/1121/580
f 417/417/244 1123/1123/582 1122/1122/581
f 417/417/244 1124/1124/583 1123/1123/582
f 417/417/244 1125/1125/584 1124/1124/583
f 417/417/244 1126/1126/585 1125/1125/584
f 417/417/244 1127/1127/586 1126/1126/585
f 417/417/244 1128/1128/587 1127/1127/586
f 417/417/244 1129/1129/588 1128/1128/587
f 417/417/244 421/421/248 1129/1129/588
f 1130/1130/115 1113/1113/115 1111/1111/115
f 1112/1112/115 1131/1131/115 1111/1111/115
f 1132/1132/115 1130/1130/115 1111/1111/115
f 1133/1133/115 1132/1132/115 1111/1111/115
f 1131/1131/115 1134/1134/115 1111/1111/115
f 1135/1135/115 1133/1133/115 1111/1111/115
f 1136/1136/115 1135/1135/115 1111/1111/115
f 1134/1134/115 1137/1137/115 1111/1111/115
f 1138/1138/115 1136/1136/115 1111/1111/115
f 1139/1139/115 1138/1138/115 1111/1111/115
f 1137/1137/115 1140/1140/115 1111/1111/115
f 1141/1141/115 1139/1139/115 1111/1111/115
f 1140/1140/115 1141/1141/115 1111/1111/115
f 1142/1142/119 1143/1143/119 572/572/119
f 1144/1144/119 1142/1142/119 572/572/119
f 1143/1143/119 1145/1145/119 572/572/119
f 1145/1145/119 1146/1146/119 572/572/119
f 1147/1147/119 1144/1144/119 572/572/119
f 1146/1146/119 1148/1148/119 572/572/119
f 1148/1148/119 1149/1149/119 572/572/119
f 1150/1150/119 1147/1147/119 572/572/119
f 1149/1149/119 1151/1151/119 572/572/119
f 1151/1151/119 1152/1152/119 572/572/119
f 1153/1153/119 1150/1150/119 572/572/119
f 1152/1152/119 1154/1154/119 572/572/119
f 1154/1154/119 1155/1155/119 572/572/119
f 571/571/119 1153/1153/119 572/572/119
f 1155/1155/119 570/570/119 572/572/119
f 1156/1156/115 1157/1157/115 1158/1158/115
f 1157/1157/115 1159/1159/115 1158/1158/115
f 1160/1160/115 1161/1161/115 1158/1158/115
f 1159/1159/115 1162/1162/115 1158/1158/115
f 784/784/377 1002/1002/518 786/786/379
f 785/785/378 783/783/376 782/782/375
f 783/783/376 892/892/589 781/781/374
f 1161/1161/115 1163/1163/115 1158/1158/115
f 1164/1164/115 1156/1156/115 1158/1158/115
f 1162/1162/115 1165/1165/115 1158/1158/115
f 1166/1166/115 1164/1164/115 1158/1158/115
f 1163/1163/115 1167/1167/115 1158/1158/115
f 1168/1168/115 1166/1166/115 1158/1158/115
f 1167/1167/115 1168/1168/115 1158/1158/115
f 1169/1169/119 1170/1170/119 1171/1171/119
f 1172/1172/119 1169/1169/119 1171/1171/119
f 1170/1170/119 1173/1173/119 1171/1171/119
f 1173/1173/119 1174/1174/119 1171/1171/119
f 1175/1175/119 1172/1172/119 1171/1171/119
f 1174/1174/119 1176/1176/119 1171/1171/119
f 1176/1176/119 1177/1177/119 1171/1171/119
f 1178/1178/119 1175/1175/119 1171/1171/119
f 1177/1177/119 1179/1179/119 1171/1171/119
f 1180/1180/115 1181/1181/115 1182/1182/115
f 1179/1179/119 1183/1183/119 1171/1171/119
f 1184/1184/115 1185/1185/115 1182/1182/115
f 1186/1186/119 1178/1178/119 1171/1171/119
f 1183/1183/119 1187/1187/119 1171/1171/119
f 1187/1187/119 1188/1188/119 1171/1171/119
f 1189/1189/115 1190/1190/115 1182/1182/115
f 1191/1191/115 1192/1192/115 1182/1182/115
f 1190/1190/115 1191/1191/115 1182/1182/115
f 1193/1193/115 1180/1180/115 1182/1182/115
f 1194/1194/115 1193/1193/115 1182/1182/115
f 1195/1195/119 1196/1196/119 1100/1100/119
f 1197/1197/119 1195/1195/119 1100/1100/119
f 1198/1198/119 1186/1186/119 1171/1171/119
f 1188/1188/119 1199/1199/119 1171/1171/119
f 1199/1199/119 1198/1198/119 1171/1171/119
f 1200/1200/115 1201/1201/115 1202/1202/115
f 1201/1201/115 1203/1203/115 1202/1202/115
f 1204/1204/115 1200/1200/115 1202/1202/115
f 1185/1185/115 1205/1205/115 1182/1182/115
f 1206/1206/115 1204/1204/115 1202/1202/115
f 1203/1203/115 1207/1207/115 1202/1202/115
f 1208/1208/115 1206/1206/115 1202/1202/115
f 1209/1209/115 1208/1208/115 1202/1202/115
f 1207/1207/115 1210/1210/115 1202/1202/115
f 1211/1211/115 1209/1209/115 1202/1202/115
f 1212/1212/115 1211/1211/115 1202/1202/115
f 1210/1210/115 1213/1213/115 1202/1202/115
f 1214/1214/115 1212/1212/115 1202/1202/115
f 1215/1215/115 1214/1214/115 1202/1202/115
f 1213/1213/115 1216/1216/115 1202/1202/115
f 1217/1217/590 1218/1218/591 1219/1219/592
f 1220/1220/65 1221/1221/65 1222/1222/65
f 1221/1221/65 1223/1223/65 582/582/65
f 593/593/296 362/362/213 591/591/294
f 606/606/304 402/402/236 407/407/240
f 592/592/295 591/591/294 1224/1224/56
f 607/607/305 1225/1225/65 606/606/304
f 1218/1218/591 1226/1226/593 1219/1219/592
f 1227/1227/56 567/567/56 1228/1228/56
f 1229/1229/56 567/567/56 1227/1227/56
f 1230/1230/56 567/567/56 1229/1229/56
f 1231/1231/56 567/567/56 1230/1230/56
f 584/584/56 567/567/56 1231/1231/56
f 1221/1221/65 582/582/65 583/583/65
f 1232/1232/65 1221/1221/65 1220/1220/65
f 1217/1217/590 1233/1233/594 1234/1234/56
f 1235/1235/56 567/567/56 573/573/56
f 1236/1236/56 567/567/56 1235/1235/56
f 1237/1237/56 567/567/56 1236/1236/56
f 1238/1238/56 567/567/56 1237/1237/56
f 1228/1228/56 567/567/56 1238/1238/56
f 609/609/307 608/608/306 1233/1233/594
f 1239/1239/115 1215/1215/115 1202/1202/115
f 1216/1216/115 1239/1239/115 1202/1202/115
f 1240/1240/119 1241/1241/119 1242/1242/119
f 1243/1243/119 1240/1240/119 1242/1242/119
f 1241/1241/119 1244/1244/119 1242/1242/119
f 1244/1244/119 1245/1245/119 1242/1242/119
f 1246/1246/119 1243/1243/119 1242/1242/119
f 1245/1245/119 1247/1247/119 1242/1242/119
f 1248/1248/115 1160/1160/115 1158/1158/115
f 1165/1165/115 1249/1249/115 1158/1158/115
f 1247/1247/119 1250/1250/119 1242/1242/119
f 1251/1251/119 1246/1246/119 1242/1242/119
f 1249/1249/115 1252/1252/115 1158/1158/115
f 1250/1250/119 1253/1253/119 1242/1242/119
f 1253/1253/119 1254/1254/119 1242/1242/119
f 1255/1255/119 1251/1251/119 1242/1242/119
f 1254/1254/119 1256/1256/119 1242/1242/119
f 1256/1256/119 1257/1257/119 1242/1242/119
f 1258/1258/119 1255/1255/119 1242/1242/119
f 1257/1257/119 1259/1259/119 1242/1242/119
f 1259/1259/119 1258/1258/119 1242/1242/119
f 1260/1260/115 1248/1248/115 1158/1158/115
f 1252/1252/115 1260/1260/115 1158/1158/115
f 1261/1261/115 1262/1262/115 1263/1263/115
f 1262/1262/115 1264/1264/115 1263/1263/115
f 1265/1265/115 1261/1261/115 1263/1263/115
f 1266/1266/115 1265/1265/115 1263/1263/115
f 1264/1264/115 1267/1267/115 1263/1263/115
f 1268/1268/115 1266/1266/115 1263/1263/115
f 1269/1269/115 1268/1268/115 1263/1263/115
f 1267/1267/115 1270/1270/115 1263/1263/115
f 1271/1271/115 1269/1269/115 1263/1263/115
f 1272/1272/115 1271/1271/115 1263/1263/115
f 1270/1270/115 1273/1273/115 1263/1263/115
f 1274/1274/115 1272/1272/115 1263/1263/115
f 1275/1275/115 1274/1274/115 1263/1263/115
f 1273/1273/115 1276/1276/115 1263/1263/115
f 1277/1277/115 1275/1275/115 1263/1263/115
f 1278/1278/115 1194/1194/115 1182/1182/115
f 1276/1276/115 1277/1277/115 1263/1263/115
f 1279/1279/119 1280/1280/119 1281/1281/119
f 1282/1282/119 1279/1279/119 1281/1281/119
f 1196/1196/119 1283/1283/119 1100/1100/119
f 1283/1283/119 1284/1284/119 1100/1100/119
f 1099/1099/119 1197/1197/119 1100/1100/119
f 1285/1285/115 1278/1278/115 1182/1182/115
f 1205/1205/115 1189/1189/115 1182/1182/115
f 1286/1286/115 1285/1285/115 1182/1182/115
f 1284/1284/119 1287/1287/119 1100/1100/119
f 1287/1287/119 1101/1101/119 1100/1100/119
f 1117/1117/576 372/372/218 371/371/217
f 730/730/338 354/354/207 353/353/206
f 1114/1114/573 359/359/211 731/731/339
f 1115/1115/574 1117/1117/576 1116/1116/575
f 1280/1280/119 1288/1288/119 1281/1281/119
f 1288/1288/119 1289/1289/119 1281/1281/119
f 1290/1290/119 1282/1282/119 1281/1281/119
f 1289/1289/119 1291/1291/119 1281/1281/119
f 1291/1291/119 1292/1292/119 1281/1281/119
f 1293/1293/119 1290/1290/119 1281/1281/119
f 1192/1192/115 1286/1286/115 1182/1182/115
f 1292/1292/119 1294/1294/119 1281/1281/119
f 1294/1294/119 1295/1295/119 1281/1281/119
f 1296/1296/119 1293/1293/119 1281/1281/119
f 1295/1295/119 1297/1297/119 1281/1281/119
f 1297/1297/119 1298/1298/119 1281/1281/119
f 1299/1299/119 1296/1296/119 1281/1281/119
f 1298/1298/119 1300/1300/119 1281/1281/119
f 1300/1300/119 1299/1299/119 1281/1281/119
f 1301/1301/115 1302/1302/115 1182/1182/115
f 1302/1302/115 1184/1184/115 1182/1182/115
f 1181/1181/115 1301/1301/115 1182/1182/115
f 666/666/316 575/575/287 667/667/317
f 577/577/65 579/579/65 1303/1303/65
f 1304/1304/65 1305/1305/65 531/531/65
f 1306/1306/65 1304/1304/65 531/531/65
f 1307/1307/65 1306/1306/65 531/531/65
f 1305/1305/65 529/529/65 531/531/65
f 1308/1308/65 1307/1307/65 531/531/65
f 1309/1309/65 1308/1308/65 531/531/65
f 1310/1310/65 1309/1309/65 531/531/65
f 1311/1311/65 1310/1310/65 531/531/65
f 1312/1312/65 1311/1311/65 531/531/65
f 1313/1313/65 1312/1312/65 531/531/65
f 618/618/65 1313/1313/65 531/531/65
f 659/659/313 1314/1314/65 1315/1315/65
f 1316/1316/65 1317/1317/65 1318/1318/65
f 1319/1319/65 1320/1320/65 1321/1321/65
f 1322/1322/65 1323/1323/65 1324/1324/65
f 1325/1325/65 1326/1326/65 641/641/312
f 1327/1327/595 528/528/266 641/641/312
f 528/528/266 1328/1328/596 526/526/264
f 1329/1329/597 1330/1330/598 527/527/265
f 526/526/264 1329/1329/597 527/527/265
f 1330/1330/598 1314/1314/65 659/659/313
f 1315/1315/65 1317/1317/65 1316/1316/65
f 1318/1318/65 1331/1331/65 1320/1320/65
f 1331/1331/65 1321/1321/65 1320/1320/65
f 1319/1319/65 1332/1332/65 1322/1322/65
f 1324/1324/65 1323/1323/65 1325/1325/65
f 528/528/266 1327/1327/595 1328/1328/596
f 1316/1316/65 659/659/313 1315/1315/65
f 1320/1320/65 1316/1316/65 1318/1318/65
f 1332/1332/65 1319/1319/65 1321/1321/65
f 1319/1319/65 1322/1322/65 1324/1324/65
f 1324/1324/65 1325/1325/65 641/641/312
f 1326/1326/65 1327/1327/595 641/641/312
f 1330/1330/598 659/659/313 527/527/265
f 1333/1333/119 1334/1334/119 1335/1335/119
f 1336/1336/115 1337/1337/115 1338/1338/115
f 1339/1339/115 1336/1336/115 1338/1338/115
f 1340/1340/119 1341/1341/119 1335/1335/119
f 1342/1342/119 1340/1340/119 1343/1343/119
f 1344/1344/119 1342/1342/119 1345/1345/119
f 1346/1346/119 1347/1347/119 1344/1344/119
f 1348/1348/119 1347/1347/119 1349/1349/119
f 1350/1350/119 1348/1348/119 1351/1351/119
f 1352/1352/119 1353/1353/119 1350/1350/119
f 1334/1334/119 1333/1333/119 1353/1353/119
f 1346/1346/119 1349/1349/119 1347/1347/119
f 1354/1354/115 1355/1355/115 1337/1337/115
f 1356/1356/115 1355/1355/115 1357/1357/115
f 1358/1358/115 1359/1359/115 1356/1356/115
f 1360/1360/115 1361/1361/115 1359/1359/115
f 1361/1361/115 1360/1360/115 1362/1362/115
f 1363/1363/115 1364/1364/115 1362/1362/115
f 1365/1365/115 1363/1363/115 1366/1366/115
f 1367/1367/115 1339/1339/115 1338/1338/115
f 1354/1354/115 1357/1357/115 1355/1355/115
f 1343/1343/119 1340/1340/119 1335/1335/119
f 1345/1345/119 1342/1342/119 1343/1343/119
f 1368/1368/119 1344/1344/119 1345/1345/119
f 1368/1368/119 1346/1346/119 1344/1344/119
f 1351/1351/119 1348/1348/119 1349/1349/119
f 1369/1369/119 1350/1350/119 1351/1351/119
f 1369/1369/119 1352/1352/119 1350/1350/119
f 1352/1352/119 1334/1334/119 1353/1353/119
f 1336/1336/115 1354/1354/115 1337/1337/115
f 1370/1370/115 1356/1356/115 1357/1357/115
f 1370/1370/115 1358/1358/115 1356/1356/115
f 1358/1358/115 1360/1360/115 1359/1359/115
f 1364/1364/115 1361/1361/115 1362/1362/115
f 1366/1366/115 1363/1363/115 1362/1362/115
f 1367/1367/115 1365/1365/115 1366/1366/115
f 1365/1365/115 1367/1367/115 1338/1338/115
f 1341/1341/119 1333/1333/119 1335/1335/119
f 1371/1371/119 1372/1372/119 1373/1373/119
f 1374/1374/115 1375/1375/115 1376/1376/115
f 1377/1377/115 1374/1374/115 1376/1376/115
f 1378/1378/119 1379/1379/119 1373/1373/119
f 1380/1380/119 1378/1378/119 1381/1381/119
f 1382/1382/119 1380/1380/119 1383/1383/119
f 1384/1384/119 1385/1385/119 1382/1382/119
f 1386/1386/119 1385/1385/119 1387/1387/119
f 1388/1388/119 1386/1386/119 1389/1389/119
f 1390/1390/119 1391/1391/119 1388/1388/119
f 1372/1372/119 1371/1371/119 1391/1391/119
f 1384/1384/119 1387/1387/119 1385/1385/119
f 1392/1392/115 1393/1393/115 1375/1375/115
f 1394/1394/115 1393/1393/115 1395/1395/115
f 1396/1396/115 1397/1397/115 1394/1394/115
f 1398/1398/115 1399/1399/115 1397/1397/115
f 1399/1399/115 1398/1398/115 1400/1400/115
f 1401/1401/115 1402/1402/115 1400/1400/115
f 1403/1403/115 1401/1401/115 1404/1404/115
f 1405/1405/115 1377/1377/115 1376/1376/115
f 1392/1392/115 1395/1395/115 1393/1393/115
f 1381/1381/119 1378/1378/119 1373/1373/119
f 1383/1383/119 1380/1380/119 1381/1381/119
f 1406/1406/119 1382/1382/119 1383/1383/119
f 1406/1406/119 1384/1384/119 1382/1382/119
f 1389/1389/119 1386/1386/119 1387/1387/119
f 1407/1407/119 1388/1388/119 1389/1389/119
f 1407/1407/119 1390/1390/119 1388/1388/119
f 1390/1390/119 1372/1372/119 1391/1391/119
f 1374/1374/115 1392/1392/115 1375/1375/115
f 1408/1408/115 1394/1394/115 1395/1395/115
f 1408/1408/115 1396/1396/115 1394/1394/115
f 1396/1396/115 1398/1398/115 1397/1397/115
f 1402/1402/115 1399/1399/115 1400/1400/115
f 1404/1404/115 1401/1401/115 1400/1400/115
f 1405/1405/115 1403/1403/115 1404/1404/115
f 1403/1403/115 1405/1405/115 1376/1376/115
f 1379/1379/119 1371/1371/119 1373/1373/119
f 1409/1409/65 514/514/65 457/457/65
f 457/457/65 1410/1410/65 1409/1409/65
f 1411/1411/599 1412/1412/600 1413/1413/599
f 1414/1414/601 1415/1415/602 1416/1416/601
f 494/494/65 1417/1417/65 1418/1418/65
f 1418/1418/65 1419/1419/65 1420/1420/65
f 1421/1421/65 1420/1420/65 1422/1422/65
f 1423/1423/65 1421/1421/65 1424/1424/65
f 1425/1425/65 1423/1423/65 1426/1426/65
f 1427/1427/65 1425/1425/65 1428/1428/65
f 1429/1429/65 1427/1427/65 1430/1430/65
f 1431/1431/65 1429/1429/65 1432/1432/65
f 458/458/65 467/467/65 459/459/65
f 459/459/65 1433/1433/65 457/457/65
f 172/172/250 176/176/252 461/461/251
f 460/460/249 1434/1434/603 172/172/250
f 1435/1435/119 1436/1436/119 1437/1437/119
f 1438/1438/119 1435/1435/119 1437/1437/119
f 1439/1439/119 1438/1438/119 1437/1437/119
f 1440/1440/119 1439/1439/119 1437/1437/119
f 1441/1441/119 1440/1440/119 1437/1437/119
f 1442/1442/119 1441/1441/119 1437/1437/119
f 1443/1443/119 1442/1442/119 1437/1437/119
f 1444/1444/119 1443/1443/119 1437/1437/119
f 1445/1445/119 1444/1444/119 1437/1437/119
f 1446/1446/119 1445/1445/119 1437/1437/119
f 1447/1447/119 1446/1446/119 1437/1437/119
f 1448/1448/119 1447/1447/119 1437/1437/119
f 1449/1449/119 1448/1448/119 1437/1437/119
f 1450/1450/119 1449/1449/119 1437/1437/119
f 1451/1451/119 1450/1450/119 1437/1437/119
f 1436/1436/119 1451/1451/119 1437/1437/119
f 1452/1452/604 1453/1453/605 1454/1454/606
f 1455/1455/607 1452/1452/604 1454/1454/606
f 1456/1456/608 1455/1455/607 1454/1454/606
f 1457/1457/609 1456/1456/608 1454/1454/606
f 1458/1458/610 1457/1457/609 1454/1454/606
f 1459/1459/611 1458/1458/610 1454/1454/606
f 1460/1460/612 1459/1459/611 1454/1454/606
f 1461/1461/613 1460/1460/612 1454/1454/606
f 1462/1462/614 1461/1461/613 1454/1454/606
f 1463/1463/615 1462/1462/614 1454/1454/606
f 1464/1464/616 1463/1463/615 1454/1454/606
f 1465/1465/617 1464/1464/616 1454/1454/606
f 1466/1466/618 1465/1465/617 1454/1454/606
f 1467/1467/619 1466/1466/618 1454/1454/606
f 1468/1468/620 1467/1467/619 1454/1454/606
f 1453/1453/605 1468/1468/620 1454/1454/606
f 428/428/65 1469/1469/65 429/429/65
f 425/425/56 478/478/56 426/426/56
f 1431/1431/65 1432/1432/65 1469/1469/65
f 1429/1429/65 1430/1430/65 1432/1432/65
f 1427/1427/65 1428/1428/65 1430/1430/65
f 1425/1425/65 1426/1426/65 1428/1428/65
f 1423/1423/65 1424/1424/65 1426/1426/65
f 1421/1421/65 1422/1422/65 1424/1424/65
f 1420/1420/65 1470/1470/65 1422/1422/65
f 1419/1419/65 1470/1470/65 1420/1420/65
f 1417/1417/65 1419/1419/65 1418/1418/65
f 493/493/65 1417/1417/65 494/494/65
f 491/491/65 493/493/65 492/492/65
f 489/489/65 491/491/65 490/490/65
f 487/487/65 489/489/65 488/488/65
f 484/484/65 487/487/65 485/485/65
f 481/481/65 484/484/65 482/482/65
f 480/480/65 429/429/65 481/481/65
f 483/483/65 482/482/65 484/484/65
f 480/480/65 427/427/65 429/429/65
f 428/428/65 1471/1471/65 1469/1469/65
f 464/464/56 465/465/56 478/478/56
f 462/462/56 463/463/56 465/465/56
f 455/455/56 456/456/56 463/463/56
f 453/453/56 454/454/56 456/456/56
f 451/451/56 452/452/56 454/454/56
f 449/449/56 450/450/56 452/452/56
f 448/448/56 1472/1472/56 450/450/56
f 447/447/56 1472/1472/56 448/448/56
f 445/445/56 447/447/56 446/446/56
f 443/443/56 445/445/56 444/444/56
f 441/441/56 443/443/56 442/442/56
f 439/439/56 441/441/56 440/440/56
f 437/437/56 439/439/56 438/438/56
f 435/435/56 437/437/56 436/436/56
f 432/432/56 435/435/56 433/433/56
f 431/431/56 426/426/56 432/432/56
f 434/434/56 433/433/56 435/435/56
f 431/431/56 424/424/56 426/426/56
f 425/425/56 477/477/56 478/478/56
f 1471/1471/65 1431/1431/65 1469/1469/65
f 476/476/119 1473/1473/119 1474/1474/119
f 1475/1475/115 1476/1476/115 473/473/115
f 474/474/119 476/476/119 1474/1474/119
f 475/475/119 1477/1477/119 476/476/119
f 1476/1476/115 471/471/115 473/473/115
f 3/3/1 546/546/1 581/581/1
f 3/3/1 581/581/1 1/1/1
f 1478/1478/621 22/22/20 397/397/233
f 1478/1478/621 397/397/233 1479/1479/622
f 1479/1479/622 397/397/233 9/9/7
f 1479/1479/622 9/9/7 1480/1480/623
f 1480/1480/623 9/9/7 8/8/6
f 1480/1480/623 8/8/6 1481/1481/624
f 1481/1481/624 8/8/6 10/10/8
f 1481/1481/624 10/10/8 1482/1482/625
f 1482/1482/625 10/10/8 11/11/9
f 1482/1482/625 11/11/9 1483/1483/626
f 1483/1483/626 11/11/9 12/12/10
f 1483/1483/626 12/12/10 1484/1484/627
f 1484/1484/627 12/12/10 13/13/11
f 1484/1484/627 13/13/11 1485/1485/628
f 1485/1485/628 13/13/11 14/14/12
f 1485/1485/628 14/14/12 1486/1486/629
f 1486/1486/629 14/14/12 15/15/13
f 1486/1486/629 15/15/13 1487/1487/630
f 1487/1487/630 15/15/13 16/16/14
f 1487/1487/630 16/16/14 1488/1488/631
f 1488/1488/631 16/16/14 17/17/15
f 1488/1488/631 17/17/15 1489/1489/632
f 1489/1489/632 17/17/15 18/18/16
f 1489/1489/632 18/18/16 1490/1490/633
f 1491/1491/634 1492/1492/635 1493/1493/636
f 1491/1491/634 1493/1493/636 1494/1494/637
f 1495/1495/638 1496/1496/41 98/98/639
f 1495/1495/638 98/98/639 100/100/638
f 1497/1497/640 1498/1498/641 1499/1499/642
f 1497/1497/640 1499/1499/642 1500/1500/643
f 50/50/47 1497/1497/640 1500/1500/643
f 50/50/47 1500/1500/643 52/52/49
f 1501/1501/644 1502/1502/645 1503/1503/646
f 1501/1501/644 1503/1503/646 1504/1504/647
f 1502/1502/645 1505/1505/648 1506/1506/649
f 1502/1502/645 1506/1506/649 1503/1503/646
f 1507/1507/650 1508/1508/651 1509/1509/652
f 1507/1507/650 1509/1509/652 1510/1510/653
f 30/30/28 1511/1511/643 1512/1512/654
f 30/30/28 1512/1512/654 31/31/29
f 1511/1511/643 1513/1513/642 1514/1514/655
f 1511/1511/643 1514/1514/655 1512/1512/654
f 1513/1513/642 1515/1515/647 1516/1516/656
f 1513/1513/642 1516/1516/656 1514/1514/655
f 1515/1515/647 1517/1517/646 1518/1518/657
f 1515/1515/647 1518/1518/657 1516/1516/656
f 1519/1519/649 1520/1520/653 138/138/101
f 1519/1519/649 138/138/101 1521/1521/658
f 1520/1520/653 1522/1522/652 139/139/102
f 1520/1520/653 139/139/102 138/138/101
f 1523/1523/659 1524/1524/660 76/76/660
f 1523/1523/659 76/76/660 80/80/659
f 1524/1524/660 1525/1525/661 77/77/661
f 1524/1524/660 77/77/661 76/76/660
f 1525/1525/661 1526/1526/662 96/96/662
f 1525/1525/661 96/96/662 77/77/661
f 1526/1526/662 1527/1527/663 97/97/663
f 1526/1526/662 97/97/663 96/96/662
f 89/89/72 62/62/57 1492/1492/635
f 89/89/72 1492/1492/635 1491/1491/634
f 1527/1527/663 1495/1495/638 100/100/638
f 1527/1527/663 100/100/638 97/97/663
f 1528/1528/664 1529/1529/665 1530/1530/666
f 1528/1528/664 1530/1530/666 1531/1531/667
f 1532/1532/668 1491/1491/634 1494/1494/637
f 1532/1532/668 1494/1494/637 1533/1533/669
f 88/88/71 89/89/72 1491/1491/634
f 88/88/71 1491/1491/634 1532/1532/668
f 1534/1534/670 1535/1535/671 1536/1536/671
f 1534/1534/670 1536/1536/671 1537/1537/670
f 1538/1538/672 1528/1528/664 1531/1531/667
f 1538/1538/672 1531/1531/667 1539/1539/673
f 62/62/57 64/64/59 1540/1540/674
f 62/62/57 1540/1540/674 1492/1492/635
f 1541/1541/675 45/45/42 36/36/34
f 1541/1541/675 36/36/34 1542/1542/676
f 1535/1535/671 1543/1543/64 1544/1544/63
f 1535/1535/671 1544/1544/63 1536/1536/671
f 93/93/76 1545/1545/677 1546/1546/678
f 93/93/76 1546/1546/678 1529/1529/665
f 1547/1547/679 1548/1548/680 87/87/680
f 1547/1547/679 87/87/680 151/151/679
f 1549/1549/681 1550/1550/682 1518/1518/657
f 1549/1549/681 1518/1518/657 1521/1521/658
f 43/43/40 45/45/42 1541/1541/675
f 43/43/40 1541/1541/675 1551/1551/683
f 1547/1547/684 1552/1552/38 1553/1553/40
f 1547/1547/684 1553/1553/40 1548/1548/683
f 63/63/58 1554/1554/685 1545/1545/677
f 63/63/58 1545/1545/677 93/93/76
f 1516/1516/656 1518/1518/657 1550/1550/682
f 1516/1516/656 1550/1550/682 1555/1555/686
f 31/31/29 1512/1512/654 1556/1556/687
f 31/31/29 1556/1556/687 68/68/106
f 1517/1517/646 1519/1519/649 1521/1521/658
f 1517/1517/646 1521/1521/658 1518/1518/657
f 73/73/56 74/74/56 75/75/63
f 73/73/56 75/75/63 65/65/56
f 1512/1512/654 1514/1514/655 1557/1557/688
f 1512/1512/654 1557/1557/688 1556/1556/687
f 1514/1514/655 1516/1516/656 1555/1555/686
f 1514/1514/655 1555/1555/686 1557/1557/688
f 98/98/639 1496/1496/41 1558/1558/39
f 98/98/639 1558/1558/39 1559/1559/689
f 92/92/75 93/93/76 1529/1529/665
f 92/92/75 1529/1529/665 1528/1528/664
f 91/91/74 92/92/75 1528/1528/664
f 91/91/74 1528/1528/664 1538/1538/672
f 82/82/67 1560/1560/690 1561/1561/690
f 82/82/67 1561/1561/690 84/84/69
f 1562/1562/680 1563/1563/680 1564/1564/691
f 1562/1562/680 1564/1564/691 1565/1565/691
f 1498/1498/641 1501/1501/644 1504/1504/647
f 1498/1498/641 1504/1504/647 1499/1499/642
f 140/140/103 1549/1549/681 1521/1521/658
f 140/140/103 1521/1521/658 138/138/101
f 1566/1566/692 35/35/33 37/37/31
f 1566/1566/692 37/37/31 1567/1567/30
f 1559/1559/693 1547/1547/679 151/151/679
f 1559/1559/693 151/151/679 86/86/693
f 1530/1530/666 1529/1529/665 1546/1546/678
f 1530/1530/666 1546/1546/678 1568/1568/694
f 1559/1559/689 1558/1558/39 1552/1552/38
f 1559/1559/689 1552/1552/38 1547/1547/684
f 1542/1542/676 36/36/34 35/35/33
f 1542/1542/676 35/35/33 1566/1566/692
f 1540/1540/674 1538/1538/672 1539/1539/673
f 1540/1540/674 1539/1539/673 1569/1569/695
f 1564/1564/691 1534/1534/670 1537/1537/670
f 1564/1564/691 1537/1537/670 1565/1565/691
f 64/64/59 91/91/74 1538/1538/672
f 64/64/59 1538/1538/672 1540/1540/674
f 1492/1492/635 1540/1540/674 1569/1569/695
f 1492/1492/635 1569/1569/695 1493/1493/636
f 98/98/79 1559/1559/693 86/86/693
f 98/98/79 86/86/693 85/85/80
f 1570/1570/696 1571/1571/697 1572/1572/697
f 1570/1570/696 1572/1572/697 1573/1573/696
f 1574/1574/698 1575/1575/698 1570/1570/696
f 1574/1574/698 1570/1570/696 1573/1573/696
f 1576/1576/699 1577/1577/699 1575/1575/698
f 1576/1576/699 1575/1575/698 1574/1574/698
f 1578/1578/700 1554/1554/685 63/63/58
f 1578/1578/700 63/63/58 88/88/71
f 1560/1560/690 1577/1577/699 1576/1576/699
f 1560/1560/690 1576/1576/699 1561/1561/690
f 1579/1579/701 1523/1523/659 80/80/659
f 1579/1579/701 80/80/659 79/79/701
f 1580/1580/702 1579/1579/701 79/79/701
f 1580/1580/702 79/79/701 1581/1581/702
f 1505/1505/648 1507/1507/650 1510/1510/653
f 1505/1505/648 1510/1510/653 1506/1506/649
f 78/78/65 97/97/65 100/100/65
f 78/78/65 100/100/65 1582/1582/65
f 1583/1583/65 1581/1581/65 79/79/65
f 1583/1583/65 79/79/65 78/78/65
f 99/99/65 1584/1584/65 1582/1582/65
f 99/99/65 1582/1582/65 100/100/65
f 141/141/104 1585/1585/703 1586/1586/704
f 141/141/104 1586/1586/704 1587/1587/705
f 1586/1586/704 1588/1588/706 1589/1589/707
f 1586/1586/704 1589/1589/707 1587/1587/705
f 1590/1590/708 1591/1591/709 1592/1592/710
f 1590/1590/708 1592/1592/710 1593/1593/711
f 106/106/712 1594/1594/35 1595/1595/713
f 106/106/712 1595/1595/713 150/150/713
f 1596/1596/714 1597/1597/715 1598/1598/716
f 1596/1596/714 1598/1598/716 1599/1599/717
f 1599/1599/717 1598/1598/716 114/114/87
f 1599/1599/717 114/114/87 116/116/89
f 1600/1600/718 1601/1601/719 1602/1602/720
f 1600/1600/718 1602/1602/720 1603/1603/721
f 1604/1604/722 1605/1605/723 1601/1601/719
f 1604/1604/722 1601/1601/719 1600/1600/718
f 1509/1509/652 1508/1508/651 1606/1606/724
f 1509/1509/652 1606/1606/724 1607/1607/725
f 1556/1556/687 1608/1608/717 23/23/21
f 1556/1556/687 23/23/21 68/68/106
f 1557/1557/688 1609/1609/714 1608/1608/717
f 1557/1557/688 1608/1608/717 1556/1556/687
f 1555/1555/686 1610/1610/721 1609/1609/714
f 1555/1555/686 1609/1609/714 1557/1557/688
f 1550/1550/682 1611/1611/718 1610/1610/721
f 1550/1550/682 1610/1610/721 1555/1555/686
f 140/140/103 1612/1612/725 1613/1613/722
f 140/140/103 1613/1613/722 1549/1549/681
f 139/139/102 1522/1522/652 1612/1612/725
f 139/139/102 1612/1612/725 140/140/103
f 101/101/726 1614/1614/726 1615/1615/727
f 101/101/726 1615/1615/727 102/102/727
f 136/136/728 1616/1616/728 1614/1614/726
f 136/136/728 1614/1614/726 101/101/726
f 149/149/729 1617/1617/729 1616/1616/728
f 149/149/729 1616/1616/728 136/136/728
f 148/148/730 1618/1618/730 1617/1617/729
f 148/148/730 1617/1617/729 149/149/729
f 1591/1591/709 126/126/97 142/142/105
f 1591/1591/709 142/142/105 1592/1592/710
f 150/150/713 1595/1595/713 1618/1618/730
f 150/150/713 1618/1618/730 148/148/730
f 1619/1619/731 1620/1620/732 1621/1621/733
f 1619/1619/731 1621/1621/733 1622/1622/734
f 1593/1593/711 1592/1592/710 1587/1587/705
f 1593/1593/711 1587/1587/705 1589/1589/707
f 1592/1592/710 142/142/105 141/141/104
f 1592/1592/710 141/141/104 1587/1587/705
f 1623/1623/735 1624/1624/735 1625/1625/736
f 1623/1623/735 1625/1625/736 1626/1626/736
f 1622/1622/734 1621/1621/733 1627/1627/737
f 1622/1622/734 1627/1627/737 1628/1628/738
f 1629/1629/739 127/127/98 126/126/97
f 1629/1629/739 126/126/97 1591/1591/709
f 47/47/44 46/46/43 1630/1630/740
f 47/47/44 1630/1630/740 1631/1631/741
f 1632/1632/63 1633/1633/64 1624/1624/735
f 1632/1632/63 1624/1624/735 1623/1623/735
f 1634/1634/742 1635/1635/743 145/145/109
f 1634/1634/742 145/145/109 1620/1620/732
f 109/109/744 1636/1636/744 1637/1637/745
f 109/109/744 1637/1637/745 107/107/745
f 1630/1630/740 46/46/43 40/40/37
f 1630/1630/740 40/40/37 1638/1638/746
f 1639/1639/37 1640/1640/113 1637/1637/747
f 1639/1639/37 1637/1637/747 1636/1636/746
f 1635/1635/743 1641/1641/748 125/125/96
f 1635/1635/743 125/125/96 145/145/109
f 1549/1549/681 1613/1613/722 1611/1611/718
f 1549/1549/681 1611/1611/718 1550/1550/682
f 135/135/63 134/134/56 133/133/56
f 135/135/63 133/133/56 27/27/56
f 1642/1642/36 1594/1594/35 106/106/712
f 1642/1642/36 106/106/712 1643/1643/749
f 1620/1620/732 145/145/109 144/144/108
f 1620/1620/732 144/144/108 1621/1621/733
f 1621/1621/733 144/144/108 143/143/107
f 1621/1621/733 143/143/107 1627/1627/737
f 1644/1644/750 1645/1645/750 111/111/85
f 1644/1644/750 111/111/85 110/110/84
f 1646/1646/751 1647/1647/744 1648/1648/744
f 1646/1646/751 1648/1648/744 1649/1649/751
f 1603/1603/721 1602/1602/720 1597/1597/715
f 1603/1603/721 1597/1597/715 1596/1596/714
f 1650/1650/752 1578/1578/700 88/88/71
f 1650/1650/752 88/88/71 1532/1532/668
f 48/48/45 49/49/46 1651/1651/753
f 48/48/45 1651/1651/753 1652/1652/24
f 107/107/745 1637/1637/745 1643/1643/754
f 107/107/745 1643/1643/754 108/108/754
f 1634/1634/742 1620/1620/732 1619/1619/731
f 1634/1634/742 1619/1619/731 1653/1653/755
f 1640/1640/113 1642/1642/36 1643/1643/749
f 1640/1640/113 1643/1643/749 1637/1637/747
f 49/49/46 47/47/44 1631/1631/741
f 49/49/46 1631/1631/741 1651/1651/753
f 1628/1628/738 1627/1627/737 1629/1629/739
f 1628/1628/738 1629/1629/739 1654/1654/756
f 1626/1626/736 1625/1625/736 1646/1646/751
f 1626/1626/736 1646/1646/751 1649/1649/751
f 1627/1627/737 143/143/107 127/127/98
f 1627/1627/737 127/127/98 1629/1629/739
f 1654/1654/756 1629/1629/739 1591/1591/709
f 1654/1654/756 1591/1591/709 1590/1590/708
f 108/108/754 1643/1643/754 106/106/79
f 108/108/754 106/106/79 105/105/80
f 1572/1572/697 1571/1571/697 1655/1655/757
f 1572/1572/697 1655/1655/757 1656/1656/757
f 1655/1655/757 1657/1657/758 1658/1658/758
f 1655/1655/757 1658/1658/758 1656/1656/757
f 1657/1657/758 1659/1659/759 1660/1660/759
f 1657/1657/758 1660/1660/759 1658/1658/758
f 125/125/96 1641/1641/748 1585/1585/703
f 125/125/96 1585/1585/703 141/141/104
f 1660/1660/759 1659/1659/759 1645/1645/750
f 1660/1660/759 1645/1645/750 1644/1644/750
f 102/102/727 1615/1615/727 1661/1661/760
f 102/102/727 1661/1661/760 137/137/760
f 137/137/760 1661/1661/760 1580/1580/702
f 137/137/760 1580/1580/702 1581/1581/702
f 1607/1607/725 1606/1606/724 1605/1605/723
f 1607/1607/725 1605/1605/723 1604/1604/722
f 150/150/65 148/148/65 103/103/65
f 150/150/65 103/103/65 1662/1662/65
f 137/137/65 1581/1581/65 1583/1583/65
f 137/137/65 1583/1583/65 103/103/65
f 1662/1662/65 1663/1663/65 104/104/65
f 1662/1662/65 104/104/65 150/150/65
f 1533/1533/669 1664/1664/761 1650/1650/752
f 1533/1533/669 1650/1650/752 1532/1532/668
f 1665/1665/762 1666/1666/763 1667/1667/764
f 1665/1665/762 1667/1667/764 1668/1668/765
f 1668/1668/765 1667/1667/764 1669/1669/766
f 1668/1668/765 1669/1669/766 1670/1670/767
f 1670/1670/767 1669/1669/766 1671/1671/768
f 1670/1670/767 1671/1671/768 1672/1672/769
f 1672/1672/769 1671/1671/768 1673/1673/770
f 1672/1672/769 1673/1673/770 1674/1674/771
f 1674/1674/771 1673/1673/770 1675/1675/772
f 1674/1674/771 1675/1675/772 1676/1676/773
f 1676/1676/773 1675/1675/772 1677/1677/774
f 1676/1676/773 1677/1677/774 1678/1678/775
f 1678/1678/775 1677/1677/774 1679/1679/776
f 1678/1678/775 1679/1679/776 1680/1680/777
f 1680/1680/777 1679/1679/776 1681/1681/778
f 1680/1680/777 1681/1681/778 1682/1682/779
f 1682/1682/779 1681/1681/778 1683/1683/780
f 1682/1682/779 1683/1683/780 1684/1684/781
f 1684/1684/781 1683/1683/780 1685/1685/782
f 1684/1684/781 1685/1685/782 1686/1686/783
f 1686/1686/783 1685/1685/782 1687/1687/784
f 1686/1686/783 1687/1687/784 1688/1688/785
f 1688/1688/785 1687/1687/784 1689/1689/786
f 1688/1688/785 1689/1689/786 1690/1690/787
f 1690/1690/787 1689/1689/786 1691/1691/788
f 1690/1690/787 1691/1691/788 1692/1692/789
f 1693/1693/56 1694/1694/56 1695/1695/56
f 1693/1693/56 1695/1695/56 1696/1696/56
f 1697/1697/790 1698/1698/790 1699/1699/791
f 1697/1697/790 1699/1699/791 1700/1700/791
f 1701/1701/65 1702/1702/65 1703/1703/65
f 1701/1701/65 1703/1703/65 1704/1704/65
f 1705/1705/792 1706/1706/792 1707/1707/793
f 1705/1705/792 1707/1707/793 1708/1708/793
f 1696/1696/56 1695/1695/56 1709/1709/56
f 1696/1696/56 1709/1709/56 1710/1710/56
f 1700/1700/791 1699/1699/791 1711/1711/794
f 1700/1700/791 1711/1711/794 1712/1712/794
f 1704/1704/65 1703/1703/65 1713/1713/65
f 1704/1704/65 1713/1713/65 1714/1714/65
f 317/317/795 1715/1715/795 1716/1716/795
f 317/317/795 1716/1716/795 261/261/795
f 1717/1717/123 1718/1718/123 1719/1719/123
f 1717/1717/123 1719/1719/123 1720/1720/123
f 1716/1716/123 1715/1715/123 1721/1721/123
f 1716/1716/123 1721/1721/123 1722/1722/123
f 1723/1723/1 1724/1724/1 1725/1725/796
f 1723/1723/1 1725/1725/796 1726/1726/796
f 1727/1727/1 1728/1728/1 1729/1729/797
f 1727/1727/1 1729/1729/797 1730/1730/797
f 1731/1731/1 1732/1732/1 1733/1733/798
f 1731/1731/1 1733/1733/798 1734/1734/798
f 1735/1735/799 1736/1736/799 1724/1724/1
f 1735/1735/799 1724/1724/1 1723/1723/1
f 1730/1730/797 1729/1729/797 1737/1737/800
f 1730/1730/797 1737/1737/800 1738/1738/800
f 1734/1734/798 1733/1733/798 1739/1739/801
f 1734/1734/798 1739/1739/801 1740/1740/801
f 1741/1741/801 1742/1742/801 1736/1736/799
f 1741/1741/801 1736/1736/799 1735/1735/799
f 1738/1738/800 1737/1737/800 292/292/171
f 1738/1738/800 292/292/171 291/291/170
f 1740/1740/801 1739/1739/801 388/388/230
f 1740/1740/801 388/388/230 280/280/159
f 389/389/230 283/283/162 1742/1742/801
f 389/389/230 1742/1742/801 1741/1741/801
f 1743/1743/802 1744/1744/802 1732/1732/1
f 1743/1743/802 1732/1732/1 1731/1731/1
f 1745/1745/803 1746/1746/803 1728/1728/1
f 1745/1745/803 1728/1728/1 1727/1727/1
f 1726/1726/796 1725/1725/796 1747/1747/804
f 1726/1726/796 1747/1747/804 1748/1748/804
f 232/232/195 231/231/195 1720/1720/195
f 232/232/195 1720/1720/195 1719/1719/195
f 1749/1749/804 1750/1750/804 1744/1744/802
f 1749/1749/804 1744/1744/802 1743/1743/802
f 1751/1751/56 1752/1752/56 1753/1753/56
f 1751/1751/56 1753/1753/56 1754/1754/56
f 1755/1755/56 1756/1756/56 1752/1752/56
f 1755/1755/56 1752/1752/56 1751/1751/56
f 1757/1757/56 1758/1758/56 1756/1756/56
f 1757/1757/56 1756/1756/56 1755/1755/56
f 1759/1759/56 1760/1760/56 1758/1758/56
f 1759/1759/56 1758/1758/56 1757/1757/56
f 1761/1761/56 1762/1762/56 1760/1760/56
f 1761/1761/56 1760/1760/56 1759/1759/56
f 1763/1763/56 1764/1764/56 1762/1762/56
f 1763/1763/56 1762/1762/56 1761/1761/56
f 1765/1765/56 1766/1766/56 1764/1764/56
f 1765/1765/56 1764/1764/56 1763/1763/56
f 1767/1767/56 1768/1768/56 1766/1766/56
f 1767/1767/56 1766/1766/56 1765/1765/56
f 1769/1769/56 1770/1770/56 1768/1768/56
f 1769/1769/56 1768/1768/56 1767/1767/56
f 1771/1771/56 1772/1772/56 1770/1770/56
f 1771/1771/56 1770/1770/56 1769/1769/56
f 1773/1773/56 1774/1774/56 1772/1772/56
f 1773/1773/56 1772/1772/56 1771/1771/56
f 1775/1775/56 1776/1776/56 1774/1774/56
f 1775/1775/56 1774/1774/56 1773/1773/56
f 1777/1777/56 1778/1778/56 1776/1776/56
f 1777/1777/56 1776/1776/56 1775/1775/56
f 1779/1779/56 1780/1780/56 1778/1778/56
f 1779/1779/56 1778/1778/56 1777/1777/56
f 1781/1781/56 1782/1782/56 1780/1780/56
f 1781/1781/56 1780/1780/56 1779/1779/56
f 1754/1754/56 1753/1753/56 1782/1782/56
f 1754/1754/56 1782/1782/56 1781/1781/56
f 1783/1783/805 1784/1784/805 1746/1746/803
f 1783/1783/805 1746/1746/803 1745/1745/803
f 1750/1750/804 1749/1749/804 391/391/177
f 1750/1750/804 391/391/177 289/289/168
f 390/390/231 286/286/165 1784/1784/805
f 390/390/231 1784/1784/805 1783/1783/805
f 1748/1748/804 1747/1747/804 299/299/178
f 1748/1748/804 299/299/178 298/298/177
f 1490/1490/633 18/18/16 19/19/17
f 1490/1490/633 19/19/17 1785/1785/806
f 1786/1786/807 1787/1787/807 1788/1788/808
f 1786/1786/807 1788/1788/808 1789/1789/808
f 1790/1790/809 1791/1791/809 1792/1792/810
f 1790/1790/809 1792/1792/810 1793/1793/810
f 318/318/192 266/266/147 1794/1794/811
f 318/318/192 1794/1794/811 1795/1795/811
f 1785/1785/806 19/19/17 20/20/18
f 1785/1785/806 20/20/18 1796/1796/812
f 1795/1795/811 1794/1794/811 1797/1797/813
f 1795/1795/811 1797/1797/813 1798/1798/813
f 1799/1799/123 1800/1800/123 1801/1801/814
f 1799/1799/123 1801/1801/814 1802/1802/814
f 1803/1803/815 1804/1804/815 1805/1805/816
f 1803/1803/815 1805/1805/816 1806/1806/816
f 1796/1796/812 20/20/18 21/21/19
f 1796/1796/812 21/21/19 1807/1807/817
f 1798/1798/813 1797/1797/813 1808/1808/818
f 1798/1798/813 1808/1808/818 1809/1809/818
f 1807/1807/817 21/21/19 22/22/20
f 1807/1807/817 22/22/20 1478/1478/621
f 1810/1810/819 1811/1811/819 1791/1791/809
f 1810/1810/819 1791/1791/809 1790/1790/809
f 1812/1812/818 1813/1813/818 1814/1814/820
f 1812/1812/818 1814/1814/820 1815/1815/820
f 1816/1816/821 1817/1817/821 1804/1804/815
f 1816/1816/821 1804/1804/815 1803/1803/815
f 1818/1818/65 1819/1819/65 1820/1820/65
f 1818/1818/65 1820/1820/65 1821/1821/65
f 1691/1691/788 1478/1478/621 1479/1479/622
f 1691/1691/788 1479/1479/622 1822/1822/822
f 1815/1815/820 1814/1814/820 1823/1823/823
f 1815/1815/820 1823/1823/823 1824/1824/823
f 1822/1822/822 1479/1479/622 1480/1480/623
f 1822/1822/822 1480/1480/623 1825/1825/824
f 1824/1824/823 1823/1823/823 271/271/152
f 1824/1824/823 271/271/152 247/247/132
f 1826/1826/825 1827/1827/825 1828/1828/123
f 1826/1826/825 1828/1828/123 1829/1829/123
f 1830/1830/826 1831/1831/826 1811/1811/819
f 1830/1830/826 1811/1811/819 1810/1810/819
f 1825/1825/824 1480/1480/623 1481/1481/624
f 1825/1825/824 1481/1481/624 1666/1666/763
f 1721/1721/195 393/393/195 313/313/195
f 1721/1721/195 313/313/195 1722/1722/195
f 1666/1666/763 1481/1481/624 1482/1482/625
f 1666/1666/763 1482/1482/625 1667/1667/764
f 1832/1832/827 1833/1833/827 1817/1817/821
f 1832/1832/827 1817/1817/821 1816/1816/821
f 1834/1834/65 1835/1835/65 1819/1819/65
f 1834/1834/65 1819/1819/65 1818/1818/65
f 307/307/186 301/301/180 1836/1836/828
f 307/307/186 1836/1836/828 1837/1837/828
f 1837/1837/828 1836/1836/828 1838/1838/829
f 1837/1837/828 1838/1838/829 1839/1839/829
f 1839/1839/829 1838/1838/829 1840/1840/123
f 1839/1839/829 1840/1840/123 1841/1841/123
f 1842/1842/830 1843/1843/830 1831/1831/826
f 1842/1842/830 1831/1831/826 1830/1830/826
f 1844/1844/56 1845/1845/56 1846/1846/56
f 1844/1844/56 1846/1846/56 1847/1847/56
f 1667/1667/764 1482/1482/625 1483/1483/626
f 1667/1667/764 1483/1483/626 1669/1669/766
f 1848/1848/831 1849/1849/831 250/250/135
f 1848/1848/831 250/250/135 249/249/134
f 1850/1850/832 1851/1851/832 394/394/232
f 1850/1850/832 394/394/232 314/314/189
f 395/395/232 315/315/190 1852/1852/832
f 395/395/232 1852/1852/832 1853/1853/832
f 1789/1789/808 1788/1788/808 1833/1833/827
f 1789/1789/808 1833/1833/827 1832/1832/827
f 1854/1854/65 1855/1855/65 1835/1835/65
f 1854/1854/65 1835/1835/65 1834/1834/65
f 1669/1669/766 1483/1483/626 1484/1484/627
f 1669/1669/766 1484/1484/627 1671/1671/768
f 1856/1856/833 1857/1857/833 1849/1849/831
f 1856/1856/833 1849/1849/831 1848/1848/831
f 1858/1858/834 1859/1859/834 1851/1851/832
f 1858/1858/834 1851/1851/832 1850/1850/832
f 1853/1853/832 1852/1852/832 1860/1860/835
f 1853/1853/832 1860/1860/835 1861/1861/835
f 1862/1862/836 1863/1863/836 1827/1827/825
f 1862/1862/836 1827/1827/825 1826/1826/825
f 1671/1671/768 1484/1484/627 1485/1485/628
f 1671/1671/768 1485/1485/628 1673/1673/770
f 1864/1864/837 1865/1865/837 1857/1857/833
f 1864/1864/837 1857/1857/833 1856/1856/833
f 1866/1866/123 1867/1867/123 1859/1859/834
f 1866/1866/123 1859/1859/834 1858/1858/834
f 1861/1861/835 1860/1860/835 1868/1868/123
f 1861/1861/835 1868/1868/123 1869/1869/123
f 1870/1870/65 1871/1871/65 407/407/240
f 1870/1870/65 407/407/240 406/406/65
f 1872/1872/838 1873/1873/838 1843/1843/830
f 1872/1872/838 1843/1843/830 1842/1842/830
f 1673/1673/770 1485/1485/628 1486/1486/629
f 1673/1673/770 1486/1486/629 1675/1675/772
f 1874/1874/839 1875/1875/839 1865/1865/837
f 1874/1874/839 1865/1865/837 1864/1864/837
f 1876/1876/840 1877/1877/840 1867/1867/123
f 1876/1876/840 1867/1867/123 1866/1866/123
f 1869/1869/123 1868/1868/123 1878/1878/841
f 1869/1869/123 1878/1878/841 1879/1879/841
f 1880/1880/842 1881/1881/842 1882/1882/843
f 1880/1880/842 1882/1882/843 1883/1883/843
f 1884/1884/844 1885/1885/844 1886/1886/845
f 1884/1884/844 1886/1886/845 1887/1887/845
f 1675/1675/772 1486/1486/629 1487/1487/630
f 1675/1675/772 1487/1487/630 1677/1677/774
f 1888/1888/846 1889/1889/846 1875/1875/839
f 1888/1888/846 1875/1875/839 1874/1874/839
f 1890/1890/828 1891/1891/828 1877/1877/840
f 1890/1890/828 1877/1877/840 1876/1876/840
f 1879/1879/841 1878/1878/841 1892/1892/828
f 1879/1879/841 1892/1892/828 1893/1893/828
f 1894/1894/56 1895/1895/56 627/627/56
f 1894/1894/56 627/627/56 593/593/296
f 1793/1793/810 1792/1792/810 1896/1896/847
f 1793/1793/810 1896/1896/847 1897/1897/847
f 1677/1677/774 1487/1487/630 1488/1488/631
f 1677/1677/774 1488/1488/631 1679/1679/776
f 1893/1893/828 1892/1892/828 316/316/191
f 1893/1893/828 316/316/191 396/396/140
f 258/258/143 260/260/145 1889/1889/846
f 258/258/143 1889/1889/846 1888/1888/846
f 1891/1891/828 1890/1890/828 256/256/141
f 1891/1891/828 256/256/141 255/255/140
f 1898/1898/848 1899/1899/848 1863/1863/836
f 1898/1898/848 1863/1863/836 1862/1862/836
f 1679/1679/776 1488/1488/631 1489/1489/632
f 1679/1679/776 1489/1489/632 1681/1681/778
f 1900/1900/123 1901/1901/123 1902/1902/849
f 1900/1900/123 1902/1902/849 1903/1903/849
f 1903/1903/849 1902/1902/849 1904/1904/832
f 1903/1903/849 1904/1904/832 1905/1905/832
f 1905/1905/832 1904/1904/832 302/302/181
f 1905/1905/832 302/302/181 310/310/188
f 1717/1717/850 392/392/850 311/311/850
f 1717/1717/850 311/311/850 1718/1718/850
f 1906/1906/65 1907/1907/65 1871/1871/65
f 1906/1906/65 1871/1871/65 1870/1870/65
f 1806/1806/816 1805/1805/816 1885/1885/844
f 1806/1806/816 1885/1885/844 1884/1884/844
f 1681/1681/778 1489/1489/632 1490/1490/633
f 1681/1681/778 1490/1490/633 1683/1683/780
f 1908/1908/851 1909/1909/851 1881/1881/842
f 1908/1908/851 1881/1881/842 1880/1880/842
f 1910/1910/56 1911/1911/56 1895/1895/56
f 1910/1910/56 1895/1895/56 1894/1894/56
f 1912/1912/852 1913/1913/852 1899/1899/848
f 1912/1912/852 1899/1899/848 1898/1898/848
f 1714/1714/65 1713/1713/65 1907/1907/65
f 1714/1714/65 1907/1907/65 1906/1906/65
f 1712/1712/794 1711/1711/794 1909/1909/851
f 1712/1712/794 1909/1909/851 1908/1908/851
f 1710/1710/56 1709/1709/56 1911/1911/56
f 1710/1710/56 1911/1911/56 1910/1910/56
f 1708/1708/793 1707/1707/793 1913/1913/852
f 1708/1708/793 1913/1913/852 1912/1912/852
f 1914/1914/853 1915/1915/854 1916/1916/855
f 1914/1914/853 1916/1916/855 1917/1917/856
f 1917/1917/856 1916/1916/855 1918/1918/857
f 1917/1917/856 1918/1918/857 1919/1919/858
f 1919/1919/858 1918/1918/857 1920/1920/859
f 1919/1919/858 1920/1920/859 1921/1921/765
f 1921/1921/765 1920/1920/859 1922/1922/860
f 1921/1921/765 1922/1922/860 1923/1923/861
f 1923/1923/861 1922/1922/860 1924/1924/862
f 1923/1923/861 1924/1924/862 1925/1925/863
f 1925/1925/863 1924/1924/862 1926/1926/864
f 1925/1925/863 1926/1926/864 1927/1927/865
f 1927/1927/865 1926/1926/864 1928/1928/866
f 1927/1927/865 1928/1928/866 1929/1929/867
f 1929/1929/867 1928/1928/866 1930/1930/868
f 1929/1929/867 1930/1930/868 1931/1931/869
f 1931/1931/869 1930/1930/868 1932/1932/870
f 1931/1931/869 1932/1932/870 1933/1933/871
f 1933/1933/871 1932/1932/870 1934/1934/872
f 1933/1933/871 1934/1934/872 1935/1935/873
f 1935/1935/873 1934/1934/872 1936/1936/874
f 1935/1935/873 1936/1936/874 1937/1937/875
f 1937/1937/875 1936/1936/874 1938/1938/876
f 1937/1937/875 1938/1938/876 1939/1939/877
f 1939/1939/877 1938/1938/876 1940/1940/878
f 1939/1939/877 1940/1940/878 1941/1941/879
f 1941/1941/879 1940/1940/878 1942/1942/880
f 1941/1941/879 1942/1942/880 1943/1943/881
f 1943/1943/881 1942/1942/880 1944/1944/882
f 1943/1943/881 1944/1944/882 1945/1945/883
f 1802/1802/814 1801/1801/814 1946/1946/884
f 1802/1802/814 1946/1946/884 1947/1947/884
f 1947/1947/884 1946/1946/884 1873/1873/838
f 1947/1947/884 1873/1873/838 1872/1872/838
f 1948/1948/885 1949/1949/885 1950/1950/886
f 1948/1948/885 1950/1950/886 1951/1951/886
f 1952/1952/65 1953/1953/65 1954/1954/65
f 1952/1952/65 1954/1954/65 1955/1955/65
f 1436/1436/887 1956/1956/887 1957/1957/888
f 1436/1436/887 1957/1957/888 1451/1451/888
f 1958/1958/123 1959/1959/889 1960/1960/889
f 1958/1958/123 1960/1960/889 1961/1961/123
f 1962/1962/123 1963/1963/123 1964/1964/123
f 1962/1962/123 1964/1964/123 1965/1965/123
f 1683/1683/780 1490/1490/633 1785/1785/806
f 1683/1683/780 1785/1785/806 1685/1685/782
f 1966/1966/65 1964/1964/65 1963/1963/65
f 1966/1966/65 1963/1963/65 1967/1967/65
f 1685/1685/782 1785/1785/806 1796/1796/812
f 1685/1685/782 1796/1796/812 1687/1687/784
f 1968/1968/890 1962/1962/890 1965/1965/890
f 1968/1968/890 1965/1965/890 1969/1969/890
f 1970/1970/891 1971/1971/891 1972/1972/891
f 1970/1970/891 1972/1972/891 1973/1973/891
f 1974/1974/1 1975/1975/1 1976/1976/1
f 1974/1974/1 1976/1976/1 1977/1977/1
f 1978/1978/115 1979/1979/115 1975/1975/115
f 1978/1978/115 1975/1975/115 1980/1980/115
f 1979/1979/115 1981/1981/115 1976/1976/115
f 1979/1979/115 1976/1976/115 1975/1975/115
f 1982/1982/892 1983/1983/892 1984/1984/892
f 1982/1982/892 1984/1984/892 1985/1985/892
f 1986/1986/893 1987/1987/893 1988/1988/893
f 1986/1986/893 1988/1988/893 1989/1989/893
f 183/183/56 516/516/56 515/515/56
f 183/183/56 515/515/56 184/184/56
f 1990/1990/1 1991/1991/1 1970/1970/1
f 1990/1990/1 1970/1970/1 1973/1973/1
f 1985/1985/1 1984/1984/1 1992/1992/1
f 1985/1985/1 1992/1992/1 1993/1993/1
f 511/511/65 521/521/65 458/458/65
f 511/511/65 458/458/65 457/457/65
f 499/499/894 498/498/894 1994/1994/895
f 499/499/894 1994/1994/895 1995/1995/895
f 1996/1996/896 1997/1997/897 1998/1998/897
f 1996/1996/896 1998/1998/897 1999/1999/896
f 2000/2000/898 2001/2001/899 2002/2002/900
f 2000/2000/898 2002/2002/900 2003/2003/901
f 2004/2004/902 2000/2000/898 2003/2003/901
f 2004/2004/902 2003/2003/901 2005/2005/903
f 2006/2006/904 2004/2004/902 2005/2005/903
f 2006/2006/904 2005/2005/903 2007/2007/905
f 2008/2008/906 2006/2006/904 2007/2007/905
f 2008/2008/906 2007/2007/905 2009/2009/907
f 2010/2010/908 2011/2011/907 2012/2012/909
f 2010/2010/908 2012/2012/909 2013/2013/910
f 2014/2014/911 2010/2010/908 2013/2013/910
f 2014/2014/911 2013/2013/910 2015/2015/912
f 2016/2016/913 2014/2014/911 2015/2015/912
f 2016/2016/913 2015/2015/912 2017/2017/914
f 2018/2018/915 2016/2016/913 2017/2017/914
f 2018/2018/915 2017/2017/914 2019/2019/916
f 2020/2020/917 2018/2018/915 2019/2019/916
f 2020/2020/917 2019/2019/916 2021/2021/918
f 2022/2022/919 2020/2020/917 2021/2021/918
f 2022/2022/919 2021/2021/918 2023/2023/920
f 2024/2024/921 2022/2022/919 2023/2023/920
f 2024/2024/921 2023/2023/920 2025/2025/922
f 2002/2002/900 2024/2024/921 2025/2025/922
f 2002/2002/900 2025/2025/922 2026/2026/923
f 2003/2003/901 2002/2002/900 2026/2026/923
f 2003/2003/901 2026/2026/923 2027/2027/924
f 2005/2005/903 2003/2003/901 2027/2027/924
f 2005/2005/903 2027/2027/924 2028/2028/925
f 2007/2007/905 2005/2005/903 2028/2028/925
f 2007/2007/905 2028/2028/925 2029/2029/926
f 2009/2009/907 2007/2007/905 2029/2029/926
f 2009/2009/907 2029/2029/926 2030/2030/909
f 2013/2013/910 2012/2012/909 2031/2031/927
f 2013/2013/910 2031/2031/927 2032/2032/928
f 2015/2015/912 2013/2013/910 2032/2032/928
f 2015/2015/912 2032/2032/928 2033/2033/929
f 2017/2017/914 2015/2015/912 2033/2033/929
f 2017/2017/914 2033/2033/929 2034/2034/930
f 2019/2019/916 2017/2017/914 2034/2034/930
f 2019/2019/916 2034/2034/930 2035/2035/931
f 2021/2021/918 2019/2019/916 2035/2035/931
f 2021/2021/918 2035/2035/931 2036/2036/932
f 2023/2023/920 2021/2021/918 2036/2036/932
f 2023/2023/920 2036/2036/932 2037/2037/933
f 2025/2025/922 2023/2023/920 2037/2037/933
f 2025/2025/922 2037/2037/933 2038/2038/934
f 2039/2039/935 2040/2040/935 2041/2041/936
f 2039/2039/935 2041/2041/936 2042/2042/936
f 716/716/123 717/717/123 721/721/123
f 716/716/123 721/721/123 722/722/123
f 540/540/937 534/534/937 2043/2043/937
f 540/540/937 2043/2043/937 2044/2044/937
f 565/565/56 2045/2045/56 2046/2046/56
f 565/565/56 2046/2046/56 566/566/56
f 2047/2047/938 2048/2048/938 2049/2049/939
f 2047/2047/938 2049/2049/939 2050/2050/939
f 2051/2051/940 2052/2052/940 399/399/3
f 2051/2051/940 399/399/3 555/555/285
f 2053/2053/941 2054/2054/941 2055/2055/942
f 2053/2053/941 2055/2055/942 2056/2056/942
f 401/401/235 400/400/124 2057/2057/943
f 401/401/235 2057/2057/943 2058/2058/943
f 2059/2059/944 2060/2060/944 2061/2061/945
f 2059/2059/944 2061/2061/945 2062/2062/945
f 2063/2063/946 2064/2064/946 2065/2065/944
f 2063/2063/946 2065/2065/944 2066/2066/944
f 2067/2067/947 2068/2068/948 2069/2069/948
f 2067/2067/947 2069/2069/948 2070/2070/947
f 570/570/949 2071/2071/949 2072/2072/950
f 570/570/949 2072/2072/950 571/571/950
f 2073/2073/951 2067/2067/947 2070/2070/947
f 2073/2073/951 2070/2070/947 2074/2074/951
f 2075/2075/1 2073/2073/951 2074/2074/951
f 2075/2075/1 2074/2074/951 2076/2076/1
f 2077/2077/952 586/586/288 588/588/288
f 2077/2077/952 588/588/288 2078/2078/952
f 2079/2079/953 2080/2080/954 2081/2081/954
f 2079/2079/953 2081/2081/954 2082/2082/953
f 2080/2080/954 2083/2083/955 2084/2084/955
f 2080/2080/954 2084/2084/955 2081/2081/954
f 2083/2083/955 2085/2085/956 2086/2086/956
f 2083/2083/955 2086/2086/956 2084/2084/955
f 605/605/957 604/604/958 2087/2087/958
f 605/605/957 2087/2087/958 2088/2088/957
f 604/604/958 602/602/959 2089/2089/959
f 604/604/958 2089/2089/959 2087/2087/958
f 602/602/959 601/601/960 2090/2090/960
f 602/602/959 2090/2090/960 2089/2089/959
f 601/601/960 585/585/961 2091/2091/961
f 601/601/960 2091/2091/961 2090/2090/960
f 585/585/961 584/584/962 2092/2092/962
f 585/585/961 2092/2092/962 2091/2091/961
f 573/573/963 569/569/964 2093/2093/964
f 573/573/963 2093/2093/964 2094/2094/963
f 569/569/964 568/568/965 2095/2095/965
f 569/569/964 2095/2095/965 2093/2093/964
f 568/568/965 672/672/966 2096/2096/966
f 568/568/965 2096/2096/966 2095/2095/965
f 672/672/966 671/671/967 2097/2097/967
f 672/672/966 2097/2097/967 2096/2096/966
f 671/671/967 605/605/957 2088/2088/957
f 671/671/967 2088/2088/957 2097/2097/967
f 2098/2098/56 2099/2099/56 2100/2100/56
f 2098/2098/56 2100/2100/56 2101/2101/56
f 2102/2102/65 2103/2103/65 2104/2104/65
f 2102/2102/65 2104/2104/65 2105/2105/65
f 2099/2099/56 2106/2106/56 2107/2107/56
f 2099/2099/56 2107/2107/56 2100/2100/56
f 2108/2108/65 2102/2102/65 2105/2105/65
f 2108/2108/65 2105/2105/65 2109/2109/65
f 2106/2106/56 576/576/56 575/575/287
f 2106/2106/56 575/575/287 2107/2107/56
f 2110/2110/65 2108/2108/65 2109/2109/65
f 2110/2110/65 2109/2109/65 578/578/65
f 2111/2111/968 2112/2112/968 2054/2054/941
f 2111/2111/968 2054/2054/941 2053/2053/941
f 2050/2050/939 2049/2049/939 2113/2113/969
f 2050/2050/939 2113/2113/969 2114/2114/969
f 2103/2103/65 2115/2115/65 2116/2116/65
f 2103/2103/65 2116/2116/65 2104/2104/65
f 2117/2117/970 2118/2118/970 2114/2114/969
f 2117/2117/970 2114/2114/969 2113/2113/969
f 2119/2119/56 2098/2098/56 2101/2101/56
f 2119/2119/56 2101/2101/56 2120/2120/56
f 2121/2121/56 2122/2122/56 2123/2123/56
f 2121/2121/56 2123/2123/56 2124/2124/56
f 2125/2125/65 2126/2126/65 2127/2127/65
f 2125/2125/65 2127/2127/65 2128/2128/65
f 2122/2122/56 2129/2129/56 2130/2130/56
f 2122/2122/56 2130/2130/56 2123/2123/56
f 2131/2131/65 2125/2125/65 2128/2128/65
f 2131/2131/65 2128/2128/65 2132/2132/65
f 2129/2129/56 2133/2133/56 2134/2134/56
f 2129/2129/56 2134/2134/56 2130/2130/56
f 2135/2135/65 2131/2131/65 2132/2132/65
f 2135/2135/65 2132/2132/65 2136/2136/65
f 2137/2137/971 2138/2138/123 2139/2139/123
f 2137/2137/971 2139/2139/123 2140/2140/971
f 2078/2078/972 588/588/290 589/589/290
f 2078/2078/972 589/589/290 2141/2141/972
f 2142/2142/973 590/590/302 600/600/302
f 2142/2142/973 600/600/302 2143/2143/973
f 2141/2141/974 589/589/292 590/590/292
f 2141/2141/974 590/590/292 2142/2142/974
f 2144/2144/975 2137/2137/971 2140/2140/971
f 2144/2144/975 2140/2140/971 2145/2145/975
f 2146/2146/976 2144/2144/975 2145/2145/975
f 2146/2146/976 2145/2145/975 2147/2147/976
f 2148/2148/977 2146/2146/976 2147/2147/976
f 2148/2148/977 2147/2147/976 2149/2149/977
f 361/361/212 594/594/56 2150/2150/56
f 361/361/212 2150/2150/56 2151/2151/56
f 603/603/65 599/599/301 1855/1855/65
f 603/603/65 1855/1855/65 1854/1854/65
f 1916/1916/855 2152/2152/978 2153/2153/979
f 1916/1916/855 2153/2153/979 1918/1918/857
f 1918/1918/857 2153/2153/979 2154/2154/980
f 1918/1918/857 2154/2154/980 1920/1920/859
f 1920/1920/859 2154/2154/980 2155/2155/981
f 1920/1920/859 2155/2155/981 1922/1922/860
f 2156/2156/982 2157/2157/983 2158/2158/984
f 2156/2156/982 2158/2158/984 2159/2159/985
f 2160/2160/986 2156/2156/982 2159/2159/985
f 2160/2160/986 2159/2159/985 2161/2161/987
f 2162/2162/988 2163/2163/989 2164/2164/989
f 2162/2162/988 2164/2164/989 2165/2165/988
f 681/681/65 2110/2110/65 578/578/65
f 681/681/65 578/578/65 577/577/65
f 2166/2166/1 2167/2167/990 2168/2168/990
f 2166/2166/1 2168/2168/990 2169/2169/1
f 2167/2167/990 2079/2079/953 2082/2082/953
f 2167/2167/990 2082/2082/953 2168/2168/990
f 2115/2115/65 2135/2135/65 2136/2136/65
f 2115/2115/65 2136/2136/65 2116/2116/65
f 2133/2133/56 2119/2119/56 2120/2120/56
f 2133/2133/56 2120/2120/56 2134/2134/56
f 2170/2170/991 2148/2148/977 2149/2149/977
f 2170/2170/991 2149/2149/977 2171/2171/991
f 2172/2172/992 2173/2173/993 2174/2174/993
f 2172/2172/992 2174/2174/993 2175/2175/992
f 2176/2176/1 2177/2177/1 2178/2178/994
f 2176/2176/1 2178/2178/994 2179/2179/994
f 2056/2056/942 2055/2055/942 2052/2052/940
f 2056/2056/942 2052/2052/940 2051/2051/940
f 2062/2062/945 2061/2061/945 2118/2118/970
f 2062/2062/945 2118/2118/970 2117/2117/970
f 2180/2180/995 2172/2172/992 2175/2175/992
f 2180/2180/995 2175/2175/992 2181/2181/995
f 639/639/56 634/634/56 636/636/56
f 639/639/56 636/636/56 637/637/56
f 1687/1687/784 1796/1796/812 1807/1807/817
f 1687/1687/784 1807/1807/817 1689/1689/786
f 2182/2182/996 2183/2183/996 2112/2112/968
f 2182/2182/996 2112/2112/968 2111/2111/968
f 867/867/65 1072/1072/65 1071/1071/65
f 867/867/65 1071/1071/65 865/865/65
f 651/651/1 644/644/1 656/656/1
f 651/651/1 656/656/1 657/657/1
f 2184/2184/997 2180/2180/995 2181/2181/995
f 2184/2184/997 2181/2181/995 2185/2185/997
f 2058/2058/943 2057/2057/943 2186/2186/998
f 2058/2058/943 2186/2186/998 2187/2187/998
f 663/663/56 2188/2188/56 2189/2189/56
f 663/663/56 2189/2189/56 661/661/56
f 2190/2190/119 2191/2191/119 2192/2192/119
f 2190/2190/119 2192/2192/119 2193/2193/119
f 2085/2085/956 2184/2184/997 2185/2185/997
f 2085/2085/956 2185/2185/997 2086/2086/956
f 2194/2194/56 2195/2195/56 2196/2196/56
f 2194/2194/56 2196/2196/56 2197/2197/56
f 2187/2187/998 2186/2186/998 2198/2198/999
f 2187/2187/998 2198/2198/999 2199/2199/999
f 2200/2200/65 1303/1303/65 579/579/65
f 2200/2200/65 579/579/65 2201/2201/65
f 2199/2199/999 2198/2198/999 2202/2202/1000
f 2199/2199/999 2202/2202/1000 2203/2203/1000
f 2204/2204/892 2205/2205/892 2064/2064/946
f 2204/2204/892 2064/2064/946 2063/2063/946
f 2206/2206/56 2207/2207/56 2196/2196/56
f 2206/2206/56 2196/2196/56 2195/2195/56
f 665/665/315 2208/2208/56 2209/2209/56
f 665/665/315 2209/2209/56 666/666/316
f 2210/2210/1001 2170/2170/991 2171/2171/991
f 2210/2210/1001 2171/2171/991 2211/2211/1001
f 2212/2212/1 2213/2213/1 2044/2044/1
f 2212/2212/1 2044/2044/1 2043/2043/1
f 2214/2214/65 2200/2200/65 2201/2201/65
f 2214/2214/65 2201/2201/65 2215/2215/65
f 2208/2208/56 2216/2216/56 2217/2217/56
f 2208/2208/56 2217/2217/56 2209/2209/56
f 2218/2218/65 2214/2214/65 2215/2215/65
f 2218/2218/65 2215/2215/65 2219/2219/65
f 2216/2216/56 2220/2220/56 2221/2221/56
f 2216/2216/56 2221/2221/56 2217/2217/56
f 2222/2222/65 2218/2218/65 2219/2219/65
f 2222/2222/65 2219/2219/65 2223/2223/65
f 2220/2220/56 2224/2224/56 2225/2225/56
f 2220/2220/56 2225/2225/56 2221/2221/56
f 2226/2226/65 2222/2222/65 2223/2223/65
f 2226/2226/65 2223/2223/65 2227/2227/65
f 2224/2224/56 2228/2228/56 2229/2229/56
f 2224/2224/56 2229/2229/56 2225/2225/56
f 679/679/65 2226/2226/65 2227/2227/65
f 679/679/65 2227/2227/65 598/598/300
f 2228/2228/56 680/680/56 595/595/297
f 2228/2228/56 595/595/297 2229/2229/56
f 574/574/286 609/609/307 667/667/317
f 574/574/286 667/667/317 575/575/287
f 2165/2165/988 2230/2230/1002 2231/2231/1002
f 2165/2165/988 2231/2231/1002 2162/2162/988
f 2230/2230/1002 2232/2232/1003 2233/2233/1003
f 2230/2230/1002 2233/2233/1003 2231/2231/1002
f 2232/2232/1003 2234/2234/1004 2235/2235/1004
f 2232/2232/1003 2235/2235/1004 2233/2233/1003
f 2236/2236/119 2237/2237/119 2238/2238/119
f 2236/2236/119 2238/2238/119 2239/2239/119
f 2205/2205/892 2204/2204/892 2240/2240/1005
f 2205/2205/892 2240/2240/1005 2241/2241/1005
f 2242/2242/1006 2243/2243/1007 2244/2244/1008
f 2242/2242/1006 2244/2244/1008 2245/2245/1009
f 2246/2246/1010 2247/2247/1011 2248/2248/1012
f 2246/2246/1010 2248/2248/1012 2249/2249/1013
f 2250/2250/1 2251/2251/1 2252/2252/1
f 2250/2250/1 2252/2252/1 2253/2253/1
f 2237/2237/1014 2236/2236/1014 640/640/1014
f 2237/2237/1014 640/640/1014 528/528/1014
f 2254/2254/357 2255/2255/1015 2256/2256/1016
f 2254/2254/357 2256/2256/1016 2257/2257/1017
f 2212/2212/801 652/652/801 670/670/801
f 2212/2212/801 670/670/801 2213/2213/801
f 2258/2258/1018 2259/2259/1018 497/497/254
f 2258/2258/1018 497/497/254 520/520/261
f 2260/2260/1019 2261/2261/1020 2262/2262/1021
f 2260/2260/1019 2262/2262/1021 2263/2263/1022
f 2264/2264/1023 2265/2265/1023 2266/2266/1023
f 2264/2264/1023 2266/2266/1023 2267/2267/1023
f 2268/2268/115 2269/2269/115 2270/2270/115
f 2268/2268/115 2270/2270/115 2271/2271/115
f 2272/2272/1024 2273/2273/1025 2274/2274/1026
f 2272/2272/1024 2274/2274/1026 2275/2275/1027
f 2239/2239/1028 2238/2238/1028 565/565/1028
f 2239/2239/1028 565/565/1028 564/564/1028
f 2234/2234/1004 2276/2276/1029 2277/2277/1029
f 2234/2234/1004 2277/2277/1029 2235/2235/1004
f 2276/2276/1029 2278/2278/1030 2279/2279/1030
f 2276/2276/1029 2279/2279/1030 2277/2277/1029
f 2068/2068/948 2210/2210/1001 2211/2211/1001
f 2068/2068/948 2211/2211/1001 2069/2069/948
f 2280/2280/1031 2281/2281/1032 2282/2282/1033
f 2280/2280/1031 2282/2282/1033 2283/2283/1034
f 2284/2284/115 2285/2285/115 2189/2189/115
f 2284/2284/115 2189/2189/115 2188/2188/115
f 2286/2286/1035 2287/2287/517 1024/1024/522
f 2286/2286/1035 1024/1024/522 804/804/393
f 2241/2241/1005 2240/2240/1005 2183/2183/996
f 2241/2241/1005 2183/2183/996 2182/2182/996
f 2288/2288/1036 2289/2289/1037 2290/2290/1038
f 2288/2288/1036 2290/2290/1038 2291/2291/1039
f 2292/2292/1 2293/2293/1 2294/2294/1
f 2292/2292/1 2294/2294/1 2295/2295/1
f 781/781/524 2296/2296/1040 2297/2297/1040
f 781/781/524 2297/2297/1040 1012/1012/525
f 2267/2267/1041 2266/2266/1041 2285/2285/1041
f 2267/2267/1041 2285/2285/1041 2284/2284/1041
f 766/766/364 2298/2298/1042 2299/2299/1042
f 766/766/364 2299/2299/1042 764/764/362
f 859/859/439 858/858/438 1065/1065/564
f 859/859/439 1065/1065/564 738/738/343
f 2265/2265/1043 2264/2264/1043 2193/2193/1043
f 2265/2265/1043 2193/2193/1043 2192/2192/1043
f 1689/1689/786 1807/1807/817 1478/1478/621
f 1689/1689/786 1478/1478/621 1691/1691/788
f 2295/2295/1 2300/2300/1 2301/2301/1
f 2295/2295/1 2301/2301/1 2292/2292/1
f 2245/2245/1009 2302/2302/1044 2303/2303/1045
f 2245/2245/1009 2303/2303/1045 2304/2304/1046
f 2305/2305/1 2306/2306/1 2307/2307/1
f 2305/2305/1 2307/2307/1 2308/2308/1
f 2309/2309/1 2310/2310/1 2311/2311/1
f 2309/2309/1 2311/2311/1 2312/2312/1
f 2313/2313/1007 2314/2314/1047 2315/2315/1048
f 2313/2313/1007 2315/2315/1048 2316/2316/1008
f 661/661/1049 2271/2271/1049 2270/2270/1049
f 661/661/1049 2270/2270/1049 662/662/1049
f 2249/2249/1013 2248/2248/1012 2317/2317/1050
f 2249/2249/1013 2317/2317/1050 2318/2318/1051
f 1692/1692/789 1691/1691/788 1822/1822/822
f 1692/1692/789 1822/1822/822 2319/2319/1052
f 2320/2320/1053 2321/2321/1054 2322/2322/1055
f 2320/2320/1053 2322/2322/1055 2323/2323/1056
f 2324/2324/1057 2325/2325/1058 2326/2326/1059
f 2324/2324/1057 2326/2326/1059 2327/2327/1060
f 2328/2328/1061 2329/2329/1062 2330/2330/1063
f 2328/2328/1061 2330/2330/1063 2331/2331/1064
f 2329/2329/1062 2332/2332/1065 2333/2333/1066
f 2329/2329/1062 2333/2333/1066 2330/2330/1063
f 2268/2268/1067 527/527/1067 660/660/1067
f 2268/2268/1067 660/660/1067 2269/2269/1067
f 2334/2334/1068 2335/2335/1069 2323/2323/1056
f 2334/2334/1068 2323/2323/1056 2336/2336/1070
f 2319/2319/1052 1822/1822/822 1825/1825/824
f 2319/2319/1052 1825/1825/824 2337/2337/1071
f 2338/2338/1072 2339/2339/1073 2331/2331/1064
f 2338/2338/1072 2331/2331/1064 2320/2320/1053
f 2308/2308/1 2340/2340/1 2341/2341/1
f 2308/2308/1 2341/2341/1 2305/2305/1
f 996/996/1074 992/992/1075 2342/2342/1075
f 996/996/1074 2342/2342/1075 2343/2343/1074
f 2344/2344/1076 2246/2246/1010 2249/2249/1013
f 2344/2344/1076 2249/2249/1013 2328/2328/1061
f 2345/2345/1077 2346/2346/65 2347/2347/65
f 2345/2345/1077 2347/2347/65 2348/2348/1077
f 2349/2349/65 2350/2350/65 2351/2351/65
f 2349/2349/65 2351/2351/65 2352/2352/65
f 992/992/1075 993/993/1078 2353/2353/1078
f 992/992/1075 2353/2353/1078 2342/2342/1075
f 834/834/418 966/966/493 743/743/347
f 834/834/418 743/743/347 745/745/349
f 2354/2354/1 1955/1955/1 1954/1954/1
f 2354/2354/1 1954/1954/1 2355/2355/1
f 2356/2356/1079 2357/2357/1080 2358/2358/1080
f 2356/2356/1079 2358/2358/1080 2359/2359/1079
f 2360/2360/1081 2361/2361/1081 2362/2362/1082
f 2360/2360/1081 2362/2362/1082 2363/2363/1082
f 2359/2359/1079 2364/2364/1083 2365/2365/1083
f 2359/2359/1079 2365/2365/1083 2356/2356/1079
f 993/993/1078 995/995/1084 2366/2366/1084
f 993/993/1078 2366/2366/1084 2353/2353/1078
f 995/995/1084 994/994/1085 2367/2367/1085
f 995/995/1084 2367/2367/1085 2366/2366/1084
f 2368/2368/1086 2369/2369/1087 2370/2370/1088
f 2368/2368/1086 2370/2370/1088 2371/2371/1089
f 709/709/332 1022/1022/535 1067/1067/566
f 709/709/332 1067/1067/566 719/719/334
f 2372/2372/1090 1044/1044/549 1043/1043/548
f 2372/2372/1090 1043/1043/548 2373/2373/1090
f 2374/2374/1091 2375/2375/1091 2376/2376/1092
f 2374/2374/1091 2376/2376/1092 2377/2377/1092
f 2378/2378/1093 2379/2379/1094 2380/2380/1095
f 2378/2378/1093 2380/2380/1095 2381/2381/1096
f 2382/2382/1097 2383/2383/1098 2384/2384/1099
f 2382/2382/1097 2384/2384/1099 2385/2385/1100
f 2340/2340/1 2250/2250/1 2253/2253/1
f 2340/2340/1 2253/2253/1 2341/2341/1
f 2386/2386/1101 2387/2387/1102 2388/2388/1102
f 2386/2386/1101 2388/2388/1102 2389/2389/1101
f 2312/2312/1 2294/2294/1 2293/2293/1
f 2312/2312/1 2293/2293/1 2309/2309/1
f 2310/2310/1 2252/2252/1 2251/2251/1
f 2310/2310/1 2251/2251/1 2311/2311/1
f 2390/2390/1103 2391/2391/1104 2392/2392/1104
f 2390/2390/1103 2392/2392/1104 2393/2393/1103
f 2394/2394/1105 903/903/1105 942/942/1106
f 2394/2394/1105 942/942/1106 2395/2395/1106
f 942/942/1106 996/996/1074 2343/2343/1074
f 942/942/1106 2343/2343/1074 2395/2395/1106
f 2289/2289/1037 2396/2396/528 2397/2397/532
f 2289/2289/1037 2397/2397/532 2290/2290/1038
f 2281/2281/1032 2398/2398/1107 2399/2399/1108
f 2281/2281/1032 2399/2399/1108 2282/2282/1033
f 2400/2400/1109 2401/2401/1110 2402/2402/1111
f 2400/2400/1109 2402/2402/1111 2403/2403/1112
f 2298/2298/1042 2404/2404/1113 2405/2405/1113
f 2298/2298/1042 2405/2405/1113 2299/2299/1042
f 2406/2406/1114 2407/2407/1115 2408/2408/1116
f 2406/2406/1114 2408/2408/1116 2409/2409/1117
f 2410/2410/1118 803/803/392 2411/2411/1119
f 2410/2410/1118 2411/2411/1119 2412/2412/1119
f 2413/2413/1120 1033/1033/542 2414/2414/1121
f 2413/2413/1120 2414/2414/1121 2384/2384/1099
f 2415/2415/1122 2416/2416/1123 2379/2379/1094
f 2415/2415/1122 2379/2379/1094 2417/2417/1124
f 2418/2418/115 2419/2419/115 2420/2420/115
f 2418/2418/115 2420/2420/115 2421/2421/115
f 2422/2422/1125 2423/2423/539 2424/2424/353
f 2422/2422/1125 2424/2424/353 2380/2380/1095
f 2425/2425/1126 2426/2426/1127 2427/2427/1127
f 2425/2425/1126 2427/2427/1127 2428/2428/1126
f 2426/2426/1127 2429/2429/1128 2430/2430/1128
f 2426/2426/1127 2430/2430/1128 2427/2427/1127
f 2431/2431/1129 2368/2368/1086 2371/2371/1089
f 2431/2431/1129 2371/2371/1089 2432/2432/1130
f 2429/2429/1128 2433/2433/1131 2434/2434/1131
f 2429/2429/1128 2434/2434/1131 2430/2430/1128
f 2435/2435/115 2436/2436/115 756/756/355
f 2435/2435/115 756/756/355 755/755/355
f 2382/2382/1097 2385/2385/1100 2437/2437/1132
f 2382/2382/1097 2437/2437/1132 2438/2438/1133
f 2249/2249/1013 2318/2318/1051 2329/2329/1062
f 2249/2249/1013 2329/2329/1062 2328/2328/1061
f 2331/2331/1064 2330/2330/1063 2321/2321/1054
f 2331/2331/1064 2321/2321/1054 2320/2320/1053
f 2439/2439/1134 2413/2413/1120 2384/2384/1099
f 2439/2439/1134 2384/2384/1099 2383/2383/1098
f 2440/2440/1135 2242/2242/1006 2245/2245/1009
f 2440/2440/1135 2245/2245/1009 2304/2304/1046
f 2441/2441/1136 2442/2442/1137 2443/2443/1138
f 2441/2441/1136 2443/2443/1138 2444/2444/1139
f 2445/2445/1140 2446/2446/1141 2447/2447/1141
f 2445/2445/1140 2447/2447/1141 2448/2448/1140
f 2449/2449/1142 2348/2348/1143 2450/2450/1143
f 2449/2449/1142 2450/2450/1143 2451/2451/1142
f 2446/2446/1141 2449/2449/1142 2451/2451/1142
f 2446/2446/1141 2451/2451/1142 2447/2447/1141
f 2452/2452/1144 2415/2415/1122 2417/2417/1124
f 2452/2452/1144 2417/2417/1124 2453/2453/1145
f 2433/2433/1131 1045/1045/550 814/814/402
f 2433/2433/1131 814/814/402 2434/2434/1131
f 2330/2330/1063 2333/2333/1066 2454/2454/1146
f 2330/2330/1063 2454/2454/1146 2321/2321/1054
f 2455/2455/1147 799/799/388 761/761/360
f 2455/2455/1147 761/761/360 778/778/373
f 2456/2456/1148 2441/2441/1136 2444/2444/1139
f 2456/2456/1148 2444/2444/1139 2403/2403/1112
f 2402/2402/1111 2457/2457/1149 2456/2456/1148
f 2402/2402/1111 2456/2456/1148 2403/2403/1112
f 2458/2458/115 2459/2459/1150 763/763/361
f 2458/2458/115 763/763/361 762/762/115
f 2460/2460/56 2461/2461/56 2462/2462/56
f 2460/2460/56 2462/2462/56 2463/2463/56
f 2464/2464/56 2460/2460/56 2463/2463/56
f 2464/2464/56 2463/2463/56 2465/2465/56
f 2466/2466/56 2462/2462/56 2461/2461/56
f 2466/2466/56 2461/2461/56 2467/2467/56
f 2467/2467/56 2468/2468/56 2469/2469/56
f 2467/2467/56 2469/2469/56 2466/2466/56
f 2361/2361/1151 2445/2445/1140 2448/2448/1140
f 2361/2361/1151 2448/2448/1140 2470/2470/1151
f 2471/2471/1152 2358/2358/1152 2357/2357/1153
f 2471/2471/1152 2357/2357/1153 2472/2472/1153
f 2357/2357/1153 2356/2356/1154 2473/2473/1154
f 2357/2357/1153 2473/2473/1154 2472/2472/1153
f 2474/2474/1155 1014/1014/527 729/729/337
f 2474/2474/1155 729/729/337 2475/2475/1156
f 2416/2416/1123 2422/2422/1125 2380/2380/1095
f 2416/2416/1123 2380/2380/1095 2379/2379/1094
f 2322/2322/1055 2476/2476/1157 1017/1017/530
f 2322/2322/1055 1017/1017/530 2477/2477/1158
f 2362/2362/1159 2361/2361/1151 2470/2470/1151
f 2362/2362/1159 2470/2470/1151 2478/2478/1159
f 2356/2356/1154 2365/2365/1160 2479/2479/1160
f 2356/2356/1154 2479/2479/1160 2473/2473/1154
f 2365/2365/1160 2362/2362/1159 2478/2478/1159
f 2365/2365/1160 2478/2478/1159 2479/2479/1160
f 2348/2348/1143 2347/2347/1161 2480/2480/1161
f 2348/2348/1143 2480/2480/1161 2450/2450/1143
f 2347/2347/1161 2352/2352/1162 2481/2481/1162
f 2347/2347/1161 2481/2481/1162 2480/2480/1161
f 2352/2352/1162 2351/2351/1163 2482/2482/1163
f 2352/2352/1162 2482/2482/1163 2481/2481/1162
f 2370/2370/1088 2452/2452/1144 2453/2453/1145
f 2370/2370/1088 2453/2453/1145 2371/2371/1089
f 2419/2419/115 2418/2418/115 2483/2483/115
f 2419/2419/115 2483/2483/115 2484/2484/115
f 2369/2369/1087 2485/2485/1164 2486/2486/1165
f 2369/2369/1087 2486/2486/1165 2370/2370/1088
f 2487/2487/1166 2488/2488/1166 2489/2489/1166
f 2487/2487/1166 2489/2489/1166 2490/2490/1166
f 762/762/1167 728/728/1167 751/751/1167
f 762/762/1167 751/751/1167 2491/2491/1167
f 2492/2492/1168 2324/2324/1057 2416/2416/1123
f 2492/2492/1168 2416/2416/1123 2415/2415/1122
f 2351/2351/1163 2350/2350/1169 2493/2493/1169
f 2351/2351/1163 2493/2493/1169 2482/2482/1163
f 2303/2303/1045 2494/2494/1170 2495/2495/1171
f 2303/2303/1045 2495/2495/1171 2317/2317/1050
f 2496/2496/504 1005/1005/520 1004/1004/486
f 2496/2496/504 1004/1004/486 2497/2497/331
f 2498/2498/1172 2499/2499/1172 757/757/1172
f 2498/2498/1172 757/757/1172 756/756/1172
f 2327/2327/1060 2500/2500/1173 2423/2423/539
f 2327/2327/1060 2423/2423/539 2422/2422/1125
f 2501/2501/115 2421/2421/115 2420/2420/115
f 2501/2501/115 2420/2420/115 2502/2502/115
f 2503/2503/1174 2492/2492/1168 2415/2415/1122
f 2503/2503/1174 2415/2415/1122 2452/2452/1144
f 1002/1002/518 2504/2504/1175 2505/2505/1176
f 1002/1002/518 2505/2505/1176 786/786/379
f 2504/2504/1175 2315/2315/1048 2314/2314/1047
f 2504/2504/1175 2314/2314/1047 2505/2505/1176
f 2506/2506/1177 2507/2507/1178 2508/2508/1178
f 2506/2506/1177 2508/2508/1178 2509/2509/1177
f 2510/2510/1179 2475/2475/1156 2455/2455/1147
f 2510/2510/1179 2455/2455/1147 2511/2511/1180
f 2512/2512/1181 2425/2425/1126 2428/2428/1126
f 2512/2512/1181 2428/2428/1126 2513/2513/1181
f 2280/2280/1031 2263/2263/1022 2514/2514/1182
f 2280/2280/1031 2514/2514/1182 2281/2281/1032
f 2324/2324/1057 2327/2327/1060 2422/2422/1125
f 2324/2324/1057 2422/2422/1125 2416/2416/1123
f 2486/2486/1165 2503/2503/1174 2452/2452/1144
f 2486/2486/1165 2452/2452/1144 2370/2370/1088
f 2515/2515/115 2501/2501/115 2502/2502/115
f 2515/2515/115 2502/2502/115 2516/2516/115
f 2407/2407/1115 2517/2517/1183 2518/2518/1184
f 2407/2407/1115 2518/2518/1184 2408/2408/1116
f 2519/2519/1185 2520/2520/1186 2521/2521/1187
f 2519/2519/1185 2521/2521/1187 2522/2522/1188
f 2523/2523/1189 2524/2524/1189 2525/2525/1190
f 2523/2523/1189 2525/2525/1190 2526/2526/1190
f 2527/2527/1 2528/2528/1 2529/2529/1
f 2527/2527/1 2529/2529/1 2393/2393/1
f 803/803/392 2410/2410/1118 2530/2530/1191
f 803/803/392 2530/2530/1191 760/760/359
f 2281/2281/1032 2514/2514/1182 2257/2257/1017
f 2281/2281/1032 2257/2257/1017 2398/2398/1107
f 2503/2503/1174 2531/2531/1192 2532/2532/1193
f 2503/2503/1174 2532/2532/1193 2492/2492/1168
f 2533/2533/1194 2453/2453/1145 2417/2417/1124
f 2533/2533/1194 2417/2417/1124 2534/2534/1195
f 2535/2535/1 2536/2536/1 2537/2537/1
f 2535/2535/1 2537/2537/1 2538/2538/1
f 2539/2539/1 2535/2535/1 2538/2538/1
f 2539/2539/1 2538/2538/1 2540/2540/1
f 2541/2541/1196 2542/2542/541 801/801/390
f 2541/2541/1196 801/801/390 1036/1036/543
f 2485/2485/1164 2543/2543/1197 2544/2544/1198
f 2485/2485/1164 2544/2544/1198 2486/2486/1165
f 2545/2545/115 2515/2515/115 2516/2516/115
f 2545/2545/115 2516/2516/115 2546/2546/115
f 2547/2547/1199 2548/2548/1200 2522/2522/1188
f 2547/2547/1199 2522/2522/1188 2549/2549/1201
f 2302/2302/1044 2550/2550/1202 2551/2551/536
f 2302/2302/1044 2551/2551/536 2552/2552/1203
f 2318/2318/1051 2317/2317/1050 2495/2495/1171
f 2318/2318/1051 2495/2495/1171 2553/2553/1204
f 760/760/359 2554/2554/1205 2555/2555/1015
f 760/760/359 2555/2555/1015 758/758/357
f 2556/2556/1206 2557/2557/1207 2558/2558/1207
f 2556/2556/1206 2558/2558/1207 2559/2559/1206
f 2560/2560/1208 2561/2561/1209 2562/2562/1209
f 2560/2560/1208 2562/2562/1209 2563/2563/1208
f 2564/2564/1210 2556/2556/1206 2559/2559/1206
f 2564/2564/1210 2559/2559/1206 2565/2565/1210
f 2561/2561/1209 2566/2566/1211 2567/2567/1212
f 2561/2561/1209 2567/2567/1212 2562/2562/1209
f 868/868/443 870/870/445 1075/1075/569
f 868/868/443 1075/1075/569 1074/1074/568
f 2568/2568/1213 2519/2519/1185 2522/2522/1188
f 2568/2568/1213 2522/2522/1188 2548/2548/1200
f 2520/2520/1186 2541/2541/1196 1036/1036/543
f 2520/2520/1186 1036/1036/543 2521/2521/1187
f 2518/2518/1184 2568/2568/1213 2548/2548/1200
f 2518/2518/1184 2548/2548/1200 2408/2408/1116
f 2336/2336/1070 2477/2477/1158 2569/2569/1214
f 2336/2336/1070 2569/2569/1214 2274/2274/1026
f 2570/2570/56 2571/2571/56 2392/2392/56
f 2570/2570/56 2392/2392/56 2572/2572/56
f 2573/2573/1215 2574/2574/1216 2575/2575/1199
f 2573/2573/1215 2575/2575/1199 2576/2576/1215
f 639/639/56 2577/2577/56 2578/2578/56
f 639/639/56 2578/2578/56 634/634/56
f 1082/1082/571 703/703/329 2579/2579/1217
f 1082/1082/571 2579/2579/1217 2580/2580/1217
f 2409/2409/1117 2408/2408/1116 2548/2548/1200
f 2409/2409/1117 2548/2548/1200 2547/2547/1199
f 2581/2581/115 2545/2545/115 2546/2546/115
f 2581/2581/115 2546/2546/115 2582/2582/115
f 2517/2517/1183 2431/2431/1129 2432/2432/1130
f 2517/2517/1183 2432/2432/1130 2518/2518/1184
f 2381/2381/1096 2380/2380/1095 2424/2424/353
f 2381/2381/1096 2424/2424/353 2583/2583/540
f 2584/2584/1218 2529/2529/1219 2528/2528/1219
f 2584/2584/1218 2528/2528/1219 2585/2585/1218
f 2585/2585/1218 2586/2586/1220 2587/2587/1220
f 2585/2585/1218 2587/2587/1220 2584/2584/1218
f 2534/2534/1195 2378/2378/1093 2520/2520/1186
f 2534/2534/1195 2520/2520/1186 2519/2519/1185
f 2381/2381/1096 2583/2583/540 2542/2542/541
f 2381/2381/1096 2542/2542/541 2541/2541/1196
f 2327/2327/1060 2326/2326/1059 2588/2588/538
f 2327/2327/1060 2588/2588/538 2500/2500/1173
f 2354/2354/115 2589/2589/115 2590/2590/115
f 2354/2354/115 2590/2590/115 1955/1955/115
f 2355/2355/56 2591/2591/56 2592/2592/56
f 2355/2355/56 2592/2592/56 2354/2354/56
f 2593/2593/115 2594/2594/115 2595/2595/115
f 2593/2593/115 2595/2595/115 2596/2596/115
f 814/814/402 1045/1045/550 1044/1044/549
f 814/814/402 1044/1044/549 812/812/400
f 808/808/397 1039/1039/546 1038/1038/545
f 808/808/397 1038/1038/545 806/806/395
f 2597/2597/1221 2598/2598/1222 2599/2599/1223
f 2597/2597/1221 2599/2599/1223 2600/2600/1224
f 824/824/411 826/826/413 828/828/415
f 824/824/411 828/828/415 825/825/412
f 2601/2601/1225 2512/2512/1181 2513/2513/1181
f 2601/2601/1225 2513/2513/1181 2602/2602/1225
f 745/745/349 2601/2601/1225 2602/2602/1225
f 745/745/349 2602/2602/1225 834/834/418
f 2603/2603/1226 2604/2604/1227 2605/2605/1228
f 2603/2603/1226 2605/2605/1228 2606/2606/1229
f 973/973/499 972/972/498 955/955/485
f 973/973/499 955/955/485 2607/2607/1230
f 2608/2608/123 2609/2609/123 2593/2593/123
f 2608/2608/123 2593/2593/123 2596/2596/123
f 847/847/428 2610/2610/1231 2611/2611/1232
f 847/847/428 2611/2611/1232 893/893/450
f 2612/2612/1233 2613/2613/1234 2614/2614/1235
f 2612/2612/1233 2614/2614/1235 851/851/432
f 838/838/422 851/851/432 2614/2614/1235
f 838/838/422 2614/2614/1235 2615/2615/1236
f 2616/2616/1237 2617/2617/1238 2613/2613/1234
f 2616/2616/1237 2613/2613/1234 2612/2612/1233
f 838/838/422 2615/2615/1236 2618/2618/1239
f 838/838/422 2618/2618/1239 844/844/425
f 2402/2402/1111 2401/2401/1110 2617/2617/1238
f 2402/2402/1111 2617/2617/1238 2616/2616/1237
f 854/854/435 976/976/502 2619/2619/1240
f 854/854/435 2619/2619/1240 2620/2620/1241
f 988/988/1242 2621/2621/1242 2622/2622/1242
f 988/988/1242 2622/2622/1242 2623/2623/1242
f 2623/2623/65 2622/2622/65 2624/2624/65
f 2623/2623/65 2624/2624/65 2625/2625/65
f 2626/2626/1243 2627/2627/1243 2628/2628/1244
f 2626/2626/1243 2628/2628/1244 2629/2629/1244
f 2630/2630/1243 2631/2631/1243 2632/2632/1245
f 2630/2630/1243 2632/2632/1245 2633/2633/1245
f 840/840/424 839/839/423 894/894/451
f 840/840/424 894/894/451 2634/2634/1246
f 2457/2457/1149 2272/2272/1024 2275/2275/1027
f 2457/2457/1149 2275/2275/1027 2456/2456/1148
f 2634/2634/1246 894/894/451 2635/2635/1247
f 2634/2634/1246 2635/2635/1247 2636/2636/1248
f 851/851/432 840/840/424 2634/2634/1246
f 851/851/432 2634/2634/1246 2612/2612/1233
f 808/808/397 807/807/396 2637/2637/1249
f 808/808/397 2637/2637/1249 2638/2638/1249
f 861/861/441 689/689/325 719/719/334
f 861/861/441 719/719/334 858/858/438
f 2639/2639/1250 2640/2640/1251 2641/2641/1252
f 2639/2639/1250 2641/2641/1252 2642/2642/1253
f 863/863/65 867/867/65 866/866/65
f 863/863/65 866/866/65 864/864/65
f 2643/2643/1254 2644/2644/1254 2645/2645/1255
f 2643/2643/1254 2645/2645/1255 2646/2646/1255
f 2647/2647/1256 2648/2648/1257 2649/2649/1257
f 2647/2647/1256 2649/2649/1257 2650/2650/1256
f 874/874/65 2651/2651/65 2652/2652/65
f 874/874/65 2652/2652/65 875/875/65
f 2653/2653/1258 2654/2654/1259 825/825/412
f 2653/2653/1258 825/825/412 828/828/415
f 947/947/483 2655/2655/1260 2656/2656/1261
f 947/947/483 2656/2656/1261 948/948/484
f 2657/2657/1262 2658/2658/1263 2659/2659/1264
f 2657/2657/1262 2659/2659/1264 2660/2660/1265
f 904/904/453 2661/2661/1266 2662/2662/1267
f 904/904/453 2662/2662/1267 905/905/454
f 1081/1081/1268 959/959/1268 985/985/1269
f 1081/1081/1268 985/985/1269 695/695/1269
f 693/693/1270 2663/2663/1270 2664/2664/1271
f 693/693/1270 2664/2664/1271 694/694/1271
f 694/694/1271 2664/2664/1271 959/959/1268
f 694/694/1271 959/959/1268 1081/1081/1268
f 2665/2665/1272 2666/2666/1273 2667/2667/1274
f 2665/2665/1272 2667/2667/1274 2668/2668/1275
f 2669/2669/65 876/876/65 878/878/65
f 2669/2669/65 878/878/65 2670/2670/65
f 2671/2671/1276 2672/2672/1276 2673/2673/1277
f 2671/2671/1276 2673/2673/1277 2674/2674/1277
f 2657/2657/1262 2660/2660/1265 2675/2675/1278
f 2657/2657/1262 2675/2675/1278 2676/2676/1279
f 2677/2677/1280 2507/2507/1280 2506/2506/1281
f 2677/2677/1280 2506/2506/1281 2678/2678/1281
f 2633/2633/1245 2632/2632/1245 2679/2679/1282
f 2633/2633/1245 2679/2679/1282 2680/2680/1282
f 2629/2629/1244 2628/2628/1244 2681/2681/1282
f 2629/2629/1244 2681/2681/1282 2682/2682/1282
f 2683/2683/1283 2684/2684/119 2685/2685/119
f 2683/2683/1283 2685/2685/119 2686/2686/1283
f 2687/2687/1284 2243/2243/1007 2242/2242/1006
f 2687/2687/1284 2242/2242/1006 2605/2605/1228
f 2686/2686/1285 2688/2688/1285 2663/2663/1270
f 2686/2686/1285 2663/2663/1270 693/693/1270
f 2689/2689/65 2690/2690/65 2691/2691/65
f 2689/2689/65 2691/2691/65 2692/2692/65
f 2693/2693/65 2689/2689/65 2692/2692/65
f 2693/2693/65 2692/2692/65 2694/2694/65
f 695/695/1269 985/985/1269 2695/2695/1286
f 695/695/1269 2695/2695/1286 699/699/1286
f 2696/2696/1287 2697/2697/1287 2698/2698/1288
f 2696/2696/1287 2698/2698/1288 2699/2699/1288
f 2570/2570/1289 2700/2700/1289 2701/2701/1290
f 2570/2570/1289 2701/2701/1290 2571/2571/1290
f 2674/2674/1277 2673/2673/1277 2697/2697/1287
f 2674/2674/1277 2697/2697/1287 2696/2696/1287
f 698/698/1291 2702/2702/1291 2703/2703/1291
f 698/698/1291 2703/2703/1291 697/697/1291
f 927/927/473 964/964/492 2597/2597/1221
f 927/927/473 2597/2597/1221 2610/2610/1231
f 2646/2646/1255 2645/2645/1255 2704/2704/1292
f 2646/2646/1255 2704/2704/1292 2705/2705/1292
f 2705/2705/1292 2704/2704/1292 2672/2672/1276
f 2705/2705/1292 2672/2672/1276 2671/2671/1276
f 2706/2706/65 2707/2707/65 2708/2708/65
f 2706/2706/65 2708/2708/65 2709/2709/65
f 2607/2607/1230 955/955/485 2710/2710/1293
f 2607/2607/1230 2710/2710/1293 2711/2711/1294
f 871/871/65 881/881/65 879/879/65
f 871/871/65 879/879/65 880/880/65
f 2709/2709/65 2712/2712/65 2713/2713/65
f 2709/2709/65 2713/2713/65 2706/2706/65
f 2648/2648/1257 1085/1085/572 692/692/326
f 2648/2648/1257 692/692/326 2649/2649/1257
f 2714/2714/1295 2715/2715/1295 2716/2716/1296
f 2714/2714/1295 2716/2716/1296 2717/2717/1296
f 2718/2718/1297 1075/1075/569 870/870/445
f 2718/2718/1297 870/870/445 2719/2719/1297
f 2720/2720/1298 2368/2368/1086 2431/2431/1129
f 2720/2720/1298 2431/2431/1129 2721/2721/1299
f 2685/2685/1300 2722/2722/1300 2688/2688/1285
f 2685/2685/1300 2688/2688/1285 2686/2686/1285
f 2723/2723/1301 2543/2543/1197 2485/2485/1164
f 2723/2723/1301 2485/2485/1164 2724/2724/1302
f 2725/2725/1303 2718/2718/1297 2719/2719/1297
f 2725/2725/1303 2719/2719/1297 2726/2726/1303
f 2702/2702/1304 2727/2727/1305 2728/2728/1305
f 2702/2702/1304 2728/2728/1305 2729/2729/1304
f 2730/2730/65 2669/2669/65 2670/2670/65
f 2730/2730/65 2670/2670/65 2731/2731/65
f 2732/2732/1306 2733/2733/1307 2734/2734/1308
f 2732/2732/1306 2734/2734/1308 2735/2735/1309
f 856/856/437 854/854/435 2620/2620/1241
f 856/856/437 2620/2620/1241 2598/2598/1222
f 850/850/431 849/849/430 2736/2736/1310
f 850/850/431 2736/2736/1310 2737/2737/1311
f 2611/2611/1232 2600/2600/1224 2738/2738/1312
f 2611/2611/1232 2738/2738/1312 2739/2739/1313
f 2527/2527/1314 2740/2740/1314 2585/2585/1315
f 2527/2527/1314 2585/2585/1315 2528/2528/1315
f 2599/2599/1223 2741/2741/1316 2639/2639/1250
f 2599/2599/1223 2639/2639/1250 2742/2742/1317
f 2694/2694/65 2730/2730/65 2731/2731/65
f 2694/2694/65 2731/2731/65 2693/2693/65
f 2598/2598/1222 2620/2620/1241 2741/2741/1316
f 2598/2598/1222 2741/2741/1316 2599/2599/1223
f 2393/2393/1318 2392/2392/1318 2571/2571/1318
f 2393/2393/1318 2571/2571/1318 2527/2527/1318
f 963/963/491 962/962/490 2666/2666/1273
f 963/963/491 2666/2666/1273 2665/2665/1272
f 699/699/1286 2695/2695/1286 2716/2716/1319
f 699/699/1286 2716/2716/1319 706/706/1319
f 2610/2610/1231 2597/2597/1221 2600/2600/1224
f 2610/2610/1231 2600/2600/1224 2611/2611/1232
f 2739/2739/1313 2738/2738/1312 2743/2743/1320
f 2739/2739/1313 2743/2743/1320 2744/2744/1321
f 2745/2745/1322 2746/2746/1322 2507/2507/1280
f 2745/2745/1322 2507/2507/1280 2677/2677/1280
f 2742/2742/1317 2639/2639/1250 2642/2642/1253
f 2742/2742/1317 2642/2642/1253 2747/2747/1323
f 2571/2571/1290 2701/2701/1290 2740/2740/1314
f 2571/2571/1290 2740/2740/1314 2527/2527/1314
f 2748/2748/1324 2749/2749/1325 2750/2750/1326
f 2748/2748/1324 2750/2750/1326 2751/2751/1327
f 2335/2335/1069 2338/2338/1072 2320/2320/1053
f 2335/2335/1069 2320/2320/1053 2323/2323/1056
f 2752/2752/1328 2753/2753/1329 2754/2754/1330
f 2752/2752/1328 2754/2754/1330 2755/2755/1331
f 2339/2339/1073 2344/2344/1076 2328/2328/1061
f 2339/2339/1073 2328/2328/1061 2331/2331/1064
f 503/503/260 2647/2647/1256 2650/2650/1256
f 503/503/260 2650/2650/1256 502/502/259
f 2756/2756/1332 2247/2247/1011 2246/2246/1010
f 2756/2756/1332 2246/2246/1010 2641/2641/1252
f 2757/2757/1333 2758/2758/1334 2759/2759/1335
f 2757/2757/1333 2759/2759/1335 2619/2619/1240
f 954/954/447 2760/2760/446 2710/2710/1293
f 954/954/447 2710/2710/1293 955/955/485
f 2761/2761/1336 2708/2708/1336 2707/2707/1337
f 2761/2761/1336 2707/2707/1337 2762/2762/1337
f 2763/2763/1338 2709/2709/1338 2708/2708/1336
f 2763/2763/1338 2708/2708/1336 2761/2761/1336
f 2762/2762/1337 2707/2707/1337 2706/2706/1339
f 2762/2762/1337 2706/2706/1339 2764/2764/1339
f 2678/2678/1281 2506/2506/1281 2765/2765/1340
f 2678/2678/1281 2765/2765/1340 2766/2766/1340
f 2273/2273/1025 2334/2334/1068 2336/2336/1070
f 2273/2273/1025 2336/2336/1070 2274/2274/1026
f 2767/2767/1042 2695/2695/1042 985/985/509
f 2767/2767/1042 985/985/509 984/984/362
f 2377/2377/1092 2376/2376/1092 2768/2768/1341
f 2377/2377/1092 2768/2768/1341 2769/2769/1341
f 2770/2770/1342 2771/2771/1342 2772/2772/1343
f 2770/2770/1342 2772/2772/1343 2773/2773/1343
f 2774/2774/1344 2725/2725/1303 2726/2726/1303
f 2774/2774/1344 2726/2726/1303 2775/2775/1344
f 934/934/1345 888/888/1345 647/647/1345
f 934/934/1345 647/647/1345 2776/2776/1345
f 2247/2247/1011 2440/2440/1135 2304/2304/1046
f 2247/2247/1011 2304/2304/1046 2248/2248/1012
f 2777/2777/1284 2505/2505/1176 2314/2314/1047
f 2777/2777/1284 2314/2314/1047 2313/2313/1007
f 985/985/509 959/959/489 958/958/488
f 985/985/509 958/958/488 983/983/508
f 895/895/452 786/786/379 2505/2505/1176
f 895/895/452 2505/2505/1176 2777/2777/1284
f 2778/2778/1346 2779/2779/1346 2780/2780/1347
f 2778/2778/1346 2780/2780/1347 2781/2781/1211
f 2782/2782/1346 2783/2783/1346 2784/2784/1347
f 2782/2782/1346 2784/2784/1347 2785/2785/1347
f 817/817/405 937/937/479 932/932/478
f 817/817/405 932/932/478 928/928/474
f 2786/2786/1348 2449/2449/1348 2446/2446/1349
f 2786/2786/1348 2446/2446/1349 2787/2787/1349
f 2786/2786/1348 2345/2345/1077 2348/2348/1077
f 2786/2786/1348 2348/2348/1077 2449/2449/1348
f 2788/2788/1350 2675/2675/1278 2660/2660/1265
f 2788/2788/1350 2660/2660/1265 2789/2789/1351
f 910/910/459 911/911/460 2790/2790/1352
f 910/910/459 2790/2790/1352 2791/2791/1353
f 2792/2792/1354 2793/2793/1355 2794/2794/1356
f 2792/2792/1354 2794/2794/1356 2795/2795/1357
f 921/921/469 825/825/412 2654/2654/1259
f 921/921/469 2654/2654/1259 2796/2796/1358
f 2796/2796/1358 2654/2654/1259 2675/2675/1278
f 2796/2796/1358 2675/2675/1278 2788/2788/1350
f 2797/2797/1359 2791/2791/1353 2798/2798/1360
f 2797/2797/1359 2798/2798/1360 2799/2799/1361
f 2789/2789/1351 2660/2660/1265 2659/2659/1264
f 2789/2789/1351 2659/2659/1264 2800/2800/1362
f 907/907/456 910/910/459 2791/2791/1353
f 907/907/456 2791/2791/1353 2797/2797/1359
f 2801/2801/1363 2788/2788/1350 2789/2789/1351
f 2801/2801/1363 2789/2789/1351 2802/2802/1364
f 2798/2798/1360 2803/2803/1365 2793/2793/1355
f 2798/2798/1360 2793/2793/1355 2792/2792/1354
f 937/937/479 921/921/469 2796/2796/1358
f 937/937/479 2796/2796/1358 2804/2804/1366
f 2804/2804/1366 2796/2796/1358 2788/2788/1350
f 2804/2804/1366 2788/2788/1350 2801/2801/1363
f 2799/2799/1361 2798/2798/1360 2792/2792/1354
f 2799/2799/1361 2792/2792/1354 2805/2805/1367
f 2791/2791/1353 2790/2790/1352 2803/2803/1365
f 2791/2791/1353 2803/2803/1365 2798/2798/1360
f 2802/2802/1364 2789/2789/1351 2800/2800/1362
f 2802/2802/1364 2800/2800/1362 2806/2806/1368
f 2807/2807/1369 2808/2808/1370 2809/2809/1371
f 2807/2807/1369 2809/2809/1371 2810/2810/1372
f 929/929/475 928/928/474 909/909/458
f 929/929/475 909/909/458 2811/2811/1373
f 2812/2812/1373 2813/2813/458 2814/2814/1374
f 2812/2812/1373 2814/2814/1374 2815/2815/1375
f 2813/2813/458 2816/2816/457 2817/2817/1376
f 2813/2813/458 2817/2817/1376 2814/2814/1374
f 2811/2811/1373 202/202/130 201/201/129
f 2811/2811/1373 201/201/129 929/929/475
f 2741/2741/1316 2759/2759/1335 2640/2640/1251
f 2741/2741/1316 2640/2640/1251 2639/2639/1250
f 2600/2600/1224 2599/2599/1223 2742/2742/1317
f 2600/2600/1224 2742/2742/1317 2738/2738/1312
f 2818/2818/1377 2819/2819/1378 2820/2820/1379
f 2818/2818/1377 2820/2820/1379 2821/2821/1380
f 2822/2822/1381 2823/2823/1382 2824/2824/1383
f 2822/2822/1381 2824/2824/1383 2825/2825/1384
f 2826/2826/1385 2827/2827/1386 2828/2828/1387
f 2826/2826/1385 2828/2828/1387 2829/2829/1388
f 2830/2830/1389 2831/2831/1390 2832/2832/1391
f 2830/2830/1389 2832/2832/1391 2809/2809/1371
f 2805/2805/1367 2833/2833/1392 2834/2834/1393
f 2805/2805/1367 2834/2834/1393 2835/2835/1394
f 2836/2836/1395 2837/2837/1396 2794/2794/1356
f 2836/2836/1395 2794/2794/1356 2793/2793/1355
f 2802/2802/1364 2806/2806/1368 2837/2837/1396
f 2802/2802/1364 2837/2837/1396 2836/2836/1395
f 893/893/450 2611/2611/1232 2739/2739/1313
f 893/893/450 2739/2739/1313 849/849/430
f 963/963/491 977/977/503 856/856/437
f 963/963/491 856/856/437 964/964/492
f 2838/2838/1397 2839/2839/1398 2840/2840/1390
f 2838/2838/1397 2840/2840/1390 2841/2841/1389
f 2842/2842/1399 2445/2445/1399 2361/2361/1081
f 2842/2842/1399 2361/2361/1081 2360/2360/1081
f 2787/2787/1349 2446/2446/1349 2445/2445/1399
f 2787/2787/1349 2445/2445/1399 2842/2842/1399
f 2843/2843/1394 2844/2844/1393 2845/2845/1400
f 2843/2843/1394 2845/2845/1400 2846/2846/1401
f 2758/2758/1334 2711/2711/1294 2603/2603/1226
f 2758/2758/1334 2603/2603/1226 2847/2847/1402
f 2675/2675/1278 2654/2654/1259 2653/2653/1258
f 2675/2675/1278 2653/2653/1258 2676/2676/1279
f 2848/2848/1403 2849/2849/1404 2850/2850/1405
f 2848/2848/1403 2850/2850/1405 2851/2851/1406
f 2852/2852/1407 2853/2853/1408 2854/2854/1409
f 2852/2852/1407 2854/2854/1409 2855/2855/1410
f 2856/2856/1411 2857/2857/1412 2804/2804/1366
f 2856/2856/1411 2804/2804/1366 2801/2801/1363
f 2858/2858/1413 2859/2859/1414 2860/2860/1415
f 2858/2858/1413 2860/2860/1415 2861/2861/1416
f 2862/2862/1417 2863/2863/1418 2808/2808/1370
f 2862/2862/1417 2808/2808/1370 2864/2864/1419
f 2865/2865/1420 2866/2866/1421 2797/2797/1359
f 2865/2865/1420 2797/2797/1359 2799/2799/1361
f 2803/2803/1365 2790/2790/1352 2857/2857/1412
f 2803/2803/1365 2857/2857/1412 2856/2856/1411
f 2867/2867/1422 2868/2868/1423 2869/2869/1418
f 2867/2867/1422 2869/2869/1418 2870/2870/1417
f 2871/2871/1424 2872/2872/1425 2873/2873/1421
f 2871/2871/1424 2873/2873/1421 2874/2874/1420
f 2815/2815/1375 837/837/421 811/811/130
f 2815/2815/1375 811/811/130 2812/2812/1373
f 905/905/454 2662/2662/1267 832/832/416
f 905/905/454 832/832/416 822/822/410
f 818/818/406 2848/2848/1403 2851/2851/1406
f 818/818/406 2851/2851/1406 820/820/408
f 2875/2875/1426 2876/2876/1212 2781/2781/1211
f 2875/2875/1426 2781/2781/1211 2780/2780/1347
f 2785/2785/1347 2784/2784/1347 2877/2877/1426
f 2785/2785/1347 2877/2877/1426 2878/2878/1426
f 2680/2680/1282 2679/2679/1282 2779/2779/1346
f 2680/2680/1282 2779/2779/1346 2778/2778/1346
f 2682/2682/1282 2681/2681/1282 2783/2783/1346
f 2682/2682/1282 2783/2783/1346 2782/2782/1346
f 836/836/420 2867/2867/1422 2870/2870/1417
f 836/836/420 2870/2870/1417 810/810/399
f 2866/2866/1421 908/908/457 907/907/456
f 2866/2866/1421 907/907/456 2797/2797/1359
f 2790/2790/1352 911/911/460 932/932/478
f 2790/2790/1352 932/932/478 2857/2857/1412
f 920/920/468 2852/2852/1407 2855/2855/1410
f 920/920/468 2855/2855/1410 930/930/476
f 2857/2857/1412 932/932/478 937/937/479
f 2857/2857/1412 937/937/479 2804/2804/1366
f 912/912/461 2858/2858/1413 2861/2861/1416
f 912/912/461 2861/2861/1416 200/200/128
f 933/933/399 2862/2862/1417 2864/2864/1419
f 933/933/399 2864/2864/1419 913/913/462
f 2872/2872/1425 2817/2817/1376 2816/2816/457
f 2872/2872/1425 2816/2816/457 2873/2873/1421
f 2849/2849/1404 2818/2818/1377 2821/2821/1380
f 2849/2849/1404 2821/2821/1380 2850/2850/1405
f 2853/2853/1408 2822/2822/1381 2825/2825/1384
f 2853/2853/1408 2825/2825/1384 2854/2854/1409
f 2859/2859/1414 2826/2826/1385 2829/2829/1388
f 2859/2859/1414 2829/2829/1388 2860/2860/1415
f 2863/2863/1418 2830/2830/1389 2809/2809/1371
f 2863/2863/1418 2809/2809/1371 2808/2808/1370
f 2835/2835/1394 2865/2865/1420 2799/2799/1361
f 2835/2835/1394 2799/2799/1361 2805/2805/1367
f 2793/2793/1355 2803/2803/1365 2856/2856/1411
f 2793/2793/1355 2856/2856/1411 2836/2836/1395
f 2836/2836/1395 2856/2856/1411 2801/2801/1363
f 2836/2836/1395 2801/2801/1363 2802/2802/1364
f 2868/2868/1423 2838/2838/1397 2841/2841/1389
f 2868/2868/1423 2841/2841/1389 2869/2869/1418
f 2846/2846/1401 2871/2871/1424 2874/2874/1420
f 2846/2846/1401 2874/2874/1420 2843/2843/1394
f 2805/2805/1367 2792/2792/1354 2795/2795/1357
f 2805/2805/1367 2795/2795/1357 2833/2833/1392
f 2818/2818/1377 2879/2879/1427 2880/2880/1428
f 2818/2818/1377 2880/2880/1428 2819/2819/1378
f 2822/2822/1381 2881/2881/1429 2882/2882/1430
f 2822/2822/1381 2882/2882/1430 2823/2823/1382
f 2826/2826/1385 2810/2810/1372 2883/2883/1431
f 2826/2826/1385 2883/2883/1431 2827/2827/1386
f 2848/2848/1403 2884/2884/1432 2885/2885/1433
f 2848/2848/1403 2885/2885/1433 2849/2849/1404
f 2852/2852/1407 2886/2886/1434 2887/2887/1435
f 2852/2852/1407 2887/2887/1435 2853/2853/1408
f 2858/2858/1413 2888/2888/1436 2807/2807/1369
f 2858/2858/1413 2807/2807/1369 2859/2859/1414
f 822/822/410 821/821/409 941/941/481
f 822/822/410 941/941/481 905/905/454
f 818/818/406 931/931/477 2884/2884/1432
f 818/818/406 2884/2884/1432 2848/2848/1403
f 920/920/468 919/919/467 2886/2886/1434
f 920/920/468 2886/2886/1434 2852/2852/1407
f 912/912/461 914/914/463 2888/2888/1436
f 912/912/461 2888/2888/1436 2858/2858/1413
f 2849/2849/1404 2885/2885/1433 2879/2879/1427
f 2849/2849/1404 2879/2879/1427 2818/2818/1377
f 2853/2853/1408 2887/2887/1435 2881/2881/1429
f 2853/2853/1408 2881/2881/1429 2822/2822/1381
f 2859/2859/1414 2807/2807/1369 2810/2810/1372
f 2859/2859/1414 2810/2810/1372 2826/2826/1385
f 2887/2887/1435 2860/2860/1415 2829/2829/1388
f 2887/2887/1435 2829/2829/1388 2881/2881/1429
f 917/917/465 2821/2821/1380 2820/2820/1379
f 917/917/465 2820/2820/1379 736/736/342
f 2879/2879/1427 2825/2825/1384 2824/2824/1383
f 2879/2879/1427 2824/2824/1383 2880/2880/1428
f 2881/2881/1429 2829/2829/1388 2828/2828/1387
f 2881/2881/1429 2828/2828/1387 2882/2882/1430
f 2810/2810/1372 2809/2809/1371 2832/2832/1391
f 2810/2810/1372 2832/2832/1391 2883/2883/1431
f 941/941/481 2851/2851/1406 2850/2850/1405
f 941/941/481 2850/2850/1405 906/906/455
f 2884/2884/1432 2855/2855/1410 2854/2854/1409
f 2884/2884/1432 2854/2854/1409 2885/2885/1433
f 2886/2886/1434 2861/2861/1416 2860/2860/1415
f 2886/2886/1434 2860/2860/1415 2887/2887/1435
f 2888/2888/1436 2864/2864/1419 2808/2808/1370
f 2888/2888/1436 2808/2808/1370 2807/2807/1369
f 821/821/409 820/820/408 2851/2851/1406
f 821/821/409 2851/2851/1406 941/941/481
f 931/931/477 930/930/476 2855/2855/1410
f 931/931/477 2855/2855/1410 2884/2884/1432
f 919/919/467 200/200/128 2861/2861/1416
f 919/919/467 2861/2861/1416 2886/2886/1434
f 914/914/463 913/913/462 2864/2864/1419
f 914/914/463 2864/2864/1419 2888/2888/1436
f 906/906/455 2850/2850/1405 2821/2821/1380
f 906/906/455 2821/2821/1380 917/917/465
f 2885/2885/1433 2854/2854/1409 2825/2825/1384
f 2885/2885/1433 2825/2825/1384 2879/2879/1427
f 2889/2889/1437 2407/2407/1115 2406/2406/1114
f 2889/2889/1437 2406/2406/1114 2890/2890/1438
f 2686/2686/1283 693/693/327 696/696/328
f 2686/2686/1283 696/696/328 2683/2683/1283
f 2387/2387/1102 2891/2891/1439 2892/2892/1439
f 2387/2387/1102 2892/2892/1439 2388/2388/1102
f 2893/2893/1440 2260/2260/1019 2894/2894/1441
f 2893/2893/1440 2894/2894/1441 2895/2895/1442
f 956/956/486 959/959/489 2664/2664/504
f 956/956/486 2664/2664/504 2896/2896/325
f 2847/2847/1402 2603/2603/1226 2606/2606/1229
f 2847/2847/1402 2606/2606/1229 2756/2756/1332
f 2493/2493/1169 2350/2350/1169 2349/2349/1443
f 2493/2493/1169 2349/2349/1443 2897/2897/1443
f 2897/2897/1443 2349/2349/1443 2346/2346/1444
f 2897/2897/1443 2346/2346/1444 2898/2898/1444
f 2898/2898/1444 2346/2346/1444 2345/2345/1445
f 2898/2898/1444 2345/2345/1445 2899/2899/1445
f 2900/2900/1446 2363/2363/1446 2364/2364/1447
f 2900/2900/1446 2364/2364/1447 2901/2901/1447
f 2901/2901/1447 2364/2364/1447 2359/2359/1448
f 2901/2901/1447 2359/2359/1448 2902/2902/1448
f 2903/2903/1449 2360/2360/1449 2363/2363/1446
f 2903/2903/1449 2363/2363/1446 2900/2900/1446
f 2902/2902/1448 2359/2359/1448 2358/2358/1152
f 2902/2902/1448 2358/2358/1152 2471/2471/1152
f 918/918/466 917/917/465 736/736/342
f 918/918/466 736/736/342 997/997/513
f 2904/2904/1450 2842/2842/1450 2360/2360/1449
f 2904/2904/1450 2360/2360/1449 2903/2903/1449
f 2905/2905/1451 2786/2786/1451 2787/2787/1452
f 2905/2905/1451 2787/2787/1452 2906/2906/1452
f 2899/2899/1445 2345/2345/1445 2786/2786/1451
f 2899/2899/1445 2786/2786/1451 2905/2905/1451
f 2906/2906/1452 2787/2787/1452 2842/2842/1450
f 2906/2906/1452 2842/2842/1450 2904/2904/1450
f 2717/2717/1296 2716/2716/1296 2695/2695/1042
f 2717/2717/1296 2695/2695/1042 2767/2767/1042
f 2296/2296/1040 2509/2509/1453 2907/2907/1453
f 2296/2296/1040 2907/2907/1453 2297/2297/1040
f 2908/2908/1454 2909/2909/1455 2895/2895/1442
f 2908/2908/1454 2895/2895/1442 2910/2910/1456
f 2911/2911/433 2912/2912/436 2735/2735/1309
f 2911/2911/433 2735/2735/1309 2913/2913/1457
f 2914/2914/1458 901/901/1458 903/903/1105
f 2914/2914/1458 903/903/1105 2394/2394/1105
f 2891/2891/1439 2526/2526/1190 2525/2525/1190
f 2891/2891/1439 2525/2525/1190 2892/2892/1439
f 2915/2915/1459 900/900/1459 899/899/1460
f 2915/2915/1459 899/899/1460 2916/2916/1460
f 2916/2916/1460 899/899/1460 898/898/1461
f 2916/2916/1460 898/898/1461 2917/2917/1461
f 2917/2917/1461 898/898/1461 897/897/1462
f 2917/2917/1461 897/897/1462 2918/2918/1462
f 2918/2918/1462 897/897/1462 901/901/1458
f 2918/2918/1462 901/901/1458 2914/2914/1458
f 2919/2919/1463 2734/2734/1308 2909/2909/1455
f 2919/2919/1463 2909/2909/1455 2908/2908/1454
f 2920/2920/1464 2894/2894/1441 2280/2280/1031
f 2920/2920/1464 2280/2280/1031 2283/2283/1034
f 2921/2921/1465 2922/2922/1465 2923/2923/1466
f 2921/2921/1465 2923/2923/1466 2924/2924/1466
f 500/500/1467 2925/2925/1468 2926/2926/1468
f 500/500/1467 2926/2926/1468 501/501/1467
f 2026/2026/923 2025/2025/922 2038/2038/934
f 2026/2026/923 2038/2038/934 2927/2927/1469
f 2027/2027/924 2026/2026/923 2927/2927/1469
f 2027/2027/924 2927/2927/1469 2928/2928/1470
f 2756/2756/1332 2606/2606/1229 2440/2440/1135
f 2756/2756/1332 2440/2440/1135 2247/2247/1011
f 2929/2929/123 2703/2703/123 2702/2702/1304
f 2929/2929/123 2702/2702/1304 2729/2729/1304
f 2924/2924/1466 2923/2923/1466 2627/2627/1243
f 2924/2924/1466 2627/2627/1243 2626/2626/1243
f 2926/2926/1468 2925/2925/1468 2631/2631/1243
f 2926/2926/1468 2631/2631/1243 2630/2630/1243
f 2930/2930/119 2931/2931/119 2932/2932/119
f 2930/2930/119 2932/2932/119 2933/2933/119
f 2723/2723/1301 2910/2910/1456 2920/2920/1464
f 2723/2723/1301 2920/2920/1464 2543/2543/1197
f 2748/2748/1324 2913/2913/1457 2919/2919/1463
f 2748/2748/1324 2919/2919/1463 2749/2749/1325
f 2934/2934/1471 2908/2908/1454 2910/2910/1456
f 2934/2934/1471 2910/2910/1456 2723/2723/1301
f 2935/2935/119 2936/2936/119 2932/2932/119
f 2935/2935/119 2932/2932/119 2931/2931/119
f 2937/2937/434 2911/2911/433 2913/2913/1457
f 2937/2937/434 2913/2913/1457 2748/2748/1324
f 2749/2749/1325 2919/2919/1463 2908/2908/1454
f 2749/2749/1325 2908/2908/1454 2934/2934/1471
f 2543/2543/1197 2920/2920/1464 2283/2283/1034
f 2543/2543/1197 2283/2283/1034 2544/2544/1198
f 953/953/119 2938/2938/119 2939/2939/119
f 953/953/119 2939/2939/119 2940/2940/119
f 2941/2941/119 2942/2942/119 2936/2936/119
f 2941/2941/119 2936/2936/119 2935/2935/119
f 2943/2943/119 935/935/119 934/934/119
f 2943/2943/119 934/934/119 2776/2776/119
f 953/953/119 2940/2940/119 2944/2944/119
f 953/953/119 2944/2944/119 951/951/119
f 2636/2636/1248 2635/2635/1247 2272/2272/1024
f 2636/2636/1248 2272/2272/1024 2457/2457/1149
f 2711/2711/1294 2710/2710/1293 2604/2604/1227
f 2711/2711/1294 2604/2604/1227 2603/2603/1226
f 2635/2635/1247 2737/2737/1311 2273/2273/1025
f 2635/2635/1247 2273/2273/1025 2272/2272/1024
f 2945/2945/1472 2721/2721/1299 2431/2431/1129
f 2945/2945/1472 2431/2431/1129 2517/2517/1183
f 2666/2666/1273 961/961/1473 960/960/1474
f 2666/2666/1273 960/960/1474 2667/2667/1274
f 2706/2706/1339 2713/2713/1475 2946/2946/1475
f 2706/2706/1339 2946/2946/1475 2764/2764/1339
f 2736/2736/1310 2744/2744/1321 2335/2335/1069
f 2736/2736/1310 2335/2335/1069 2334/2334/1068
f 2947/2947/1476 2755/2755/1331 2754/2754/1330
f 2947/2947/1476 2754/2754/1330 2948/2948/1477
f 2949/2949/1478 2950/2950/1479 2721/2721/1299
f 2949/2949/1478 2721/2721/1299 2945/2945/1472
f 894/894/451 850/850/431 2737/2737/1311
f 894/894/451 2737/2737/1311 2635/2635/1247
f 2951/2951/119 2952/2952/119 2942/2942/119
f 2951/2951/119 2942/2942/119 2941/2941/119
f 960/960/1474 2953/2953/1480 922/922/470
f 960/960/1474 922/922/470 2667/2667/1274
f 2954/2954/403 2955/2955/500 2755/2755/1331
f 2954/2954/403 2755/2755/1331 2947/2947/1476
f 2948/2948/1477 2754/2754/1330 2950/2950/1479
f 2948/2948/1477 2950/2950/1479 2949/2949/1478
f 2508/2508/1481 2573/2573/1215 2576/2576/1215
f 2508/2508/1481 2576/2576/1215 2956/2956/1481
f 2957/2957/119 2958/2958/119 2952/2952/119
f 2957/2957/119 2952/2952/119 2951/2951/119
f 2889/2889/1437 2945/2945/1472 2517/2517/1183
f 2889/2889/1437 2517/2517/1183 2407/2407/1115
f 947/947/483 2947/2947/1476 2948/2948/1477
f 947/947/483 2948/2948/1477 2655/2655/1260
f 2959/2959/1482 2949/2949/1478 2945/2945/1472
f 2959/2959/1482 2945/2945/1472 2889/2889/1437
f 2960/2960/119 2961/2961/119 2958/2958/119
f 2960/2960/119 2958/2958/119 2957/2957/119
f 946/946/344 2954/2954/403 2947/2947/1476
f 946/946/344 2947/2947/1476 947/947/483
f 2655/2655/1260 2948/2948/1477 2949/2949/1478
f 2655/2655/1260 2949/2949/1478 2959/2959/1482
f 2465/2465/56 637/637/56 636/636/56
f 2465/2465/56 636/636/56 2464/2464/56
f 2962/2962/119 2963/2963/119 2961/2961/119
f 2962/2962/119 2961/2961/119 2960/2960/119
f 2964/2964/1483 2724/2724/1302 2485/2485/1164
f 2964/2964/1483 2485/2485/1164 2369/2369/1087
f 2965/2965/1484 2751/2751/1327 2750/2750/1326
f 2965/2965/1484 2750/2750/1326 2966/2966/1485
f 2967/2967/1486 2968/2968/1487 2724/2724/1302
f 2967/2967/1486 2724/2724/1302 2964/2964/1483
f 2969/2969/119 2970/2970/119 2963/2963/119
f 2969/2969/119 2963/2963/119 2962/2962/119
f 2971/2971/497 2972/2972/1488 2751/2751/1327
f 2971/2971/497 2751/2751/1327 2965/2965/1484
f 989/989/1172 2973/2973/1172 2974/2974/1172
f 989/989/1172 2974/2974/1172 987/987/1172
f 2966/2966/1485 2750/2750/1326 2968/2968/1487
f 2966/2966/1485 2968/2968/1487 2967/2967/1486
f 940/940/1167 926/926/1167 925/925/1167
f 940/940/1167 925/925/1167 2975/2975/1167
f 2746/2746/1489 2976/2976/1490 2574/2574/1216
f 2746/2746/1489 2574/2574/1216 2573/2573/1489
f 2977/2977/119 2978/2978/119 2979/2979/119
f 2977/2977/119 2979/2979/119 2980/2980/119
f 2720/2720/1298 2964/2964/1483 2369/2369/1087
f 2720/2720/1298 2369/2369/1087 2368/2368/1086
f 849/849/430 2739/2739/1313 2744/2744/1321
f 849/849/430 2744/2744/1321 2736/2736/1310
f 2752/2752/1328 2965/2965/1484 2966/2966/1485
f 2752/2752/1328 2966/2966/1485 2753/2753/1329
f 964/964/492 856/856/437 2598/2598/1222
f 964/964/492 2598/2598/1222 2597/2597/1221
f 845/845/426 927/927/473 2610/2610/1231
f 845/845/426 2610/2610/1231 847/847/428
f 2738/2738/1312 2742/2742/1317 2747/2747/1323
f 2738/2738/1312 2747/2747/1323 2743/2743/1320
f 892/892/589 2765/2765/1491 2296/2296/1491
f 892/892/589 2296/2296/1491 781/781/374
f 2981/2981/1492 2967/2967/1486 2964/2964/1483
f 2981/2981/1492 2964/2964/1483 2720/2720/1298
f 2765/2765/1491 2506/2506/1177 2509/2509/1177
f 2765/2765/1491 2509/2509/1177 2296/2296/1491
f 2976/2976/1490 2982/2982/1493 2983/2983/1494
f 2976/2976/1490 2983/2983/1494 2574/2574/1216
f 2507/2507/1178 2746/2746/1489 2573/2573/1489
f 2507/2507/1178 2573/2573/1489 2508/2508/1178
f 2984/2984/501 2971/2971/497 2965/2965/1484
f 2984/2984/501 2965/2965/1484 2752/2752/1328
f 2969/2969/119 2979/2979/119 2978/2978/119
f 2969/2969/119 2978/2978/119 2970/2970/119
f 2753/2753/1329 2966/2966/1485 2967/2967/1486
f 2753/2753/1329 2967/2967/1486 2981/2981/1492
f 2985/2985/1495 973/973/499 2607/2607/1230
f 2985/2985/1495 2607/2607/1230 2757/2757/1333
f 2986/2986/1496 923/923/471 2987/2987/1497
f 2986/2986/1496 2987/2987/1497 2988/2988/1496
f 2989/2989/1498 776/776/371 775/775/370
f 2989/2989/1498 775/775/370 2990/2990/1499
f 2404/2404/1500 2298/2298/1501 701/701/1501
f 2404/2404/1500 701/701/1501 700/700/1500
f 2321/2321/1054 2454/2454/1146 2476/2476/1157
f 2321/2321/1054 2476/2476/1157 2322/2322/1055
f 2536/2536/1 2991/2991/1 2992/2992/1
f 2536/2536/1 2992/2992/1 2537/2537/1
f 2540/2540/1 2301/2301/1 2300/2300/1
f 2540/2540/1 2300/2300/1 2539/2539/1
f 2747/2747/1323 2642/2642/1253 2344/2344/1076
f 2747/2747/1323 2344/2344/1076 2339/2339/1073
f 2744/2744/1321 2743/2743/1320 2338/2338/1072
f 2744/2744/1321 2338/2338/1072 2335/2335/1069
f 2991/2991/1 2307/2307/1 2306/2306/1
f 2991/2991/1 2306/2306/1 2992/2992/1
f 2606/2606/1229 2605/2605/1228 2242/2242/1006
f 2606/2606/1229 2242/2242/1006 2440/2440/1135
f 2565/2565/1210 2469/2469/1502 2468/2468/1502
f 2565/2565/1210 2468/2468/1502 2564/2564/1210
f 2766/2766/1340 2765/2765/1340 892/892/449
f 2766/2766/1340 892/892/449 891/891/448
f 2913/2913/1457 2735/2735/1309 2734/2734/1308
f 2913/2913/1457 2734/2734/1308 2919/2919/1463
f 2910/2910/1456 2895/2895/1442 2894/2894/1441
f 2910/2910/1456 2894/2894/1441 2920/2920/1464
f 2557/2557/1207 2560/2560/1208 2563/2563/1208
f 2557/2557/1207 2563/2563/1208 2558/2558/1207
f 2733/2733/1307 2993/2993/1275 2994/2994/510
f 2733/2733/1307 2994/2994/510 2995/2995/1503
f 2260/2260/1019 2263/2263/1022 2280/2280/1031
f 2260/2260/1019 2280/2280/1031 2894/2894/1441
f 2996/2996/1117 2983/2983/1494 2982/2982/1493
f 2996/2996/1117 2982/2982/1493 2997/2997/1114
f 2975/2975/56 925/925/56 2998/2998/56
f 2975/2975/56 2998/2998/56 2999/2999/56
f 3000/3000/503 3001/3001/491 3002/3002/1272
f 3000/3000/503 3002/3002/1272 2732/2732/1306
f 2995/2995/1503 2994/2994/510 3003/3003/472
f 2995/2995/1503 3003/3003/472 2893/2893/1440
f 2733/2733/1307 2995/2995/1503 2909/2909/1455
f 2733/2733/1307 2909/2909/1455 2734/2734/1308
f 2758/2758/1334 2847/2847/1402 2640/2640/1251
f 2758/2758/1334 2640/2640/1251 2759/2759/1335
f 2749/2749/1325 2934/2934/1471 2968/2968/1487
f 2749/2749/1325 2968/2968/1487 2750/2750/1326
f 2760/2760/446 3004/3004/452 2604/2604/1227
f 2760/2760/446 2604/2604/1227 2710/2710/1293
f 2655/2655/1260 2959/2959/1482 3005/3005/1504
f 2655/2655/1260 3005/3005/1504 2656/2656/1261
f 2753/2753/1329 2981/2981/1492 2950/2950/1479
f 2753/2753/1329 2950/2950/1479 2754/2754/1330
f 3006/3006/1488 971/971/497 973/973/499
f 3006/3006/1488 973/973/499 2985/2985/1495
f 2985/2985/1495 976/976/502 853/853/434
f 2985/2985/1495 853/853/434 3006/3006/1488
f 1038/1038/545 3007/3007/1505 3008/3008/1505
f 1038/1038/545 3008/3008/1505 806/806/395
f 987/987/65 2974/2974/65 3009/3009/65
f 987/987/65 3009/3009/65 3010/3010/65
f 2997/2997/1114 2982/2982/1493 2976/2976/1490
f 2997/2997/1114 2976/2976/1490 3011/3011/1438
f 2732/2732/1306 3002/3002/1272 2993/2993/1275
f 2732/2732/1306 2993/2993/1275 2733/2733/1307
f 2893/2893/1440 3003/3003/472 2261/2261/1020
f 2893/2893/1440 2261/2261/1020 2260/2260/1019
f 3000/3000/503 2732/2732/1306 2735/2735/1309
f 3000/3000/503 2735/2735/1309 2912/2912/436
f 3007/3007/1505 3012/3012/1506 3013/3013/1506
f 3007/3007/1505 3013/3013/1506 3008/3008/1505
f 3012/3012/1506 3014/3014/1507 3015/3015/1507
f 3012/3012/1506 3015/3015/1507 3013/3013/1506
f 3016/3016/119 3017/3017/119 2488/2488/119
f 3016/3016/119 2488/2488/119 2487/2487/119
f 3014/3014/1507 2774/2774/1344 2775/2775/1344
f 3014/3014/1507 2775/2775/1344 3015/3015/1507
f 939/939/494 961/961/1473 2666/2666/1273
f 939/939/494 2666/2666/1273 962/962/490
f 2985/2985/1495 2757/2757/1333 2619/2619/1240
f 2985/2985/1495 2619/2619/1240 976/976/502
f 2937/2937/434 2748/2748/1324 2751/2751/1327
f 2937/2937/434 2751/2751/1327 2972/2972/1488
f 2984/2984/501 2752/2752/1328 2755/2755/1331
f 2984/2984/501 2755/2755/1331 2955/2955/500
f 3011/3011/1438 2976/2976/1490 2746/2746/1322
f 3011/3011/1438 2746/2746/1322 2745/2745/1322
f 2737/2737/1311 2736/2736/1310 2334/2334/1068
f 2737/2737/1311 2334/2334/1068 2273/2273/1025
f 2668/2668/1275 2667/2667/1274 922/922/470
f 2668/2668/1275 922/922/470 986/986/510
f 2847/2847/1402 2756/2756/1332 2641/2641/1252
f 2847/2847/1402 2641/2641/1252 2640/2640/1251
f 3004/3004/452 2687/2687/1284 2605/2605/1228
f 3004/3004/452 2605/2605/1228 2604/2604/1227
f 2959/2959/1482 2889/2889/1437 2890/2890/1438
f 2959/2959/1482 2890/2890/1438 3005/3005/1504
f 2981/2981/1492 2720/2720/1298 2721/2721/1299
f 2981/2981/1492 2721/2721/1299 2950/2950/1479
f 2934/2934/1471 2723/2723/1301 2724/2724/1302
f 2934/2934/1471 2724/2724/1302 2968/2968/1487
f 2995/2995/1503 2893/2893/1440 2895/2895/1442
f 2995/2995/1503 2895/2895/1442 2909/2909/1455
f 2953/2953/1480 2987/2987/1497 923/923/471
f 2953/2953/1480 923/923/471 922/922/470
f 2763/2763/1338 3018/3018/1508 2712/2712/1508
f 2763/2763/1338 2712/2712/1508 2709/2709/1338
f 2824/2824/1383 3019/3019/1509 3020/3020/1510
f 2824/2824/1383 3020/3020/1510 2880/2880/1428
f 2820/2820/1379 3021/3021/1511 734/734/340
f 2820/2820/1379 734/734/340 736/736/342
f 3022/3022/1512 789/789/382 980/980/505
f 3022/3022/1512 980/980/505 3023/3023/1513
f 3024/3024/1514 197/197/125 982/982/507
f 3024/3024/1514 982/982/507 3025/3025/1515
f 3026/3026/1516 767/767/365 769/769/367
f 3026/3026/1516 769/769/367 3027/3027/1517
f 3028/3028/1518 981/981/506 1047/1047/552
f 3028/3028/1518 1047/1047/552 749/749/350
f 3029/3029/1519 3022/3022/1512 3023/3023/1513
f 3029/3029/1519 3023/3023/1513 3030/3030/1520
f 3031/3031/1521 3024/3024/1514 3025/3025/1515
f 3031/3031/1521 3025/3025/1515 3032/3032/1522
f 3019/3019/1509 3026/3026/1516 3027/3027/1517
f 3019/3019/1509 3027/3027/1517 3020/3020/1510
f 3021/3021/1511 3028/3028/1518 749/749/350
f 3021/3021/1511 749/749/350 734/734/340
f 844/844/425 2618/2618/1239 2998/2998/119
f 844/844/425 2998/2998/119 925/925/119
f 3033/3033/1264 3034/3034/1523 3035/3035/1524
f 3033/3033/1264 3035/3035/1524 3036/3036/1362
f 2616/2616/1237 2636/2636/1248 2457/2457/1149
f 2616/2616/1237 2457/2457/1149 2402/2402/1111
f 2612/2612/1233 2634/2634/1246 2636/2636/1248
f 2612/2612/1233 2636/2636/1248 2616/2616/1237
f 3037/3037/1525 632/632/309 969/969/495
f 3037/3037/1525 969/969/495 3038/3038/1526
f 2757/2757/1333 2607/2607/1230 2711/2711/1294
f 2757/2757/1333 2711/2711/1294 2758/2758/1334
f 2743/2743/1320 2747/2747/1323 2339/2339/1073
f 2743/2743/1320 2339/2339/1073 2338/2338/1072
f 2642/2642/1253 2641/2641/1252 2246/2246/1010
f 2642/2642/1253 2246/2246/1010 2344/2344/1076
f 2620/2620/1241 2619/2619/1240 2759/2759/1335
f 2620/2620/1241 2759/2759/1335 2741/2741/1316
f 987/987/511 3010/3010/119 2621/2621/119
f 987/987/511 2621/2621/119 988/988/511
f 813/813/401 812/812/400 3039/3039/1527
f 813/813/401 3039/3039/1527 3040/3040/1527
f 646/646/1528 779/779/1528 773/773/1528
f 646/646/1528 773/773/1528 3041/3041/1528
f 760/760/359 2530/2530/1191 794/794/1529
f 760/760/359 794/794/1529 2554/2554/1205
f 2385/2385/1100 2384/2384/1099 2414/2414/1121
f 2385/2385/1100 2414/2414/1121 1028/1028/537
f 2352/2352/65 2347/2347/65 2346/2346/65
f 2352/2352/65 2346/2346/65 2349/2349/65
f 2362/2362/1082 2365/2365/1083 2364/2364/1083
f 2362/2362/1082 2364/2364/1083 2363/2363/1082
f 3042/3042/1530 3043/3043/1530 3044/3044/1531
f 3042/3042/1530 3044/3044/1531 3045/3045/1531
f 3046/3046/115 2581/2581/115 2582/2582/115
f 3046/3046/115 2582/2582/115 3047/3047/115
f 2569/2569/1214 1020/1020/533 1021/1021/534
f 2569/2569/1214 1021/1021/534 3048/3048/1532
f 3049/3049/1533 805/805/394 771/771/369
f 3049/3049/1533 771/771/369 3050/3050/1534
f 3034/3034/1523 3049/3049/1533 3050/3050/1534
f 3034/3034/1523 3050/3050/1534 3035/3035/1524
f 3051/3051/1535 3038/3038/1526 3052/3052/1536
f 3051/3051/1535 3052/3052/1536 3053/3053/1537
f 3054/3054/1538 3055/3055/1538 3056/3056/1539
f 3054/3054/1538 3056/3056/1539 3057/3057/1539
f 3038/3038/1526 969/969/495 970/970/496
f 3038/3038/1526 970/970/496 3052/3052/1536
f 3036/3036/1362 3035/3035/1524 3058/3058/1540
f 3036/3036/1362 3058/3058/1540 3059/3059/1368
f 3060/3060/1356 3061/3061/1541 3051/3051/1535
f 3060/3060/1356 3051/3051/1535 3062/3062/1357
f 3050/3050/1534 771/771/369 770/770/368
f 3050/3050/1534 770/770/368 3063/3063/1542
f 3035/3035/1524 3050/3050/1534 3063/3063/1542
f 3035/3035/1524 3063/3063/1542 3058/3058/1540
f 3062/3062/1357 3051/3051/1535 3053/3053/1537
f 3062/3062/1357 3053/3053/1537 3064/3064/1392
f 3061/3061/1541 3037/3037/1525 3038/3038/1526
f 3061/3061/1541 3038/3038/1526 3051/3051/1535
f 2828/2828/1387 3031/3031/1521 3032/3032/1522
f 2828/2828/1387 3032/3032/1522 2882/2882/1430
f 2883/2883/1431 3030/3030/1520 3065/3065/1543
f 2883/2883/1431 3065/3065/1543 2827/2827/1386
f 2882/2882/1430 3032/3032/1522 3066/3066/1544
f 2882/2882/1430 3066/3066/1544 2823/2823/1382
f 2880/2880/1428 3020/3020/1510 3067/3067/1545
f 2880/2880/1428 3067/3067/1545 2819/2819/1378
f 3023/3023/1513 980/980/505 198/198/126
f 3023/3023/1513 198/198/126 3068/3068/1546
f 3025/3025/1515 982/982/507 798/798/387
f 3025/3025/1515 798/798/387 3069/3069/1547
f 2533/2533/1194 2534/2534/1195 2519/2519/1185
f 2533/2533/1194 2519/2519/1185 2568/2568/1213
f 2832/2832/1391 3029/3029/1519 3030/3030/1520
f 2832/2832/1391 3030/3030/1520 2883/2883/1431
f 2378/2378/1093 2381/2381/1096 2541/2541/1196
f 2378/2378/1093 2541/2541/1196 2520/2520/1186
f 2323/2323/1056 2322/2322/1055 2477/2477/1158
f 2323/2323/1056 2477/2477/1158 2336/2336/1070
f 3070/3070/1548 3071/3071/1548 2386/2386/1101
f 3070/3070/1548 2386/2386/1101 2389/2389/1101
f 794/794/1529 793/793/1549 2989/2989/1498
f 794/794/1529 2989/2989/1498 2554/2554/1205
f 2432/2432/1130 2533/2533/1194 2568/2568/1213
f 2432/2432/1130 2568/2568/1213 2518/2518/1184
f 2989/2989/1498 793/793/1549 727/727/336
f 2989/2989/1498 727/727/336 776/776/371
f 631/631/308 790/790/383 792/792/385
f 631/631/308 792/792/385 3072/3072/1550
f 2489/2489/115 3073/3073/115 3074/3074/115
f 2489/2489/115 3074/3074/115 2490/2490/115
f 3075/3075/1551 3076/3076/308 3077/3077/1550
f 3075/3075/1551 3077/3077/1550 3078/3078/1552
f 3079/3079/1553 3080/3080/570 3076/3076/308
f 3079/3079/1553 3076/3076/308 3075/3075/1551
f 2289/2289/1037 3081/3081/1554 3082/3082/526
f 2289/2289/1037 3082/3082/526 2396/2396/528
f 2262/2262/1021 3083/3083/358 2514/2514/1182
f 2262/2262/1021 2514/2514/1182 2263/2263/1022
f 3027/3027/1517 769/769/367 797/797/386
f 3027/3027/1517 797/797/386 3084/3084/1555
f 749/749/350 1047/1047/552 1048/1048/553
f 749/749/350 1048/1048/553 750/750/351
f 3030/3030/1520 3023/3023/1513 3068/3068/1546
f 3030/3030/1520 3068/3068/1546 3065/3065/1543
f 3032/3032/1522 3025/3025/1515 3069/3069/1547
f 3032/3032/1522 3069/3069/1547 3066/3066/1544
f 2274/2274/1026 2569/2569/1214 3048/3048/1532
f 2274/2274/1026 3048/3048/1532 2275/2275/1027
f 2552/2552/1203 2286/2286/1035 2439/2439/1134
f 2552/2552/1203 2439/2439/1134 2494/2494/1170
f 2275/2275/1027 3048/3048/1532 2441/2441/1136
f 2275/2275/1027 2441/2441/1136 2456/2456/1148
f 2255/2255/1015 3085/3085/1499 3081/3081/1554
f 2255/2255/1015 3081/3081/1554 2256/2256/1016
f 2574/2574/1216 2983/2983/1494 2996/2996/1117
f 2574/2574/1216 2996/2996/1117 2575/2575/1199
f 3086/3086/65 2498/2498/65 756/756/65
f 3086/3086/65 756/756/65 2436/2436/65
f 791/791/384 199/199/127 3072/3072/1550
f 791/791/384 3072/3072/1550 792/792/385
f 2553/2553/1204 2382/2382/1097 2438/2438/1133
f 2553/2553/1204 2438/2438/1133 2332/2332/1065
f 2333/2333/1066 3087/3087/1556 2510/2510/1179
f 2333/2333/1066 2510/2510/1179 2454/2454/1146
f 3020/3020/1510 3027/3027/1517 3084/3084/1555
f 3020/3020/1510 3084/3084/1555 3067/3067/1545
f 3088/3088/115 3089/3089/115 1027/1027/115
f 3088/3088/115 1027/1027/115 1026/1026/115
f 773/773/115 772/772/115 3090/3090/115
f 773/773/115 3090/3090/115 3041/3041/115
f 3057/3057/1539 3056/3056/1539 3091/3091/1557
f 3057/3057/1539 3091/3091/1557 3092/3092/1557
f 2315/2315/1048 2504/2504/1175 3093/3093/1202
f 2315/2315/1048 3093/3093/1202 2316/2316/1008
f 2476/2476/1157 2511/2511/1180 1016/1016/529
f 2476/2476/1157 1016/1016/529 1017/1017/530
f 1014/1014/527 1013/1013/526 775/775/370
f 1014/1014/527 775/775/370 729/729/337
f 1003/1003/519 1005/1005/520 766/766/364
f 1003/1003/519 766/766/364 765/765/363
f 2504/2504/1175 1002/1002/518 1023/1023/536
f 2504/2504/1175 1023/1023/536 3093/3093/1202
f 3094/3094/1558 3095/3095/1559 3096/3096/1400
f 3094/3094/1558 3096/3096/1400 3097/3097/1393
f 2840/2840/1390 2839/2839/1398 3098/3098/1560
f 2840/2840/1390 3098/3098/1560 3099/3099/1561
f 3100/3100/115 3046/3046/115 3047/3047/115
f 3100/3100/115 3047/3047/115 3101/3101/115
f 3102/3102/115 3103/3103/115 1027/1027/115
f 3102/3102/115 1027/1027/115 3089/3089/115
f 2399/2399/1108 2291/2291/1039 2325/2325/1058
f 2399/2399/1108 2325/2325/1058 2532/2532/1193
f 1029/1029/538 1028/1028/537 2414/2414/1121
f 1029/1029/538 2414/2414/1121 3104/3104/1173
f 1033/1033/542 1030/1030/539 3104/3104/1173
f 1033/1033/542 3104/3104/1173 2414/2414/1121
f 2876/2876/1212 2875/2875/1426 3105/3105/1562
f 2876/2876/1212 3105/3105/1562 3106/3106/1562
f 2878/2878/1426 2877/2877/1426 3107/3107/1562
f 2878/2878/1426 3107/3107/1562 3108/3108/1562
f 2494/2494/1170 2439/2439/1134 2383/2383/1098
f 2494/2494/1170 2383/2383/1098 2495/2495/1171
f 3058/3058/1540 3109/3109/1563 3110/3110/1396
f 3058/3058/1540 3110/3110/1396 3059/3059/1368
f 3109/3109/1563 3061/3061/1541 3060/3060/1356
f 3109/3109/1563 3060/3060/1356 3110/3110/1396
f 3053/3053/1537 3111/3111/1558 3112/3112/1393
f 3053/3053/1537 3112/3112/1393 3064/3064/1392
f 2290/2290/1038 2397/2397/532 2588/2588/538
f 2290/2290/1038 2588/2588/538 2326/2326/1059
f 2458/2458/56 762/762/56 2491/2491/56
f 2458/2458/56 2491/2491/56 3113/3113/56
f 3114/3114/115 3100/3100/115 3101/3101/115
f 3114/3114/115 3101/3101/115 3115/3115/115
f 2282/2282/1033 2399/2399/1108 2532/2532/1193
f 2282/2282/1033 2532/2532/1193 2531/2531/1192
f 2534/2534/1195 2417/2417/1124 2379/2379/1094
f 2534/2534/1195 2379/2379/1094 2378/2378/1093
f 2549/2549/1201 2522/2522/1188 2521/2521/1187
f 2549/2549/1201 2521/2521/1187 3116/3116/1564
f 3117/3117/1565 3049/3049/1533 3034/3034/1523
f 3117/3117/1565 3034/3034/1523 3118/3118/1566
f 3021/3021/1511 3067/3067/1545 3084/3084/1555
f 3021/3021/1511 3084/3084/1555 3028/3028/1518
f 3019/3019/1509 3066/3066/1544 3069/3069/1547
f 3019/3019/1509 3069/3069/1547 3026/3026/1516
f 3063/3063/1542 3119/3119/1567 3109/3109/1563
f 3063/3063/1542 3109/3109/1563 3058/3058/1540
f 2832/2832/1391 2831/2831/1390 3120/3120/1561
f 2832/2832/1391 3120/3120/1561 3029/3029/1519
f 2828/2828/1387 2827/2827/1386 3065/3065/1543
f 2828/2828/1387 3065/3065/1543 3031/3031/1521
f 2824/2824/1383 2823/2823/1382 3066/3066/1544
f 2824/2824/1383 3066/3066/1544 3019/3019/1509
f 2291/2291/1039 2290/2290/1038 2326/2326/1059
f 2291/2291/1039 2326/2326/1059 2325/2325/1058
f 2283/2283/1034 2282/2282/1033 2531/2531/1192
f 2283/2283/1034 2531/2531/1192 2544/2544/1198
f 3114/3114/115 3115/3115/115 3121/3121/115
f 3114/3114/115 3121/3121/115 3122/3122/115
f 2552/2552/1203 2551/2551/536 2287/2287/517
f 2552/2552/1203 2287/2287/517 2286/2286/1035
f 2492/2492/1168 2532/2532/1193 2325/2325/1058
f 2492/2492/1168 2325/2325/1058 2324/2324/1057
f 2553/2553/1204 2495/2495/1171 2383/2383/1098
f 2553/2553/1204 2383/2383/1098 2382/2382/1097
f 3031/3031/1521 3065/3065/1543 3068/3068/1546
f 3031/3031/1521 3068/3068/1546 3024/3024/1514
f 3029/3029/1519 3120/3120/1561 3123/3123/1568
f 3029/3029/1519 3123/3123/1568 3022/3022/1512
f 3052/3052/1536 3124/3124/1569 3111/3111/1558
f 3052/3052/1536 3111/3111/1558 3053/3053/1537
f 2820/2820/1379 2819/2819/1378 3067/3067/1545
f 2820/2820/1379 3067/3067/1545 3021/3021/1511
f 3080/3080/570 3079/3079/1553 3125/3125/1570
f 3080/3080/570 3125/3125/1570 3126/3126/1569
f 3127/3127/1571 3128/3128/1571 1995/1995/895
f 3127/3127/1571 1995/1995/895 1994/1994/895
f 3129/3129/1571 3130/3130/1571 1998/1998/897
f 3129/3129/1571 1998/1998/897 1997/1997/897
f 2398/2398/1107 2257/2257/1017 2256/2256/1016
f 2398/2398/1107 2256/2256/1016 2288/2288/1036
f 3083/3083/358 2254/2254/357 2257/2257/1017
f 3083/3083/358 2257/2257/1017 2514/2514/1182
f 3119/3119/1567 3037/3037/1525 3061/3061/1541
f 3119/3119/1567 3061/3061/1541 3109/3109/1563
f 3099/3099/1561 3098/3098/1560 3131/3131/1572
f 3099/3099/1561 3131/3131/1572 3132/3132/1568
f 3022/3022/1512 3123/3123/1568 788/788/381
f 3022/3022/1512 788/788/381 789/789/382
f 3085/3085/1499 3133/3133/370 3082/3082/526
f 3085/3085/1499 3082/3082/526 3081/3081/1554
f 3126/3126/1569 3125/3125/1570 3095/3095/1559
f 3126/3126/1569 3095/3095/1559 3094/3094/1558
f 1042/1042/127 1060/1060/561 3078/3078/1552
f 1042/1042/127 3078/3078/1552 3077/3077/1550
f 3024/3024/1514 3068/3068/1546 198/198/126
f 3024/3024/1514 198/198/126 197/197/125
f 3134/3134/119 3135/3135/119 2355/2355/119
f 3134/3134/119 2355/2355/119 1954/1954/119
f 1057/1057/558 3136/3136/1573 750/750/351
f 1057/1057/558 750/750/351 1048/1048/553
f 3137/3137/119 3138/3138/119 2609/2609/119
f 3137/3137/119 2609/2609/119 2608/2608/119
f 3092/3092/1557 3091/3091/1557 3139/3139/1574
f 3092/3092/1557 3139/3139/1574 3140/3140/1574
f 3045/3045/1531 3044/3044/1531 2375/2375/1091
f 3045/3045/1531 2375/2375/1091 2374/2374/1091
f 3087/3087/1556 2474/2474/1155 2475/2475/1156
f 3087/3087/1556 2475/2475/1156 2510/2510/1179
f 1053/1053/557 1052/1052/556 1050/1050/554
f 1053/1053/557 1050/1050/554 805/805/394
f 2302/2302/1044 2552/2552/1203 2494/2494/1170
f 2302/2302/1044 2494/2494/1170 2303/2303/1045
f 804/804/393 754/754/354 1033/1033/542
f 804/804/393 1033/1033/542 2413/2413/1120
f 2511/2511/1180 2455/2455/1147 778/778/373
f 2511/2511/1180 778/778/373 1016/1016/529
f 3141/3141/1575 3142/3142/1576 2443/2443/1138
f 3141/3141/1575 2443/2443/1138 1063/1063/563
f 3141/3141/1575 1063/1063/563 1000/1000/516
f 3141/3141/1575 1000/1000/516 3143/3143/1577
f 3142/3142/1576 3144/3144/1578 2444/2444/1139
f 3142/3142/1576 2444/2444/1139 2443/2443/1138
f 2459/2459/1150 3143/3143/1577 1000/1000/516
f 2459/2459/1150 1000/1000/516 763/763/361
f 3144/3144/1578 2400/2400/1109 2403/2403/1112
f 3144/3144/1578 2403/2403/1112 2444/2444/1139
f 2385/2385/1100 1028/1028/537 1018/1018/531
f 2385/2385/1100 1018/1018/531 2437/2437/1132
f 2624/2624/1579 2435/2435/1579 755/755/1579
f 2624/2624/1579 755/755/1579 2625/2625/1579
f 3145/3145/1580 3146/3146/1580 3128/3128/1571
f 3145/3145/1580 3128/3128/1571 3127/3127/1571
f 3147/3147/1581 3148/3148/1581 3130/3130/1571
f 3147/3147/1581 3130/3130/1571 3129/3129/1571
f 1021/1021/534 998/998/514 1061/1061/562
f 1021/1021/534 1061/1061/562 2442/2442/1137
f 3048/3048/1532 1021/1021/534 2442/2442/1137
f 3048/3048/1532 2442/2442/1137 2441/2441/1136
f 2442/2442/1137 1061/1061/562 1063/1063/563
f 2442/2442/1137 1063/1063/563 2443/2443/1138
f 3149/3149/1582 1037/1037/544 1039/1039/546
f 3149/3149/1582 1039/1039/546 3150/3150/1582
f 1067/1067/566 708/708/331 1066/1066/565
f 1067/1067/566 1066/1066/565 1065/1065/564
f 2318/2318/1051 2553/2553/1204 2332/2332/1065
f 2318/2318/1051 2332/2332/1065 2329/2329/1062
f 633/633/310 770/770/368 768/768/366
f 633/633/310 768/768/366 790/790/383
f 1070/1070/65 1072/1072/65 1069/1069/65
f 1070/1070/65 1069/1069/65 1068/1068/65
f 673/673/318 192/192/122 2259/2259/1018
f 673/673/318 2259/2259/1018 2258/2258/1018
f 3151/3151/65 3152/3152/65 1079/1079/65
f 3151/3151/65 1079/1079/65 711/711/65
f 805/805/394 3049/3049/1533 3117/3117/1565
f 805/805/394 3117/3117/1565 1053/1053/557
f 3116/3116/1564 2521/2521/1187 1036/1036/543
f 3116/3116/1564 1036/1036/543 800/800/389
f 3136/3136/1573 3153/3153/1583 1011/1011/523
f 3136/3136/1573 1011/1011/523 750/750/351
f 766/766/1584 1005/1005/1585 704/704/1585
f 766/766/1584 704/704/1585 702/702/1584
f 2496/2496/1586 3154/3154/1587 703/703/1587
f 2496/2496/1586 703/703/1587 705/705/1586
f 1005/1005/1585 2496/2496/1586 705/705/1586
f 1005/1005/1585 705/705/1586 704/704/1585
f 2554/2554/1205 2989/2989/1498 2990/2990/1499
f 2554/2554/1205 2990/2990/1499 2555/2555/1015
f 748/748/65 1080/1080/65 3155/3155/65
f 748/748/65 3155/3155/65 3156/3156/65
f 3157/3157/1588 3158/3158/1589 3159/3159/1589
f 3157/3157/1588 3159/3159/1589 3160/3160/1588
f 3034/3034/1523 3033/3033/1264 3161/3161/1263
f 3034/3034/1523 3161/3161/1263 3118/3118/1566
f 2509/2509/1453 2508/2508/1481 2956/2956/1481
f 2509/2509/1453 2956/2956/1481 2907/2907/1453
f 3162/3162/1590 3163/3163/1590 3146/3146/1580
f 3162/3162/1590 3146/3146/1580 3145/3145/1580
f 3164/3164/1590 3165/3165/1590 3148/3148/1581
f 3164/3164/1590 3148/3148/1581 3147/3147/1581
f 3166/3166/115 3167/3167/115 2580/2580/1217
f 3166/3166/115 2580/2580/1217 2579/2579/1217
f 2245/2245/1009 2244/2244/1008 2550/2550/1202
f 2245/2245/1009 2550/2550/1202 2302/2302/1044
f 3154/3154/1587 3168/3168/1591 2579/2579/1591
f 3154/3154/1587 2579/2579/1591 703/703/1587
f 2691/2691/65 2690/2690/65 3169/3169/65
f 2691/2691/65 3169/3169/65 3170/3170/65
f 2298/2298/1501 766/766/1584 702/702/1584
f 2298/2298/1501 702/702/1584 701/701/1501
f 3171/3171/1592 3172/3172/1593 3173/3173/1593
f 3171/3171/1592 3173/3173/1593 3174/3174/1592
f 2391/2391/1104 3175/3175/1594 2572/2572/1594
f 2391/2391/1104 2572/2572/1594 2392/2392/1104
f 3172/3172/1593 3157/3157/1588 3160/3160/1588
f 3172/3172/1593 3160/3160/1588 3173/3173/1593
f 770/770/368 633/633/310 3119/3119/1567
f 770/770/368 3119/3119/1567 3063/3063/1542
f 3026/3026/1516 3069/3069/1547 798/798/387
f 3026/3026/1516 798/798/387 767/767/365
f 633/633/310 632/632/309 3037/3037/1525
f 633/633/310 3037/3037/1525 3119/3119/1567
f 970/970/496 1076/1076/570 3124/3124/1569
f 970/970/496 3124/3124/1569 3052/3052/1536
f 2304/2304/1046 2303/2303/1045 2317/2317/1050
f 2304/2304/1046 2317/2317/1050 2248/2248/1012
f 2028/2028/925 2027/2027/924 2928/2928/1470
f 2028/2028/925 2928/2928/1470 3176/3176/1595
f 2029/2029/926 2028/2028/925 3176/3176/1595
f 2029/2029/926 3176/3176/1595 3177/3177/1596
f 3178/3178/1597 3179/3179/1597 3180/3180/1598
f 3178/3178/1597 3180/3180/1598 3181/3181/1598
f 2475/2475/1156 729/729/337 799/799/388
f 2475/2475/1156 799/799/388 2455/2455/1147
f 3182/3182/1599 2644/2644/1254 2643/2643/1254
f 3182/3182/1599 2643/2643/1254 3183/3183/1599
f 3158/3158/1589 3182/3182/1599 3183/3183/1599
f 3158/3158/1589 3183/3183/1599 3159/3159/1589
f 2891/2891/65 2387/2387/65 2386/2386/65
f 2891/2891/65 2386/2386/65 2526/2526/65
f 2286/2286/1035 804/804/393 2413/2413/1120
f 2286/2286/1035 2413/2413/1120 2439/2439/1134
f 747/747/65 746/746/65 710/710/65
f 747/747/65 710/710/65 732/732/65
f 3071/3071/65 2523/2523/65 2526/2526/65
f 3071/3071/65 2526/2526/65 2386/2386/65
f 3132/3132/1568 3131/3131/1572 1059/1059/560
f 3132/3132/1568 1059/1059/560 1040/1040/381
f 3106/3106/1562 3105/3105/1562 3163/3163/1590
f 3106/3106/1562 3163/3163/1590 3162/3162/1590
f 3108/3108/1562 3107/3107/1562 3165/3165/1590
f 3108/3108/1562 3165/3165/1590 3164/3164/1590
f 2769/2769/1341 2768/2768/1341 3055/3055/1538
f 2769/2769/1341 3055/3055/1538 3054/3054/1538
f 3028/3028/1518 3084/3084/1555 797/797/386
f 3028/3028/1518 797/797/386 981/981/506
f 2398/2398/1107 2288/2288/1036 2291/2291/1039
f 2398/2398/1107 2291/2291/1039 2399/2399/1108
f 3140/3140/1574 3139/3139/1574 2771/2771/1342
f 3140/3140/1574 2771/2771/1342 2770/2770/1342
f 2404/2404/1113 3184/3184/1600 3185/3185/1600
f 2404/2404/1113 3185/3185/1600 2405/2405/1113
f 2773/2773/1343 2772/2772/1343 3186/3186/1597
f 2773/2773/1343 3186/3186/1597 3187/3187/1597
f 2432/2432/1130 2371/2371/1089 2453/2453/1145
f 2432/2432/1130 2453/2453/1145 2533/2533/1194
f 3168/3168/1591 3188/3188/1601 3166/3166/1601
f 3168/3168/1591 3166/3166/1601 2579/2579/1591
f 2486/2486/1165 2544/2544/1198 2531/2531/1192
f 2486/2486/1165 2531/2531/1192 2503/2503/1174
f 3189/3189/1602 3190/3190/1602 3043/3043/1530
f 3189/3189/1602 3043/3043/1530 3042/3042/1530
f 3191/3191/1603 3192/3192/1603 4/4/2
f 3191/3191/1603 4/4/2 6/6/4
f 3156/3156/65 3155/3155/65 3193/3193/65
f 3156/3156/65 3193/3193/65 3194/3194/65
f 2288/2288/1036 2256/2256/1016 3081/3081/1554
f 2288/2288/1036 3081/3081/1554 2289/2289/1037
f 2437/2437/1132 1018/1018/531 1014/1014/527
f 2437/2437/1132 1014/1014/527 2474/2474/1155
f 2477/2477/1158 1017/1017/530 1020/1020/533
f 2477/2477/1158 1020/1020/533 2569/2569/1214
f 2454/2454/1146 2510/2510/1179 2511/2511/1180
f 2454/2454/1146 2511/2511/1180 2476/2476/1157
f 2584/2584/1604 2390/2390/1103 2393/2393/1103
f 2584/2584/1604 2393/2393/1103 2529/2529/1604
f 2332/2332/1065 2438/2438/1133 3087/3087/1556
f 2332/2332/1065 3087/3087/1556 2333/2333/1066
f 3194/3194/65 3193/3193/65 3170/3170/65
f 3194/3194/65 3170/3170/65 3169/3169/65
f 2438/2438/1133 2437/2437/1132 2474/2474/1155
f 2438/2438/1133 2474/2474/1155 3087/3087/1556
f 3181/3181/1598 3180/3180/1598 3190/3190/1602
f 3181/3181/1598 3190/3190/1602 3189/3189/1602
f 1957/1957/119 3195/3195/119 3196/3196/119
f 1957/1957/119 3196/3196/119 3197/3197/119
f 3197/3197/119 3196/3196/119 3198/3198/119
f 3197/3197/119 3198/3198/119 3199/3199/119
f 1101/1101/1605 3200/3200/1605 3201/3201/1606
f 1101/1101/1605 3201/3201/1606 1102/1102/1606
f 1098/1098/1607 3202/3202/1607 3203/3203/1608
f 1098/1098/1607 3203/3203/1608 1099/1099/1608
f 1102/1102/1606 3201/3201/1606 3204/3204/1609
f 1102/1102/1606 3204/3204/1609 1103/1103/1609
f 1103/1103/1609 3204/3204/1609 3205/3205/1610
f 1103/1103/1609 3205/3205/1610 1105/1105/1610
f 1104/1104/1611 3206/3206/1611 3202/3202/1607
f 1104/1104/1611 3202/3202/1607 1098/1098/1607
f 1105/1105/1610 3205/3205/1610 3207/3207/1612
f 1105/1105/1610 3207/3207/1612 1106/1106/1612
f 1106/1106/1612 3207/3207/1612 3208/3208/1613
f 1106/1106/1612 3208/3208/1613 1108/1108/1613
f 1107/1107/1614 3209/3209/1614 3206/3206/1611
f 1107/1107/1614 3206/3206/1611 1104/1104/1611
f 1108/1108/1613 3208/3208/1613 3209/3209/1614
f 1108/1108/1613 3209/3209/1614 1107/1107/1614
f 3210/3210/1615 3211/3211/1616 1110/1110/1616
f 3210/3210/1615 1110/1110/1616 1109/1109/1615
f 3212/3212/1617 3210/3210/1615 1109/1109/1615
f 3212/3212/1617 1109/1109/1615 1113/1113/1617
f 3211/3211/1616 3213/3213/1618 1112/1112/1618
f 3211/3211/1616 1112/1112/1618 1110/1110/1616
f 2337/2337/1071 1825/1825/824 1666/1666/763
f 2337/2337/1071 1666/1666/763 1665/1665/762
f 1897/1897/847 1896/1896/847 3214/3214/1
f 1897/1897/847 3214/3214/1 3215/3215/1
f 3216/3216/56 3217/3217/56 3218/3218/56
f 3216/3216/56 3218/3218/56 3219/3219/56
f 1887/1887/845 1886/1886/845 3220/3220/123
f 1887/1887/845 3220/3220/123 3221/3221/123
f 3199/3199/119 3198/3198/119 3222/3222/119
f 3199/3199/119 3222/3222/119 3223/3223/119
f 3223/3223/119 3222/3222/119 3224/3224/119
f 3223/3223/119 3224/3224/119 3225/3225/119
f 3225/3225/119 3224/3224/119 3226/3226/119
f 3225/3225/119 3226/3226/119 3227/3227/119
f 3227/3227/119 3226/3226/119 3228/3228/119
f 3227/3227/119 3228/3228/119 3229/3229/119
f 3229/3229/119 3228/3228/119 3230/3230/119
f 3229/3229/119 3230/3230/119 3231/3231/119
f 3231/3231/119 3230/3230/119 3232/3232/119
f 3231/3231/119 3232/3232/119 3233/3233/119
f 3233/3233/119 3232/3232/119 3234/3234/119
f 3233/3233/119 3234/3234/119 3235/3235/119
f 3235/3235/119 3234/3234/119 3236/3236/119
f 3235/3235/119 3236/3236/119 3237/3237/119
f 3237/3237/119 3236/3236/119 3238/3238/119
f 3237/3237/119 3238/3238/119 3239/3239/119
f 3239/3239/119 3238/3238/119 3240/3240/119
f 3239/3239/119 3240/3240/119 3241/3241/119
f 3241/3241/119 3240/3240/119 3242/3242/119
f 3241/3241/119 3242/3242/119 3243/3243/119
f 3243/3243/119 3242/3242/119 3244/3244/119
f 3243/3243/119 3244/3244/119 3245/3245/119
f 3245/3245/119 3244/3244/119 3246/3246/119
f 3245/3245/119 3246/3246/119 1956/1956/119
f 3247/3247/1619 421/421/248 419/419/246
f 3247/3247/1619 419/419/246 3248/3248/1620
f 3248/3248/1620 419/419/246 418/418/245
f 3248/3248/1620 418/418/245 2152/2152/978
f 2152/2152/978 418/418/245 420/420/247
f 2152/2152/978 420/420/247 2153/2153/979
f 2153/2153/979 420/420/247 1118/1118/577
f 2153/2153/979 1118/1118/577 2154/2154/980
f 2154/2154/980 1118/1118/577 1119/1119/578
f 2154/2154/980 1119/1119/578 2155/2155/981
f 2155/2155/981 1119/1119/578 1120/1120/579
f 2155/2155/981 1120/1120/579 3249/3249/1621
f 3249/3249/1621 1120/1120/579 1121/1121/580
f 3249/3249/1621 1121/1121/580 3250/3250/1622
f 3250/3250/1622 1121/1121/580 1122/1122/581
f 3250/3250/1622 1122/1122/581 3251/3251/1623
f 3251/3251/1623 1122/1122/581 1123/1123/582
f 3251/3251/1623 1123/1123/582 3252/3252/1624
f 3252/3252/1624 1123/1123/582 1124/1124/583
f 3252/3252/1624 1124/1124/583 3253/3253/1625
f 3253/3253/1625 1124/1124/583 1125/1125/584
f 3253/3253/1625 1125/1125/584 3254/3254/1626
f 3254/3254/1626 1125/1125/584 1126/1126/585
f 3254/3254/1626 1126/1126/585 3255/3255/1627
f 3255/3255/1627 1126/1126/585 1127/1127/586
f 3255/3255/1627 1127/1127/586 3256/3256/1628
f 3256/3256/1628 1127/1127/586 1128/1128/587
f 3256/3256/1628 1128/1128/587 3257/3257/1629
f 3257/3257/1629 1128/1128/587 1129/1129/588
f 3257/3257/1629 1129/1129/588 3258/3258/1630
f 3258/3258/1630 1129/1129/588 421/421/248
f 3258/3258/1630 421/421/248 3247/3247/1619
f 1944/1944/882 3247/3247/1619 3248/3248/1620
f 1944/1944/882 3248/3248/1620 1915/1915/854
f 1915/1915/854 3248/3248/1620 2152/2152/978
f 1915/1915/854 2152/2152/978 1916/1916/855
f 3259/3259/1631 3212/3212/1617 1113/1113/1617
f 3259/3259/1631 1113/1113/1617 1130/1130/1631
f 3260/3260/1632 3259/3259/1631 1130/1130/1631
f 3260/3260/1632 1130/1130/1631 1132/1132/1632
f 3213/3213/1618 3261/3261/1633 1131/1131/1633
f 3213/3213/1618 1131/1131/1633 1112/1112/1618
f 3262/3262/1634 3260/3260/1632 1132/1132/1632
f 3262/3262/1634 1132/1132/1632 1133/1133/1634
f 3263/3263/1635 3262/3262/1634 1133/1133/1634
f 3263/3263/1635 1133/1133/1634 1135/1135/1635
f 3261/3261/1633 3264/3264/1636 1134/1134/1636
f 3261/3261/1633 1134/1134/1636 1131/1131/1633
f 3265/3265/1637 3263/3263/1635 1135/1135/1635
f 3265/3265/1637 1135/1135/1635 1136/1136/1637
f 3266/3266/1638 3265/3265/1637 1136/1136/1637
f 3266/3266/1638 1136/1136/1637 1138/1138/1638
f 3264/3264/1636 3267/3267/1639 1137/1137/1639
f 3264/3264/1636 1137/1137/1639 1134/1134/1636
f 3268/3268/1640 3266/3266/1638 1138/1138/1638
f 3268/3268/1640 1138/1138/1638 1139/1139/1640
f 3269/3269/949 3268/3268/1640 1139/1139/1640
f 3269/3269/949 1139/1139/1640 1141/1141/949
f 3267/3267/1639 3270/3270/950 1140/1140/950
f 3267/3267/1639 1140/1140/950 1137/1137/1639
f 3270/3270/950 3269/3269/949 1141/1141/949
f 3270/3270/950 1141/1141/949 1140/1140/950
f 1142/1142/1616 3271/3271/1616 3272/3272/1615
f 1142/1142/1616 3272/3272/1615 1143/1143/1615
f 1143/1143/1615 3272/3272/1615 3273/3273/1617
f 1143/1143/1615 3273/3273/1617 1145/1145/1617
f 1144/1144/1618 3274/3274/1618 3271/3271/1616
f 1144/1144/1618 3271/3271/1616 1142/1142/1616
f 1145/1145/1617 3273/3273/1617 3275/3275/1631
f 1145/1145/1617 3275/3275/1631 1146/1146/1631
f 1146/1146/1631 3275/3275/1631 3276/3276/1632
f 1146/1146/1631 3276/3276/1632 1148/1148/1632
f 1147/1147/1633 3277/3277/1633 3274/3274/1618
f 1147/1147/1633 3274/3274/1618 1144/1144/1618
f 1148/1148/1632 3276/3276/1632 3278/3278/1634
f 1148/1148/1632 3278/3278/1634 1149/1149/1634
f 1149/1149/1634 3278/3278/1634 3279/3279/1635
f 1149/1149/1634 3279/3279/1635 1151/1151/1635
f 1150/1150/1636 3280/3280/1636 3277/3277/1633
f 1150/1150/1636 3277/3277/1633 1147/1147/1633
f 1151/1151/1635 3279/3279/1635 3281/3281/1637
f 1151/1151/1635 3281/3281/1637 1152/1152/1637
f 1152/1152/1637 3281/3281/1637 3282/3282/1638
f 1152/1152/1637 3282/3282/1638 1154/1154/1638
f 1153/1153/1639 3283/3283/1639 3280/3280/1636
f 1153/1153/1639 3280/3280/1636 1150/1150/1636
f 1154/1154/1638 3282/3282/1638 3284/3284/1640
f 1154/1154/1638 3284/3284/1640 1155/1155/1640
f 1155/1155/1640 3284/3284/1640 2071/2071/949
f 1155/1155/1640 2071/2071/949 570/570/949
f 571/571/950 2072/2072/950 3283/3283/1639
f 571/571/950 3283/3283/1639 1153/1153/1639
f 3285/3285/65 3286/3286/65 3287/3287/65
f 3285/3285/65 3287/3287/65 3288/3288/65
f 3215/3215/1 3214/3214/1 3289/3289/1641
f 3215/3215/1 3289/3289/1641 3290/3290/1641
f 3219/3219/56 3218/3218/56 3291/3291/56
f 3219/3219/56 3291/3291/56 3292/3292/56
f 3221/3221/123 3220/3220/123 3293/3293/1642
f 3221/3221/123 3293/3293/1642 3294/3294/1642
f 3288/3288/65 3287/3287/65 3295/3295/65
f 3288/3288/65 3295/3295/65 3296/3296/65
f 3290/3290/1641 3289/3289/1641 3297/3297/1643
f 3290/3290/1641 3297/3297/1643 3298/3298/1643
f 3292/3292/56 3291/3291/56 3299/3299/56
f 3292/3292/56 3299/3299/56 3300/3300/56
f 3294/3294/1642 3293/3293/1642 3301/3301/1644
f 3294/3294/1642 3301/3301/1644 3302/3302/1644
f 1951/1951/886 1950/1950/886 3303/3303/1645
f 1951/1951/886 3303/3303/1645 3304/3304/1645
f 3304/3304/1645 3303/3303/1645 3305/3305/1646
f 3304/3304/1645 3305/3305/1646 3306/3306/1646
f 3306/3306/1646 3305/3305/1646 3307/3307/1647
f 3306/3306/1646 3307/3307/1647 3308/3308/1647
f 3308/3308/1647 3307/3307/1647 3309/3309/1648
f 3308/3308/1647 3309/3309/1648 3310/3310/1648
f 3310/3310/1648 3309/3309/1648 3311/3311/1649
f 3310/3310/1648 3311/3311/1649 3312/3312/1649
f 3312/3312/1649 3311/3311/1649 3313/3313/1650
f 3312/3312/1649 3313/3313/1650 3314/3314/1650
f 3315/3315/1650 3316/3316/1650 3317/3317/1651
f 3315/3315/1650 3317/3317/1651 3318/3318/1651
f 3318/3318/1651 3317/3317/1651 3319/3319/1652
f 3318/3318/1651 3319/3319/1652 3320/3320/1652
f 3320/3320/1652 3319/3319/1652 3321/3321/1653
f 3320/3320/1652 3321/3321/1653 3322/3322/1653
f 3322/3322/1653 3321/3321/1653 3323/3323/1654
f 3322/3322/1653 3323/3323/1654 3324/3324/1654
f 3325/3325/1655 3326/3326/1656 3327/3327/1656
f 3325/3325/1655 3327/3327/1656 3328/3328/1655
f 3324/3324/1654 3323/3323/1654 3329/3329/1657
f 3324/3324/1654 3329/3329/1657 3330/3330/1657
f 3330/3330/1657 3329/3329/1657 3331/3331/1658
f 3330/3330/1657 3331/3331/1658 3332/3332/1658
f 3332/3332/1658 3331/3331/1658 3333/3333/1659
f 3332/3332/1658 3333/3333/1659 3334/3334/1659
f 3334/3334/1659 3333/3333/1659 3335/3335/1660
f 3334/3334/1659 3335/3335/1660 3336/3336/1660
f 3336/3336/1660 3335/3335/1660 1949/1949/885
f 3336/3336/1660 1949/1949/885 1948/1948/885
f 3337/3337/1661 3338/3338/1662 1157/1157/1662
f 3337/3337/1661 1157/1157/1662 1156/1156/1661
f 3339/3339/115 3340/3340/115 3341/3341/115
f 3339/3339/115 3341/3341/115 3342/3342/115
f 3343/3343/1663 3344/3344/1664 1161/1161/1664
f 3343/3343/1663 1161/1161/1664 1160/1160/1663
f 3342/3342/115 3341/3341/115 3345/3345/115
f 3342/3342/115 3345/3345/115 3346/3346/115
f 3346/3346/115 3345/3345/115 3347/3347/115
f 3346/3346/115 3347/3347/115 3348/3348/115
f 3338/3338/1662 3349/3349/1665 1159/1159/1665
f 3338/3338/1662 1159/1159/1665 1157/1157/1662
f 3348/3348/115 3347/3347/115 3350/3350/115
f 3348/3348/115 3350/3350/115 3351/3351/115
f 3351/3351/115 3350/3350/115 3352/3352/115
f 3351/3351/115 3352/3352/115 3353/3353/115
f 3354/3354/1666 3355/3355/1667 3356/3356/1667
f 3354/3354/1666 3356/3356/1667 3357/3357/1666
f 3353/3353/115 3352/3352/115 3358/3358/115
f 3353/3353/115 3358/3358/115 3359/3359/115
f 3359/3359/115 3358/3358/115 3360/3360/115
f 3359/3359/115 3360/3360/115 3361/3361/115
f 3361/3361/115 3360/3360/115 3362/3362/115
f 3361/3361/115 3362/3362/115 3363/3363/115
f 3363/3363/115 3362/3362/115 3364/3364/115
f 3363/3363/115 3364/3364/115 3365/3365/115
f 3365/3365/115 3364/3364/115 3366/3366/115
f 3365/3365/115 3366/3366/115 3367/3367/115
f 3367/3367/115 3366/3366/115 3368/3368/115
f 3367/3367/115 3368/3368/115 3369/3369/115
f 3369/3369/115 3368/3368/115 3370/3370/115
f 3369/3369/115 3370/3370/115 3371/3371/115
f 3371/3371/115 3370/3370/115 3372/3372/115
f 3371/3371/115 3372/3372/115 3373/3373/115
f 3373/3373/115 3372/3372/115 3374/3374/115
f 3373/3373/115 3374/3374/115 3375/3375/115
f 3375/3375/115 3374/3374/115 3376/3376/115
f 3375/3375/115 3376/3376/115 3377/3377/115
f 3377/3377/115 3376/3376/115 3340/3340/115
f 3377/3377/115 3340/3340/115 3339/3339/115
f 3378/3378/1668 3337/3337/1661 1156/1156/1661
f 3378/3378/1668 1156/1156/1661 1164/1164/1668
f 3349/3349/1665 3379/3379/1669 1162/1162/1669
f 3349/3349/1665 1162/1162/1669 1159/1159/1665
f 3380/3380/1670 3343/3343/1663 1160/1160/1663
f 3380/3380/1670 1160/1160/1663 1248/1248/1670
f 3344/3344/1664 3381/3381/1671 1163/1163/1671
f 3344/3344/1664 1163/1163/1671 1161/1161/1664
f 3382/3382/1672 3378/3378/1668 1164/1164/1668
f 3382/3382/1672 1164/1164/1668 1166/1166/1672
f 3383/3383/1673 3382/3382/1672 1166/1166/1672
f 3383/3383/1673 1166/1166/1672 1168/1168/1673
f 3381/3381/1671 3384/3384/123 1167/1167/123
f 3381/3381/1671 1167/1167/123 1163/1163/1671
f 3384/3384/123 3383/3383/1673 1168/1168/1673
f 3384/3384/123 1168/1168/1673 1167/1167/123
f 1169/1169/1674 3385/3385/1674 3386/3386/1675
f 1169/1169/1674 3386/3386/1675 1170/1170/1675
f 1170/1170/1675 3386/3386/1675 3387/3387/1676
f 1170/1170/1675 3387/3387/1676 1173/1173/1676
f 3355/3355/1667 3388/3388/1677 3389/3389/1677
f 3355/3355/1667 3389/3389/1677 3356/3356/1667
f 1172/1172/1670 3390/3390/1670 3385/3385/1674
f 1172/1172/1670 3385/3385/1674 1169/1169/1674
f 1173/1173/1676 3387/3387/1676 3391/3391/1
f 1173/1173/1676 3391/3391/1 1174/1174/1
f 1174/1174/1 3391/3391/1 3392/3392/1669
f 1174/1174/1 3392/3392/1669 1176/1176/1669
f 3326/3326/1656 3393/3393/1678 3394/3394/1678
f 3326/3326/1656 3394/3394/1678 3327/3327/1656
f 1175/1175/1663 3395/3395/1663 3390/3390/1670
f 1175/1175/1663 3390/3390/1670 1172/1172/1670
f 1176/1176/1669 3392/3392/1669 3396/3396/1665
f 1176/1176/1669 3396/3396/1665 1177/1177/1665
f 1177/1177/1665 3396/3396/1665 3397/3397/1662
f 1177/1177/1665 3397/3397/1662 1179/1179/1662
f 3388/3388/1677 3398/3398/1679 3399/3399/1679
f 3388/3388/1677 3399/3399/1679 3389/3389/1677
f 1178/1178/1664 3400/3400/1664 3395/3395/1663
f 1178/1178/1664 3395/3395/1663 1175/1175/1663
f 1179/1179/1662 3397/3397/1662 3401/3401/1661
f 1179/1179/1662 3401/3401/1661 1183/1183/1661
f 3402/3402/1680 3403/3403/1681 1181/1181/1681
f 3402/3402/1680 1181/1181/1681 1180/1180/1680
f 1183/1183/1661 3401/3401/1661 3404/3404/1668
f 1183/1183/1661 3404/3404/1668 1187/1187/1668
f 1186/1186/1671 3405/3405/1671 3400/3400/1664
f 1186/1186/1671 3400/3400/1664 1178/1178/1664
f 1187/1187/1668 3404/3404/1668 3406/3406/1672
f 1187/1187/1668 3406/3406/1672 1188/1188/1672
f 3407/3407/1613 3408/3408/1612 1192/1192/1612
f 3407/3407/1613 1192/1192/1612 1191/1191/1613
f 3409/3409/1611 3410/3410/1614 1190/1190/1614
f 3409/3409/1611 1190/1190/1614 1189/1189/1611
f 3410/3410/1614 3407/3407/1613 1191/1191/1613
f 3410/3410/1614 1191/1191/1613 1190/1190/1614
f 3411/3411/1682 3402/3402/1680 1180/1180/1680
f 3411/3411/1682 1180/1180/1680 1193/1193/1682
f 3412/3412/1683 3413/3413/1608 1185/1185/1608
f 3412/3412/1683 1185/1185/1608 1184/1184/1683
f 3414/3414/1605 3411/3411/1682 1193/1193/1682
f 3414/3414/1605 1193/1193/1682 1194/1194/1605
f 1195/1195/1684 3415/3415/1684 3416/3416/1685
f 1195/1195/1684 3416/3416/1685 1196/1196/1685
f 1196/1196/1685 3416/3416/1685 3417/3417/1681
f 1196/1196/1685 3417/3417/1681 1283/1283/1681
f 3418/3418/56 3419/3419/56 3217/3217/56
f 3418/3418/56 3217/3217/56 3216/3216/56
f 3420/3420/1686 3421/3421/1686 3422/3422/1687
f 3420/3420/1686 3422/3422/1687 3423/3423/1687
f 1922/1922/860 2155/2155/981 3249/3249/1621
f 1922/1922/860 3249/3249/1621 1924/1924/862
f 3424/3424/65 3425/3425/65 3286/3286/65
f 3424/3424/65 3286/3286/65 3285/3285/65
f 3423/3423/1687 3422/3422/1687 3426/3426/1688
f 3423/3423/1687 3426/3426/1688 3427/3427/1688
f 1924/1924/862 3249/3249/1621 3250/3250/1622
f 1924/1924/862 3250/3250/1622 1926/1926/864
f 3427/3427/1688 3426/3426/1688 3428/3428/123
f 3427/3427/1688 3428/3428/123 3429/3429/123
f 3430/3430/1 3431/3431/1 3432/3432/1689
f 3430/3430/1 3432/3432/1689 3433/3433/1689
f 3433/3433/1689 3432/3432/1689 3434/3434/1690
f 3433/3433/1689 3434/3434/1690 3435/3435/1690
f 3436/3436/56 3437/3437/56 3438/3438/56
f 3436/3436/56 3438/3438/56 3439/3439/56
f 1926/1926/864 3250/3250/1622 3251/3251/1623
f 1926/1926/864 3251/3251/1623 1928/1928/866
f 3435/3435/1690 3434/3434/1690 3440/3440/1691
f 3435/3435/1690 3440/3440/1691 3441/3441/1691
f 1821/1821/65 1820/1820/65 3442/3442/65
f 1821/1821/65 3442/3442/65 3443/3443/65
f 1928/1928/866 3251/3251/1623 3252/3252/1624
f 1928/1928/866 3252/3252/1624 1930/1930/868
f 3441/3441/1691 3440/3440/1691 3444/3444/1692
f 3441/3441/1691 3444/3444/1692 3445/3445/1692
f 3439/3439/56 3438/3438/56 3419/3419/56
f 3439/3439/56 3419/3419/56 3418/3418/56
f 1930/1930/868 3252/3252/1624 3253/3253/1625
f 1930/1930/868 3253/3253/1625 1932/1932/870
f 3445/3445/1692 3444/3444/1692 3446/3446/1693
f 3445/3445/1692 3446/3446/1693 3447/3447/1693
f 3447/3447/1693 3446/3446/1693 3448/3448/1694
f 3447/3447/1693 3448/3448/1694 3449/3449/1694
f 3449/3449/1694 3448/3448/1694 3421/3421/1686
f 3449/3449/1694 3421/3421/1686 3420/3420/1686
f 3443/3443/65 3442/3442/65 3425/3425/65
f 3443/3443/65 3425/3425/65 3424/3424/65
f 1932/1932/870 3253/3253/1625 3254/3254/1626
f 1932/1932/870 3254/3254/1626 1934/1934/872
f 1188/1188/1672 3406/3406/1672 3450/3450/1673
f 1188/1188/1672 3450/3450/1673 1199/1199/1673
f 1198/1198/123 3451/3451/123 3405/3405/1671
f 1198/1198/123 3405/3405/1671 1186/1186/1671
f 1199/1199/1673 3450/3450/1673 3451/3451/123
f 1199/1199/1673 3451/3451/123 1198/1198/123
f 3398/3398/1679 3452/3452/1695 3453/3453/1695
f 3398/3398/1679 3453/3453/1695 3399/3399/1679
f 3454/3454/1696 3455/3455/1697 1201/1201/1697
f 3454/3454/1696 1201/1201/1697 1200/1200/1696
f 3452/3452/1695 3456/3456/1698 3457/3457/1698
f 3452/3452/1695 3457/3457/1698 3453/3453/1695
f 3456/3456/1698 3458/3458/1699 3459/3459/1699
f 3456/3456/1698 3459/3459/1699 3457/3457/1698
f 3458/3458/1699 3460/3460/1700 3461/3461/1700
f 3458/3458/1699 3461/3461/1700 3459/3459/1699
f 3462/3462/1701 3454/3454/1696 1200/1200/1696
f 3462/3462/1701 1200/1200/1696 1204/1204/1701
f 3460/3460/1700 3325/3325/1655 3328/3328/1655
f 3460/3460/1700 3328/3328/1655 3461/3461/1700
f 3463/3463/1606 3414/3414/1605 1194/1194/1605
f 3463/3463/1606 1194/1194/1605 1278/1278/1606
f 3455/3455/1697 3464/3464/1683 1203/1203/1683
f 3455/3455/1697 1203/1203/1683 1201/1201/1697
f 3465/3465/1702 3462/3462/1701 1204/1204/1701
f 3465/3465/1702 1204/1204/1701 1206/1206/1702
f 3466/3466/1703 3465/3465/1702 1206/1206/1702
f 3466/3466/1703 1206/1206/1702 1208/1208/1703
f 3464/3464/1683 3467/3467/1704 1207/1207/1704
f 3464/3464/1683 1207/1207/1704 1203/1203/1683
f 3468/3468/1705 3466/3466/1703 1208/1208/1703
f 3468/3468/1705 1208/1208/1703 1209/1209/1705
f 3469/3469/1706 3468/3468/1705 1209/1209/1705
f 3469/3469/1706 1209/1209/1705 1211/1211/1706
f 3467/3467/1704 3470/3470/1636 1210/1210/1636
f 3467/3467/1704 1210/1210/1636 1207/1207/1704
f 3471/3471/1609 3469/3469/1706 1211/1211/1706
f 3471/3471/1609 1211/1211/1706 1212/1212/1609
f 3472/3472/1707 3471/3471/1609 1212/1212/1609
f 3472/3472/1707 1212/1212/1609 1214/1214/1707
f 3470/3470/1636 3473/3473/1708 1213/1213/1708
f 3470/3470/1636 1213/1213/1708 1210/1210/1636
f 3474/3474/1640 3472/3472/1707 1214/1214/1707
f 3474/3474/1640 1214/1214/1707 1215/1215/1640
f 3475/3475/1709 3474/3474/1640 1215/1215/1640
f 3475/3475/1709 1215/1215/1640 1239/1239/1709
f 3296/3296/65 3295/3295/65 3476/3476/65
f 3296/3296/65 3476/3476/65 3477/3477/65
f 3298/3298/1643 3297/3297/1643 3478/3478/1710
f 3298/3298/1643 3478/3478/1710 3479/3479/1710
f 2160/2160/986 2161/2161/987 3480/3480/1711
f 2160/2160/986 3480/3480/1711 3481/3481/1712
f 3481/3481/1712 3480/3480/1711 3482/3482/1713
f 3481/3481/1712 3482/3482/1713 3483/3483/1714
f 3483/3483/1714 3482/3482/1713 3484/3484/1715
f 3483/3483/1714 3484/3484/1715 3485/3485/1716
f 3485/3485/1716 3484/3484/1715 3486/3486/1717
f 3485/3485/1716 3486/3486/1717 3487/3487/1718
f 3487/3487/1718 3486/3486/1717 3488/3488/1719
f 3487/3487/1718 3488/3488/1719 3489/3489/1720
f 3489/3489/1720 3488/3488/1719 3490/3490/1721
f 3489/3489/1720 3490/3490/1721 3491/3491/1722
f 3491/3491/1722 3490/3490/1721 3492/3492/1723
f 3491/3491/1722 3492/3492/1723 3493/3493/1724
f 3493/3493/1724 3492/3492/1723 3494/3494/1725
f 3493/3493/1724 3494/3494/1725 3495/3495/1726
f 3495/3495/1726 3494/3494/1725 3496/3496/1727
f 3495/3495/1726 3496/3496/1727 3497/3497/1728
f 3497/3497/1728 3496/3496/1727 3498/3498/1729
f 3497/3497/1728 3498/3498/1729 3499/3499/1730
f 2161/2161/987 3500/3500/123 3501/3501/1731
f 2161/2161/987 3501/3501/1731 3480/3480/1711
f 3480/3480/1711 3501/3501/1731 3502/3502/1732
f 3480/3480/1711 3502/3502/1732 3482/3482/1713
f 3482/3482/1713 3502/3502/1732 3503/3503/838
f 3482/3482/1713 3503/3503/838 3484/3484/1715
f 3484/3484/1715 3503/3503/838 3504/3504/1733
f 3484/3484/1715 3504/3504/1733 3486/3486/1717
f 3486/3486/1717 3504/3504/1733 3505/3505/1734
f 3486/3486/1717 3505/3505/1734 3488/3488/1719
f 3488/3488/1719 3505/3505/1734 3506/3506/1735
f 3488/3488/1719 3506/3506/1735 3490/3490/1721
f 3490/3490/1721 3506/3506/1735 3507/3507/1736
f 3490/3490/1721 3507/3507/1736 3492/3492/1723
f 3492/3492/1723 3507/3507/1736 3508/3508/1737
f 3492/3492/1723 3508/3508/1737 3494/3494/1725
f 3494/3494/1725 3508/3508/1737 3509/3509/1738
f 3494/3494/1725 3509/3509/1738 3496/3496/1727
f 3496/3496/1727 3509/3509/1738 3510/3510/1
f 3496/3496/1727 3510/3510/1 3498/3498/1729
f 3511/3511/1739 3512/3512/1740 3513/3513/1741
f 3511/3511/1739 3513/3513/1741 3514/3514/1742
f 2157/2157/983 3515/3515/1743 3516/3516/1744
f 2157/2157/983 3516/3516/1744 2158/2158/984
f 3517/3517/1745 3518/3518/1745 3519/3519/1746
f 3517/3517/1745 3519/3519/1746 3520/3520/1746
f 3520/3520/1746 3519/3519/1746 3521/3521/1747
f 3520/3520/1746 3521/3521/1747 3522/3522/1747
f 3522/3522/1747 3521/3521/1747 3523/3523/119
f 3522/3522/1747 3523/3523/119 3524/3524/119
f 3524/3524/119 3523/3523/119 3525/3525/1748
f 3524/3524/119 3525/3525/1748 3526/3526/1748
f 3526/3526/1748 3525/3525/1748 3527/3527/1749
f 3526/3526/1748 3527/3527/1749 3528/3528/1749
f 3528/3528/1749 3527/3527/1749 3529/3529/1750
f 3528/3528/1749 3529/3529/1750 3530/3530/1750
f 3531/3531/123 3532/3532/123 3533/3533/1731
f 3531/3531/123 3533/3533/1731 3534/3534/1731
f 3534/3534/1731 3533/3533/1731 3535/3535/1732
f 3534/3534/1731 3535/3535/1732 3536/3536/1732
f 3536/3536/1732 3535/3535/1732 3537/3537/1751
f 3536/3536/1732 3537/3537/1751 3538/3538/1751
f 3538/3538/1751 3537/3537/1751 3539/3539/1752
f 3538/3538/1751 3539/3539/1752 3540/3540/1752
f 3540/3540/1752 3539/3539/1752 3541/3541/1753
f 3540/3540/1752 3541/3541/1753 3542/3542/1753
f 3542/3542/1753 3541/3541/1753 3543/3543/1735
f 3542/3542/1753 3543/3543/1735 3544/3544/1735
f 3544/3544/1735 3543/3543/1735 3545/3545/1754
f 3544/3544/1735 3545/3545/1754 3546/3546/1754
f 3546/3546/1754 3545/3545/1754 3547/3547/1755
f 3546/3546/1754 3547/3547/1755 3548/3548/1755
f 3548/3548/1755 3547/3547/1755 3549/3549/1756
f 3548/3548/1755 3549/3549/1756 3550/3550/1756
f 1219/1219/592 609/609/307 1233/1233/594
f 1219/1219/592 1233/1233/594 1217/1217/590
f 592/592/295 1224/1224/56 3551/3551/56
f 592/592/295 3551/3551/56 3552/3552/56
f 3553/3553/65 3554/3554/65 1225/1225/65
f 3553/3553/65 1225/1225/65 607/607/305
f 3552/3552/56 3551/3551/56 3555/3555/56
f 3552/3552/56 3555/3555/56 3556/3556/56
f 3557/3557/65 3558/3558/65 3554/3554/65
f 3557/3557/65 3554/3554/65 3553/3553/65
f 3556/3556/56 3555/3555/56 3559/3559/56
f 3556/3556/56 3559/3559/56 3560/3560/56
f 3561/3561/65 3562/3562/65 3558/3558/65
f 3561/3561/65 3558/3558/65 3557/3557/65
f 3560/3560/56 3559/3559/56 3563/3563/56
f 3560/3560/56 3563/3563/56 3564/3564/56
f 3565/3565/65 3566/3566/65 3562/3562/65
f 3565/3565/65 3562/3562/65 3561/3561/65
f 3564/3564/56 3563/3563/56 3567/3567/56
f 3564/3564/56 3567/3567/56 3568/3568/56
f 3569/3569/65 3570/3570/65 3566/3566/65
f 3569/3569/65 3566/3566/65 3565/3565/65
f 3568/3568/56 3567/3567/56 1226/1226/593
f 3568/3568/56 1226/1226/593 1218/1218/591
f 1220/1220/65 1222/1222/65 3570/3570/65
f 1220/1220/65 3570/3570/65 3569/3569/65
f 3300/3300/56 3299/3299/56 1694/1694/56
f 3300/3300/56 1694/1694/56 1693/1693/56
f 3571/3571/1757 3572/3572/1757 3573/3573/1758
f 3571/3571/1757 3573/3573/1758 3574/3574/1758
f 3302/3302/1644 3301/3301/1644 1698/1698/790
f 3302/3302/1644 1698/1698/790 1697/1697/790
f 3575/3575/1759 3576/3576/1759 3572/3572/1757
f 3575/3575/1759 3572/3572/1757 3571/3571/1757
f 3477/3477/65 3476/3476/65 1702/1702/65
f 3477/3477/65 1702/1702/65 1701/1701/65
f 3577/3577/1760 3578/3578/1760 3576/3576/1759
f 3577/3577/1760 3576/3576/1759 3575/3575/1759
f 3479/3479/1710 3478/3478/1710 1706/1706/792
f 3479/3479/1710 1706/1706/792 1705/1705/792
f 3579/3579/1761 3580/3580/1761 3578/3578/1760
f 3579/3579/1761 3578/3578/1760 3577/3577/1760
f 1451/1451/888 1957/1957/888 3197/3197/1762
f 1451/1451/888 3197/3197/1762 1450/1450/1762
f 3581/3581/123 3582/3582/123 3580/3580/1761
f 3581/3581/123 3580/3580/1761 3579/3579/1761
f 3583/3583/65 3584/3584/65 3585/3585/65
f 3583/3583/65 3585/3585/65 3586/3586/65
f 3587/3587/56 3588/3588/56 3589/3589/56
f 3587/3587/56 3589/3589/56 3590/3590/56
f 3591/3591/65 3592/3592/65 3584/3584/65
f 3591/3591/65 3584/3584/65 3583/3583/65
f 3590/3590/56 3589/3589/56 3593/3593/56
f 3590/3590/56 3593/3593/56 3594/3594/56
f 2127/2127/65 2126/2126/65 3592/3592/65
f 2127/2127/65 3592/3592/65 3591/3591/65
f 3594/3594/56 3593/3593/56 2121/2121/56
f 3594/3594/56 2121/2121/56 2124/2124/56
f 3595/3595/56 3596/3596/56 3597/3597/56
f 3595/3595/56 3597/3597/56 3598/3598/56
f 3599/3599/65 3600/3600/65 3601/3601/65
f 3599/3599/65 3601/3601/65 3602/3602/65
f 3603/3603/65 3604/3604/65 3605/3605/65
f 3603/3603/65 3605/3605/65 1232/1232/65
f 1217/1217/590 1234/1234/56 3606/3606/56
f 1217/1217/590 3606/3606/56 3607/3607/56
f 3608/3608/65 3609/3609/65 3604/3604/65
f 3608/3608/65 3604/3604/65 3603/3603/65
f 3607/3607/56 3606/3606/56 3610/3610/56
f 3607/3607/56 3610/3610/56 3611/3611/56
f 3602/3602/65 3601/3601/65 3609/3609/65
f 3602/3602/65 3609/3609/65 3608/3608/65
f 3611/3611/56 3610/3610/56 3596/3596/56
f 3611/3611/56 3596/3596/56 3595/3595/56
f 3612/3612/1763 1228/1228/1763 1238/1238/1764
f 3612/3612/1763 1238/1238/1764 3613/3613/1764
f 3613/3613/1764 1238/1238/1764 1237/1237/1765
f 3613/3613/1764 1237/1237/1765 3614/3614/1765
f 3614/3614/1765 1237/1237/1765 1236/1236/1766
f 3614/3614/1765 1236/1236/1766 3615/3615/1766
f 3615/3615/1766 1236/1236/1766 1235/1235/1767
f 3615/3615/1766 1235/1235/1767 3616/3616/1767
f 3616/3616/1767 1235/1235/1767 573/573/963
f 3616/3616/1767 573/573/963 2094/2094/963
f 2092/2092/962 584/584/962 1231/1231/1768
f 2092/2092/962 1231/1231/1768 3617/3617/1768
f 3617/3617/1768 1231/1231/1768 1230/1230/1769
f 3617/3617/1768 1230/1230/1769 3618/3618/1769
f 3618/3618/1769 1230/1230/1769 1229/1229/1770
f 3618/3618/1769 1229/1229/1770 3619/3619/1770
f 3619/3619/1770 1229/1229/1770 1227/1227/1771
f 3619/3619/1770 1227/1227/1771 3620/3620/1771
f 3620/3620/1771 1227/1227/1771 1228/1228/1763
f 3620/3620/1771 1228/1228/1763 3612/3612/1763
f 3621/3621/1772 3622/3622/1772 3623/3623/1773
f 3621/3621/1772 3623/3623/1773 3624/3624/1773
f 3624/3624/1773 3623/3623/1773 3625/3625/1774
f 3624/3624/1773 3625/3625/1774 3626/3626/1774
f 3626/3626/1774 3625/3625/1774 3627/3627/1775
f 3626/3626/1774 3627/3627/1775 3628/3628/1775
f 1450/1450/1762 3197/3197/1762 3199/3199/1776
f 1450/1450/1762 3199/3199/1776 1449/1449/1776
f 3629/3629/1777 3630/3630/1777 2075/2075/1
f 3629/3629/1777 2075/2075/1 2076/2076/1
f 1449/1449/1776 3199/3199/1776 3223/3223/1778
f 1449/1449/1776 3223/3223/1778 1448/1448/1778
f 3631/3631/1779 3632/3632/1779 3630/3630/1777
f 3631/3631/1779 3630/3630/1777 3629/3629/1777
f 1448/1448/1778 3223/3223/1778 3225/3225/1780
f 1448/1448/1778 3225/3225/1780 1447/1447/1780
f 3633/3633/1781 3634/3634/1781 3632/3632/1779
f 3633/3633/1781 3632/3632/1779 3631/3631/1779
f 1447/1447/1780 3225/3225/1780 3227/3227/1782
f 1447/1447/1780 3227/3227/1782 1446/1446/1782
f 3635/3635/1783 3636/3636/1783 3634/3634/1781
f 3635/3635/1783 3634/3634/1781 3633/3633/1781
f 1446/1446/1782 3227/3227/1782 3229/3229/1784
f 1446/1446/1782 3229/3229/1784 1445/1445/1784
f 3574/3574/1758 3573/3573/1758 3636/3636/1783
f 3574/3574/1758 3636/3636/1783 3635/3635/1783
f 3637/3637/1785 3638/3638/1785 3622/3622/1772
f 3637/3637/1785 3622/3622/1772 3621/3621/1772
f 3639/3639/1786 3640/3640/1786 3638/3638/1785
f 3639/3639/1786 3638/3638/1785 3637/3637/1785
f 3641/3641/1787 3642/3642/1787 3640/3640/1786
f 3641/3641/1787 3640/3640/1786 3639/3639/1786
f 3530/3530/1788 3529/3529/1788 3642/3642/1787
f 3530/3530/1788 3642/3642/1787 3641/3641/1787
f 3598/3598/56 3597/3597/56 3588/3588/56
f 3598/3598/56 3588/3588/56 3587/3587/56
f 3586/3586/65 3585/3585/65 3600/3600/65
f 3586/3586/65 3600/3600/65 3599/3599/65
f 3628/3628/1775 3627/3627/1775 3643/3643/1789
f 3628/3628/1775 3643/3643/1789 3644/3644/1789
f 3644/3644/1789 3643/3643/1789 3645/3645/1
f 3644/3644/1789 3645/3645/1 3646/3646/1
f 1232/1232/65 3605/3605/65 1223/1223/65
f 1232/1232/65 1223/1223/65 1221/1221/65
f 3647/3647/989 3648/3648/989 3550/3550/1756
f 3647/3647/989 3550/3550/1756 3549/3549/1756
f 2001/2001/899 3649/3649/1790 2024/2024/921
f 2001/2001/899 2024/2024/921 2002/2002/900
f 3649/3649/1790 3650/3650/1791 2022/2022/919
f 3649/3649/1790 2022/2022/919 2024/2024/921
f 3650/3650/1791 3651/3651/1792 2020/2020/917
f 3650/3650/1791 2020/2020/917 2022/2022/919
f 3651/3651/1792 3652/3652/1793 2018/2018/915
f 3651/3651/1792 2018/2018/915 2020/2020/917
f 3652/3652/1793 3653/3653/1794 2016/2016/913
f 3652/3652/1793 2016/2016/913 2018/2018/915
f 3653/3653/1794 3654/3654/1795 2014/2014/911
f 3653/3653/1794 2014/2014/911 2016/2016/913
f 3654/3654/1795 3655/3655/1796 2010/2010/908
f 3654/3654/1795 2010/2010/908 2014/2014/911
f 3655/3655/1796 3656/3656/906 2011/2011/907
f 3655/3655/1796 2011/2011/907 2010/2010/908
f 3657/3657/1797 3658/3658/1798 2006/2006/904
f 3657/3657/1797 2006/2006/904 2008/2008/906
f 3658/3658/1798 3659/3659/1799 2004/2004/902
f 3658/3658/1798 2004/2004/902 2006/2006/904
f 3660/3660/1800 3661/3661/1730 3662/3662/1729
f 3660/3660/1800 3662/3662/1729 3663/3663/1801
f 3512/3512/1740 3664/3664/1802 3665/3665/1803
f 3512/3512/1740 3665/3665/1803 3513/3513/1741
f 3666/3666/1804 3511/3511/1739 3514/3514/1742
f 3666/3666/1804 3514/3514/1742 3667/3667/1805
f 1882/1882/1806 3518/3518/1745 3517/3517/1745
f 1882/1882/1806 3517/3517/1745 1883/1883/1806
f 3664/3664/1802 3660/3660/1800 3663/3663/1801
f 3664/3664/1802 3663/3663/1801 3665/3665/1803
f 3668/3668/1807 3666/3666/1804 3667/3667/1805
f 3668/3668/1807 3667/3667/1805 3669/3669/1808
f 1445/1445/1784 3229/3229/1784 3231/3231/1809
f 1445/1445/1784 3231/3231/1809 1444/1444/1809
f 1444/1444/1809 3231/3231/1809 3233/3233/1810
f 1444/1444/1809 3233/3233/1810 1443/1443/1810
f 1443/1443/1810 3233/3233/1810 3235/3235/1811
f 1443/1443/1810 3235/3235/1811 1442/1442/1811
f 1442/1442/1811 3235/3235/1811 3237/3237/1812
f 1442/1442/1811 3237/3237/1812 1441/1441/1812
f 1441/1441/1812 3237/3237/1812 3239/3239/1813
f 1441/1441/1812 3239/3239/1813 1440/1440/1813
f 1440/1440/1813 3239/3239/1813 3241/3241/1814
f 1440/1440/1813 3241/3241/1814 1439/1439/1814
f 1439/1439/1814 3241/3241/1814 3243/3243/1815
f 1439/1439/1814 3243/3243/1815 1438/1438/1815
f 1438/1438/1815 3243/3243/1815 3245/3245/1816
f 1438/1438/1815 3245/3245/1816 1435/1435/1816
f 3473/3473/1708 3670/3670/1817 1216/1216/1817
f 3473/3473/1708 1216/1216/1817 1213/1213/1708
f 3670/3670/1817 3475/3475/1709 1239/1239/1709
f 3670/3670/1817 1239/1239/1709 1216/1216/1817
f 1240/1240/1697 3671/3671/1697 3672/3672/1696
f 1240/1240/1697 3672/3672/1696 1241/1241/1696
f 1241/1241/1696 3672/3672/1696 3673/3673/1701
f 1241/1241/1696 3673/3673/1701 1244/1244/1701
f 1243/1243/1683 3674/3674/1683 3671/3671/1697
f 1243/1243/1683 3671/3671/1697 1240/1240/1697
f 3675/3675/1818 3676/3676/1818 3677/3677/1819
f 3675/3675/1818 3677/3677/1819 3678/3678/1819
f 1244/1244/1701 3673/3673/1701 3679/3679/1702
f 1244/1244/1701 3679/3679/1702 1245/1245/1702
f 1245/1245/1702 3679/3679/1702 3680/3680/1703
f 1245/1245/1702 3680/3680/1703 1247/1247/1703
f 3379/3379/1669 3681/3681/1 1165/1165/1
f 3379/3379/1669 1165/1165/1 1162/1162/1669
f 1246/1246/1704 3682/3682/1704 3674/3674/1683
f 1246/1246/1704 3674/3674/1683 1243/1243/1683
f 1247/1247/1703 3680/3680/1703 3683/3683/1705
f 1247/1247/1703 3683/3683/1705 1250/1250/1705
f 3681/3681/1 3684/3684/1676 1249/1249/1676
f 3681/3681/1 1249/1249/1676 1165/1165/1
f 3685/3685/1674 3380/3380/1670 1248/1248/1670
f 3685/3685/1674 1248/1248/1670 1260/1260/1674
f 1250/1250/1705 3683/3683/1705 3686/3686/1706
f 1250/1250/1705 3686/3686/1706 1253/1253/1706
f 3684/3684/1676 3687/3687/1675 1252/1252/1675
f 3684/3684/1676 1252/1252/1675 1249/1249/1676
f 3688/3688/1820 3689/3689/1820 3354/3354/1666
f 3688/3688/1820 3354/3354/1666 3357/3357/1666
f 1251/1251/1636 3690/3690/1636 3682/3682/1704
f 1251/1251/1636 3682/3682/1704 1246/1246/1704
f 1253/1253/1706 3686/3686/1706 3691/3691/1609
f 1253/1253/1706 3691/3691/1609 1254/1254/1609
f 1254/1254/1609 3691/3691/1609 3692/3692/1707
f 1254/1254/1609 3692/3692/1707 1256/1256/1707
f 1255/1255/1708 3693/3693/1708 3690/3690/1636
f 1255/1255/1708 3690/3690/1636 1251/1251/1636
f 1256/1256/1707 3692/3692/1707 3694/3694/1640
f 1256/1256/1707 3694/3694/1640 1257/1257/1640
f 1257/1257/1640 3694/3694/1640 3695/3695/1709
f 1257/1257/1640 3695/3695/1709 1259/1259/1709
f 1258/1258/1817 3696/3696/1817 3693/3693/1708
f 1258/1258/1817 3693/3693/1708 1255/1255/1708
f 1259/1259/1709 3695/3695/1709 3696/3696/1817
f 1259/1259/1709 3696/3696/1817 1258/1258/1817
f 3697/3697/1821 3698/3698/1822 1262/1262/1822
f 3697/3697/1821 1262/1262/1822 1261/1261/1821
f 3687/3687/1675 3685/3685/1674 1260/1260/1674
f 3687/3687/1675 1260/1260/1674 1252/1252/1675
f 3699/3699/1823 3697/3697/1821 1261/1261/1821
f 3699/3699/1823 1261/1261/1821 1265/1265/1823
f 3698/3698/1822 3700/3700/1824 1264/1264/1824
f 3698/3698/1822 1264/1264/1824 1262/1262/1822
f 3701/3701/1825 3699/3699/1823 1265/1265/1823
f 3701/3701/1825 1265/1265/1823 1266/1266/1825
f 3702/3702/1826 3701/3701/1825 1266/1266/1825
f 3702/3702/1826 1266/1266/1825 1268/1268/1826
f 3700/3700/1824 3703/3703/1827 1267/1267/1827
f 3700/3700/1824 1267/1267/1827 1264/1264/1824
f 3704/3704/1828 3702/3702/1826 1268/1268/1826
f 3704/3704/1828 1268/1268/1826 1269/1269/1828
f 3705/3705/1829 3706/3706/1829 3689/3689/1820
f 3705/3705/1829 3689/3689/1820 3688/3688/1820
f 3707/3707/1830 3704/3704/1828 1269/1269/1828
f 3707/3707/1830 1269/1269/1828 1271/1271/1830
f 3703/3703/1827 3708/3708/1831 1270/1270/1831
f 3703/3703/1827 1270/1270/1831 1267/1267/1827
f 3709/3709/1832 3707/3707/1830 1271/1271/1830
f 3709/3709/1832 1271/1271/1830 1272/1272/1832
f 3394/3394/1678 3393/3393/1678 3676/3676/1818
f 3394/3394/1678 3676/3676/1818 3675/3675/1818
f 3710/3710/1833 3709/3709/1832 1272/1272/1832
f 3710/3710/1833 1272/1272/1832 1274/1274/1833
f 3708/3708/1831 3711/3711/1834 1273/1273/1834
f 3708/3708/1831 1273/1273/1834 1270/1270/1831
f 3712/3712/1835 3710/3710/1833 1274/1274/1833
f 3712/3712/1835 1274/1274/1833 1275/1275/1835
f 3713/3713/1836 3714/3714/1836 3706/3706/1829
f 3713/3713/1836 3706/3706/1829 3705/3705/1829
f 3715/3715/1837 3712/3712/1835 1275/1275/1835
f 3715/3715/1837 1275/1275/1835 1277/1277/1837
f 3413/3413/1608 3716/3716/1607 1205/1205/1607
f 3413/3413/1608 1205/1205/1607 1185/1185/1608
f 3711/3711/1834 3717/3717/1838 1276/1276/1838
f 3711/3711/1834 1276/1276/1838 1273/1273/1834
f 3718/3718/1609 3463/3463/1606 1278/1278/1606
f 3718/3718/1609 1278/1278/1606 1285/1285/1609
f 3717/3717/1838 3715/3715/1837 1277/1277/1837
f 3717/3717/1838 1277/1277/1837 1276/1276/1838
f 1279/1279/1822 3719/3719/1822 3720/3720/1821
f 1279/1279/1822 3720/3720/1821 1280/1280/1821
f 1280/1280/1821 3720/3720/1821 3721/3721/1823
f 1280/1280/1821 3721/3721/1823 1288/1288/1823
f 1197/1197/1683 3722/3722/1683 3415/3415/1684
f 1197/1197/1683 3415/3415/1684 1195/1195/1684
f 1283/1283/1681 3417/3417/1681 3723/3723/1680
f 1283/1283/1681 3723/3723/1680 1284/1284/1680
f 1284/1284/1680 3723/3723/1680 3724/3724/1682
f 1284/1284/1680 3724/3724/1682 1287/1287/1682
f 3725/3725/1610 3718/3718/1609 1285/1285/1609
f 3725/3725/1610 1285/1285/1609 1286/1286/1610
f 3716/3716/1607 3409/3409/1611 1189/1189/1611
f 3716/3716/1607 1189/1189/1611 1205/1205/1607
f 1099/1099/1608 3203/3203/1608 3722/3722/1683
f 1099/1099/1608 3722/3722/1683 1197/1197/1683
f 1287/1287/1682 3724/3724/1682 3200/3200/1605
f 1287/1287/1682 3200/3200/1605 1101/1101/1605
f 3726/3726/1839 3727/3727/1840 3728/3728/1840
f 3726/3726/1839 3728/3728/1840 3729/3729/1839
f 1934/1934/872 3254/3254/1626 3255/3255/1627
f 1934/1934/872 3255/3255/1627 1936/1936/874
f 3730/3730/1841 3731/3731/1841 3728/3728/1840
f 3730/3730/1841 3728/3728/1840 3727/3727/1840
f 2151/2151/56 2150/2150/56 1845/1845/56
f 2151/2151/56 1845/1845/56 1844/1844/56
f 1936/1936/874 3255/3255/1627 3256/3256/1628
f 1936/1936/874 3256/3256/1628 1938/1938/876
f 3429/3429/123 3428/3428/123 3731/3731/1841
f 3429/3429/123 3731/3731/1841 3730/3730/1841
f 3732/3732/1842 3733/3733/1842 3734/3734/1
f 3732/3732/1842 3734/3734/1 3735/3735/1
f 3736/3736/1843 3737/3737/1843 3733/3733/1842
f 3736/3736/1843 3733/3733/1842 3732/3732/1842
f 1938/1938/876 3256/3256/1628 3257/3257/1629
f 1938/1938/876 3257/3257/1629 1940/1940/878
f 1847/1847/56 1846/1846/56 3437/3437/56
f 1847/1847/56 3437/3437/56 3436/3436/56
f 3738/3738/1844 3739/3739/1844 3737/3737/1843
f 3738/3738/1844 3737/3737/1843 3736/3736/1843
f 1940/1940/878 3257/3257/1629 3258/3258/1630
f 1940/1940/878 3258/3258/1630 1942/1942/880
f 3740/3740/1845 3741/3741/1845 3739/3739/1844
f 3740/3740/1845 3739/3739/1844 3738/3738/1844
f 1942/1942/880 3258/3258/1630 3247/3247/1619
f 1942/1942/880 3247/3247/1619 1944/1944/882
f 3742/3742/1846 3743/3743/1846 3741/3741/1845
f 3742/3742/1846 3741/3741/1845 3740/3740/1845
f 3744/3744/1847 3745/3745/1847 3743/3743/1846
f 3744/3744/1847 3743/3743/1846 3742/3742/1846
f 3744/3744/1847 3726/3726/1839 3729/3729/1839
f 3744/3744/1847 3729/3729/1839 3745/3745/1847
f 1945/1945/883 1944/1944/882 1915/1915/854
f 1945/1945/883 1915/1915/854 1914/1914/853
f 1282/1282/1824 3746/3746/1824 3719/3719/1822
f 1282/1282/1824 3719/3719/1822 1279/1279/1822
f 1288/1288/1823 3721/3721/1823 3747/3747/1825
f 1288/1288/1823 3747/3747/1825 1289/1289/1825
f 1289/1289/1825 3747/3747/1825 3748/3748/1826
f 1289/1289/1825 3748/3748/1826 1291/1291/1826
f 3749/3749/1848 3750/3750/1848 3714/3714/1836
f 3749/3749/1848 3714/3714/1836 3713/3713/1836
f 3751/3751/1849 3752/3752/1849 3750/3750/1848
f 3751/3751/1849 3750/3750/1848 3749/3749/1848
f 1290/1290/1827 3753/3753/1827 3746/3746/1824
f 1290/1290/1827 3746/3746/1824 1282/1282/1824
f 3754/3754/1850 3755/3755/1850 3752/3752/1849
f 3754/3754/1850 3752/3752/1849 3751/3751/1849
f 1291/1291/1826 3748/3748/1826 3756/3756/1828
f 1291/1291/1826 3756/3756/1828 1292/1292/1828
f 3757/3757/1851 3758/3758/1851 3755/3755/1850
f 3757/3757/1851 3755/3755/1850 3754/3754/1850
f 3678/3678/1819 3677/3677/1819 3758/3758/1851
f 3678/3678/1819 3758/3758/1851 3757/3757/1851
f 3408/3408/1612 3725/3725/1610 1286/1286/1610
f 3408/3408/1612 1286/1286/1610 1192/1192/1612
f 1292/1292/1828 3756/3756/1828 3759/3759/1830
f 1292/1292/1828 3759/3759/1830 1294/1294/1830
f 1293/1293/1831 3760/3760/1831 3753/3753/1827
f 1293/1293/1831 3753/3753/1827 1290/1290/1827
f 1294/1294/1830 3759/3759/1830 3761/3761/1832
f 1294/1294/1830 3761/3761/1832 1295/1295/1832
f 1295/1295/1832 3761/3761/1832 3762/3762/1833
f 1295/1295/1832 3762/3762/1833 1297/1297/1833
f 1296/1296/1834 3763/3763/1834 3760/3760/1831
f 1296/1296/1834 3760/3760/1831 1293/1293/1831
f 1297/1297/1833 3762/3762/1833 3764/3764/1835
f 1297/1297/1833 3764/3764/1835 1298/1298/1835
f 1298/1298/1835 3764/3764/1835 3765/3765/1837
f 1298/1298/1835 3765/3765/1837 1300/1300/1837
f 1299/1299/1838 3766/3766/1838 3763/3763/1834
f 1299/1299/1838 3763/3763/1834 1296/1296/1834
f 1300/1300/1837 3765/3765/1837 3766/3766/1838
f 1300/1300/1837 3766/3766/1838 1299/1299/1838
f 3767/3767/1685 3768/3768/1684 1302/1302/1684
f 3767/3767/1685 1302/1302/1684 1301/1301/1685
f 3403/3403/1681 3767/3767/1685 1301/1301/1685
f 3403/3403/1681 1301/1301/1685 1181/1181/1681
f 3768/3768/1684 3412/3412/1683 1184/1184/1683
f 3768/3768/1684 1184/1184/1683 1302/1302/1684
f 1435/1435/1816 3245/3245/1816 1956/1956/887
f 1435/1435/1816 1956/1956/887 1436/1436/887
f 1956/1956/119 3246/3246/119 3195/3195/119
f 1956/1956/119 3195/3195/119 1957/1957/119
f 3659/3659/1799 3769/3769/1852 2000/2000/898
f 3659/3659/1799 2000/2000/898 2004/2004/902
f 3769/3769/1852 3770/3770/1853 2001/2001/899
f 3769/3769/1852 2001/2001/899 2000/2000/898
f 3770/3770/1853 3771/3771/1854 3649/3649/1790
f 3770/3770/1853 3649/3649/1790 2001/2001/899
f 3669/3669/1808 3516/3516/1744 3515/3515/1743
f 3669/3669/1808 3515/3515/1743 3668/3668/1807
f 3771/3771/1854 3772/3772/1855 3650/3650/1791
f 3771/3771/1854 3650/3650/1791 3649/3649/1790
f 3772/3772/1855 3773/3773/1856 3651/3651/1792
f 3772/3772/1855 3651/3651/1792 3650/3650/1791
f 3773/3773/1856 3774/3774/1857 3652/3652/1793
f 3773/3773/1856 3652/3652/1793 3651/3651/1792
f 3774/3774/1857 3775/3775/1858 3653/3653/1794
f 3774/3774/1857 3653/3653/1794 3652/3652/1793
f 3775/3775/1858 3776/3776/1859 3654/3654/1795
f 3775/3775/1858 3654/3654/1795 3653/3653/1794
f 3776/3776/1859 3777/3777/1860 3655/3655/1796
f 3776/3776/1859 3655/3655/1796 3654/3654/1795
f 3778/3778/1861 3500/3500/123 2161/2161/987
f 3778/3778/1861 2161/2161/987 2159/2159/985
f 3779/3779/1862 3778/3778/1861 2159/2159/985
f 3779/3779/1862 2159/2159/985 2158/2158/984
f 3780/3780/848 3779/3779/1862 2158/2158/984
f 3780/3780/848 2158/2158/984 3516/3516/1744
f 3781/3781/1863 3780/3780/848 3516/3516/1744
f 3781/3781/1863 3516/3516/1744 3669/3669/1808
f 3782/3782/1864 3781/3781/1863 3669/3669/1808
f 3782/3782/1864 3669/3669/1808 3667/3667/1805
f 3783/3783/1004 3782/3782/1864 3667/3667/1805
f 3783/3783/1004 3667/3667/1805 3514/3514/1742
f 3784/3784/1865 3783/3783/1004 3514/3514/1742
f 3784/3784/1865 3514/3514/1742 3513/3513/1741
f 3785/3785/1866 3784/3784/1865 3513/3513/1741
f 3785/3785/1866 3513/3513/1741 3665/3665/1803
f 3786/3786/1867 3785/3785/1866 3665/3665/1803
f 3786/3786/1867 3665/3665/1803 3663/3663/1801
f 3787/3787/1 3786/3786/1867 3663/3663/1801
f 3787/3787/1 3663/3663/1801 3662/3662/1729
f 3788/3788/1868 3789/3789/1868 1787/1787/1869
f 3788/3788/1868 1787/1787/1869 1786/1786/1869
f 3777/3777/1860 3790/3790/1797 3656/3656/906
f 3777/3777/1860 3656/3656/906 3655/3655/1796
f 3791/3791/1870 3789/3789/1868 3788/3788/1868
f 3791/3791/1870 3788/3788/1868 3792/3792/1870
f 3793/3793/1871 3791/3791/1870 3792/3792/1870
f 3793/3793/1871 3792/3792/1870 3794/3794/1871
f 3795/3795/115 3793/3793/1871 3794/3794/1871
f 3795/3795/115 3794/3794/1871 3796/3796/115
f 3797/3797/1872 3795/3795/115 3796/3796/115
f 3797/3797/1872 3796/3796/115 3798/3798/1872
f 3799/3799/1873 3797/3797/1872 3798/3798/1872
f 3799/3799/1873 3798/3798/1872 3800/3800/1873
f 2173/2173/1874 3799/3799/1873 3800/3800/1873
f 2173/2173/1874 3800/3800/1873 2174/2174/1874
f 3801/3801/1861 3532/3532/123 3531/3531/123
f 3801/3801/1861 3531/3531/123 3802/3802/1861
f 3803/3803/1862 3801/3801/1861 3802/3802/1861
f 3803/3803/1862 3802/3802/1861 3804/3804/1862
f 3805/3805/1875 3803/3803/1862 3804/3804/1862
f 3805/3805/1875 3804/3804/1862 3806/3806/1875
f 2278/2278/1030 3805/3805/1875 3806/3806/1875
f 2278/2278/1030 3806/3806/1875 2279/2279/1030
f 2203/2203/1000 2202/2202/1000 2048/2048/938
f 2203/2203/1000 2048/2048/938 2047/2047/938
f 3807/3807/1876 3808/3808/1876 3809/3809/115
f 3807/3807/1876 3809/3809/115 3810/3810/115
f 3811/3811/1877 3812/3812/1877 3808/3808/1876
f 3811/3811/1877 3808/3808/1876 3807/3807/1876
f 2179/2179/994 2178/2178/994 3812/3812/1877
f 2179/2179/994 3812/3812/1877 3811/3811/1877
f 3813/3813/123 3814/3814/123 2040/2040/935
f 3813/3813/123 2040/2040/935 2039/2039/935
f 3815/3815/1878 3816/3816/1878 3817/3817/1879
f 3815/3815/1878 3817/3817/1879 3818/3818/1879
f 3819/3819/1880 3820/3820/1880 2177/2177/1
f 3819/3819/1880 2177/2177/1 2176/2176/1
f 3818/3818/1879 3817/3817/1879 1960/1960/889
f 3818/3818/1879 1960/1960/889 1959/1959/889
f 3810/3810/115 3809/3809/115 3816/3816/1878
f 3810/3810/115 3816/3816/1878 3815/3815/1878
f 3821/3821/1881 3822/3822/1881 3820/3820/1880
f 3821/3821/1881 3820/3820/1880 3819/3819/1880
f 3823/3823/1882 3824/3824/1882 3822/3822/1881
f 3823/3823/1882 3822/3822/1881 3821/3821/1881
f 3825/3825/119 3826/3826/119 3824/3824/1882
f 3825/3825/119 3824/3824/1882 3823/3823/1882
f 3827/3827/1883 3828/3828/1883 3826/3826/119
f 3827/3827/1883 3826/3826/119 3825/3825/119
f 2042/2042/936 2041/2041/936 3828/3828/1883
f 2042/2042/936 3828/3828/1883 3827/3827/1883
f 2030/2030/909 2029/2029/926 3177/3177/1596
f 2030/2030/909 3177/3177/1596 3829/3829/927
f 3830/3830/1884 3831/3831/1884 3832/3832/119
f 3830/3830/1884 3832/3832/119 3833/3833/119
f 3834/3834/1885 3835/3835/1885 3831/3831/1884
f 3834/3834/1885 3831/3831/1884 3830/3830/1884
f 3836/3836/1886 3837/3837/1886 3835/3835/1885
f 3836/3836/1886 3835/3835/1885 3834/3834/1885
f 3838/3838/123 3839/3839/123 3837/3837/1886
f 3838/3838/123 3837/3837/1886 3836/3836/1886
f 3840/3840/1887 3841/3841/1887 3839/3839/123
f 3840/3840/1887 3839/3839/123 3838/3838/123
f 3842/3842/1888 3843/3843/1888 3841/3841/1887
f 3842/3842/1888 3841/3841/1887 3840/3840/1887
f 3844/3844/1889 3845/3845/1889 3843/3843/1888
f 3844/3844/1889 3843/3843/1888 3842/3842/1888
f 3846/3846/115 3847/3847/115 3845/3845/1889
f 3846/3846/115 3845/3845/1889 3844/3844/1889
f 3848/3848/1890 3849/3849/1890 3847/3847/115
f 3848/3848/1890 3847/3847/115 3846/3846/115
f 3850/3850/1891 3851/3851/1891 3849/3849/1890
f 3850/3850/1891 3849/3849/1890 3848/3848/1890
f 3852/3852/1892 3853/3853/1892 3851/3851/1893
f 3852/3852/1892 3851/3851/1893 3850/3850/1893
f 3854/3854/1 3855/3855/1 3853/3853/1892
f 3854/3854/1 3853/3853/1892 3852/3852/1892
f 3856/3856/1894 3857/3857/1894 3858/3858/1
f 3856/3856/1894 3858/3858/1 3859/3859/1
f 3860/3860/1895 3861/3861/1895 3857/3857/1894
f 3860/3860/1895 3857/3857/1894 3856/3856/1894
f 3862/3862/1896 3863/3863/1896 3861/3861/1895
f 3862/3862/1896 3861/3861/1895 3860/3860/1895
f 3833/3833/119 3832/3832/119 3863/3863/1896
f 3833/3833/119 3863/3863/1896 3862/3862/1896
f 3864/3864/1897 3865/3865/56 3866/3866/56
f 3864/3864/1897 3866/3866/56 3867/3867/1897
f 3868/3868/1898 3869/3869/1898 3870/3870/1899
f 3868/3868/1898 3870/3870/1899 3871/3871/1899
f 3872/3872/1900 3871/3871/1899 3870/3870/1899
f 3872/3872/1900 3870/3870/1899 3873/3873/1900
f 3874/3874/1901 3875/3875/1901 3876/3876/1902
f 3874/3874/1901 3876/3876/1902 3877/3877/1902
f 3878/3878/1903 3879/3879/1903 3880/3880/1904
f 3878/3878/1903 3880/3880/1904 3881/3881/1904
f 3882/3882/1905 3883/3883/65 3884/3884/65
f 3882/3882/1905 3884/3884/65 3885/3885/1905
f 3886/3886/1906 3887/3887/1907 3888/3888/1907
f 3886/3886/1906 3888/3888/1907 3889/3889/1906
f 3881/3881/1904 3880/3880/1904 3888/3888/1907
f 3881/3881/1904 3888/3888/1907 3887/3887/1907
f 3890/3890/1908 3891/3891/1909 3892/3892/1909
f 3890/3890/1908 3892/3892/1909 3893/3893/1908
f 3894/3894/1910 3886/3886/1906 3889/3889/1906
f 3894/3894/1910 3889/3889/1906 3895/3895/1910
f 3894/3894/1910 3895/3895/1910 3877/3877/1902
f 3894/3894/1910 3877/3877/1902 3876/3876/1902
f 3878/3878/1903 3872/3872/1900 3873/3873/1900
f 3878/3878/1903 3873/3873/1900 3879/3879/1903
f 3869/3869/1898 3868/3868/1898 3896/3896/1901
f 3869/3869/1898 3896/3896/1901 3897/3897/1901
f 3898/3898/1911 3899/3899/1912 3900/3900/1912
f 3898/3898/1911 3900/3900/1912 3901/3901/1911
f 3885/3885/1905 3902/3902/1913 3903/3903/1913
f 3885/3885/1905 3903/3903/1913 3882/3882/1905
f 3891/3891/1909 3898/3898/1911 3901/3901/1911
f 3891/3891/1909 3901/3901/1911 3892/3892/1909
f 3902/3902/1913 3890/3890/1908 3893/3893/1908
f 3902/3902/1913 3893/3893/1908 3903/3903/1913
f 3899/3899/1912 3864/3864/1897 3867/3867/1897
f 3899/3899/1912 3867/3867/1897 3900/3900/1912
f 3904/3904/1914 3905/3905/1915 3906/3906/1916
f 3904/3904/1914 3906/3906/1916 3907/3907/1917
f 3905/3905/1915 3908/3908/1918 3909/3909/1919
f 3905/3905/1915 3909/3909/1919 3906/3906/1916
f 3908/3908/1918 3910/3910/1920 3911/3911/1921
f 3908/3908/1918 3911/3911/1921 3909/3909/1919
f 3910/3910/1920 3912/3912/1922 3913/3913/1923
f 3910/3910/1920 3913/3913/1923 3911/3911/1921
f 3912/3912/1922 3914/3914/1924 3915/3915/1925
f 3912/3912/1922 3915/3915/1925 3913/3913/1923
f 3914/3914/1924 3916/3916/1926 3917/3917/1927
f 3914/3914/1924 3917/3917/1927 3915/3915/1925
f 3916/3916/1926 3918/3918/1928 3919/3919/1929
f 3916/3916/1926 3919/3919/1929 3917/3917/1927
f 3918/3918/1928 3920/3920/1930 3921/3921/1931
f 3918/3918/1928 3921/3921/1931 3919/3919/1929
f 3920/3920/1930 3922/3922/1932 3923/3923/1933
f 3920/3920/1930 3923/3923/1933 3921/3921/1931
f 3922/3922/1932 3924/3924/1934 3925/3925/1935
f 3922/3922/1932 3925/3925/1935 3923/3923/1933
f 3924/3924/1934 3926/3926/1936 3927/3927/1937
f 3924/3924/1934 3927/3927/1937 3925/3925/1935
f 3926/3926/1936 3928/3928/1914 3929/3929/1917
f 3926/3926/1936 3929/3929/1917 3927/3927/1937
f 3930/3930/1938 3931/3931/1939 3905/3905/1915
f 3930/3930/1938 3905/3905/1915 3904/3904/1914
f 3931/3931/1939 3932/3932/1940 3908/3908/1918
f 3931/3931/1939 3908/3908/1918 3905/3905/1915
f 3932/3932/1940 3933/3933/1941 3910/3910/1920
f 3932/3932/1940 3910/3910/1920 3908/3908/1918
f 3933/3933/1941 3934/3934/1942 3912/3912/1922
f 3933/3933/1941 3912/3912/1922 3910/3910/1920
f 3934/3934/1942 3935/3935/1943 3914/3914/1924
f 3934/3934/1942 3914/3914/1924 3912/3912/1922
f 3935/3935/1943 3936/3936/1944 3916/3916/1926
f 3935/3935/1943 3916/3916/1926 3914/3914/1924
f 3936/3936/1944 3937/3937/1945 3918/3918/1928
f 3936/3936/1944 3918/3918/1928 3916/3916/1926
f 3937/3937/1945 3938/3938/1946 3920/3920/1930
f 3937/3937/1945 3920/3920/1930 3918/3918/1928
f 3938/3938/1946 3939/3939/1947 3922/3922/1932
f 3938/3938/1946 3922/3922/1932 3920/3920/1930
f 3939/3939/1947 3940/3940/1948 3924/3924/1934
f 3939/3939/1947 3924/3924/1934 3922/3922/1932
f 3940/3940/1948 3941/3941/1949 3926/3926/1936
f 3940/3940/1948 3926/3926/1936 3924/3924/1934
f 3941/3941/1949 3942/3942/1938 3928/3928/1914
f 3941/3941/1949 3928/3928/1914 3926/3926/1936
f 3943/3943/1950 3944/3944/1951 3931/3931/1939
f 3943/3943/1950 3931/3931/1939 3930/3930/1938
f 3944/3944/1951 3945/3945/1952 3932/3932/1940
f 3944/3944/1951 3932/3932/1940 3931/3931/1939
f 3945/3945/1952 3946/3946/1953 3933/3933/1941
f 3945/3945/1952 3933/3933/1941 3932/3932/1940
f 3946/3946/1953 3947/3947/1954 3934/3934/1942
f 3946/3946/1953 3934/3934/1942 3933/3933/1941
f 3947/3947/1954 3948/3948/1955 3935/3935/1943
f 3947/3947/1954 3935/3935/1943 3934/3934/1942
f 3948/3948/1955 3949/3949/1956 3936/3936/1944
f 3948/3948/1955 3936/3936/1944 3935/3935/1943
f 3949/3949/1956 3950/3950/1957 3937/3937/1945
f 3949/3949/1956 3937/3937/1945 3936/3936/1944
f 3950/3950/1957 3951/3951/1958 3938/3938/1946
f 3950/3950/1957 3938/3938/1946 3937/3937/1945
f 3951/3951/1958 3952/3952/1959 3939/3939/1947
f 3951/3951/1958 3939/3939/1947 3938/3938/1946
f 3952/3952/1959 3953/3953/1960 3940/3940/1948
f 3952/3952/1959 3940/3940/1948 3939/3939/1947
f 3953/3953/1960 3954/3954/1961 3941/3941/1949
f 3953/3953/1960 3941/3941/1949 3940/3940/1948
f 3954/3954/1961 3955/3955/1950 3942/3942/1938
f 3954/3954/1961 3942/3942/1938 3941/3941/1949
f 3956/3956/1962 3957/3957/1963 3944/3944/1951
f 3956/3956/1962 3944/3944/1951 3943/3943/1950
f 3957/3957/1963 3958/3958/1964 3945/3945/1952
f 3957/3957/1963 3945/3945/1952 3944/3944/1951
f 3958/3958/1964 3959/3959/1965 3946/3946/1953
f 3958/3958/1964 3946/3946/1953 3945/3945/1952
f 3959/3959/1965 3960/3960/1966 3947/3947/1954
f 3959/3959/1965 3947/3947/1954 3946/3946/1953
f 3960/3960/1966 3961/3961/1967 3948/3948/1955
f 3960/3960/1966 3948/3948/1955 3947/3947/1954
f 3961/3961/1967 3962/3962/1968 3949/3949/1956
f 3961/3961/1967 3949/3949/1956 3948/3948/1955
f 3962/3962/1968 3963/3963/1969 3950/3950/1957
f 3962/3962/1968 3950/3950/1957 3949/3949/1956
f 3963/3963/1969 3964/3964/1970 3951/3951/1958
f 3963/3963/1969 3951/3951/1958 3950/3950/1957
f 3964/3964/1970 3965/3965/1971 3952/3952/1959
f 3964/3964/1970 3952/3952/1959 3951/3951/1958
f 3965/3965/1971 3966/3966/1972 3953/3953/1960
f 3965/3965/1971 3953/3953/1960 3952/3952/1959
f 3966/3966/1972 3967/3967/1973 3954/3954/1961
f 3966/3966/1972 3954/3954/1961 3953/3953/1960
f 3967/3967/1973 3968/3968/1962 3955/3955/1950
f 3967/3967/1973 3955/3955/1950 3954/3954/1961
f 3969/3969/1974 3970/3970/1975 3957/3957/1963
f 3969/3969/1974 3957/3957/1963 3956/3956/1962
f 3970/3970/1975 3971/3971/1976 3958/3958/1964
f 3970/3970/1975 3958/3958/1964 3957/3957/1963
f 3971/3971/1976 3972/3972/1977 3959/3959/1965
f 3971/3971/1976 3959/3959/1965 3958/3958/1964
f 3972/3972/1977 3973/3973/1978 3960/3960/1966
f 3972/3972/1977 3960/3960/1966 3959/3959/1965
f 3973/3973/1978 3974/3974/1979 3961/3961/1967
f 3973/3973/1978 3961/3961/1967 3960/3960/1966
f 3974/3974/1979 3975/3975/1980 3962/3962/1968
f 3974/3974/1979 3962/3962/1968 3961/3961/1967
f 3975/3975/1980 3976/3976/1981 3963/3963/1969
f 3975/3975/1980 3963/3963/1969 3962/3962/1968
f 3976/3976/1981 3977/3977/1982 3964/3964/1970
f 3976/3976/1981 3964/3964/1970 3963/3963/1969
f 3977/3977/1982 3978/3978/1983 3965/3965/1971
f 3977/3977/1982 3965/3965/1971 3964/3964/1970
f 3978/3978/1983 3979/3979/1984 3966/3966/1972
f 3978/3978/1983 3966/3966/1972 3965/3965/1971
f 3979/3979/1984 3980/3980/1985 3967/3967/1973
f 3979/3979/1984 3967/3967/1973 3966/3966/1972
f 3980/3980/1985 3981/3981/1974 3968/3968/1962
f 3980/3980/1985 3968/3968/1962 3967/3967/1973
f 3982/3982/1986 3983/3983/1987 3970/3970/1975
f 3982/3982/1986 3970/3970/1975 3969/3969/1974
f 3983/3983/1987 3984/3984/1988 3971/3971/1976
f 3983/3983/1987 3971/3971/1976 3970/3970/1975
f 3984/3984/1988 3985/3985/1989 3972/3972/1977
f 3984/3984/1988 3972/3972/1977 3971/3971/1976
f 3985/3985/1989 3986/3986/1990 3973/3973/1978
f 3985/3985/1989 3973/3973/1978 3972/3972/1977
f 3986/3986/1990 3987/3987/1991 3974/3974/1979
f 3986/3986/1990 3974/3974/1979 3973/3973/1978
f 3987/3987/1991 3988/3988/1992 3975/3975/1980
f 3987/3987/1991 3975/3975/1980 3974/3974/1979
f 3988/3988/1992 3989/3989/1993 3976/3976/1981
f 3988/3988/1992 3976/3976/1981 3975/3975/1980
f 3989/3989/1993 3990/3990/1994 3977/3977/1982
f 3989/3989/1993 3977/3977/1982 3976/3976/1981
f 3990/3990/1994 3991/3991/1995 3978/3978/1983
f 3990/3990/1994 3978/3978/1983 3977/3977/1982
f 3991/3991/1995 3992/3992/1996 3979/3979/1984
f 3991/3991/1995 3979/3979/1984 3978/3978/1983
f 3992/3992/1996 3993/3993/1997 3980/3980/1985
f 3992/3992/1996 3980/3980/1985 3979/3979/1984
f 3993/3993/1997 3994/3994/1986 3981/3981/1974
f 3993/3993/1997 3981/3981/1974 3980/3980/1985
f 3995/3995/1998 3996/3996/1999 3983/3983/1987
f 3995/3995/1998 3983/3983/1987 3982/3982/1986
f 3996/3996/1999 3997/3997/2000 3984/3984/1988
f 3996/3996/1999 3984/3984/1988 3983/3983/1987
f 3997/3997/2000 3998/3998/2001 3985/3985/1989
f 3997/3997/2000 3985/3985/1989 3984/3984/1988
f 3998/3998/2001 3999/3999/2002 3986/3986/1990
f 3998/3998/2001 3986/3986/1990 3985/3985/1989
f 3999/3999/2002 4000/4000/2003 3987/3987/1991
f 3999/3999/2002 3987/3987/1991 3986/3986/1990
f 4000/4000/2003 4001/4001/2004 3988/3988/1992
f 4000/4000/2003 3988/3988/1992 3987/3987/1991
f 4001/4001/2004 4002/4002/2005 3989/3989/1993
f 4001/4001/2004 3989/3989/1993 3988/3988/1992
f 4002/4002/2005 4003/4003/2006 3990/3990/1994
f 4002/4002/2005 3990/3990/1994 3989/3989/1993
f 4003/4003/2006 4004/4004/2007 3991/3991/1995
f 4003/4003/2006 3991/3991/1995 3990/3990/1994
f 4004/4004/2007 4005/4005/2008 3992/3992/1996
f 4004/4004/2007 3992/3992/1996 3991/3991/1995
f 4005/4005/2008 4006/4006/2009 3993/3993/1997
f 4005/4005/2008 3993/3993/1997 3992/3992/1996
f 4006/4006/2009 4007/4007/1998 3994/3994/1986
f 4006/4006/2009 3994/3994/1986 3993/3993/1997
f 4008/4008/2010 4009/4009/2011 3996/3996/1999
f 4008/4008/2010 3996/3996/1999 3995/3995/1998
f 4009/4009/2011 4010/4010/2012 3997/3997/2000
f 4009/4009/2011 3997/3997/2000 3996/3996/1999
f 4010/4010/2012 4011/4011/2013 3998/3998/2001
f 4010/4010/2012 3998/3998/2001 3997/3997/2000
f 4011/4011/2013 4012/4012/2014 3999/3999/2002
f 4011/4011/2013 3999/3999/2002 3998/3998/2001
f 4012/4012/2014 4013/4013/2015 4000/4000/2003
f 4012/4012/2014 4000/4000/2003 3999/3999/2002
f 4013/4013/2015 4014/4014/2016 4001/4001/2004
f 4013/4013/2015 4001/4001/2004 4000/4000/2003
f 4014/4014/2016 4015/4015/2017 4002/4002/2005
f 4014/4014/2016 4002/4002/2005 4001/4001/2004
f 4015/4015/2017 4016/4016/2018 4003/4003/2006
f 4015/4015/2017 4003/4003/2006 4002/4002/2005
f 4016/4016/2018 4017/4017/2019 4004/4004/2007
f 4016/4016/2018 4004/4004/2007 4003/4003/2006
f 4017/4017/2019 4018/4018/2020 4005/4005/2008
f 4017/4017/2019 4005/4005/2008 4004/4004/2007
f 4018/4018/2020 4019/4019/2021 4006/4006/2009
f 4018/4018/2020 4006/4006/2009 4005/4005/2008
f 4019/4019/2021 4020/4020/2010 4007/4007/1998
f 4019/4019/2021 4007/4007/1998 4006/4006/2009
f 4021/4021/2022 4022/4022/2023 4009/4009/2011
f 4021/4021/2022 4009/4009/2011 4008/4008/2010
f 4022/4022/2023 4023/4023/2024 4010/4010/2012
f 4022/4022/2023 4010/4010/2012 4009/4009/2011
f 4023/4023/2024 4024/4024/2025 4011/4011/2013
f 4023/4023/2024 4011/4011/2013 4010/4010/2012
f 4024/4024/2025 4025/4025/2026 4012/4012/2014
f 4024/4024/2025 4012/4012/2014 4011/4011/2013
f 4025/4025/2026 4026/4026/2027 4013/4013/2015
f 4025/4025/2026 4013/4013/2015 4012/4012/2014
f 4026/4026/2027 4027/4027/2028 4014/4014/2016
f 4026/4026/2027 4014/4014/2016 4013/4013/2015
f 4027/4027/2028 4028/4028/2029 4015/4015/2017
f 4027/4027/2028 4015/4015/2017 4014/4014/2016
f 4028/4028/2029 4029/4029/2030 4016/4016/2018
f 4028/4028/2029 4016/4016/2018 4015/4015/2017
f 4029/4029/2030 4030/4030/2031 4017/4017/2019
f 4029/4029/2030 4017/4017/2019 4016/4016/2018
f 4030/4030/2031 4031/4031/2032 4018/4018/2020
f 4030/4030/2031 4018/4018/2020 4017/4017/2019
f 4031/4031/2032 4032/4032/2033 4019/4019/2021
f 4031/4031/2032 4019/4019/2021 4018/4018/2020
f 4032/4032/2033 4033/4033/2022 4020/4020/2010
f 4032/4032/2033 4020/4020/2010 4019/4019/2021
f 4034/4034/2034 4035/4035/2035 4022/4022/2023
f 4034/4034/2034 4022/4022/2023 4021/4021/2022
f 4035/4035/2035 4036/4036/2036 4023/4023/2024
f 4035/4035/2035 4023/4023/2024 4022/4022/2023
f 4036/4036/2036 4037/4037/2037 4024/4024/2025
f 4036/4036/2036 4024/4024/2025 4023/4023/2024
f 4037/4037/2037 4038/4038/2038 4025/4025/2026
f 4037/4037/2037 4025/4025/2026 4024/4024/2025
f 4038/4038/2038 4039/4039/2039 4026/4026/2027
f 4038/4038/2038 4026/4026/2027 4025/4025/2026
f 4039/4039/2039 4040/4040/2040 4027/4027/2028
f 4039/4039/2039 4027/4027/2028 4026/4026/2027
f 4040/4040/2040 4041/4041/2041 4028/4028/2029
f 4040/4040/2040 4028/4028/2029 4027/4027/2028
f 4041/4041/2041 4042/4042/2042 4029/4029/2030
f 4041/4041/2041 4029/4029/2030 4028/4028/2029
f 4042/4042/2042 4043/4043/2043 4030/4030/2031
f 4042/4042/2042 4030/4030/2031 4029/4029/2030
f 4043/4043/2043 4044/4044/2044 4031/4031/2032
f 4043/4043/2043 4031/4031/2032 4030/4030/2031
f 4044/4044/2044 4045/4045/2045 4032/4032/2033
f 4044/4044/2044 4032/4032/2033 4031/4031/2032
f 4045/4045/2045 4046/4046/2034 4033/4033/2022
f 4045/4045/2045 4033/4033/2022 4032/4032/2033
f 4047/4047/2046 4048/4048/2047 4035/4035/2035
f 4047/4047/2046 4035/4035/2035 4034/4034/2034
f 4048/4048/2047 4049/4049/2048 4036/4036/2036
f 4048/4048/2047 4036/4036/2036 4035/4035/2035
f 4049/4049/2048 4050/4050/2049 4037/4037/2037
f 4049/4049/2048 4037/4037/2037 4036/4036/2036
f 4050/4050/2049 4051/4051/2050 4038/4038/2038
f 4050/4050/2049 4038/4038/2038 4037/4037/2037
f 4051/4051/2050 4052/4052/2051 4039/4039/2039
f 4051/4051/2050 4039/4039/2039 4038/4038/2038
f 4052/4052/2051 4053/4053/2052 4040/4040/2040
f 4052/4052/2051 4040/4040/2040 4039/4039/2039
f 4053/4053/2052 4054/4054/2053 4041/4041/2041
f 4053/4053/2052 4041/4041/2041 4040/4040/2040
f 4054/4054/2053 4055/4055/2054 4042/4042/2042
f 4054/4054/2053 4042/4042/2042 4041/4041/2041
f 4055/4055/2054 4056/4056/2055 4043/4043/2043
f 4055/4055/2054 4043/4043/2043 4042/4042/2042
f 4056/4056/2055 4057/4057/2056 4044/4044/2044
f 4056/4056/2055 4044/4044/2044 4043/4043/2043
f 4057/4057/2056 4058/4058/2057 4045/4045/2045
f 4057/4057/2056 4045/4045/2045 4044/4044/2044
f 4058/4058/2057 4059/4059/2046 4046/4046/2034
f 4058/4058/2057 4046/4046/2034 4045/4045/2045
f 4060/4060/2058 4061/4061/2059 4048/4048/2047
f 4060/4060/2058 4048/4048/2047 4047/4047/2046
f 4061/4061/2059 4062/4062/2060 4049/4049/2048
f 4061/4061/2059 4049/4049/2048 4048/4048/2047
f 4062/4062/2060 4063/4063/2061 4050/4050/2049
f 4062/4062/2060 4050/4050/2049 4049/4049/2048
f 4063/4063/2061 4064/4064/2062 4051/4051/2050
f 4063/4063/2061 4051/4051/2050 4050/4050/2049
f 4064/4064/2062 4065/4065/2063 4052/4052/2051
f 4064/4064/2062 4052/4052/2051 4051/4051/2050
f 4065/4065/2063 4066/4066/2064 4053/4053/2052
f 4065/4065/2063 4053/4053/2052 4052/4052/2051
f 4066/4066/2064 4067/4067/2065 4054/4054/2053
f 4066/4066/2064 4054/4054/2053 4053/4053/2052
f 4067/4067/2065 4068/4068/2066 4055/4055/2054
f 4067/4067/2065 4055/4055/2054 4054/4054/2053
f 4068/4068/2066 4069/4069/2067 4056/4056/2055
f 4068/4068/2066 4056/4056/2055 4055/4055/2054
f 4069/4069/2067 4070/4070/2068 4057/4057/2056
f 4069/4069/2067 4057/4057/2056 4056/4056/2055
f 4070/4070/2068 4071/4071/2069 4058/4058/2057
f 4070/4070/2068 4058/4058/2057 4057/4057/2056
f 4071/4071/2069 4072/4072/2058 4059/4059/2046
f 4071/4071/2069 4059/4059/2046 4058/4058/2057
f 4073/4073/2070 4074/4074/2071 4061/4061/2059
f 4073/4073/2070 4061/4061/2059 4060/4060/2058
f 4074/4074/2071 4075/4075/2072 4062/4062/2060
f 4074/4074/2071 4062/4062/2060 4061/4061/2059
f 4075/4075/2072 4076/4076/2073 4063/4063/2061
f 4075/4075/2072 4063/4063/2061 4062/4062/2060
f 4076/4076/2073 4077/4077/2074 4064/4064/2062
f 4076/4076/2073 4064/4064/2062 4063/4063/2061
f 4077/4077/2074 4078/4078/2075 4065/4065/2063
f 4077/4077/2074 4065/4065/2063 4064/4064/2062
f 4078/4078/2075 4079/4079/2076 4066/4066/2064
f 4078/4078/2075 4066/4066/2064 4065/4065/2063
f 4079/4079/2076 4080/4080/2077 4067/4067/2065
f 4079/4079/2076 4067/4067/2065 4066/4066/2064
f 4080/4080/2077 4081/4081/2078 4068/4068/2066
f 4080/4080/2077 4068/4068/2066 4067/4067/2065
f 4081/4081/2078 4082/4082/2079 4069/4069/2067
f 4081/4081/2078 4069/4069/2067 4068/4068/2066
f 4082/4082/2079 4083/4083/2080 4070/4070/2068
f 4082/4082/2079 4070/4070/2068 4069/4069/2067
f 4083/4083/2080 4084/4084/2081 4071/4071/2069
f 4083/4083/2080 4071/4071/2069 4070/4070/2068
f 4084/4084/2081 4085/4085/2070 4072/4072/2058
f 4084/4084/2081 4072/4072/2058 4071/4071/2069
f 4086/4086/2082 4087/4087/2083 4074/4074/2071
f 4086/4086/2082 4074/4074/2071 4073/4073/2070
f 4087/4087/2083 4088/4088/2084 4075/4075/2072
f 4087/4087/2083 4075/4075/2072 4074/4074/2071
f 4088/4088/2084 4089/4089/2085 4076/4076/2073
f 4088/4088/2084 4076/4076/2073 4075/4075/2072
f 4089/4089/2085 4090/4090/2086 4077/4077/2074
f 4089/4089/2085 4077/4077/2074 4076/4076/2073
f 4090/4090/2086 4091/4091/2087 4078/4078/2075
f 4090/4090/2086 4078/4078/2075 4077/4077/2074
f 4091/4091/2087 4092/4092/2088 4079/4079/2076
f 4091/4091/2087 4079/4079/2076 4078/4078/2075
f 4092/4092/2088 4093/4093/2089 4080/4080/2077
f 4092/4092/2088 4080/4080/2077 4079/4079/2076
f 4093/4093/2089 4094/4094/2090 4081/4081/2078
f 4093/4093/2089 4081/4081/2078 4080/4080/2077
f 4094/4094/2090 4095/4095/2091 4082/4082/2079
f 4094/4094/2090 4082/4082/2079 4081/4081/2078
f 4095/4095/2091 4096/4096/2092 4083/4083/2080
f 4095/4095/2091 4083/4083/2080 4082/4082/2079
f 4096/4096/2092 4097/4097/2093 4084/4084/2081
f 4096/4096/2092 4084/4084/2081 4083/4083/2080
f 4097/4097/2093 4098/4098/2082 4085/4085/2070
f 4097/4097/2093 4085/4085/2070 4084/4084/2081
f 4099/4099/2094 4100/4100/2095 4087/4087/2083
f 4099/4099/2094 4087/4087/2083 4086/4086/2082
f 4100/4100/2095 4101/4101/2096 4088/4088/2084
f 4100/4100/2095 4088/4088/2084 4087/4087/2083
f 4101/4101/2096 4102/4102/2097 4089/4089/2085
f 4101/4101/2096 4089/4089/2085 4088/4088/2084
f 4102/4102/2097 4103/4103/2098 4090/4090/2086
f 4102/4102/2097 4090/4090/2086 4089/4089/2085
f 4103/4103/2098 4104/4104/2099 4091/4091/2087
f 4103/4103/2098 4091/4091/2087 4090/4090/2086
f 4104/4104/2099 4105/4105/2100 4092/4092/2088
f 4104/4104/2099 4092/4092/2088 4091/4091/2087
f 4105/4105/2100 4106/4106/2101 4093/4093/2089
f 4105/4105/2100 4093/4093/2089 4092/4092/2088
f 4106/4106/2101 4107/4107/2102 4094/4094/2090
f 4106/4106/2101 4094/4094/2090 4093/4093/2089
f 4107/4107/2102 4108/4108/2103 4095/4095/2091
f 4107/4107/2102 4095/4095/2091 4094/4094/2090
f 4108/4108/2103 4109/4109/2104 4096/4096/2092
f 4108/4108/2103 4096/4096/2092 4095/4095/2091
f 4109/4109/2104 4110/4110/2105 4097/4097/2093
f 4109/4109/2104 4097/4097/2093 4096/4096/2092
f 4110/4110/2105 4111/4111/2094 4098/4098/2082
f 4110/4110/2105 4098/4098/2082 4097/4097/2093
f 4112/4112/2106 4113/4113/2107 4100/4100/2095
f 4112/4112/2106 4100/4100/2095 4099/4099/2094
f 4113/4113/2107 4114/4114/2108 4101/4101/2096
f 4113/4113/2107 4101/4101/2096 4100/4100/2095
f 4114/4114/2108 4115/4115/2109 4102/4102/2097
f 4114/4114/2108 4102/4102/2097 4101/4101/2096
f 4115/4115/2109 4116/4116/2110 4103/4103/2098
f 4115/4115/2109 4103/4103/2098 4102/4102/2097
f 4116/4116/2110 4117/4117/2111 4104/4104/2099
f 4116/4116/2110 4104/4104/2099 4103/4103/2098
f 4117/4117/2111 4118/4118/2112 4105/4105/2100
f 4117/4117/2111 4105/4105/2100 4104/4104/2099
f 4118/4118/2112 4119/4119/2113 4106/4106/2101
f 4118/4118/2112 4106/4106/2101 4105/4105/2100
f 4119/4119/2113 4120/4120/2114 4107/4107/2102
f 4119/4119/2113 4107/4107/2102 4106/4106/2101
f 4120/4120/2114 4121/4121/2115 4108/4108/2103
f 4120/4120/2114 4108/4108/2103 4107/4107/2102
f 4121/4121/2115 4122/4122/2116 4109/4109/2104
f 4121/4121/2115 4109/4109/2104 4108/4108/2103
f 4122/4122/2116 4123/4123/2117 4110/4110/2105
f 4122/4122/2116 4110/4110/2105 4109/4109/2104
f 4123/4123/2117 4124/4124/2106 4111/4111/2094
f 4123/4123/2117 4111/4111/2094 4110/4110/2105
f 4125/4125/2118 4126/4126/2119 4113/4113/2107
f 4125/4125/2118 4113/4113/2107 4112/4112/2106
f 4126/4126/2119 4127/4127/2120 4114/4114/2108
f 4126/4126/2119 4114/4114/2108 4113/4113/2107
f 4127/4127/2120 4128/4128/2121 4115/4115/2109
f 4127/4127/2120 4115/4115/2109 4114/4114/2108
f 4128/4128/2121 4129/4129/2122 4116/4116/2110
f 4128/4128/2121 4116/4116/2110 4115/4115/2109
f 4129/4129/2122 4130/4130/2123 4117/4117/2111
f 4129/4129/2122 4117/4117/2111 4116/4116/2110
f 4130/4130/2123 4131/4131/2124 4118/4118/2112
f 4130/4130/2123 4118/4118/2112 4117/4117/2111
f 4131/4131/2124 4132/4132/2125 4119/4119/2113
f 4131/4131/2124 4119/4119/2113 4118/4118/2112
f 4132/4132/2125 4133/4133/2126 4120/4120/2114
f 4132/4132/2125 4120/4120/2114 4119/4119/2113
f 4133/4133/2126 4134/4134/2127 4121/4121/2115
f 4133/4133/2126 4121/4121/2115 4120/4120/2114
f 4134/4134/2127 4135/4135/2128 4122/4122/2116
f 4134/4134/2127 4122/4122/2116 4121/4121/2115
f 4135/4135/2128 4136/4136/2129 4123/4123/2117
f 4135/4135/2128 4123/4123/2117 4122/4122/2116
f 4136/4136/2129 4137/4137/2118 4124/4124/2106
f 4136/4136/2129 4124/4124/2106 4123/4123/2117
f 4138/4138/2130 4139/4139/2131 4126/4126/2119
f 4138/4138/2130 4126/4126/2119 4125/4125/2118
f 4139/4139/2131 4140/4140/2132 4127/4127/2120
f 4139/4139/2131 4127/4127/2120 4126/4126/2119
f 4140/4140/2132 4141/4141/2133 4128/4128/2121
f 4140/4140/2132 4128/4128/2121 4127/4127/2120
f 4141/4141/2133 4142/4142/2134 4129/4129/2122
f 4141/4141/2133 4129/4129/2122 4128/4128/2121
f 4142/4142/2134 4143/4143/2011 4130/4130/2123
f 4142/4142/2134 4130/4130/2123 4129/4129/2122
f 4143/4143/2011 4144/4144/2135 4131/4131/2124
f 4143/4143/2011 4131/4131/2124 4130/4130/2123
f 4144/4144/2135 4145/4145/2136 4132/4132/2125
f 4144/4144/2135 4132/4132/2125 4131/4131/2124
f 4145/4145/2136 4146/4146/2137 4133/4133/2126
f 4145/4145/2136 4133/4133/2126 4132/4132/2125
f 4146/4146/2137 4147/4147/2138 4134/4134/2127
f 4146/4146/2137 4134/4134/2127 4133/4133/2126
f 4147/4147/2138 4148/4148/2139 4135/4135/2128
f 4147/4147/2138 4135/4135/2128 4134/4134/2127
f 4148/4148/2139 4149/4149/2140 4136/4136/2129
f 4148/4148/2139 4136/4136/2129 4135/4135/2128
f 4149/4149/2140 4150/4150/2130 4137/4137/2118
f 4149/4149/2140 4137/4137/2118 4136/4136/2129
f 4151/4151/2141 4152/4152/2142 4139/4139/2131
f 4151/4151/2141 4139/4139/2131 4138/4138/2130
f 4152/4152/2142 4153/4153/2143 4140/4140/2132
f 4152/4152/2142 4140/4140/2132 4139/4139/2131
f 4153/4153/2143 4154/4154/2144 4141/4141/2133
f 4153/4153/2143 4141/4141/2133 4140/4140/2132
f 4154/4154/2144 4155/4155/2145 4142/4142/2134
f 4154/4154/2144 4142/4142/2134 4141/4141/2133
f 4155/4155/2145 4156/4156/2146 4143/4143/2011
f 4155/4155/2145 4143/4143/2011 4142/4142/2134
f 4156/4156/2146 4157/4157/2147 4144/4144/2135
f 4156/4156/2146 4144/4144/2135 4143/4143/2011
f 4157/4157/2147 4158/4158/2148 4145/4145/2136
f 4157/4157/2147 4145/4145/2136 4144/4144/2135
f 4158/4158/2148 4159/4159/2149 4146/4146/2137
f 4158/4158/2148 4146/4146/2137 4145/4145/2136
f 4159/4159/2149 4160/4160/2150 4147/4147/2138
f 4159/4159/2149 4147/4147/2138 4146/4146/2137
f 4160/4160/2150 4161/4161/2151 4148/4148/2139
f 4160/4160/2150 4148/4148/2139 4147/4147/2138
f 4161/4161/2151 4162/4162/2152 4149/4149/2140
f 4161/4161/2151 4149/4149/2140 4148/4148/2139
f 4162/4162/2152 4163/4163/2141 4150/4150/2130
f 4162/4162/2152 4150/4150/2130 4149/4149/2140
f 4164/4164/1917 4165/4165/1916 4152/4152/2142
f 4164/4164/1917 4152/4152/2142 4151/4151/2141
f 4165/4165/1916 4166/4166/1919 4153/4153/2143
f 4165/4165/1916 4153/4153/2143 4152/4152/2142
f 4166/4166/1919 4167/4167/1921 4154/4154/2144
f 4166/4166/1919 4154/4154/2144 4153/4153/2143
f 4167/4167/1921 4168/4168/1923 4155/4155/2145
f 4167/4167/1921 4155/4155/2145 4154/4154/2144
f 4168/4168/1923 4169/4169/1925 4156/4156/2146
f 4168/4168/1923 4156/4156/2146 4155/4155/2145
f 4169/4169/1925 4170/4170/1927 4157/4157/2147
f 4169/4169/1925 4157/4157/2147 4156/4156/2146
f 4170/4170/1927 4171/4171/1929 4158/4158/2148
f 4170/4170/1927 4158/4158/2148 4157/4157/2147
f 4171/4171/1929 4172/4172/1931 4159/4159/2149
f 4171/4171/1929 4159/4159/2149 4158/4158/2148
f 4172/4172/1931 4173/4173/1933 4160/4160/2150
f 4172/4172/1931 4160/4160/2150 4159/4159/2149
f 4173/4173/1933 4174/4174/1935 4161/4161/2151
f 4173/4173/1933 4161/4161/2151 4160/4160/2150
f 4174/4174/1935 4175/4175/1937 4162/4162/2152
f 4174/4174/1935 4162/4162/2152 4161/4161/2151
f 4175/4175/1937 4176/4176/1917 4163/4163/2141
f 4175/4175/1937 4163/4163/2141 4162/4162/2152
f 4177/4177/2153 4178/4178/2154 4179/4179/2154
f 4177/4177/2153 4179/4179/2154 4180/4180/2153
f 4181/4181/2155 4182/4182/2155 4183/4183/2156
f 4181/4181/2155 4183/4183/2156 4184/4184/2156
f 4185/4185/2157 4184/4184/2156 4183/4183/2156
f 4185/4185/2157 4183/4183/2156 4186/4186/2157
f 4187/4187/2158 4188/4188/2158 4189/4189/2159
f 4187/4187/2158 4189/4189/2159 4190/4190/2159
f 4191/4191/2160 4192/4192/2160 4193/4193/2161
f 4191/4191/2160 4193/4193/2161 4194/4194/2161
f 4195/4195/2162 4196/4196/2163 4197/4197/2163
f 4195/4195/2162 4197/4197/2163 4198/4198/2162
f 4199/4199/2164 4200/4200/2165 4201/4201/2165
f 4199/4199/2164 4201/4201/2165 4202/4202/2164
f 4194/4194/2161 4193/4193/2161 4201/4201/2165
f 4194/4194/2161 4201/4201/2165 4200/4200/2165
f 4203/4203/2166 4204/4204/2167 4205/4205/2167
f 4203/4203/2166 4205/4205/2167 4206/4206/2166
f 4207/4207/2168 4199/4199/2164 4202/4202/2164
f 4207/4207/2168 4202/4202/2164 4208/4208/2168
f 4207/4207/2168 4208/4208/2168 4190/4190/2159
f 4207/4207/2168 4190/4190/2159 4189/4189/2159
f 4191/4191/2160 4185/4185/2157 4186/4186/2157
f 4191/4191/2160 4186/4186/2157 4192/4192/2160
f 4182/4182/2155 4181/4181/2155 4209/4209/2158
f 4182/4182/2155 4209/4209/2158 4210/4210/2158
f 4211/4211/2169 4212/4212/2170 4213/4213/2170
f 4211/4211/2169 4213/4213/2170 4214/4214/2169
f 4198/4198/2162 4215/4215/2171 4216/4216/2171
f 4198/4198/2162 4216/4216/2171 4195/4195/2162
f 4204/4204/2167 4211/4211/2169 4214/4214/2169
f 4204/4204/2167 4214/4214/2169 4205/4205/2167
f 4215/4215/2171 4203/4203/2166 4206/4206/2166
f 4215/4215/2171 4206/4206/2166 4216/4216/2171
f 4212/4212/2170 4177/4177/2153 4180/4180/2153
f 4212/4212/2170 4180/4180/2153 4213/4213/2170
f 4217/4217/2172 4218/4218/2173 4219/4219/1798
f 4217/4217/2172 4219/4219/1798 4220/4220/1797
f 4218/4218/2173 4221/4221/2174 4222/4222/1799
f 4218/4218/2173 4222/4222/1799 4219/4219/1798
f 4221/4221/2174 4223/4223/2175 4224/4224/1852
f 4221/4221/2174 4224/4224/1852 4222/4222/1799
f 4223/4223/2175 4225/4225/2176 4226/4226/1853
f 4223/4223/2175 4226/4226/1853 4224/4224/1852
f 4225/4225/2176 4227/4227/2177 4228/4228/1854
f 4225/4225/2176 4228/4228/1854 4226/4226/1853
f 4227/4227/2177 4229/4229/2178 4230/4230/1855
f 4227/4227/2177 4230/4230/1855 4228/4228/1854
f 4229/4229/2178 4231/4231/2179 4232/4232/1856
f 4229/4229/2178 4232/4232/1856 4230/4230/1855
f 4231/4231/2179 4233/4233/2180 4234/4234/1857
f 4231/4231/2179 4234/4234/1857 4232/4232/1856
f 4233/4233/2180 4235/4235/2181 4236/4236/1858
f 4233/4233/2180 4236/4236/1858 4234/4234/1857
f 4235/4235/2181 4237/4237/2182 4238/4238/1859
f 4235/4235/2181 4238/4238/1859 4236/4236/1858
f 4237/4237/2182 4239/4239/2183 4240/4240/1860
f 4237/4237/2182 4240/4240/1860 4238/4238/1859
f 4239/4239/2183 4241/4241/2172 4242/4242/1797
f 4239/4239/2183 4242/4242/1797 4240/4240/1860
f 4243/4243/2184 4244/4244/2185 4218/4218/2173
f 4243/4243/2184 4218/4218/2173 4217/4217/2172
f 4244/4244/2185 4245/4245/2186 4221/4221/2174
f 4244/4244/2185 4221/4221/2174 4218/4218/2173
f 4245/4245/2186 4246/4246/2187 4223/4223/2175
f 4245/4245/2186 4223/4223/2175 4221/4221/2174
f 4246/4246/2187 4247/4247/2188 4225/4225/2176
f 4246/4246/2187 4225/4225/2176 4223/4223/2175
f 4247/4247/2188 4248/4248/2189 4227/4227/2177
f 4247/4247/2188 4227/4227/2177 4225/4225/2176
f 4248/4248/2189 4249/4249/2190 4229/4229/2178
f 4248/4248/2189 4229/4229/2178 4227/4227/2177
f 4249/4249/2190 4250/4250/2191 4231/4231/2179
f 4249/4249/2190 4231/4231/2179 4229/4229/2178
f 4250/4250/2191 4251/4251/2192 4233/4233/2180
f 4250/4250/2191 4233/4233/2180 4231/4231/2179
f 4251/4251/2192 4252/4252/2193 4235/4235/2181
f 4251/4251/2192 4235/4235/2181 4233/4233/2180
f 4252/4252/2193 4253/4253/2194 4237/4237/2182
f 4252/4252/2193 4237/4237/2182 4235/4235/2181
f 4253/4253/2194 4254/4254/2195 4239/4239/2183
f 4253/4253/2194 4239/4239/2183 4237/4237/2182
f 4254/4254/2195 4255/4255/2184 4241/4241/2172
f 4254/4254/2195 4241/4241/2172 4239/4239/2183
f 4256/4256/2196 4257/4257/2197 4244/4244/2185
f 4256/4256/2196 4244/4244/2185 4243/4243/2184
f 4257/4257/2197 4258/4258/2198 4245/4245/2186
f 4257/4257/2197 4245/4245/2186 4244/4244/2185
f 4258/4258/2198 4259/4259/2199 4246/4246/2187
f 4258/4258/2198 4246/4246/2187 4245/4245/2186
f 4259/4259/2199 4260/4260/2200 4247/4247/2188
f 4259/4259/2199 4247/4247/2188 4246/4246/2187
f 4260/4260/2200 4261/4261/2201 4248/4248/2189
f 4260/4260/2200 4248/4248/2189 4247/4247/2188
f 4261/4261/2201 4262/4262/2202 4249/4249/2190
f 4261/4261/2201 4249/4249/2190 4248/4248/2189
f 4262/4262/2202 4263/4263/2203 4250/4250/2191
f 4262/4262/2202 4250/4250/2191 4249/4249/2190
f 4263/4263/2203 4264/4264/2204 4251/4251/2192
f 4263/4263/2203 4251/4251/2192 4250/4250/2191
f 4264/4264/2204 4265/4265/2205 4252/4252/2193
f 4264/4264/2204 4252/4252/2193 4251/4251/2192
f 4265/4265/2205 4266/4266/2206 4253/4253/2194
f 4265/4265/2205 4253/4253/2194 4252/4252/2193
f 4266/4266/2206 4267/4267/2207 4254/4254/2195
f 4266/4266/2206 4254/4254/2195 4253/4253/2194
f 4267/4267/2207 4268/4268/2196 4255/4255/2184
f 4267/4267/2207 4255/4255/2184 4254/4254/2195
f 4269/4269/2208 4270/4270/2209 4257/4257/2197
f 4269/4269/2208 4257/4257/2197 4256/4256/2196
f 4270/4270/2209 4271/4271/2210 4258/4258/2198
f 4270/4270/2209 4258/4258/2198 4257/4257/2197
f 4271/4271/2210 4272/4272/2211 4259/4259/2199
f 4271/4271/2210 4259/4259/2199 4258/4258/2198
f 4272/4272/2211 4273/4273/2212 4260/4260/2200
f 4272/4272/2211 4260/4260/2200 4259/4259/2199
f 4273/4273/2212 4274/4274/2213 4261/4261/2201
f 4273/4273/2212 4261/4261/2201 4260/4260/2200
f 4274/4274/2213 4275/4275/2214 4262/4262/2202
f 4274/4274/2213 4262/4262/2202 4261/4261/2201
f 4275/4275/2214 4276/4276/2215 4263/4263/2203
f 4275/4275/2214 4263/4263/2203 4262/4262/2202
f 4276/4276/2215 4277/4277/2216 4264/4264/2204
f 4276/4276/2215 4264/4264/2204 4263/4263/2203
f 4277/4277/2216 4278/4278/2217 4265/4265/2205
f 4277/4277/2216 4265/4265/2205 4264/4264/2204
f 4278/4278/2217 4279/4279/2218 4266/4266/2206
f 4278/4278/2217 4266/4266/2206 4265/4265/2205
f 4279/4279/2218 4280/4280/2219 4267/4267/2207
f 4279/4279/2218 4267/4267/2207 4266/4266/2206
f 4280/4280/2219 4281/4281/2208 4268/4268/2196
f 4280/4280/2219 4268/4268/2196 4267/4267/2207
f 4282/4282/2220 4283/4283/2221 4270/4270/2209
f 4282/4282/2220 4270/4270/2209 4269/4269/2208
f 4283/4283/2221 4284/4284/2222 4271/4271/2210
f 4283/4283/2221 4271/4271/2210 4270/4270/2209
f 4284/4284/2222 4285/4285/2223 4272/4272/2211
f 4284/4284/2222 4272/4272/2211 4271/4271/2210
f 4285/4285/2223 4286/4286/2224 4273/4273/2212
f 4285/4285/2223 4273/4273/2212 4272/4272/2211
f 4286/4286/2224 4287/4287/2225 4274/4274/2213
f 4286/4286/2224 4274/4274/2213 4273/4273/2212
f 4287/4287/2225 4288/4288/2226 4275/4275/2214
f 4287/4287/2225 4275/4275/2214 4274/4274/2213
f 4288/4288/2226 4289/4289/2227 4276/4276/2215
f 4288/4288/2226 4276/4276/2215 4275/4275/2214
f 4289/4289/2227 4290/4290/2228 4277/4277/2216
f 4289/4289/2227 4277/4277/2216 4276/4276/2215
f 4290/4290/2228 4291/4291/2229 4278/4278/2217
f 4290/4290/2228 4278/4278/2217 4277/4277/2216
f 4291/4291/2229 4292/4292/2230 4279/4279/2218
f 4291/4291/2229 4279/4279/2218 4278/4278/2217
f 4292/4292/2230 4293/4293/2231 4280/4280/2219
f 4292/4292/2230 4280/4280/2219 4279/4279/2218
f 4293/4293/2231 4294/4294/2220 4281/4281/2208
f 4293/4293/2231 4281/4281/2208 4280/4280/2219
f 4295/4295/2232 4296/4296/2233 4283/4283/2221
f 4295/4295/2232 4283/4283/2221 4282/4282/2220
f 4296/4296/2233 4297/4297/2234 4284/4284/2222
f 4296/4296/2233 4284/4284/2222 4283/4283/2221
f 4297/4297/2234 4298/4298/2235 4285/4285/2223
f 4297/4297/2234 4285/4285/2223 4284/4284/2222
f 4298/4298/2235 4299/4299/2236 4286/4286/2224
f 4298/4298/2235 4286/4286/2224 4285/4285/2223
f 4299/4299/2236 4300/4300/2237 4287/4287/2225
f 4299/4299/2236 4287/4287/2225 4286/4286/2224
f 4300/4300/2237 4301/4301/2238 4288/4288/2226
f 4300/4300/2237 4288/4288/2226 4287/4287/2225
f 4301/4301/2238 4302/4302/2239 4289/4289/2227
f 4301/4301/2238 4289/4289/2227 4288/4288/2226
f 4302/4302/2239 4303/4303/2240 4290/4290/2228
f 4302/4302/2239 4290/4290/2228 4289/4289/2227
f 4303/4303/2240 4304/4304/2241 4291/4291/2229
f 4303/4303/2240 4291/4291/2229 4290/4290/2228
f 4304/4304/2241 4305/4305/2242 4292/4292/2230
f 4304/4304/2241 4292/4292/2230 4291/4291/2229
f 4305/4305/2242 4306/4306/2243 4293/4293/2231
f 4305/4305/2242 4293/4293/2231 4292/4292/2230
f 4306/4306/2243 4307/4307/2232 4294/4294/2220
f 4306/4306/2243 4294/4294/2220 4293/4293/2231
f 4308/4308/2244 4309/4309/2245 4296/4296/2233
f 4308/4308/2244 4296/4296/2233 4295/4295/2232
f 4309/4309/2245 4310/4310/2246 4297/4297/2234
f 4309/4309/2245 4297/4297/2234 4296/4296/2233
f 4310/4310/2246 4311/4311/2247 4298/4298/2235
f 4310/4310/2246 4298/4298/2235 4297/4297/2234
f 4311/4311/2247 4312/4312/2248 4299/4299/2236
f 4311/4311/2247 4299/4299/2236 4298/4298/2235
f 4312/4312/2248 4313/4313/2249 4300/4300/2237
f 4312/4312/2248 4300/4300/2237 4299/4299/2236
f 4313/4313/2249 4314/4314/2250 4301/4301/2238
f 4313/4313/2249 4301/4301/2238 4300/4300/2237
f 4314/4314/2250 4315/4315/2251 4302/4302/2239
f 4314/4314/2250 4302/4302/2239 4301/4301/2238
f 4315/4315/2251 4316/4316/2252 4303/4303/2240
f 4315/4315/2251 4303/4303/2240 4302/4302/2239
f 4316/4316/2252 4317/4317/2253 4304/4304/2241
f 4316/4316/2252 4304/4304/2241 4303/4303/2240
f 4317/4317/2253 4318/4318/2254 4305/4305/2242
f 4317/4317/2253 4305/4305/2242 4304/4304/2241
f 4318/4318/2254 4319/4319/2255 4306/4306/2243
f 4318/4318/2254 4306/4306/2243 4305/4305/2242
f 4319/4319/2255 4320/4320/2244 4307/4307/2232
f 4319/4319/2255 4307/4307/2232 4306/4306/2243
f 4321/4321/2256 4322/4322/2257 4309/4309/2245
f 4321/4321/2256 4309/4309/2245 4308/4308/2244
f 4322/4322/2257 4323/4323/2258 4310/4310/2246
f 4322/4322/2257 4310/4310/2246 4309/4309/2245
f 4323/4323/2258 4324/4324/2259 4311/4311/2247
f 4323/4323/2258 4311/4311/2247 4310/4310/2246
f 4324/4324/2259 4325/4325/2260 4312/4312/2248
f 4324/4324/2259 4312/4312/2248 4311/4311/2247
f 4325/4325/2260 4326/4326/2261 4313/4313/2249
f 4325/4325/2260 4313/4313/2249 4312/4312/2248
f 4326/4326/2261 4327/4327/2262 4314/4314/2250
f 4326/4326/2261 4314/4314/2250 4313/4313/2249
f 4327/4327/2262 4328/4328/2263 4315/4315/2251
f 4327/4327/2262 4315/4315/2251 4314/4314/2250
f 4328/4328/2263 4329/4329/2264 4316/4316/2252
f 4328/4328/2263 4316/4316/2252 4315/4315/2251
f 4329/4329/2264 4330/4330/2265 4317/4317/2253
f 4329/4329/2264 4317/4317/2253 4316/4316/2252
f 4330/4330/2265 4331/4331/2266 4318/4318/2254
f 4330/4330/2265 4318/4318/2254 4317/4317/2253
f 4331/4331/2266 4332/4332/2267 4319/4319/2255
f 4331/4331/2266 4319/4319/2255 4318/4318/2254
f 4332/4332/2267 4333/4333/2256 4320/4320/2244
f 4332/4332/2267 4320/4320/2244 4319/4319/2255
f 4334/4334/2268 4335/4335/2269 4322/4322/2257
f 4334/4334/2268 4322/4322/2257 4321/4321/2256
f 4335/4335/2269 4336/4336/2270 4323/4323/2258
f 4335/4335/2269 4323/4323/2258 4322/4322/2257
f 4336/4336/2270 4337/4337/2271 4324/4324/2259
f 4336/4336/2270 4324/4324/2259 4323/4323/2258
f 4337/4337/2271 4338/4338/2272 4325/4325/2260
f 4337/4337/2271 4325/4325/2260 4324/4324/2259
f 4338/4338/2272 4339/4339/2273 4326/4326/2261
f 4338/4338/2272 4326/4326/2261 4325/4325/2260
f 4339/4339/2273 4340/4340/2274 4327/4327/2262
f 4339/4339/2273 4327/4327/2262 4326/4326/2261
f 4340/4340/2274 4341/4341/2275 4328/4328/2263
f 4340/4340/2274 4328/4328/2263 4327/4327/2262
f 4341/4341/2275 4342/4342/2276 4329/4329/2264
f 4341/4341/2275 4329/4329/2264 4328/4328/2263
f 4342/4342/2276 4343/4343/2277 4330/4330/2265
f 4342/4342/2276 4330/4330/2265 4329/4329/2264
f 4343/4343/2277 4344/4344/2278 4331/4331/2266
f 4343/4343/2277 4331/4331/2266 4330/4330/2265
f 4344/4344/2278 4345/4345/2279 4332/4332/2267
f 4344/4344/2278 4332/4332/2267 4331/4331/2266
f 4345/4345/2279 4346/4346/2268 4333/4333/2256
f 4345/4345/2279 4333/4333/2256 4332/4332/2267
f 4347/4347/2280 4348/4348/2281 4335/4335/2269
f 4347/4347/2280 4335/4335/2269 4334/4334/2268
f 4348/4348/2281 4349/4349/2282 4336/4336/2270
f 4348/4348/2281 4336/4336/2270 4335/4335/2269
f 4349/4349/2282 4350/4350/2283 4337/4337/2271
f 4349/4349/2282 4337/4337/2271 4336/4336/2270
f 4350/4350/2283 4351/4351/2284 4338/4338/2272
f 4350/4350/2283 4338/4338/2272 4337/4337/2271
f 4351/4351/2284 4352/4352/2285 4339/4339/2273
f 4351/4351/2284 4339/4339/2273 4338/4338/2272
f 4352/4352/2285 4353/4353/2286 4340/4340/2274
f 4352/4352/2285 4340/4340/2274 4339/4339/2273
f 4353/4353/2286 4354/4354/2287 4341/4341/2275
f 4353/4353/2286 4341/4341/2275 4340/4340/2274
f 4354/4354/2287 4355/4355/2288 4342/4342/2276
f 4354/4354/2287 4342/4342/2276 4341/4341/2275
f 4355/4355/2288 4356/4356/2289 4343/4343/2277
f 4355/4355/2288 4343/4343/2277 4342/4342/2276
f 4356/4356/2289 4357/4357/2290 4344/4344/2278
f 4356/4356/2289 4344/4344/2278 4343/4343/2277
f 4357/4357/2290 4358/4358/2291 4345/4345/2279
f 4357/4357/2290 4345/4345/2279 4344/4344/2278
f 4358/4358/2291 4359/4359/2280 4346/4346/2268
f 4358/4358/2291 4346/4346/2268 4345/4345/2279
f 4360/4360/2292 4361/4361/2293 4348/4348/2281
f 4360/4360/2292 4348/4348/2281 4347/4347/2280
f 4361/4361/2293 4362/4362/2294 4349/4349/2282
f 4361/4361/2293 4349/4349/2282 4348/4348/2281
f 4362/4362/2294 4363/4363/2295 4350/4350/2283
f 4362/4362/2294 4350/4350/2283 4349/4349/2282
f 4363/4363/2295 4364/4364/2296 4351/4351/2284
f 4363/4363/2295 4351/4351/2284 4350/4350/2283
f 4364/4364/2296 4365/4365/2297 4352/4352/2285
f 4364/4364/2296 4352/4352/2285 4351/4351/2284
f 4365/4365/2297 4366/4366/2298 4353/4353/2286
f 4365/4365/2297 4353/4353/2286 4352/4352/2285
f 4366/4366/2298 4367/4367/2299 4354/4354/2287
f 4366/4366/2298 4354/4354/2287 4353/4353/2286
f 4367/4367/2299 4368/4368/2300 4355/4355/2288
f 4367/4367/2299 4355/4355/2288 4354/4354/2287
f 4368/4368/2300 4369/4369/2301 4356/4356/2289
f 4368/4368/2300 4356/4356/2289 4355/4355/2288
f 4369/4369/2301 4370/4370/2302 4357/4357/2290
f 4369/4369/2301 4357/4357/2290 4356/4356/2289
f 4370/4370/2302 4371/4371/2303 4358/4358/2291
f 4370/4370/2302 4358/4358/2291 4357/4357/2290
f 4371/4371/2303 4372/4372/2292 4359/4359/2280
f 4371/4371/2303 4359/4359/2280 4358/4358/2291
f 4373/4373/2304 4374/4374/2305 4361/4361/2293
f 4373/4373/2304 4361/4361/2293 4360/4360/2292
f 4374/4374/2305 4375/4375/2306 4362/4362/2294
f 4374/4374/2305 4362/4362/2294 4361/4361/2293
f 4375/4375/2306 4376/4376/2307 4363/4363/2295
f 4375/4375/2306 4363/4363/2295 4362/4362/2294
f 4376/4376/2307 4377/4377/2308 4364/4364/2296
f 4376/4376/2307 4364/4364/2296 4363/4363/2295
f 4377/4377/2308 4378/4378/2309 4365/4365/2297
f 4377/4377/2308 4365/4365/2297 4364/4364/2296
f 4378/4378/2309 4379/4379/2310 4366/4366/2298
f 4378/4378/2309 4366/4366/2298 4365/4365/2297
f 4379/4379/2310 4380/4380/2311 4367/4367/2299
f 4379/4379/2310 4367/4367/2299 4366/4366/2298
f 4380/4380/2311 4381/4381/2312 4368/4368/2300
f 4380/4380/2311 4368/4368/2300 4367/4367/2299
f 4381/4381/2312 4382/4382/2313 4369/4369/2301
f 4381/4381/2312 4369/4369/2301 4368/4368/2300
f 4382/4382/2313 4383/4383/2314 4370/4370/2302
f 4382/4382/2313 4370/4370/2302 4369/4369/2301
f 4383/4383/2314 4384/4384/2315 4371/4371/2303
f 4383/4383/2314 4371/4371/2303 4370/4370/2302
f 4384/4384/2315 4385/4385/2304 4372/4372/2292
f 4384/4384/2315 4372/4372/2292 4371/4371/2303
f 4386/4386/2316 4387/4387/2317 4374/4374/2305
f 4386/4386/2316 4374/4374/2305 4373/4373/2304
f 4387/4387/2317 4388/4388/2318 4375/4375/2306
f 4387/4387/2317 4375/4375/2306 4374/4374/2305
f 4388/4388/2318 4389/4389/2319 4376/4376/2307
f 4388/4388/2318 4376/4376/2307 4375/4375/2306
f 4389/4389/2319 4390/4390/2320 4377/4377/2308
f 4389/4389/2319 4377/4377/2308 4376/4376/2307
f 4390/4390/2320 4391/4391/2321 4378/4378/2309
f 4390/4390/2320 4378/4378/2309 4377/4377/2308
f 4391/4391/2321 4392/4392/2322 4379/4379/2310
f 4391/4391/2321 4379/4379/2310 4378/4378/2309
f 4392/4392/2322 4393/4393/2323 4380/4380/2311
f 4392/4392/2322 4380/4380/2311 4379/4379/2310
f 4393/4393/2323 4394/4394/2324 4381/4381/2312
f 4393/4393/2323 4381/4381/2312 4380/4380/2311
f 4394/4394/2324 4395/4395/2325 4382/4382/2313
f 4394/4394/2324 4382/4382/2313 4381/4381/2312
f 4395/4395/2325 4396/4396/2326 4383/4383/2314
f 4395/4395/2325 4383/4383/2314 4382/4382/2313
f 4396/4396/2326 4397/4397/2327 4384/4384/2315
f 4396/4396/2326 4384/4384/2315 4383/4383/2314
f 4397/4397/2327 4398/4398/2316 4385/4385/2304
f 4397/4397/2327 4385/4385/2304 4384/4384/2315
f 4399/4399/2328 4400/4400/2329 4387/4387/2317
f 4399/4399/2328 4387/4387/2317 4386/4386/2316
f 4400/4400/2329 4401/4401/2330 4388/4388/2318
f 4400/4400/2329 4388/4388/2318 4387/4387/2317
f 4401/4401/2330 4402/4402/2331 4389/4389/2319
f 4401/4401/2330 4389/4389/2319 4388/4388/2318
f 4402/4402/2331 4403/4403/2332 4390/4390/2320
f 4402/4402/2331 4390/4390/2320 4389/4389/2319
f 4403/4403/2332 4404/4404/2333 4391/4391/2321
f 4403/4403/2332 4391/4391/2321 4390/4390/2320
f 4404/4404/2333 4405/4405/2334 4392/4392/2322
f 4404/4404/2333 4392/4392/2322 4391/4391/2321
f 4405/4405/2334 4406/4406/2335 4393/4393/2323
f 4405/4405/2334 4393/4393/2323 4392/4392/2322
f 4406/4406/2335 4407/4407/2336 4394/4394/2324
f 4406/4406/2335 4394/4394/2324 4393/4393/2323
f 4407/4407/2336 4408/4408/2337 4395/4395/2325
f 4407/4407/2336 4395/4395/2325 4394/4394/2324
f 4408/4408/2337 4409/4409/2338 4396/4396/2326
f 4408/4408/2337 4396/4396/2326 4395/4395/2325
f 4409/4409/2338 4410/4410/2339 4397/4397/2327
f 4409/4409/2338 4397/4397/2327 4396/4396/2326
f 4410/4410/2339 4411/4411/2328 4398/4398/2316
f 4410/4410/2339 4398/4398/2316 4397/4397/2327
f 4412/4412/2340 4413/4413/2341 4400/4400/2329
f 4412/4412/2340 4400/4400/2329 4399/4399/2328
f 4413/4413/2341 4414/4414/2342 4401/4401/2330
f 4413/4413/2341 4401/4401/2330 4400/4400/2329
f 4414/4414/2342 4415/4415/2343 4402/4402/2331
f 4414/4414/2342 4402/4402/2331 4401/4401/2330
f 4415/4415/2343 4416/4416/2344 4403/4403/2332
f 4415/4415/2343 4403/4403/2332 4402/4402/2331
f 4416/4416/2344 4417/4417/2345 4404/4404/2333
f 4416/4416/2344 4404/4404/2333 4403/4403/2332
f 4417/4417/2345 4418/4418/2346 4405/4405/2334
f 4417/4417/2345 4405/4405/2334 4404/4404/2333
f 4418/4418/2346 4419/4419/2347 4406/4406/2335
f 4418/4418/2346 4406/4406/2335 4405/4405/2334
f 4419/4419/2347 4420/4420/2348 4407/4407/2336
f 4419/4419/2347 4407/4407/2336 4406/4406/2335
f 4420/4420/2348 4421/4421/2349 4408/4408/2337
f 4420/4420/2348 4408/4408/2337 4407/4407/2336
f 4421/4421/2349 4422/4422/2350 4409/4409/2338
f 4421/4421/2349 4409/4409/2338 4408/4408/2337
f 4422/4422/2350 4423/4423/2351 4410/4410/2339
f 4422/4422/2350 4410/4410/2339 4409/4409/2338
f 4423/4423/2351 4424/4424/2340 4411/4411/2328
f 4423/4423/2351 4411/4411/2328 4410/4410/2339
f 3829/3829/927 3177/3177/1596 4413/4413/2341
f 3829/3829/927 4413/4413/2341 4412/4412/2340
f 3177/3177/1596 3176/3176/1595 4414/4414/2342
f 3177/3177/1596 4414/4414/2342 4413/4413/2341
f 3176/3176/1595 2928/2928/1470 4415/4415/2343
f 3176/3176/1595 4415/4415/2343 4414/4414/2342
f 2928/2928/1470 2927/2927/1469 4416/4416/2344
f 2928/2928/1470 4416/4416/2344 4415/4415/2343
f 2927/2927/1469 2038/2038/934 4417/4417/2345
f 2927/2927/1469 4417/4417/2345 4416/4416/2344
f 2038/2038/934 2037/2037/933 4418/4418/2346
f 2038/2038/934 4418/4418/2346 4417/4417/2345
f 2037/2037/933 2036/2036/932 4419/4419/2347
f 2037/2037/933 4419/4419/2347 4418/4418/2346
f 2036/2036/932 2035/2035/931 4420/4420/2348
f 2036/2036/932 4420/4420/2348 4419/4419/2347
f 2035/2035/931 2034/2034/930 4421/4421/2349
f 2035/2035/931 4421/4421/2349 4420/4420/2348
f 2034/2034/930 2033/2033/929 4422/4422/2350
f 2034/2034/930 4422/4422/2350 4421/4421/2349
f 2033/2033/929 2032/2032/928 4423/4423/2351
f 2033/2033/929 4423/4423/2351 4422/4422/2350
f 2032/2032/928 2031/2031/927 4424/4424/2340
f 2032/2032/928 4424/4424/2340 4423/4423/2351
f 156/156/117 4425/4425/2352 4426/4426/2352
f 156/156/117 4426/4426/2352 157/157/118
f 4427/4427/2353 4428/4428/2353 4429/4429/2354
f 4427/4427/2353 4429/4429/2354 4430/4430/2354
f 4425/4425/2352 4431/4431/2355 4432/4432/2355
f 4425/4425/2352 4432/4432/2355 4426/4426/2352
f 4429/4429/2354 153/153/114 155/155/116
f 4429/4429/2354 155/155/116 4430/4430/2354
f 4433/4433/123 4432/4432/123 4431/4431/123
f 4433/4433/123 4431/4431/123 4434/4434/123
f 4435/4435/123 4428/4428/123 4427/4427/123
f 4435/4435/123 4427/4427/123 4436/4436/123
f 4437/4437/115 4438/4438/115 4439/4439/115
f 4437/4437/115 4439/4439/115 4440/4440/115
f 4441/4441/119 4442/4442/119 4443/4443/119
f 4441/4441/119 4443/4443/119 4444/4444/119
f 4441/4441/2356 4444/4444/249 4438/4438/251
f 4441/4441/2356 4438/4438/251 4437/4437/2356
f 506/506/65 1433/1433/65 459/459/65
f 506/506/65 459/459/65 504/504/65
f 509/509/65 467/467/65 466/466/65
f 509/509/65 466/466/65 507/507/65
f 1413/1413/599 461/461/251 468/468/253
f 1413/1413/599 468/468/253 1411/1411/599
f 1416/1416/601 1434/1434/603 460/460/249
f 1416/1416/601 460/460/249 1414/1414/601
f 4439/4439/2357 4433/4433/2357 4434/4434/2357
f 4439/4439/2357 4434/4434/2357 4440/4440/2357
f 4442/4442/2358 4435/4435/2358 4436/4436/2358
f 4442/4442/2358 4436/4436/2358 4443/4443/2358
f 4445/4445/2359 4446/4446/2359 4447/4447/123
f 4445/4445/2359 4447/4447/123 4448/4448/123
f 4449/4449/2360 3195/3195/2360 3246/3246/2361
f 4449/4449/2360 3246/3246/2361 4450/4450/2361
f 4451/4451/2362 4452/4452/2362 4446/4446/2359
f 4451/4451/2362 4446/4446/2359 4445/4445/2359
f 4453/4453/2363 3196/3196/2363 3195/3195/2360
f 4453/4453/2363 3195/3195/2360 4449/4449/2360
f 4454/4454/2364 4455/4455/2364 4452/4452/2362
f 4454/4454/2364 4452/4452/2362 4451/4451/2362
f 4456/4456/2365 3198/3198/2365 3196/3196/2363
f 4456/4456/2365 3196/3196/2363 4453/4453/2363
f 4457/4457/2366 4458/4458/2366 4455/4455/2364
f 4457/4457/2366 4455/4455/2364 4454/4454/2364
f 4459/4459/2367 3222/3222/2367 3198/3198/2365
f 4459/4459/2367 3198/3198/2365 4456/4456/2365
f 4460/4460/2368 4461/4461/2368 4458/4458/2366
f 4460/4460/2368 4458/4458/2366 4457/4457/2366
f 4462/4462/2369 3224/3224/2369 3222/3222/2367
f 4462/4462/2369 3222/3222/2367 4459/4459/2367
f 4463/4463/2370 4464/4464/2370 4461/4461/2368
f 4463/4463/2370 4461/4461/2368 4460/4460/2368
f 4465/4465/2371 3226/3226/2371 3224/3224/2369
f 4465/4465/2371 3224/3224/2369 4462/4462/2369
f 4466/4466/2372 4467/4467/2372 4464/4464/2370
f 4466/4466/2372 4464/4464/2370 4463/4463/2370
f 4468/4468/2373 3228/3228/2373 3226/3226/2371
f 4468/4468/2373 3226/3226/2371 4465/4465/2371
f 4469/4469/1 4470/4470/1 4467/4467/2372
f 4469/4469/1 4467/4467/2372 4466/4466/2372
f 4471/4471/2374 3230/3230/2374 3228/3228/2373
f 4471/4471/2374 3228/3228/2373 4468/4468/2373
f 4472/4472/2375 4473/4473/2375 4470/4470/1
f 4472/4472/2375 4470/4470/1 4469/4469/1
f 4474/4474/2376 3232/3232/2376 3230/3230/2374
f 4474/4474/2376 3230/3230/2374 4471/4471/2374
f 4475/4475/2377 4476/4476/2377 4477/4477/2375
f 4475/4475/2377 4477/4477/2375 4478/4478/2375
f 4479/4479/2378 3234/3234/2378 3232/3232/2376
f 4479/4479/2378 3232/3232/2376 4474/4474/2376
f 4480/4480/2379 4481/4481/2379 4476/4476/2377
f 4480/4480/2379 4476/4476/2377 4475/4475/2377
f 4482/4482/2380 3236/3236/2380 3234/3234/2378
f 4482/4482/2380 3234/3234/2378 4479/4479/2378
f 4483/4483/2381 4484/4484/2381 4481/4481/2379
f 4483/4483/2381 4481/4481/2379 4480/4480/2379
f 4485/4485/2382 3238/3238/2382 3236/3236/2380
f 4485/4485/2382 3236/3236/2380 4482/4482/2380
f 4486/4486/2383 4487/4487/2383 4484/4484/2381
f 4486/4486/2383 4484/4484/2381 4483/4483/2381
f 4488/4488/2384 3240/3240/2384 3238/3238/2382
f 4488/4488/2384 3238/3238/2382 4485/4485/2382
f 4489/4489/2385 4490/4490/2385 4487/4487/2383
f 4489/4489/2385 4487/4487/2383 4486/4486/2383
f 4491/4491/2386 3242/3242/2386 3240/3240/2384
f 4491/4491/2386 3240/3240/2384 4488/4488/2384
f 4492/4492/2387 4493/4493/2387 4490/4490/2385
f 4492/4492/2387 4490/4490/2385 4489/4489/2385
f 4494/4494/2388 3244/3244/2388 3242/3242/2386
f 4494/4494/2388 3242/3242/2386 4491/4491/2386
f 4448/4448/123 4447/4447/123 4493/4493/2387
f 4448/4448/123 4493/4493/2387 4492/4492/2387
f 4450/4450/2361 3246/3246/2361 3244/3244/2388
f 4450/4450/2361 3244/3244/2388 4494/4494/2388
f 4495/4495/2389 4496/4496/2389 4497/4497/123
f 4495/4495/2389 4497/4497/123 4498/4498/123
f 4499/4499/2390 1468/1468/2390 1453/1453/2391
f 4499/4499/2390 1453/1453/2391 4500/4500/2391
f 4501/4501/2392 4502/4502/2392 4496/4496/2389
f 4501/4501/2392 4496/4496/2389 4495/4495/2389
f 4503/4503/2393 1467/1467/2393 1468/1468/2390
f 4503/4503/2393 1468/1468/2390 4499/4499/2390
f 4504/4504/2394 4505/4505/2394 4502/4502/2392
f 4504/4504/2394 4502/4502/2392 4501/4501/2392
f 4506/4506/2395 1466/1466/2395 1467/1467/2393
f 4506/4506/2395 1467/1467/2393 4503/4503/2393
f 4507/4507/2396 4508/4508/2396 4505/4505/2394
f 4507/4507/2396 4505/4505/2394 4504/4504/2394
f 4509/4509/2397 1465/1465/2397 1466/1466/2395
f 4509/4509/2397 1466/1466/2395 4506/4506/2395
f 4510/4510/2398 4511/4511/2398 4508/4508/2396
f 4510/4510/2398 4508/4508/2396 4507/4507/2396
f 4512/4512/2399 1464/1464/2399 1465/1465/2397
f 4512/4512/2399 1465/1465/2397 4509/4509/2397
f 4513/4513/2400 4514/4514/2400 4511/4511/2398
f 4513/4513/2400 4511/4511/2398 4510/4510/2398
f 4515/4515/2401 1463/1463/2401 1464/1464/2399
f 4515/4515/2401 1464/1464/2399 4512/4512/2399
f 4516/4516/2402 4517/4517/2402 4514/4514/2400
f 4516/4516/2402 4514/4514/2400 4513/4513/2400
f 4518/4518/2403 1462/1462/2403 1463/1463/2401
f 4518/4518/2403 1463/1463/2401 4515/4515/2401
f 4519/4519/1 4520/4520/1 4521/4521/2402
f 4519/4519/1 4521/4521/2402 4522/4522/2402
f 4523/4523/2404 1461/1461/2404 1462/1462/2403
f 4523/4523/2404 1462/1462/2403 4518/4518/2403
f 4524/4524/2405 4525/4525/2405 4520/4520/1
f 4524/4524/2405 4520/4520/1 4519/4519/1
f 4526/4526/2406 1460/1460/2406 1461/1461/2404
f 4526/4526/2406 1461/1461/2404 4523/4523/2404
f 4527/4527/2407 4528/4528/2407 4525/4525/2405
f 4527/4527/2407 4525/4525/2405 4524/4524/2405
f 4529/4529/2408 1459/1459/2408 1460/1460/2406
f 4529/4529/2408 1460/1460/2406 4526/4526/2406
f 4530/4530/2409 4531/4531/2409 4528/4528/2407
f 4530/4530/2409 4528/4528/2407 4527/4527/2407
f 4532/4532/2410 1458/1458/2410 1459/1459/2408
f 4532/4532/2410 1459/1459/2408 4529/4529/2408
f 4533/4533/2411 4534/4534/2411 4531/4531/2409
f 4533/4533/2411 4531/4531/2409 4530/4530/2409
f 4535/4535/2412 1457/1457/2412 1458/1458/2410
f 4535/4535/2412 1458/1458/2410 4532/4532/2410
f 4536/4536/2413 4537/4537/2413 4534/4534/2411
f 4536/4536/2413 4534/4534/2411 4533/4533/2411
f 4538/4538/2414 1456/1456/2414 1457/1457/2412
f 4538/4538/2414 1457/1457/2412 4535/4535/2412
f 4539/4539/2415 4540/4540/2415 4537/4537/2413
f 4539/4539/2415 4537/4537/2413 4536/4536/2413
f 4541/4541/2416 1455/1455/2416 1456/1456/2414
f 4541/4541/2416 1456/1456/2414 4538/4538/2414
f 4542/4542/2417 4543/4543/2417 4540/4540/2415
f 4542/4542/2417 4540/4540/2415 4539/4539/2415
f 4544/4544/2418 1452/1452/2418 1455/1455/2416
f 4544/4544/2418 1455/1455/2416 4541/4541/2416
f 4498/4498/123 4497/4497/123 4543/4543/2417
f 4498/4498/123 4543/4543/2417 4542/4542/2417
f 4500/4500/2391 1453/1453/2391 1452/1452/2418
f 4500/4500/2391 1452/1452/2418 4544/4544/2418
f 4545/4545/2419 4546/4546/2420 4547/4547/2420
f 4545/4545/2419 4547/4547/2420 4548/4548/2419
f 4549/4549/119 4550/4550/2421 4551/4551/2421
f 4549/4549/119 4551/4551/2421 4552/4552/119
f 4553/4553/2422 4554/4554/2423 4555/4555/2423
f 4553/4553/2422 4555/4555/2423 4556/4556/2422
f 4557/4557/2424 4558/4558/2425 4559/4559/2425
f 4557/4557/2424 4559/4559/2425 4560/4560/2424
f 4561/4561/2426 4562/4562/2426 4563/4563/2427
f 4561/4561/2426 4563/4563/2427 4564/4564/2427
f 4565/4565/2428 4566/4566/2428 4567/4567/2429
f 4565/4565/2428 4567/4567/2429 4568/4568/2429
f 4569/4569/2430 4570/4570/2430 4571/4571/2431
f 4569/4569/2430 4571/4571/2431 4572/4572/2431
f 4573/4573/123 4574/4574/123 4562/4562/2426
f 4573/4573/123 4562/4562/2426 4561/4561/2426
f 4575/4575/2432 4576/4576/2432 4566/4566/2428
f 4575/4575/2432 4566/4566/2428 4565/4565/2428
f 4577/4577/1 4578/4578/1 4579/4579/2433
f 4577/4577/1 4579/4579/2433 4580/4580/2433
f 4581/4581/115 4582/4582/2434 4583/4583/2434
f 4581/4581/115 4583/4583/2434 4584/4584/115
f 4546/4546/2420 4585/4585/2435 4586/4586/2435
f 4546/4546/2420 4586/4586/2435 4547/4547/2420
f 4587/4587/2436 4588/4588/2436 4589/4589/1
f 4587/4587/2436 4589/4589/1 4590/4590/1
f 4591/4591/2437 4592/4592/2437 4576/4576/2432
f 4591/4591/2437 4576/4576/2432 4575/4575/2432
f 4568/4568/2429 4567/4567/2429 4555/4555/2423
f 4568/4568/2429 4555/4555/2423 4554/4554/2423
f 4593/4593/2438 4564/4564/2427 4563/4563/2427
f 4593/4593/2438 4563/4563/2427 4594/4594/2438
f 4553/4553/2422 4556/4556/2422 4595/4595/2439
f 4553/4553/2422 4595/4595/2439 4596/4596/2439
f 4580/4580/2433 4579/4579/2433 4597/4597/2440
f 4580/4580/2433 4597/4597/2440 4598/4598/2440
f 4596/4596/2439 4595/4595/2439 4574/4574/123
f 4596/4596/2439 4574/4574/123 4573/4573/123
f 4559/4559/2425 4558/4558/2425 4588/4588/2436
f 4559/4559/2425 4588/4588/2436 4587/4587/2436
f 4599/4599/2441 4545/4545/2419 4548/4548/2419
f 4599/4599/2441 4548/4548/2419 4600/4600/2441
f 4601/4601/2442 4602/4602/123 4603/4603/123
f 4601/4601/2442 4603/4603/123 4604/4604/2442
f 4605/4605/2443 4601/4601/2442 4604/4604/2442
f 4605/4605/2443 4604/4604/2442 4606/4606/2443
f 4607/4607/2444 4605/4605/2443 4606/4606/2443
f 4607/4607/2444 4606/4606/2443 4608/4608/2444
f 4609/4609/2445 4607/4607/2444 4608/4608/2444
f 4609/4609/2445 4608/4608/2444 4610/4610/2445
f 4585/4585/2435 4611/4611/2446 4612/4612/2446
f 4585/4585/2435 4612/4612/2446 4586/4586/2435
f 4613/4613/2447 4609/4609/2445 4610/4610/2445
f 4613/4613/2447 4610/4610/2445 4614/4614/2447
f 4615/4615/2448 4613/4613/2447 4614/4614/2447
f 4615/4615/2448 4614/4614/2447 4616/4616/2448
f 4602/4602/123 4599/4599/2441 4600/4600/2441
f 4602/4602/123 4600/4600/2441 4603/4603/123
f 4550/4550/2421 4615/4615/2448 4616/4616/2448
f 4550/4550/2421 4616/4616/2448 4551/4551/2421
f 4617/4617/2449 4583/4583/2434 4582/4582/2434
f 4617/4617/2449 4582/4582/2434 4618/4618/2449
f 4611/4611/2446 4617/4617/2449 4618/4618/2449
f 4611/4611/2446 4618/4618/2449 4612/4612/2446
f 4619/4619/2450 4620/4620/2450 4572/4572/2431
f 4619/4619/2450 4572/4572/2431 4571/4571/2431
f 4557/4557/2424 4560/4560/2424 4620/4620/2450
f 4557/4557/2424 4620/4620/2450 4619/4619/2450
f 4570/4570/2430 4569/4569/2430 4593/4593/2438
f 4570/4570/2430 4593/4593/2438 4594/4594/2438
f 4591/4591/2437 4598/4598/2440 4597/4597/2440
f 4591/4591/2437 4597/4597/2440 4592/4592/2437
f 1989/1989/56 1988/1988/56 1983/1983/56
f 1989/1989/56 1983/1983/56 1982/1982/56
f 1993/1993/119 4621/4621/119 1986/1986/119
f 1993/1993/119 1986/1986/119 1985/1985/119
f 1986/1986/119 1989/1989/119 1982/1982/119
f 1986/1986/119 1982/1982/119 1985/1985/119
f 4622/4622/2451 4623/4623/2451 4624/4624/2452
f 4622/4622/2451 4624/4624/2452 4625/4625/2452
f 4626/4626/56 4627/4627/56 1991/1991/56
f 4626/4626/56 1991/1991/56 1990/1990/56
f 1972/1972/2453 1971/1971/2453 4623/4623/2451
f 1972/1972/2453 4623/4623/2451 4622/4622/2451
f 1978/1978/893 4628/4628/893 4629/4629/893
f 1978/1978/893 4629/4629/893 1979/1979/893
f 1975/1975/892 1974/1974/892 4630/4630/892
f 1975/1975/892 4630/4630/892 1980/1980/892
f 1987/1987/123 1986/1986/123 4621/4621/123
f 1987/1987/123 4621/4621/123 4631/4631/123
f 1980/1980/56 4630/4630/56 4628/4628/56
f 1980/1980/56 4628/4628/56 1978/1978/56
f 1979/1979/123 4629/4629/123 4632/4632/123
f 1979/1979/123 4632/4632/123 1981/1981/123
# Vertices: 4632, normals: 2453, texture coordinates: 4632, faces: 5864

o obj2
v -1.41394675 1.02056237 16.3154739
v -1.23087168 1.21968765 16.40662623
v -0.86869246 1.21968765 16.40662623
v 1.41394675 1.03658348 17.23825931
v 1.23087168 1.23580221 17.33477326
v 0.86869246 1.23580221 17.33477326
v -0.86869246 6.30368838 18.06516667
v -0.86869246 6.30610621 15.00619133
v -0.86869246 5.31961185 17.33477393
v -0.86869246 5.54530237 18.06516654
v -0.86869246 5.32895026 15.00619117
v -0.86869246 4.86162199 16.40662682
v 0.86869246 1.21968765 16.40662623
v 1.23087168 1.21968765 16.40662623
v 1.41394675 1.02056237 16.3154739
v 0.86869246 6.30610621 15.00619133
v 0.86869246 6.30368838 18.06516667
v 0.86869246 5.31961185 17.33477393
v 0.86869246 5.54530237 18.06516654
v -0.86869246 1.23580221 17.33477326
v -1.23087168 1.23580221 17.33477326
v -1.41394675 1.03658348 17.23825931
v 0.86869246 5.32895026 15.00619117
v 0.86869246 4.86162199 16.40662682
v -0.86869246 1.23580221 17.33477326
v -0.86869246 1.21968765 16.40662623
v -1.10213423 -1.4107357 15.20251871
v -1.33599353 -1.18016826 15.30806379
v 1.33599353 -1.18016826 15.30806379
v 1.10213423 -1.4107357 15.20251871
v -1.10213423 -1.7984254 15.86482186
v -0.80369633 -1.8743455 15.82804119
v 0.80369633 -1.8743455 15.82804119
v 1.10213423 -1.7984254 15.86482186
v -1.41394675 -0.88593115 15.44275424
v -1.41394675 -1.28000999 16.11597225
v -1.41394675 1.03658348 17.23825931
v -1.41394675 1.02056237 16.3154739
v -1.23087168 1.23580221 17.33477326
v -1.23087168 1.21968765 16.40662623
v -0.80369633 -1.48759135 15.1673367
v -0.80369633 -1.8743455 15.82804119
v -1.10213423 -1.7984254 15.86482186
v -1.10213423 -1.4107357 15.20251871
v -1.33599353 -1.5706651 15.97516153
v -1.33599353 -1.18016826 15.30806379
v -0.86869246 5.54530237 18.06516654
v -0.86869246 5.31961185 17.33477393
v 0.86869246 5.31961185 17.33477393
v 0.86869246 5.54530237 18.06516654
v 0.86869246 6.30368838 18.06516667
v -0.86869246 6.30368838 18.06516667
v 1.41394675 1.02056237 16.3154739
v 1.23087168 1.21968765 16.40662623
v 1.23087168 1.23580221 17.33477326
v 1.41394675 1.03658348 17.23825931
v 1.10213423 -1.7984254 15.86482186
v 0.80369633 -1.8743455 15.82804119
v 0.80369633 -1.48759135 15.1673367
v 1.10213423 -1.4107357 15.20251871
v 1.33599353 -1.5706651 15.97516153
v 1.33599353 -1.18016826 15.30806379
v 1.41394675 -1.28000999 16.11597225
v 1.41394675 -0.88593115 15.44275424
v 0.86869246 1.21968765 16.40662623
v 0.86869246 1.23580221 17.33477326
v 0.86869246 6.30610621 15.00619133
v -0.86869246 6.30610621 15.00619133
v -0.86869246 4.86162199 16.40662682
v 0.86869246 4.86162199 16.40662682
v -0.86869246 5.32895026 15.00619117
v 0.86869246 5.32895026 15.00619117
v -1.41394675 -1.28000999 16.11597225
v -1.33599353 -1.5706651 15.97516153
v 1.33599353 -1.5706651 15.97516153
v 1.41394675 -1.28000999 16.11597225
v 0.80369633 -1.48759135 15.1673367
v -0.80369633 -1.48759135 15.1673367
v 1.41394675 -0.88593115 15.44275424
v -1.41394675 -0.88593115 15.44275424
vn 0 0.41623 -0.90926
vn 0 0.41623 -0.90926
vn 0 0.28325 -0.95904
vn 0 -0.43599 0.89995
vn 0 -0.43599 0.89995
vn 0 -0.29735 0.95477
vn -1 0 -0
vn 1 0 -0
vn 0 0.41623 -0.90926
vn 0 0.41623 -0.90926
vn 0 -0.43599 0.89995
vn 0 -0.43599 0.89995
vn -0.99296 -0.10226 -0.05986
vn -0.7334 0.67969 -0.0118
vn -0.13691 -0.85489 -0.50042
vn -0.52183 -0.73619 -0.43094
vn -0.88115 -0.40807 -0.23887
vn 0 0.99985 -0.01736
vn 0 -0.95543 0.29523
vn 0 0 1
vn 0.7334 0.67969 -0.0118
vn 0.52183 -0.73619 -0.43094
vn 0.13691 -0.85489 -0.50042
vn 0.88115 -0.40807 -0.23887
vn 0.99296 -0.10226 -0.05986
vn 0 1 0.00079
vn 0 0 -1
vn 0 -0.94858 -0.31654
vn 0 -0.43599 0.89995
vn 0 -0.43599 0.89995
vn 0 0.41623 -0.90926
vn 0 0.41622 -0.90926
vt 0.31418 0.90661
vt 0.31215 0.90831
vt 0.31215 0.91167
vt 0.82706 0.05967
vt 0.82912 0.06137
vt 0.82912 0.06473
vt 0.82442 0.32159
vt 0.84895 0.30726
vt 0.82566 0.31028
vt 0.82087 0.31551
vt 0.84436 0.29943
vt 0.83095 0.30225
vt 0.31215 0.92781
vt 0.31215 0.93117
vt 0.31418 0.93287
vt 0.84896 0.15599
vt 0.82443 0.14166
vt 0.82567 0.15297
vt 0.82088 0.14774
vt 0.82912 0.08086
vt 0.82912 0.08422
vt 0.82706 0.08592
vt 0.84438 0.16382
vt 0.83096 0.161
vt 0.80651 0.27755
vt 0.81387 0.27307
vt 0.33901 0.90951
vt 0.33665 0.90733
vt 0.33665 0.93214
vt 0.33901 0.92997
vt 0.79781 0.08303
vt 0.79703 0.08026
vt 0.79703 0.06534
vt 0.79781 0.06257
vt 0.80963 0.24824
vt 0.80238 0.24824
vt 0.80426 0.27206
vt 0.81157 0.26761
vt 0.80476 0.27468
vt 0.81212 0.2702
vt 0.80901 0.23909
vt 0.8019 0.23909
vt 0.80197 0.24197
vt 0.80909 0.24197
vt 0.80215 0.24516
vt 0.80933 0.24516
vt 0.87413 0.08086
vt 0.86704 0.08086
vt 0.86703 0.06473
vt 0.87413 0.06472
vt 0.88117 0.06472
vt 0.88118 0.08086
vt 0.81158 0.19565
vt 0.81213 0.19305
vt 0.80477 0.18857
vt 0.80426 0.19119
vt 0.80197 0.22129
vt 0.80191 0.22416
vt 0.80901 0.22416
vt 0.80909 0.22129
vt 0.80215 0.21809
vt 0.80933 0.21809
vt 0.80239 0.21502
vt 0.80963 0.21502
vt 0.81388 0.19018
vt 0.80652 0.1857
vt 0.90958 0.06472
vt 0.90958 0.08085
vt 0.27833 0.91167
vt 0.27833 0.92781
vt 0.26462 0.91167
vt 0.26462 0.92781
vt 0.80316 0.08593
vt 0.80016 0.0852
vt 0.80016 0.0604
vt 0.80316 0.05967
vt 0.33979 0.9272
vt 0.33979 0.91228
vt 0.33365 0.93287
vt 0.33365 0.90661
usemtl mat0
f 4633/4633/2454 4634/4634/2455 4635/4635/2456
f 4636/4636/2457 4637/4637/2458 4638/4638/2459
f 4639/4639/2460 4640/4640/2460 4641/4641/2460
f 4642/4642/2460 4639/4639/2460 4641/4641/2460
f 4640/4640/2460 4643/4643/2460 4641/4641/2460
f 4643/4643/2460 4644/4644/2460 4641/4641/2460
f 4645/4645/2456 4646/4646/2455 4647/4647/2454
f 4648/4648/2461 4649/4649/2461 4650/4650/2461
f 4649/4649/2461 4651/4651/2461 4650/4650/2461
f 4652/4652/2459 4653/4653/2458 4654/4654/2457
f 4655/4655/2461 4648/4648/2461 4650/4650/2461
f 4656/4656/2461 4655/4655/2461 4650/4650/2461
f 4657/4657/2460 4641/4641/2460 4644/4644/2460
f 4657/4657/2460 4644/4644/2460 4658/4658/2460
f 4659/4659/2462 4660/4660/2463 4661/4661/2463
f 4659/4659/2462 4661/4661/2463 4662/4662/2462
f 4663/4663/2464 4664/4664/2465 4665/4665/2465
f 4663/4663/2464 4665/4665/2465 4666/4666/2464
f 4667/4667/2466 4668/4668/2466 4669/4669/2460
f 4667/4667/2466 4669/4669/2460 4670/4670/2460
f 4671/4671/2467 4672/4672/2467 4670/4670/2467
f 4671/4671/2467 4670/4670/2467 4669/4669/2467
f 4673/4673/2468 4674/4674/2468 4675/4675/2469
f 4673/4673/2468 4675/4675/2469 4676/4676/2469
f 4676/4676/2469 4675/4675/2469 4677/4677/2470
f 4676/4676/2469 4677/4677/2470 4678/4678/2470
f 4678/4678/2470 4677/4677/2470 4668/4668/2466
f 4678/4678/2470 4668/4668/2466 4667/4667/2466
f 4657/4657/2471 4658/4658/2471 4672/4672/2471
f 4657/4657/2471 4672/4672/2471 4671/4671/2471
f 4679/4679/2472 4680/4680/2472 4681/4681/2472
f 4679/4679/2472 4681/4681/2472 4682/4682/2472
f 4682/4682/2473 4683/4683/2473 4684/4684/2473
f 4682/4682/2473 4684/4684/2473 4679/4679/2473
f 4685/4685/2474 4686/4686/2474 4687/4687/2474
f 4685/4685/2474 4687/4687/2474 4688/4688/2474
f 4689/4689/2475 4690/4690/2476 4691/4691/2476
f 4689/4689/2475 4691/4691/2476 4692/4692/2475
f 4693/4693/2477 4689/4689/2475 4692/4692/2475
f 4693/4693/2477 4692/4692/2475 4694/4694/2477
f 4695/4695/2478 4693/4693/2477 4694/4694/2477
f 4695/4695/2478 4694/4694/2477 4696/4696/2478
f 4686/4686/2471 4697/4697/2471 4698/4698/2471
f 4686/4686/2471 4698/4698/2471 4687/4687/2471
f 4690/4690/2476 4674/4674/2468 4673/4673/2468
f 4690/4690/2476 4673/4673/2468 4691/4691/2476
f 4699/4699/2479 4700/4700/2479 4684/4684/2479
f 4699/4699/2479 4684/4684/2479 4683/4683/2479
f 4681/4681/2473 4680/4680/2473 4652/4652/2459
f 4681/4681/2473 4652/4652/2459 4638/4638/2459
f 4645/4645/2456 4635/4635/2456 4701/4701/2480
f 4645/4645/2456 4701/4701/2480 4702/4702/2480
f 4702/4702/2481 4701/4701/2481 4703/4703/2481
f 4702/4702/2481 4703/4703/2481 4704/4704/2481
f 4705/4705/2482 4706/4706/2483 4707/4707/2483
f 4705/4705/2482 4707/4707/2483 4708/4708/2482
f 4688/4688/2461 4695/4695/2478 4696/4696/2478
f 4688/4688/2461 4696/4696/2478 4685/4685/2461
f 4654/4654/2457 4705/4705/2482 4708/4708/2482
f 4654/4654/2457 4708/4708/2482 4636/4636/2457
f 4706/4706/2483 4663/4663/2464 4666/4666/2464
f 4706/4706/2483 4666/4666/2464 4707/4707/2483
f 4638/4638/2459 4652/4652/2459 4654/4654/2457
f 4638/4638/2459 4654/4654/2457 4636/4636/2457
f 4662/4662/2462 4709/4709/2484 4710/4710/2484
f 4662/4662/2462 4710/4710/2484 4659/4659/2462
f 4711/4711/2485 4661/4661/2463 4660/4660/2463
f 4711/4711/2485 4660/4660/2463 4712/4712/2485
f 4712/4712/2485 4633/4633/2454 4647/4647/2454
f 4712/4712/2485 4647/4647/2454 4711/4711/2485
f 4647/4647/2454 4633/4633/2454 4635/4635/2456
f 4647/4647/2454 4635/4635/2456 4645/4645/2456
f 4650/4650/2461 4698/4698/2461 4697/4697/2461
f 4650/4650/2461 4697/4697/2461 4656/4656/2461
# Vertices: 80, normals: 32, texture coordinates: 80, faces: 74

o obj3
v 0.44376275 4.60163963 8.78732011
v 0.44376275 3.73516131 8.04338912
v 0.44376275 6.07577916 7.21753076
v 0.44376275 2.56098367 7.21753019
v 0.44376275 6.0757789 8.78732035
v 0.44376275 2.89448251 7.94409619
v -0.44376275 3.73516131 8.04338912
v -0.44376275 4.60163963 8.78732011
v -0.44376275 6.07577916 7.21753076
v -0.44376275 6.0757789 8.78732035
v -0.44376275 2.56098367 7.21753019
v -0.44376275 2.89448251 7.94409619
v 0.44376275 1.53520582 7.43696336
v 0.44376275 2.00882221 7.27314886
v 0.44376275 2.31027593 7.92227302
v 0.44376275 1.85157955 8.04222302
v 0.44376275 6.0757789 8.78732035
v -0.44376275 6.0757789 8.78732035
v -0.44376275 4.60163963 8.78732011
v 0.44376275 4.60163963 8.78732011
v -0.44376275 3.73516131 8.04338912
v 0.44376275 3.73516131 8.04338912
v -0.44376275 2.89448251 7.94409619
v 0.44376275 2.89448251 7.94409619
v 0.44376275 2.31027593 7.92227302
v -0.44376275 2.31027593 7.92227302
v -0.44376275 2.00882221 7.27314886
v -0.44376275 2.56098367 7.21753019
v 0.44376275 2.56098367 7.21753019
v 0.44376275 2.00882221 7.27314886
v 0.44376275 1.4935039 8.20053998
v 0.44376275 1.85157955 8.04222302
v -0.44376275 1.85157955 8.04222302
v -0.44376275 1.4935039 8.20053998
v 0.24624985 0.78190173 9.41185892
v -0.24624985 0.78190173 9.41185892
v -0.24624985 0.44929399 9.38935287
v 0.24624985 0.44929399 9.38935287
v 0.44376275 1.08712725 8.55371064
v 0.44376275 1.26079852 8.35081952
v -0.44376275 1.26079852 8.35081952
v -0.44376275 1.08712725 8.55371064
v 0.44376275 0.86115213 9.03512504
v 0.44376275 0.97363281 8.78233776
v -0.44376275 0.97363281 8.78233776
v -0.44376275 0.86115213 9.03512504
v -0.44376275 0.49432848 8.89574524
v -0.44376275 0.56182389 8.51724854
v 0.44376275 0.56182389 8.51724854
v 0.44376275 0.49432848 8.89574524
v -0.44376275 0.67909393 8.20937156
v -0.44376275 0.87128081 7.92646752
v 0.44376275 0.87128081 7.92646752
v 0.44376275 0.67909393 8.20937156
v -0.44376275 6.07577916 7.21753076
v 0.44376275 6.07577916 7.21753076
v -0.44376275 1.1531021 7.66917969
v -0.44376275 1.53520582 7.43696336
v 0.44376275 1.53520582 7.43696336
v 0.44376275 1.1531021 7.66917969
v 0.44376275 0.67909393 8.20937156
v 0.44376275 0.87128081 7.92646752
v 0.44376275 1.26079852 8.35081952
v 0.44376275 1.08712725 8.55371064
v 0.44376275 1.1531021 7.66917969
v 0.44376275 1.4935039 8.20053998
v 0.44376275 0.49432848 8.89574524
v 0.44376275 0.56182389 8.51724854
v 0.44376275 0.97363281 8.78233776
v 0.44376275 0.86115213 9.03512504
v 0.24624985 0.44929399 9.38935287
v 0.41315174 0.46724599 9.19258709
v 0.41315174 0.81198065 9.23891736
v 0.24624985 0.78190173 9.41185892
v 0.41315174 0.46724599 9.19258709
v -0.41315174 0.46724599 9.19258709
v -0.41315174 0.81198065 9.23891736
v 0.41315174 0.81198065 9.23891736
v -0.44376275 2.00882221 7.27314886
v -0.44376275 2.31027593 7.92227302
v -0.44376275 1.53520582 7.43696336
v -0.44376275 1.85157955 8.04222302
v -0.44376275 0.86115213 9.03512504
v -0.44376275 0.49432848 8.89574524
v -0.41315174 0.46724599 9.19258709
v -0.41315174 0.81198065 9.23891736
v -0.24624985 0.44929399 9.38935287
v -0.24624985 0.78190173 9.41185892
v -0.44376275 0.97363281 8.78233776
v -0.44376275 0.56182389 8.51724854
v -0.44376275 1.1531021 7.66917969
v -0.44376275 1.4935039 8.20053998
v -0.44376275 1.08712725 8.55371064
v -0.44376275 0.67909393 8.20937156
v -0.44376275 0.87128081 7.92646752
v -0.44376275 1.26079852 8.35081952
vn 1 0 -0
vn -1 0 -0
vn 0 0 1
vn 0 -0.65141 0.75872
vn 0 -0.40182 0.91572
vn 0 -0.07737 0.997
vn 0 0.109 0.99404
vn 0 -0.215 -0.97661
vn 0 -0.05017 -0.99874
vn 0 0.4749 0.88004
vn 0 0.32975 0.94407
vn 0 -0.06751 0.99772
vn 0 0.83406 0.55167
vn 0 0.65797 0.75304
vn 0 0.94678 0.32187
vn 0 0.90487 0.42568
vn 0 -0.99107 -0.13333
vn 0 -0.96372 -0.26693
vn 0 -0.88684 -0.46207
vn 0 -0.75588 -0.65471
vn 0 0 -1
vn 0 -0.5996 -0.8003
vn 0 -0.42553 -0.90495
vn 0.99809 -0.01637 0.0595
vn 0.74465 -0.06774 0.66401
vn 0.91044 -0.05263 0.41028
vn 0 -0.99586 -0.09086
vn 0 -0.99586 -0.09086
vn 0 0.97917 0.20306
vn 0 0.98521 0.17135
vn -0.99809 -0.01637 0.0595
vn -0.91044 -0.05263 0.41028
vn -0.74465 -0.06774 0.66401
vt 0.64235 0.56094
vt 0.63466 0.55363
vt 0.62923 0.57603
vt 0.62592 0.54356
vt 0.64373 0.57455
vt 0.63295 0.54596
vt 0.98145 0.38324
vt 0.98913 0.39056
vt 0.97599 0.40563
vt 0.99049 0.40418
vt 0.97274 0.37316
vt 0.97976 0.37557
vt 0.62699 0.53388
vt 0.62592 0.53841
vt 0.6322 0.54059
vt 0.63287 0.53624
vt 0.45855 0.67177
vt 0.46679 0.67177
vt 0.46679 0.68546
vt 0.45855 0.68546
vt 0.46679 0.69606
vt 0.45855 0.69606
vt 0.46679 0.70392
vt 0.45855 0.70392
vt 0.45855 0.70934
vt 0.46679 0.70934
vt 0.4668 0.7608
vt 0.4668 0.76595
vt 0.45856 0.76595
vt 0.45856 0.7608
vt 0.45856 0.71738
vt 0.45855 0.71375
vt 0.46679 0.71374
vt 0.46679 0.71738
vt 0.46039 0.73094
vt 0.46496 0.73094
vt 0.46496 0.73404
vt 0.46039 0.73404
vt 0.45856 0.72243
vt 0.45856 0.71995
vt 0.46679 0.71995
vt 0.4668 0.72243
vt 0.45856 0.72737
vt 0.45856 0.7248
vt 0.4668 0.7248
vt 0.4668 0.72737
vt 0.4668 0.73864
vt 0.4668 0.74221
vt 0.45856 0.74221
vt 0.45856 0.73864
vt 0.4668 0.74527
vt 0.4668 0.74845
vt 0.45856 0.74845
vt 0.45856 0.74527
vt 0.4668 0.79859
vt 0.45855 0.79859
vt 0.4668 0.75199
vt 0.4668 0.75614
vt 0.45856 0.75614
vt 0.45856 0.75199
vt 0.63331 0.52525
vt 0.63088 0.52729
vt 0.63517 0.53049
vt 0.63688 0.52869
vt 0.62877 0.53014
vt 0.634 0.53278
vt 0.63948 0.5229
vt 0.63605 0.52388
vt 0.63888 0.52743
vt 0.64111 0.52615
vt 0.64456 0.52187
vt 0.64221 0.52236
vt 0.64297 0.5255
vt 0.64514 0.52491
vt 0.45884 0.73587
vt 0.46651 0.73588
vt 0.46651 0.72931
vt 0.45884 0.72932
vt 0.97274 0.36801
vt 0.97901 0.37019
vt 0.97381 0.36348
vt 0.9797 0.36584
vt 0.98795 0.35577
vt 0.98633 0.35251
vt 0.98906 0.35198
vt 0.98981 0.35512
vt 0.99141 0.35149
vt 0.99198 0.35454
vt 0.98572 0.35705
vt 0.98289 0.35349
vt 0.97561 0.35973
vt 0.98083 0.36239
vt 0.98372 0.35831
vt 0.98016 0.35485
vt 0.97772 0.35689
vt 0.982 0.3601
usemtl mat0
f 4713/4713/2486 4714/4714/2486 4715/4715/2486
f 4714/4714/2486 4716/4716/2486 4715/4715/2486
f 4715/4715/2486 4717/4717/2486 4713/4713/2486
f 4714/4714/2486 4718/4718/2486 4716/4716/2486
f 4719/4719/2487 4720/4720/2487 4721/4721/2487
f 4722/4722/2487 4721/4721/2487 4720/4720/2487
f 4723/4723/2487 4719/4719/2487 4721/4721/2487
f 4724/4724/2487 4719/4719/2487 4723/4723/2487
f 4725/4725/2486 4726/4726/2486 4727/4727/2486
f 4725/4725/2486 4727/4727/2486 4728/4728/2486
f 4729/4729/2488 4730/4730/2488 4731/4731/2488
f 4729/4729/2488 4731/4731/2488 4732/4732/2488
f 4732/4732/2489 4731/4731/2489 4733/4733/2490
f 4732/4732/2489 4733/4733/2490 4734/4734/2490
f 4734/4734/2490 4733/4733/2490 4735/4735/2491
f 4734/4734/2490 4735/4735/2491 4736/4736/2491
f 4737/4737/2492 4736/4736/2491 4735/4735/2491
f 4737/4737/2492 4735/4735/2491 4738/4738/2492
f 4739/4739/2493 4740/4740/2494 4741/4741/2494
f 4739/4739/2493 4741/4741/2494 4742/4742/2493
f 4726/4726/2486 4716/4716/2486 4718/4718/2486
f 4726/4726/2486 4718/4718/2486 4727/4727/2486
f 4743/4743/2495 4744/4744/2496 4745/4745/2496
f 4743/4743/2495 4745/4745/2496 4746/4746/2495
f 4747/4747/2497 4748/4748/2497 4749/4749/2497
f 4747/4747/2497 4749/4749/2497 4750/4750/2497
f 4751/4751/2498 4752/4752/2499 4753/4753/2499
f 4751/4751/2498 4753/4753/2499 4754/4754/2498
f 4755/4755/2500 4756/4756/2501 4757/4757/2501
f 4755/4755/2500 4757/4757/2501 4758/4758/2500
f 4759/4759/2502 4760/4760/2503 4761/4761/2503
f 4759/4759/2502 4761/4761/2503 4762/4762/2502
f 4763/4763/2504 4764/4764/2505 4765/4765/2505
f 4763/4763/2504 4765/4765/2505 4766/4766/2504
f 4741/4741/2494 4740/4740/2494 4767/4767/2506
f 4741/4741/2494 4767/4767/2506 4768/4768/2506
f 4769/4769/2507 4770/4770/2508 4771/4771/2508
f 4769/4769/2507 4771/4771/2508 4772/4772/2507
f 4773/4773/2486 4774/4774/2486 4775/4775/2486
f 4773/4773/2486 4775/4775/2486 4776/4776/2486
f 4777/4777/2486 4725/4725/2486 4728/4728/2486
f 4777/4777/2486 4728/4728/2486 4778/4778/2486
f 4779/4779/2509 4780/4780/2486 4781/4781/2486
f 4779/4779/2509 4781/4781/2486 4782/4782/2509
f 4783/4783/2510 4784/4784/2511 4785/4785/2511
f 4783/4783/2510 4785/4785/2511 4786/4786/2510
f 4787/4787/2512 4750/4750/2513 4749/4749/2513
f 4787/4787/2512 4749/4749/2513 4788/4788/2512
f 4788/4788/2512 4759/4759/2502 4762/4762/2502
f 4788/4788/2512 4762/4762/2502 4787/4787/2512
f 4789/4789/2514 4748/4748/2515 4747/4747/2515
f 4789/4789/2514 4747/4747/2515 4790/4790/2514
f 4790/4790/2514 4755/4755/2500 4758/4758/2500
f 4790/4790/2514 4758/4758/2500 4789/4789/2514
f 4770/4770/2508 4739/4739/2493 4742/4742/2493
f 4770/4770/2508 4742/4742/2493 4771/4771/2508
f 4764/4764/2505 4769/4769/2507 4772/4772/2507
f 4764/4764/2505 4772/4772/2507 4765/4765/2505
f 4760/4760/2503 4763/4763/2504 4766/4766/2504
f 4760/4760/2503 4766/4766/2504 4761/4761/2503
f 4756/4756/2501 4751/4751/2498 4754/4754/2498
f 4756/4756/2501 4754/4754/2498 4757/4757/2501
f 4752/4752/2499 4743/4743/2495 4746/4746/2495
f 4752/4752/2499 4746/4746/2495 4753/4753/2499
f 4744/4744/2496 4737/4737/2492 4738/4738/2492
f 4744/4744/2496 4738/4738/2492 4745/4745/2496
f 4724/4724/2487 4723/4723/2487 4791/4791/2487
f 4724/4724/2487 4791/4791/2487 4792/4792/2487
f 4792/4792/2487 4791/4791/2487 4793/4793/2487
f 4792/4792/2487 4793/4793/2487 4794/4794/2487
f 4795/4795/2516 4796/4796/2516 4797/4797/2517
f 4795/4795/2516 4797/4797/2517 4798/4798/2517
f 4798/4798/2517 4797/4797/2517 4799/4799/2518
f 4798/4798/2517 4799/4799/2518 4800/4800/2518
f 4801/4801/2487 4802/4802/2487 4796/4796/2516
f 4801/4801/2487 4796/4796/2516 4795/4795/2516
f 4794/4794/2487 4793/4793/2487 4803/4803/2487
f 4794/4794/2487 4803/4803/2487 4804/4804/2487
f 4780/4780/2486 4773/4773/2486 4776/4776/2486
f 4780/4780/2486 4776/4776/2486 4781/4781/2486
f 4774/4774/2486 4777/4777/2486 4778/4778/2486
f 4774/4774/2486 4778/4778/2486 4775/4775/2486
f 4784/4784/2511 4779/4779/2509 4782/4782/2509
f 4784/4784/2511 4782/4782/2509 4785/4785/2511
f 4805/4805/2487 4806/4806/2487 4802/4802/2487
f 4805/4805/2487 4802/4802/2487 4801/4801/2487
f 4804/4804/2487 4803/4803/2487 4807/4807/2487
f 4804/4804/2487 4807/4807/2487 4808/4808/2487
f 4808/4808/2487 4807/4807/2487 4806/4806/2487
f 4808/4808/2487 4806/4806/2487 4805/4805/2487
# Vertices: 96, normals: 33, texture coordinates: 96, faces: 90

o obj4
v 0.1942569 8.37583605 18.45967143
v 0.21026213 8.29537249 18.45967142
v -0 8.29537249 18.45967142
v 0.14867778 8.44405017 18.45967144
v 0.08046384 8.48962909 18.45967145
v -0 8.50563436 18.45967145
v -0.08046384 8.48962909 18.45967145
v -0.14867778 8.44405017 18.45967144
v -0.1942569 8.37583605 18.45967143
v -0.21026213 8.29537249 18.45967142
v -0.1942569 8.21490838 18.45967141
v -0.14867778 8.14669483 18.45967139
v -0.08046384 8.10111533 18.45967139
v -0 8.08511007 18.45967138
v 0.08046384 8.10111533 18.45967139
v 0.14867778 8.14669483 18.45967139
v 0.1942569 8.21490838 18.45967141
v 0.23466338 8.29537068 29.5605673
v 0.21680069 8.38517227 29.56056731
v -0 8.29537066 29.72127811
v 0.16593206 8.4613024 29.56056733
v 0.08980178 8.51217057 29.56056734
v -0 8.53003341 29.56056734
v -0.08980178 8.51217057 29.56056734
v -0.16593206 8.4613024 29.56056733
v -0.21680069 8.38517227 29.56056731
v -0.23466338 8.29537068 29.5605673
v -0.21680069 8.20556855 29.56056729
v -0.16593206 8.12943841 29.56056727
v -0.08980178 8.07856969 29.56056726
v -0 8.06070685 29.56056726
v 0.08980178 8.07856969 29.56056726
v 0.16593206 8.12943841 29.56056727
v 0.21680069 8.20556855 29.56056729
v 0.91239059 8.67329661 18.75766609
v 0.91239059 8.67329545 25.87723015
v 0.98756444 8.29537128 25.87723009
v 0.98756444 8.29537244 18.75766603
v 0.69831347 8.99368535 18.75766615
v 0.69831347 8.99368419 25.8772302
v 0.37792453 9.20776211 18.75766618
v 0.37792453 9.20776095 25.87723024
v -0 9.28293644 18.75766619
v -0 9.28293528 25.87723025
v -0.37792453 9.20776211 18.75766618
v -0.37792453 9.20776095 25.87723024
v -0.69831347 8.99368535 18.75766615
v -0.69831347 8.99368419 25.8772302
v -0.91239059 8.67329661 18.75766609
v -0.91239059 8.67329545 25.87723015
v -0.98756444 8.29537244 18.75766603
v -0.98756444 8.29537128 25.87723009
v -0.91239059 7.91744773 18.75766597
v -0.91239059 7.91744657 25.87723003
v -0.69831347 7.5970584 18.75766592
v -0.69831347 7.59705724 25.87722997
v -0.37792453 7.3829817 18.75766588
v -0.37792453 7.38298054 25.87722994
v -0 7.30780791 18.75766587
v -0 7.30780675 25.87722993
v 0.37792453 7.3829817 18.75766588
v 0.37792453 7.38298054 25.87722994
v -0 7.30780675 25.87722993
v -0 7.30780791 18.75766587
v 0.69831347 7.5970584 18.75766592
v 0.69831347 7.59705724 25.87722997
v 0.91239059 7.91744773 18.75766597
v 0.91239059 7.91744657 25.87723003
v 0.32284239 9.0747816 25.96356683
v 0.32284239 9.07478122 28.25846105
v 0.59653497 8.89190571 28.25846102
v 0.59653497 8.89190608 25.9635668
v -0 9.13899929 25.96356684
v -0 9.13899891 28.25846106
v -0.32284239 9.0747816 25.96356683
v -0.32284239 9.07478122 28.25846105
v -0.59653497 8.89190608 25.9635668
v -0.59653497 8.89190571 28.25846102
v -0.77941048 8.61821303 25.96356675
v -0.77941048 8.61821266 28.25846097
v -0.84362781 8.29537127 25.9635667
v -0.84362781 8.2953709 28.25846092
v -0.77941048 7.9725284 25.96356665
v -0.77941048 7.97252803 28.25846087
v -0.59653497 7.69883591 25.9635666
v -0.59653497 7.69883554 28.25846082
v -0.32284239 7.51596093 25.96356657
v -0.32284239 7.51596056 28.25846079
v -0 7.45174271 25.96356656
v -0 7.45174234 28.25846078
v 0.32284239 7.51596093 25.96356657
v 0.32284239 7.51596056 28.25846079
v -0 7.45174234 28.25846078
v -0 7.45174271 25.96356656
v 0.59653497 7.69883591 25.9635666
v 0.59653497 7.69883554 28.25846082
v 0.77941048 7.9725284 25.96356665
v 0.77941048 7.97252803 28.25846087
v 0.84362781 8.29537127 25.9635667
v 0.84362781 8.2953709 28.25846092
v 0.77941048 8.61821303 25.96356675
v 0.77941048 8.61821266 28.25846097
v 0.91239059 8.67329663 18.67372368
v 0.91239059 8.67329665 18.53273009
v 0.69831347 8.99368539 18.53273014
v 0.69831347 8.99368536 18.67372373
v 0.98756444 8.29537246 18.67372362
v 0.98756444 8.29537248 18.53273002
v 0.91239059 7.91744774 18.67372356
v 0.91239059 7.91744777 18.53272996
v 0.69831347 7.59705841 18.6737235
v 0.69831347 7.59705844 18.53272991
v 0.37792453 7.38298172 18.67372347
v 0.37792453 7.38298174 18.53272987
v -0 7.30780792 18.67372346
v -0 7.30780794 18.53272986
v -0.37792453 7.38298172 18.67372347
v -0.37792453 7.38298174 18.53272987
v -0 7.30780794 18.53272986
v -0 7.30780792 18.67372346
v -0.69831347 7.59705841 18.6737235
v -0.69831347 7.59705844 18.53272991
v -0.91239059 7.91744774 18.67372356
v -0.91239059 7.91744777 18.53272996
v -0.98756444 8.29537246 18.67372362
v -0.98756444 8.29537248 18.53273002
v -0.91239059 8.67329663 18.67372368
v -0.91239059 8.67329665 18.53273009
v -0.69831347 8.99368536 18.67372373
v -0.69831347 8.99368539 18.53273014
v -0.37792453 9.20776212 18.67372377
v -0.37792453 9.20776214 18.53273017
v -0 9.28293645 18.67372378
v -0 9.28293647 18.53273018
v 0.37792453 9.20776212 18.67372377
v 0.37792453 9.20776214 18.53273017
v 0.86951435 8.65553735 18.75766609
v 0.86951435 8.65553736 18.67372368
v 0.66549748 8.96087003 18.67372373
v 0.66549748 8.96087001 18.75766614
v 0.94115561 8.29537244 18.75766603
v 0.94115561 8.29537246 18.67372362
v 0.86951435 7.93520753 18.75766597
v 0.86951435 7.93520754 18.67372356
v 0.66549748 7.62987493 18.75766592
v 0.66549748 7.62987494 18.67372351
v 0.36016467 7.42585753 18.75766589
v 0.36016467 7.42585754 18.67372348
v -0 7.3542162 18.75766588
v -0 7.35421622 18.67372347
v -0.36016467 7.42585753 18.75766589
v -0.36016467 7.42585754 18.67372348
v -0 7.35421622 18.67372347
v -0 7.3542162 18.75766588
v -0.66549748 7.62987493 18.75766592
v -0.66549748 7.62987494 18.67372351
v -0.86951435 7.93520753 18.75766597
v -0.86951435 7.93520754 18.67372356
v -0.94115561 8.29537244 18.75766603
v -0.94115561 8.29537246 18.67372362
v -0.86951435 8.65553735 18.75766609
v -0.86951435 8.65553736 18.67372368
v -0.66549748 8.96087001 18.75766614
v -0.66549748 8.96087003 18.67372373
v -0.36016467 9.16488682 18.75766617
v -0.36016467 9.16488683 18.67372376
v -0 9.23652814 18.75766619
v -0 9.23652816 18.67372377
v 0.36016467 9.16488682 18.75766617
v 0.36016467 9.16488683 18.67372376
v 0.22405639 8.38817961 18.53273004
v 0.91239059 8.67329665 18.53273009
v 0.98756444 8.29537248 18.53273002
v 0.24251689 8.29537248 18.53273002
v 0.17148533 8.46685799 18.53273005
v 0.69831347 8.99368539 18.53273014
v 0.0928072 8.51942888 18.53273006
v 0.37792453 9.20776214 18.53273017
v -0 8.53788938 18.53273006
v -0 9.28293647 18.53273018
v -0.0928072 8.51942888 18.53273006
v -0.37792453 9.20776214 18.53273017
v -0.17148533 8.46685799 18.53273005
v -0.69831347 8.99368539 18.53273014
v -0.22405639 8.38817961 18.53273004
v -0.91239059 8.67329665 18.53273009
v -0.24251689 8.29537248 18.53273002
v -0.98756444 8.29537248 18.53273002
v -0.22405639 8.2025648 18.53273001
v -0.91239059 7.91744777 18.53272996
v -0.17148533 8.12388696 18.53273
v -0.69831347 7.59705844 18.53272991
v -0.0928072 8.07131552 18.53272999
v -0.37792453 7.38298174 18.53272987
v -0 8.05285502 18.53272998
v -0 7.30780794 18.53272986
v 0.0928072 8.07131552 18.53272999
v 0.37792453 7.38298174 18.53272987
v 0.17148533 8.12388696 18.53273
v 0.69831347 7.59705844 18.53272991
v 0.22405639 8.2025648 18.53273001
v 0.91239059 7.91744777 18.53272996
v 0.77941048 8.61821303 25.96356675
v 0.59653497 8.89190608 25.9635668
v 0.84362781 8.29537127 25.9635667
v 0.77941048 7.9725284 25.96356665
v 0.59653497 7.69883591 25.9635666
v 0.32284239 7.51596093 25.96356657
v -0 7.45174271 25.96356656
v -0.32284239 7.51596093 25.96356657
v -0 7.45174271 25.96356656
v -0.59653497 7.69883591 25.9635666
v -0.77941048 7.9725284 25.96356665
v -0.84362781 8.29537127 25.9635667
v -0.77941048 8.61821303 25.96356675
v -0.59653497 8.89190608 25.9635668
v -0.32284239 9.0747816 25.96356683
v -0 9.13899929 25.96356684
v 0.32284239 9.0747816 25.96356683
v 0.75690603 8.60889074 28.54688451
v 0.8192693 8.29537085 28.54688446
v 0.57931089 8.87468171 28.54688455
v 0.31352076 9.05227637 28.54688458
v -0 9.11463976 28.54688459
v -0.31352076 9.05227637 28.54688458
v -0.57931089 8.87468171 28.54688455
v -0.75690603 8.60889074 28.54688451
v -0.8192693 8.29537085 28.54688446
v -0.75690603 7.98184985 28.54688441
v -0.57931089 7.71605944 28.54688436
v -0.31352076 7.53846425 28.54688433
v -0 7.47610134 28.54688432
v 0.31352076 7.53846425 28.54688433
v -0 7.47610134 28.54688432
v 0.57931089 7.71605944 28.54688436
v 0.75690603 7.98184985 28.54688441
v 0.75690603 8.60889074 28.54688451
v 0.68721062 8.58002273 28.83495375
v 0.74383134 8.2953708 28.83495371
v 0.8192693 8.29537085 28.54688446
v 0.57027048 8.53158471 29.10855623
v 0.6172564 8.29537076 29.10855619
v 0.41061077 8.46545038 29.35408015
v 0.44444191 8.29537072 29.35408012
v 0.57931089 8.87468171 28.54688455
v 0.52596819 8.82133819 28.83495379
v 0.43646616 8.73183626 29.10855626
v 0.31426787 8.60963811 29.35408017
v 0.31352076 9.05227637 28.54688458
v 0.28465194 8.98258115 28.83495382
v 0.23621379 8.86564102 29.10855628
v 0.17008054 8.7059816 29.35408019
v -0 9.11463976 28.54688459
v -0 9.03920252 28.83495383
v -0 8.91262635 29.10855629
v -0 8.73981239 29.35408019
v -0.31352076 9.05227637 28.54688458
v -0.28465194 8.98258115 28.83495382
v -0.23621379 8.86564102 29.10855628
v -0.17008054 8.7059816 29.35408019
v -0.57931089 8.87468171 28.54688455
v -0.52596819 8.82133819 28.83495379
v -0.43646616 8.73183626 29.10855626
v -0.31426787 8.60963811 29.35408017
v -0.75690603 8.60889074 28.54688451
v -0.68721062 8.58002273 28.83495375
v -0.57027048 8.53158471 29.10855623
v -0.41061077 8.46545038 29.35408015
v -0.8192693 8.29537085 28.54688446
v -0.74383134 8.2953708 28.83495371
v -0.6172564 8.29537076 29.10855619
v -0.44444191 8.29537072 29.35408012
v -0.75690603 7.98184985 28.54688441
v -0.68721062 8.0107183 28.83495366
v -0.57027048 8.05915682 29.10855615
v -0.41061077 8.12528995 29.35408009
v -0.57931089 7.71605944 28.54688436
v -0.52596819 7.76940228 28.83495362
v -0.43646616 7.85890415 29.10855612
v -0.31426787 7.98110278 29.35408007
v -0.31352076 7.53846425 28.54688433
v -0.28465194 7.60815991 28.83495359
v -0.23621379 7.72509995 29.1085561
v -0.17008054 7.88475983 29.35408005
v -0 7.47610134 28.54688432
v -0 7.55153913 28.83495358
v -0 7.67811402 29.10855609
v -0 7.8509285 29.35408005
v 0.31352076 7.53846425 28.54688433
v 0.28465194 7.60815991 28.83495359
v 0.23621379 7.72509995 29.1085561
v 0.17008054 7.88475983 29.35408005
v 0.57931089 7.71605944 28.54688436
v 0.52596819 7.76940228 28.83495362
v 0.43646616 7.85890415 29.10855612
v 0.31426787 7.98110278 29.35408007
v 0.75690603 7.98184985 28.54688441
v 0.68721062 8.0107183 28.83495366
v 0.57027048 8.05915682 29.10855615
v 0.41061077 8.12528995 29.35408009
vn 0 0 -1
vn 0.63564 0 0.77198
vn 0.58726 0.24325 0.77198
vn 0 0 1
vn 0.44947 0.44947 0.77198
vn 0.24325 0.58726 0.77198
vn -0 0.63564 0.77198
vn -0.24325 0.58726 0.77198
vn -0.44947 0.44947 0.77198
vn -0.58726 0.24325 0.77198
vn -0.63564 0 0.77198
vn -0.58726 -0.24325 0.77198
vn -0.44947 -0.44947 0.77198
vn -0.24325 -0.58726 0.77198
vn -0 -0.63564 0.77198
vn 0.24325 -0.58726 0.77198
vn 0.44947 -0.44947 0.77198
vn 0.58726 -0.24325 0.77198
vn 0.92388 0.38268 -0
vn 1 0 -0
vn 0.70711 0.70711 -0
vn 0.38268 0.92388 -0
vn 0 1 -0
vn -0.38268 0.92388 -0
vn -0.70711 0.70711 -0
vn -0.92388 0.38268 -0
vn -1 0 -0
vn -0.92388 -0.38268 -0
vn -0.70711 -0.70711 -0
vn -0.38268 -0.92388 -0
vn 0 -1 -0
vn 0.38268 -0.92388 -0
vn 0.70711 -0.70711 -0
vn 0.92388 -0.38268 -0
vn 0.38268 0.92388 -0
vn 0.38234 0.92306 0.04212
vn 0.70648 0.70648 0.04212
vn 0.70711 0.70711 -0
vn -0 0.99911 0.04212
vn -0.38268 0.92388 -0
vn -0.38234 0.92306 0.04212
vn -0.70711 0.70711 -0
vn -0.70648 0.70648 0.04212
vn -0.92388 0.38268 -0
vn -0.92306 0.38234 0.04212
vn -1 0 -0
vn -0.99911 0 0.04212
vn -0.92388 -0.38268 -0
vn -0.92306 -0.38234 0.04212
vn -0.70711 -0.70711 -0
vn -0.70648 -0.70648 0.04212
vn -0.38268 -0.92388 -0
vn -0.38234 -0.92306 0.04212
vn 0 -0.99911 0.04212
vn 0.38268 -0.92388 -0
vn 0.38234 -0.92306 0.04212
vn 0.70711 -0.70711 -0
vn 0.70648 -0.70648 0.04212
vn 0.92388 -0.38268 -0
vn 0.92306 -0.38234 0.04212
vn 1 0 -0
vn 0.99911 0 0.04212
vn 0.92388 0.38268 -0
vn 0.92306 0.38234 0.04212
vn 0.92388 0.38268 -0
vn 1 0 -0
vn 0.92388 -0.38268 -0
vn 0.70711 -0.70711 -0
vn 0.38268 -0.92388 -0
vn -0.38268 -0.92388 -0
vn -0.70711 -0.70711 -0
vn -0.92388 -0.38268 -0
vn -1 0 -0
vn -0.92388 0.38268 -0
vn -0.38268 0.92388 -0
vn 0.38268 0.92388 -0
vn 0.92388 0.38268 -0
vn 0.70711 0.70711 -0
vn 1 0 -0
vn 0.92388 -0.38268 -0
vn 0.70711 -0.70711 -0
vn 0.38268 -0.92388 -0
vn -0.38268 -0.92388 -0
vn -0.70711 -0.70711 -0
vn -0.92388 -0.38268 -0
vn -1 0 -0
vn -0.92388 0.38268 -0
vn -0.70711 0.70711 -0
vn -0.38268 0.92388 -0
vn 0.38268 0.92388 -0
vn 0 0 1
vn 0.84518 0.35008 -0.40388
vn 0.91481 0 -0.40388
vn 0.64687 0.64687 -0.40388
vn 0.35008 0.84517 -0.40388
vn 0 0.91481 -0.40388
vn -0.35008 0.84517 -0.40388
vn -0.64687 0.64687 -0.40388
vn -0.84518 0.35008 -0.40388
vn -0.91481 0 -0.40388
vn -0.84517 -0.35008 -0.40388
vn -0.64687 -0.64687 -0.40388
vn -0.35008 -0.84517 -0.40388
vn -0 -0.91481 -0.40388
vn 0.35008 -0.84517 -0.40388
vn 0.64687 -0.64687 -0.40388
vn 0.84517 -0.35008 -0.40388
vn 0.47523 0.19685 0.85756
vn 0.36373 0.36373 0.85756
vn 0.51438 0 0.85756
vn 0.47523 -0.19685 0.85756
vn 0.36372 -0.36372 0.85756
vn 0.19685 -0.47523 0.85756
vn 0 -0.51438 0.85756
vn -0.19685 -0.47523 0.85756
vn -0.36372 -0.36372 0.85756
vn -0.47523 -0.19685 0.85756
vn -0.51438 0 0.85756
vn -0.47523 0.19685 0.85756
vn -0.36373 0.36373 0.85756
vn -0.19685 0.47523 0.85756
vn -0 0.51439 0.85756
vn 0.19685 0.47523 0.85756
vn 0.91052 0.37715 0.16941
vn 0.98554 0 0.16941
vn 0.69689 0.69689 0.16941
vn 0.37715 0.91052 0.16941
vn 0 0.98554 0.16941
vn -0.37715 0.91052 0.16941
vn -0.69689 0.69689 0.16941
vn -0.91052 0.37715 0.16941
vn -0.98554 0 0.16941
vn -0.91052 -0.37715 0.16941
vn -0.69689 -0.69689 0.16941
vn -0.37715 -0.91052 0.16941
vn 0 -0.98554 0.16941
vn 0.37715 -0.91052 0.16941
vn 0.69689 -0.69689 0.16941
vn 0.91052 -0.37715 0.16941
vn 0.8695 0.36016 0.33802
vn 0.94114 0 0.33802
vn 0.80018 0.33144 0.49986
vn 0.8661 0 0.49986
vn 0.70456 0.29184 0.64686
vn 0.76261 0 0.64686
vn 0.66549 0.66549 0.33802
vn 0.61243 0.61243 0.49986
vn 0.53924 0.53924 0.64686
vn 0.36016 0.8695 0.33802
vn 0.33144 0.80018 0.49986
vn 0.29184 0.70456 0.64686
vn 0 0.94114 0.33802
vn 0 0.8661 0.49986
vn -0 0.76261 0.64686
vn -0.36016 0.8695 0.33802
vn -0.33144 0.80018 0.49986
vn -0.29184 0.70456 0.64686
vn -0.66549 0.66549 0.33802
vn -0.61243 0.61243 0.49986
vn -0.53924 0.53924 0.64686
vn -0.8695 0.36016 0.33802
vn -0.80018 0.33144 0.49986
vn -0.70456 0.29184 0.64686
vn -0.94114 0 0.33802
vn -0.8661 0 0.49986
vn -0.76261 0 0.64686
vn -0.8695 -0.36016 0.33802
vn -0.80018 -0.33144 0.49986
vn -0.70456 -0.29184 0.64686
vn -0.66549 -0.66549 0.33802
vn -0.61243 -0.61243 0.49986
vn -0.53924 -0.53924 0.64686
vn -0.36016 -0.8695 0.33802
vn -0.33144 -0.80018 0.49986
vn -0.29184 -0.70456 0.64686
vn 0 -0.94114 0.33802
vn 0 -0.8661 0.49986
vn -0 -0.76261 0.64686
vn 0.36016 -0.8695 0.33802
vn 0.33144 -0.80018 0.49986
vn 0.29184 -0.70456 0.64686
vn 0.66549 -0.66549 0.33802
vn 0.61243 -0.61243 0.49986
vn 0.53924 -0.53924 0.64686
vn 0.8695 -0.36016 0.33802
vn 0.80018 -0.33144 0.49986
vn 0.70456 -0.29184 0.64686
vt 0.69859 0.09614
vt 0.69801 0.09592
vt 0.69769 0.09748
vt 0.69902 0.09659
vt 0.69925 0.09717
vt 0.69924 0.09779
vt 0.69901 0.09837
vt 0.69858 0.09882
vt 0.698 0.09906
vt 0.69738 0.09905
vt 0.69682 0.09879
vt 0.69637 0.09836
vt 0.69612 0.09779
vt 0.69614 0.09717
vt 0.69636 0.09659
vt 0.69681 0.09616
vt 0.69739 0.09594
vt 0.96561 0.92169
vt 0.96558 0.92123
vt 0.96677 0.92142
vt 0.96574 0.92078
vt 0.96607 0.92045
vt 0.9665 0.92027
vt 0.96696 0.92025
vt 0.9674 0.9204
vt 0.96774 0.92073
vt 0.96792 0.92115
vt 0.96794 0.92162
vt 0.96779 0.92206
vt 0.96746 0.92239
vt 0.96704 0.92259
vt 0.96657 0.9226
vt 0.96613 0.92244
vt 0.96578 0.92212
vt 0.58463 0.12997
vt 0.5186 0.13013
vt 0.51859 0.13367
vt 0.58463 0.13355
vt 0.58463 0.12639
vt 0.51859 0.12659
vt 0.58463 0.12281
vt 0.5186 0.12305
vt 0.58462 0.11923
vt 0.51861 0.11952
vt 0.58462 0.11565
vt 0.51859 0.11599
vt 0.58461 0.11206
vt 0.51858 0.11246
vt 0.58461 0.10848
vt 0.51857 0.10892
vt 0.5846 0.10489
vt 0.51855 0.1054
vt 0.58459 0.1013
vt 0.51852 0.10187
vt 0.58458 0.09771
vt 0.51848 0.09834
vt 0.58457 0.0941
vt 0.51842 0.09481
vt 0.58454 0.0905
vt 0.51828 0.09124
vt 0.58463 0.14428
vt 0.51851 0.14429
vt 0.51838 0.14788
vt 0.58464 0.14787
vt 0.58463 0.14071
vt 0.51855 0.14074
vt 0.58463 0.13713
vt 0.51857 0.1372
vt 0.12458 0.64884
vt 0.12457 0.62756
vt 0.12761 0.62756
vt 0.12764 0.64883
vt 0.12152 0.64884
vt 0.12152 0.62756
vt 0.11846 0.64884
vt 0.11848 0.62756
vt 0.11541 0.64883
vt 0.11543 0.62756
vt 0.11235 0.64883
vt 0.11239 0.62755
vt 0.10929 0.64882
vt 0.10935 0.62755
vt 0.10623 0.64881
vt 0.1063 0.62754
vt 0.10317 0.6488
vt 0.10326 0.62752
vt 0.10011 0.64879
vt 0.10021 0.6275
vt 0.09705 0.64878
vt 0.09715 0.62746
vt 0.14293 0.64879
vt 0.14284 0.6275
vt 0.1459 0.62746
vt 0.14599 0.64878
vt 0.13988 0.6488
vt 0.13979 0.62752
vt 0.13682 0.64881
vt 0.13675 0.62754
vt 0.13376 0.64882
vt 0.1337 0.62755
vt 0.1307 0.64883
vt 0.13066 0.62755
vt 0.58632 0.12997
vt 0.58762 0.12997
vt 0.58762 0.12639
vt 0.58631 0.12639
vt 0.58632 0.13355
vt 0.58763 0.13355
vt 0.58632 0.13713
vt 0.58763 0.13713
vt 0.58632 0.14071
vt 0.58763 0.14071
vt 0.58631 0.14428
vt 0.58762 0.14429
vt 0.58628 0.14787
vt 0.58759 0.14788
vt 0.58628 0.0941
vt 0.58762 0.09409
vt 0.58762 0.09038
vt 0.58624 0.09041
vt 0.58628 0.09771
vt 0.5876 0.09771
vt 0.58628 0.1013
vt 0.58759 0.1013
vt 0.58629 0.10489
vt 0.5876 0.10489
vt 0.58629 0.10847
vt 0.58761 0.10847
vt 0.5863 0.11206
vt 0.58761 0.11206
vt 0.5863 0.11565
vt 0.58762 0.11564
vt 0.58631 0.11923
vt 0.58762 0.11923
vt 0.58631 0.12281
vt 0.58762 0.12281
vt 0.58506 0.12997
vt 0.58588 0.12997
vt 0.58588 0.12639
vt 0.58506 0.12639
vt 0.58507 0.13355
vt 0.58588 0.13355
vt 0.58507 0.13713
vt 0.58588 0.13713
vt 0.58507 0.14071
vt 0.58588 0.14071
vt 0.58507 0.14428
vt 0.58588 0.14428
vt 0.58506 0.14778
vt 0.58586 0.14778
vt 0.58501 0.0941
vt 0.58584 0.0941
vt 0.58579 0.09052
vt 0.58497 0.09055
vt 0.58502 0.09771
vt 0.58584 0.09771
vt 0.58503 0.1013
vt 0.58585 0.1013
vt 0.58503 0.10489
vt 0.58585 0.10489
vt 0.58504 0.10848
vt 0.58586 0.10848
vt 0.58505 0.11206
vt 0.58587 0.11206
vt 0.58505 0.11565
vt 0.58587 0.11564
vt 0.58506 0.11923
vt 0.58588 0.11923
vt 0.58506 0.12281
vt 0.58588 0.12281
vt 0.69895 0.0956
vt 0.70287 0.08979
vt 0.69954 0.08839
vt 0.69815 0.09526
vt 0.69958 0.09621
vt 0.70541 0.09233
vt 0.69993 0.09703
vt 0.70682 0.09566
vt 0.69993 0.09793
vt 0.70682 0.09932
vt 0.69958 0.09876
vt 0.70541 0.10269
vt 0.69894 0.09938
vt 0.70282 0.10522
vt 0.69813 0.0997
vt 0.6995 0.10658
vt 0.69725 0.09971
vt 0.69589 0.10659
vt 0.69642 0.09937
vt 0.69253 0.10519
vt 0.6958 0.09873
vt 0.68999 0.1026
vt 0.69548 0.09792
vt 0.68862 0.09926
vt 0.69547 0.09704
vt 0.68864 0.09566
vt 0.69582 0.09623
vt 0.69002 0.09234
vt 0.69643 0.0956
vt 0.69256 0.08979
vt 0.69725 0.09525
vt 0.6959 0.08838
vt 0.51697 0.13011
vt 0.51696 0.12659
vt 0.51697 0.13366
vt 0.51695 0.13721
vt 0.51693 0.14073
vt 0.51692 0.1442
vt 0.51675 0.14751
vt 0.51684 0.0949
vt 0.51666 0.09161
vt 0.51686 0.09836
vt 0.5169 0.10187
vt 0.51693 0.10541
vt 0.51694 0.10895
vt 0.51695 0.11248
vt 0.51696 0.116
vt 0.51698 0.11953
vt 0.51698 0.12307
vt 0.13065 0.62484
vt 0.13369 0.62483
vt 0.12761 0.62484
vt 0.12457 0.62485
vt 0.12152 0.62485
vt 0.11848 0.62485
vt 0.11544 0.62484
vt 0.11239 0.62484
vt 0.10935 0.62483
vt 0.10631 0.62482
vt 0.10328 0.62481
vt 0.10025 0.62479
vt 0.09725 0.62473
vt 0.14279 0.62479
vt 0.1458 0.62473
vt 0.13977 0.62481
vt 0.13674 0.62482
vt 0.95575 0.91933
vt 0.95924 0.92007
vt 0.95926 0.92304
vt 0.95571 0.92367
vt 0.96191 0.92054
vt 0.9619 0.92249
vt 0.96399 0.92094
vt 0.96403 0.92203
vt 0.95741 0.91533
vt 0.96034 0.91733
vt 0.96264 0.91878
vt 0.96437 0.91991
vt 0.96045 0.91228
vt 0.96239 0.9152
vt 0.96396 0.91745
vt 0.96515 0.91915
vt 0.96439 0.91065
vt 0.96508 0.91404
vt 0.96567 0.91664
vt 0.96613 0.91868
vt 0.96855 0.91061
vt 0.96801 0.9139
vt 0.96755 0.91662
vt 0.96723 0.91867
vt 0.97249 0.91197
vt 0.97075 0.91496
vt 0.96931 0.91726
vt 0.96825 0.91902
vt 0.97569 0.91477
vt 0.97292 0.91693
vt 0.97072 0.91851
vt 0.96905 0.91978
vt 0.97763 0.91862
vt 0.9742 0.9196
vt 0.97154 0.92023
vt 0.96951 0.92078
vt 0.97798 0.92298
vt 0.97438 0.92258
vt 0.97166 0.92216
vt 0.96954 0.92189
vt 0.97663 0.92722
vt 0.97339 0.92543
vt 0.97103 0.92402
vt 0.96916 0.92292
vt 0.97369 0.93072
vt 0.97135 0.92773
vt 0.96967 0.92543
vt 0.9684 0.9237
vt 0.96944 0.93287
vt 0.96852 0.92897
vt 0.96789 0.92628
vt 0.9674 0.92419
vt 0.96466 0.93287
vt 0.96543 0.92912
vt 0.96594 0.9263
vt 0.96629 0.9242
vt 0.96042 0.93102
vt 0.96255 0.92796
vt 0.96412 0.92562
vt 0.96524 0.92382
vt 0.95732 0.92777
vt 0.9604 0.92581
vt 0.96271 0.92428
vt 0.96445 0.92305
usemtl mat0
f 4809/4809/2519 4810/4810/2519 4811/4811/2519
f 4812/4812/2519 4809/4809/2519 4811/4811/2519
f 4813/4813/2519 4812/4812/2519 4811/4811/2519
f 4814/4814/2519 4813/4813/2519 4811/4811/2519
f 4815/4815/2519 4814/4814/2519 4811/4811/2519
f 4816/4816/2519 4815/4815/2519 4811/4811/2519
f 4817/4817/2519 4816/4816/2519 4811/4811/2519
f 4818/4818/2519 4817/4817/2519 4811/4811/2519
f 4819/4819/2519 4818/4818/2519 4811/4811/2519
f 4820/4820/2519 4819/4819/2519 4811/4811/2519
f 4821/4821/2519 4820/4820/2519 4811/4811/2519
f 4822/4822/2519 4821/4821/2519 4811/4811/2519
f 4823/4823/2519 4822/4822/2519 4811/4811/2519
f 4824/4824/2519 4823/4823/2519 4811/4811/2519
f 4825/4825/2519 4824/4824/2519 4811/4811/2519
f 4810/4810/2519 4825/4825/2519 4811/4811/2519
f 4826/4826/2520 4827/4827/2521 4828/4828/2522
f 4827/4827/2521 4829/4829/2523 4828/4828/2522
f 4829/4829/2523 4830/4830/2524 4828/4828/2522
f 4830/4830/2524 4831/4831/2525 4828/4828/2522
f 4831/4831/2525 4832/4832/2526 4828/4828/2522
f 4832/4832/2526 4833/4833/2527 4828/4828/2522
f 4833/4833/2527 4834/4834/2528 4828/4828/2522
f 4834/4834/2528 4835/4835/2529 4828/4828/2522
f 4835/4835/2529 4836/4836/2530 4828/4828/2522
f 4836/4836/2530 4837/4837/2531 4828/4828/2522
f 4837/4837/2531 4838/4838/2532 4828/4828/2522
f 4838/4838/2532 4839/4839/2533 4828/4828/2522
f 4839/4839/2533 4840/4840/2534 4828/4828/2522
f 4840/4840/2534 4841/4841/2535 4828/4828/2522
f 4841/4841/2535 4842/4842/2536 4828/4828/2522
f 4842/4842/2536 4826/4826/2520 4828/4828/2522
f 4843/4843/2537 4844/4844/2537 4845/4845/2538
f 4843/4843/2537 4845/4845/2538 4846/4846/2538
f 4847/4847/2539 4848/4848/2539 4844/4844/2537
f 4847/4847/2539 4844/4844/2537 4843/4843/2537
f 4849/4849/2540 4850/4850/2540 4848/4848/2539
f 4849/4849/2540 4848/4848/2539 4847/4847/2539
f 4851/4851/2541 4852/4852/2541 4850/4850/2540
f 4851/4851/2541 4850/4850/2540 4849/4849/2540
f 4853/4853/2542 4854/4854/2542 4852/4852/2541
f 4853/4853/2542 4852/4852/2541 4851/4851/2541
f 4855/4855/2543 4856/4856/2543 4854/4854/2542
f 4855/4855/2543 4854/4854/2542 4853/4853/2542
f 4857/4857/2544 4858/4858/2544 4856/4856/2543
f 4857/4857/2544 4856/4856/2543 4855/4855/2543
f 4859/4859/2545 4860/4860/2545 4858/4858/2544
f 4859/4859/2545 4858/4858/2544 4857/4857/2544
f 4861/4861/2546 4862/4862/2546 4860/4860/2545
f 4861/4861/2546 4860/4860/2545 4859/4859/2545
f 4863/4863/2547 4864/4864/2547 4862/4862/2546
f 4863/4863/2547 4862/4862/2546 4861/4861/2546
f 4865/4865/2548 4866/4866/2548 4864/4864/2547
f 4865/4865/2548 4864/4864/2547 4863/4863/2547
f 4867/4867/2549 4868/4868/2549 4866/4866/2548
f 4867/4867/2549 4866/4866/2548 4865/4865/2548
f 4869/4869/2550 4870/4870/2550 4871/4871/2549
f 4869/4869/2550 4871/4871/2549 4872/4872/2549
f 4873/4873/2551 4874/4874/2551 4870/4870/2550
f 4873/4873/2551 4870/4870/2550 4869/4869/2550
f 4875/4875/2552 4876/4876/2552 4874/4874/2551
f 4875/4875/2552 4874/4874/2551 4873/4873/2551
f 4846/4846/2538 4845/4845/2538 4876/4876/2552
f 4846/4846/2538 4876/4876/2552 4875/4875/2552
f 4877/4877/2553 4878/4878/2554 4879/4879/2555
f 4877/4877/2553 4879/4879/2555 4880/4880/2556
f 4881/4881/2541 4882/4882/2557 4878/4878/2554
f 4881/4881/2541 4878/4878/2554 4877/4877/2553
f 4883/4883/2558 4884/4884/2559 4882/4882/2557
f 4883/4883/2558 4882/4882/2557 4881/4881/2541
f 4885/4885/2560 4886/4886/2561 4884/4884/2559
f 4885/4885/2560 4884/4884/2559 4883/4883/2558
f 4887/4887/2562 4888/4888/2563 4886/4886/2561
f 4887/4887/2562 4886/4886/2561 4885/4885/2560
f 4889/4889/2564 4890/4890/2565 4888/4888/2563
f 4889/4889/2564 4888/4888/2563 4887/4887/2562
f 4891/4891/2566 4892/4892/2567 4890/4890/2565
f 4891/4891/2566 4890/4890/2565 4889/4889/2564
f 4893/4893/2568 4894/4894/2569 4892/4892/2567
f 4893/4893/2568 4892/4892/2567 4891/4891/2566
f 4895/4895/2570 4896/4896/2571 4894/4894/2569
f 4895/4895/2570 4894/4894/2569 4893/4893/2568
f 4897/4897/2549 4898/4898/2572 4896/4896/2571
f 4897/4897/2549 4896/4896/2571 4895/4895/2570
f 4899/4899/2573 4900/4900/2574 4901/4901/2572
f 4899/4899/2573 4901/4901/2572 4902/4902/2549
f 4903/4903/2575 4904/4904/2576 4900/4900/2574
f 4903/4903/2575 4900/4900/2574 4899/4899/2573
f 4905/4905/2577 4906/4906/2578 4904/4904/2576
f 4905/4905/2577 4904/4904/2576 4903/4903/2575
f 4907/4907/2579 4908/4908/2580 4906/4906/2578
f 4907/4907/2579 4906/4906/2578 4905/4905/2577
f 4909/4909/2581 4910/4910/2582 4908/4908/2580
f 4909/4909/2581 4908/4908/2580 4907/4907/2579
f 4880/4880/2556 4879/4879/2555 4910/4910/2582
f 4880/4880/2556 4910/4910/2582 4909/4909/2581
f 4911/4911/2583 4912/4912/2583 4913/4913/2539
f 4911/4911/2583 4913/4913/2539 4914/4914/2539
f 4915/4915/2584 4916/4916/2584 4912/4912/2583
f 4915/4915/2584 4912/4912/2583 4911/4911/2583
f 4917/4917/2585 4918/4918/2585 4916/4916/2584
f 4917/4917/2585 4916/4916/2584 4915/4915/2584
f 4919/4919/2586 4920/4920/2586 4918/4918/2585
f 4919/4919/2586 4918/4918/2585 4917/4917/2585
f 4921/4921/2587 4922/4922/2587 4920/4920/2586
f 4921/4921/2587 4920/4920/2586 4919/4919/2586
f 4923/4923/2549 4924/4924/2549 4922/4922/2587
f 4923/4923/2549 4922/4922/2587 4921/4921/2587
f 4925/4925/2588 4926/4926/2588 4927/4927/2549
f 4925/4925/2588 4927/4927/2549 4928/4928/2549
f 4929/4929/2589 4930/4930/2589 4926/4926/2588
f 4929/4929/2589 4926/4926/2588 4925/4925/2588
f 4931/4931/2590 4932/4932/2590 4930/4930/2589
f 4931/4931/2590 4930/4930/2589 4929/4929/2589
f 4933/4933/2591 4934/4934/2591 4932/4932/2590
f 4933/4933/2591 4932/4932/2590 4931/4931/2590
f 4935/4935/2592 4936/4936/2592 4934/4934/2591
f 4935/4935/2592 4934/4934/2591 4933/4933/2591
f 4937/4937/2543 4938/4938/2543 4936/4936/2592
f 4937/4937/2543 4936/4936/2592 4935/4935/2592
f 4939/4939/2593 4940/4940/2593 4938/4938/2543
f 4939/4939/2593 4938/4938/2543 4937/4937/2543
f 4941/4941/2541 4942/4942/2541 4940/4940/2593
f 4941/4941/2541 4940/4940/2593 4939/4939/2593
f 4943/4943/2594 4944/4944/2594 4942/4942/2541
f 4943/4943/2594 4942/4942/2541 4941/4941/2541
f 4914/4914/2539 4913/4913/2539 4944/4944/2594
f 4914/4914/2539 4944/4944/2594 4943/4943/2594
f 4945/4945/2595 4946/4946/2595 4947/4947/2596
f 4945/4945/2595 4947/4947/2596 4948/4948/2596
f 4949/4949/2597 4950/4950/2597 4946/4946/2595
f 4949/4949/2597 4946/4946/2595 4945/4945/2595
f 4951/4951/2598 4952/4952/2598 4950/4950/2597
f 4951/4951/2598 4950/4950/2597 4949/4949/2597
f 4953/4953/2599 4954/4954/2599 4952/4952/2598
f 4953/4953/2599 4952/4952/2598 4951/4951/2598
f 4955/4955/2600 4956/4956/2600 4954/4954/2599
f 4955/4955/2600 4954/4954/2599 4953/4953/2599
f 4957/4957/2549 4958/4958/2549 4956/4956/2600
f 4957/4957/2549 4956/4956/2600 4955/4955/2600
f 4959/4959/2601 4960/4960/2601 4961/4961/2549
f 4959/4959/2601 4961/4961/2549 4962/4962/2549
f 4963/4963/2602 4964/4964/2602 4960/4960/2601
f 4963/4963/2602 4960/4960/2601 4959/4959/2601
f 4965/4965/2603 4966/4966/2603 4964/4964/2602
f 4965/4965/2603 4964/4964/2602 4963/4963/2602
f 4967/4967/2604 4968/4968/2604 4966/4966/2603
f 4967/4967/2604 4966/4966/2603 4965/4965/2603
f 4969/4969/2605 4970/4970/2605 4968/4968/2604
f 4969/4969/2605 4968/4968/2604 4967/4967/2604
f 4971/4971/2606 4972/4972/2606 4970/4970/2605
f 4971/4971/2606 4970/4970/2605 4969/4969/2605
f 4973/4973/2607 4974/4974/2607 4972/4972/2606
f 4973/4973/2607 4972/4972/2606 4971/4971/2606
f 4975/4975/2541 4976/4976/2541 4974/4974/2607
f 4975/4975/2541 4974/4974/2607 4973/4973/2607
f 4977/4977/2608 4978/4978/2608 4976/4976/2541
f 4977/4977/2608 4976/4976/2541 4975/4975/2541
f 4948/4948/2596 4947/4947/2596 4978/4978/2608
f 4948/4948/2596 4978/4978/2608 4977/4977/2608
f 4946/4946/2609 4911/4911/2609 4914/4914/2609
f 4946/4946/2609 4914/4914/2609 4947/4947/2609
f 4948/4948/2519 4847/4847/2519 4843/4843/2519
f 4948/4948/2519 4843/4843/2519 4945/4945/2519
f 4950/4950/2609 4915/4915/2609 4911/4911/2609
f 4950/4950/2609 4911/4911/2609 4946/4946/2609
f 4945/4945/2519 4843/4843/2519 4846/4846/2519
f 4945/4945/2519 4846/4846/2519 4949/4949/2519
f 4952/4952/2609 4917/4917/2609 4915/4915/2609
f 4952/4952/2609 4915/4915/2609 4950/4950/2609
f 4949/4949/2519 4846/4846/2519 4875/4875/2519
f 4949/4949/2519 4875/4875/2519 4951/4951/2519
f 4954/4954/2609 4919/4919/2609 4917/4917/2609
f 4954/4954/2609 4917/4917/2609 4952/4952/2609
f 4951/4951/2519 4875/4875/2519 4873/4873/2519
f 4951/4951/2519 4873/4873/2519 4953/4953/2519
f 4956/4956/2609 4921/4921/2609 4919/4919/2609
f 4956/4956/2609 4919/4919/2609 4954/4954/2609
f 4953/4953/2519 4873/4873/2519 4869/4869/2519
f 4953/4953/2519 4869/4869/2519 4955/4955/2519
f 4958/4958/2609 4923/4923/2609 4921/4921/2609
f 4958/4958/2609 4921/4921/2609 4956/4956/2609
f 4955/4955/2519 4869/4869/2519 4872/4872/2519
f 4955/4955/2519 4872/4872/2519 4957/4957/2519
f 4960/4960/2609 4925/4925/2609 4928/4928/2609
f 4960/4960/2609 4928/4928/2609 4961/4961/2609
f 4962/4962/2519 4867/4867/2519 4865/4865/2519
f 4962/4962/2519 4865/4865/2519 4959/4959/2519
f 4964/4964/2609 4929/4929/2609 4925/4925/2609
f 4964/4964/2609 4925/4925/2609 4960/4960/2609
f 4959/4959/2519 4865/4865/2519 4863/4863/2519
f 4959/4959/2519 4863/4863/2519 4963/4963/2519
f 4966/4966/2609 4931/4931/2609 4929/4929/2609
f 4966/4966/2609 4929/4929/2609 4964/4964/2609
f 4963/4963/2519 4863/4863/2519 4861/4861/2519
f 4963/4963/2519 4861/4861/2519 4965/4965/2519
f 4968/4968/2609 4933/4933/2609 4931/4931/2609
f 4968/4968/2609 4931/4931/2609 4966/4966/2609
f 4965/4965/2519 4861/4861/2519 4859/4859/2519
f 4965/4965/2519 4859/4859/2519 4967/4967/2519
f 4970/4970/2609 4935/4935/2609 4933/4933/2609
f 4970/4970/2609 4933/4933/2609 4968/4968/2609
f 4967/4967/2519 4859/4859/2519 4857/4857/2519
f 4967/4967/2519 4857/4857/2519 4969/4969/2519
f 4972/4972/2609 4937/4937/2609 4935/4935/2609
f 4972/4972/2609 4935/4935/2609 4970/4970/2609
f 4969/4969/2519 4857/4857/2519 4855/4855/2519
f 4969/4969/2519 4855/4855/2519 4971/4971/2519
f 4974/4974/2609 4939/4939/2609 4937/4937/2609
f 4974/4974/2609 4937/4937/2609 4972/4972/2609
f 4971/4971/2519 4855/4855/2519 4853/4853/2519
f 4971/4971/2519 4853/4853/2519 4973/4973/2519
f 4976/4976/2609 4941/4941/2609 4939/4939/2609
f 4976/4976/2609 4939/4939/2609 4974/4974/2609
f 4973/4973/2519 4853/4853/2519 4851/4851/2519
f 4973/4973/2519 4851/4851/2519 4975/4975/2519
f 4978/4978/2609 4943/4943/2609 4941/4941/2609
f 4978/4978/2609 4941/4941/2609 4976/4976/2609
f 4975/4975/2519 4851/4851/2519 4849/4849/2519
f 4975/4975/2519 4849/4849/2519 4977/4977/2519
f 4947/4947/2609 4914/4914/2609 4943/4943/2609
f 4947/4947/2609 4943/4943/2609 4978/4978/2609
f 4977/4977/2519 4849/4849/2519 4847/4847/2519
f 4977/4977/2519 4847/4847/2519 4948/4948/2519
f 4979/4979/2519 4980/4980/2519 4981/4981/2519
f 4979/4979/2519 4981/4981/2519 4982/4982/2519
f 4983/4983/2519 4984/4984/2519 4980/4980/2519
f 4983/4983/2519 4980/4980/2519 4979/4979/2519
f 4985/4985/2519 4986/4986/2519 4984/4984/2519
f 4985/4985/2519 4984/4984/2519 4983/4983/2519
f 4987/4987/2519 4988/4988/2519 4986/4986/2519
f 4987/4987/2519 4986/4986/2519 4985/4985/2519
f 4989/4989/2519 4990/4990/2519 4988/4988/2519
f 4989/4989/2519 4988/4988/2519 4987/4987/2519
f 4991/4991/2519 4992/4992/2519 4990/4990/2519
f 4991/4991/2519 4990/4990/2519 4989/4989/2519
f 4993/4993/2519 4994/4994/2519 4992/4992/2519
f 4993/4993/2519 4992/4992/2519 4991/4991/2519
f 4995/4995/2519 4996/4996/2519 4994/4994/2519
f 4995/4995/2519 4994/4994/2519 4993/4993/2519
f 4997/4997/2519 4998/4998/2519 4996/4996/2519
f 4997/4997/2519 4996/4996/2519 4995/4995/2519
f 4999/4999/2519 5000/5000/2519 4998/4998/2519
f 4999/4999/2519 4998/4998/2519 4997/4997/2519
f 5001/5001/2519 5002/5002/2519 5000/5000/2519
f 5001/5001/2519 5000/5000/2519 4999/4999/2519
f 5003/5003/2519 5004/5004/2519 5002/5002/2519
f 5003/5003/2519 5002/5002/2519 5001/5001/2519
f 5005/5005/2519 5006/5006/2519 5004/5004/2519
f 5005/5005/2519 5004/5004/2519 5003/5003/2519
f 5007/5007/2519 5008/5008/2519 5006/5006/2519
f 5007/5007/2519 5006/5006/2519 5005/5005/2519
f 5009/5009/2519 5010/5010/2519 5008/5008/2519
f 5009/5009/2519 5008/5008/2519 5007/5007/2519
f 4982/4982/2519 4981/4981/2519 5010/5010/2519
f 4982/4982/2519 5010/5010/2519 5009/5009/2519
f 4809/4809/2610 4979/4979/2610 4982/4982/2611
f 4809/4809/2610 4982/4982/2611 4810/4810/2611
f 4812/4812/2612 4983/4983/2612 4979/4979/2610
f 4812/4812/2612 4979/4979/2610 4809/4809/2610
f 4813/4813/2613 4985/4985/2613 4983/4983/2612
f 4813/4813/2613 4983/4983/2612 4812/4812/2612
f 4814/4814/2614 4987/4987/2614 4985/4985/2613
f 4814/4814/2614 4985/4985/2613 4813/4813/2613
f 4815/4815/2615 4989/4989/2615 4987/4987/2614
f 4815/4815/2615 4987/4987/2614 4814/4814/2614
f 4816/4816/2616 4991/4991/2616 4989/4989/2615
f 4816/4816/2616 4989/4989/2615 4815/4815/2615
f 4817/4817/2617 4993/4993/2617 4991/4991/2616
f 4817/4817/2617 4991/4991/2616 4816/4816/2616
f 4818/4818/2618 4995/4995/2618 4993/4993/2617
f 4818/4818/2618 4993/4993/2617 4817/4817/2617
f 4819/4819/2619 4997/4997/2619 4995/4995/2618
f 4819/4819/2619 4995/4995/2618 4818/4818/2618
f 4820/4820/2620 4999/4999/2620 4997/4997/2619
f 4820/4820/2620 4997/4997/2619 4819/4819/2619
f 4821/4821/2621 5001/5001/2621 4999/4999/2620
f 4821/4821/2621 4999/4999/2620 4820/4820/2620
f 4822/4822/2622 5003/5003/2622 5001/5001/2621
f 4822/4822/2622 5001/5001/2621 4821/4821/2621
f 4823/4823/2623 5005/5005/2623 5003/5003/2622
f 4823/4823/2623 5003/5003/2622 4822/4822/2622
f 4824/4824/2624 5007/5007/2624 5005/5005/2623
f 4824/4824/2624 5005/5005/2623 4823/4823/2623
f 4825/4825/2625 5009/5009/2625 5007/5007/2624
f 4825/4825/2625 5007/5007/2624 4824/4824/2624
f 4810/4810/2611 4982/4982/2611 5009/5009/2625
f 4810/4810/2611 5009/5009/2625 4825/4825/2625
f 5011/5011/2626 4844/4844/2626 4848/4848/2627
f 5011/5011/2626 4848/4848/2627 5012/5012/2627
f 5013/5013/2628 4845/4845/2628 4844/4844/2626
f 5013/5013/2628 4844/4844/2626 5011/5011/2626
f 5014/5014/2629 4876/4876/2629 4845/4845/2628
f 5014/5014/2629 4845/4845/2628 5013/5013/2628
f 5015/5015/2630 4874/4874/2630 4876/4876/2629
f 5015/5015/2630 4876/4876/2629 5014/5014/2629
f 5016/5016/2631 4870/4870/2631 4874/4874/2630
f 5016/5016/2631 4874/4874/2630 5015/5015/2630
f 5017/5017/2632 4871/4871/2632 4870/4870/2631
f 5017/5017/2632 4870/4870/2631 5016/5016/2631
f 5018/5018/2633 4866/4866/2633 4868/4868/2632
f 5018/5018/2633 4868/4868/2632 5019/5019/2632
f 5020/5020/2634 4864/4864/2634 4866/4866/2633
f 5020/5020/2634 4866/4866/2633 5018/5018/2633
f 5021/5021/2635 4862/4862/2635 4864/4864/2634
f 5021/5021/2635 4864/4864/2634 5020/5020/2634
f 5022/5022/2636 4860/4860/2636 4862/4862/2635
f 5022/5022/2636 4862/4862/2635 5021/5021/2635
f 5023/5023/2637 4858/4858/2637 4860/4860/2636
f 5023/5023/2637 4860/4860/2636 5022/5022/2636
f 5024/5024/2638 4856/4856/2638 4858/4858/2637
f 5024/5024/2638 4858/4858/2637 5023/5023/2637
f 5025/5025/2639 4854/4854/2639 4856/4856/2638
f 5025/5025/2639 4856/4856/2638 5024/5024/2638
f 5026/5026/2640 4852/4852/2640 4854/4854/2639
f 5026/5026/2640 4854/4854/2639 5025/5025/2639
f 5027/5027/2641 4850/4850/2641 4852/4852/2640
f 5027/5027/2641 4852/4852/2640 5026/5026/2640
f 5012/5012/2627 4848/4848/2627 4850/4850/2641
f 5012/5012/2627 4850/4850/2641 5027/5027/2641
f 4910/4910/2582 5028/5028/2642 5029/5029/2643
f 4910/4910/2582 5029/5029/2643 4908/4908/2580
f 4879/4879/2555 5030/5030/2644 5028/5028/2642
f 4879/4879/2555 5028/5028/2642 4910/4910/2582
f 4878/4878/2554 5031/5031/2645 5030/5030/2644
f 4878/4878/2554 5030/5030/2644 4879/4879/2555
f 4882/4882/2557 5032/5032/2646 5031/5031/2645
f 4882/4882/2557 5031/5031/2645 4878/4878/2554
f 4884/4884/2559 5033/5033/2647 5032/5032/2646
f 4884/4884/2559 5032/5032/2646 4882/4882/2557
f 4886/4886/2561 5034/5034/2648 5033/5033/2647
f 4886/4886/2561 5033/5033/2647 4884/4884/2559
f 4888/4888/2563 5035/5035/2649 5034/5034/2648
f 4888/4888/2563 5034/5034/2648 4886/4886/2561
f 4890/4890/2565 5036/5036/2650 5035/5035/2649
f 4890/4890/2565 5035/5035/2649 4888/4888/2563
f 4892/4892/2567 5037/5037/2651 5036/5036/2650
f 4892/4892/2567 5036/5036/2650 4890/4890/2565
f 4894/4894/2569 5038/5038/2652 5037/5037/2651
f 4894/4894/2569 5037/5037/2651 4892/4892/2567
f 4896/4896/2571 5039/5039/2653 5038/5038/2652
f 4896/4896/2571 5038/5038/2652 4894/4894/2569
f 4898/4898/2572 5040/5040/2654 5039/5039/2653
f 4898/4898/2572 5039/5039/2653 4896/4896/2571
f 4900/4900/2574 5041/5041/2655 5042/5042/2654
f 4900/4900/2574 5042/5042/2654 4901/4901/2572
f 4904/4904/2576 5043/5043/2656 5041/5041/2655
f 4904/4904/2576 5041/5041/2655 4900/4900/2574
f 4906/4906/2578 5044/5044/2657 5043/5043/2656
f 4906/4906/2578 5043/5043/2656 4904/4904/2576
f 4908/4908/2580 5029/5029/2643 5044/5044/2657
f 4908/4908/2580 5044/5044/2657 4906/4906/2578
f 5045/5045/2642 5046/5046/2658 5047/5047/2659
f 5045/5045/2642 5047/5047/2659 5048/5048/2643
f 5046/5046/2658 5049/5049/2660 5050/5050/2661
f 5046/5046/2658 5050/5050/2661 5047/5047/2659
f 5049/5049/2660 5051/5051/2662 5052/5052/2663
f 5049/5049/2660 5052/5052/2663 5050/5050/2661
f 5051/5051/2662 4827/4827/2521 4826/4826/2520
f 5051/5051/2662 4826/4826/2520 5052/5052/2663
f 5053/5053/2644 5054/5054/2664 5046/5046/2658
f 5053/5053/2644 5046/5046/2658 5045/5045/2642
f 5054/5054/2664 5055/5055/2665 5049/5049/2660
f 5054/5054/2664 5049/5049/2660 5046/5046/2658
f 5055/5055/2665 5056/5056/2666 5051/5051/2662
f 5055/5055/2665 5051/5051/2662 5049/5049/2660
f 5056/5056/2666 4829/4829/2523 4827/4827/2521
f 5056/5056/2666 4827/4827/2521 5051/5051/2662
f 5057/5057/2645 5058/5058/2667 5054/5054/2664
f 5057/5057/2645 5054/5054/2664 5053/5053/2644
f 5058/5058/2667 5059/5059/2668 5055/5055/2665
f 5058/5058/2667 5055/5055/2665 5054/5054/2664
f 5059/5059/2668 5060/5060/2669 5056/5056/2666
f 5059/5059/2668 5056/5056/2666 5055/5055/2665
f 5060/5060/2669 4830/4830/2524 4829/4829/2523
f 5060/5060/2669 4829/4829/2523 5056/5056/2666
f 5061/5061/2646 5062/5062/2670 5058/5058/2667
f 5061/5061/2646 5058/5058/2667 5057/5057/2645
f 5062/5062/2670 5063/5063/2671 5059/5059/2668
f 5062/5062/2670 5059/5059/2668 5058/5058/2667
f 5063/5063/2671 5064/5064/2672 5060/5060/2669
f 5063/5063/2671 5060/5060/2669 5059/5059/2668
f 5064/5064/2672 4831/4831/2525 4830/4830/2524
f 5064/5064/2672 4830/4830/2524 5060/5060/2669
f 5065/5065/2647 5066/5066/2673 5062/5062/2670
f 5065/5065/2647 5062/5062/2670 5061/5061/2646
f 5066/5066/2673 5067/5067/2674 5063/5063/2671
f 5066/5066/2673 5063/5063/2671 5062/5062/2670
f 5067/5067/2674 5068/5068/2675 5064/5064/2672
f 5067/5067/2674 5064/5064/2672 5063/5063/2671
f 5068/5068/2675 4832/4832/2526 4831/4831/2525
f 5068/5068/2675 4831/4831/2525 5064/5064/2672
f 5069/5069/2648 5070/5070/2676 5066/5066/2673
f 5069/5069/2648 5066/5066/2673 5065/5065/2647
f 5070/5070/2676 5071/5071/2677 5067/5067/2674
f 5070/5070/2676 5067/5067/2674 5066/5066/2673
f 5071/5071/2677 5072/5072/2678 5068/5068/2675
f 5071/5071/2677 5068/5068/2675 5067/5067/2674
f 5072/5072/2678 4833/4833/2527 4832/4832/2526
f 5072/5072/2678 4832/4832/2526 5068/5068/2675
f 5073/5073/2649 5074/5074/2679 5070/5070/2676
f 5073/5073/2649 5070/5070/2676 5069/5069/2648
f 5074/5074/2679 5075/5075/2680 5071/5071/2677
f 5074/5074/2679 5071/5071/2677 5070/5070/2676
f 5075/5075/2680 5076/5076/2681 5072/5072/2678
f 5075/5075/2680 5072/5072/2678 5071/5071/2677
f 5076/5076/2681 4834/4834/2528 4833/4833/2527
f 5076/5076/2681 4833/4833/2527 5072/5072/2678
f 5077/5077/2650 5078/5078/2682 5074/5074/2679
f 5077/5077/2650 5074/5074/2679 5073/5073/2649
f 5078/5078/2682 5079/5079/2683 5075/5075/2680
f 5078/5078/2682 5075/5075/2680 5074/5074/2679
f 5079/5079/2683 5080/5080/2684 5076/5076/2681
f 5079/5079/2683 5076/5076/2681 5075/5075/2680
f 5080/5080/2684 4835/4835/2529 4834/4834/2528
f 5080/5080/2684 4834/4834/2528 5076/5076/2681
f 5081/5081/2651 5082/5082/2685 5078/5078/2682
f 5081/5081/2651 5078/5078/2682 5077/5077/2650
f 5082/5082/2685 5083/5083/2686 5079/5079/2683
f 5082/5082/2685 5079/5079/2683 5078/5078/2682
f 5083/5083/2686 5084/5084/2687 5080/5080/2684
f 5083/5083/2686 5080/5080/2684 5079/5079/2683
f 5084/5084/2687 4836/4836/2530 4835/4835/2529
f 5084/5084/2687 4835/4835/2529 5080/5080/2684
f 5085/5085/2652 5086/5086/2688 5082/5082/2685
f 5085/5085/2652 5082/5082/2685 5081/5081/2651
f 5086/5086/2688 5087/5087/2689 5083/5083/2686
f 5086/5086/2688 5083/5083/2686 5082/5082/2685
f 5087/5087/2689 5088/5088/2690 5084/5084/2687
f 5087/5087/2689 5084/5084/2687 5083/5083/2686
f 5088/5088/2690 4837/4837/2531 4836/4836/2530
f 5088/5088/2690 4836/4836/2530 5084/5084/2687
f 5089/5089/2653 5090/5090/2691 5086/5086/2688
f 5089/5089/2653 5086/5086/2688 5085/5085/2652
f 5090/5090/2691 5091/5091/2692 5087/5087/2689
f 5090/5090/2691 5087/5087/2689 5086/5086/2688
f 5091/5091/2692 5092/5092/2693 5088/5088/2690
f 5091/5091/2692 5088/5088/2690 5087/5087/2689
f 5092/5092/2693 4838/4838/2532 4837/4837/2531
f 5092/5092/2693 4837/4837/2531 5088/5088/2690
f 5093/5093/2654 5094/5094/2694 5090/5090/2691
f 5093/5093/2654 5090/5090/2691 5089/5089/2653
f 5094/5094/2694 5095/5095/2695 5091/5091/2692
f 5094/5094/2694 5091/5091/2692 5090/5090/2691
f 5095/5095/2695 5096/5096/2696 5092/5092/2693
f 5095/5095/2695 5092/5092/2693 5091/5091/2692
f 5096/5096/2696 4839/4839/2533 4838/4838/2532
f 5096/5096/2696 4838/4838/2532 5092/5092/2693
f 5097/5097/2655 5098/5098/2697 5094/5094/2694
f 5097/5097/2655 5094/5094/2694 5093/5093/2654
f 5098/5098/2697 5099/5099/2698 5095/5095/2695
f 5098/5098/2697 5095/5095/2695 5094/5094/2694
f 5099/5099/2698 5100/5100/2699 5096/5096/2696
f 5099/5099/2698 5096/5096/2696 5095/5095/2695
f 5100/5100/2699 4840/4840/2534 4839/4839/2533
f 5100/5100/2699 4839/4839/2533 5096/5096/2696
f 5101/5101/2656 5102/5102/2700 5098/5098/2697
f 5101/5101/2656 5098/5098/2697 5097/5097/2655
f 5102/5102/2700 5103/5103/2701 5099/5099/2698
f 5102/5102/2700 5099/5099/2698 5098/5098/2697
f 5103/5103/2701 5104/5104/2702 5100/5100/2699
f 5103/5103/2701 5100/5100/2699 5099/5099/2698
f 5104/5104/2702 4841/4841/2535 4840/4840/2534
f 5104/5104/2702 4840/4840/2534 5100/5100/2699
f 5105/5105/2657 5106/5106/2703 5102/5102/2700
f 5105/5105/2657 5102/5102/2700 5101/5101/2656
f 5106/5106/2703 5107/5107/2704 5103/5103/2701
f 5106/5106/2703 5103/5103/2701 5102/5102/2700
f 5107/5107/2704 5108/5108/2705 5104/5104/2702
f 5107/5107/2704 5104/5104/2702 5103/5103/2701
f 5108/5108/2705 4842/4842/2536 4841/4841/2535
f 5108/5108/2705 4841/4841/2535 5104/5104/2702
f 5048/5048/2643 5047/5047/2659 5106/5106/2703
f 5048/5048/2643 5106/5106/2703 5105/5105/2657
f 5047/5047/2659 5050/5050/2661 5107/5107/2704
f 5047/5047/2659 5107/5107/2704 5106/5106/2703
f 5050/5050/2661 5052/5052/2663 5108/5108/2705
f 5050/5050/2661 5108/5108/2705 5107/5107/2704
f 5052/5052/2663 4826/4826/2520 4842/4842/2536
f 5052/5052/2663 4842/4842/2536 5108/5108/2705
# Vertices: 300, normals: 187, texture coordinates: 300, faces: 480

o obj5
v 4.91474056 9.89596748 28.54295725
v 4.84592056 9.89596743 28.84603638
v 3.89395261 9.89596732 29.54403848
v 4.69738531 11.20370039 27.64103285
v 4.47254753 11.20370043 27.4116644
v 3.91391397 11.20370046 27.22896758
v 2.87561727 11.2037005 26.97040585
v 1.87398577 11.20370008 29.54527513
v 3.26658392 11.20370047 27.16758887
v 4.19601965 9.89596769 27.2721991
v 4.47254753 9.89596767 27.41166419
v 3.91391397 9.8959677 27.22896737
v 4.69738531 9.89596763 27.64103264
v 4.84670687 9.89596758 27.92511577
v 4.91474056 9.89596753 28.22895235
v 4.69403648 9.89596739 29.12969417
v 4.46422148 9.89596735 29.35950822
v 4.18056297 11.20370009 29.49974624
v 4.46422148 11.20370011 29.35950843
v 4.84592056 11.20370019 28.84603659
v 3.89395261 11.20370008 29.54403869
v 4.91474056 11.20370024 28.54295746
v 4.91474056 11.20370029 28.22895256
v 4.84670687 11.20370034 27.92511598
v 1.87398577 9.89596732 29.54527492
v 1.87398577 9.89596942 16.67318029
v 2.30963564 9.89596792 25.8587988
v 3.26658392 9.89596771 27.16758865
v 2.30963564 11.20370209 17.2133731
v 1.87398577 11.20370218 16.6731805
v 2.30963564 11.20370068 25.85879902
v 4.18056297 9.89596733 29.49974603
v 4.69403648 11.20370015 29.12969438
v 2.19678879 9.89596937 16.96135778
v 2.30963564 9.89596933 17.21337289
v 2.36743951 9.89596786 26.25133795
v 2.5597682 9.89596779 26.64819497
v 2.87561727 9.89596774 26.97040564
v 2.5597682 11.20370055 26.64819518
v 2.36743951 11.20370062 26.25133816
v 2.19678879 11.20370213 16.96135799
v 4.19601965 11.20370045 27.27219931
v -1.97364795 12.00178296 30.33615975
v -1.97255695 11.06098435 30.3361596
v -1.67672336 11.06098435 30.3361596
v -1.97255695 11.06098504 26.07178958
v -1.97255695 11.06098435 30.3361596
v -1.97364795 12.00178296 30.33615975
v -1.67672336 11.06098504 26.07178958
v -1.67672336 10.82429657 25.87427673
v -1.67672336 10.40210074 25.87427666
v -0.37682045 11.46477506 15.14405342
v 0.69627333 11.25132332 15.14405338
v -0.69627333 9.8587769 15.14405316
v 0.69627333 9.8587769 15.14405316
v 0.90972507 10.93187082 15.14405333
v 0.90972507 10.17823044 15.14405321
v 0.37682045 9.64532623 15.14405312
v -0 9.57037131 15.14405311
v -0.37682045 9.64532623 15.14405312
v -0.98467922 10.55505009 15.14405327
v -0.69627333 11.25132332 15.14405338
v -0 11.53972993 15.14405343
v 0.37682045 11.46477506 15.14405342
v -0.90972507 10.93187082 15.14405333
v -0.90972507 10.17823044 15.14405321
v 0.98467922 10.55505009 15.14405327
v 0.37682045 11.46477253 30.67277428
v -0.69627333 11.25132079 30.67277424
v 0.69627333 9.85877437 30.67277401
v -0.69627333 9.85877437 30.67277401
v -0.90972507 10.93186829 30.67277419
v -0.90972507 10.17822791 30.67277407
v -0.37682045 9.6453237 30.67277398
v -0 9.57036878 30.67277397
v 0.37682045 9.6453237 30.67277398
v 0.98467922 10.55504756 30.67277413
v 0.69627333 11.25132079 30.67277424
v -0 11.5397274 30.67277429
v -0.37682045 11.46477253 30.67277428
v 0.90972507 10.93186829 30.67277419
v 0.90972507 10.17822791 30.67277407
v -0.98467922 10.55504756 30.67277413
v 1.97364795 9.41929168 30.33615933
v 1.97364795 12.00178296 30.33615975
v -1.97065318 9.41929168 30.33615933
v -1.67672336 10.1654104 30.33615945
v -1.97364795 12.00178528 16.07287602
v -1.97228253 10.82429657 25.87427673
v -1.97065318 9.419294 16.0728756
v -1.97179282 10.40210074 25.87427666
v -1.97151828 10.1654111 26.07178943
v -1.97065318 9.41929168 30.33615933
v -1.97151828 10.1654104 30.33615945
v -1.67672336 11.06098435 30.3361596
v -1.67672336 10.1654111 26.07178943
v -1.97151828 10.1654104 30.33615945
v -1.67672336 10.1654104 30.33615945
v 3.91563439 10.09348053 27.02941153
v 4.25695038 10.09348053 27.08171782
v 4.59069777 10.0934805 27.25004182
v 4.86104155 10.09348045 27.52583263
v 5.03768921 10.0934804 27.86629937
v 5.11225414 10.09348034 28.21448824
v 5.03665638 10.09348023 28.90589998
v 4.85668564 10.09348017 29.24637124
v 4.58089733 10.09348013 29.52215741
v 5.11225414 10.09348029 28.5577111
v 4.24042892 10.0934801 29.69048378
v 3.89223886 10.09348009 29.74278805
v 4.24042892 11.00618725 29.69048393
v 3.89223886 11.00618724 29.7427882
v 4.58089733 11.00618728 29.52215755
v 4.85668564 11.00618732 29.24637139
v 5.03665638 11.00618738 28.90590013
v 5.11225414 11.00618744 28.55771125
v 5.11225414 11.00618749 28.21448839
v 5.03768921 11.00618755 27.86629951
v 4.86104155 11.0061876 27.52583278
v 4.59069777 11.00618765 27.25004197
v 4.25695038 11.00618768 27.08171797
v 3.91563439 11.00618768 27.02941168
v 1.87398577 10.09348226 16.40841172
v 2.35980725 10.09348219 16.84212086
v 2.5071485 10.09348214 17.17117093
v 2.5071485 10.09348073 25.84433476
v 2.55842137 10.09348067 26.19252596
v 2.72342372 10.09348062 26.5329927
v 2.99376726 10.09348057 26.80878339
v 1.87398577 10.09348009 29.74278805
v 3.32751441 10.09348054 26.97710524
v 2.35980725 11.00618934 16.84212101
v 2.5071485 11.00618929 17.17117107
v 1.87398577 11.00618941 16.40841187
v 2.72342372 11.00618777 26.53299284
v 2.99376726 11.00618772 26.80878354
v 2.55842137 11.00618782 26.19252611
v 2.5071485 11.00618788 25.84433491
v 3.32751441 11.00618769 26.97710538
v 4.24042892 10.0934801 29.69048378
v 4.58089733 10.09348013 29.52215741
v 4.58089733 11.00618728 29.52215755
v 4.24042892 11.00618725 29.69048393
v 3.91563439 10.09348053 27.02941153
v 3.32751441 10.09348054 26.97710524
v 3.32751441 11.00618769 26.97710538
v 3.91563439 11.00618768 27.02941168
v 5.11225414 10.09348034 28.21448824
v 5.03768921 10.0934804 27.86629937
v 5.03768921 11.00618755 27.86629951
v 5.11225414 11.00618749 28.21448839
v 3.89223886 10.09348009 29.74278805
v 3.89223886 11.00618724 29.7427882
v 2.55842137 10.09348067 26.19252596
v 2.5071485 10.09348073 25.84433476
v 2.5071485 11.00618788 25.84433491
v 2.55842137 11.00618782 26.19252611
v 4.85668564 10.09348017 29.24637124
v 4.85668564 11.00618732 29.24637139
v 4.59069777 10.0934805 27.25004182
v 4.25695038 10.09348053 27.08171782
v 4.25695038 11.00618768 27.08171797
v 4.59069777 11.00618765 27.25004197
v 5.03665638 10.09348023 28.90589998
v 5.03665638 11.00618738 28.90590013
v 5.11225414 10.09348029 28.5577111
v 5.11225414 11.00618744 28.55771125
v 4.86104155 10.09348045 27.52583263
v 4.86104155 11.0061876 27.52583278
v 2.72342372 10.09348062 26.5329927
v 2.72342372 11.00618777 26.53299284
v 2.99376726 10.09348057 26.80878339
v 2.99376726 11.00618772 26.80878354
v 1.87398577 11.00618724 29.7427882
v 1.87398577 10.09348009 29.74278805
v 2.35980725 11.00618934 16.84212101
v 2.5071485 11.00618929 17.17117107
v 2.5071485 10.09348214 17.17117093
v 2.35980725 10.09348219 16.84212086
v 1.97364795 12.00178528 16.07287602
v -1.97364795 12.00178528 16.07287602
v -1.39651525 12.57891834 16.07287612
v 1.39651525 12.57891834 16.07287612
v 1.97364795 9.419294 16.0728756
v -1.97065318 9.419294 16.0728756
v -1.39651525 12.57891602 30.33615985
v 1.39651525 12.57891602 30.33615985
v 1.97364795 12.00178296 30.33615975
v 1.97364795 12.00178528 16.07287602
v 1.39651525 12.57891834 16.07287612
v 1.39651525 12.57891602 30.33615985
v -1.39651525 12.57891602 30.33615985
v -1.39651525 12.57891834 16.07287612
v 1.97364795 9.41929168 30.33615933
v 1.97364795 9.419294 16.0728756
v -1.97065318 9.41929168 30.33615933
v -1.97065318 9.419294 16.0728756
v 0.90972507 10.93187082 15.14405333
v 0.90972507 10.93187066 16.17830168
v 0.98467922 10.55504992 16.17830162
v 0.98467922 10.55505009 15.14405327
v 0.69627333 11.25132332 15.14405338
v 0.69627333 11.25132315 16.17830174
v 0.37682045 11.46477506 15.14405342
v 0.37682045 11.46477489 16.17830177
v -0 11.53972993 15.14405343
v -0 11.53972976 16.17830178
v -0.37682045 11.46477506 15.14405342
v -0.37682045 11.46477489 16.17830177
v -0.69627333 11.25132332 15.14405338
v -0.69627333 11.25132315 16.17830174
v -0.90972507 10.93187082 15.14405333
v -0.90972507 10.93187066 16.17830168
v -0.98467922 10.55505009 15.14405327
v -0.98467922 10.55504992 16.17830162
v -0.90972507 10.17823044 15.14405321
v -0.90972507 10.17823027 16.17830156
v -0.69627333 9.8587769 15.14405316
v -0.69627333 9.85877674 16.17830151
v -0.37682045 9.64532623 15.14405312
v -0.37682045 9.64532606 16.17830148
v -0 9.57037131 15.14405311
v -0 9.57037114 16.17830146
v 0.37682045 9.64532623 15.14405312
v 0.37682045 9.64532606 16.17830148
v -0 9.57037114 16.17830146
v -0 9.57037131 15.14405311
v 0.69627333 9.8587769 15.14405316
v 0.69627333 9.85877674 16.17830151
v 0.90972507 10.17823044 15.14405321
v 0.90972507 10.17823027 16.17830156
v -1.97228253 10.82429657 25.87427673
v -1.97179282 10.40210074 25.87427666
v -1.97255695 11.06098435 30.3361596
v -1.97255695 11.06098504 26.07178958
v -1.97151828 10.1654111 26.07178943
v -1.97151828 10.1654104 30.33615945
v -0.90972507 10.93186829 30.67277419
v -0.90972507 10.93186837 30.2261666
v -0.98467922 10.55504763 30.22616654
v -0.98467922 10.55504756 30.67277413
v -0.69627333 11.25132079 30.67277424
v -0.69627333 11.25132086 30.22616665
v -0.37682045 11.46477253 30.67277428
v -0.37682045 11.4647726 30.22616669
v -0 11.5397274 30.67277429
v -0 11.53972747 30.2261667
v 0.37682045 11.46477253 30.67277428
v 0.37682045 11.4647726 30.22616669
v 0.69627333 11.25132079 30.67277424
v 0.69627333 11.25132086 30.22616665
v 0.90972507 10.93186829 30.67277419
v 0.90972507 10.93186837 30.2261666
v 0.98467922 10.55504756 30.67277413
v 0.98467922 10.55504763 30.22616654
v 0.90972507 10.17822791 30.67277407
v 0.90972507 10.17822798 30.22616648
v 0.69627333 9.85877437 30.67277401
v 0.69627333 9.85877445 30.22616642
v 0.37682045 9.6453237 30.67277398
v 0.37682045 9.64532378 30.22616639
v -0 9.57036878 30.67277397
v -0 9.57036885 30.22616638
v -0.37682045 9.6453237 30.67277398
v -0.37682045 9.64532378 30.22616639
v -0 9.57036885 30.22616638
v -0 9.57036878 30.67277397
v -0.69627333 9.85877437 30.67277401
v -0.69627333 9.85877445 30.22616642
v -0.90972507 10.17822791 30.67277407
v -0.90972507 10.17822798 30.22616648
v 1.87398577 11.00618724 29.7427882
v 1.87398577 10.09348226 16.40841172
v 1.87398577 11.00618941 16.40841187
vn 0 -1 -0
vn 0 1 -0
vn 0 0 1
vn -1 -0.00116 0
vn -1 -0.00116 -0
vn -1 0 -0
vn 0 0 -1
vn -1 -0.00116 0
vn -1 -0.00116 0
vn -1 -0.00116 0
vn -1 -0.00116 0
vn -1 -0.00116 0
vn -1 -0.00116 -0
vn -1 -0.00116 0
vn 0.08596 -0.70694 -0.70203
vn 0.21409 -0.7115 -0.66928
vn 0.41447 -0.71187 -0.56697
vn 0.56892 -0.71095 -0.41337
vn 0.6615 -0.7104 -0.24031
vn 0.7008 -0.70932 -0.07582
vn 0.66042 -0.71018 0.2439
vn 0.56534 -0.71086 0.41841
vn 0.4094 -0.71182 0.57071
vn 0.70081 -0.70919 0.07689
vn 0.21127 -0.71081 0.6709
vn 0.05352 -0.70817 0.70401
vn 0.21129 0.7107 0.67102
vn 0.05354 0.70806 0.70412
vn 0.4094 0.71182 0.57071
vn 0.56521 0.71101 0.41834
vn 0.6601 0.71052 0.24377
vn 0.70062 0.70938 0.07684
vn 0.70098 0.70913 -0.07588
vn 0.66181 0.71007 -0.24044
vn 0.56905 0.71081 -0.41344
vn 0.41447 0.71187 -0.56697
vn 0.21409 0.7115 -0.66928
vn 0.08596 0.70678 -0.70219
vn 0.47091 -0.70711 -0.52749
vn 0.56433 -0.71495 -0.41276
vn 0.68374 -0.71495 -0.14609
vn 0.70427 -0.70805 -0.05158
vn 0.67183 -0.71122 -0.2069
vn 0.57439 -0.71176 -0.40433
vn 0.41447 -0.71188 -0.56697
vn 0.00022 -0.70821 0.706
vn 0.19328 -0.71302 -0.67397
vn 0.56433 0.71495 -0.41276
vn 0.68374 0.71495 -0.14609
vn 0.47091 0.70711 -0.52749
vn 0.57439 0.71176 -0.40433
vn 0.41447 0.71188 -0.56697
vn 0.67183 0.71122 -0.2069
vn 0.70427 0.70805 -0.05158
vn 0.19329 0.71287 -0.67414
vn 0.29946 0 0.95411
vn 0.58288 0 0.81255
vn 0.12009 0 -0.99276
vn 0.27435 0 -0.96163
vn 0.99444 0 -0.10529
vn 0.94115 0 -0.33799
vn 0.07448 0 0.99722
vn 0.95571 0 -0.29432
vn 0.99733 0 -0.07304
vn 0.80458 0 0.59385
vn 0.59015 0 -0.80729
vn 0.30467 0 -0.95246
vn 0.93936 0 0.34293
vn 0.99429 0 0.1067
vn 0.80978 0 -0.58673
vn 0.81772 0 -0.57561
vn 0.59015 0 -0.80729
vn 0.80714 0 -0.59036
vn 0.97793 0 -0.20895
vn 0.70711 0.70711 -0
vn -0.70711 0.70711 -0
vn 1 0 -0
vn 0.92388 0.38268 -0
vn 1 -0 -0
vn 0.70711 0.70711 -0
vn 0.38268 0.92388 -0
vn -0.38268 0.92388 -0
vn -0.70711 0.70711 -0
vn -0.92388 0.38268 -0
vn -1 -0 -0
vn -0.92388 -0.38268 -0
vn -0.70711 -0.70711 -0
vn -0.38268 -0.92388 -0
vn 0.38268 -0.92388 -0
vn 0.70711 -0.70711 -0
vn 0.92388 -0.38268 -0
vn 0 -0.34074 0.94016
vn 0 0.34074 0.94016
vn 0 0.6407 0.76779
vn 0 -0.64071 0.76779
vn -0.92388 0.38268 -0
vn -0.38268 0.92388 -0
vn 0.38268 0.92388 -0
vn 0.92388 0.38268 -0
vn 0.92388 -0.38268 -0
vn 0.70711 -0.70711 -0
vn -0.70711 -0.70711 -0
vn -0.92388 -0.38268 -0
vn 0.00022 0.70821 0.706
vn 0.66596 0 -0.74598
vt 0.98697 0.76158
vt 0.98627 0.75884
vt 0.97749 0.7526
vt 0.95599 0.43928
vt 0.95802 0.44136
vt 0.96301 0.44326
vt 0.97252 0.44594
vt 0.98215 0.4224
vt 0.96893 0.44403
vt 0.98061 0.77321
vt 0.98307 0.77187
vt 0.97809 0.77377
vt 0.9851 0.76979
vt 0.98644 0.76721
vt 0.98704 0.76444
vt 0.9848 0.7563
vt 0.98267 0.75425
vt 0.961 0.42249
vt 0.95842 0.42374
vt 0.95482 0.42833
vt 0.96359 0.42209
vt 0.95412 0.43107
vt 0.95405 0.43393
vt 0.95465 0.4367
vt 0.95894 0.75292
vt 0.95882 0.87232
vt 0.96327 0.78684
vt 0.97216 0.77455
vt 0.97835 0.53671
vt 0.9823 0.54179
vt 0.97782 0.45632
vt 0.98009 0.753
vt 0.95628 0.42579
vt 0.96175 0.86947
vt 0.96277 0.86723
vt 0.96391 0.78317
vt 0.96569 0.77948
vt 0.96857 0.77646
vt 0.9754 0.44897
vt 0.97718 0.45265
vt 0.97937 0.53895
vt 0.96048 0.44269
vt 0.98692 0.70514
vt 0.97818 0.70515
vt 0.97818 0.7079
vt 0.51371 0.19966
vt 0.51371 0.16007
vt 0.52245 0.16007
vt 0.24322 0.55723
vt 0.24118 0.55834
vt 0.23744 0.55849
vt 0.74277 0.10522
vt 0.75293 0.10522
vt 0.74277 0.09002
vt 0.75545 0.09254
vt 0.75545 0.1027
vt 0.75681 0.09584
vt 0.75293 0.09002
vt 0.74963 0.08865
vt 0.74606 0.08865
vt 0.73888 0.09584
vt 0.74025 0.1027
vt 0.74606 0.10659
vt 0.74963 0.10659
vt 0.73888 0.0994
vt 0.74025 0.09254
vt 0.75681 0.0994
vt 0.95135 0.09238
vt 0.96073 0.09626
vt 0.95716 0.07833
vt 0.96791 0.08551
vt 0.96403 0.0949
vt 0.96791 0.08908
vt 0.96654 0.08221
vt 0.96402 0.07969
vt 0.96072 0.07833
vt 0.95134 0.08222
vt 0.94998 0.08909
vt 0.95387 0.0949
vt 0.95717 0.09627
vt 0.94998 0.08552
vt 0.95386 0.0797
vt 0.96655 0.09237
vt 0.96293 0.74179
vt 0.98691 0.74179
vt 0.96294 0.70516
vt 0.96987 0.70789
vt 0.52245 0.2925
vt 0.51151 0.2015
vt 0.49847 0.2925
vt 0.50759 0.2015
vt 0.5054 0.19966
vt 0.49847 0.16007
vt 0.50539 0.16007
vt 0.24238 0.51618
vt 0.23539 0.55737
vt 0.96987 0.70516
vt 0.23366 0.51632
vt 0.97833 0.77633
vt 0.98151 0.77564
vt 0.98465 0.77395
vt 0.98724 0.7713
vt 0.98894 0.76802
vt 0.98966 0.76463
vt 0.98875 0.75793
vt 0.9869 0.75468
vt 0.98416 0.75208
vt 0.98959 0.76129
vt 0.98086 0.7505
vt 0.97752 0.75001
vt 0.96022 0.41999
vt 0.96356 0.41949
vt 0.95692 0.42157
vt 0.95419 0.42417
vt 0.95234 0.42742
vt 0.9515 0.43078
vt 0.95143 0.43412
vt 0.95214 0.4375
vt 0.95385 0.44079
vt 0.95644 0.44344
vt 0.95958 0.44513
vt 0.96276 0.44581
vt 0.95954 0.87543
vt 0.96396 0.87095
vt 0.96533 0.86777
vt 0.96585 0.78706
vt 0.96635 0.78394
vt 0.96778 0.78092
vt 0.9701 0.77848
vt 0.95889 0.75034
vt 0.97299 0.77698
vt 0.97716 0.54043
vt 0.97579 0.53725
vt 0.98158 0.5449
vt 0.97331 0.45041
vt 0.97099 0.44797
vt 0.97474 0.45343
vt 0.97525 0.45654
vt 0.9681 0.44647
vt 0.29896 0.0601
vt 0.30248 0.0601
vt 0.30248 0.05163
vt 0.29896 0.05163
vt 0.3333 0.0601
vt 0.33879 0.0601
vt 0.33879 0.05163
vt 0.3333 0.05163
vt 0.31617 0.0601
vt 0.31948 0.0601
vt 0.31948 0.05163
vt 0.31617 0.05163
vt 0.29569 0.0601
vt 0.29569 0.05163
vt 0.34935 0.0601
vt 0.35262 0.0601
vt 0.35262 0.05163
vt 0.34936 0.05163
vt 0.30611 0.0601
vt 0.3061 0.05163
vt 0.32663 0.0601
vt 0.3301 0.0601
vt 0.3301 0.05163
vt 0.32663 0.05163
vt 0.30968 0.0601
vt 0.30968 0.05163
vt 0.31299 0.0601
vt 0.31299 0.05163
vt 0.32304 0.0601
vt 0.32304 0.05163
vt 0.34584 0.0601
vt 0.34584 0.05163
vt 0.34226 0.0601
vt 0.34226 0.05163
vt 0.27696 0.05163
vt 0.27696 0.06011
vt 0.4365 0.05164
vt 0.43316 0.05164
vt 0.43316 0.06011
vt 0.4365 0.06011
vt 0.56112 0.44927
vt 0.59777 0.44927
vt 0.59241 0.44391
vt 0.56648 0.44391
vt 0.56112 0.47325
vt 0.59774 0.47324
vt 0.99228 0.7105
vt 0.99227 0.73643
vt 0.56353 0.16007
vt 0.56354 0.2925
vt 0.55596 0.2925
vt 0.55596 0.16007
vt 0.53002 0.16007
vt 0.53003 0.2925
vt 0.58751 0.16007
vt 0.58751 0.2925
vt 0.62413 0.16007
vt 0.62414 0.2925
vt 0.06446 0.35003
vt 0.06446 0.35963
vt 0.06803 0.35963
vt 0.06803 0.35003
vt 0.06089 0.35003
vt 0.06089 0.35963
vt 0.05732 0.35003
vt 0.05732 0.35963
vt 0.05376 0.35003
vt 0.05376 0.35963
vt 0.05019 0.35003
vt 0.05019 0.35963
vt 0.04662 0.35003
vt 0.04662 0.35963
vt 0.04306 0.35003
vt 0.04306 0.35963
vt 0.03949 0.35003
vt 0.03949 0.35963
vt 0.03592 0.35003
vt 0.03592 0.35963
vt 0.03235 0.35003
vt 0.03235 0.35963
vt 0.02879 0.35003
vt 0.02879 0.35963
vt 0.02522 0.35003
vt 0.02522 0.35963
vt 0.07873 0.35003
vt 0.07873 0.35963
vt 0.08229 0.35963
vt 0.08229 0.35003
vt 0.07516 0.35003
vt 0.07516 0.35963
vt 0.07159 0.35003
vt 0.07159 0.35963
vt 0.24202 0.56091
vt 0.23668 0.56101
vt 0.24532 0.51618
vt 0.24532 0.55851
vt 0.23336 0.55863
vt 0.23066 0.51626
vt 0.81491 0.79625
vt 0.81077 0.79625
vt 0.81077 0.79982
vt 0.81491 0.79982
vt 0.81491 0.79268
vt 0.81077 0.79269
vt 0.81491 0.78912
vt 0.81077 0.78912
vt 0.81491 0.78555
vt 0.81077 0.78555
vt 0.81491 0.78198
vt 0.81077 0.78198
vt 0.81491 0.77842
vt 0.81077 0.77842
vt 0.81492 0.77485
vt 0.81077 0.77485
vt 0.81492 0.77128
vt 0.81077 0.77128
vt 0.81492 0.76771
vt 0.81077 0.76771
vt 0.81492 0.76415
vt 0.81077 0.76415
vt 0.81492 0.76058
vt 0.81077 0.76058
vt 0.81492 0.75701
vt 0.81077 0.75701
vt 0.81491 0.81052
vt 0.81077 0.81052
vt 0.81077 0.81409
vt 0.81491 0.81409
vt 0.81491 0.80695
vt 0.81077 0.80695
vt 0.81491 0.80339
vt 0.81077 0.80339
vt 0.98219 0.41982
vt 0.44255 0.06011
vt 0.44255 0.05164
usemtl mat0
f 5109/5109/2706 5110/5110/2706 5111/5111/2706
f 5112/5112/2707 5113/5113/2707 5114/5114/2707
f 5115/5115/2707 5116/5116/2707 5117/5117/2707
f 5118/5118/2706 5119/5119/2706 5120/5120/2706
f 5121/5121/2706 5122/5122/2706 5120/5120/2706
f 5120/5120/2706 5123/5123/2706 5111/5111/2706
f 5124/5124/2706 5125/5125/2706 5110/5110/2706
f 5126/5126/2707 5127/5127/2707 5128/5128/2707
f 5126/5126/2707 5128/5128/2707 5129/5129/2707
f 5130/5130/2707 5131/5131/2707 5129/5129/2707
f 5131/5131/2707 5132/5132/2707 5114/5114/2707
f 5133/5133/2706 5134/5134/2706 5135/5135/2706
f 5111/5111/2706 5133/5133/2706 5136/5136/2706
f 5137/5137/2707 5138/5138/2707 5139/5139/2707
f 5119/5119/2706 5121/5121/2706 5120/5120/2706
f 5122/5122/2706 5123/5123/2706 5120/5120/2706
f 5123/5123/2706 5109/5109/2706 5111/5111/2706
f 5125/5125/2706 5140/5140/2706 5110/5110/2706
f 5127/5127/2707 5141/5141/2707 5128/5128/2707
f 5128/5128/2707 5130/5130/2707 5129/5129/2707
f 5131/5131/2707 5114/5114/2707 5129/5129/2707
f 5132/5132/2707 5112/5112/2707 5114/5114/2707
f 5134/5134/2706 5142/5142/2706 5143/5143/2706
f 5134/5134/2706 5143/5143/2706 5135/5135/2706
f 5133/5133/2706 5135/5135/2706 5144/5144/2706
f 5133/5133/2706 5144/5144/2706 5145/5145/2706
f 5133/5133/2706 5145/5145/2706 5146/5146/2706
f 5133/5133/2706 5146/5146/2706 5136/5136/2706
f 5114/5114/2707 5117/5117/2707 5129/5129/2707
f 5115/5115/2707 5147/5147/2707 5116/5116/2707
f 5147/5147/2707 5148/5148/2707 5116/5116/2707
f 5148/5148/2707 5139/5139/2707 5116/5116/2707
f 5137/5137/2707 5149/5149/2707 5138/5138/2707
f 5138/5138/2707 5116/5116/2707 5139/5139/2707
f 5116/5116/2707 5129/5129/2707 5117/5117/2707
f 5111/5111/2706 5136/5136/2706 5120/5120/2706
f 5113/5113/2707 5150/5150/2707 5114/5114/2707
f 5110/5110/2706 5140/5140/2706 5111/5111/2706
f 5151/5151/2708 5152/5152/2708 5153/5153/2708
f 5154/5154/2709 5155/5155/2710 5156/5156/2710
f 5157/5157/2711 5158/5158/2711 5159/5159/2711
f 5160/5160/2712 5161/5161/2712 5162/5162/2712
f 5163/5163/2712 5164/5164/2712 5165/5165/2712
f 5166/5166/2712 5167/5167/2712 5163/5163/2712
f 5168/5168/2712 5162/5162/2712 5163/5163/2712
f 5169/5169/2712 5170/5170/2712 5162/5162/2712
f 5160/5160/2712 5171/5171/2712 5161/5161/2712
f 5161/5161/2712 5164/5164/2712 5162/5162/2712
f 5171/5171/2712 5172/5172/2712 5161/5161/2712
f 5170/5170/2712 5160/5160/2712 5162/5162/2712
f 5169/5169/2712 5173/5173/2712 5170/5170/2712
f 5162/5162/2712 5174/5174/2712 5169/5169/2712
f 5162/5162/2712 5164/5164/2712 5163/5163/2712
f 5167/5167/2712 5168/5168/2712 5163/5163/2712
f 5164/5164/2712 5175/5175/2712 5165/5165/2712
f 5176/5176/2708 5177/5177/2708 5178/5178/2708
f 5179/5179/2708 5180/5180/2708 5181/5181/2708
f 5182/5182/2708 5183/5183/2708 5179/5179/2708
f 5184/5184/2708 5178/5178/2708 5179/5179/2708
f 5185/5185/2708 5186/5186/2708 5178/5178/2708
f 5176/5176/2708 5187/5187/2708 5177/5177/2708
f 5177/5177/2708 5180/5180/2708 5178/5178/2708
f 5187/5187/2708 5188/5188/2708 5177/5177/2708
f 5186/5186/2708 5176/5176/2708 5178/5178/2708
f 5185/5185/2708 5189/5189/2708 5186/5186/2708
f 5178/5178/2708 5190/5190/2708 5185/5185/2708
f 5178/5178/2708 5180/5180/2708 5179/5179/2708
f 5183/5183/2708 5184/5184/2708 5179/5179/2708
f 5180/5180/2708 5191/5191/2708 5181/5181/2708
f 5192/5192/2708 5193/5193/2708 5153/5153/2708
f 5194/5194/2708 5192/5192/2708 5195/5195/2708
f 5196/5196/2713 5197/5197/2714 5154/5154/2709
f 5198/5198/2715 5199/5199/2716 5197/5197/2714
f 5198/5198/2715 5200/5200/2717 5199/5199/2716
f 5201/5201/2718 5202/5202/2719 5200/5200/2717
f 5203/5203/2711 5157/5157/2711 5204/5204/2711
f 5195/5195/2708 5192/5192/2708 5153/5153/2708
f 5205/5205/2708 5194/5194/2708 5195/5195/2708
f 5196/5196/2713 5198/5198/2715 5197/5197/2714
f 5198/5198/2715 5201/5201/2718 5200/5200/2717
f 5206/5206/2711 5203/5203/2711 5204/5204/2711
f 5193/5193/2708 5151/5151/2708 5153/5153/2708
f 5196/5196/2713 5154/5154/2709 5156/5156/2710
f 5204/5204/2711 5157/5157/2711 5159/5159/2711
f 5120/5120/2720 5207/5207/2720 5208/5208/2721
f 5120/5120/2720 5208/5208/2721 5118/5118/2721
f 5118/5118/2721 5208/5208/2721 5209/5209/2722
f 5118/5118/2721 5209/5209/2722 5119/5119/2722
f 5119/5119/2722 5209/5209/2722 5210/5210/2723
f 5119/5119/2722 5210/5210/2723 5121/5121/2723
f 5121/5121/2723 5210/5210/2723 5211/5211/2724
f 5121/5121/2723 5211/5211/2724 5122/5122/2724
f 5122/5122/2724 5211/5211/2724 5212/5212/2725
f 5122/5122/2724 5212/5212/2725 5123/5123/2725
f 5110/5110/2726 5213/5213/2726 5214/5214/2727
f 5110/5110/2726 5214/5214/2727 5124/5124/2727
f 5124/5124/2727 5214/5214/2727 5215/5215/2728
f 5124/5124/2727 5215/5215/2728 5125/5125/2728
f 5123/5123/2725 5212/5212/2725 5216/5216/2729
f 5123/5123/2725 5216/5216/2729 5109/5109/2729
f 5109/5109/2729 5216/5216/2729 5213/5213/2726
f 5109/5109/2729 5213/5213/2726 5110/5110/2726
f 5125/5125/2728 5215/5215/2728 5217/5217/2730
f 5125/5125/2728 5217/5217/2730 5140/5140/2730
f 5140/5140/2730 5217/5217/2730 5218/5218/2731
f 5140/5140/2730 5218/5218/2731 5111/5111/2731
f 5219/5219/2732 5126/5126/2732 5129/5129/2733
f 5219/5219/2732 5129/5129/2733 5220/5220/2733
f 5221/5221/2734 5127/5127/2734 5126/5126/2732
f 5221/5221/2734 5126/5126/2732 5219/5219/2732
f 5222/5222/2735 5141/5141/2735 5127/5127/2734
f 5222/5222/2735 5127/5127/2734 5221/5221/2734
f 5223/5223/2736 5128/5128/2736 5141/5141/2735
f 5223/5223/2736 5141/5141/2735 5222/5222/2735
f 5224/5224/2737 5130/5130/2737 5128/5128/2736
f 5224/5224/2737 5128/5128/2736 5223/5223/2736
f 5225/5225/2738 5131/5131/2738 5130/5130/2737
f 5225/5225/2738 5130/5130/2737 5224/5224/2737
f 5226/5226/2739 5132/5132/2739 5131/5131/2738
f 5226/5226/2739 5131/5131/2738 5225/5225/2738
f 5227/5227/2740 5112/5112/2740 5132/5132/2739
f 5227/5227/2740 5132/5132/2739 5226/5226/2739
f 5228/5228/2741 5113/5113/2741 5112/5112/2740
f 5228/5228/2741 5112/5112/2740 5227/5227/2740
f 5229/5229/2742 5150/5150/2742 5113/5113/2741
f 5229/5229/2742 5113/5113/2741 5228/5228/2741
f 5230/5230/2743 5114/5114/2743 5150/5150/2742
f 5230/5230/2743 5150/5150/2742 5229/5229/2742
f 5134/5134/2744 5231/5231/2744 5232/5232/2745
f 5134/5134/2744 5232/5232/2745 5142/5142/2745
f 5142/5142/2745 5232/5232/2745 5233/5233/2746
f 5142/5142/2745 5233/5233/2746 5143/5143/2746
f 5143/5143/2746 5233/5233/2746 5234/5234/2747
f 5143/5143/2746 5234/5234/2747 5135/5135/2747
f 5135/5135/2747 5234/5234/2747 5235/5235/2748
f 5135/5135/2747 5235/5235/2748 5144/5144/2748
f 5144/5144/2748 5235/5235/2748 5236/5236/2749
f 5144/5144/2748 5236/5236/2749 5145/5145/2749
f 5145/5145/2749 5236/5236/2749 5237/5237/2750
f 5145/5145/2749 5237/5237/2750 5146/5146/2750
f 5111/5111/2731 5218/5218/2731 5238/5238/2751
f 5111/5111/2731 5238/5238/2751 5133/5133/2751
f 5146/5146/2750 5237/5237/2750 5239/5239/2752
f 5146/5146/2750 5239/5239/2752 5136/5136/2752
f 5136/5136/2752 5239/5239/2752 5207/5207/2720
f 5136/5136/2752 5207/5207/2720 5120/5120/2720
f 5240/5240/2753 5149/5149/2753 5137/5137/2754
f 5240/5240/2753 5137/5137/2754 5241/5241/2754
f 5242/5242/2755 5138/5138/2755 5149/5149/2753
f 5242/5242/2755 5149/5149/2753 5240/5240/2753
f 5243/5243/2756 5147/5147/2756 5115/5115/2757
f 5243/5243/2756 5115/5115/2757 5244/5244/2757
f 5245/5245/2758 5148/5148/2758 5147/5147/2756
f 5245/5245/2758 5147/5147/2756 5243/5243/2756
f 5246/5246/2759 5139/5139/2759 5148/5148/2758
f 5246/5246/2759 5148/5148/2758 5245/5245/2758
f 5241/5241/2754 5137/5137/2754 5139/5139/2759
f 5241/5241/2754 5139/5139/2759 5246/5246/2759
f 5247/5247/2760 5117/5117/2760 5114/5114/2743
f 5247/5247/2760 5114/5114/2743 5230/5230/2743
f 5248/5248/2761 5249/5249/2762 5250/5250/2762
f 5248/5248/2761 5250/5250/2762 5251/5251/2761
f 5252/5252/2763 5253/5253/2764 5254/5254/2764
f 5252/5252/2763 5254/5254/2764 5255/5255/2763
f 5256/5256/2765 5257/5257/2766 5258/5258/2766
f 5256/5256/2765 5258/5258/2766 5259/5259/2765
f 5260/5260/2767 5248/5248/2761 5251/5251/2761
f 5260/5260/2767 5251/5251/2761 5261/5261/2767
f 5262/5262/2768 5263/5263/2769 5264/5264/2769
f 5262/5262/2768 5264/5264/2769 5265/5265/2768
f 5249/5249/2762 5266/5266/2770 5267/5267/2770
f 5249/5249/2762 5267/5267/2770 5250/5250/2762
f 5268/5268/2771 5269/5269/2772 5270/5270/2772
f 5268/5268/2771 5270/5270/2772 5271/5271/2771
f 5266/5266/2770 5272/5272/2773 5273/5273/2773
f 5266/5266/2770 5273/5273/2773 5267/5267/2770
f 5272/5272/2773 5274/5274/2774 5275/5275/2774
f 5272/5272/2773 5275/5275/2774 5273/5273/2773
f 5276/5276/2775 5268/5268/2771 5271/5271/2771
f 5276/5276/2775 5271/5271/2771 5277/5277/2775
f 5269/5269/2772 5252/5252/2763 5255/5255/2763
f 5269/5269/2772 5255/5255/2763 5270/5270/2772
f 5257/5257/2766 5276/5276/2775 5277/5277/2775
f 5257/5257/2766 5277/5277/2775 5258/5258/2766
f 5278/5278/2776 5262/5262/2768 5265/5265/2768
f 5278/5278/2776 5265/5265/2768 5279/5279/2776
f 5280/5280/2777 5278/5278/2776 5279/5279/2776
f 5280/5280/2777 5279/5279/2776 5281/5281/2777
f 5261/5261/2767 5282/5282/2708 5283/5283/2708
f 5261/5261/2767 5283/5283/2708 5260/5260/2767
f 5284/5284/2778 5285/5285/2779 5286/5286/2779
f 5284/5284/2778 5286/5286/2779 5287/5287/2778
f 5263/5263/2769 5286/5286/2779 5285/5285/2779
f 5263/5263/2769 5285/5285/2779 5264/5264/2769
f 5288/5288/2712 5289/5289/2712 5290/5290/2712
f 5288/5288/2712 5290/5290/2712 5291/5291/2712
f 5288/5288/2712 5292/5292/2712 5293/5293/2712
f 5288/5288/2712 5293/5293/2712 5289/5289/2712
f 5294/5294/2708 5151/5151/2708 5193/5193/2708
f 5294/5294/2708 5193/5193/2708 5295/5295/2708
f 5296/5296/2780 5297/5297/2780 5298/5298/2780
f 5296/5296/2780 5298/5298/2780 5299/5299/2780
f 5300/5300/2781 5301/5301/2781 5196/5196/2781
f 5300/5300/2781 5196/5196/2781 5156/5156/2781
f 5299/5299/2707 5298/5298/2707 5301/5301/2707
f 5299/5299/2707 5301/5301/2707 5300/5300/2707
f 5302/5302/2782 5303/5303/2782 5297/5297/2782
f 5302/5302/2782 5297/5297/2782 5296/5296/2782
f 5304/5304/2706 5305/5305/2706 5303/5303/2706
f 5304/5304/2706 5303/5303/2706 5302/5302/2706
f 5306/5306/2783 5307/5307/2783 5308/5308/2784
f 5306/5306/2783 5308/5308/2784 5309/5309/2784
f 5310/5310/2785 5311/5311/2785 5307/5307/2783
f 5310/5310/2785 5307/5307/2783 5306/5306/2783
f 5312/5312/2786 5313/5313/2786 5311/5311/2785
f 5312/5312/2786 5311/5311/2785 5310/5310/2785
f 5314/5314/2707 5315/5315/2707 5313/5313/2786
f 5314/5314/2707 5313/5313/2786 5312/5312/2786
f 5316/5316/2787 5317/5317/2787 5315/5315/2707
f 5316/5316/2787 5315/5315/2707 5314/5314/2707
f 5318/5318/2788 5319/5319/2788 5317/5317/2787
f 5318/5318/2788 5317/5317/2787 5316/5316/2787
f 5320/5320/2789 5321/5321/2789 5319/5319/2788
f 5320/5320/2789 5319/5319/2788 5318/5318/2788
f 5322/5322/2790 5323/5323/2790 5321/5321/2789
f 5322/5322/2790 5321/5321/2789 5320/5320/2789
f 5324/5324/2791 5325/5325/2791 5323/5323/2790
f 5324/5324/2791 5323/5323/2790 5322/5322/2790
f 5326/5326/2792 5327/5327/2792 5325/5325/2791
f 5326/5326/2792 5325/5325/2791 5324/5324/2791
f 5328/5328/2793 5329/5329/2793 5327/5327/2792
f 5328/5328/2793 5327/5327/2792 5326/5326/2792
f 5330/5330/2706 5331/5331/2706 5329/5329/2793
f 5330/5330/2706 5329/5329/2793 5328/5328/2793
f 5332/5332/2794 5333/5333/2794 5334/5334/2706
f 5332/5332/2794 5334/5334/2706 5335/5335/2706
f 5336/5336/2795 5337/5337/2795 5333/5333/2794
f 5336/5336/2795 5333/5333/2794 5332/5332/2794
f 5338/5338/2796 5339/5339/2796 5337/5337/2795
f 5338/5338/2796 5337/5337/2795 5336/5336/2795
f 5309/5309/2784 5308/5308/2784 5339/5339/2796
f 5309/5309/2784 5339/5339/2796 5338/5338/2796
f 5158/5158/2797 5340/5340/2797 5341/5341/2798
f 5158/5158/2797 5341/5341/2798 5159/5159/2798
f 5157/5157/2706 5203/5203/2706 5342/5342/2706
f 5157/5157/2706 5342/5342/2706 5343/5343/2706
f 5344/5344/2707 5345/5345/2707 5206/5206/2707
f 5344/5344/2707 5206/5206/2707 5204/5204/2707
f 5159/5159/2798 5341/5341/2798 5344/5344/2799
f 5159/5159/2798 5344/5344/2799 5204/5204/2799
f 5157/5157/2800 5343/5343/2800 5340/5340/2797
f 5157/5157/2800 5340/5340/2797 5158/5158/2797
f 5346/5346/2801 5347/5347/2801 5348/5348/2790
f 5346/5346/2801 5348/5348/2790 5349/5349/2790
f 5350/5350/2788 5351/5351/2788 5347/5347/2801
f 5350/5350/2788 5347/5347/2801 5346/5346/2801
f 5352/5352/2802 5353/5353/2802 5351/5351/2788
f 5352/5352/2802 5351/5351/2788 5350/5350/2788
f 5354/5354/2707 5355/5355/2707 5353/5353/2802
f 5354/5354/2707 5353/5353/2802 5352/5352/2802
f 5356/5356/2803 5357/5357/2803 5355/5355/2707
f 5356/5356/2803 5355/5355/2707 5354/5354/2707
f 5358/5358/2785 5359/5359/2785 5357/5357/2803
f 5358/5358/2785 5357/5357/2803 5356/5356/2803
f 5360/5360/2804 5361/5361/2804 5359/5359/2785
f 5360/5360/2804 5359/5359/2785 5358/5358/2785
f 5362/5362/2784 5363/5363/2784 5361/5361/2804
f 5362/5362/2784 5361/5361/2804 5360/5360/2804
f 5364/5364/2805 5365/5365/2805 5363/5363/2784
f 5364/5364/2805 5363/5363/2784 5362/5362/2784
f 5366/5366/2806 5367/5367/2806 5365/5365/2805
f 5366/5366/2806 5365/5365/2805 5364/5364/2805
f 5368/5368/2794 5369/5369/2794 5367/5367/2806
f 5368/5368/2794 5367/5367/2806 5366/5366/2806
f 5370/5370/2706 5371/5371/2706 5369/5369/2794
f 5370/5370/2706 5369/5369/2794 5368/5368/2794
f 5372/5372/2793 5373/5373/2793 5374/5374/2706
f 5372/5372/2793 5374/5374/2706 5375/5375/2706
f 5376/5376/2807 5377/5377/2807 5373/5373/2793
f 5376/5376/2807 5373/5373/2793 5372/5372/2793
f 5378/5378/2808 5379/5379/2808 5377/5377/2807
f 5378/5378/2808 5377/5377/2807 5376/5376/2807
f 5349/5349/2790 5348/5348/2790 5379/5379/2808
f 5349/5349/2790 5379/5379/2808 5378/5378/2808
f 5220/5220/2733 5129/5129/2733 5116/5116/2809
f 5220/5220/2733 5116/5116/2809 5380/5380/2809
f 5244/5244/2757 5115/5115/2757 5117/5117/2760
f 5244/5244/2757 5117/5117/2760 5247/5247/2760
f 5256/5256/2765 5259/5259/2765 5275/5275/2774
f 5256/5256/2765 5275/5275/2774 5274/5274/2774
f 5381/5381/2810 5382/5382/2810 5284/5284/2778
f 5381/5381/2810 5284/5284/2778 5287/5287/2778
f 5253/5253/2764 5280/5280/2777 5281/5281/2777
f 5253/5253/2764 5281/5281/2777 5254/5254/2764
# Vertices: 274, normals: 105, texture coordinates: 274, faces: 294

o obj6
v 0.97297573 8.01617172 30.19293677
v 2.12603402 8.16777637 30.1929368
v 1.05203032 8.16777637 30.1929368
v 1.38594806 -9.77943208 18.78766663
v 2.12603402 -9.77943208 18.78766663
v 2.06019616 -9.6180029 20.18668996
v -2.12603402 -9.77943208 18.78766663
v -1.38594806 -9.77943208 18.78766663
v -2.06019616 -9.6180029 20.18668996
v 0.43315667 7.58724335 30.1929367
v -0 7.50921467 30.19293669
v 2.12603402 0.0054129 30.19293547
v -0.73581165 7.77650955 30.19293673
v -2.12603402 8.16777637 30.1929368
v -0.43315667 7.58724335 30.1929367
v 2.12603402 8.16777835 18.08508243
v 1.38594806 8.16777835 18.08508243
v 1.19813859 8.16777827 18.5737957
v 0.43315667 7.58724542 17.43894176
v 0.73581165 7.77651163 17.43894179
v 1.1884352 6.51115175 17.43894159
v 1.05270112 7.17314558 18.34994814
v 1.05203032 8.1677783 18.34994831
v 0.97297573 8.01617365 18.34994828
v 1.05203032 8.1677783 18.34994831
v 1.38594806 8.16777842 17.63645496
v 1.1884352 8.16777845 17.43894186
v 1.05203032 8.16777845 17.43894186
v 0.73581165 7.77651148 18.34994824
v 0.43315667 7.58724528 18.34994821
v 2.12603402 0.00541488 18.0850811
v 1.38594806 5.39807019 18.07797329
v 2.12603402 8.16777835 18.08508243
v -0 7.50921675 17.43894175
v 0.97297573 8.0161738 17.43894183
v 2.9598763 1.5846188 27.50588538
v 2.91117406 1.58461887 27.04317596
v 2.91117406 1.58461872 27.96859672
v 0.73581165 7.77650968 29.37952264
v 1.05270112 7.17314379 29.37952254
v 0.43315667 7.58724348 29.37952261
v 0.97297573 8.01617185 29.37952268
v 1.05270112 8.16777651 29.3795227
v -0 7.5092166 18.3499482
v 2.32007146 0.19024592 27.50588516
v 2.32007146 0.29638631 27.04317575
v 2.41376877 0.2963863 27.0783978
v 2.49320126 0.29638628 27.17870145
v 2.54627657 0.29638626 27.32881408
v 2.56491423 0.29638623 27.50588517
v 1.38594806 0.00541488 18.0850811
v 2.54627657 0.2963862 27.68295579
v 2.49320126 0.29638618 27.83307319
v 1.38594806 6.35234771 18.07797345
v 1.38594806 8.16777835 18.08508243
v 2.41376877 0.29638616 27.93337445
v 2.32007146 0.29638616 27.96859651
v -0 7.5092148 29.37952259
v 2.06019616 8.16777799 20.29405465
v 2.06019616 8.16777812 19.5004076
v 2.06019616 8.16777758 22.80704192
v 2.06019616 8.16777745 23.56669231
v 1.19813859 8.16777654 29.15567531
v 2.12603402 8.16777637 30.1929368
v 1.05270112 8.16777651 29.3795227
v 1.05203032 8.16777637 30.1929368
v -1.1884352 6.51115175 17.43894159
v -0.43315667 7.58724542 17.43894176
v -2.12603402 8.16777637 30.1929368
v -1.19813859 8.16777654 29.15567531
v -2.06019616 8.16777745 23.56669231
v -1.05203032 8.16777637 30.1929368
v -1.05270112 8.16777651 29.3795227
v -1.38594806 8.16777835 18.08508243
v -2.12603402 8.16777835 18.08508243
v -1.19813859 8.16777827 18.5737957
v -0.73581165 7.77651163 17.43894179
v -1.05203032 8.1677783 18.34994831
v -1.05270112 7.17314558 18.34994814
v -0.97297573 8.01617365 18.34994828
v -1.05203032 8.1677783 18.34994831
v -1.38594806 8.16777842 17.63645496
v -1.05203032 8.16777845 17.43894186
v -1.1884352 8.16777845 17.43894186
v -0.73581165 7.77651148 18.34994824
v -0.43315667 7.58724528 18.34994821
v -1.38594806 5.39807019 18.07797329
v -2.12603402 0.00541488 18.0850811
v -2.12603402 8.16777835 18.08508243
v -0.97297573 8.0161738 17.43894183
v -2.91117406 1.58461887 27.04317596
v -2.9598763 1.5846188 27.50588538
v -2.91117406 1.58461872 27.96859672
v -1.05270112 7.17314379 29.37952254
v -0.73581165 7.77650968 29.37952264
v -0.43315667 7.58724348 29.37952261
v -0.97297573 8.01617185 29.37952268
v -1.05270112 8.16777651 29.3795227
v -2.32007146 0.29638631 27.04317575
v -2.32007146 0.19024592 27.50588516
v -2.41376877 0.2963863 27.0783978
v -2.49320126 0.29638628 27.17870145
v -2.54627657 0.29638626 27.32881408
v -2.56491423 0.29638623 27.50588517
v -1.38594806 0.00541488 18.0850811
v -2.54627657 0.2963862 27.68295579
v -2.49320126 0.29638618 27.83307319
v -1.38594806 8.16777835 18.08508243
v -1.38594806 6.35234771 18.07797345
v -2.41376877 0.29638616 27.93337445
v -2.32007146 0.29638616 27.96859651
v -2.06019616 8.16777799 20.29405465
v -2.06019616 8.16777812 19.5004076
v -2.06019616 8.16777758 22.80704192
v -2.12603402 0.0054129 30.19293547
v -0.97297573 8.01617172 30.19293677
v -1.05203032 8.16777637 30.1929368
v 0.73581165 7.77650955 30.19293673
v 2.33549309 -8.88254557 26.56049965
v 2.33549309 -9.75676423 18.9841121
v 1.74818993 -8.88254557 26.56049965
v 2.67722225 -10.30690939 19.05577301
v 2.67722225 -9.49117671 26.64622105
v 1.74818993 -9.49117671 26.64622105
v -2.33549309 -9.75676423 18.9841121
v -2.33549309 -8.88254557 26.56049965
v -1.74818993 -8.88254557 26.56049965
v -2.67722225 -9.49117671 26.64622105
v -2.67722225 -10.30690939 19.05577301
v -1.74818993 -9.49117671 26.64622105
v 2.06019616 -9.52757182 20.97040474
v -2.06019616 -9.52757182 20.97040474
v 2.32354689 -9.75676423 18.9841121
v 2.32354689 -9.6180029 20.18668996
v -2.32354689 -9.6180029 20.18668996
v -2.32354689 -9.75676423 18.9841121
v -2.06019616 -9.15467615 24.20209426
v -2.06019616 -9.24123246 23.45194842
v 2.06019616 -9.24123246 23.45194842
v 2.06019616 -9.15467615 24.20209426
v -2.32354689 -9.24123246 23.45194842
v -2.32354689 -9.52757182 20.97040474
v -2.12603402 -8.39948303 30.74694163
v -2.32354689 -8.42216328 30.55038935
v -2.32354689 -9.15467615 24.20209426
v 2.32354689 -9.52757182 20.97040474
v 2.32354689 -9.24123246 23.45194842
v 2.32354689 -9.15467615 24.20209426
v 2.32354689 -8.42216328 30.55038935
v 2.12603402 -8.39948303 30.74694163
v 1.38594806 -9.39647742 18.38255395
v 1.38594806 -9.77943208 18.78766663
v -1.38594806 -9.77943208 18.78766663
v -1.38594806 -9.39647742 18.38255395
v 1.38594806 -9.77943208 18.78766663
v 1.38594806 -7.69261334 18.52578467
v 2.12603402 -7.69261334 18.52578467
v 2.12603402 -9.77943208 18.78766663
v 2.06019616 0.00541452 20.29409123
v 2.32354689 0.00541452 20.29409123
v 2.32354689 -2.09921197 20.36191286
v 2.06019616 -2.09921197 20.36191286
v 2.06019616 8.16777799 20.29405465
v 2.32354689 8.16777799 20.29405465
v 1.38594806 6.35234771 18.07797345
v 1.38594806 6.35268681 17.63646229
v 1.38594806 8.16777842 17.63645496
v 1.38594806 8.16777835 18.08508243
v 1.19813859 8.16777654 29.15567531
v 1.19813859 7.17314382 29.15567515
v 1.19813859 7.17314555 18.57379553
v 1.19813859 8.16777827 18.5737957
v 2.32354689 8.16777745 23.56669231
v 2.32354689 8.16777641 29.99542417
v 2.32354689 0.00541294 29.99538469
v 2.32354689 0.00541398 23.56670433
v 2.32354689 -2.09979219 30.05304255
v 2.32354689 -2.09940777 23.63109709
v 2.32354689 8.16777812 19.5004076
v 2.32354689 8.16777831 18.28259506
v 2.32354689 8.16777641 29.99542417
v 2.32354689 8.16777745 23.56669231
v 2.06019616 -7.53143355 19.92444774
v 2.32354689 -7.53143355 19.92444774
v 2.32354689 -2.09916452 19.56910791
v 2.06019616 -2.09916452 19.56910791
v 2.32354689 -7.44113884 20.70799992
v 2.32354689 -7.15522911 23.18903133
v 2.32354689 -9.24123246 23.45194842
v 2.32354689 -9.52757182 20.97040474
v 2.12603402 -2.09980403 30.25074209
v 2.32354689 -2.09979219 30.05304255
v 2.32354689 0.00541294 29.99538469
v 2.12603402 -8.39948303 30.74694163
v 2.32354689 -8.42216328 30.55038935
v 2.32354689 -6.33738588 30.28599493
v 2.12603402 -6.31475427 30.48239367
v 2.32354689 8.16777758 22.80704192
v 2.32354689 8.16777799 20.29405465
v 1.38594806 5.39807019 18.07797329
v 1.38594806 0.00541488 18.0850811
v 1.38594806 0.00540738 17.63650608
v 1.38594806 5.25478594 17.63647213
v 1.05203032 8.16777845 17.43894186
v 1.1884352 8.16777845 17.43894186
v 2.32354689 -6.33738588 30.28599493
v 2.32354689 -7.06880107 23.93901895
v 2.32354689 -8.42216328 30.55038935
v 2.32354689 -9.15467615 24.20209426
v 2.06019616 0.00541465 19.500453
v 2.32354689 0.00541465 19.500453
v 2.32354689 8.16777812 19.5004076
v 2.06019616 8.16777812 19.5004076
v 2.32354689 0.00541485 18.28264618
v 2.32354689 8.16777831 18.28259506
v 2.77248192 1.58461894 26.65090849
v 2.77248192 1.58461866 28.36086204
v 1.38594806 -2.09907988 18.15479435
v 1.38594806 -2.09910258 17.70643868
v 2.06019616 -7.44113884 20.70799992
v 1.38594806 -7.69261334 18.52578467
v 1.38594806 -7.69265666 18.0789172
v 2.32354689 -7.66998793 18.72211999
v 2.32354689 -2.09909172 18.35257782
v 2.06019616 -9.6180029 20.18668996
v 2.32354689 -9.6180029 20.18668996
v 2.32354689 -9.75676423 18.9841121
v 2.32354689 -7.66998793 18.72211999
v 2.32354689 -2.09909172 18.35257782
v 2.12603402 -2.09907988 18.15479435
v 2.32354689 0.00541485 18.28264618
v 2.06019616 8.16777758 22.80704192
v 2.06019616 8.16777745 23.56669231
v 2.06019616 0.00541398 23.56670433
v 2.06019616 0.00541411 22.80706064
v 2.56491423 1.58461898 26.38880636
v 2.56491423 1.58461861 28.62296846
v 2.32007146 1.58461899 26.2967663
v 2.32007146 1.5846186 28.71500613
v 2.49320126 0.59864831 26.71598969
v 2.32007146 0.59864832 26.65090833
v 2.63997388 0.59864828 26.90132675
v 2.73804426 0.59864823 27.1787015
v 2.77248192 0.59864818 27.50588522
v 2.32007146 1.05101518 28.62296837
v 2.32007146 0.59864804 28.36086188
v 2.49320126 0.59864805 28.29578266
v 2.54627657 1.0510152 28.53793304
v 0.97297573 8.01617185 29.37952268
v 0.97297573 8.01617172 30.19293677
v 0.97297573 8.0161738 17.43894183
v 0.97297573 8.01617365 18.34994828
v 0.73581165 7.77650968 29.37952264
v 0.73581165 7.77650955 30.19293673
v 0.73581165 7.77651163 17.43894179
v 0.73581165 7.77651148 18.34994824
v 2.63997388 0.59864808 28.1104456
v 2.73804426 1.05101524 28.29578274
v 2.73804426 0.59864813 27.83307324
v 2.86617899 1.0510153 27.93337458
v 2.91117406 1.05101537 27.5058853
v 2.86617899 1.05101544 27.07839792
v 2.73804426 1.05101549 26.71598976
v 2.54627657 1.05101553 26.47383731
v 0.43315667 7.58724348 29.37952261
v 0.43315667 7.58724335 30.1929367
v 0.43315667 7.58724542 17.43894176
v 0.43315667 7.58724528 18.34994821
v -0 7.5092148 29.37952259
v -0 7.50921467 30.19293669
v -0 7.50921675 17.43894175
v -0 7.5092166 18.3499482
v 2.32007146 1.05101555 26.38880628
v 2.32007146 1.5846186 28.71500613
v 2.56491423 1.58461861 28.62296846
v 2.77248192 1.58461866 28.36086204
v 2.91117406 1.58461872 27.96859672
v 2.9598763 1.5846188 27.50588538
v 2.91117406 1.58461887 27.04317596
v 2.77248192 1.58461894 26.65090849
v 2.56491423 1.58461898 26.38880636
v 2.32007146 1.58461899 26.2967663
v 1.38594806 -9.39647742 18.38255395
v 1.1884352 -9.16863409 18.14152997
v 1.1884352 -7.69267618 17.87964886
v 1.1884352 -2.09911256 17.50865378
v 1.1884352 0.00540413 17.43894053
v 2.06019616 -7.15522911 23.18903133
v 2.06019616 -7.06880107 23.93901895
v 2.06019616 -9.15467615 24.20209426
v 2.06019616 -9.24123246 23.45194842
v 2.06019616 -2.09936223 22.87225104
v 2.06019616 -2.09940777 23.63109709
v -1.38594806 5.39807019 18.07797329
v -1.38594806 6.35234771 18.07797345
v 1.38594806 6.35234771 18.07797345
v 1.38594806 5.39807019 18.07797329
v 1.1884352 5.19067951 17.43894137
v -1.38594806 5.25478594 17.63647213
v 1.38594806 5.25478594 17.63647213
v -1.1884352 -9.16863409 18.14152997
v 2.32354689 8.16777641 29.99542417
v -2.12603402 -6.31475427 30.48239367
v -2.12603402 -8.39948303 30.74694163
v -2.12603402 -2.09980403 30.25074209
v -1.1884352 0.00540413 17.43894053
v -1.1884352 5.19067951 17.43894137
v -1.1884352 -2.09911256 17.50865378
v -1.1884352 -7.69267618 17.87964886
v 2.32354689 8.16777831 18.28259506
v 1.38594806 -2.09907988 18.15479435
v 2.32354689 -9.75676423 18.9841121
v 1.38594806 -9.77943208 18.78766663
v 2.32354689 -2.09936223 22.87225104
v 2.32354689 0.00541411 22.80706064
v 1.38594806 6.35268681 17.63646229
v -1.38594806 6.35268681 17.63646229
v -1.1884352 6.51115175 17.43894159
v 1.1884352 6.51115175 17.43894159
v 1.1884352 5.19067951 17.43894137
v -1.1884352 5.19067951 17.43894137
v 2.32354689 8.16777758 22.80704192
v 2.06019616 -9.52757182 20.97040474
v -2.06019616 -9.52757182 20.97040474
v -2.06019616 -7.44113884 20.70799992
v -2.06019616 -7.53143355 19.92444774
v -2.06019616 -9.6180029 20.18668996
v -2.32354689 -9.52757182 20.97040474
v -2.32354689 -7.44113884 20.70799992
v -2.06019616 -2.09921197 20.36191286
v -2.06019616 -2.09916452 19.56910791
v -2.32354689 -2.09921197 20.36191286
v -2.32354689 0.00541452 20.29409123
v -2.06019616 0.00541452 20.29409123
v -2.32354689 8.16777799 20.29405465
v -2.06019616 8.16777799 20.29405465
v -1.38594806 8.16777842 17.63645496
v -1.38594806 6.35268681 17.63646229
v -1.38594806 6.35234771 18.07797345
v -1.38594806 8.16777835 18.08508243
v -1.19813859 8.16777654 29.15567531
v -1.19813859 7.17314382 29.15567515
v -1.19813859 8.16777827 18.5737957
v -1.19813859 7.17314555 18.57379553
v -2.32354689 0.00541294 29.99538469
v -2.32354689 8.16777641 29.99542417
v -2.32354689 8.16777745 23.56669231
v -2.32354689 0.00541398 23.56670433
v -2.32354689 -2.09979219 30.05304255
v -2.32354689 -2.09940777 23.63109709
v -2.32354689 8.16777831 18.28259506
v -2.32354689 8.16777812 19.5004076
v -2.32354689 8.16777745 23.56669231
v -2.32354689 8.16777641 29.99542417
v -2.32354689 -2.09916452 19.56910791
v -2.32354689 -7.53143355 19.92444774
v -2.32354689 -9.24123246 23.45194842
v -2.32354689 -7.15522911 23.18903133
v -2.32354689 0.00541294 29.99538469
v -2.32354689 -2.09979219 30.05304255
v -2.32354689 -6.33738588 30.28599493
v -2.32354689 -8.42216328 30.55038935
v -2.32354689 8.16777799 20.29405465
v -2.32354689 8.16777758 22.80704192
v -2.32354689 0.00541411 22.80706064
v -2.32354689 8.16777758 22.80704192
v -1.38594806 0.00540738 17.63650608
v -1.38594806 0.00541488 18.0850811
v -1.38594806 5.39807019 18.07797329
v -1.38594806 5.25478594 17.63647213
v -1.1884352 8.16777845 17.43894186
v -1.05203032 8.16777845 17.43894186
v -2.32354689 -6.33738588 30.28599493
v -2.32354689 -7.06880107 23.93901895
v -2.32354689 -8.42216328 30.55038935
v -2.32354689 -9.15467615 24.20209426
v -2.32354689 8.16777812 19.5004076
v -2.32354689 0.00541465 19.500453
v -2.06019616 0.00541465 19.500453
v -2.06019616 8.16777812 19.5004076
v -2.32354689 8.16777831 18.28259506
v -2.32354689 0.00541485 18.28264618
v -2.77248192 1.58461866 28.36086204
v -2.77248192 1.58461894 26.65090849
v -1.38594806 -2.09907988 18.15479435
v -1.38594806 -2.09910258 17.70643868
v -1.38594806 -7.69261334 18.52578467
v -1.38594806 -7.69265666 18.0789172
v -2.32354689 -2.09909172 18.35257782
v -2.32354689 -7.66998793 18.72211999
v -2.32354689 -9.6180029 20.18668996
v -2.12603402 -7.69261334 18.52578467
v -2.12603402 -9.77943208 18.78766663
v -2.32354689 -9.75676423 18.9841121
v -2.32354689 -7.66998793 18.72211999
v -2.12603402 -2.09907988 18.15479435
v -2.32354689 -2.09909172 18.35257782
v -2.32354689 0.00541485 18.28264618
v -2.06019616 0.00541398 23.56670433
v -2.06019616 8.16777745 23.56669231
v -2.06019616 8.16777758 22.80704192
v -2.06019616 0.00541411 22.80706064
v -2.56491423 1.58461898 26.38880636
v -2.56491423 1.58461861 28.62296846
v -2.32007146 1.5846186 28.71500613
v -2.32007146 1.58461899 26.2967663
v -2.49320126 0.59864831 26.71598969
v -2.32007146 0.59864832 26.65090833
v -2.63997388 0.59864828 26.90132675
v -2.73804426 0.59864823 27.1787015
v -2.77248192 0.59864818 27.50588522
v -2.49320126 0.59864805 28.29578266
v -2.32007146 0.59864804 28.36086188
v -2.32007146 1.05101518 28.62296837
v -2.54627657 1.0510152 28.53793304
v -0.97297573 8.01617172 30.19293677
v -0.97297573 8.01617185 29.37952268
v -0.97297573 8.0161738 17.43894183
v -0.97297573 8.01617365 18.34994828
v -0.73581165 7.77650955 30.19293673
v -0.73581165 7.77650968 29.37952264
v -0.73581165 7.77651163 17.43894179
v -0.73581165 7.77651148 18.34994824
v -2.63997388 0.59864808 28.1104456
v -2.73804426 1.05101524 28.29578274
v -2.73804426 0.59864813 27.83307324
v -2.86617899 1.0510153 27.93337458
v -2.91117406 1.05101537 27.5058853
v -2.86617899 1.05101544 27.07839792
v -2.73804426 1.05101549 26.71598976
v -2.54627657 1.05101553 26.47383731
v -0.43315667 7.58724335 30.1929367
v -0.43315667 7.58724348 29.37952261
v -0.43315667 7.58724542 17.43894176
v -0.43315667 7.58724528 18.34994821
v -2.32007146 1.05101555 26.38880628
v -2.32007146 1.5846186 28.71500613
v -2.56491423 1.58461861 28.62296846
v -2.77248192 1.58461866 28.36086204
v -2.91117406 1.58461872 27.96859672
v -2.9598763 1.5846188 27.50588538
v -2.91117406 1.58461887 27.04317596
v -2.77248192 1.58461894 26.65090849
v -2.56491423 1.58461898 26.38880636
v -2.32007146 1.58461899 26.2967663
v -1.38594806 -9.39647742 18.38255395
v -2.06019616 -9.15467615 24.20209426
v -2.06019616 -7.06880107 23.93901895
v -2.06019616 -7.15522911 23.18903133
v -2.06019616 -9.24123246 23.45194842
v -2.06019616 -2.09940777 23.63109709
v -2.06019616 -2.09936223 22.87225104
v -2.32354689 -2.09936223 22.87225104
v -1.38594806 -7.69261334 18.52578467
v -1.38594806 -9.77943208 18.78766663
v -2.32354689 8.16777641 29.99542417
v -2.32354689 8.16777831 18.28259506
v -1.38594806 -2.09907988 18.15479435
v -2.32354689 -9.75676423 18.9841121
v -1.38594806 -9.77943208 18.78766663
v 1.74818993 -7.24910049 30.60096003
v 1.74818993 -8.39948303 30.74694163
v -1.74818993 -8.39948303 30.74694163
v -1.74818993 -7.24910049 30.60096003
v -2.33549309 -9.75676423 18.9841121
v -2.67722225 -8.88023928 18.87686203
v -2.33549309 -8.88023928 18.87686203
v 1.74818993 -7.19934882 31.177655
v 1.55315018 -7.00343026 31.15067463
v -1.55315018 -7.00343026 31.15067463
v -1.74818993 -7.19934882 31.177655
v -1.74818993 -8.9763202 31.42235896
v 1.74818993 -8.9763202 31.42235896
v 1.74818993 -8.9763202 31.42235896
v 1.74818993 -8.39948303 30.74694163
v 1.74818993 -7.24910049 30.60096003
v 1.74818993 -7.19934882 31.177655
v 1.74818993 -9.49117671 26.64622105
v 1.74818993 -8.88254557 26.56049965
v 1.55315018 -7.05300072 30.57607345
v -1.55315018 -7.05300072 30.57607345
v -1.55315018 -7.00343026 31.15067463
v 1.55315018 -7.00343026 31.15067463
v 2.33549309 -9.75676423 18.9841121
v 2.67722225 -8.88023928 18.87686203
v 2.33549309 -8.88023928 18.87686203
v 2.33549309 -8.00602062 26.45324481
v 2.67722225 -8.00602062 26.45324481
v 2.67722225 -8.88023928 18.87686203
v 2.33549309 -8.88023928 18.87686203
v 2.33549309 -8.88254557 26.56049965
v 2.67722225 -9.49117671 26.64622105
v 2.33549309 -8.88023928 18.87686203
v 2.33549309 -8.00602062 26.45324481
v 2.33549309 -8.00602062 26.45324481
v 2.67722225 -8.00602062 26.45324481
v 2.67722225 -9.49117671 26.64622105
v 2.67722225 -10.30690939 19.05577301
v -1.74818993 -9.49117671 26.64622105
v -1.74818993 -8.88254557 26.56049965
v -2.33549309 -8.88254557 26.56049965
v -2.67722225 -9.49117671 26.64622105
v -2.33549309 -8.88023928 18.87686203
v -2.33549309 -8.00602062 26.45324481
v -1.74818993 -7.24910049 30.60096003
v -1.74818993 -8.39948303 30.74694163
v -1.74818993 -8.9763202 31.42235896
v -1.74818993 -7.19934882 31.177655
v -2.67722225 -10.30690939 19.05577301
v -2.67722225 -9.49117671 26.64622105
v -2.67722225 -8.00602062 26.45324481
v -2.67722225 -8.88023928 18.87686203
v -1.55315018 -7.05300072 30.57607345
v 1.55315018 -7.05300072 30.57607345
v -2.33549309 -8.00602062 26.45324481
v -2.67722225 -8.00602062 26.45324481
v -2.33549309 -8.00602062 26.45324481
v -2.33549309 -8.88023928 18.87686203
vn 0 0 1
vn 0 -0.99341 0.11463
vn 0 -0.99341 0.11463
vn 0 -0.99341 0.11463
vn -0 -0.99341 0.11463
vn -0 -0.99341 0.11463
vn 0 0.00686 0.99998
vn 0 1 -0
vn 0 0 -1
vn 0.0032 -0.01148 -0.99993
vn 0.0048 -0.00033 -0.99999
vn 0.0064 0.00131 -0.99998
vn 0.26991 -0.96289 -0
vn 0.15764 -0.89403 -0.41935
vn 0.2884 -0.87991 -0.37761
vn 0.49313 -0.82831 -0.26594
vn 0.60221 -0.78701 -0.13404
vn 0.63548 -0.77212 -0
vn 0 -0.01722 -0.99985
vn 0.60221 -0.78701 0.13404
vn 0.49313 -0.82831 0.26594
vn 0.0032 0.00131 -0.99999
vn 0 0.00392 -0.99999
vn 0.2884 -0.87991 0.37761
vn 0.15764 -0.89403 0.41935
vn -0.0048 -0.00033 -0.99999
vn -0.0032 -0.01148 -0.99993
vn -0.0064 0.00131 -0.99998
vn -0.15764 -0.89403 -0.41935
vn -0.26991 -0.96289 -0
vn -0.2884 -0.87991 -0.37761
vn -0.49313 -0.82831 -0.26594
vn -0.60221 -0.78701 -0.13404
vn -0.63548 -0.77212 -0
vn -0.60221 -0.78701 0.13404
vn -0.49313 -0.82831 0.26594
vn -0.0032 0.00131 -0.99999
vn -0.2884 -0.87991 0.37761
vn -0.15764 -0.89403 0.41935
vn 0 0.99341 -0.11463
vn 0 0.99341 -0.11463
vn 0 0.99341 -0.11463
vn 0 -0.99427 0.10685
vn 0 -0.99427 0.10685
vn 0 -0.99426 0.10696
vn 0 -0.99341 0.11463
vn 0 -0.99341 0.11463
vn -0 -0.99341 0.11463
vn 0 -0.99341 0.11463
vn 0 -0.99341 0.11463
vn -0 -0.99341 0.11463
vn 0 -0.99341 0.11463
vn 0 -0.99341 0.11463
vn 0 -0.99341 0.11463
vn -0 -0.99341 0.11463
vn -0 -0.99341 0.11463
vn 0 -0.7267 -0.68696
vn 0 -0.7267 -0.68695
vn 0 -0.12452 -0.99222
vn 0 -0.09539 -0.99544
vn 0 -0.01611 -0.99987
vn 0 -0.04844 -0.99883
vn 0 -0 -1
vn 1 0 -0
vn -0.83855 0 -0.54482
vn -0.95879 0 -0.28412
vn -0.95864 -0.00015 0.28462
vn -0.83798 -0.00028 0.5457
vn 0 0.09503 0.99547
vn 0 0.04895 0.9988
vn 0.70705 0.0291 0.70657
vn 0.70719 0.00969 0.70696
vn 0.70756 0.08893 0.70104
vn 0.70743 0.0639 0.70389
vn 0 0.01631 0.99987
vn 0 1E-05 1
vn 0 -0.09476 -0.9955
vn 0 0.1247 0.99219
vn 0.70741 -0.08803 -0.7013
vn 0.70729 -0.06744 -0.7037
vn 0.70708 -0.03513 -0.70626
vn 0.70723 -0.01172 -0.70689
vn 0.47554 -0.6074 -0.63634
vn 0.27149 -0.63616 -0.72222
vn 0.752 -0.51539 -0.41093
vn 0.86911 -0.45446 -0.19525
vn 0.90057 -0.43472 -0
vn 0.33305 -0.32264 0.88599
vn 0.27149 -0.63616 0.72222
vn 0.47554 -0.6074 0.63634
vn 0.56454 -0.30165 0.76831
vn -0.80727 0.59018 -0.00018
vn -0.88589 0.4639 -0.00037
vn -0.88669 0.46237 -0
vn -0.80779 0.58948 -0
vn -0.6247 0.78087 -0
vn 0.752 -0.51539 0.41093
vn 0.85027 -0.23994 0.46847
vn 0.86911 -0.45446 0.19524
vn 0.95494 -0.20399 0.21557
vn 0.98119 -0.19306 -0
vn 0.95494 -0.20399 -0.21557
vn 0.85027 -0.23994 -0.46847
vn 0.56454 -0.30165 -0.76831
vn -0.36025 0.93285 -0
vn 0.33305 -0.32264 -0.88599
vn 0.34737 -0.15939 0.92408
vn 0.58346 -0.14764 0.79861
vn 0.86959 -0.1147 0.48026
vn 0.97086 -0.09635 0.21945
vn 0.99586 -0.09089 -0
vn 0.97086 -0.09635 -0.21945
vn 0.86959 -0.1147 -0.48026
vn 0.58346 -0.14764 -0.79861
vn 0.34737 -0.15939 -0.92408
vn 0.70575 -0.12403 -0.69752
vn 0.70748 -0.08549 -0.70155
vn 0.70772 -0.03514 -0.70562
vn 0.70724 -0.01172 -0.70688
vn 0.70711 -0 -0.7071
vn 0.70717 -0 -0.70704
vn 0 0.95116 -0.30869
vn 0 0.95116 -0.30869
vn 0 -0.47464 -0.88018
vn 0.70714 -0 0.70707
vn 0 0.09044 0.9959
vn 0 0.12589 0.99204
vn 0 0.04117 0.99915
vn 0 -0.01656 -0.99986
vn 0 -0.04965 -0.99877
vn 0 -0.12062 -0.9927
vn 0.70715 -0 -0.70706
vn 0 -0.04965 -0.99877
vn 0 -0 -1
vn 0 -0.01529 -0.99988
vn 0 0.04675 0.99891
vn 0 0.01548 0.99988
vn 0 -0.04622 -0.99893
vn 0 -0.94327 -0.33202
vn 0 -1 -0.00077
vn 0 0.09384 0.99559
vn 0 -0.78 -0.62577
vn 0 0.95116 -0.30869
vn 0 -0.09354 -0.99562
vn 0 0.12505 0.99215
vn 0 -0.12513 -0.99214
vn 0 0 1
vn 0 -0.12478 -0.99218
vn -1 0 -0
vn 0.95879 0 -0.28412
vn 0.83855 0 -0.54482
vn 0.83798 -0.00028 0.5457
vn 0.95864 -0.00015 0.28462
vn -0.70719 0.00969 0.70696
vn -0.70705 0.0291 0.70657
vn -0.70743 0.0639 0.70389
vn -0.70756 0.08893 0.70104
vn -0.70729 -0.06744 -0.7037
vn -0.70741 -0.08803 -0.7013
vn -0.70723 -0.01172 -0.70689
vn -0.70708 -0.03513 -0.70626
vn -0.47554 -0.6074 -0.63634
vn -0.27149 -0.63616 -0.72222
vn -0.752 -0.51539 -0.41093
vn -0.86911 -0.45446 -0.19525
vn -0.90057 -0.43472 -0
vn -0.47554 -0.6074 0.63634
vn -0.27149 -0.63616 0.72222
vn -0.33305 -0.32264 0.88599
vn -0.56454 -0.30165 0.76831
vn 0.88589 0.4639 -0.00037
vn 0.80727 0.59018 -0.00018
vn 0.80779 0.58948 -0
vn 0.88669 0.46237 -0
vn 0.6247 0.78087 -0
vn -0.752 -0.51539 0.41093
vn -0.85027 -0.23994 0.46847
vn -0.86911 -0.45446 0.19524
vn -0.95494 -0.20399 0.21557
vn -0.98119 -0.19306 -0
vn -0.95494 -0.20399 -0.21557
vn -0.85027 -0.23994 -0.46847
vn -0.56454 -0.30165 -0.76831
vn 0.36025 0.93285 -0
vn -0.33305 -0.32264 -0.88599
vn -0.34737 -0.15939 0.92408
vn -0.58346 -0.14764 0.79861
vn -0.86959 -0.1147 0.48026
vn -0.97086 -0.09635 0.21945
vn -0.99586 -0.09089 -0
vn -0.97086 -0.09635 -0.21945
vn -0.86959 -0.1147 -0.48026
vn -0.58346 -0.14764 -0.79861
vn -0.34737 -0.15939 -0.92408
vn -0.70748 -0.08549 -0.70155
vn -0.70575 -0.12403 -0.69752
vn -0.70772 -0.03514 -0.70562
vn -0.70724 -0.01172 -0.70688
vn -0.70711 -0 -0.7071
vn -0.70717 -0 -0.70704
vn -0.70714 -0 0.70707
vn -0.70715 -0 -0.70706
vn 0 -0.12589 -0.99204
vn 0 -0.12589 -0.99204
vn -0.00316 -0.12605 -0.99202
vn -0.00631 -0.12294 -0.99239
vn 0 0.13642 0.99065
vn 0 0.13642 0.99065
vn 0 0.13642 0.99065
vn 0 0.9963 -0.08595
vn 0 0.99341 -0.11463
vn 0.00316 -0.12605 -0.99202
vn 0.71155 0.70004 -0.06039
vn 0.00631 -0.12294 -0.99239
vn 0 -0.99424 0.10718
vn 0 0.99341 -0.11463
vn -0.00482 0.13231 0.9912
vn 0 0.13947 0.99023
vn -0.00963 0.12515 0.99209
vn 0.00482 0.13231 0.9912
vn 0 -0.1259 -0.99204
vn 0.00963 0.12515 0.99209
vn -0.71155 0.70004 -0.06039
vt 0.00657 0.17851
vt 0.00516 0.1678
vt 0.00516 0.17777
vt 0.23515 0.39762
vt 0.22828 0.39762
vt 0.22889 0.4107
vt 0.26776 0.39762
vt 0.26089 0.39762
vt 0.26715 0.4107
vt 0.01055 0.18352
vt 0.01128 0.18754
vt 0.08095 0.16779
vt 0.0088 0.19437
vt 0.00516 0.20728
vt 0.01055 0.19156
vt 0.8959 0.38148
vt 0.88903 0.38148
vt 0.88729 0.38602
vt 0.68684 0.78996
vt 0.68508 0.79277
vt 0.69683 0.79698
vt 0.10612 0.1424
vt 0.11479 0.14989
vt 0.11388 0.14763
vt 0.88593 0.38394
vt 0.88903 0.37732
vt 0.8872 0.37548
vt 0.88593 0.37548
vt 0.11302 0.14247
vt 0.11151 0.13726
vt 0.95501 0.54718
vt 0.9617 0.59727
vt 0.95473 0.62296
vt 0.68756 0.78594
vt 0.68286 0.79498
vt 0.46095 0.65083
vt 0.46141 0.64653
vt 0.46141 0.65513
vt 0.00822 0.1433
vt 0.01428 0.1434
vt 0.0095 0.13857
vt 0.00719 0.14791
vt 0.00615 0.15006
vt 0.11102 0.13136
vt 0.89455 0.20144
vt 0.89618 0.20563
vt 0.89682 0.20493
vt 0.89716 0.20383
vt 0.8972 0.20246
vt 0.89701 0.20098
vt 0.96188 0.54719
vt 0.89665 0.19953
vt 0.89611 0.19827
vt 0.96167 0.60613
vt 0.9616 0.62298
vt 0.8954 0.19737
vt 0.89454 0.19695
vt 0.00982 0.13276
vt 0.89529 0.40199
vt 0.89529 0.39462
vt 0.89529 0.42533
vt 0.89529 0.43238
vt 0.88729 0.48427
vt 0.89591 0.4939
vt 0.88594 0.48635
vt 0.88593 0.4939
vt 0.69683 0.77491
vt 0.68684 0.78192
vt 0.85173 0.4939
vt 0.86034 0.48427
vt 0.85234 0.43238
vt 0.8617 0.4939
vt 0.86169 0.48635
vt 0.8586 0.38148
vt 0.85173 0.38148
vt 0.86034 0.38602
vt 0.68508 0.77911
vt 0.1149 0.11329
vt 0.10627 0.12052
vt 0.11373 0.11565
vt 0.8617 0.38394
vt 0.8586 0.37732
vt 0.8617 0.37548
vt 0.86043 0.37548
vt 0.11255 0.12057
vt 0.11123 0.12544
vt 0.93894 0.85032
vt 0.94563 0.80023
vt 0.94591 0.87601
vt 0.68286 0.77691
vt 0.23398 0.92221
vt 0.23828 0.92176
vt 0.24257 0.92221
vt 0.01499 0.12218
vt 0.00831 0.12189
vt 0.00954 0.12698
vt 0.00773 0.11702
vt 0.00697 0.11489
vt 0.1832 0.17654
vt 0.18484 0.18073
vt 0.18256 0.17724
vt 0.18222 0.17834
vt 0.18218 0.17971
vt 0.18237 0.18119
vt 0.93876 0.80025
vt 0.18273 0.18264
vt 0.18327 0.1839
vt 0.93904 0.87604
vt 0.93897 0.85918
vt 0.18398 0.1848
vt 0.18484 0.18522
vt 0.85234 0.40199
vt 0.85234 0.39462
vt 0.85234 0.42532
vt 0.08096 0.20728
vt 0.00657 0.19657
vt 0.00516 0.19731
vt 0.0088 0.18071
vt 0.8463 0.22159
vt 0.8463 0.29241
vt 0.85175 0.22159
vt 0.8279 0.75758
vt 0.82791 0.82846
vt 0.83653 0.82846
vt 0.88967 0.2924
vt 0.88967 0.22159
vt 0.88422 0.22159
vt 0.87762 0.82845
vt 0.87762 0.75757
vt 0.86899 0.82845
vt 0.22889 0.41802
vt 0.26715 0.41802
vt 0.22645 0.39946
vt 0.22645 0.4107
vt 0.26959 0.4107
vt 0.26959 0.39946
vt 0.26715 0.44823
vt 0.26715 0.44122
vt 0.22889 0.44122
vt 0.22889 0.44823
vt 0.2696 0.44122
vt 0.26959 0.41802
vt 0.26776 0.5094
vt 0.26959 0.50756
vt 0.26959 0.44823
vt 0.22645 0.41802
vt 0.22645 0.44122
vt 0.22645 0.44823
vt 0.22645 0.50756
vt 0.22828 0.5094
vt 0.3246 0.46839
vt 0.31941 0.46839
vt 0.3194 0.49422
vt 0.3246 0.49422
vt 0.96163 0.45607
vt 0.96178 0.4756
vt 0.95491 0.47564
vt 0.95476 0.45612
vt 0.09624 0.23891
vt 0.09621 0.24136
vt 0.07665 0.2413
vt 0.07662 0.23885
vt 0.17207 0.24154
vt 0.17198 0.24398
vt 0.69831 0.80367
vt 0.6983 0.79957
vt 0.68145 0.79957
vt 0.68145 0.80373
vt 0.00879 0.15307
vt 0.01603 0.14478
vt 0.10408 0.14389
vt 0.11182 0.15307
vt 0.17072 0.27925
vt 0.16865 0.33881
vt 0.09303 0.33617
vt 0.0951 0.27662
vt 0.07351 0.33601
vt 0.07561 0.27655
vt 0.89774 0.39462
vt 0.89774 0.38332
vt 0.89774 0.49207
vt 0.89774 0.43238
vt 0.02615 0.23294
vt 0.02601 0.23049
vt 0.07686 0.22902
vt 0.07689 0.23147
vt 0.02687 0.24273
vt 0.02868 0.2659
vt 0.00917 0.26762
vt 0.00738 0.24443
vt 0.10051 0.16779
vt 0.10043 0.1652
vt 0.08093 0.1652
vt 0.15922 0.1678
vt 0.1592 0.16521
vt 0.13976 0.1652
vt 0.13971 0.16779
vt 0.89774 0.42533
vt 0.89774 0.40199
vt 0.46309 0.46358
vt 0.41294 0.46353
vt 0.41301 0.46771
vt 0.46176 0.46769
vt 0.68145 0.79571
vt 0.68145 0.79698
vt 0.03419 0.33677
vt 0.02951 0.27777
vt 0.0148 0.33853
vt 0.01012 0.2795
vt 0.0965 0.23153
vt 0.09654 0.22908
vt 0.17241 0.23172
vt 0.17233 0.23416
vt 0.09694 0.21773
vt 0.17281 0.22039
vt 0.46269 0.64289
vt 0.4627 0.65877
vt 0.39322 0.46353
vt 0.39343 0.4677
vt 0.02673 0.24028
vt 0.34092 0.46362
vt 0.34139 0.46775
vt 0.02514 0.21921
vt 0.07728 0.21766
vt 0.00661 0.23464
vt 0.0064 0.23219
vt 0.95216 0.45612
vt 0.95232 0.47568
vt 0.95243 0.52756
vt 0.95503 0.52765
vt 0.95242 0.54714
vt 0.17107 0.26976
vt 0.17082 0.2768
vt 0.09514 0.27418
vt 0.09537 0.26714
vt 0.46462 0.64046
vt 0.46462 0.6612
vt 0.46689 0.6396
vt 0.4669 0.66206
vt 0.90006 0.20781
vt 0.89922 0.20937
vt 0.90043 0.20572
vt 0.90042 0.20318
vt 0.90004 0.20041
vt 0.89913 0.18823
vt 0.89603 0.19236
vt 0.89738 0.19351
vt 0.90058 0.19005
vt 0.88435 0.48635
vt 0.88435 0.4939
vt 0.88435 0.37548
vt 0.88434 0.38394
vt 0.88122 0.48635
vt 0.88122 0.4939
vt 0.88121 0.37548
vt 0.88121 0.38394
vt 0.89848 0.19532
vt 0.90193 0.19257
vt 0.89939 0.19769
vt 0.90318 0.19584
vt 0.90411 0.19965
vt 0.90462 0.20353
vt 0.90464 0.20704
vt 0.9043 0.20987
vt 0.8779 0.48635
vt 0.8779 0.4939
vt 0.8779 0.37548
vt 0.8779 0.38394
vt 0.87382 0.48635
vt 0.87382 0.4939
vt 0.87382 0.37548
vt 0.87381 0.38394
vt 0.90361 0.21209
vt 0.90332 0.18492
vt 0.9048 0.18704
vt 0.90643 0.19002
vt 0.90804 0.19399
vt 0.9093 0.19867
vt 0.90983 0.2035
vt 0.90976 0.20778
vt 0.90932 0.21115
vt 0.90871 0.21366
vt 0.32523 0.46751
vt 0.32769 0.47023
vt 0.34161 0.47031
vt 0.39352 0.4703
vt 0.41304 0.4703
vt 0.02882 0.26834
vt 0.02937 0.27533
vt 0.00991 0.27705
vt 0.00938 0.27006
vt 0.07584 0.26707
vt 0.07559 0.27411
vt 0.94952 0.1739
vt 0.94952 0.18276
vt 0.97526 0.18276
vt 0.97526 0.1739
vt 0.46117 0.47029
vt 0.94952 0.1696
vt 0.97526 0.16959
vt 0.32769 0.49238
vt 0.00516 0.16521
vt 0.13971 0.20728
vt 0.15922 0.20727
vt 0.10051 0.20728
vt 0.41304 0.49234
vt 0.46116 0.49236
vt 0.39352 0.49233
vt 0.3416 0.4923
vt 0.95213 0.62295
vt 0.9619 0.52764
vt 0.00554 0.2209
vt 0.32104 0.4643
vt 0.07581 0.26463
vt 0.0954 0.2647
vt 0.97526 0.18686
vt 0.94952 0.18686
vt 0.95136 0.18922
vt 0.97343 0.18921
vt 0.97343 0.16767
vt 0.95136 0.16767
vt 0.17116 0.26731
vt 0.00717 0.24198
vt 0.77215 0.26612
vt 0.77385 0.28568
vt 0.78119 0.2851
vt 0.7795 0.26556
vt 0.7697 0.26633
vt 0.77141 0.28582
vt 0.77528 0.33557
vt 0.78266 0.33584
vt 0.77284 0.3356
vt 0.77278 0.35516
vt 0.77523 0.3552
vt 0.77016 0.43093
vt 0.7726 0.43102
vt 0.68145 0.77231
vt 0.6983 0.77231
vt 0.69831 0.76821
vt 0.68145 0.76815
vt 0.00985 0.11202
vt 0.01706 0.1207
vt 0.11206 0.11003
vt 0.10439 0.11916
vt 0.67797 0.35198
vt 0.67533 0.4276
vt 0.73489 0.42968
vt 0.73751 0.35405
vt 0.67813 0.33246
vt 0.73759 0.33456
vt 0.84989 0.38331
vt 0.84989 0.39462
vt 0.84989 0.43238
vt 0.84989 0.49207
vt 0.78512 0.33582
vt 0.78365 0.28496
vt 0.74652 0.26812
vt 0.74823 0.28763
vt 0.08093 0.20987
vt 0.10044 0.20987
vt 0.13976 0.20987
vt 0.15921 0.20985
vt 0.84989 0.40199
vt 0.84989 0.42532
vt 0.74944 0.35436
vt 0.74683 0.43011
vt 0.413 0.49493
vt 0.41293 0.4991
vt 0.46309 0.49906
vt 0.46176 0.49496
vt 0.68145 0.77491
vt 0.68145 0.77617
vt 0.67737 0.29315
vt 0.73637 0.28847
vt 0.67561 0.27376
vt 0.73463 0.26908
vt 0.78242 0.43136
vt 0.78506 0.35549
vt 0.78261 0.35545
vt 0.77998 0.43127
vt 0.79374 0.43176
vt 0.7964 0.35589
vt 0.24621 0.9235
vt 0.23034 0.9235
vt 0.39322 0.4991
vt 0.39343 0.49493
vt 0.34091 0.49899
vt 0.34139 0.49486
vt 0.79647 0.33623
vt 0.79493 0.28409
vt 0.78195 0.26535
vt 0.94574 0.72869
vt 0.94589 0.70917
vt 0.94849 0.70917
vt 0.94833 0.72874
vt 0.94562 0.7807
vt 0.94821 0.78061
vt 0.94822 0.8002
vt 0.73995 0.35409
vt 0.73734 0.42977
vt 0.74438 0.43002
vt 0.747 0.35432
vt 0.2279 0.92543
vt 0.24865 0.92543
vt 0.2495 0.9277
vt 0.22705 0.9277
vt 0.17932 0.17437
vt 0.18015 0.1728
vt 0.17895 0.17645
vt 0.17896 0.17899
vt 0.17934 0.18176
vt 0.18201 0.18866
vt 0.18336 0.18981
vt 0.18026 0.19394
vt 0.17882 0.19212
vt 0.86328 0.4939
vt 0.86328 0.48635
vt 0.86328 0.37548
vt 0.86328 0.38394
vt 0.86642 0.4939
vt 0.86641 0.48635
vt 0.86642 0.37548
vt 0.86641 0.38394
vt 0.18091 0.18685
vt 0.17746 0.18961
vt 0.17999 0.18448
vt 0.17621 0.18633
vt 0.17527 0.18253
vt 0.17476 0.17865
vt 0.17474 0.17514
vt 0.17508 0.1723
vt 0.86973 0.4939
vt 0.86973 0.48635
vt 0.86973 0.37548
vt 0.86973 0.38394
vt 0.17576 0.17009
vt 0.17608 0.19725
vt 0.1746 0.19514
vt 0.17297 0.19215
vt 0.17135 0.18819
vt 0.17009 0.18351
vt 0.16956 0.17868
vt 0.16962 0.17441
vt 0.17005 0.17103
vt 0.17066 0.16852
vt 0.32523 0.4951
vt 0.73708 0.26887
vt 0.7388 0.28833
vt 0.74579 0.28778
vt 0.74408 0.26833
vt 0.74003 0.33454
vt 0.74706 0.33479
vt 0.74951 0.33477
vt 0.93887 0.72865
vt 0.93902 0.70912
vt 0.00516 0.20987
vt 0.9485 0.876
vt 0.93875 0.78069
vt 0.79324 0.26449
vt 0.32105 0.49831
vt 0.85175 0.1717
vt 0.85175 0.18247
vt 0.88421 0.18246
vt 0.88421 0.1717
vt 0.87444 0.75242
vt 0.87762 0.74422
vt 0.87444 0.74422
vt 0.83653 0.88971
vt 0.83834 0.89155
vt 0.86719 0.89155
vt 0.869 0.88971
vt 0.869 0.87306
vt 0.83653 0.87306
vt 0.71894 0.05751
vt 0.72481 0.0633
vt 0.73557 0.06374
vt 0.73557 0.05836
vt 0.71798 0.1021
vt 0.72367 0.10241
vt 0.73814 0.06381
vt 0.76699 0.06381
vt 0.76699 0.05846
vt 0.73814 0.05846
vt 0.83107 0.75242
vt 0.8279 0.74423
vt 0.83107 0.74423
vt 0.98927 0.55736
vt 0.9861 0.55736
vt 0.98609 0.62817
vt 0.98927 0.62817
vt 0.72338 0.10785
vt 0.71751 0.11071
vt 0.8381 0.29246
vt 0.8381 0.22165
vt 0.73156 0.10829
vt 0.73139 0.11146
vt 0.97219 0.55716
vt 0.97274 0.62804
vt 0.78716 0.10211
vt 0.78146 0.10242
vt 0.78176 0.10787
vt 0.78763 0.11073
vt 0.89787 0.29246
vt 0.89787 0.22165
vt 0.76956 0.06374
vt 0.78032 0.0633
vt 0.7862 0.05751
vt 0.76956 0.05836
vt 0.59243 0.60738
vt 0.59299 0.5365
vt 0.57908 0.5367
vt 0.57908 0.60752
vt 0.8824 0.16986
vt 0.85356 0.16986
vt 0.77357 0.10831
vt 0.77374 0.11148
vt 0.57591 0.5367
vt 0.57591 0.60752
usemtl mat0
f 5383/5383/2811 5384/5384/2811 5385/5385/2811
f 5386/5386/2812 5387/5387/2813 5388/5388/2814
f 5389/5389/2815 5390/5390/2812 5391/5391/2816
f 5392/5392/2811 5393/5393/2811 5394/5394/2817
f 5395/5395/2811 5396/5396/2811 5397/5397/2811
f 5398/5398/2818 5399/5399/2818 5400/5400/2818
f 5401/5401/2819 5402/5402/2819 5403/5403/2819
f 5404/5404/2811 5405/5405/2811 5406/5406/2811
f 5407/5407/2818 5400/5400/2818 5399/5399/2818
f 5407/5407/2818 5399/5399/2818 5408/5408/2818
f 5409/5409/2818 5410/5410/2818 5407/5407/2818
f 5404/5404/2811 5411/5411/2811 5412/5412/2811
f 5413/5413/2820 5414/5414/2821 5415/5415/2822
f 5403/5403/2819 5416/5416/2819 5401/5401/2819
f 5408/5408/2818 5409/5409/2818 5407/5407/2818
f 5402/5402/2819 5417/5417/2819 5403/5403/2819
f 5418/5418/2818 5419/5419/2818 5420/5420/2818
f 5421/5421/2819 5422/5422/2819 5423/5423/2819
f 5422/5422/2819 5421/5421/2819 5424/5424/2819
f 5425/5425/2819 5422/5422/2819 5424/5424/2819
f 5412/5412/2811 5426/5426/2811 5404/5404/2811
f 5427/5427/2823 5428/5428/2824 5429/5429/2825
f 5427/5427/2823 5429/5429/2825 5430/5430/2826
f 5427/5427/2823 5430/5430/2826 5431/5431/2827
f 5427/5427/2823 5431/5431/2827 5432/5432/2828
f 5413/5413/2820 5433/5433/2829 5414/5414/2821
f 5427/5427/2823 5432/5432/2828 5434/5434/2830
f 5427/5427/2823 5434/5434/2830 5435/5435/2831
f 5436/5436/2832 5437/5437/2833 5415/5415/2822
f 5427/5427/2823 5435/5435/2831 5438/5438/2834
f 5427/5427/2823 5438/5438/2834 5439/5439/2835
f 5436/5436/2832 5415/5415/2822 5414/5414/2821
f 5422/5422/2819 5440/5440/2819 5423/5423/2819
f 5406/5406/2811 5411/5411/2811 5404/5404/2811
f 5400/5400/2818 5441/5441/2818 5442/5442/2818
f 5400/5400/2818 5443/5443/2818 5441/5441/2818
f 5400/5400/2818 5444/5444/2818 5443/5443/2818
f 5445/5445/2818 5446/5446/2818 5444/5444/2818
f 5447/5447/2818 5448/5448/2818 5446/5446/2818
f 5400/5400/2818 5445/5445/2818 5444/5444/2818
f 5445/5445/2818 5447/5447/2818 5446/5446/2818
f 5442/5442/2818 5398/5398/2818 5400/5400/2818
f 5449/5449/2819 5450/5450/2819 5416/5416/2819
f 5451/5451/2818 5452/5452/2818 5453/5453/2818
f 5454/5454/2818 5455/5455/2818 5451/5451/2818
f 5456/5456/2818 5457/5457/2818 5458/5458/2818
f 5455/5455/2818 5452/5452/2818 5451/5451/2818
f 5459/5459/2819 5450/5450/2819 5449/5449/2819
f 5460/5460/2811 5461/5461/2811 5462/5462/2811
f 5458/5458/2818 5463/5463/2818 5456/5456/2818
f 5456/5456/2818 5463/5463/2818 5464/5464/2818
f 5465/5465/2818 5466/5466/2818 5463/5463/2818
f 5467/5467/2811 5461/5461/2811 5468/5468/2811
f 5469/5469/2836 5470/5470/2837 5471/5471/2838
f 5466/5466/2818 5464/5464/2818 5463/5463/2818
f 5472/5472/2819 5459/5459/2819 5449/5449/2819
f 5473/5473/2818 5474/5474/2818 5475/5475/2818
f 5476/5476/2819 5477/5477/2819 5478/5478/2819
f 5477/5477/2819 5476/5476/2819 5479/5479/2819
f 5476/5476/2819 5480/5480/2819 5479/5479/2819
f 5426/5426/2811 5468/5468/2811 5461/5461/2811
f 5481/5481/2839 5482/5482/2840 5483/5483/2841
f 5483/5483/2841 5482/5482/2840 5484/5484/2842
f 5484/5484/2842 5482/5482/2840 5485/5485/2843
f 5485/5485/2843 5482/5482/2840 5486/5486/2844
f 5487/5487/2829 5470/5470/2837 5469/5469/2836
f 5486/5486/2844 5482/5482/2840 5488/5488/2845
f 5488/5488/2845 5482/5482/2840 5489/5489/2846
f 5490/5490/2833 5491/5491/2847 5471/5471/2838
f 5489/5489/2846 5482/5482/2840 5492/5492/2848
f 5492/5492/2848 5482/5482/2840 5493/5493/2849
f 5440/5440/2819 5476/5476/2819 5478/5478/2819
f 5467/5467/2811 5462/5462/2811 5461/5461/2811
f 5494/5494/2818 5458/5458/2818 5495/5495/2818
f 5496/5496/2818 5458/5458/2818 5494/5494/2818
f 5453/5453/2818 5458/5458/2818 5496/5496/2818
f 5452/5452/2818 5458/5458/2818 5453/5453/2818
f 5457/5457/2818 5495/5495/2818 5458/5458/2818
f 5471/5471/2838 5491/5491/2847 5469/5469/2836
f 5422/5422/2819 5476/5476/2819 5440/5440/2819
f 5461/5461/2811 5404/5404/2811 5426/5426/2811
f 5416/5416/2819 5403/5403/2819 5449/5449/2819
f 5392/5392/2811 5394/5394/2817 5384/5384/2811
f 5393/5393/2811 5497/5497/2817 5394/5394/2817
f 5396/5396/2811 5497/5497/2817 5397/5397/2811
f 5498/5498/2811 5499/5499/2811 5396/5396/2811
f 5395/5395/2811 5498/5498/2811 5396/5396/2811
f 5393/5393/2811 5397/5397/2811 5497/5497/2817
f 5383/5383/2811 5500/5500/2811 5384/5384/2811
f 5500/5500/2811 5392/5392/2811 5384/5384/2811
f 5501/5501/2850 5502/5502/2851 5503/5503/2852
f 5504/5504/2853 5505/5505/2854 5506/5506/2855
f 5507/5507/2851 5508/5508/2850 5509/5509/2852
f 5510/5510/2854 5511/5511/2853 5512/5512/2855
f 5388/5388/2814 5513/5513/2856 5514/5514/2856
f 5388/5388/2814 5514/5514/2856 5391/5391/2816
f 5387/5387/2813 5515/5515/2857 5516/5516/2857
f 5387/5387/2813 5516/5516/2857 5388/5388/2814
f 5388/5388/2814 5391/5391/2816 5390/5390/2812
f 5388/5388/2814 5390/5390/2812 5386/5386/2812
f 5391/5391/2816 5517/5517/2858 5518/5518/2858
f 5391/5391/2816 5518/5518/2858 5389/5389/2815
f 5519/5519/2859 5520/5520/2860 5521/5521/2860
f 5519/5519/2859 5521/5521/2860 5522/5522/2861
f 5520/5520/2860 5514/5514/2856 5513/5513/2856
f 5520/5520/2860 5513/5513/2856 5521/5521/2860
f 5520/5520/2860 5523/5523/2862 5524/5524/2862
f 5520/5520/2860 5524/5524/2862 5514/5514/2856
f 5525/5525/2863 5526/5526/2864 5527/5527/2864
f 5525/5525/2863 5527/5527/2864 5519/5519/2859
f 5513/5513/2856 5528/5528/2862 5529/5529/2862
f 5513/5513/2856 5529/5529/2862 5521/5521/2860
f 5522/5522/2861 5530/5530/2865 5531/5531/2865
f 5522/5522/2861 5531/5531/2865 5532/5532/2866
f 5532/5532/2866 5525/5525/2863 5519/5519/2859
f 5532/5532/2866 5519/5519/2859 5522/5522/2861
f 5533/5533/2867 5534/5534/2868 5535/5535/2868
f 5533/5533/2867 5535/5535/2868 5536/5536/2867
f 5537/5537/2869 5538/5538/2870 5539/5539/2870
f 5537/5537/2869 5539/5539/2870 5540/5540/2869
f 5541/5541/2871 5542/5542/2871 5543/5543/2872
f 5541/5541/2871 5543/5543/2872 5544/5544/2872
f 5545/5545/2873 5546/5546/2873 5542/5542/2871
f 5545/5545/2873 5542/5542/2871 5541/5541/2871
f 5547/5547/2874 5548/5548/2874 5549/5549/2874
f 5547/5547/2874 5549/5549/2874 5550/5550/2874
f 5422/5422/2875 5425/5425/2875 5551/5551/2876
f 5422/5422/2875 5551/5551/2876 5552/5552/2876
f 5553/5553/2877 5554/5554/2877 5405/5405/2878
f 5553/5553/2877 5405/5405/2878 5404/5404/2878
f 5555/5555/2874 5556/5556/2874 5557/5557/2874
f 5555/5555/2874 5557/5557/2874 5558/5558/2874
f 5558/5558/2874 5557/5557/2874 5559/5559/2874
f 5558/5558/2874 5559/5559/2874 5560/5560/2874
f 5442/5442/2818 5561/5561/2818 5562/5562/2818
f 5442/5442/2818 5562/5562/2818 5398/5398/2818
f 5446/5446/2818 5563/5563/2818 5564/5564/2818
f 5446/5446/2818 5564/5564/2818 5444/5444/2818
f 5565/5565/2879 5566/5566/2879 5567/5567/2880
f 5565/5565/2879 5567/5567/2880 5568/5568/2880
f 5569/5569/2874 5570/5570/2874 5571/5571/2874
f 5569/5569/2874 5571/5571/2874 5572/5572/2874
f 5573/5573/2881 5574/5574/2881 5575/5575/2882
f 5573/5573/2881 5575/5575/2882 5394/5394/2882
f 5576/5576/2883 5577/5577/2883 5578/5578/2884
f 5576/5576/2883 5578/5578/2884 5579/5579/2884
f 5443/5443/2818 5580/5580/2818 5581/5581/2818
f 5443/5443/2818 5581/5581/2818 5441/5441/2818
f 5582/5582/2874 5583/5583/2874 5584/5584/2874
f 5582/5582/2874 5584/5584/2874 5585/5585/2874
f 5417/5417/2819 5586/5586/2819 5587/5587/2819
f 5417/5417/2819 5587/5587/2819 5403/5403/2819
f 5560/5560/2874 5559/5559/2874 5588/5588/2874
f 5560/5560/2874 5588/5588/2874 5589/5589/2874
f 5589/5589/2874 5588/5588/2874 5590/5590/2874
f 5589/5589/2874 5590/5590/2874 5591/5591/2874
f 5592/5592/2885 5593/5593/2885 5594/5594/2886
f 5592/5592/2885 5594/5594/2886 5595/5595/2886
f 5593/5593/2874 5596/5596/2874 5597/5597/2874
f 5593/5593/2874 5597/5597/2874 5594/5594/2874
f 5422/5422/2818 5552/5552/2818 5553/5553/2818
f 5422/5422/2818 5553/5553/2818 5404/5404/2818
f 5598/5598/2818 5599/5599/2818 5420/5420/2818
f 5598/5598/2818 5420/5420/2818 5419/5419/2818
f 5579/5579/2884 5578/5578/2884 5574/5574/2881
f 5579/5579/2884 5574/5574/2881 5573/5573/2881
f 5584/5584/2874 5583/5583/2874 5600/5600/2874
f 5584/5584/2874 5600/5600/2874 5601/5601/2874
f 5544/5544/2872 5543/5543/2872 5569/5569/2887
f 5544/5544/2872 5569/5569/2887 5602/5602/2887
f 5601/5601/2874 5600/5600/2874 5603/5603/2874
f 5601/5601/2874 5603/5603/2874 5604/5604/2874
f 5566/5566/2874 5605/5605/2874 5606/5606/2874
f 5566/5566/2874 5606/5606/2874 5567/5567/2874
f 5607/5607/2888 5608/5608/2888 5566/5566/2879
f 5607/5607/2888 5566/5566/2879 5565/5565/2879
f 5609/5609/2889 5540/5540/2889 5539/5539/2890
f 5609/5609/2889 5539/5539/2890 5610/5610/2890
f 5611/5611/2891 5612/5612/2891 5413/5413/2892
f 5611/5611/2891 5413/5413/2892 5613/5613/2892
f 5614/5614/2874 5615/5615/2874 5616/5616/2874
f 5614/5614/2874 5616/5616/2874 5617/5617/2874
f 5552/5552/2876 5551/5551/2876 5554/5554/2877
f 5552/5552/2876 5554/5554/2877 5553/5553/2877
f 5610/5610/2890 5539/5539/2890 5612/5612/2891
f 5610/5610/2890 5612/5612/2891 5611/5611/2891
f 5599/5599/2818 5598/5598/2818 5618/5618/2818
f 5599/5599/2818 5618/5618/2818 5619/5619/2818
f 5618/5618/2818 5620/5620/2818 5621/5621/2818
f 5618/5618/2818 5621/5621/2818 5619/5619/2818
f 5622/5622/2893 5429/5429/2825 5428/5428/2824
f 5622/5622/2893 5428/5428/2824 5623/5623/2894
f 5624/5624/2895 5430/5430/2826 5429/5429/2825
f 5624/5624/2895 5429/5429/2825 5622/5622/2893
f 5625/5625/2896 5431/5431/2827 5430/5430/2826
f 5625/5625/2896 5430/5430/2826 5624/5624/2895
f 5626/5626/2897 5432/5432/2828 5431/5431/2827
f 5626/5626/2897 5431/5431/2827 5625/5625/2896
f 5627/5627/2898 5628/5628/2899 5629/5629/2900
f 5627/5627/2898 5629/5629/2900 5630/5630/2901
f 5631/5631/2902 5632/5632/2902 5448/5448/2903
f 5631/5631/2902 5448/5448/2903 5447/5447/2903
f 5407/5407/2904 5410/5410/2904 5633/5633/2905
f 5407/5407/2904 5633/5633/2905 5634/5634/2905
f 5635/5635/2906 5636/5636/2906 5632/5632/2902
f 5635/5635/2906 5632/5632/2902 5631/5631/2902
f 5634/5634/2905 5633/5633/2905 5637/5637/2906
f 5634/5634/2905 5637/5637/2906 5638/5638/2906
f 5630/5630/2901 5629/5629/2900 5639/5639/2907
f 5630/5630/2901 5639/5639/2907 5640/5640/2908
f 5640/5640/2908 5639/5639/2907 5641/5641/2909
f 5640/5640/2908 5641/5641/2909 5642/5642/2910
f 5642/5642/2910 5641/5641/2909 5626/5626/2897
f 5642/5642/2910 5626/5626/2897 5643/5643/2911
f 5643/5643/2911 5626/5626/2897 5625/5625/2896
f 5643/5643/2911 5625/5625/2896 5644/5644/2912
f 5644/5644/2912 5625/5625/2896 5624/5624/2895
f 5644/5644/2912 5624/5624/2895 5645/5645/2913
f 5645/5645/2913 5624/5624/2895 5622/5622/2893
f 5645/5645/2913 5622/5622/2893 5646/5646/2914
f 5647/5647/2915 5648/5648/2915 5636/5636/2906
f 5647/5647/2915 5636/5636/2906 5635/5635/2906
f 5638/5638/2906 5637/5637/2906 5649/5649/2915
f 5638/5638/2906 5649/5649/2915 5650/5650/2915
f 5651/5651/2818 5652/5652/2818 5648/5648/2915
f 5651/5651/2818 5648/5648/2915 5647/5647/2915
f 5650/5650/2915 5649/5649/2915 5653/5653/2818
f 5650/5650/2915 5653/5653/2818 5654/5654/2818
f 5646/5646/2914 5622/5622/2893 5623/5623/2894
f 5646/5646/2914 5623/5623/2894 5655/5655/2916
f 5641/5641/2909 5434/5434/2830 5432/5432/2828
f 5641/5641/2909 5432/5432/2828 5626/5626/2897
f 5639/5639/2907 5435/5435/2831 5434/5434/2830
f 5639/5639/2907 5434/5434/2830 5641/5641/2909
f 5629/5629/2900 5438/5438/2834 5435/5435/2831
f 5629/5629/2900 5435/5435/2831 5639/5639/2907
f 5628/5628/2899 5439/5439/2835 5438/5438/2834
f 5628/5628/2899 5438/5438/2834 5629/5629/2900
f 5656/5656/2917 5627/5627/2898 5630/5630/2901
f 5656/5656/2917 5630/5630/2901 5657/5657/2918
f 5657/5657/2918 5630/5630/2901 5640/5640/2908
f 5657/5657/2918 5640/5640/2908 5658/5658/2919
f 5658/5658/2919 5640/5640/2908 5642/5642/2910
f 5658/5658/2919 5642/5642/2910 5659/5659/2920
f 5659/5659/2920 5642/5642/2910 5643/5643/2911
f 5659/5659/2920 5643/5643/2911 5660/5660/2921
f 5660/5660/2921 5643/5643/2911 5644/5644/2912
f 5660/5660/2921 5644/5644/2912 5661/5661/2922
f 5661/5661/2922 5644/5644/2912 5645/5645/2913
f 5661/5661/2922 5645/5645/2913 5662/5662/2923
f 5662/5662/2923 5645/5645/2913 5646/5646/2914
f 5662/5662/2923 5646/5646/2914 5663/5663/2924
f 5663/5663/2924 5646/5646/2914 5655/5655/2916
f 5663/5663/2924 5655/5655/2916 5664/5664/2925
f 5665/5665/2926 5666/5666/2926 5667/5667/2927
f 5665/5665/2926 5667/5667/2927 5604/5604/2927
f 5604/5604/2927 5667/5667/2927 5668/5668/2928
f 5604/5604/2927 5668/5668/2928 5601/5601/2928
f 5601/5601/2928 5668/5668/2928 5669/5669/2929
f 5601/5601/2928 5669/5669/2929 5584/5584/2929
f 5670/5670/2874 5671/5671/2874 5672/5672/2874
f 5670/5670/2874 5672/5672/2874 5673/5673/2874
f 5674/5674/2874 5675/5675/2874 5671/5671/2874
f 5674/5674/2874 5671/5671/2874 5670/5670/2874
f 5548/5548/2930 5403/5403/2930 5587/5587/2930
f 5548/5548/2930 5587/5587/2930 5549/5549/2930
f 5676/5676/2836 5677/5677/2847 5678/5678/2832
f 5676/5676/2836 5678/5678/2832 5679/5679/2821
f 5585/5585/2931 5584/5584/2929 5669/5669/2929
f 5585/5585/2931 5669/5669/2929 5680/5680/2931
f 5681/5681/2932 5676/5676/2933 5679/5679/2933
f 5681/5681/2932 5679/5679/2933 5682/5682/2932
f 5536/5536/2867 5683/5683/2934 5666/5666/2934
f 5536/5536/2867 5666/5666/2934 5533/5533/2867
f 5394/5394/2882 5575/5575/2882 5684/5684/2935
f 5394/5394/2882 5684/5684/2935 5384/5384/2935
f 5685/5685/2936 5686/5686/2937 5576/5576/2937
f 5685/5685/2936 5576/5576/2937 5579/5579/2936
f 5687/5687/2938 5685/5685/2936 5579/5579/2936
f 5687/5687/2938 5579/5579/2936 5573/5573/2938
f 5497/5497/2817 5687/5687/2938 5573/5573/2938
f 5497/5497/2817 5573/5573/2938 5394/5394/2817
f 5680/5680/2819 5669/5669/2939 5688/5688/2939
f 5680/5680/2819 5688/5688/2939 5689/5689/2819
f 5690/5690/2940 5688/5688/2939 5669/5669/2939
f 5690/5690/2940 5669/5669/2939 5668/5668/2940
f 5691/5691/2941 5690/5690/2940 5668/5668/2940
f 5691/5691/2941 5668/5668/2940 5667/5667/2941
f 5683/5683/2934 5691/5691/2941 5667/5667/2941
f 5683/5683/2934 5667/5667/2941 5666/5666/2934
f 5613/5613/2892 5413/5413/2892 5415/5415/2942
f 5613/5613/2892 5415/5415/2942 5692/5692/2942
f 5693/5693/2943 5612/5612/2943 5539/5539/2870
f 5693/5693/2943 5539/5539/2870 5538/5538/2870
f 5566/5566/2874 5608/5608/2874 5694/5694/2874
f 5566/5566/2874 5694/5694/2874 5605/5605/2874
f 5433/5433/2829 5413/5413/2820 5612/5612/2943
f 5433/5433/2829 5612/5612/2943 5693/5693/2943
f 5617/5617/2874 5616/5616/2874 5675/5675/2874
f 5617/5617/2874 5675/5675/2874 5674/5674/2874
f 5604/5604/2874 5603/5603/2874 5695/5695/2874
f 5604/5604/2874 5695/5695/2874 5665/5665/2874
f 5567/5567/2874 5606/5606/2874 5596/5596/2874
f 5567/5567/2874 5596/5596/2874 5593/5593/2874
f 5568/5568/2880 5567/5567/2880 5593/5593/2885
f 5568/5568/2880 5593/5593/2885 5592/5592/2885
f 5615/5615/2944 5555/5555/2944 5558/5558/2945
f 5615/5615/2944 5558/5558/2945 5616/5616/2945
f 5674/5674/2946 5696/5696/2946 5697/5697/2947
f 5674/5674/2946 5697/5697/2947 5617/5617/2947
f 5616/5616/2945 5558/5558/2945 5560/5560/2948
f 5616/5616/2945 5560/5560/2948 5675/5675/2948
f 5698/5698/2949 5678/5678/2950 5677/5677/2950
f 5698/5698/2949 5677/5677/2950 5699/5699/2949
f 5670/5670/2951 5570/5570/2951 5696/5696/2946
f 5670/5670/2951 5696/5696/2946 5674/5674/2946
f 5699/5699/2949 5700/5700/2952 5701/5701/2952
f 5699/5699/2949 5701/5701/2952 5698/5698/2949
f 5682/5682/2932 5702/5702/2953 5703/5703/2953
f 5682/5682/2932 5703/5703/2953 5681/5681/2932
f 5675/5675/2948 5560/5560/2948 5589/5589/2954
f 5675/5675/2948 5589/5589/2954 5671/5671/2954
f 5673/5673/2955 5571/5571/2955 5570/5570/2951
f 5673/5673/2955 5570/5570/2951 5670/5670/2951
f 5671/5671/2954 5589/5589/2954 5591/5591/2956
f 5671/5671/2954 5591/5591/2956 5672/5672/2956
f 5617/5617/2947 5697/5697/2947 5704/5704/2957
f 5617/5617/2947 5704/5704/2957 5614/5614/2957
f 5595/5595/2874 5545/5545/2874 5541/5541/2874
f 5595/5595/2874 5541/5541/2874 5592/5592/2874
f 5592/5592/2874 5541/5541/2874 5544/5544/2874
f 5592/5592/2874 5544/5544/2874 5568/5568/2874
f 5568/5568/2874 5544/5544/2874 5602/5602/2874
f 5568/5568/2874 5602/5602/2874 5565/5565/2874
f 5565/5565/2874 5602/5602/2874 5705/5705/2874
f 5565/5565/2874 5705/5705/2874 5607/5607/2874
f 5546/5546/2874 5704/5704/2874 5697/5697/2874
f 5546/5546/2874 5697/5697/2874 5542/5542/2874
f 5542/5542/2874 5697/5697/2874 5696/5696/2874
f 5542/5542/2874 5696/5696/2874 5543/5543/2874
f 5543/5543/2874 5696/5696/2874 5570/5570/2874
f 5543/5543/2874 5570/5570/2874 5569/5569/2874
f 5602/5602/2887 5569/5569/2887 5572/5572/2958
f 5602/5602/2887 5572/5572/2958 5705/5705/2958
f 5706/5706/2959 5707/5707/2959 5708/5708/2959
f 5706/5706/2959 5708/5708/2959 5709/5709/2959
f 5710/5710/2958 5711/5711/2887 5707/5707/2887
f 5710/5710/2958 5707/5707/2887 5706/5706/2958
f 5707/5707/2959 5712/5712/2959 5713/5713/2959
f 5707/5707/2959 5713/5713/2959 5708/5708/2959
f 5714/5714/2872 5715/5715/2871 5716/5716/2871
f 5714/5714/2872 5716/5716/2871 5712/5712/2872
f 5715/5715/2871 5717/5717/2873 5718/5718/2873
f 5715/5715/2871 5718/5718/2873 5716/5716/2871
f 5719/5719/2959 5720/5720/2959 5721/5721/2959
f 5719/5719/2959 5721/5721/2959 5722/5722/2959
f 5723/5723/2960 5480/5480/2961 5476/5476/2961
f 5723/5723/2960 5476/5476/2961 5724/5724/2960
f 5460/5460/2962 5725/5725/2963 5726/5726/2963
f 5460/5460/2962 5726/5726/2963 5461/5461/2962
f 5727/5727/2959 5728/5728/2959 5729/5729/2959
f 5727/5727/2959 5729/5729/2959 5730/5730/2959
f 5731/5731/2959 5727/5727/2959 5730/5730/2959
f 5731/5731/2959 5730/5730/2959 5732/5732/2959
f 5733/5733/2818 5734/5734/2818 5495/5495/2818
f 5733/5733/2818 5495/5495/2818 5457/5457/2818
f 5735/5735/2818 5736/5736/2818 5451/5451/2818
f 5735/5735/2818 5451/5451/2818 5453/5453/2818
f 5737/5737/2880 5738/5738/2879 5708/5708/2879
f 5737/5737/2880 5708/5708/2879 5713/5713/2880
f 5739/5739/2959 5740/5740/2959 5711/5711/2959
f 5739/5739/2959 5711/5711/2959 5710/5710/2959
f 5741/5741/2964 5742/5742/2965 5687/5687/2965
f 5741/5741/2964 5687/5687/2965 5497/5497/2964
f 5743/5743/2966 5744/5744/2967 5686/5686/2967
f 5743/5743/2966 5686/5686/2967 5685/5685/2966
f 5745/5745/2818 5746/5746/2818 5496/5496/2818
f 5745/5745/2818 5496/5496/2818 5494/5494/2818
f 5747/5747/2959 5748/5748/2959 5717/5717/2959
f 5747/5747/2959 5717/5717/2959 5715/5715/2959
f 5749/5749/2959 5750/5750/2959 5751/5751/2959
f 5749/5749/2959 5751/5751/2959 5752/5752/2959
f 5753/5753/2819 5754/5754/2819 5472/5472/2819
f 5753/5753/2819 5472/5472/2819 5449/5449/2819
f 5755/5755/2959 5731/5731/2959 5732/5732/2959
f 5755/5755/2959 5732/5732/2959 5756/5756/2959
f 5757/5757/2959 5755/5755/2959 5756/5756/2959
f 5757/5757/2959 5756/5756/2959 5758/5758/2959
f 5759/5759/2886 5760/5760/2885 5761/5761/2885
f 5759/5759/2886 5761/5761/2885 5762/5762/2886
f 5763/5763/2959 5764/5764/2959 5760/5760/2959
f 5763/5763/2959 5760/5760/2959 5759/5759/2959
f 5726/5726/2818 5724/5724/2818 5476/5476/2818
f 5726/5726/2818 5476/5476/2818 5461/5461/2818
f 5475/5475/2818 5765/5765/2818 5766/5766/2818
f 5475/5475/2818 5766/5766/2818 5473/5473/2818
f 5742/5742/2965 5743/5743/2966 5685/5685/2966
f 5742/5742/2965 5685/5685/2966 5687/5687/2965
f 5767/5767/2959 5750/5750/2959 5749/5749/2959
f 5767/5767/2959 5749/5749/2959 5768/5768/2959
f 5711/5711/2887 5714/5714/2872 5712/5712/2872
f 5711/5711/2887 5712/5712/2872 5707/5707/2887
f 5769/5769/2959 5767/5767/2959 5768/5768/2959
f 5769/5769/2959 5768/5768/2959 5770/5770/2959
f 5771/5771/2959 5772/5772/2959 5738/5738/2959
f 5771/5771/2959 5738/5738/2959 5737/5737/2959
f 5738/5738/2879 5773/5773/2888 5709/5709/2888
f 5738/5738/2879 5709/5709/2888 5708/5708/2879
f 5774/5774/2968 5775/5775/2969 5776/5776/2969
f 5774/5774/2968 5776/5776/2969 5777/5777/2968
f 5470/5470/2970 5778/5778/2971 5779/5779/2971
f 5470/5470/2970 5779/5779/2971 5780/5780/2970
f 5781/5781/2959 5782/5782/2959 5783/5783/2959
f 5781/5781/2959 5783/5783/2959 5784/5784/2959
f 5725/5725/2963 5723/5723/2960 5724/5724/2960
f 5725/5725/2963 5724/5724/2960 5726/5726/2963
f 5778/5778/2971 5774/5774/2968 5777/5777/2968
f 5778/5778/2971 5777/5777/2968 5779/5779/2971
f 5785/5785/2818 5766/5766/2818 5765/5765/2818
f 5785/5785/2818 5765/5765/2818 5786/5786/2818
f 5787/5787/2818 5788/5788/2818 5785/5785/2818
f 5787/5787/2818 5785/5785/2818 5786/5786/2818
f 5481/5481/2839 5483/5483/2841 5789/5789/2972
f 5481/5481/2839 5789/5789/2972 5790/5790/2973
f 5483/5483/2841 5484/5484/2842 5791/5791/2974
f 5483/5483/2841 5791/5791/2974 5789/5789/2972
f 5484/5484/2842 5485/5485/2843 5792/5792/2975
f 5484/5484/2842 5792/5792/2975 5791/5791/2974
f 5485/5485/2843 5486/5486/2844 5793/5793/2976
f 5485/5485/2843 5793/5793/2976 5792/5792/2975
f 5794/5794/2977 5795/5795/2978 5796/5796/2979
f 5794/5794/2977 5796/5796/2979 5797/5797/2980
f 5454/5454/2981 5798/5798/2982 5799/5799/2982
f 5454/5454/2981 5799/5799/2982 5455/5455/2981
f 5800/5800/2983 5465/5465/2984 5463/5463/2984
f 5800/5800/2983 5463/5463/2984 5801/5801/2983
f 5798/5798/2982 5802/5802/2985 5803/5803/2985
f 5798/5798/2982 5803/5803/2985 5799/5799/2982
f 5804/5804/2985 5800/5800/2983 5801/5801/2983
f 5804/5804/2985 5801/5801/2983 5805/5805/2985
f 5806/5806/2986 5794/5794/2977 5797/5797/2980
f 5806/5806/2986 5797/5797/2980 5807/5807/2987
f 5808/5808/2988 5806/5806/2986 5807/5807/2987
f 5808/5808/2988 5807/5807/2987 5809/5809/2989
f 5793/5793/2976 5808/5808/2988 5809/5809/2989
f 5793/5793/2976 5809/5809/2989 5810/5810/2990
f 5792/5792/2975 5793/5793/2976 5810/5810/2990
f 5792/5792/2975 5810/5810/2990 5811/5811/2991
f 5791/5791/2974 5792/5792/2975 5811/5811/2991
f 5791/5791/2974 5811/5811/2991 5812/5812/2992
f 5789/5789/2972 5791/5791/2974 5812/5812/2992
f 5789/5789/2972 5812/5812/2992 5813/5813/2993
f 5802/5802/2985 5814/5814/2994 5815/5815/2994
f 5802/5802/2985 5815/5815/2994 5803/5803/2985
f 5816/5816/2994 5804/5804/2985 5805/5805/2985
f 5816/5816/2994 5805/5805/2985 5817/5817/2994
f 5814/5814/2994 5652/5652/2818 5651/5651/2818
f 5814/5814/2994 5651/5651/2818 5815/5815/2994
f 5653/5653/2818 5816/5816/2994 5817/5817/2994
f 5653/5653/2818 5817/5817/2994 5654/5654/2818
f 5790/5790/2973 5789/5789/2972 5813/5813/2993
f 5790/5790/2973 5813/5813/2993 5818/5818/2995
f 5486/5486/2844 5488/5488/2845 5808/5808/2988
f 5486/5486/2844 5808/5808/2988 5793/5793/2976
f 5488/5488/2845 5489/5489/2846 5806/5806/2986
f 5488/5488/2845 5806/5806/2986 5808/5808/2988
f 5489/5489/2846 5492/5492/2848 5794/5794/2977
f 5489/5489/2846 5794/5794/2977 5806/5806/2986
f 5492/5492/2848 5493/5493/2849 5795/5795/2978
f 5492/5492/2848 5795/5795/2978 5794/5794/2977
f 5797/5797/2980 5796/5796/2979 5819/5819/2996
f 5797/5797/2980 5819/5819/2996 5820/5820/2997
f 5807/5807/2987 5797/5797/2980 5820/5820/2997
f 5807/5807/2987 5820/5820/2997 5821/5821/2998
f 5809/5809/2989 5807/5807/2987 5821/5821/2998
f 5809/5809/2989 5821/5821/2998 5822/5822/2999
f 5810/5810/2990 5809/5809/2989 5822/5822/2999
f 5810/5810/2990 5822/5822/2999 5823/5823/3000
f 5811/5811/2991 5810/5810/2990 5823/5823/3000
f 5811/5811/2991 5823/5823/3000 5824/5824/3001
f 5812/5812/2992 5811/5811/2991 5824/5824/3001
f 5812/5812/2992 5824/5824/3001 5825/5825/3002
f 5813/5813/2993 5812/5812/2992 5825/5825/3002
f 5813/5813/2993 5825/5825/3002 5826/5826/3003
f 5818/5818/2995 5813/5813/2993 5826/5826/3003
f 5818/5818/2995 5826/5826/3003 5827/5827/3004
f 5691/5691/3005 5683/5683/3006 5828/5828/3006
f 5691/5691/3005 5828/5828/3006 5770/5770/3005
f 5690/5690/3007 5691/5691/3005 5770/5770/3005
f 5690/5690/3007 5770/5770/3005 5768/5768/3007
f 5688/5688/3008 5690/5690/3007 5768/5768/3007
f 5688/5688/3008 5768/5768/3007 5749/5749/3008
f 5829/5829/2959 5830/5830/2959 5831/5831/2959
f 5829/5829/2959 5831/5831/2959 5832/5832/2959
f 5830/5830/2959 5833/5833/2959 5834/5834/2959
f 5830/5830/2959 5834/5834/2959 5831/5831/2959
f 5753/5753/3009 5449/5449/3009 5720/5720/3009
f 5753/5753/3009 5720/5720/3009 5719/5719/3009
f 5835/5835/2959 5747/5747/2959 5715/5715/2959
f 5835/5835/2959 5715/5715/2959 5714/5714/2959
f 5688/5688/3008 5749/5749/3008 5752/5752/3010
f 5688/5688/3008 5752/5752/3010 5689/5689/3010
f 5740/5740/2959 5835/5835/2959 5714/5714/2959
f 5740/5740/2959 5714/5714/2959 5711/5711/2959
f 5775/5775/2869 5774/5774/2870 5836/5836/2870
f 5775/5775/2869 5836/5836/2870 5837/5837/2869
f 5838/5838/3011 5741/5741/2964 5497/5497/2964
f 5838/5838/3011 5497/5497/2964 5396/5396/3011
f 5471/5471/3012 5470/5470/2970 5780/5780/2970
f 5471/5471/3012 5780/5780/2970 5839/5839/3012
f 5774/5774/2870 5778/5778/2943 5840/5840/2943
f 5774/5774/2870 5840/5840/2943 5836/5836/2870
f 5841/5841/2959 5773/5773/2959 5738/5738/2959
f 5841/5841/2959 5738/5738/2959 5772/5772/2959
f 5778/5778/2943 5470/5470/2837 5487/5487/2829
f 5778/5778/2943 5487/5487/2829 5840/5840/2943
f 5833/5833/2959 5781/5781/2959 5784/5784/2959
f 5833/5833/2959 5784/5784/2959 5834/5834/2959
f 5842/5842/2959 5769/5769/2959 5770/5770/2959
f 5842/5842/2959 5770/5770/2959 5828/5828/2959
f 5764/5764/2959 5771/5771/2959 5737/5737/2959
f 5764/5764/2959 5737/5737/2959 5760/5760/2959
f 5760/5760/2885 5737/5737/2880 5713/5713/2880
f 5760/5760/2885 5713/5713/2880 5761/5761/2885
f 5730/5730/2945 5729/5729/2944 5782/5782/2944
f 5730/5730/2945 5782/5782/2944 5781/5781/2945
f 5747/5747/2947 5835/5835/2946 5834/5834/2946
f 5747/5747/2947 5834/5834/2946 5784/5784/2947
f 5732/5732/2948 5730/5730/2945 5781/5781/2945
f 5732/5732/2948 5781/5781/2945 5833/5833/2948
f 5835/5835/2946 5740/5740/2951 5831/5831/2951
f 5835/5835/2946 5831/5831/2951 5834/5834/2946
f 5404/5404/2818 5461/5461/2818 5476/5476/2818
f 5404/5404/2818 5476/5476/2818 5422/5422/2818
f 5756/5756/2954 5732/5732/2948 5833/5833/2948
f 5756/5756/2954 5833/5833/2948 5830/5830/2954
f 5740/5740/2951 5739/5739/2955 5832/5832/2955
f 5740/5740/2951 5832/5832/2955 5831/5831/2951
f 5758/5758/2956 5756/5756/2954 5830/5830/2954
f 5758/5758/2956 5830/5830/2954 5829/5829/2956
f 5748/5748/2957 5747/5747/2947 5784/5784/2947
f 5748/5748/2957 5784/5784/2947 5783/5783/2957
f 5716/5716/2959 5718/5718/2959 5762/5762/2959
f 5716/5716/2959 5762/5762/2959 5761/5761/2959
f 5712/5712/2959 5716/5716/2959 5761/5761/2959
f 5712/5712/2959 5761/5761/2959 5713/5713/2959
f 5843/5843/3013 5844/5844/3014 5845/5845/3014
f 5843/5843/3013 5845/5845/3014 5846/5846/3013
f 5847/5847/3015 5511/5511/3015 5848/5848/3016
f 5847/5847/3015 5848/5848/3016 5849/5849/3016
f 5850/5850/3017 5851/5851/3018 5852/5852/3018
f 5850/5850/3017 5852/5852/3018 5853/5853/3017
f 5853/5853/3017 5854/5854/3019 5855/5855/3019
f 5853/5853/3017 5855/5855/3019 5850/5850/3017
f 5856/5856/2874 5857/5857/2874 5858/5858/2874
f 5856/5856/2874 5858/5858/2874 5859/5859/2874
f 5856/5856/2874 5860/5860/2874 5861/5861/2874
f 5856/5856/2874 5861/5861/2874 5857/5857/2874
f 5862/5862/3020 5863/5863/3020 5864/5864/3020
f 5862/5862/3020 5864/5864/3020 5865/5865/3020
f 5503/5503/2852 5509/5509/2852 5845/5845/3021
f 5503/5503/2852 5845/5845/3021 5844/5844/3021
f 5504/5504/3022 5511/5511/3015 5847/5847/3015
f 5504/5504/3022 5847/5847/3015 5866/5866/3022
f 5506/5506/2855 5512/5512/2855 5511/5511/2853
f 5506/5506/2855 5511/5511/2853 5504/5504/2853
f 5858/5858/3023 5862/5862/3023 5865/5865/3023
f 5858/5858/3023 5865/5865/3023 5859/5859/3023
f 5867/5867/3024 5504/5504/3022 5866/5866/3022
f 5867/5867/3024 5866/5866/3022 5868/5868/3024
f 5503/5503/2852 5502/5502/2851 5507/5507/2851
f 5503/5503/2852 5507/5507/2851 5509/5509/2852
f 5506/5506/2855 5855/5855/3025 5854/5854/3025
f 5506/5506/2855 5854/5854/3025 5512/5512/2855
f 5869/5869/3026 5870/5870/3026 5871/5871/3026
f 5869/5869/3026 5871/5871/3026 5872/5872/3026
f 5873/5873/3027 5861/5861/3028 5860/5860/3028
f 5873/5873/3027 5860/5860/3028 5874/5874/3027
f 5875/5875/2959 5502/5502/2959 5501/5501/2959
f 5875/5875/2959 5501/5501/2959 5876/5876/2959
f 5877/5877/3029 5873/5873/3027 5874/5874/3027
f 5877/5877/3029 5874/5874/3027 5878/5878/3029
f 5870/5870/2874 5879/5879/2874 5880/5880/2874
f 5870/5870/2874 5880/5880/2874 5871/5871/2874
f 5881/5881/3028 5882/5882/3028 5883/5883/3030
f 5881/5881/3028 5883/5883/3030 5884/5884/3030
f 5508/5508/2874 5507/5507/2874 5885/5885/2874
f 5508/5508/2874 5885/5885/2874 5886/5886/2874
f 5887/5887/2959 5888/5888/2959 5889/5889/2959
f 5887/5887/2959 5889/5889/2959 5890/5890/2959
f 5882/5882/2959 5881/5881/2959 5889/5889/2959
f 5882/5882/2959 5889/5889/2959 5888/5888/2959
f 5891/5891/2959 5892/5892/2959 5893/5893/2959
f 5891/5891/2959 5893/5893/2959 5894/5894/2959
f 5846/5846/3013 5895/5895/3031 5896/5896/3031
f 5846/5846/3013 5896/5896/3031 5843/5843/3013
f 5884/5884/3030 5883/5883/3030 5897/5897/3032
f 5884/5884/3030 5897/5897/3032 5898/5898/3032
f 5894/5894/3026 5893/5893/3026 5899/5899/3026
f 5894/5894/3026 5899/5899/3026 5900/5900/3026
f 5864/5864/3033 5863/5863/3033 5887/5887/3033
f 5864/5864/3033 5887/5887/3033 5890/5890/3033
# Vertices: 518, normals: 223, texture coordinates: 518, faces: 602

