<?xml version="1.0" encoding="utf-8"?>
<COLLADA xmlns="http://www.collada.org/2005/11/COLLADASchema" version="1.4.1">
  <asset>
    <contributor>
      <author>Mixamo</author>
      <authoring_tool>COLLADA Mixamo exporter</authoring_tool>
      <comments/>
    </contributor>
    <created>2025-11-30T19:00:07Z</created>
    <modified>2025-11-30T19:00:07Z</modified>
    <revision/>
    <title/>
    <unit meter="0.010000"/>
    <up_axis>Y_UP</up_axis>
  </asset>
  <library_animations>
    <animation id="mixamorig_Hips-anim" name="mixamorig_Hips">
      <source id="mixamorig_Hips-Matrix-animation-input">
        <float_array id="mixamorig_Hips-Matrix-animation-input-array" count="4">

0.000000 0.033333 0.066667 0.100000</float_array>
        <technique_common>
          <accessor source="#mixamorig_Hips-Matrix-animation-input-array" count="4">
            <param name="TIME" type="float"/>
          </accessor>
        </technique_common>
      </source>
      <source id="mixamorig_Hips-Matrix-animation-output-transform">
        <float_array id="mixamorig_Hips-Matrix-animation-output-transform-array" count="64">

0.902453 -0.427630 0.052065 -39.880001 0.114147 0.120832 -0.986088 15.945024 0.415390 0.895842 0.157858 -3.801027 0.000000 0.000000 0.000000 1.000000
0.902297 -0.428022 0.051544 -39.881447 0.113518 0.120541 -0.986197 15.939049 0.415900 0.895694 0.157352 -3.796293 0.000000 0.000000 0.000000 1.000000
0.902120 -0.428385 0.051631 -39.883030 0.113419 0.119973 -0.986277 15.933397 0.416312 0.895596 0.156817 -3.798362 0.000000 0.000000 0.000000 1.000000
0.902139 -0.428338 0.051695 -39.884186 0.113360 0.119715 -0.986315 15.932451 0.416288 0.895653 0.156555 -3.796330 0.000000 0.000000 0.000000 1.000000</float_array>
        <technique_common>
          <accessor source="#mixamorig_Hips-Matrix-animation-output-transform-array" count="4" stride="16">
            <param type="float4x4"/>
          </accessor>
        </technique_common>
      </source>
      <source id="mixamorig_Hips-Interpolations">
        <Name_array id="mixamorig_Hips-Interpolations-array" count="4">
 LINEAR LINEAR LINEAR LINEAR</Name_array>
        <technique_common>
          <accessor source="#mixamorig_Hips-Interpolations-array" count="4">
            <param type="name"/>
          </accessor>
        </technique_common>
      </source>
      <sampler id="mixamorig_Hips-Matrix-animation-transform">
        <input semantic="INPUT" source="#mixamorig_Hips-Matrix-animation-input"/>
        <input semantic="OUTPUT" source="#mixamorig_Hips-Matrix-animation-output-transform"/>
        <input semantic="INTERPOLATION" source="#mixamorig_Hips-Interpolations"/>
      </sampler>
      <channel source="#mixamorig_Hips-Matrix-animation-transform" target="mixamorig_Hips/matrix"/>
    </animation>
    <animation id="mixamorig_Spine-anim" name="mixamorig_Spine">
      <source id="mixamorig_Spine-Matrix-animation-input">
        <float_array id="mixamorig_Spine-Matrix-animation-input-array" count="4">

0.000000 0.033333 0.066667 0.100000</float_array>
        <technique_common>
          <accessor source="#mixamorig_Spine-Matrix-animation-input-array" count="4">
            <param name="TIME" type="float"/>
          </accessor>
        </technique_common>
      </source>
      <source id="mixamorig_Spine-Matrix-animation-output-transform">
        <float_array id="mixamorig_Spine-Matrix-animation-output-transform-array" count="64">

0.996477 -0.082479 -0.015161 -0.006600 0.082165 0.996412 -0.020305 10.822600 0.016782 0.018988 0.999679 -0.430700 0.000000 0.000000 0.000000 1.000000
0.996486 -0.082405 -0.014969 -0.006600 0.082095 0.996419 -0.020254 10.822600 0.016585 0.018954 0.999683 -0.430700 0.000000 0.000000 0.000000 1.000000
0.996500 -0.082287 -0.014737 -0.006600 0.081986 0.996433 -0.020015 10.822600 0.016332 0.018737 0.999691 -0.430700 0.000000 0.000000 0.000000 1.000000
0.996502 -0.082286 -0.014584 -0.006600 0.081989 0.996435 -0.019865 10.822600 0.016167 0.018600 0.999696 -0.430700 0.000000 0.000000 0.000000 1.000000</float_array>
        <technique_common>
          <accessor source="#mixamorig_Spine-Matrix-animation-output-transform-array" count="4" stride="16">
            <param type="float4x4"/>
          </accessor>
        </technique_common>
      </source>
      <source id="mixamorig_Spine-Interpolations">
        <Name_array id="mixamorig_Spine-Interpolations-array" count="4">
 LINEAR LINEAR LINEAR LINEAR</Name_array>
        <technique_common>
          <accessor source="#mixamorig_Spine-Interpolations-array" count="4">
            <param type="name"/>
          </accessor>
        </technique_common>
      </source>
      <sampler id="mixamorig_Spine-Matrix-animation-transform">
        <input semantic="INPUT" source="#mixamorig_Spine-Matrix-animation-input"/>
        <input semantic="OUTPUT" source="#mixamorig_Spine-Matrix-animation-output-transform"/>
        <input semantic="INTERPOLATION" source="#mixamorig_Spine-Interpolations"/>
      </sampler>
      <channel source="#mixamorig_Spine-Matrix-animation-transform" target="mixamorig_Spine/matrix"/>
    </animation>
    <animation id="mixamorig_Spine1-anim" name="mixamorig_Spine1">
      <source id="mixamorig_Spine1-Matrix-animation-input">
        <float_array id="mixamorig_Spine1-Matrix-animation-input-array" count="4">

0.000000 0.033333 0.066667 0.100000</float_array>
        <technique_common>
          <accessor source="#mixamorig_Spine1-Matrix-animation-input-array" count="4">
            <param name="TIME" type="float"/>
          </accessor>
        </technique_common>
      </source>
      <source id="mixamorig_Spine1-Matrix-animation-output-transform">
        <float_array id="mixamorig_Spine1-Matrix-animation-output-transform-array" count="64">

0.997538 -0.067948 -0.017359 0.000000 0.065821 0.992537 -0.102657 12.655100 0.024204 0.101261 0.994565 0.000000 0.000000 0.000000 0.000000 1.000000
0.997559 -0.067733 -0.016963 0.000000 0.065650 0.992558 -0.102562 12.655100 0.023784 0.101198 0.994582 0.000000 0.000000 0.000000 0.000000 1.000000
0.997580 -0.067533 -0.016530 0.000000 0.065506 0.992615 -0.102097 12.655100 0.023303 0.100767 0.994637 0.000000 0.000000 0.000000 0.000000 1.000000
0.997585 -0.067530 -0.016235 0.000000 0.065538 0.992643 -0.101803 12.655100 0.022990 0.100493 0.994672 -0.000000 0.000000 0.000000 0.000000 1.000000</float_array>
        <technique_common>
          <accessor source="#mixamorig_Spine1-Matrix-animation-output-transform-array" count="4" stride="16">
            <param type="float4x4"/>
          </accessor>
        </technique_common>
      </source>
      <source id="mixamorig_Spine1-Interpolations">
        <Name_array id="mixamorig_Spine1-Interpolations-array" count="4">
 LINEAR LINEAR LINEAR LINEAR</Name_array>
        <technique_common>
          <accessor source="#mixamorig_Spine1-Interpolations-array" count="4">
            <param type="name"/>
          </accessor>
        </technique_common>
      </source>
      <sampler id="mixamorig_Spine1-Matrix-animation-transform">
        <input semantic="INPUT" source="#mixamorig_Spine1-Matrix-animation-input"/>
        <input semantic="OUTPUT" source="#mixamorig_Spine1-Matrix-animation-output-transform"/>
        <input semantic="INTERPOLATION" source="#mixamorig_Spine1-Interpolations"/>
      </sampler>
      <channel source="#mixamorig_Spine1-Matrix-animation-transform" target="mixamorig_Spine1/matrix"/>
    </animation>
    <animation id="mixamorig_Spine2-anim" name="mixamorig_Spine2">
      <source id="mixamorig_Spine2-Matrix-animation-input">
        <float_array id="mixamorig_Spine2-Matrix-animation-input-array" count="4">

0.000000 0.033333 0.066667 0.100000</float_array>
        <technique_common>
          <accessor source="#mixamorig_Spine2-Matrix-animation-input-array" count="4">
            <param name="TIME" type="float"/>
          </accessor>
        </technique_common>
      </source>
      <source id="mixamorig_Spine2-Matrix-animation-output-transform">
        <float_array id="mixamorig_Spine2-Matrix-animation-output-transform-array" count="64">

0.997551 -0.067925 -0.016674 0.000000 0.066410 0.994670 -0.078879 14.459700 0.021943 0.077579 0.996745 0.000000 0.000000 0.000000 0.000000 1.000000
0.997572 -0.067710 -0.016279 0.000000 0.066229 0.994690 -0.078781 14.459700 0.021527 0.077512 0.996759 0.000000 0.000000 0.000000 0.000000 1.000000
0.997593 -0.067511 -0.015850 0.000000 0.066073 0.994737 -0.078311 14.459700 0.021053 0.077075 0.996803 0.000000 0.000000 0.000000 0.000000 1.000000
0.997598 -0.067507 -0.015557 -0.000000 0.066098 0.994759 -0.078014 14.459700 0.020742 0.076798 0.996831 0.000000 0.000000 0.000000 0.000000 1.000000</float_array>
        <technique_common>
          <accessor source="#mixamorig_Spine2-Matrix-animation-output-transform-array" count="4" stride="16">
            <param type="float4x4"/>
          </accessor>
        </technique_common>
      </source>
      <source id="mixamorig_Spine2-Interpolations">
        <Name_array id="mixamorig_Spine2-Interpolations-array" count="4">
 LINEAR LINEAR LINEAR LINEAR</Name_array>
        <technique_common>
          <accessor source="#mixamorig_Spine2-Interpolations-array" count="4">
            <param type="name"/>
          </accessor>
        </technique_common>
      </source>
      <sampler id="mixamorig_Spine2-Matrix-animation-transform">
        <input semantic="INPUT" source="#mixamorig_Spine2-Matrix-animation-input"/>
        <input semantic="OUTPUT" source="#mixamorig_Spine2-Matrix-animation-output-transform"/>
        <input semantic="INTERPOLATION" source="#mixamorig_Spine2-Interpolations"/>
      </sampler>
      <channel source="#mixamorig_Spine2-Matrix-animation-transform" target="mixamorig_Spine2/matrix"/>
    </animation>
    <animation id="mixamorig_Neck-anim" name="mixamorig_Neck">
      <source id="mixamorig_Neck-Matrix-animation-input">
        <float_array id="mixamorig_Neck-Matrix-animation-input-array" count="4">

0.000000 0.033333 0.066667 0.100000</float_array>
        <technique_common>
          <accessor source="#mixamorig_Neck-Matrix-animation-input-array" count="4">
            <param name="TIME" type="float"/>
          </accessor>
        </technique_common>
      </source>
      <source id="mixamorig_Neck-Matrix-animation-output-transform">
        <float_array id="mixamorig_Neck-Matrix-animation-output-transform-array" count="64">

0.976064 -0.099091 -0.193597 -0.000000 0.081399 0.991920 -0.097311 16.135700 0.201675 0.079223 0.976243 0.000000 0.000000 0.000000 0.000000 1.000000
0.976071 -0.099068 -0.193576 0.000000 0.081449 0.991949 -0.096971 16.135700 0.201624 0.078884 0.976281 0.000000 0.000000 0.000000 0.000000 1.000000
0.975898 -0.100044 -0.193945 -0.000000 0.082304 0.991828 -0.097485 16.135700 0.202113 0.079173 0.976157 0.000000 0.000000 0.000000 0.000000 1.000000
0.975822 -0.100426 -0.194130 0.000000 0.082601 0.991767 -0.097849 16.135700 0.202358 0.079448 0.976084 -0.000000 0.000000 0.000000 0.000000 1.000000</float_array>
        <technique_common>
          <accessor source="#mixamorig_Neck-Matrix-animation-output-transform-array" count="4" stride="16">
            <param type="float4x4"/>
          </accessor>
        </technique_common>
      </source>
      <source id="mixamorig_Neck-Interpolations">
        <Name_array id="mixamorig_Neck-Interpolations-array" count="4">
 LINEAR LINEAR LINEAR LINEAR</Name_array>
        <technique_common>
          <accessor source="#mixamorig_Neck-Interpolations-array" count="4">
            <param type="name"/>
          </accessor>
        </technique_common>
      </source>
      <sampler id="mixamorig_Neck-Matrix-animation-transform">
        <input semantic="INPUT" source="#mixamorig_Neck-Matrix-animation-input"/>
        <input semantic="OUTPUT" source="#mixamorig_Neck-Matrix-animation-output-transform"/>
        <input semantic="INTERPOLATION" source="#mixamorig_Neck-Interpolations"/>
      </sampler>
      <channel source="#mixamorig_Neck-Matrix-animation-transform" target="mixamorig_Neck/matrix"/>
    </animation>
    <animation id="mixamorig_Head-anim" name="mixamorig_Head">
      <source id="mixamorig_Head-Matrix-animation-input">
        <float_array id="mixamorig_Head-Matrix-animation-input-array" count="4">

0.000000 0.033333 0.066667 0.100000</float_array>
        <technique_common>
          <accessor source="#mixamorig_Head-Matrix-animation-input-array" count="4">
            <param name="TIME" type="float"/>
          </accessor>
        </technique_common>
      </source>
      <source id="mixamorig_Head-Matrix-animation-output-transform">
        <float_array id="mixamorig_Head-Matrix-animation-output-transform-array" count="64">

0.561785 0.073853 -0.823980 0.000000 0.390678 0.854266 0.342930 6.791300 0.729225 -0.514563 0.451061 0.000000 0.000000 0.000000 0.000000 1.000000
0.561837 0.073498 -0.823977 -0.000000 0.391143 0.854070 0.342887 6.791300 0.728936 -0.514939 0.451100 0.000000 0.000000 0.000000 0.000000 1.000000
0.561172 0.076310 -0.824174 -0.000000 0.389328 0.854372 0.344196 6.791300 0.730417 -0.514028 0.449740 0.000000 0.000000 0.000000 0.000000 1.000000
0.560542 0.077199 -0.824520 -0.000000 0.389166 0.854301 0.344558 6.791300 0.730987 -0.514014 0.448829 0.000000 0.000000 0.000000 0.000000 1.000000</float_array>
        <technique_common>
          <accessor source="#mixamorig_Head-Matrix-animation-output-transform-array" count="4" stride="16">
            <param type="float4x4"/>
          </accessor>
        </technique_common>
      </source>
      <source id="mixamorig_Head-Interpolations">
        <Name_array id="mixamorig_Head-Interpolations-array" count="4">
 LINEAR LINEAR LINEAR LINEAR</Name_array>
        <technique_common>
          <accessor source="#mixamorig_Head-Interpolations-array" count="4">
            <param type="name"/>
          </accessor>
        </technique_common>
      </source>
      <sampler id="mixamorig_Head-Matrix-animation-transform">
        <input semantic="INPUT" source="#mixamorig_Head-Matrix-animation-input"/>
        <input semantic="OUTPUT" source="#mixamorig_Head-Matrix-animation-output-transform"/>
        <input semantic="INTERPOLATION" source="#mixamorig_Head-Interpolations"/>
      </sampler>
      <channel source="#mixamorig_Head-Matrix-animation-transform" target="mixamorig_Head/matrix"/>
    </animation>
    <animation id="mixamorig_LeftShoulder-anim" name="mixamorig_LeftShoulder">
      <source id="mixamorig_LeftShoulder-Matrix-animation-input">
        <float_array id="mixamorig_LeftShoulder-Matrix-animation-input-array" count="4">

0.000000 0.033333 0.066667 0.100000</float_array>
        <technique_common>
          <accessor source="#mixamorig_LeftShoulder-Matrix-animation-input-array" count="4">
            <param name="TIME" type="float"/>
          </accessor>
        </technique_common>
      </source>
      <source id="mixamorig_LeftShoulder-Matrix-animation-output-transform">
        <float_array id="mixamorig_LeftShoulder-Matrix-animation-output-transform-array" count="64">

-0.051866 0.894190 -0.444673 11.022900 -0.015144 -0.445925 -0.894942 13.234400 -0.998539 -0.039683 0.036670 -1.554100 0.000000 0.000000 0.000000 1.000000
-0.052165 0.893975 -0.445070 11.022900 -0.015163 -0.446334 -0.894738 13.234400 -0.998523 -0.039926 0.036838 -1.554100 0.000000 0.000000 0.000000 1.000000
-0.052323 0.893780 -0.445444 11.022900 -0.015163 -0.446715 -0.894548 13.234400 -0.998515 -0.040051 0.036926 -1.554100 0.000000 0.000000 0.000000 1.000000
-0.052361 0.893700 -0.445599 11.022900 -0.015159 -0.446871 -0.894470 13.234400 -0.998513 -0.040080 0.036947 -1.554100 0.000000 0.000000 0.000000 1.000000</float_array>
        <technique_common>
          <accessor source="#mixamorig_LeftShoulder-Matrix-animation-output-transform-array" count="4" stride="16">
            <param type="float4x4"/>
          </accessor>
        </technique_common>
      </source>
      <source id="mixamorig_LeftShoulder-Interpolations">
        <Name_array id="mixamorig_LeftShoulder-Interpolations-array" count="4">
 LINEAR LINEAR LINEAR LINEAR</Name_array>
        <technique_common>
          <accessor source="#mixamorig_LeftShoulder-Interpolations-array" count="4">
            <param type="name"/>
          </accessor>
        </technique_common>
      </source>
      <sampler id="mixamorig_LeftShoulder-Matrix-animation-transform">
        <input semantic="INPUT" source="#mixamorig_LeftShoulder-Matrix-animation-input"/>
        <input semantic="OUTPUT" source="#mixamorig_LeftShoulder-Matrix-animation-output-transform"/>
        <input semantic="INTERPOLATION" source="#mixamorig_LeftShoulder-Interpolations"/>
      </sampler>
      <channel source="#mixamorig_LeftShoulder-Matrix-animation-transform" target="mixamorig_LeftShoulder/matrix"/>
    </animation>
    <animation id="mixamorig_LeftArm-anim" name="mixamorig_LeftArm">
      <source id="mixamorig_LeftArm-Matrix-animation-input">
        <float_array id="mixamorig_LeftArm-Matrix-animation-input-array" count="4">

0.000000 0.033333 0.066667 0.100000</float_array>
        <technique_common>
          <accessor source="#mixamorig_LeftArm-Matrix-animation-input-array" count="4">
            <param name="TIME" type="float"/>
          </accessor>
        </technique_common>
      </source>
      <source id="mixamorig_LeftArm-Matrix-animation-output-transform">
        <float_array id="mixamorig_LeftArm-Matrix-animation-output-transform-array" count="64">

-0.178469 -0.343198 -0.922152 -0.000000 0.234287 0.895420 -0.378592 16.551600 0.955646 -0.283615 -0.079398 0.000000 0.000000 0.000000 0.000000 1.000000
-0.177700 -0.343838 -0.922062 0.000000 0.234953 0.895054 -0.379046 16.551600 0.955625 -0.283997 -0.078266 0.000000 0.000000 0.000000 0.000000 1.000000
-0.176750 -0.345494 -0.921625 0.000000 0.235044 0.894460 -0.380388 16.551600 0.955779 -0.283856 -0.076890 0.000000 0.000000 0.000000 0.000000 1.000000
-0.176683 -0.346687 -0.921190 -0.000000 0.234738 0.894066 -0.381502 16.551600 0.955867 -0.283643 -0.076586 0.000000 0.000000 0.000000 0.000000 1.000000</float_array>
        <technique_common>
          <accessor source="#mixamorig_LeftArm-Matrix-animation-output-transform-array" count="4" stride="16">
            <param type="float4x4"/>
          </accessor>
        </technique_common>
      </source>
      <source id="mixamorig_LeftArm-Interpolations">
        <Name_array id="mixamorig_LeftArm-Interpolations-array" count="4">
 LINEAR LINEAR LINEAR LINEAR</Name_array>
        <technique_common>
          <accessor source="#mixamorig_LeftArm-Interpolations-array" count="4">
            <param type="name"/>
          </accessor>
        </technique_common>
      </source>
      <sampler id="mixamorig_LeftArm-Matrix-animation-transform">
        <input semantic="INPUT" source="#mixamorig_LeftArm-Matrix-animation-input"/>
        <input semantic="OUTPUT" source="#mixamorig_LeftArm-Matrix-animation-output-transform"/>
        <input semantic="INTERPOLATION" source="#mixamorig_LeftArm-Interpolations"/>
      </sampler>
      <channel source="#mixamorig_LeftArm-Matrix-animation-transform" target="mixamorig_LeftArm/matrix"/>
    </animation>
    <animation id="mixamorig_LeftForeArm-anim" name="mixamorig_LeftForeArm">
      <source id="mixamorig_LeftForeArm-Matrix-animation-input">
        <float_array id="mixamorig_LeftForeArm-Matrix-animation-input-array" count="4">

0.000000 0.033333 0.066667 0.100000</float_array>
        <technique_common>
          <accessor source="#mixamorig_LeftForeArm-Matrix-animation-input-array" count="4">
            <param name="TIME" type="float"/>
          </accessor>
        </technique_common>
      </source>
      <source id="mixamorig_LeftForeArm-Matrix-animation-output-transform">
        <float_array id="mixamorig_LeftForeArm-Matrix-animation-output-transform-array" count="64">

-0.057361 -0.998271 0.012835 0.000000 0.998266 -0.057522 -0.012526 27.198299 0.013243 0.012094 0.999839 0.000000 0.000000 0.000000 0.000000 1.000000
-0.057621 -0.998256 0.012838 0.000000 0.998251 -0.057782 -0.012526 27.198299 0.013246 0.012094 0.999839 0.000000 0.000000 0.000000 0.000000 1.000000
-0.057263 -0.998277 0.012834 0.000000 0.998271 -0.057424 -0.012526 27.198299 0.013241 0.012095 0.999839 0.000000 0.000000 0.000000 0.000000 1.000000
-0.057653 -0.998254 0.012839 0.000000 0.998249 -0.057814 -0.012526 27.198299 0.013246 0.012094 0.999839 -0.000000 0.000000 0.000000 0.000000 1.000000</float_array>
        <technique_common>
          <accessor source="#mixamorig_LeftForeArm-Matrix-animation-output-transform-array" count="4" stride="16">
            <param type="float4x4"/>
          </accessor>
        </technique_common>
      </source>
      <source id="mixamorig_LeftForeArm-Interpolations">
        <Name_array id="mixamorig_LeftForeArm-Interpolations-array" count="4">
 LINEAR LINEAR LINEAR LINEAR</Name_array>
        <technique_common>
          <accessor source="#mixamorig_LeftForeArm-Interpolations-array" count="4">
            <param type="name"/>
          </accessor>
        </technique_common>
      </source>
      <sampler id="mixamorig_LeftForeArm-Matrix-animation-transform">
        <input semantic="INPUT" source="#mixamorig_LeftForeArm-Matrix-animation-input"/>
        <input semantic="OUTPUT" source="#mixamorig_LeftForeArm-Matrix-animation-output-transform"/>
        <input semantic="INTERPOLATION" source="#mixamorig_LeftForeArm-Interpolations"/>
      </sampler>
      <channel source="#mixamorig_LeftForeArm-Matrix-animation-transform" target="mixamorig_LeftForeArm/matrix"/>
    </animation>
    <animation id="mixamorig_LeftHand-anim" name="mixamorig_LeftHand">
      <source id="mixamorig_LeftHand-Matrix-animation-input">
        <float_array id="mixamorig_LeftHand-Matrix-animation-input-array" count="4">

0.000000 0.033333 0.066667 0.100000</float_array>
        <technique_common>
          <accessor source="#mixamorig_LeftHand-Matrix-animation-input-array" count="4">
            <param name="TIME" type="float"/>
          </accessor>
        </technique_common>
      </source>
      <source id="mixamorig_LeftHand-Matrix-animation-output-transform">
        <float_array id="mixamorig_LeftHand-Matrix-animation-output-transform-array" count="64">

0.996300 -0.080794 0.029302 -0.000000 0.080862 0.996725 -0.001136 21.535400 -0.029114 0.003502 0.999570 0.000000 0.000000 0.000000 0.000000 1.000000
0.996130 -0.081626 0.032592 0.000000 0.081569 0.996663 0.003072 21.535400 -0.032734 -0.000401 0.999464 -0.000000 0.000000 0.000000 0.000000 1.000000
0.995752 -0.081710 0.042435 0.000000 0.081590 0.996656 0.004569 21.535400 -0.042667 -0.001088 0.999089 0.000000 0.000000 0.000000 0.000000 1.000000
0.995945 -0.081493 0.038111 -0.000000 0.081475 0.996673 0.002027 21.535400 -0.038149 0.001086 0.999271 -0.000000 0.000000 0.000000 0.000000 1.000000</float_array>
        <technique_common>
          <accessor source="#mixamorig_LeftHand-Matrix-animation-output-transform-array" count="4" stride="16">
            <param type="float4x4"/>
          </accessor>
        </technique_common>
      </source>
      <source id="mixamorig_LeftHand-Interpolations">
        <Name_array id="mixamorig_LeftHand-Interpolations-array" count="4">
 LINEAR LINEAR LINEAR LINEAR</Name_array>
        <technique_common>
          <accessor source="#mixamorig_LeftHand-Interpolations-array" count="4">
            <param type="name"/>
          </accessor>
        </technique_common>
      </source>
      <sampler id="mixamorig_LeftHand-Matrix-animation-transform">
        <input semantic="INPUT" source="#mixamorig_LeftHand-Matrix-animation-input"/>
        <input semantic="OUTPUT" source="#mixamorig_LeftHand-Matrix-animation-output-transform"/>
        <input semantic="INTERPOLATION" source="#mixamorig_LeftHand-Interpolations"/>
      </sampler>
      <channel source="#mixamorig_LeftHand-Matrix-animation-transform" target="mixamorig_LeftHand/matrix"/>
    </animation>
    <animation id="mixamorig_LeftHandThumb1-anim" name="mixamorig_LeftHandThumb1">
      <source id="mixamorig_LeftHandThumb1-Matrix-animation-input">
        <float_array id="mixamorig_LeftHandThumb1-Matrix-animation-input-array" count="4">

0.000000 0.033333 0.066667 0.100000</float_array>
        <technique_common>
          <accessor source="#mixamorig_LeftHandThumb1-Matrix-animation-input-array" count="4">
            <param name="TIME" type="float"/>
          </accessor>
        </technique_common>
      </source>
      <source id="mixamorig_LeftHandThumb1-Matrix-animation-output-transform">
        <float_array id="mixamorig_LeftHandThumb1-Matrix-animation-output-transform-array" count="64">

0.912835 -0.088447 0.398635 -1.897200 0.205767 0.942881 -0.261985 4.226700 -0.352693 0.321175 0.878894 4.940900 0.000000 0.000000 0.000000 1.000000
0.912835 -0.088447 0.398635 -1.897200 0.205767 0.942881 -0.261985 4.226700 -0.352693 0.321175 0.878894 4.940900 0.000000 0.000000 0.000000 1.000000
0.912835 -0.088447 0.398635 -1.897200 0.205767 0.942881 -0.261985 4.226700 -0.352693 0.321175 0.878894 4.940900 0.000000 0.000000 0.000000 1.000000
0.912835 -0.088447 0.398635 -1.897200 0.205767 0.942881 -0.261985 4.226700 -0.352693 0.321175 0.878894 4.940900 0.000000 0.000000 0.000000 1.000000</float_array>
        <technique_common>
          <accessor source="#mixamorig_LeftHandThumb1-Matrix-animation-output-transform-array" count="4" stride="16">
            <param type="float4x4"/>
          </accessor>
        </technique_common>
      </source>
      <source id="mixamorig_LeftHandThumb1-Interpolations">
        <Name_array id="mixamorig_LeftHandThumb1-Interpolations-array" count="4">
 LINEAR LINEAR LINEAR LINEAR</Name_array>
        <technique_common>
          <accessor source="#mixamorig_LeftHandThumb1-Interpolations-array" count="4">
            <param type="name"/>
          </accessor>
        </technique_common>
      </source>
      <sampler id="mixamorig_LeftHandThumb1-Matrix-animation-transform">
        <input semantic="INPUT" source="#mixamorig_LeftHandThumb1-Matrix-animation-input"/>
        <input semantic="OUTPUT" source="#mixamorig_LeftHandThumb1-Matrix-animation-output-transform"/>
        <input semantic="INTERPOLATION" source="#mixamorig_LeftHandThumb1-Interpolations"/>
      </sampler>
      <channel source="#mixamorig_LeftHandThumb1-Matrix-animation-transform" target="mixamorig_LeftHandThumb1/matrix"/>
    </animation>
    <animation id="mixamorig_LeftHandThumb2-anim" name="mixamorig_LeftHandThumb2">
      <source id="mixamorig_LeftHandThumb2-Matrix-animation-input">
        <float_array id="mixamorig_LeftHandThumb2-Matrix-animation-input-array" count="4">

0.000000 0.033333 0.066667 0.100000</float_array>
        <technique_common>
          <accessor source="#mixamorig_LeftHandThumb2-Matrix-animation-input-array" count="4">
            <param name="TIME" type="float"/>
          </accessor>
        </technique_common>
      </source>
      <source id="mixamorig_LeftHandThumb2-Matrix-animation-output-transform">
        <float_array id="mixamorig_LeftHandThumb2-Matrix-animation-output-transform-array" count="64">

0.999150 0.024581 0.033088 -0.788100 -0.022805 0.998333 -0.053016 4.746200 -0.034336 0.052217 0.998045 0.000000 0.000000 0.000000 0.000000 1.000000
0.999150 0.024581 0.033088 -0.788100 -0.022805 0.998333 -0.053016 4.746200 -0.034336 0.052217 0.998045 -0.000000 0.000000 0.000000 0.000000 1.000000
0.999150 0.024581 0.033088 -0.788100 -0.022805 0.998333 -0.053016 4.746200 -0.034336 0.052217 0.998045 -0.000000 0.000000 0.000000 0.000000 1.000000
0.999150 0.024581 0.033088 -0.788100 -0.022805 0.998333 -0.053016 4.746200 -0.034336 0.052217 0.998045 0.000000 0.000000 0.000000 0.000000 1.000000</float_array>
        <technique_common>
          <accessor source="#mixamorig_LeftHandThumb2-Matrix-animation-output-transform-array" count="4" stride="16">
            <param type="float4x4"/>
          </accessor>
        </technique_common>
      </source>
      <source id="mixamorig_LeftHandThumb2-Interpolations">
        <Name_array id="mixamorig_LeftHandThumb2-Interpolations-array" count="4">
 LINEAR LINEAR LINEAR LINEAR</Name_array>
        <technique_common>
          <accessor source="#mixamorig_LeftHandThumb2-Interpolations-array" count="4">
            <param type="name"/>
          </accessor>
        </technique_common>
      </source>
      <sampler id="mixamorig_LeftHandThumb2-Matrix-animation-transform">
        <input semantic="INPUT" source="#mixamorig_LeftHandThumb2-Matrix-animation-input"/>
        <input semantic="OUTPUT" source="#mixamorig_LeftHandThumb2-Matrix-animation-output-transform"/>
        <input semantic="INTERPOLATION" source="#mixamorig_LeftHandThumb2-Interpolations"/>
      </sampler>
      <channel source="#mixamorig_LeftHandThumb2-Matrix-animation-transform" target="mixamorig_LeftHandThumb2/matrix"/>
    </animation>
    <animation id="mixamorig_LeftHandThumb3-anim" name="mixamorig_LeftHandThumb3">
      <source id="mixamorig_LeftHandThumb3-Matrix-animation-input">
        <float_array id="mixamorig_LeftHandThumb3-Matrix-animation-input-array" count="4">

0.000000 0.033333 0.066667 0.100000</float_array>
        <technique_common>
          <accessor source="#mixamorig_LeftHandThumb3-Matrix-animation-input-array" count="4">
            <param name="TIME" type="float"/>
          </accessor>
        </technique_common>
      </source>
      <source id="mixamorig_LeftHandThumb3-Matrix-animation-output-transform">
        <float_array id="mixamorig_LeftHandThumb3-Matrix-animation-output-transform-array" count="64">

0.989878 -0.141909 -0.001658 -0.314700 0.141884 0.989309 0.033714 7.341200 -0.003144 -0.033608 0.999430 0.000000 0.000000 0.000000 0.000000 1.000000
0.989878 -0.141909 -0.001658 -0.314700 0.141884 0.989309 0.033714 7.341200 -0.003144 -0.033608 0.999430 0.000000 0.000000 0.000000 0.000000 1.000000
0.989878 -0.141910 -0.001658 -0.314700 0.141884 0.989309 0.033714 7.341200 -0.003144 -0.033608 0.999430 0.000000 0.000000 0.000000 0.000000 1.000000
0.989878 -0.141909 -0.001658 -0.314700 0.141884 0.989309 0.033714 7.341200 -0.003144 -0.033608 0.999430 0.000000 0.000000 0.000000 0.000000 1.000000</float_array>
        <technique_common>
          <accessor source="#mixamorig_LeftHandThumb3-Matrix-animation-output-transform-array" count="4" stride="16">
            <param type="float4x4"/>
          </accessor>
        </technique_common>
      </source>
      <source id="mixamorig_LeftHandThumb3-Interpolations">
        <Name_array id="mixamorig_LeftHandThumb3-Interpolations-array" count="4">
 LINEAR LINEAR LINEAR LINEAR</Name_array>
        <technique_common>
          <accessor source="#mixamorig_LeftHandThumb3-Interpolations-array" count="4">
            <param type="name"/>
          </accessor>
        </technique_common>
      </source>
      <sampler id="mixamorig_LeftHandThumb3-Matrix-animation-transform">
        <input semantic="INPUT" source="#mixamorig_LeftHandThumb3-Matrix-animation-input"/>
        <input semantic="OUTPUT" source="#mixamorig_LeftHandThumb3-Matrix-animation-output-transform"/>
        <input semantic="INTERPOLATION" source="#mixamorig_LeftHandThumb3-Interpolations"/>
      </sampler>
      <channel source="#mixamorig_LeftHandThumb3-Matrix-animation-transform" target="mixamorig_LeftHandThumb3/matrix"/>
    </animation>
    <animation id="mixamorig_LeftHandIndex1-anim" name="mixamorig_LeftHandIndex1">
      <source id="mixamorig_LeftHandIndex1-Matrix-animation-input">
        <float_array id="mixamorig_LeftHandIndex1-Matrix-animation-input-array" count="4">

0.000000 0.033333 0.066667 0.100000</float_array>
        <technique_common>
          <accessor source="#mixamorig_LeftHandIndex1-Matrix-animation-input-array" count="4">
            <param name="TIME" type="float"/>
          </accessor>
        </technique_common>
      </source>
      <source id="mixamorig_LeftHandIndex1-Matrix-animation-output-transform">
        <float_array id="mixamorig_LeftHandIndex1-Matrix-animation-output-transform-array" count="64">

0.986452 0.163516 0.013213 -2.959300 -0.163532 0.986538 0.000130 12.531300 -0.013014 -0.002289 0.999913 1.173500 0.000000 0.000000 0.000000 1.000000
0.986452 0.163516 0.013213 -2.959300 -0.163532 0.986538 0.000130 12.531300 -0.013014 -0.002289 0.999913 1.173500 0.000000 0.000000 0.000000 1.000000
0.986452 0.163516 0.013213 -2.959300 -0.163532 0.986538 0.000130 12.531300 -0.013014 -0.002289 0.999913 1.173500 0.000000 0.000000 0.000000 1.000000
0.986452 0.163516 0.013213 -2.959300 -0.163532 0.986538 0.000130 12.531300 -0.013014 -0.002289 0.999913 1.173500 0.000000 0.000000 0.000000 1.000000</float_array>
        <technique_common>
          <accessor source="#mixamorig_LeftHandIndex1-Matrix-animation-output-transform-array" count="4" stride="16">
            <param type="float4x4"/>
          </accessor>
        </technique_common>
      </source>
      <source id="mixamorig_LeftHandIndex1-Interpolations">
        <Name_array id="mixamorig_LeftHandIndex1-Interpolations-array" count="4">
 LINEAR LINEAR LINEAR LINEAR</Name_array>
        <technique_common>
          <accessor source="#mixamorig_LeftHandIndex1-Interpolations-array" count="4">
            <param type="name"/>
          </accessor>
        </technique_common>
      </source>
      <sampler id="mixamorig_LeftHandIndex1-Matrix-animation-transform">
        <input semantic="INPUT" source="#mixamorig_LeftHandIndex1-Matrix-animation-input"/>
        <input semantic="OUTPUT" source="#mixamorig_LeftHandIndex1-Matrix-animation-output-transform"/>
        <input semantic="INTERPOLATION" source="#mixamorig_LeftHandIndex1-Interpolations"/>
      </sampler>
      <channel source="#mixamorig_LeftHandIndex1-Matrix-animation-transform" target="mixamorig_LeftHandIndex1/matrix"/>
    </animation>
    <animation id="mixamorig_LeftHandIndex2-anim" name="mixamorig_LeftHandIndex2">
      <source id="mixamorig_LeftHandIndex2-Matrix-animation-input">
        <float_array id="mixamorig_LeftHandIndex2-Matrix-animation-input-array" count="4">

0.000000 0.033333 0.066667 0.100000</float_array>
        <technique_common>
          <accessor source="#mixamorig_LeftHandIndex2-Matrix-animation-input-array" count="4">
            <param name="TIME" type="float"/>
          </accessor>
        </technique_common>
      </source>
      <source id="mixamorig_LeftHandIndex2-Matrix-animation-output-transform">
        <float_array id="mixamorig_LeftHandIndex2-Matrix-animation-output-transform-array" count="64">

0.999999 -0.001183 0.000009 -0.006300 0.001183 0.999999 -0.000000 8.298100 -0.000009 0.000000 1.000000 0.000000 0.000000 0.000000 0.000000 1.000000
0.999999 -0.001183 0.000009 -0.006300 0.001183 0.999999 -0.000000 8.298100 -0.000009 0.000000 1.000000 0.000000 0.000000 0.000000 0.000000 1.000000
0.999999 -0.001183 0.000009 -0.006300 0.001183 0.999999 -0.000000 8.298100 -0.000009 0.000000 1.000000 0.000000 0.000000 0.000000 0.000000 1.000000
0.999999 -0.001183 0.000009 -0.006300 0.001183 0.999999 0.000000 8.298100 -0.000009 0.000000 1.000000 0.000000 0.000000 0.000000 0.000000 1.000000</float_array>
        <technique_common>
          <accessor source="#mixamorig_LeftHandIndex2-Matrix-animation-output-transform-array" count="4" stride="16">
            <param type="float4x4"/>
          </accessor>
        </technique_common>
      </source>
      <source id="mixamorig_LeftHandIndex2-Interpolations">
        <Name_array id="mixamorig_LeftHandIndex2-Interpolations-array" count="4">
 LINEAR LINEAR LINEAR LINEAR</Name_array>
        <technique_common>
          <accessor source="#mixamorig_LeftHandIndex2-Interpolations-array" count="4">
            <param type="name"/>
          </accessor>
        </technique_common>
      </source>
      <sampler id="mixamorig_LeftHandIndex2-Matrix-animation-transform">
        <input semantic="INPUT" source="#mixamorig_LeftHandIndex2-Matrix-animation-input"/>
        <input semantic="OUTPUT" source="#mixamorig_LeftHandIndex2-Matrix-animation-output-transform"/>
        <input semantic="INTERPOLATION" source="#mixamorig_LeftHandIndex2-Interpolations"/>
      </sampler>
      <channel source="#mixamorig_LeftHandIndex2-Matrix-animation-transform" target="mixamorig_LeftHandIndex2/matrix"/>
    </animation>
    <animation id="mixamorig_LeftHandIndex3-anim" name="mixamorig_LeftHandIndex3">
      <source id="mixamorig_LeftHandIndex3-Matrix-animation-input">
        <float_array id="mixamorig_LeftHandIndex3-Matrix-animation-input-array" count="4">

0.000000 0.033333 0.066667 0.100000</float_array>
        <technique_common>
          <accessor source="#mixamorig_LeftHandIndex3-Matrix-animation-input-array" count="4">
            <param name="TIME" type="float"/>
          </accessor>
        </technique_common>
      </source>
      <source id="mixamorig_LeftHandIndex3-Matrix-animation-output-transform">
        <float_array id="mixamorig_LeftHandIndex3-Matrix-animation-output-transform-array" count="64">

1.000000 0.000341 0.000014 0.002000 -0.000341 1.000000 -0.000000 4.720200 -0.000014 0.000000 1.000000 0.000000 0.000000 0.000000 0.000000 1.000000
1.000000 0.000341 0.000014 0.002000 -0.000341 1.000000 0.000000 4.720200 -0.000014 -0.000000 1.000000 0.000000 0.000000 0.000000 0.000000 1.000000
1.000000 0.000341 0.000014 0.002000 -0.000341 1.000000 0.000000 4.720200 -0.000014 -0.000000 1.000000 -0.000000 0.000000 0.000000 0.000000 1.000000
1.000000 0.000341 0.000014 0.002000 -0.000341 1.000000 0.000000 4.720200 -0.000014 -0.000000 1.000000 -0.000000 0.000000 0.000000 0.000000 1.000000</float_array>
        <technique_common>
          <accessor source="#mixamorig_LeftHandIndex3-Matrix-animation-output-transform-array" count="4" stride="16">
            <param type="float4x4"/>
          </accessor>
        </technique_common>
      </source>
      <source id="mixamorig_LeftHandIndex3-Interpolations">
        <Name_array id="mixamorig_LeftHandIndex3-Interpolations-array" count="4">
 LINEAR LINEAR LINEAR LINEAR</Name_array>
        <technique_common>
          <accessor source="#mixamorig_LeftHandIndex3-Interpolations-array" count="4">
            <param type="name"/>
          </accessor>
        </technique_common>
      </source>
      <sampler id="mixamorig_LeftHandIndex3-Matrix-animation-transform">
        <input semantic="INPUT" source="#mixamorig_LeftHandIndex3-Matrix-animation-input"/>
        <input semantic="OUTPUT" source="#mixamorig_LeftHandIndex3-Matrix-animation-output-transform"/>
        <input semantic="INTERPOLATION" source="#mixamorig_LeftHandIndex3-Interpolations"/>
      </sampler>
      <channel source="#mixamorig_LeftHandIndex3-Matrix-animation-transform" target="mixamorig_LeftHandIndex3/matrix"/>
    </animation>
    <animation id="mixamorig_LeftHandMiddle1-anim" name="mixamorig_LeftHandMiddle1">
      <source id="mixamorig_LeftHandMiddle1-Matrix-animation-input">
        <float_array id="mixamorig_LeftHandMiddle1-Matrix-animation-input-array" count="4">

0.000000 0.033333 0.066667 0.100000</float_array>
        <technique_common>
          <accessor source="#mixamorig_LeftHandMiddle1-Matrix-animation-input-array" count="4">
            <param name="TIME" type="float"/>
          </accessor>
        </technique_common>
      </source>
      <source id="mixamorig_LeftHandMiddle1-Matrix-animation-output-transform">
        <float_array id="mixamorig_LeftHandMiddle1-Matrix-animation-output-transform-array" count="64">

0.986682 0.162388 0.009394 2.392400 -0.162405 0.986724 0.001040 14.502300 -0.009101 -0.002552 0.999955 -0.033500 0.000000 0.000000 0.000000 1.000000
0.986682 0.162389 0.009394 2.392400 -0.162405 0.986724 0.001040 14.502300 -0.009101 -0.002552 0.999955 -0.033500 0.000000 0.000000 0.000000 1.000000
0.986682 0.162389 0.009394 2.392400 -0.162405 0.986724 0.001040 14.502300 -0.009101 -0.002552 0.999955 -0.033500 0.000000 0.000000 0.000000 1.000000
0.986682 0.162389 0.009394 2.392400 -0.162405 0.986724 0.001040 14.502300 -0.009101 -0.002552 0.999955 -0.033500 0.000000 0.000000 0.000000 1.000000</float_array>
        <technique_common>
          <accessor source="#mixamorig_LeftHandMiddle1-Matrix-animation-output-transform-array" count="4" stride="16">
            <param type="float4x4"/>
          </accessor>
        </technique_common>
      </source>
      <source id="mixamorig_LeftHandMiddle1-Interpolations">
        <Name_array id="mixamorig_LeftHandMiddle1-Interpolations-array" count="4">
 LINEAR LINEAR LINEAR LINEAR</Name_array>
        <technique_common>
          <accessor source="#mixamorig_LeftHandMiddle1-Interpolations-array" count="4">
            <param type="name"/>
          </accessor>
        </technique_common>
      </source>
      <sampler id="mixamorig_LeftHandMiddle1-Matrix-animation-transform">
        <input semantic="INPUT" source="#mixamorig_LeftHandMiddle1-Matrix-animation-input"/>
        <input semantic="OUTPUT" source="#mixamorig_LeftHandMiddle1-Matrix-animation-output-transform"/>
        <input semantic="INTERPOLATION" source="#mixamorig_LeftHandMiddle1-Interpolations"/>
      </sampler>
      <channel source="#mixamorig_LeftHandMiddle1-Matrix-animation-transform" target="mixamorig_LeftHandMiddle1/matrix"/>
    </animation>
    <animation id="mixamorig_LeftHandMiddle2-anim" name="mixamorig_LeftHandMiddle2">
      <source id="mixamorig_LeftHandMiddle2-Matrix-animation-input">
        <float_array id="mixamorig_LeftHandMiddle2-Matrix-animation-input-array" count="4">

0.000000 0.033333 0.066667 0.100000</float_array>
        <technique_common>
          <accessor source="#mixamorig_LeftHandMiddle2-Matrix-animation-input-array" count="4">
            <param name="TIME" type="float"/>
          </accessor>
        </technique_common>
      </source>
      <source id="mixamorig_LeftHandMiddle2-Matrix-animation-output-transform">
        <float_array id="mixamorig_LeftHandMiddle2-Matrix-animation-output-transform-array" count="64">

1.000000 0.000622 -0.000002 0.002700 -0.000622 1.000000 -0.000277 8.151000 0.000002 0.000277 1.000000 0.000000 0.000000 0.000000 0.000000 1.000000
1.000000 0.000622 -0.000002 0.002700 -0.000622 1.000000 -0.000276 8.151000 0.000002 0.000276 1.000000 0.000000 0.000000 0.000000 0.000000 1.000000
1.000000 0.000622 -0.000002 0.002700 -0.000622 1.000000 -0.000277 8.151000 0.000002 0.000277 1.000000 0.000000 0.000000 0.000000 0.000000 1.000000
1.000000 0.000621 -0.000002 0.002700 -0.000621 1.000000 -0.000277 8.151000 0.000002 0.000277 1.000000 0.000000 0.000000 0.000000 0.000000 1.000000</float_array>
        <technique_common>
          <accessor source="#mixamorig_LeftHandMiddle2-Matrix-animation-output-transform-array" count="4" stride="16">
            <param type="float4x4"/>
          </accessor>
        </technique_common>
      </source>
      <source id="mixamorig_LeftHandMiddle2-Interpolations">
        <Name_array id="mixamorig_LeftHandMiddle2-Interpolations-array" count="4">
 LINEAR LINEAR LINEAR LINEAR</Name_array>
        <technique_common>
          <accessor source="#mixamorig_LeftHandMiddle2-Interpolations-array" count="4">
            <param type="name"/>
          </accessor>
        </technique_common>
      </source>
      <sampler id="mixamorig_LeftHandMiddle2-Matrix-animation-transform">
        <input semantic="INPUT" source="#mixamorig_LeftHandMiddle2-Matrix-animation-input"/>
        <input semantic="OUTPUT" source="#mixamorig_LeftHandMiddle2-Matrix-animation-output-transform"/>
        <input semantic="INTERPOLATION" source="#mixamorig_LeftHandMiddle2-Interpolations"/>
      </sampler>
      <channel source="#mixamorig_LeftHandMiddle2-Matrix-animation-transform" target="mixamorig_LeftHandMiddle2/matrix"/>
    </animation>
    <animation id="mixamorig_LeftHandMiddle3-anim" name="mixamorig_LeftHandMiddle3">
      <source id="mixamorig_LeftHandMiddle3-Matrix-animation-input">
        <float_array id="mixamorig_LeftHandMiddle3-Matrix-animation-input-array" count="4">

0.000000 0.033333 0.066667 0.100000</float_array>
        <technique_common>
          <accessor source="#mixamorig_LeftHandMiddle3-Matrix-animation-input-array" count="4">
            <param name="TIME" type="float"/>
          </accessor>
        </technique_common>
      </source>
      <source id="mixamorig_LeftHandMiddle3-Matrix-animation-output-transform">
        <float_array id="mixamorig_LeftHandMiddle3-Matrix-animation-output-transform-array" count="64">

1.000000 -0.000254 0.000005 -0.001100 0.000254 1.000000 -0.000000 4.559900 -0.000005 0.000000 1.000000 0.000000 0.000000 0.000000 0.000000 1.000000
1.000000 -0.000254 0.000005 -0.001100 0.000254 1.000000 -0.000000 4.559900 -0.000005 0.000000 1.000000 -0.000000 0.000000 0.000000 0.000000 1.000000
1.000000 -0.000254 0.000005 -0.001100 0.000254 1.000000 0.000000 4.559900 -0.000005 -0.000000 1.000000 0.000000 0.000000 0.000000 0.000000 1.000000
1.000000 -0.000254 0.000005 -0.001100 0.000254 1.000000 0.000000 4.559900 -0.000005 -0.000000 1.000000 0.000000 0.000000 0.000000 0.000000 1.000000</float_array>
        <technique_common>
          <accessor source="#mixamorig_LeftHandMiddle3-Matrix-animation-output-transform-array" count="4" stride="16">
            <param type="float4x4"/>
          </accessor>
        </technique_common>
      </source>
      <source id="mixamorig_LeftHandMiddle3-Interpolations">
        <Name_array id="mixamorig_LeftHandMiddle3-Interpolations-array" count="4">
 LINEAR LINEAR LINEAR LINEAR</Name_array>
        <technique_common>
          <accessor source="#mixamorig_LeftHandMiddle3-Interpolations-array" count="4">
            <param type="name"/>
          </accessor>
        </technique_common>
      </source>
      <sampler id="mixamorig_LeftHandMiddle3-Matrix-animation-transform">
        <input semantic="INPUT" source="#mixamorig_LeftHandMiddle3-Matrix-animation-input"/>
        <input semantic="OUTPUT" source="#mixamorig_LeftHandMiddle3-Matrix-animation-output-transform"/>
        <input semantic="INTERPOLATION" source="#mixamorig_LeftHandMiddle3-Interpolations"/>
      </sampler>
      <channel source="#mixamorig_LeftHandMiddle3-Matrix-animation-transform" target="mixamorig_LeftHandMiddle3/matrix"/>
    </animation>
    <animation id="mixamorig_LeftHandRing1-anim" name="mixamorig_LeftHandRing1">
      <source id="mixamorig_LeftHandRing1-Matrix-animation-input">
        <float_array id="mixamorig_LeftHandRing1-Matrix-animation-input-array" count="4">

0.000000 0.033333 0.066667 0.100000</float_array>
        <technique_common>
          <accessor source="#mixamorig_LeftHandRing1-Matrix-animation-input-array" count="4">
            <param name="TIME" type="float"/>
          </accessor>
        </technique_common>
      </source>
      <source id="mixamorig_LeftHandRing1-Matrix-animation-output-transform">
        <float_array id="mixamorig_LeftHandRing1-Matrix-animation-output-transform-array" count="64">

0.986660 0.162058 0.015489 7.071600 -0.162074 0.986779 -0.000245 14.022100 -0.015324 -0.002268 0.999880 -0.727900 0.000000 0.000000 0.000000 1.000000
0.986660 0.162058 0.015489 7.071600 -0.162074 0.986779 -0.000245 14.022100 -0.015324 -0.002268 0.999880 -0.727900 0.000000 0.000000 0.000000 1.000000
0.986660 0.162058 0.015489 7.071600 -0.162074 0.986779 -0.000245 14.022100 -0.015324 -0.002268 0.999880 -0.727900 0.000000 0.000000 0.000000 1.000000
0.986660 0.162058 0.015489 7.071600 -0.162074 0.986779 -0.000245 14.022100 -0.015324 -0.002268 0.999880 -0.727900 0.000000 0.000000 0.000000 1.000000</float_array>
        <technique_common>
          <accessor source="#mixamorig_LeftHandRing1-Matrix-animation-output-transform-array" count="4" stride="16">
            <param type="float4x4"/>
          </accessor>
        </technique_common>
      </source>
      <source id="mixamorig_LeftHandRing1-Interpolations">
        <Name_array id="mixamorig_LeftHandRing1-Interpolations-array" count="4">
 LINEAR LINEAR LINEAR LINEAR</Name_array>
        <technique_common>
          <accessor source="#mixamorig_LeftHandRing1-Interpolations-array" count="4">
            <param type="name"/>
          </accessor>
        </technique_common>
      </source>
      <sampler id="mixamorig_LeftHandRing1-Matrix-animation-transform">
        <input semantic="INPUT" source="#mixamorig_LeftHandRing1-Matrix-animation-input"/>
        <input semantic="OUTPUT" source="#mixamorig_LeftHandRing1-Matrix-animation-output-transform"/>
        <input semantic="INTERPOLATION" source="#mixamorig_LeftHandRing1-Interpolations"/>
      </sampler>
      <channel source="#mixamorig_LeftHandRing1-Matrix-animation-transform" target="mixamorig_LeftHandRing1/matrix"/>
    </animation>
    <animation id="mixamorig_LeftHandRing2-anim" name="mixamorig_LeftHandRing2">
      <source id="mixamorig_LeftHandRing2-Matrix-animation-input">
        <float_array id="mixamorig_LeftHandRing2-Matrix-animation-input-array" count="4">

0.000000 0.033333 0.066667 0.100000</float_array>
        <technique_common>
          <accessor source="#mixamorig_LeftHandRing2-Matrix-animation-input-array" count="4">
            <param name="TIME" type="float"/>
          </accessor>
        </technique_common>
      </source>
      <source id="mixamorig_LeftHandRing2-Matrix-animation-output-transform">
        <float_array id="mixamorig_LeftHandRing2-Matrix-animation-output-transform-array" count="64">

1.000000 0.000981 -0.000010 0.005000 -0.000981 1.000000 -0.000000 6.963300 0.000010 0.000000 1.000000 0.000000 0.000000 0.000000 0.000000 1.000000
1.000000 0.000981 -0.000010 0.005000 -0.000981 1.000000 -0.000000 6.963300 0.000010 0.000000 1.000000 0.000000 0.000000 0.000000 0.000000 1.000000
1.000000 0.000981 -0.000010 0.005000 -0.000981 1.000000 -0.000000 6.963300 0.000010 0.000000 1.000000 0.000000 0.000000 0.000000 0.000000 1.000000
1.000000 0.000981 -0.000011 0.005000 -0.000981 1.000000 -0.000000 6.963300 0.000011 0.000000 1.000000 -0.000000 0.000000 0.000000 0.000000 1.000000</float_array>
        <technique_common>
          <accessor source="#mixamorig_LeftHandRing2-Matrix-animation-output-transform-array" count="4" stride="16">
            <param type="float4x4"/>
          </accessor>
        </technique_common>
      </source>
      <source id="mixamorig_LeftHandRing2-Interpolations">
        <Name_array id="mixamorig_LeftHandRing2-Interpolations-array" count="4">
 LINEAR LINEAR LINEAR LINEAR</Name_array>
        <technique_common>
          <accessor source="#mixamorig_LeftHandRing2-Interpolations-array" count="4">
            <param type="name"/>
          </accessor>
        </technique_common>
      </source>
      <sampler id="mixamorig_LeftHandRing2-Matrix-animation-transform">
        <input semantic="INPUT" source="#mixamorig_LeftHandRing2-Matrix-animation-input"/>
        <input semantic="OUTPUT" source="#mixamorig_LeftHandRing2-Matrix-animation-output-transform"/>
        <input semantic="INTERPOLATION" source="#mixamorig_LeftHandRing2-Interpolations"/>
      </sampler>
      <channel source="#mixamorig_LeftHandRing2-Matrix-animation-transform" target="mixamorig_LeftHandRing2/matrix"/>
    </animation>
    <animation id="mixamorig_LeftHandRing3-anim" name="mixamorig_LeftHandRing3">
      <source id="mixamorig_LeftHandRing3-Matrix-animation-input">
        <float_array id="mixamorig_LeftHandRing3-Matrix-animation-input-array" count="4">

0.000000 0.033333 0.066667 0.100000</float_array>
        <technique_common>
          <accessor source="#mixamorig_LeftHandRing3-Matrix-animation-input-array" count="4">
            <param name="TIME" type="float"/>
          </accessor>
        </technique_common>
      </source>
      <source id="mixamorig_LeftHandRing3-Matrix-animation-output-transform">
        <float_array id="mixamorig_LeftHandRing3-Matrix-animation-output-transform-array" count="64">

1.000000 0.000172 -0.000023 -0.001000 -0.000172 1.000000 -0.000000 3.798600 0.000023 0.000000 1.000000 0.000000 0.000000 0.000000 0.000000 1.000000
1.000000 0.000172 -0.000023 -0.001000 -0.000172 1.000000 0.000000 3.798600 0.000023 -0.000000 1.000000 -0.000000 0.000000 0.000000 0.000000 1.000000
1.000000 0.000172 -0.000023 -0.001000 -0.000172 1.000000 0.000000 3.798600 0.000023 -0.000000 1.000000 -0.000000 0.000000 0.000000 0.000000 1.000000
1.000000 0.000172 -0.000023 -0.001000 -0.000172 1.000000 0.000000 3.798600 0.000023 -0.000000 1.000000 0.000000 0.000000 0.000000 0.000000 1.000000</float_array>
        <technique_common>
          <accessor source="#mixamorig_LeftHandRing3-Matrix-animation-output-transform-array" count="4" stride="16">
            <param type="float4x4"/>
          </accessor>
        </technique_common>
      </source>
      <source id="mixamorig_LeftHandRing3-Interpolations">
        <Name_array id="mixamorig_LeftHandRing3-Interpolations-array" count="4">
 LINEAR LINEAR LINEAR LINEAR</Name_array>
        <technique_common>
          <accessor source="#mixamorig_LeftHandRing3-Interpolations-array" count="4">
            <param type="name"/>
          </accessor>
        </technique_common>
      </source>
      <sampler id="mixamorig_LeftHandRing3-Matrix-animation-transform">
        <input semantic="INPUT" source="#mixamorig_LeftHandRing3-Matrix-animation-input"/>
        <input semantic="OUTPUT" source="#mixamorig_LeftHandRing3-Matrix-animation-output-transform"/>
        <input semantic="INTERPOLATION" source="#mixamorig_LeftHandRing3-Interpolations"/>
      </sampler>
      <channel source="#mixamorig_LeftHandRing3-Matrix-animation-transform" target="mixamorig_LeftHandRing3/matrix"/>
    </animation>
    <animation id="mixamorig_LeftHandPinky1-anim" name="mixamorig_LeftHandPinky1">
      <source id="mixamorig_LeftHandPinky1-Matrix-animation-input">
        <float_array id="mixamorig_LeftHandPinky1-Matrix-animation-input-array" count="4">

0.000000 0.033333 0.066667 0.100000</float_array>
        <technique_common>
          <accessor source="#mixamorig_LeftHandPinky1-Matrix-animation-input-array" count="4">
            <param name="TIME" type="float"/>
          </accessor>
        </technique_common>
      </source>
      <source id="mixamorig_LeftHandPinky1-Matrix-animation-output-transform">
        <float_array id="mixamorig_LeftHandPinky1-Matrix-animation-output-transform-array" count="64">

0.972693 0.231314 0.019007 10.979800 -0.231556 0.972752 0.011666 13.885000 -0.015791 -0.015749 0.999751 0.589700 0.000000 0.000000 0.000000 1.000000
0.972693 0.231314 0.019007 10.979800 -0.231556 0.972752 0.011666 13.885000 -0.015791 -0.015749 0.999751 0.589700 0.000000 0.000000 0.000000 1.000000
0.972693 0.231314 0.019007 10.979800 -0.231556 0.972752 0.011666 13.885000 -0.015791 -0.015749 0.999751 0.589700 0.000000 0.000000 0.000000 1.000000
0.972693 0.231314 0.019007 10.979800 -0.231556 0.972752 0.011666 13.885000 -0.015791 -0.015749 0.999751 0.589700 0.000000 0.000000 0.000000 1.000000</float_array>
        <technique_common>
          <accessor source="#mixamorig_LeftHandPinky1-Matrix-animation-output-transform-array" count="4" stride="16">
            <param type="float4x4"/>
          </accessor>
        </technique_common>
      </source>
      <source id="mixamorig_LeftHandPinky1-Interpolations">
        <Name_array id="mixamorig_LeftHandPinky1-Interpolations-array" count="4">
 LINEAR LINEAR LINEAR LINEAR</Name_array>
        <technique_common>
          <accessor source="#mixamorig_LeftHandPinky1-Interpolations-array" count="4">
            <param type="name"/>
          </accessor>
        </technique_common>
      </source>
      <sampler id="mixamorig_LeftHandPinky1-Matrix-animation-transform">
        <input semantic="INPUT" source="#mixamorig_LeftHandPinky1-Matrix-animation-input"/>
        <input semantic="OUTPUT" source="#mixamorig_LeftHandPinky1-Matrix-animation-output-transform"/>
        <input semantic="INTERPOLATION" source="#mixamorig_LeftHandPinky1-Interpolations"/>
      </sampler>
      <channel source="#mixamorig_LeftHandPinky1-Matrix-animation-transform" target="mixamorig_LeftHandPinky1/matrix"/>
    </animation>
    <animation id="mixamorig_LeftHandPinky2-anim" name="mixamorig_LeftHandPinky2">
      <source id="mixamorig_LeftHandPinky2-Matrix-animation-input">
        <float_array id="mixamorig_LeftHandPinky2-Matrix-animation-input-array" count="4">

0.000000 0.033333 0.066667 0.100000</float_array>
        <technique_common>
          <accessor source="#mixamorig_LeftHandPinky2-Matrix-animation-input-array" count="4">
            <param name="TIME" type="float"/>
          </accessor>
        </technique_common>
      </source>
      <source id="mixamorig_LeftHandPinky2-Matrix-animation-output-transform">
        <float_array id="mixamorig_LeftHandPinky2-Matrix-animation-output-transform-array" count="64">

0.997549 -0.069967 0.000432 0.000300 0.069967 0.997473 -0.012326 3.975700 0.000431 0.012326 0.999924 -0.000000 0.000000 0.000000 0.000000 1.000000
0.997549 -0.069967 0.000432 0.000300 0.069967 0.997473 -0.012326 3.975700 0.000431 0.012326 0.999924 0.000000 0.000000 0.000000 0.000000 1.000000
0.997549 -0.069967 0.000432 0.000300 0.069967 0.997473 -0.012326 3.975700 0.000431 0.012326 0.999924 -0.000000 0.000000 0.000000 0.000000 1.000000
0.997549 -0.069967 0.000432 0.000300 0.069967 0.997473 -0.012326 3.975700 0.000431 0.012326 0.999924 0.000000 0.000000 0.000000 0.000000 1.000000</float_array>
        <technique_common>
          <accessor source="#mixamorig_LeftHandPinky2-Matrix-animation-output-transform-array" count="4" stride="16">
            <param type="float4x4"/>
          </accessor>
        </technique_common>
      </source>
      <source id="mixamorig_LeftHandPinky2-Interpolations">
        <Name_array id="mixamorig_LeftHandPinky2-Interpolations-array" count="4">
 LINEAR LINEAR LINEAR LINEAR</Name_array>
        <technique_common>
          <accessor source="#mixamorig_LeftHandPinky2-Interpolations-array" count="4">
            <param type="name"/>
          </accessor>
        </technique_common>
      </source>
      <sampler id="mixamorig_LeftHandPinky2-Matrix-animation-transform">
        <input semantic="INPUT" source="#mixamorig_LeftHandPinky2-Matrix-animation-input"/>
        <input semantic="OUTPUT" source="#mixamorig_LeftHandPinky2-Matrix-animation-output-transform"/>
        <input semantic="INTERPOLATION" source="#mixamorig_LeftHandPinky2-Interpolations"/>
      </sampler>
      <channel source="#mixamorig_LeftHandPinky2-Matrix-animation-transform" target="mixamorig_LeftHandPinky2/matrix"/>
    </animation>
    <animation id="mixamorig_LeftHandPinky3-anim" name="mixamorig_LeftHandPinky3">
      <source id="mixamorig_LeftHandPinky3-Matrix-animation-input">
        <float_array id="mixamorig_LeftHandPinky3-Matrix-animation-input-array" count="4">

0.000000 0.033333 0.066667 0.100000</float_array>
        <technique_common>
          <accessor source="#mixamorig_LeftHandPinky3-Matrix-animation-input-array" count="4">
            <param name="TIME" type="float"/>
          </accessor>
        </technique_common>
      </source>
      <source id="mixamorig_LeftHandPinky3-Matrix-animation-output-transform">
        <float_array id="mixamorig_LeftHandPinky3-Matrix-animation-output-transform-array" count="64">

1.000000 -0.000072 -0.000002 -0.000400 0.000072 1.000000 0.000000 2.799700 0.000002 -0.000000 1.000000 0.000000 0.000000 0.000000 0.000000 1.000000
1.000000 -0.000072 -0.000002 -0.000400 0.000072 1.000000 -0.000000 2.799700 0.000002 0.000000 1.000000 -0.000000 0.000000 0.000000 0.000000 1.000000
1.000000 -0.000072 -0.000002 -0.000400 0.000072 1.000000 0.000000 2.799700 0.000002 -0.000000 1.000000 0.000000 0.000000 0.000000 0.000000 1.000000
1.000000 -0.000072 -0.000002 -0.000400 0.000072 1.000000 0.000000 2.799700 0.000002 -0.000000 1.000000 -0.000000 0.000000 0.000000 0.000000 1.000000</float_array>
        <technique_common>
          <accessor source="#mixamorig_LeftHandPinky3-Matrix-animation-output-transform-array" count="4" stride="16">
            <param type="float4x4"/>
          </accessor>
        </technique_common>
      </source>
      <source id="mixamorig_LeftHandPinky3-Interpolations">
        <Name_array id="mixamorig_LeftHandPinky3-Interpolations-array" count="4">
 LINEAR LINEAR LINEAR LINEAR</Name_array>
        <technique_common>
          <accessor source="#mixamorig_LeftHandPinky3-Interpolations-array" count="4">
            <param type="name"/>
          </accessor>
        </technique_common>
      </source>
      <sampler id="mixamorig_LeftHandPinky3-Matrix-animation-transform">
        <input semantic="INPUT" source="#mixamorig_LeftHandPinky3-Matrix-animation-input"/>
        <input semantic="OUTPUT" source="#mixamorig_LeftHandPinky3-Matrix-animation-output-transform"/>
        <input semantic="INTERPOLATION" source="#mixamorig_LeftHandPinky3-Interpolations"/>
      </sampler>
      <channel source="#mixamorig_LeftHandPinky3-Matrix-animation-transform" target="mixamorig_LeftHandPinky3/matrix"/>
    </animation>
    <animation id="mixamorig_RightShoulder-anim" name="mixamorig_RightShoulder">
      <source id="mixamorig_RightShoulder-Matrix-animation-input">
        <float_array id="mixamorig_RightShoulder-Matrix-animation-input-array" count="4">

0.000000 0.033333 0.066667 0.100000</float_array>
        <technique_common>
          <accessor source="#mixamorig_RightShoulder-Matrix-animation-input-array" count="4">
            <param name="TIME" type="float"/>
          </accessor>
        </technique_common>
      </source>
      <source id="mixamorig_RightShoulder-Matrix-animation-output-transform">
        <float_array id="mixamorig_RightShoulder-Matrix-animation-output-transform-array" count="64">

-0.060595 -0.785721 0.615606 -10.882400 -0.012500 -0.616094 -0.787574 13.272500 0.998084 -0.055418 0.027511 -1.553300 0.000000 0.000000 0.000000 1.000000
-0.060498 -0.785614 0.615752 -10.882400 -0.012521 -0.616237 -0.787462 13.272500 0.998090 -0.055350 0.027444 -1.553300 0.000000 0.000000 0.000000 1.000000
-0.060409 -0.785542 0.615853 -10.882400 -0.012539 -0.616334 -0.787385 13.272500 0.998095 -0.055288 0.027382 -1.553300 0.000000 0.000000 0.000000 1.000000
-0.060368 -0.785515 0.615892 -10.882400 -0.012548 -0.616371 -0.787356 13.272500 0.998097 -0.055259 0.027353 -1.553300 0.000000 0.000000 0.000000 1.000000</float_array>
        <technique_common>
          <accessor source="#mixamorig_RightShoulder-Matrix-animation-output-transform-array" count="4" stride="16">
            <param type="float4x4"/>
          </accessor>
        </technique_common>
      </source>
      <source id="mixamorig_RightShoulder-Interpolations">
        <Name_array id="mixamorig_RightShoulder-Interpolations-array" count="4">
 LINEAR LINEAR LINEAR LINEAR</Name_array>
        <technique_common>
          <accessor source="#mixamorig_RightShoulder-Interpolations-array" count="4">
            <param type="name"/>
          </accessor>
        </technique_common>
      </source>
      <sampler id="mixamorig_RightShoulder-Matrix-animation-transform">
        <input semantic="INPUT" source="#mixamorig_RightShoulder-Matrix-animation-input"/>
        <input semantic="OUTPUT" source="#mixamorig_RightShoulder-Matrix-animation-output-transform"/>
        <input semantic="INTERPOLATION" source="#mixamorig_RightShoulder-Interpolations"/>
      </sampler>
      <channel source="#mixamorig_RightShoulder-Matrix-animation-transform" target="mixamorig_RightShoulder/matrix"/>
    </animation>
    <animation id="mixamorig_RightArm-anim" name="mixamorig_RightArm">
      <source id="mixamorig_RightArm-Matrix-animation-input">
        <float_array id="mixamorig_RightArm-Matrix-animation-input-array" count="4">

0.000000 0.033333 0.066667 0.100000</float_array>
        <technique_common>
          <accessor source="#mixamorig_RightArm-Matrix-animation-input-array" count="4">
            <param name="TIME" type="float"/>
          </accessor>
        </technique_common>
      </source>
      <source id="mixamorig_RightArm-Matrix-animation-output-transform">
        <float_array id="mixamorig_RightArm-Matrix-animation-output-transform-array" count="64">

0.005954 0.221265 0.975196 -0.000000 0.382308 0.900624 -0.206679 16.507099 -0.924016 0.374056 -0.079229 0.000000 0.000000 0.000000 0.000000 1.000000
0.004242 0.220450 0.975389 0.000000 0.381667 0.901202 -0.205343 16.507099 -0.924290 0.373145 -0.080316 0.000000 0.000000 0.000000 0.000000 1.000000
0.001293 0.218451 0.975847 -0.000000 0.381024 0.902127 -0.202453 16.507099 -0.924564 0.372083 -0.082069 0.000000 0.000000 0.000000 0.000000 1.000000
-0.000583 0.217116 0.976146 -0.000000 0.380693 0.902692 -0.200551 16.507099 -0.924701 0.371494 -0.083181 0.000000 0.000000 0.000000 0.000000 1.000000</float_array>
        <technique_common>
          <accessor source="#mixamorig_RightArm-Matrix-animation-output-transform-array" count="4" stride="16">
            <param type="float4x4"/>
          </accessor>
        </technique_common>
      </source>
      <source id="mixamorig_RightArm-Interpolations">
        <Name_array id="mixamorig_RightArm-Interpolations-array" count="4">
 LINEAR LINEAR LINEAR LINEAR</Name_array>
        <technique_common>
          <accessor source="#mixamorig_RightArm-Interpolations-array" count="4">
            <param type="name"/>
          </accessor>
        </technique_common>
      </source>
      <sampler id="mixamorig_RightArm-Matrix-animation-transform">
        <input semantic="INPUT" source="#mixamorig_RightArm-Matrix-animation-input"/>
        <input semantic="OUTPUT" source="#mixamorig_RightArm-Matrix-animation-output-transform"/>
        <input semantic="INTERPOLATION" source="#mixamorig_RightArm-Interpolations"/>
      </sampler>
      <channel source="#mixamorig_RightArm-Matrix-animation-transform" target="mixamorig_RightArm/matrix"/>
    </animation>
    <animation id="mixamorig_RightForeArm-anim" name="mixamorig_RightForeArm">
      <source id="mixamorig_RightForeArm-Matrix-animation-input">
        <float_array id="mixamorig_RightForeArm-Matrix-animation-input-array" count="4">

0.000000 0.033333 0.066667 0.100000</float_array>
        <technique_common>
          <accessor source="#mixamorig_RightForeArm-Matrix-animation-input-array" count="4">
            <param name="TIME" type="float"/>
          </accessor>
        </technique_common>
      </source>
      <source id="mixamorig_RightForeArm-Matrix-animation-output-transform">
        <float_array id="mixamorig_RightForeArm-Matrix-animation-output-transform-array" count="64">

-0.799803 0.600226 -0.006664 -0.000000 -0.600188 -0.799829 -0.006906 19.953800 -0.009475 -0.001524 0.999954 0.000000 0.000000 0.000000 0.000000 1.000000
-0.799730 0.600323 -0.006663 0.000000 -0.600286 -0.799756 -0.006907 19.953800 -0.009475 -0.001524 0.999954 0.000000 0.000000 0.000000 0.000000 1.000000
-0.799678 0.600392 -0.006662 0.000000 -0.600354 -0.799705 -0.006908 19.953800 -0.009475 -0.001524 0.999954 0.000000 0.000000 0.000000 0.000000 1.000000
-0.799638 0.600446 -0.006662 -0.000000 -0.600408 -0.799664 -0.006909 19.953800 -0.009475 -0.001525 0.999954 0.000000 0.000000 0.000000 0.000000 1.000000</float_array>
        <technique_common>
          <accessor source="#mixamorig_RightForeArm-Matrix-animation-output-transform-array" count="4" stride="16">
            <param type="float4x4"/>
          </accessor>
        </technique_common>
      </source>
      <source id="mixamorig_RightForeArm-Interpolations">
        <Name_array id="mixamorig_RightForeArm-Interpolations-array" count="4">
 LINEAR LINEAR LINEAR LINEAR</Name_array>
        <technique_common>
          <accessor source="#mixamorig_RightForeArm-Interpolations-array" count="4">
            <param type="name"/>
          </accessor>
        </technique_common>
      </source>
      <sampler id="mixamorig_RightForeArm-Matrix-animation-transform">
        <input semantic="INPUT" source="#mixamorig_RightForeArm-Matrix-animation-input"/>
        <input semantic="OUTPUT" source="#mixamorig_RightForeArm-Matrix-animation-output-transform"/>
        <input semantic="INTERPOLATION" source="#mixamorig_RightForeArm-Interpolations"/>
      </sampler>
      <channel source="#mixamorig_RightForeArm-Matrix-animation-transform" target="mixamorig_RightForeArm/matrix"/>
    </animation>
    <animation id="mixamorig_RightHand-anim" name="mixamorig_RightHand">
      <source id="mixamorig_RightHand-Matrix-animation-input">
        <float_array id="mixamorig_RightHand-Matrix-animation-input-array" count="4">

0.000000 0.033333 0.066667 0.100000</float_array>
        <technique_common>
          <accessor source="#mixamorig_RightHand-Matrix-animation-input-array" count="4">
            <param name="TIME" type="float"/>
          </accessor>
        </technique_common>
      </source>
      <source id="mixamorig_RightHand-Matrix-animation-output-transform">
        <float_array id="mixamorig_RightHand-Matrix-animation-output-transform-array" count="64">

0.866450 -0.281947 0.412031 0.000000 0.247485 0.959299 0.136004 28.810400 -0.433607 -0.015869 0.900963 0.000000 0.000000 0.000000 0.000000 1.000000
0.865899 -0.283026 0.412450 -0.000000 0.248540 0.958987 0.136277 28.810400 -0.434104 -0.015492 0.900730 0.000000 0.000000 0.000000 0.000000 1.000000
0.865163 -0.283990 0.413331 0.000000 0.249853 0.958723 0.135737 28.810400 -0.434818 -0.014163 0.900407 0.000000 0.000000 0.000000 0.000000 1.000000
0.864765 -0.284295 0.413953 0.000000 0.250542 0.958648 0.134989 28.810400 -0.435212 -0.013021 0.900234 0.000000 0.000000 0.000000 0.000000 1.000000</float_array>
        <technique_common>
          <accessor source="#mixamorig_RightHand-Matrix-animation-output-transform-array" count="4" stride="16">
            <param type="float4x4"/>
          </accessor>
        </technique_common>
      </source>
      <source id="mixamorig_RightHand-Interpolations">
        <Name_array id="mixamorig_RightHand-Interpolations-array" count="4">
 LINEAR LINEAR LINEAR LINEAR</Name_array>
        <technique_common>
          <accessor source="#mixamorig_RightHand-Interpolations-array" count="4">
            <param type="name"/>
          </accessor>
        </technique_common>
      </source>
      <sampler id="mixamorig_RightHand-Matrix-animation-transform">
        <input semantic="INPUT" source="#mixamorig_RightHand-Matrix-animation-input"/>
        <input semantic="OUTPUT" source="#mixamorig_RightHand-Matrix-animation-output-transform"/>
        <input semantic="INTERPOLATION" source="#mixamorig_RightHand-Interpolations"/>
      </sampler>
      <channel source="#mixamorig_RightHand-Matrix-animation-transform" target="mixamorig_RightHand/matrix"/>
    </animation>
    <animation id="mixamorig_RightHandThumb1-anim" name="mixamorig_RightHandThumb1">
      <source id="mixamorig_RightHandThumb1-Matrix-animation-input">
        <float_array id="mixamorig_RightHandThumb1-Matrix-animation-input-array" count="4">

0.000000 0.033333 0.066667 0.100000</float_array>
        <technique_common>
          <accessor source="#mixamorig_RightHandThumb1-Matrix-animation-input-array" count="4">
            <param name="TIME" type="float"/>
          </accessor>
        </technique_common>
      </source>
      <source id="mixamorig_RightHandThumb1-Matrix-animation-output-transform">
        <float_array id="mixamorig_RightHandThumb1-Matrix-animation-output-transform-array" count="64">

0.842870 0.453881 -0.289070 1.539600 -0.520651 0.823605 -0.224938 3.801100 0.135984 0.340098 0.930506 1.972600 0.000000 0.000000 0.000000 1.000000
0.842870 0.453882 -0.289070 1.539600 -0.520652 0.823605 -0.224938 3.801100 0.135984 0.340098 0.930506 1.972600 0.000000 0.000000 0.000000 1.000000
0.842870 0.453882 -0.289070 1.539600 -0.520652 0.823605 -0.224938 3.801100 0.135984 0.340098 0.930506 1.972600 0.000000 0.000000 0.000000 1.000000
0.842870 0.453881 -0.289070 1.539600 -0.520652 0.823605 -0.224938 3.801100 0.135984 0.340098 0.930506 1.972600 0.000000 0.000000 0.000000 1.000000</float_array>
        <technique_common>
          <accessor source="#mixamorig_RightHandThumb1-Matrix-animation-output-transform-array" count="4" stride="16">
            <param type="float4x4"/>
          </accessor>
        </technique_common>
      </source>
      <source id="mixamorig_RightHandThumb1-Interpolations">
        <Name_array id="mixamorig_RightHandThumb1-Interpolations-array" count="4">
 LINEAR LINEAR LINEAR LINEAR</Name_array>
        <technique_common>
          <accessor source="#mixamorig_RightHandThumb1-Interpolations-array" count="4">
            <param type="name"/>
          </accessor>
        </technique_common>
      </source>
      <sampler id="mixamorig_RightHandThumb1-Matrix-animation-transform">
        <input semantic="INPUT" source="#mixamorig_RightHandThumb1-Matrix-animation-input"/>
        <input semantic="OUTPUT" source="#mixamorig_RightHandThumb1-Matrix-animation-output-transform"/>
        <input semantic="INTERPOLATION" source="#mixamorig_RightHandThumb1-Interpolations"/>
      </sampler>
      <channel source="#mixamorig_RightHandThumb1-Matrix-animation-transform" target="mixamorig_RightHandThumb1/matrix"/>
    </animation>
    <animation id="mixamorig_RightHandThumb2-anim" name="mixamorig_RightHandThumb2">
      <source id="mixamorig_RightHandThumb2-Matrix-animation-input">
        <float_array id="mixamorig_RightHandThumb2-Matrix-animation-input-array" count="4">

0.000000 0.033333 0.066667 0.100000</float_array>
        <technique_common>
          <accessor source="#mixamorig_RightHandThumb2-Matrix-animation-input-array" count="4">
            <param name="TIME" type="float"/>
          </accessor>
        </technique_common>
      </source>
      <source id="mixamorig_RightHandThumb2-Matrix-animation-output-transform">
        <float_array id="mixamorig_RightHandThumb2-Matrix-animation-output-transform-array" count="64">

0.995751 -0.092003 0.003870 0.267800 0.092083 0.994648 -0.046854 4.847300 0.000461 0.047011 0.998894 0.000000 0.000000 0.000000 0.000000 1.000000
0.995751 -0.092003 0.003870 0.267800 0.092083 0.994648 -0.046854 4.847300 0.000461 0.047012 0.998894 -0.000000 0.000000 0.000000 0.000000 1.000000
0.995751 -0.092003 0.003870 0.267800 0.092083 0.994648 -0.046854 4.847300 0.000461 0.047011 0.998894 0.000000 0.000000 0.000000 0.000000 1.000000
0.995751 -0.092003 0.003870 0.267800 0.092083 0.994648 -0.046854 4.847300 0.000461 0.047011 0.998894 0.000000 0.000000 0.000000 0.000000 1.000000</float_array>
        <technique_common>
          <accessor source="#mixamorig_RightHandThumb2-Matrix-animation-output-transform-array" count="4" stride="16">
            <param type="float4x4"/>
          </accessor>
        </technique_common>
      </source>
      <source id="mixamorig_RightHandThumb2-Interpolations">
        <Name_array id="mixamorig_RightHandThumb2-Interpolations-array" count="4">
 LINEAR LINEAR LINEAR LINEAR</Name_array>
        <technique_common>
          <accessor source="#mixamorig_RightHandThumb2-Interpolations-array" count="4">
            <param type="name"/>
          </accessor>
        </technique_common>
      </source>
      <sampler id="mixamorig_RightHandThumb2-Matrix-animation-transform">
        <input semantic="INPUT" source="#mixamorig_RightHandThumb2-Matrix-animation-input"/>
        <input semantic="OUTPUT" source="#mixamorig_RightHandThumb2-Matrix-animation-output-transform"/>
        <input semantic="INTERPOLATION" source="#mixamorig_RightHandThumb2-Interpolations"/>
      </sampler>
      <channel source="#mixamorig_RightHandThumb2-Matrix-animation-transform" target="mixamorig_RightHandThumb2/matrix"/>
    </animation>
    <animation id="mixamorig_RightHandThumb3-anim" name="mixamorig_RightHandThumb3">
      <source id="mixamorig_RightHandThumb3-Matrix-animation-input">
        <float_array id="mixamorig_RightHandThumb3-Matrix-animation-input-array" count="4">

0.000000 0.033333 0.066667 0.100000</float_array>
        <technique_common>
          <accessor source="#mixamorig_RightHandThumb3-Matrix-animation-input-array" count="4">
            <param name="TIME" type="float"/>
          </accessor>
        </technique_common>
      </source>
      <source id="mixamorig_RightHandThumb3-Matrix-animation-output-transform">
        <float_array id="mixamorig_RightHandThumb3-Matrix-animation-output-transform-array" count="64">

0.999838 0.017473 0.004268 -0.081100 -0.017640 0.998923 0.042923 4.705100 -0.003514 -0.042992 0.999069 0.000000 0.000000 0.000000 0.000000 1.000000
0.999838 0.017473 0.004269 -0.081100 -0.017640 0.998923 0.042924 4.705100 -0.003514 -0.042992 0.999069 0.000000 0.000000 0.000000 0.000000 1.000000
0.999838 0.017473 0.004269 -0.081100 -0.017640 0.998923 0.042924 4.705100 -0.003514 -0.042992 0.999069 0.000000 0.000000 0.000000 0.000000 1.000000
0.999838 0.017473 0.004268 -0.081100 -0.017640 0.998923 0.042924 4.705100 -0.003514 -0.042992 0.999069 0.000000 0.000000 0.000000 0.000000 1.000000</float_array>
        <technique_common>
          <accessor source="#mixamorig_RightHandThumb3-Matrix-animation-output-transform-array" count="4" stride="16">
            <param type="float4x4"/>
          </accessor>
        </technique_common>
      </source>
      <source id="mixamorig_RightHandThumb3-Interpolations">
        <Name_array id="mixamorig_RightHandThumb3-Interpolations-array" count="4">
 LINEAR LINEAR LINEAR LINEAR</Name_array>
        <technique_common>
          <accessor source="#mixamorig_RightHandThumb3-Interpolations-array" count="4">
            <param type="name"/>
          </accessor>
        </technique_common>
      </source>
      <sampler id="mixamorig_RightHandThumb3-Matrix-animation-transform">
        <input semantic="INPUT" source="#mixamorig_RightHandThumb3-Matrix-animation-input"/>
        <input semantic="OUTPUT" source="#mixamorig_RightHandThumb3-Matrix-animation-output-transform"/>
        <input semantic="INTERPOLATION" source="#mixamorig_RightHandThumb3-Interpolations"/>
      </sampler>
      <channel source="#mixamorig_RightHandThumb3-Matrix-animation-transform" target="mixamorig_RightHandThumb3/matrix"/>
    </animation>
    <animation id="mixamorig_RightHandIndex1-anim" name="mixamorig_RightHandIndex1">
      <source id="mixamorig_RightHandIndex1-Matrix-animation-input">
        <float_array id="mixamorig_RightHandIndex1-Matrix-animation-input-array" count="4">

0.000000 0.033333 0.066667 0.100000</float_array>
        <technique_common>
          <accessor source="#mixamorig_RightHandIndex1-Matrix-animation-input-array" count="4">
            <param name="TIME" type="float"/>
          </accessor>
        </technique_common>
      </source>
      <source id="mixamorig_RightHandIndex1-Matrix-animation-output-transform">
        <float_array id="mixamorig_RightHandIndex1-Matrix-animation-output-transform-array" count="64">

0.993271 0.115713 -0.004756 5.382800 -0.115727 0.993277 -0.002857 13.307100 0.004393 0.003388 0.999985 -0.085200 0.000000 0.000000 0.000000 1.000000
0.993271 0.115713 -0.004756 5.382800 -0.115728 0.993277 -0.002857 13.307100 0.004393 0.003388 0.999985 -0.085200 0.000000 0.000000 0.000000 1.000000
0.993271 0.115713 -0.004756 5.382800 -0.115728 0.993277 -0.002857 13.307100 0.004393 0.003388 0.999985 -0.085200 0.000000 0.000000 0.000000 1.000000
0.993271 0.115713 -0.004756 5.382800 -0.115727 0.993277 -0.002857 13.307100 0.004393 0.003388 0.999985 -0.085200 0.000000 0.000000 0.000000 1.000000</float_array>
        <technique_common>
          <accessor source="#mixamorig_RightHandIndex1-Matrix-animation-output-transform-array" count="4" stride="16">
            <param type="float4x4"/>
          </accessor>
        </technique_common>
      </source>
      <source id="mixamorig_RightHandIndex1-Interpolations">
        <Name_array id="mixamorig_RightHandIndex1-Interpolations-array" count="4">
 LINEAR LINEAR LINEAR LINEAR</Name_array>
        <technique_common>
          <accessor source="#mixamorig_RightHandIndex1-Interpolations-array" count="4">
            <param type="name"/>
          </accessor>
        </technique_common>
      </source>
      <sampler id="mixamorig_RightHandIndex1-Matrix-animation-transform">
        <input semantic="INPUT" source="#mixamorig_RightHandIndex1-Matrix-animation-input"/>
        <input semantic="OUTPUT" source="#mixamorig_RightHandIndex1-Matrix-animation-output-transform"/>
        <input semantic="INTERPOLATION" source="#mixamorig_RightHandIndex1-Interpolations"/>
      </sampler>
      <channel source="#mixamorig_RightHandIndex1-Matrix-animation-transform" target="mixamorig_RightHandIndex1/matrix"/>
    </animation>
    <animation id="mixamorig_RightHandIndex2-anim" name="mixamorig_RightHandIndex2">
      <source id="mixamorig_RightHandIndex2-Matrix-animation-input">
        <float_array id="mixamorig_RightHandIndex2-Matrix-animation-input-array" count="4">

0.000000 0.033333 0.066667 0.100000</float_array>
        <technique_common>
          <accessor source="#mixamorig_RightHandIndex2-Matrix-animation-input-array" count="4">
            <param name="TIME" type="float"/>
          </accessor>
        </technique_common>
      </source>
      <source id="mixamorig_RightHandIndex2-Matrix-animation-output-transform">
        <float_array id="mixamorig_RightHandIndex2-Matrix-animation-output-transform-array" count="64">

1.000000 -0.000339 0.000012 -0.001700 0.000339 1.000000 0.000000 3.921400 -0.000012 -0.000000 1.000000 -0.000000 0.000000 0.000000 0.000000 1.000000
1.000000 -0.000339 0.000012 -0.001700 0.000339 1.000000 -0.000000 3.921400 -0.000012 0.000000 1.000000 -0.000000 0.000000 0.000000 0.000000 1.000000
1.000000 -0.000339 0.000012 -0.001700 0.000339 1.000000 -0.000000 3.921400 -0.000012 0.000000 1.000000 0.000000 0.000000 0.000000 0.000000 1.000000
1.000000 -0.000339 0.000012 -0.001700 0.000339 1.000000 -0.000000 3.921400 -0.000012 0.000000 1.000000 0.000000 0.000000 0.000000 0.000000 1.000000</float_array>
        <technique_common>
          <accessor source="#mixamorig_RightHandIndex2-Matrix-animation-output-transform-array" count="4" stride="16">
            <param type="float4x4"/>
          </accessor>
        </technique_common>
      </source>
      <source id="mixamorig_RightHandIndex2-Interpolations">
        <Name_array id="mixamorig_RightHandIndex2-Interpolations-array" count="4">
 LINEAR LINEAR LINEAR LINEAR</Name_array>
        <technique_common>
          <accessor source="#mixamorig_RightHandIndex2-Interpolations-array" count="4">
            <param type="name"/>
          </accessor>
        </technique_common>
      </source>
      <sampler id="mixamorig_RightHandIndex2-Matrix-animation-transform">
        <input semantic="INPUT" source="#mixamorig_RightHandIndex2-Matrix-animation-input"/>
        <input semantic="OUTPUT" source="#mixamorig_RightHandIndex2-Matrix-animation-output-transform"/>
        <input semantic="INTERPOLATION" source="#mixamorig_RightHandIndex2-Interpolations"/>
      </sampler>
      <channel source="#mixamorig_RightHandIndex2-Matrix-animation-transform" target="mixamorig_RightHandIndex2/matrix"/>
    </animation>
    <animation id="mixamorig_RightHandIndex3-anim" name="mixamorig_RightHandIndex3">
      <source id="mixamorig_RightHandIndex3-Matrix-animation-input">
        <float_array id="mixamorig_RightHandIndex3-Matrix-animation-input-array" count="4">

0.000000 0.033333 0.066667 0.100000</float_array>
        <technique_common>
          <accessor source="#mixamorig_RightHandIndex3-Matrix-animation-input-array" count="4">
            <param name="TIME" type="float"/>
          </accessor>
        </technique_common>
      </source>
      <source id="mixamorig_RightHandIndex3-Matrix-animation-output-transform">
        <float_array id="mixamorig_RightHandIndex3-Matrix-animation-output-transform-array" count="64">

1.000000 -0.000462 -0.000028 -0.000300 0.000462 1.000000 -0.000000 3.178700 0.000028 0.000000 1.000000 0.000000 0.000000 0.000000 0.000000 1.000000
1.000000 -0.000462 -0.000028 -0.000300 0.000462 1.000000 -0.000000 3.178700 0.000028 0.000000 1.000000 0.000000 0.000000 0.000000 0.000000 1.000000
1.000000 -0.000462 -0.000028 -0.000300 0.000462 1.000000 0.000000 3.178700 0.000028 -0.000000 1.000000 -0.000000 0.000000 0.000000 0.000000 1.000000
1.000000 -0.000462 -0.000028 -0.000300 0.000462 1.000000 0.000000 3.178700 0.000028 -0.000000 1.000000 0.000000 0.000000 0.000000 0.000000 1.000000</float_array>
        <technique_common>
          <accessor source="#mixamorig_RightHandIndex3-Matrix-animation-output-transform-array" count="4" stride="16">
            <param type="float4x4"/>
          </accessor>
        </technique_common>
      </source>
      <source id="mixamorig_RightHandIndex3-Interpolations">
        <Name_array id="mixamorig_RightHandIndex3-Interpolations-array" count="4">
 LINEAR LINEAR LINEAR LINEAR</Name_array>
        <technique_common>
          <accessor source="#mixamorig_RightHandIndex3-Interpolations-array" count="4">
            <param type="name"/>
          </accessor>
        </technique_common>
      </source>
      <sampler id="mixamorig_RightHandIndex3-Matrix-animation-transform">
        <input semantic="INPUT" source="#mixamorig_RightHandIndex3-Matrix-animation-input"/>
        <input semantic="OUTPUT" source="#mixamorig_RightHandIndex3-Matrix-animation-output-transform"/>
        <input semantic="INTERPOLATION" source="#mixamorig_RightHandIndex3-Interpolations"/>
      </sampler>
      <channel source="#mixamorig_RightHandIndex3-Matrix-animation-transform" target="mixamorig_RightHandIndex3/matrix"/>
    </animation>
    <animation id="mixamorig_RightHandMiddle1-anim" name="mixamorig_RightHandMiddle1">
      <source id="mixamorig_RightHandMiddle1-Matrix-animation-input">
        <float_array id="mixamorig_RightHandMiddle1-Matrix-animation-input-array" count="4">

0.000000 0.033333 0.066667 0.100000</float_array>
        <technique_common>
          <accessor source="#mixamorig_RightHandMiddle1-Matrix-animation-input-array" count="4">
            <param name="TIME" type="float"/>
          </accessor>
        </technique_common>
      </source>
      <source id="mixamorig_RightHandMiddle1-Matrix-animation-output-transform">
        <float_array id="mixamorig_RightHandMiddle1-Matrix-animation-output-transform-array" count="64">

0.993327 0.115329 -0.001004 1.695500 -0.115331 0.993322 -0.003292 14.609200 0.000618 0.003386 0.999994 0.049800 0.000000 0.000000 0.000000 1.000000
0.993327 0.115329 -0.001004 1.695500 -0.115331 0.993322 -0.003292 14.609200 0.000618 0.003386 0.999994 0.049800 0.000000 0.000000 0.000000 1.000000
0.993327 0.115329 -0.001004 1.695500 -0.115331 0.993322 -0.003292 14.609200 0.000618 0.003386 0.999994 0.049800 0.000000 0.000000 0.000000 1.000000
0.993327 0.115329 -0.001004 1.695500 -0.115331 0.993322 -0.003292 14.609200 0.000618 0.003386 0.999994 0.049800 0.000000 0.000000 0.000000 1.000000</float_array>
        <technique_common>
          <accessor source="#mixamorig_RightHandMiddle1-Matrix-animation-output-transform-array" count="4" stride="16">
            <param type="float4x4"/>
          </accessor>
        </technique_common>
      </source>
      <source id="mixamorig_RightHandMiddle1-Interpolations">
        <Name_array id="mixamorig_RightHandMiddle1-Interpolations-array" count="4">
 LINEAR LINEAR LINEAR LINEAR</Name_array>
        <technique_common>
          <accessor source="#mixamorig_RightHandMiddle1-Interpolations-array" count="4">
            <param type="name"/>
          </accessor>
        </technique_common>
      </source>
      <sampler id="mixamorig_RightHandMiddle1-Matrix-animation-transform">
        <input semantic="INPUT" source="#mixamorig_RightHandMiddle1-Matrix-animation-input"/>
        <input semantic="OUTPUT" source="#mixamorig_RightHandMiddle1-Matrix-animation-output-transform"/>
        <input semantic="INTERPOLATION" source="#mixamorig_RightHandMiddle1-Interpolations"/>
      </sampler>
      <channel source="#mixamorig_RightHandMiddle1-Matrix-animation-transform" target="mixamorig_RightHandMiddle1/matrix"/>
    </animation>
    <animation id="mixamorig_RightHandMiddle2-anim" name="mixamorig_RightHandMiddle2">
      <source id="mixamorig_RightHandMiddle2-Matrix-animation-input">
        <float_array id="mixamorig_RightHandMiddle2-Matrix-animation-input-array" count="4">

0.000000 0.033333 0.066667 0.100000</float_array>
        <technique_common>
          <accessor source="#mixamorig_RightHandMiddle2-Matrix-animation-input-array" count="4">
            <param name="TIME" type="float"/>
          </accessor>
        </technique_common>
      </source>
      <source id="mixamorig_RightHandMiddle2-Matrix-animation-output-transform">
        <float_array id="mixamorig_RightHandMiddle2-Matrix-animation-output-transform-array" count="64">

1.000000 -0.000509 -0.000009 -0.000200 0.000509 1.000000 -0.000000 4.318300 0.000009 0.000000 1.000000 0.000000 0.000000 0.000000 0.000000 1.000000
1.000000 -0.000509 -0.000009 -0.000200 0.000509 1.000000 -0.000000 4.318300 0.000009 0.000000 1.000000 -0.000000 0.000000 0.000000 0.000000 1.000000
1.000000 -0.000509 -0.000009 -0.000200 0.000509 1.000000 0.000000 4.318300 0.000009 -0.000000 1.000000 0.000000 0.000000 0.000000 0.000000 1.000000
1.000000 -0.000509 -0.000009 -0.000200 0.000509 1.000000 -0.000000 4.318300 0.000009 0.000000 1.000000 0.000000 0.000000 0.000000 0.000000 1.000000</float_array>
        <technique_common>
          <accessor source="#mixamorig_RightHandMiddle2-Matrix-animation-output-transform-array" count="4" stride="16">
            <param type="float4x4"/>
          </accessor>
        </technique_common>
      </source>
      <source id="mixamorig_RightHandMiddle2-Interpolations">
        <Name_array id="mixamorig_RightHandMiddle2-Interpolations-array" count="4">
 LINEAR LINEAR LINEAR LINEAR</Name_array>
        <technique_common>
          <accessor source="#mixamorig_RightHandMiddle2-Interpolations-array" count="4">
            <param type="name"/>
          </accessor>
        </technique_common>
      </source>
      <sampler id="mixamorig_RightHandMiddle2-Matrix-animation-transform">
        <input semantic="INPUT" source="#mixamorig_RightHandMiddle2-Matrix-animation-input"/>
        <input semantic="OUTPUT" source="#mixamorig_RightHandMiddle2-Matrix-animation-output-transform"/>
        <input semantic="INTERPOLATION" source="#mixamorig_RightHandMiddle2-Interpolations"/>
      </sampler>
      <channel source="#mixamorig_RightHandMiddle2-Matrix-animation-transform" target="mixamorig_RightHandMiddle2/matrix"/>
    </animation>
    <animation id="mixamorig_RightHandMiddle3-anim" name="mixamorig_RightHandMiddle3">
      <source id="mixamorig_RightHandMiddle3-Matrix-animation-input">
        <float_array id="mixamorig_RightHandMiddle3-Matrix-animation-input-array" count="4">

0.000000 0.033333 0.066667 0.100000</float_array>
        <technique_common>
          <accessor source="#mixamorig_RightHandMiddle3-Matrix-animation-input-array" count="4">
            <param name="TIME" type="float"/>
          </accessor>
        </technique_common>
      </source>
      <source id="mixamorig_RightHandMiddle3-Matrix-animation-output-transform">
        <float_array id="mixamorig_RightHandMiddle3-Matrix-animation-output-transform-array" count="64">

1.000000 0.000852 -0.000004 0.001500 -0.000852 1.000000 0.000000 3.241000 0.000004 -0.000000 1.000000 0.000000 0.000000 0.000000 0.000000 1.000000
1.000000 0.000852 -0.000004 0.001500 -0.000852 1.000000 -0.000000 3.241000 0.000004 0.000000 1.000000 -0.000000 0.000000 0.000000 0.000000 1.000000
1.000000 0.000852 -0.000004 0.001500 -0.000852 1.000000 -0.000000 3.241000 0.000004 0.000000 1.000000 0.000000 0.000000 0.000000 0.000000 1.000000
1.000000 0.000852 -0.000003 0.001500 -0.000852 1.000000 -0.000000 3.241000 0.000003 0.000000 1.000000 0.000000 0.000000 0.000000 0.000000 1.000000</float_array>
        <technique_common>
          <accessor source="#mixamorig_RightHandMiddle3-Matrix-animation-output-transform-array" count="4" stride="16">
            <param type="float4x4"/>
          </accessor>
        </technique_common>
      </source>
      <source id="mixamorig_RightHandMiddle3-Interpolations">
        <Name_array id="mixamorig_RightHandMiddle3-Interpolations-array" count="4">
 LINEAR LINEAR LINEAR LINEAR</Name_array>
        <technique_common>
          <accessor source="#mixamorig_RightHandMiddle3-Interpolations-array" count="4">
            <param type="name"/>
          </accessor>
        </technique_common>
      </source>
      <sampler id="mixamorig_RightHandMiddle3-Matrix-animation-transform">
        <input semantic="INPUT" source="#mixamorig_RightHandMiddle3-Matrix-animation-input"/>
        <input semantic="OUTPUT" source="#mixamorig_RightHandMiddle3-Matrix-animation-output-transform"/>
        <input semantic="INTERPOLATION" source="#mixamorig_RightHandMiddle3-Interpolations"/>
      </sampler>
      <channel source="#mixamorig_RightHandMiddle3-Matrix-animation-transform" target="mixamorig_RightHandMiddle3/matrix"/>
    </animation>
    <animation id="mixamorig_RightHandRing1-anim" name="mixamorig_RightHandRing1">
      <source id="mixamorig_RightHandRing1-Matrix-animation-input">
        <float_array id="mixamorig_RightHandRing1-Matrix-animation-input-array" count="4">

0.000000 0.033333 0.066667 0.100000</float_array>
        <technique_common>
          <accessor source="#mixamorig_RightHandRing1-Matrix-animation-input-array" count="4">
            <param name="TIME" type="float"/>
          </accessor>
        </technique_common>
      </source>
      <source id="mixamorig_RightHandRing1-Matrix-animation-output-transform">
        <float_array id="mixamorig_RightHandRing1-Matrix-animation-output-transform-array" count="64">

0.993352 0.114901 -0.007072 -1.709700 -0.114921 0.993371 -0.002588 14.370000 0.006727 0.003383 0.999972 -0.144700 0.000000 0.000000 0.000000 1.000000
0.993352 0.114900 -0.007072 -1.709700 -0.114921 0.993371 -0.002588 14.370000 0.006727 0.003383 0.999972 -0.144700 0.000000 0.000000 0.000000 1.000000
0.993352 0.114901 -0.007072 -1.709700 -0.114921 0.993371 -0.002588 14.370000 0.006727 0.003383 0.999972 -0.144700 0.000000 0.000000 0.000000 1.000000
0.993352 0.114901 -0.007072 -1.709700 -0.114921 0.993371 -0.002588 14.370000 0.006727 0.003384 0.999972 -0.144700 0.000000 0.000000 0.000000 1.000000</float_array>
        <technique_common>
          <accessor source="#mixamorig_RightHandRing1-Matrix-animation-output-transform-array" count="4" stride="16">
            <param type="float4x4"/>
          </accessor>
        </technique_common>
      </source>
      <source id="mixamorig_RightHandRing1-Interpolations">
        <Name_array id="mixamorig_RightHandRing1-Interpolations-array" count="4">
 LINEAR LINEAR LINEAR LINEAR</Name_array>
        <technique_common>
          <accessor source="#mixamorig_RightHandRing1-Interpolations-array" count="4">
            <param type="name"/>
          </accessor>
        </technique_common>
      </source>
      <sampler id="mixamorig_RightHandRing1-Matrix-animation-transform">
        <input semantic="INPUT" source="#mixamorig_RightHandRing1-Matrix-animation-input"/>
        <input semantic="OUTPUT" source="#mixamorig_RightHandRing1-Matrix-animation-output-transform"/>
        <input semantic="INTERPOLATION" source="#mixamorig_RightHandRing1-Interpolations"/>
      </sampler>
      <channel source="#mixamorig_RightHandRing1-Matrix-animation-transform" target="mixamorig_RightHandRing1/matrix"/>
    </animation>
    <animation id="mixamorig_RightHandRing2-anim" name="mixamorig_RightHandRing2">
      <source id="mixamorig_RightHandRing2-Matrix-animation-input">
        <float_array id="mixamorig_RightHandRing2-Matrix-animation-input-array" count="4">

0.000000 0.033333 0.066667 0.100000</float_array>
        <technique_common>
          <accessor source="#mixamorig_RightHandRing2-Matrix-animation-input-array" count="4">
            <param name="TIME" type="float"/>
          </accessor>
        </technique_common>
      </source>
      <source id="mixamorig_RightHandRing2-Matrix-animation-output-transform">
        <float_array id="mixamorig_RightHandRing2-Matrix-animation-output-transform-array" count="64">

1.000000 0.000455 0.000009 0.001300 -0.000455 1.000000 -0.000000 3.380800 -0.000009 0.000000 1.000000 0.000000 0.000000 0.000000 0.000000 1.000000
1.000000 0.000455 0.000009 0.001300 -0.000455 1.000000 0.000000 3.380800 -0.000009 -0.000000 1.000000 -0.000000 0.000000 0.000000 0.000000 1.000000
1.000000 0.000455 0.000009 0.001300 -0.000455 1.000000 -0.000000 3.380800 -0.000009 0.000000 1.000000 -0.000000 0.000000 0.000000 0.000000 1.000000
1.000000 0.000455 0.000009 0.001300 -0.000455 1.000000 -0.000000 3.380800 -0.000009 0.000000 1.000000 -0.000000 0.000000 0.000000 0.000000 1.000000</float_array>
        <technique_common>
          <accessor source="#mixamorig_RightHandRing2-Matrix-animation-output-transform-array" count="4" stride="16">
            <param type="float4x4"/>
          </accessor>
        </technique_common>
      </source>
      <source id="mixamorig_RightHandRing2-Interpolations">
        <Name_array id="mixamorig_RightHandRing2-Interpolations-array" count="4">
 LINEAR LINEAR LINEAR LINEAR</Name_array>
        <technique_common>
          <accessor source="#mixamorig_RightHandRing2-Interpolations-array" count="4">
            <param type="name"/>
          </accessor>
        </technique_common>
      </source>
      <sampler id="mixamorig_RightHandRing2-Matrix-animation-transform">
        <input semantic="INPUT" source="#mixamorig_RightHandRing2-Matrix-animation-input"/>
        <input semantic="OUTPUT" source="#mixamorig_RightHandRing2-Matrix-animation-output-transform"/>
        <input semantic="INTERPOLATION" source="#mixamorig_RightHandRing2-Interpolations"/>
      </sampler>
      <channel source="#mixamorig_RightHandRing2-Matrix-animation-transform" target="mixamorig_RightHandRing2/matrix"/>
    </animation>
    <animation id="mixamorig_RightHandRing3-anim" name="mixamorig_RightHandRing3">
      <source id="mixamorig_RightHandRing3-Matrix-animation-input">
        <float_array id="mixamorig_RightHandRing3-Matrix-animation-input-array" count="4">

0.000000 0.033333 0.066667 0.100000</float_array>
        <technique_common>
          <accessor source="#mixamorig_RightHandRing3-Matrix-animation-input-array" count="4">
            <param name="TIME" type="float"/>
          </accessor>
        </technique_common>
      </source>
      <source id="mixamorig_RightHandRing3-Matrix-animation-output-transform">
        <float_array id="mixamorig_RightHandRing3-Matrix-animation-output-transform-array" count="64">

1.000000 0.000178 -0.000012 -0.000200 -0.000178 1.000000 0.000000 2.845800 0.000012 -0.000000 1.000000 0.000000 0.000000 0.000000 0.000000 1.000000
1.000000 0.000178 -0.000012 -0.000200 -0.000178 1.000000 -0.000000 2.845800 0.000012 0.000000 1.000000 0.000000 0.000000 0.000000 0.000000 1.000000
1.000000 0.000178 -0.000012 -0.000200 -0.000178 1.000000 0.000000 2.845800 0.000012 -0.000000 1.000000 0.000000 0.000000 0.000000 0.000000 1.000000
1.000000 0.000179 -0.000012 -0.000200 -0.000179 1.000000 0.000000 2.845800 0.000012 -0.000000 1.000000 -0.000000 0.000000 0.000000 0.000000 1.000000</float_array>
        <technique_common>
          <accessor source="#mixamorig_RightHandRing3-Matrix-animation-output-transform-array" count="4" stride="16">
            <param type="float4x4"/>
          </accessor>
        </technique_common>
      </source>
      <source id="mixamorig_RightHandRing3-Interpolations">
        <Name_array id="mixamorig_RightHandRing3-Interpolations-array" count="4">
 LINEAR LINEAR LINEAR LINEAR</Name_array>
        <technique_common>
          <accessor source="#mixamorig_RightHandRing3-Interpolations-array" count="4">
            <param type="name"/>
          </accessor>
        </technique_common>
      </source>
      <sampler id="mixamorig_RightHandRing3-Matrix-animation-transform">
        <input semantic="INPUT" source="#mixamorig_RightHandRing3-Matrix-animation-input"/>
        <input semantic="OUTPUT" source="#mixamorig_RightHandRing3-Matrix-animation-output-transform"/>
        <input semantic="INTERPOLATION" source="#mixamorig_RightHandRing3-Interpolations"/>
      </sampler>
      <channel source="#mixamorig_RightHandRing3-Matrix-animation-transform" target="mixamorig_RightHandRing3/matrix"/>
    </animation>
    <animation id="mixamorig_RightHandPinky1-anim" name="mixamorig_RightHandPinky1">
      <source id="mixamorig_RightHandPinky1-Matrix-animation-input">
        <float_array id="mixamorig_RightHandPinky1-Matrix-animation-input-array" count="4">

0.000000 0.033333 0.066667 0.100000</float_array>
        <technique_common>
          <accessor source="#mixamorig_RightHandPinky1-Matrix-animation-input-array" count="4">
            <param name="TIME" type="float"/>
          </accessor>
        </technique_common>
      </source>
      <source id="mixamorig_RightHandPinky1-Matrix-animation-output-transform">
        <float_array id="mixamorig_RightHandPinky1-Matrix-animation-output-transform-array" count="64">

0.993221 0.112856 -0.027869 -4.848000 -0.112904 0.993606 -0.000173 14.008100 0.027671 0.003318 0.999612 -0.068600 0.000000 0.000000 0.000000 1.000000
0.993220 0.112856 -0.027869 -4.848000 -0.112904 0.993606 -0.000173 14.008100 0.027671 0.003318 0.999612 -0.068600 0.000000 0.000000 0.000000 1.000000
0.993220 0.112856 -0.027869 -4.848000 -0.112904 0.993606 -0.000173 14.008100 0.027671 0.003318 0.999612 -0.068600 0.000000 0.000000 0.000000 1.000000
0.993220 0.112856 -0.027869 -4.848000 -0.112904 0.993606 -0.000173 14.008100 0.027671 0.003318 0.999612 -0.068600 0.000000 0.000000 0.000000 1.000000</float_array>
        <technique_common>
          <accessor source="#mixamorig_RightHandPinky1-Matrix-animation-output-transform-array" count="4" stride="16">
            <param type="float4x4"/>
          </accessor>
        </technique_common>
      </source>
      <source id="mixamorig_RightHandPinky1-Interpolations">
        <Name_array id="mixamorig_RightHandPinky1-Interpolations-array" count="4">
 LINEAR LINEAR LINEAR LINEAR</Name_array>
        <technique_common>
          <accessor source="#mixamorig_RightHandPinky1-Interpolations-array" count="4">
            <param type="name"/>
          </accessor>
        </technique_common>
      </source>
      <sampler id="mixamorig_RightHandPinky1-Matrix-animation-transform">
        <input semantic="INPUT" source="#mixamorig_RightHandPinky1-Matrix-animation-input"/>
        <input semantic="OUTPUT" source="#mixamorig_RightHandPinky1-Matrix-animation-output-transform"/>
        <input semantic="INTERPOLATION" source="#mixamorig_RightHandPinky1-Interpolations"/>
      </sampler>
      <channel source="#mixamorig_RightHandPinky1-Matrix-animation-transform" target="mixamorig_RightHandPinky1/matrix"/>
    </animation>
    <animation id="mixamorig_RightHandPinky2-anim" name="mixamorig_RightHandPinky2">
      <source id="mixamorig_RightHandPinky2-Matrix-animation-input">
        <float_array id="mixamorig_RightHandPinky2-Matrix-animation-input-array" count="4">

0.000000 0.033333 0.066667 0.100000</float_array>
        <technique_common>
          <accessor source="#mixamorig_RightHandPinky2-Matrix-animation-input-array" count="4">
            <param name="TIME" type="float"/>
          </accessor>
        </technique_common>
      </source>
      <source id="mixamorig_RightHandPinky2-Matrix-animation-output-transform">
        <float_array id="mixamorig_RightHandPinky2-Matrix-animation-output-transform-array" count="64">

0.999993 0.003630 0.000082 0.005700 -0.003630 0.999993 -0.000000 2.332400 -0.000082 -0.000000 1.000000 -0.000000 0.000000 0.000000 0.000000 1.000000
0.999993 0.003630 0.000082 0.005700 -0.003630 0.999993 -0.000000 2.332400 -0.000082 0.000000 1.000000 0.000000 0.000000 0.000000 0.000000 1.000000
0.999993 0.003630 0.000082 0.005700 -0.003630 0.999993 -0.000000 2.332400 -0.000082 0.000000 1.000000 0.000000 0.000000 0.000000 0.000000 1.000000
0.999993 0.003630 0.000082 0.005700 -0.003630 0.999993 -0.000000 2.332400 -0.000082 -0.000000 1.000000 0.000000 0.000000 0.000000 0.000000 1.000000</float_array>
        <technique_common>
          <accessor source="#mixamorig_RightHandPinky2-Matrix-animation-output-transform-array" count="4" stride="16">
            <param type="float4x4"/>
          </accessor>
        </technique_common>
      </source>
      <source id="mixamorig_RightHandPinky2-Interpolations">
        <Name_array id="mixamorig_RightHandPinky2-Interpolations-array" count="4">
 LINEAR LINEAR LINEAR LINEAR</Name_array>
        <technique_common>
          <accessor source="#mixamorig_RightHandPinky2-Interpolations-array" count="4">
            <param type="name"/>
          </accessor>
        </technique_common>
      </source>
      <sampler id="mixamorig_RightHandPinky2-Matrix-animation-transform">
        <input semantic="INPUT" source="#mixamorig_RightHandPinky2-Matrix-animation-input"/>
        <input semantic="OUTPUT" source="#mixamorig_RightHandPinky2-Matrix-animation-output-transform"/>
        <input semantic="INTERPOLATION" source="#mixamorig_RightHandPinky2-Interpolations"/>
      </sampler>
      <channel source="#mixamorig_RightHandPinky2-Matrix-animation-transform" target="mixamorig_RightHandPinky2/matrix"/>
    </animation>
    <animation id="mixamorig_RightHandPinky3-anim" name="mixamorig_RightHandPinky3">
      <source id="mixamorig_RightHandPinky3-Matrix-animation-input">
        <float_array id="mixamorig_RightHandPinky3-Matrix-animation-input-array" count="4">

0.000000 0.033333 0.066667 0.100000</float_array>
        <technique_common>
          <accessor source="#mixamorig_RightHandPinky3-Matrix-animation-input-array" count="4">
            <param name="TIME" type="float"/>
          </accessor>
        </technique_common>
      </source>
      <source id="mixamorig_RightHandPinky3-Matrix-animation-output-transform">
        <float_array id="mixamorig_RightHandPinky3-Matrix-animation-output-transform-array" count="64">

1.000000 -0.000365 0.000009 -0.003000 0.000365 1.000000 0.000000 2.529300 -0.000009 -0.000000 1.000000 0.000000 0.000000 0.000000 0.000000 1.000000
1.000000 -0.000365 0.000009 -0.003000 0.000365 1.000000 -0.000000 2.529300 -0.000009 0.000000 1.000000 0.000000 0.000000 0.000000 0.000000 1.000000
1.000000 -0.000365 0.000009 -0.003000 0.000365 1.000000 0.000000 2.529300 -0.000009 -0.000000 1.000000 0.000000 0.000000 0.000000 0.000000 1.000000
1.000000 -0.000365 0.000009 -0.003000 0.000365 1.000000 -0.000000 2.529300 -0.000009 0.000000 1.000000 -0.000000 0.000000 0.000000 0.000000 1.000000</float_array>
        <technique_common>
          <accessor source="#mixamorig_RightHandPinky3-Matrix-animation-output-transform-array" count="4" stride="16">
            <param type="float4x4"/>
          </accessor>
        </technique_common>
      </source>
      <source id="mixamorig_RightHandPinky3-Interpolations">
        <Name_array id="mixamorig_RightHandPinky3-Interpolations-array" count="4">
 LINEAR LINEAR LINEAR LINEAR</Name_array>
        <technique_common>
          <accessor source="#mixamorig_RightHandPinky3-Interpolations-array" count="4">
            <param type="name"/>
          </accessor>
        </technique_common>
      </source>
      <sampler id="mixamorig_RightHandPinky3-Matrix-animation-transform">
        <input semantic="INPUT" source="#mixamorig_RightHandPinky3-Matrix-animation-input"/>
        <input semantic="OUTPUT" source="#mixamorig_RightHandPinky3-Matrix-animation-output-transform"/>
        <input semantic="INTERPOLATION" source="#mixamorig_RightHandPinky3-Interpolations"/>
      </sampler>
      <channel source="#mixamorig_RightHandPinky3-Matrix-animation-transform" target="mixamorig_RightHandPinky3/matrix"/>
    </animation>
    <animation id="mixamorig_LeftUpLeg-anim" name="mixamorig_LeftUpLeg">
      <source id="mixamorig_LeftUpLeg-Matrix-animation-input">
        <float_array id="mixamorig_LeftUpLeg-Matrix-animation-input-array" count="4">

0.000000 0.033333 0.066667 0.100000</float_array>
        <technique_common>
          <accessor source="#mixamorig_LeftUpLeg-Matrix-animation-input-array" count="4">
            <param name="TIME" type="float"/>
          </accessor>
        </technique_common>
      </source>
      <source id="mixamorig_LeftUpLeg-Matrix-animation-output-transform">
        <float_array id="mixamorig_LeftUpLeg-Matrix-animation-output-transform-array" count="64">

-0.549812 0.722863 0.418540 13.280500 -0.307872 -0.641170 0.702934 -6.012500 0.776480 0.257625 0.575072 -0.531400 0.000000 0.000000 0.000000 1.000000
-0.549629 0.722568 0.419289 13.280500 -0.307617 -0.641682 0.702578 -6.012500 0.776711 0.257177 0.574961 -0.531400 0.000000 0.000000 0.000000 1.000000
-0.549783 0.722241 0.419650 13.280500 -0.307069 -0.641962 0.702562 -6.012500 0.776819 0.257395 0.574717 -0.531400 0.000000 0.000000 0.000000 1.000000
-0.549779 0.722248 0.419644 13.280500 -0.306910 -0.641901 0.702687 -6.012500 0.776884 0.257530 0.574569 -0.531400 0.000000 0.000000 0.000000 1.000000</float_array>
        <technique_common>
          <accessor source="#mixamorig_LeftUpLeg-Matrix-animation-output-transform-array" count="4" stride="16">
            <param type="float4x4"/>
          </accessor>
        </technique_common>
      </source>
      <source id="mixamorig_LeftUpLeg-Interpolations">
        <Name_array id="mixamorig_LeftUpLeg-Interpolations-array" count="4">
 LINEAR LINEAR LINEAR LINEAR</Name_array>
        <technique_common>
          <accessor source="#mixamorig_LeftUpLeg-Interpolations-array" count="4">
            <param type="name"/>
          </accessor>
        </technique_common>
      </source>
      <sampler id="mixamorig_LeftUpLeg-Matrix-animation-transform">
        <input semantic="INPUT" source="#mixamorig_LeftUpLeg-Matrix-animation-input"/>
        <input semantic="OUTPUT" source="#mixamorig_LeftUpLeg-Matrix-animation-output-transform"/>
        <input semantic="INTERPOLATION" source="#mixamorig_LeftUpLeg-Interpolations"/>
      </sampler>
      <channel source="#mixamorig_LeftUpLeg-Matrix-animation-transform" target="mixamorig_LeftUpLeg/matrix"/>
    </animation>
    <animation id="mixamorig_LeftLeg-anim" name="mixamorig_LeftLeg">
      <source id="mixamorig_LeftLeg-Matrix-animation-input">
        <float_array id="mixamorig_LeftLeg-Matrix-animation-input-array" count="4">

0.000000 0.033333 0.066667 0.100000</float_array>
        <technique_common>
          <accessor source="#mixamorig_LeftLeg-Matrix-animation-input-array" count="4">
            <param name="TIME" type="float"/>
          </accessor>
        </technique_common>
      </source>
      <source id="mixamorig_LeftLeg-Matrix-animation-output-transform">
        <float_array id="mixamorig_LeftLeg-Matrix-animation-output-transform-array" count="64">

0.985792 0.153927 0.067239 0.000000 -0.102086 0.231134 0.967551 52.183899 0.133391 -0.960668 0.243564 -0.000000 0.000000 0.000000 0.000000 1.000000
0.985783 0.153943 0.067331 0.000000 -0.102216 0.231393 0.967476 52.183899 0.133356 -0.960603 0.243839 0.000000 0.000000 0.000000 0.000000 1.000000
0.985755 0.153951 0.067726 0.000000 -0.102605 0.231386 0.967436 52.183899 0.133266 -0.960604 0.243886 0.000000 0.000000 0.000000 0.000000 1.000000
0.985733 0.153951 0.068035 0.000000 -0.102901 0.231338 0.967416 52.183899 0.133195 -0.960615 0.243880 -0.000000 0.000000 0.000000 0.000000 1.000000</float_array>
        <technique_common>
          <accessor source="#mixamorig_LeftLeg-Matrix-animation-output-transform-array" count="4" stride="16">
            <param type="float4x4"/>
          </accessor>
        </technique_common>
      </source>
      <source id="mixamorig_LeftLeg-Interpolations">
        <Name_array id="mixamorig_LeftLeg-Interpolations-array" count="4">
 LINEAR LINEAR LINEAR LINEAR</Name_array>
        <technique_common>
          <accessor source="#mixamorig_LeftLeg-Interpolations-array" count="4">
            <param type="name"/>
          </accessor>
        </technique_common>
      </source>
      <sampler id="mixamorig_LeftLeg-Matrix-animation-transform">
        <input semantic="INPUT" source="#mixamorig_LeftLeg-Matrix-animation-input"/>
        <input semantic="OUTPUT" source="#mixamorig_LeftLeg-Matrix-animation-output-transform"/>
        <input semantic="INTERPOLATION" source="#mixamorig_LeftLeg-Interpolations"/>
      </sampler>
      <channel source="#mixamorig_LeftLeg-Matrix-animation-transform" target="mixamorig_LeftLeg/matrix"/>
    </animation>
    <animation id="mixamorig_LeftFoot-anim" name="mixamorig_LeftFoot">
      <source id="mixamorig_LeftFoot-Matrix-animation-input">
        <float_array id="mixamorig_LeftFoot-Matrix-animation-input-array" count="4">

0.000000 0.033333 0.066667 0.100000</float_array>
        <technique_common>
          <accessor source="#mixamorig_LeftFoot-Matrix-animation-input-array" count="4">
            <param name="TIME" type="float"/>
          </accessor>
        </technique_common>
      </source>
      <source id="mixamorig_LeftFoot-Matrix-animation-output-transform">
        <float_array id="mixamorig_LeftFoot-Matrix-animation-output-transform-array" count="64">

0.991069 -0.056945 -0.120582 0.000000 -0.087804 0.401909 -0.911460 50.974098 0.100366 0.913907 0.393320 0.000000 0.000000 0.000000 0.000000 1.000000
0.991083 -0.056610 -0.120621 -0.000000 -0.087972 0.401909 -0.911444 50.974098 0.100076 0.913928 0.393345 0.000000 0.000000 0.000000 0.000000 1.000000
0.991099 -0.056432 -0.120574 0.000000 -0.088002 0.401878 -0.911455 50.974098 0.099891 0.913953 0.393334 -0.000000 0.000000 0.000000 0.000000 1.000000
0.991106 -0.056399 -0.120534 0.000000 -0.087981 0.401856 -0.911466 50.974098 0.099843 0.913964 0.393320 0.000000 0.000000 0.000000 0.000000 1.000000</float_array>
        <technique_common>
          <accessor source="#mixamorig_LeftFoot-Matrix-animation-output-transform-array" count="4" stride="16">
            <param type="float4x4"/>
          </accessor>
        </technique_common>
      </source>
      <source id="mixamorig_LeftFoot-Interpolations">
        <Name_array id="mixamorig_LeftFoot-Interpolations-array" count="4">
 LINEAR LINEAR LINEAR LINEAR</Name_array>
        <technique_common>
          <accessor source="#mixamorig_LeftFoot-Interpolations-array" count="4">
            <param type="name"/>
          </accessor>
        </technique_common>
      </source>
      <sampler id="mixamorig_LeftFoot-Matrix-animation-transform">
        <input semantic="INPUT" source="#mixamorig_LeftFoot-Matrix-animation-input"/>
        <input semantic="OUTPUT" source="#mixamorig_LeftFoot-Matrix-animation-output-transform"/>
        <input semantic="INTERPOLATION" source="#mixamorig_LeftFoot-Interpolations"/>
      </sampler>
      <channel source="#mixamorig_LeftFoot-Matrix-animation-transform" target="mixamorig_LeftFoot/matrix"/>
    </animation>
    <animation id="mixamorig_LeftToeBase-anim" name="mixamorig_LeftToeBase">
      <source id="mixamorig_LeftToeBase-Matrix-animation-input">
        <float_array id="mixamorig_LeftToeBase-Matrix-animation-input-array" count="4">

0.000000 0.033333 0.066667 0.100000</float_array>
        <technique_common>
          <accessor source="#mixamorig_LeftToeBase-Matrix-animation-input-array" count="4">
            <param name="TIME" type="float"/>
          </accessor>
        </technique_common>
      </source>
      <source id="mixamorig_LeftToeBase-Matrix-animation-output-transform">
        <float_array id="mixamorig_LeftToeBase-Matrix-animation-output-transform-array" count="64">

0.960352 0.005494 0.278737 -0.000000 -0.072941 0.969931 0.232191 21.993700 -0.269080 -0.243317 0.931876 0.000000 0.000000 0.000000 0.000000 1.000000
0.960133 0.005424 0.279490 0.000000 -0.072950 0.970028 0.231783 21.993700 -0.269856 -0.242931 0.931752 0.000000 0.000000 0.000000 0.000000 1.000000
0.959758 0.005363 0.280776 -0.000000 -0.072876 0.970321 0.230576 21.993700 -0.271206 -0.241759 0.931665 -0.000000 0.000000 0.000000 0.000000 1.000000
0.959515 0.005333 0.281608 -0.000000 -0.072809 0.970534 0.229701 21.993700 -0.272085 -0.240905 0.931630 0.000000 0.000000 0.000000 0.000000 1.000000</float_array>
        <technique_common>
          <accessor source="#mixamorig_LeftToeBase-Matrix-animation-output-transform-array" count="4" stride="16">
            <param type="float4x4"/>
          </accessor>
        </technique_common>
      </source>
      <source id="mixamorig_LeftToeBase-Interpolations">
        <Name_array id="mixamorig_LeftToeBase-Interpolations-array" count="4">
 LINEAR LINEAR LINEAR LINEAR</Name_array>
        <technique_common>
          <accessor source="#mixamorig_LeftToeBase-Interpolations-array" count="4">
            <param type="name"/>
          </accessor>
        </technique_common>
      </source>
      <sampler id="mixamorig_LeftToeBase-Matrix-animation-transform">
        <input semantic="INPUT" source="#mixamorig_LeftToeBase-Matrix-animation-input"/>
        <input semantic="OUTPUT" source="#mixamorig_LeftToeBase-Matrix-animation-output-transform"/>
        <input semantic="INTERPOLATION" source="#mixamorig_LeftToeBase-Interpolations"/>
      </sampler>
      <channel source="#mixamorig_LeftToeBase-Matrix-animation-transform" target="mixamorig_LeftToeBase/matrix"/>
    </animation>
    <animation id="mixamorig_RightUpLeg-anim" name="mixamorig_RightUpLeg">
      <source id="mixamorig_RightUpLeg-Matrix-animation-input">
        <float_array id="mixamorig_RightUpLeg-Matrix-animation-input-array" count="4">

0.000000 0.033333 0.066667 0.100000</float_array>
        <technique_common>
          <accessor source="#mixamorig_RightUpLeg-Matrix-animation-input-array" count="4">
            <param name="TIME" type="float"/>
          </accessor>
        </technique_common>
      </source>
      <source id="mixamorig_RightUpLeg-Matrix-animation-output-transform">
        <float_array id="mixamorig_RightUpLeg-Matrix-animation-output-transform-array" count="64">

-0.837396 -0.511485 -0.192747 -13.293700 0.481371 -0.857148 0.183245 -6.012500 -0.258940 0.060666 0.963986 -0.531400 0.000000 0.000000 0.000000 1.000000
-0.837244 -0.511935 -0.192210 -13.293700 0.481620 -0.856811 0.184164 -6.012500 -0.258968 0.061618 0.963918 -0.531400 0.000000 0.000000 0.000000 1.000000
-0.837065 -0.512306 -0.192005 -13.293700 0.481821 -0.856545 0.184876 -6.012500 -0.259174 0.062241 0.963823 -0.531400 0.000000 0.000000 0.000000 1.000000
-0.837182 -0.512174 -0.191843 -13.293700 0.481625 -0.856597 0.185143 -6.012500 -0.259157 0.062602 0.963804 -0.531400 0.000000 0.000000 0.000000 1.000000</float_array>
        <technique_common>
          <accessor source="#mixamorig_RightUpLeg-Matrix-animation-output-transform-array" count="4" stride="16">
            <param type="float4x4"/>
          </accessor>
        </technique_common>
      </source>
      <source id="mixamorig_RightUpLeg-Interpolations">
        <Name_array id="mixamorig_RightUpLeg-Interpolations-array" count="4">
 LINEAR LINEAR LINEAR LINEAR</Name_array>
        <technique_common>
          <accessor source="#mixamorig_RightUpLeg-Interpolations-array" count="4">
            <param type="name"/>
          </accessor>
        </technique_common>
      </source>
      <sampler id="mixamorig_RightUpLeg-Matrix-animation-transform">
        <input semantic="INPUT" source="#mixamorig_RightUpLeg-Matrix-animation-input"/>
        <input semantic="OUTPUT" source="#mixamorig_RightUpLeg-Matrix-animation-output-transform"/>
        <input semantic="INTERPOLATION" source="#mixamorig_RightUpLeg-Interpolations"/>
      </sampler>
      <channel source="#mixamorig_RightUpLeg-Matrix-animation-transform" target="mixamorig_RightUpLeg/matrix"/>
    </animation>
    <animation id="mixamorig_RightLeg-anim" name="mixamorig_RightLeg">
      <source id="mixamorig_RightLeg-Matrix-animation-input">
        <float_array id="mixamorig_RightLeg-Matrix-animation-input-array" count="4">

0.000000 0.033333 0.066667 0.100000</float_array>
        <technique_common>
          <accessor source="#mixamorig_RightLeg-Matrix-animation-input-array" count="4">
            <param name="TIME" type="float"/>
          </accessor>
        </technique_common>
      </source>
      <source id="mixamorig_RightLeg-Matrix-animation-output-transform">
        <float_array id="mixamorig_RightLeg-Matrix-animation-output-transform-array" count="64">

0.990727 0.133332 0.026123 0.000000 -0.124579 0.814733 0.566296 52.153900 0.054222 -0.564299 0.823788 0.000000 0.000000 0.000000 0.000000 1.000000
0.990645 0.133899 0.026350 -0.000000 -0.125152 0.814437 0.566594 52.153900 0.054406 -0.564591 0.823576 -0.000000 0.000000 0.000000 0.000000 1.000000
0.990635 0.133965 0.026395 0.000000 -0.125214 0.814242 0.566860 52.153900 0.054448 -0.564856 0.823391 -0.000000 0.000000 0.000000 0.000000 1.000000
0.990640 0.133922 0.026396 0.000000 -0.125176 0.814200 0.566930 52.153900 0.054432 -0.564928 0.823343 0.000000 0.000000 0.000000 0.000000 1.000000</float_array>
        <technique_common>
          <accessor source="#mixamorig_RightLeg-Matrix-animation-output-transform-array" count="4" stride="16">
            <param type="float4x4"/>
          </accessor>
        </technique_common>
      </source>
      <source id="mixamorig_RightLeg-Interpolations">
        <Name_array id="mixamorig_RightLeg-Interpolations-array" count="4">
 LINEAR LINEAR LINEAR LINEAR</Name_array>
        <technique_common>
          <accessor source="#mixamorig_RightLeg-Interpolations-array" count="4">
            <param type="name"/>
          </accessor>
        </technique_common>
      </source>
      <sampler id="mixamorig_RightLeg-Matrix-animation-transform">
        <input semantic="INPUT" source="#mixamorig_RightLeg-Matrix-animation-input"/>
        <input semantic="OUTPUT" source="#mixamorig_RightLeg-Matrix-animation-output-transform"/>
        <input semantic="INTERPOLATION" source="#mixamorig_RightLeg-Interpolations"/>
      </sampler>
      <channel source="#mixamorig_RightLeg-Matrix-animation-transform" target="mixamorig_RightLeg/matrix"/>
    </animation>
    <animation id="mixamorig_RightFoot-anim" name="mixamorig_RightFoot">
      <source id="mixamorig_RightFoot-Matrix-animation-input">
        <float_array id="mixamorig_RightFoot-Matrix-animation-input-array" count="4">

0.000000 0.033333 0.066667 0.100000</float_array>
        <technique_common>
          <accessor source="#mixamorig_RightFoot-Matrix-animation-input-array" count="4">
            <param name="TIME" type="float"/>
          </accessor>
        </technique_common>
      </source>
      <source id="mixamorig_RightFoot-Matrix-animation-output-transform">
        <float_array id="mixamorig_RightFoot-Matrix-animation-output-transform-array" count="64">

0.986050 0.097269 0.135073 0.000000 0.097703 0.318761 -0.942786 51.002602 -0.134760 0.942831 0.304810 0.000000 0.000000 0.000000 0.000000 1.000000
0.986047 0.097260 0.135097 0.000000 0.097732 0.318733 -0.942793 51.002602 -0.134756 0.942841 0.304780 0.000000 0.000000 0.000000 0.000000 1.000000
0.986049 0.097269 0.135077 -0.000000 0.097710 0.318738 -0.942793 51.002602 -0.134759 0.942839 0.304787 0.000000 0.000000 0.000000 0.000000 1.000000
0.986050 0.097275 0.135064 0.000000 0.097696 0.318734 -0.942796 51.002602 -0.134760 0.942839 0.304784 0.000000 0.000000 0.000000 0.000000 1.000000</float_array>
        <technique_common>
          <accessor source="#mixamorig_RightFoot-Matrix-animation-output-transform-array" count="4" stride="16">
            <param type="float4x4"/>
          </accessor>
        </technique_common>
      </source>
      <source id="mixamorig_RightFoot-Interpolations">
        <Name_array id="mixamorig_RightFoot-Interpolations-array" count="4">
 LINEAR LINEAR LINEAR LINEAR</Name_array>
        <technique_common>
          <accessor source="#mixamorig_RightFoot-Interpolations-array" count="4">
            <param type="name"/>
          </accessor>
        </technique_common>
      </source>
      <sampler id="mixamorig_RightFoot-Matrix-animation-transform">
        <input semantic="INPUT" source="#mixamorig_RightFoot-Matrix-animation-input"/>
        <input semantic="OUTPUT" source="#mixamorig_RightFoot-Matrix-animation-output-transform"/>
        <input semantic="INTERPOLATION" source="#mixamorig_RightFoot-Interpolations"/>
      </sampler>
      <channel source="#mixamorig_RightFoot-Matrix-animation-transform" target="mixamorig_RightFoot/matrix"/>
    </animation>
    <animation id="mixamorig_RightToeBase-anim" name="mixamorig_RightToeBase">
      <source id="mixamorig_RightToeBase-Matrix-animation-input">
        <float_array id="mixamorig_RightToeBase-Matrix-animation-input-array" count="4">

0.000000 0.033333 0.066667 0.100000</float_array>
        <technique_common>
          <accessor source="#mixamorig_RightToeBase-Matrix-animation-input-array" count="4">
            <param name="TIME" type="float"/>
          </accessor>
        </technique_common>
      </source>
      <source id="mixamorig_RightToeBase-Matrix-animation-output-transform">
        <float_array id="mixamorig_RightToeBase-Matrix-animation-output-transform-array" count="64">

0.910006 -0.027327 -0.413693 0.000000 0.017020 0.999447 -0.028579 22.030199 0.414245 0.018966 0.909968 0.000000 0.000000 0.000000 0.000000 1.000000
0.909828 -0.027185 -0.414095 0.000000 0.017367 0.999472 -0.027456 22.030199 0.414623 0.017789 0.909819 0.000000 0.000000 0.000000 0.000000 1.000000
0.909962 -0.027288 -0.413793 0.000000 0.016923 0.999445 -0.028694 22.030199 0.414346 0.019108 0.909919 -0.000000 0.000000 0.000000 0.000000 1.000000
0.909917 -0.027249 -0.413894 0.000000 0.017171 0.999459 -0.028051 22.030199 0.414434 0.018417 0.909893 0.000000 0.000000 0.000000 0.000000 1.000000</float_array>
        <technique_common>
          <accessor source="#mixamorig_RightToeBase-Matrix-animation-output-transform-array" count="4" stride="16">
            <param type="float4x4"/>
          </accessor>
        </technique_common>
      </source>
      <source id="mixamorig_RightToeBase-Interpolations">
        <Name_array id="mixamorig_RightToeBase-Interpolations-array" count="4">
 LINEAR LINEAR LINEAR LINEAR</Name_array>
        <technique_common>
          <accessor source="#mixamorig_RightToeBase-Interpolations-array" count="4">
            <param type="name"/>
          </accessor>
        </technique_common>
      </source>
      <sampler id="mixamorig_RightToeBase-Matrix-animation-transform">
        <input semantic="INPUT" source="#mixamorig_RightToeBase-Matrix-animation-input"/>
        <input semantic="OUTPUT" source="#mixamorig_RightToeBase-Matrix-animation-output-transform"/>
        <input semantic="INTERPOLATION" source="#mixamorig_RightToeBase-Interpolations"/>
      </sampler>
      <channel source="#mixamorig_RightToeBase-Matrix-animation-transform" target="mixamorig_RightToeBase/matrix"/>
    </animation>
    <animation id="mixamorig_F_skirt1-anim" name="mixamorig_F_skirt1">
      <source id="mixamorig_F_skirt1-Matrix-animation-input">
        <float_array id="mixamorig_F_skirt1-Matrix-animation-input-array" count="4">

0.000000 0.033333 0.066667 0.100000</float_array>
        <technique_common>
          <accessor source="#mixamorig_F_skirt1-Matrix-animation-input-array" count="4">
            <param name="TIME" type="float"/>
          </accessor>
        </technique_common>
      </source>
      <source id="mixamorig_F_skirt1-Matrix-animation-output-transform">
        <float_array id="mixamorig_F_skirt1-Matrix-animation-output-transform-array" count="64">

0.000000 1.000000 0.000000 -0.580400 -1.000000 -0.000000 0.000000 -7.794500 -0.000000 -0.000000 1.000000 17.818100 0.000000 0.000000 0.000000 1.000000
0.000000 1.000000 0.000000 -0.580400 -1.000000 0.000000 0.000000 -7.794500 -0.000000 0.000000 1.000000 17.818100 0.000000 0.000000 0.000000 1.000000
0.000000 1.000000 -0.000000 -0.580400 -1.000000 0.000000 0.000000 -7.794500 -0.000000 0.000000 1.000000 17.818100 0.000000 0.000000 0.000000 1.000000
0.000000 1.000000 -0.000000 -0.580400 -1.000000 0.000000 0.000000 -7.794500 -0.000000 -0.000000 1.000000 17.818100 0.000000 0.000000 0.000000 1.000000</float_array>
        <technique_common>
          <accessor source="#mixamorig_F_skirt1-Matrix-animation-output-transform-array" count="4" stride="16">
            <param type="float4x4"/>
          </accessor>
        </technique_common>
      </source>
      <source id="mixamorig_F_skirt1-Interpolations">
        <Name_array id="mixamorig_F_skirt1-Interpolations-array" count="4">
 LINEAR LINEAR LINEAR LINEAR</Name_array>
        <technique_common>
          <accessor source="#mixamorig_F_skirt1-Interpolations-array" count="4">
            <param type="name"/>
          </accessor>
        </technique_common>
      </source>
      <sampler id="mixamorig_F_skirt1-Matrix-animation-transform">
        <input semantic="INPUT" source="#mixamorig_F_skirt1-Matrix-animation-input"/>
        <input semantic="OUTPUT" source="#mixamorig_F_skirt1-Matrix-animation-output-transform"/>
        <input semantic="INTERPOLATION" source="#mixamorig_F_skirt1-Interpolations"/>
      </sampler>
      <channel source="#mixamorig_F_skirt1-Matrix-animation-transform" target="mixamorig_F_skirt1/matrix"/>
    </animation>
    <animation id="mixamorig_F_skirt2-anim" name="mixamorig_F_skirt2">
      <source id="mixamorig_F_skirt2-Matrix-animation-input">
        <float_array id="mixamorig_F_skirt2-Matrix-animation-input-array" count="4">

0.000000 0.033333 0.066667 0.100000</float_array>
        <technique_common>
          <accessor source="#mixamorig_F_skirt2-Matrix-animation-input-array" count="4">
            <param name="TIME" type="float"/>
          </accessor>
        </technique_common>
      </source>
      <source id="mixamorig_F_skirt2-Matrix-animation-output-transform">
        <float_array id="mixamorig_F_skirt2-Matrix-animation-output-transform-array" count="64">

1.000000 0.000000 0.000000 27.000000 0.000000 1.000000 0.000000 0.000000 0.000000 -0.000000 1.000000 0.000000 0.000000 0.000000 0.000000 1.000000
1.000000 0.000000 0.000000 27.000000 0.000000 1.000000 -0.000000 -0.000000 0.000000 0.000000 1.000000 0.000000 0.000000 0.000000 0.000000 1.000000
1.000000 0.000000 0.000000 27.000000 0.000000 1.000000 -0.000000 0.000000 0.000000 -0.000000 1.000000 -0.000000 0.000000 0.000000 0.000000 1.000000
1.000000 0.000000 0.000000 27.000000 0.000000 1.000000 -0.000000 -0.000000 -0.000000 0.000000 1.000000 -0.000000 0.000000 0.000000 0.000000 1.000000</float_array>
        <technique_common>
          <accessor source="#mixamorig_F_skirt2-Matrix-animation-output-transform-array" count="4" stride="16">
            <param type="float4x4"/>
          </accessor>
        </technique_common>
      </source>
      <source id="mixamorig_F_skirt2-Interpolations">
        <Name_array id="mixamorig_F_skirt2-Interpolations-array" count="4">
 LINEAR LINEAR LINEAR LINEAR</Name_array>
        <technique_common>
          <accessor source="#mixamorig_F_skirt2-Interpolations-array" count="4">
            <param type="name"/>
          </accessor>
        </technique_common>
      </source>
      <sampler id="mixamorig_F_skirt2-Matrix-animation-transform">
        <input semantic="INPUT" source="#mixamorig_F_skirt2-Matrix-animation-input"/>
        <input semantic="OUTPUT" source="#mixamorig_F_skirt2-Matrix-animation-output-transform"/>
        <input semantic="INTERPOLATION" source="#mixamorig_F_skirt2-Interpolations"/>
      </sampler>
      <channel source="#mixamorig_F_skirt2-Matrix-animation-transform" target="mixamorig_F_skirt2/matrix"/>
    </animation>
    <animation id="mixamorig_F_skirt3-anim" name="mixamorig_F_skirt3">
      <source id="mixamorig_F_skirt3-Matrix-animation-input">
        <float_array id="mixamorig_F_skirt3-Matrix-animation-input-array" count="4">

0.000000 0.033333 0.066667 0.100000</float_array>
        <technique_common>
          <accessor source="#mixamorig_F_skirt3-Matrix-animation-input-array" count="4">
            <param name="TIME" type="float"/>
          </accessor>
        </technique_common>
      </source>
      <source id="mixamorig_F_skirt3-Matrix-animation-output-transform">
        <float_array id="mixamorig_F_skirt3-Matrix-animation-output-transform-array" count="64">

1.000000 0.000000 0.000000 27.000000 0.000000 1.000000 0.000000 0.000000 0.000000 -0.000000 1.000000 -0.000000 0.000000 0.000000 0.000000 1.000000
1.000000 0.000000 0.000000 27.000000 0.000000 1.000000 0.000000 0.000000 0.000000 0.000000 1.000000 0.000000 0.000000 0.000000 0.000000 1.000000
1.000000 0.000000 -0.000000 27.000000 0.000000 1.000000 0.000000 0.000000 0.000000 -0.000000 1.000000 -0.000000 0.000000 0.000000 0.000000 1.000000
1.000000 -0.000000 -0.000000 27.000000 0.000000 1.000000 -0.000000 0.000000 -0.000000 0.000000 1.000000 -0.000000 0.000000 0.000000 0.000000 1.000000</float_array>
        <technique_common>
          <accessor source="#mixamorig_F_skirt3-Matrix-animation-output-transform-array" count="4" stride="16">
            <param type="float4x4"/>
          </accessor>
        </technique_common>
      </source>
      <source id="mixamorig_F_skirt3-Interpolations">
        <Name_array id="mixamorig_F_skirt3-Interpolations-array" count="4">
 LINEAR LINEAR LINEAR LINEAR</Name_array>
        <technique_common>
          <accessor source="#mixamorig_F_skirt3-Interpolations-array" count="4">
            <param type="name"/>
          </accessor>
        </technique_common>
      </source>
      <sampler id="mixamorig_F_skirt3-Matrix-animation-transform">
        <input semantic="INPUT" source="#mixamorig_F_skirt3-Matrix-animation-input"/>
        <input semantic="OUTPUT" source="#mixamorig_F_skirt3-Matrix-animation-output-transform"/>
        <input semantic="INTERPOLATION" source="#mixamorig_F_skirt3-Interpolations"/>
      </sampler>
      <channel source="#mixamorig_F_skirt3-Matrix-animation-transform" target="mixamorig_F_skirt3/matrix"/>
    </animation>
    <animation id="mixamorig_L_A_skirt1-anim" name="mixamorig_L_A_skirt1">
      <source id="mixamorig_L_A_skirt1-Matrix-animation-input">
        <float_array id="mixamorig_L_A_skirt1-Matrix-animation-input-array" count="4">

0.000000 0.033333 0.066667 0.100000</float_array>
        <technique_common>
          <accessor source="#mixamorig_L_A_skirt1-Matrix-animation-input-array" count="4">
            <param name="TIME" type="float"/>
          </accessor>
        </technique_common>
      </source>
      <source id="mixamorig_L_A_skirt1-Matrix-animation-output-transform">
        <float_array id="mixamorig_L_A_skirt1-Matrix-animation-output-transform-array" count="64">

0.122996 0.897244 0.424058 9.424300 -0.992244 0.103429 0.068955 -5.518500 0.018009 -0.429250 0.903006 15.946100 0.000000 0.000000 0.000000 1.000000
0.122996 0.897244 0.424058 9.424300 -0.992244 0.103429 0.068955 -5.518500 0.018009 -0.429250 0.903006 15.946100 0.000000 0.000000 0.000000 1.000000
0.122996 0.897244 0.424058 9.424300 -0.992244 0.103429 0.068955 -5.518500 0.018009 -0.429250 0.903006 15.946100 0.000000 0.000000 0.000000 1.000000
0.122996 0.897244 0.424058 9.424300 -0.992244 0.103429 0.068955 -5.518500 0.018009 -0.429250 0.903006 15.946100 0.000000 0.000000 0.000000 1.000000</float_array>
        <technique_common>
          <accessor source="#mixamorig_L_A_skirt1-Matrix-animation-output-transform-array" count="4" stride="16">
            <param type="float4x4"/>
          </accessor>
        </technique_common>
      </source>
      <source id="mixamorig_L_A_skirt1-Interpolations">
        <Name_array id="mixamorig_L_A_skirt1-Interpolations-array" count="4">
 LINEAR LINEAR LINEAR LINEAR</Name_array>
        <technique_common>
          <accessor source="#mixamorig_L_A_skirt1-Interpolations-array" count="4">
            <param type="name"/>
          </accessor>
        </technique_common>
      </source>
      <sampler id="mixamorig_L_A_skirt1-Matrix-animation-transform">
        <input semantic="INPUT" source="#mixamorig_L_A_skirt1-Matrix-animation-input"/>
        <input semantic="OUTPUT" source="#mixamorig_L_A_skirt1-Matrix-animation-output-transform"/>
        <input semantic="INTERPOLATION" source="#mixamorig_L_A_skirt1-Interpolations"/>
      </sampler>
      <channel source="#mixamorig_L_A_skirt1-Matrix-animation-transform" target="mixamorig_L_A_skirt1/matrix"/>
    </animation>
    <animation id="mixamorig_L_A_skirt2-anim" name="mixamorig_L_A_skirt2">
      <source id="mixamorig_L_A_skirt2-Matrix-animation-input">
        <float_array id="mixamorig_L_A_skirt2-Matrix-animation-input-array" count="4">

0.000000 0.033333 0.066667 0.100000</float_array>
        <technique_common>
          <accessor source="#mixamorig_L_A_skirt2-Matrix-animation-input-array" count="4">
            <param name="TIME" type="float"/>
          </accessor>
        </technique_common>
      </source>
      <source id="mixamorig_L_A_skirt2-Matrix-animation-output-transform">
        <float_array id="mixamorig_L_A_skirt2-Matrix-animation-output-transform-array" count="64">

1.000000 0.000000 -0.000000 27.000000 0.000000 1.000000 0.000000 -0.000000 0.000000 -0.000000 1.000000 0.000000 0.000000 0.000000 0.000000 1.000000
1.000000 -0.000000 0.000000 27.000000 0.000000 1.000000 -0.000000 0.000000 0.000000 0.000000 1.000000 0.000000 0.000000 0.000000 0.000000 1.000000
1.000000 0.000000 -0.000000 27.000000 -0.000000 1.000000 -0.000000 0.000000 0.000000 0.000000 1.000000 -0.000000 0.000000 0.000000 0.000000 1.000000
1.000000 -0.000000 0.000000 27.000000 0.000000 1.000000 -0.000000 0.000000 -0.000000 0.000000 1.000000 -0.000000 0.000000 0.000000 0.000000 1.000000</float_array>
        <technique_common>
          <accessor source="#mixamorig_L_A_skirt2-Matrix-animation-output-transform-array" count="4" stride="16">
            <param type="float4x4"/>
          </accessor>
        </technique_common>
      </source>
      <source id="mixamorig_L_A_skirt2-Interpolations">
        <Name_array id="mixamorig_L_A_skirt2-Interpolations-array" count="4">
 LINEAR LINEAR LINEAR LINEAR</Name_array>
        <technique_common>
          <accessor source="#mixamorig_L_A_skirt2-Interpolations-array" count="4">
            <param type="name"/>
          </accessor>
        </technique_common>
      </source>
      <sampler id="mixamorig_L_A_skirt2-Matrix-animation-transform">
        <input semantic="INPUT" source="#mixamorig_L_A_skirt2-Matrix-animation-input"/>
        <input semantic="OUTPUT" source="#mixamorig_L_A_skirt2-Matrix-animation-output-transform"/>
        <input semantic="INTERPOLATION" source="#mixamorig_L_A_skirt2-Interpolations"/>
      </sampler>
      <channel source="#mixamorig_L_A_skirt2-Matrix-animation-transform" target="mixamorig_L_A_skirt2/matrix"/>
    </animation>
    <animation id="mixamorig_L_A_skirt3-anim" name="mixamorig_L_A_skirt3">
      <source id="mixamorig_L_A_skirt3-Matrix-animation-input">
        <float_array id="mixamorig_L_A_skirt3-Matrix-animation-input-array" count="4">

0.000000 0.033333 0.066667 0.100000</float_array>
        <technique_common>
          <accessor source="#mixamorig_L_A_skirt3-Matrix-animation-input-array" count="4">
            <param name="TIME" type="float"/>
          </accessor>
        </technique_common>
      </source>
      <source id="mixamorig_L_A_skirt3-Matrix-animation-output-transform">
        <float_array id="mixamorig_L_A_skirt3-Matrix-animation-output-transform-array" count="64">

1.000000 -0.000000 0.000000 27.000000 0.000000 1.000000 0.000000 0.000000 0.000000 -0.000000 1.000000 0.000000 0.000000 0.000000 0.000000 1.000000
1.000000 0.000000 0.000000 27.000000 -0.000000 1.000000 0.000000 -0.000000 -0.000000 0.000000 1.000000 0.000000 0.000000 0.000000 0.000000 1.000000
1.000000 0.000000 -0.000000 27.000000 -0.000000 1.000000 -0.000000 -0.000000 0.000000 0.000000 1.000000 0.000000 0.000000 0.000000 0.000000 1.000000
1.000000 -0.000000 -0.000000 27.000000 0.000000 1.000000 0.000000 -0.000000 -0.000000 0.000000 1.000000 0.000000 0.000000 0.000000 0.000000 1.000000</float_array>
        <technique_common>
          <accessor source="#mixamorig_L_A_skirt3-Matrix-animation-output-transform-array" count="4" stride="16">
            <param type="float4x4"/>
          </accessor>
        </technique_common>
      </source>
      <source id="mixamorig_L_A_skirt3-Interpolations">
        <Name_array id="mixamorig_L_A_skirt3-Interpolations-array" count="4">
 LINEAR LINEAR LINEAR LINEAR</Name_array>
        <technique_common>
          <accessor source="#mixamorig_L_A_skirt3-Interpolations-array" count="4">
            <param type="name"/>
          </accessor>
        </technique_common>
      </source>
      <sampler id="mixamorig_L_A_skirt3-Matrix-animation-transform">
        <input semantic="INPUT" source="#mixamorig_L_A_skirt3-Matrix-animation-input"/>
        <input semantic="OUTPUT" source="#mixamorig_L_A_skirt3-Matrix-animation-output-transform"/>
        <input semantic="INTERPOLATION" source="#mixamorig_L_A_skirt3-Interpolations"/>
      </sampler>
      <channel source="#mixamorig_L_A_skirt3-Matrix-animation-transform" target="mixamorig_L_A_skirt3/matrix"/>
    </animation>
    <animation id="mixamorig_L_B_skirt1-anim" name="mixamorig_L_B_skirt1">
      <source id="mixamorig_L_B_skirt1-Matrix-animation-input">
        <float_array id="mixamorig_L_B_skirt1-Matrix-animation-input-array" count="4">

0.000000 0.033333 0.066667 0.100000</float_array>
        <technique_common>
          <accessor source="#mixamorig_L_B_skirt1-Matrix-animation-input-array" count="4">
            <param name="TIME" type="float"/>
          </accessor>
        </technique_common>
      </source>
      <source id="mixamorig_L_B_skirt1-Matrix-animation-output-transform">
        <float_array id="mixamorig_L_B_skirt1-Matrix-animation-output-transform-array" count="64">

0.111759 0.000000 0.993735 18.448999 -0.993735 -0.000000 0.111759 -4.216000 0.000000 -1.000000 0.000000 -0.295100 0.000000 0.000000 0.000000 1.000000
0.111759 0.000000 0.993735 18.448999 -0.993735 0.000000 0.111759 -4.216000 -0.000000 -1.000000 0.000000 -0.295100 0.000000 0.000000 0.000000 1.000000
0.111759 0.000000 0.993735 18.448999 -0.993735 -0.000000 0.111759 -4.216000 0.000000 -1.000000 0.000000 -0.295100 0.000000 0.000000 0.000000 1.000000
0.111759 0.000000 0.993735 18.448999 -0.993735 0.000000 0.111759 -4.216000 0.000000 -1.000000 0.000000 -0.295100 0.000000 0.000000 0.000000 1.000000</float_array>
        <technique_common>
          <accessor source="#mixamorig_L_B_skirt1-Matrix-animation-output-transform-array" count="4" stride="16">
            <param type="float4x4"/>
          </accessor>
        </technique_common>
      </source>
      <source id="mixamorig_L_B_skirt1-Interpolations">
        <Name_array id="mixamorig_L_B_skirt1-Interpolations-array" count="4">
 LINEAR LINEAR LINEAR LINEAR</Name_array>
        <technique_common>
          <accessor source="#mixamorig_L_B_skirt1-Interpolations-array" count="4">
            <param type="name"/>
          </accessor>
        </technique_common>
      </source>
      <sampler id="mixamorig_L_B_skirt1-Matrix-animation-transform">
        <input semantic="INPUT" source="#mixamorig_L_B_skirt1-Matrix-animation-input"/>
        <input semantic="OUTPUT" source="#mixamorig_L_B_skirt1-Matrix-animation-output-transform"/>
        <input semantic="INTERPOLATION" source="#mixamorig_L_B_skirt1-Interpolations"/>
      </sampler>
      <channel source="#mixamorig_L_B_skirt1-Matrix-animation-transform" target="mixamorig_L_B_skirt1/matrix"/>
    </animation>
    <animation id="mixamorig_L_B_skirt2-anim" name="mixamorig_L_B_skirt2">
      <source id="mixamorig_L_B_skirt2-Matrix-animation-input">
        <float_array id="mixamorig_L_B_skirt2-Matrix-animation-input-array" count="4">

0.000000 0.033333 0.066667 0.100000</float_array>
        <technique_common>
          <accessor source="#mixamorig_L_B_skirt2-Matrix-animation-input-array" count="4">
            <param name="TIME" type="float"/>
          </accessor>
        </technique_common>
      </source>
      <source id="mixamorig_L_B_skirt2-Matrix-animation-output-transform">
        <float_array id="mixamorig_L_B_skirt2-Matrix-animation-output-transform-array" count="64">

1.000000 0.000000 0.000000 27.000000 0.000000 1.000000 -0.000000 0.000000 -0.000000 0.000000 1.000000 0.000000 0.000000 0.000000 0.000000 1.000000
1.000000 0.000000 -0.000000 27.000000 0.000000 1.000000 0.000000 0.000000 -0.000000 -0.000000 1.000000 0.000000 0.000000 0.000000 0.000000 1.000000
1.000000 0.000000 0.000000 27.000000 0.000000 1.000000 0.000000 0.000000 -0.000000 0.000000 1.000000 -0.000000 0.000000 0.000000 0.000000 1.000000
1.000000 0.000000 -0.000000 27.000000 0.000000 1.000000 0.000000 0.000000 0.000000 0.000000 1.000000 0.000000 0.000000 0.000000 0.000000 1.000000</float_array>
        <technique_common>
          <accessor source="#mixamorig_L_B_skirt2-Matrix-animation-output-transform-array" count="4" stride="16">
            <param type="float4x4"/>
          </accessor>
        </technique_common>
      </source>
      <source id="mixamorig_L_B_skirt2-Interpolations">
        <Name_array id="mixamorig_L_B_skirt2-Interpolations-array" count="4">
 LINEAR LINEAR LINEAR LINEAR</Name_array>
        <technique_common>
          <accessor source="#mixamorig_L_B_skirt2-Interpolations-array" count="4">
            <param type="name"/>
          </accessor>
        </technique_common>
      </source>
      <sampler id="mixamorig_L_B_skirt2-Matrix-animation-transform">
        <input semantic="INPUT" source="#mixamorig_L_B_skirt2-Matrix-animation-input"/>
        <input semantic="OUTPUT" source="#mixamorig_L_B_skirt2-Matrix-animation-output-transform"/>
        <input semantic="INTERPOLATION" source="#mixamorig_L_B_skirt2-Interpolations"/>
      </sampler>
      <channel source="#mixamorig_L_B_skirt2-Matrix-animation-transform" target="mixamorig_L_B_skirt2/matrix"/>
    </animation>
    <animation id="mixamorig_L_B_skirt3-anim" name="mixamorig_L_B_skirt3">
      <source id="mixamorig_L_B_skirt3-Matrix-animation-input">
        <float_array id="mixamorig_L_B_skirt3-Matrix-animation-input-array" count="4">

0.000000 0.033333 0.066667 0.100000</float_array>
        <technique_common>
          <accessor source="#mixamorig_L_B_skirt3-Matrix-animation-input-array" count="4">
            <param name="TIME" type="float"/>
          </accessor>
        </technique_common>
      </source>
      <source id="mixamorig_L_B_skirt3-Matrix-animation-output-transform">
        <float_array id="mixamorig_L_B_skirt3-Matrix-animation-output-transform-array" count="64">

1.000000 0.000000 -0.000000 27.000000 -0.000000 1.000000 -0.000000 0.000000 0.000000 0.000000 1.000000 -0.000000 0.000000 0.000000 0.000000 1.000000
1.000000 0.000000 0.000000 27.000000 0.000000 1.000000 0.000000 -0.000000 -0.000000 0.000000 1.000000 -0.000000 0.000000 0.000000 0.000000 1.000000
1.000000 -0.000000 0.000000 27.000000 -0.000000 1.000000 0.000000 0.000000 0.000000 0.000000 1.000000 0.000000 0.000000 0.000000 0.000000 1.000000
1.000000 0.000000 0.000000 27.000000 0.000000 1.000000 0.000000 -0.000000 -0.000000 -0.000000 1.000000 0.000000 0.000000 0.000000 0.000000 1.000000</float_array>
        <technique_common>
          <accessor source="#mixamorig_L_B_skirt3-Matrix-animation-output-transform-array" count="4" stride="16">
            <param type="float4x4"/>
          </accessor>
        </technique_common>
      </source>
      <source id="mixamorig_L_B_skirt3-Interpolations">
        <Name_array id="mixamorig_L_B_skirt3-Interpolations-array" count="4">
 LINEAR LINEAR LINEAR LINEAR</Name_array>
        <technique_common>
          <accessor source="#mixamorig_L_B_skirt3-Interpolations-array" count="4">
            <param type="name"/>
          </accessor>
        </technique_common>
      </source>
      <sampler id="mixamorig_L_B_skirt3-Matrix-animation-transform">
        <input semantic="INPUT" source="#mixamorig_L_B_skirt3-Matrix-animation-input"/>
        <input semantic="OUTPUT" source="#mixamorig_L_B_skirt3-Matrix-animation-output-transform"/>
        <input semantic="INTERPOLATION" source="#mixamorig_L_B_skirt3-Interpolations"/>
      </sampler>
      <channel source="#mixamorig_L_B_skirt3-Matrix-animation-transform" target="mixamorig_L_B_skirt3/matrix"/>
    </animation>
    <animation id="mixamorig_L_C_skirt1-anim" name="mixamorig_L_C_skirt1">
      <source id="mixamorig_L_C_skirt1-Matrix-animation-input">
        <float_array id="mixamorig_L_C_skirt1-Matrix-animation-input-array" count="4">

0.000000 0.033333 0.066667 0.100000</float_array>
        <technique_common>
          <accessor source="#mixamorig_L_C_skirt1-Matrix-animation-input-array" count="4">
            <param name="TIME" type="float"/>
          </accessor>
        </technique_common>
      </source>
      <source id="mixamorig_L_C_skirt1-Matrix-animation-output-transform">
        <float_array id="mixamorig_L_C_skirt1-Matrix-animation-output-transform-array" count="64">

0.023939 -0.971540 0.235663 7.049900 -0.998221 -0.010354 0.058718 -6.149500 -0.054607 -0.236649 -0.970059 -15.762800 0.000000 0.000000 0.000000 1.000000
0.023939 -0.971540 0.235663 7.049900 -0.998221 -0.010354 0.058718 -6.149500 -0.054607 -0.236649 -0.970059 -15.762800 0.000000 0.000000 0.000000 1.000000
0.023939 -0.971540 0.235663 7.049900 -0.998221 -0.010354 0.058718 -6.149500 -0.054607 -0.236649 -0.970059 -15.762800 0.000000 0.000000 0.000000 1.000000
0.023939 -0.971540 0.235663 7.049900 -0.998221 -0.010354 0.058718 -6.149500 -0.054607 -0.236649 -0.970059 -15.762800 0.000000 0.000000 0.000000 1.000000</float_array>
        <technique_common>
          <accessor source="#mixamorig_L_C_skirt1-Matrix-animation-output-transform-array" count="4" stride="16">
            <param type="float4x4"/>
          </accessor>
        </technique_common>
      </source>
      <source id="mixamorig_L_C_skirt1-Interpolations">
        <Name_array id="mixamorig_L_C_skirt1-Interpolations-array" count="4">
 LINEAR LINEAR LINEAR LINEAR</Name_array>
        <technique_common>
          <accessor source="#mixamorig_L_C_skirt1-Interpolations-array" count="4">
            <param type="name"/>
          </accessor>
        </technique_common>
      </source>
      <sampler id="mixamorig_L_C_skirt1-Matrix-animation-transform">
        <input semantic="INPUT" source="#mixamorig_L_C_skirt1-Matrix-animation-input"/>
        <input semantic="OUTPUT" source="#mixamorig_L_C_skirt1-Matrix-animation-output-transform"/>
        <input semantic="INTERPOLATION" source="#mixamorig_L_C_skirt1-Interpolations"/>
      </sampler>
      <channel source="#mixamorig_L_C_skirt1-Matrix-animation-transform" target="mixamorig_L_C_skirt1/matrix"/>
    </animation>
    <animation id="mixamorig_L_C_skirt2-anim" name="mixamorig_L_C_skirt2">
      <source id="mixamorig_L_C_skirt2-Matrix-animation-input">
        <float_array id="mixamorig_L_C_skirt2-Matrix-animation-input-array" count="4">

0.000000 0.033333 0.066667 0.100000</float_array>
        <technique_common>
          <accessor source="#mixamorig_L_C_skirt2-Matrix-animation-input-array" count="4">
            <param name="TIME" type="float"/>
          </accessor>
        </technique_common>
      </source>
      <source id="mixamorig_L_C_skirt2-Matrix-animation-output-transform">
        <float_array id="mixamorig_L_C_skirt2-Matrix-animation-output-transform-array" count="64">

1.000000 0.000000 0.000000 28.000000 0.000000 1.000000 -0.000000 0.000000 0.000000 -0.000000 1.000000 0.000000 0.000000 0.000000 0.000000 1.000000
1.000000 0.000000 -0.000000 28.000000 -0.000000 1.000000 0.000000 -0.000000 -0.000000 0.000000 1.000000 0.000000 0.000000 0.000000 0.000000 1.000000
1.000000 -0.000000 -0.000000 28.000000 -0.000000 1.000000 -0.000000 0.000000 -0.000000 0.000000 1.000000 -0.000000 0.000000 0.000000 0.000000 1.000000
1.000000 -0.000000 0.000000 28.000000 0.000000 1.000000 0.000000 0.000000 -0.000000 0.000000 1.000000 0.000000 0.000000 0.000000 0.000000 1.000000</float_array>
        <technique_common>
          <accessor source="#mixamorig_L_C_skirt2-Matrix-animation-output-transform-array" count="4" stride="16">
            <param type="float4x4"/>
          </accessor>
        </technique_common>
      </source>
      <source id="mixamorig_L_C_skirt2-Interpolations">
        <Name_array id="mixamorig_L_C_skirt2-Interpolations-array" count="4">
 LINEAR LINEAR LINEAR LINEAR</Name_array>
        <technique_common>
          <accessor source="#mixamorig_L_C_skirt2-Interpolations-array" count="4">
            <param type="name"/>
          </accessor>
        </technique_common>
      </source>
      <sampler id="mixamorig_L_C_skirt2-Matrix-animation-transform">
        <input semantic="INPUT" source="#mixamorig_L_C_skirt2-Matrix-animation-input"/>
        <input semantic="OUTPUT" source="#mixamorig_L_C_skirt2-Matrix-animation-output-transform"/>
        <input semantic="INTERPOLATION" source="#mixamorig_L_C_skirt2-Interpolations"/>
      </sampler>
      <channel source="#mixamorig_L_C_skirt2-Matrix-animation-transform" target="mixamorig_L_C_skirt2/matrix"/>
    </animation>
    <animation id="mixamorig_L_C_skirt3-anim" name="mixamorig_L_C_skirt3">
      <source id="mixamorig_L_C_skirt3-Matrix-animation-input">
        <float_array id="mixamorig_L_C_skirt3-Matrix-animation-input-array" count="4">

0.000000 0.033333 0.066667 0.100000</float_array>
        <technique_common>
          <accessor source="#mixamorig_L_C_skirt3-Matrix-animation-input-array" count="4">
            <param name="TIME" type="float"/>
          </accessor>
        </technique_common>
      </source>
      <source id="mixamorig_L_C_skirt3-Matrix-animation-output-transform">
        <float_array id="mixamorig_L_C_skirt3-Matrix-animation-output-transform-array" count="64">

1.000000 0.000000 0.000000 28.000000 0.000000 1.000000 0.000000 -0.000000 -0.000000 -0.000000 1.000000 0.000000 0.000000 0.000000 0.000000 1.000000
1.000000 0.000000 -0.000000 28.000000 0.000000 1.000000 0.000000 0.000000 -0.000000 0.000000 1.000000 0.000000 0.000000 0.000000 0.000000 1.000000
1.000000 -0.000000 -0.000000 28.000000 -0.000000 1.000000 -0.000000 0.000000 -0.000000 -0.000000 1.000000 -0.000000 0.000000 0.000000 0.000000 1.000000
1.000000 -0.000000 -0.000000 28.000000 0.000000 1.000000 0.000000 0.000000 -0.000000 0.000000 1.000000 0.000000 0.000000 0.000000 0.000000 1.000000</float_array>
        <technique_common>
          <accessor source="#mixamorig_L_C_skirt3-Matrix-animation-output-transform-array" count="4" stride="16">
            <param type="float4x4"/>
          </accessor>
        </technique_common>
      </source>
      <source id="mixamorig_L_C_skirt3-Interpolations">
        <Name_array id="mixamorig_L_C_skirt3-Interpolations-array" count="4">
 LINEAR LINEAR LINEAR LINEAR</Name_array>
        <technique_common>
          <accessor source="#mixamorig_L_C_skirt3-Interpolations-array" count="4">
            <param type="name"/>
          </accessor>
        </technique_common>
      </source>
      <sampler id="mixamorig_L_C_skirt3-Matrix-animation-transform">
        <input semantic="INPUT" source="#mixamorig_L_C_skirt3-Matrix-animation-input"/>
        <input semantic="OUTPUT" source="#mixamorig_L_C_skirt3-Matrix-animation-output-transform"/>
        <input semantic="INTERPOLATION" source="#mixamorig_L_C_skirt3-Interpolations"/>
      </sampler>
      <channel source="#mixamorig_L_C_skirt3-Matrix-animation-transform" target="mixamorig_L_C_skirt3/matrix"/>
    </animation>
    <animation id="mixamorig_R_A_skirt1-anim" name="mixamorig_R_A_skirt1">
      <source id="mixamorig_R_A_skirt1-Matrix-animation-input">
        <float_array id="mixamorig_R_A_skirt1-Matrix-animation-input-array" count="4">

0.000000 0.033333 0.066667 0.100000</float_array>
        <technique_common>
          <accessor source="#mixamorig_R_A_skirt1-Matrix-animation-input-array" count="4">
            <param name="TIME" type="float"/>
          </accessor>
        </technique_common>
      </source>
      <source id="mixamorig_R_A_skirt1-Matrix-animation-output-transform">
        <float_array id="mixamorig_R_A_skirt1-Matrix-animation-output-transform-array" count="64">

-0.122996 0.897244 -0.424058 -9.424300 -0.992244 -0.103429 0.068955 -5.518900 0.018009 0.429250 0.903006 15.946100 0.000000 0.000000 0.000000 1.000000
-0.122996 0.897244 -0.424058 -9.424300 -0.992244 -0.103429 0.068955 -5.518900 0.018009 0.429250 0.903006 15.946100 0.000000 0.000000 0.000000 1.000000
-0.122996 0.897244 -0.424058 -9.424300 -0.992244 -0.103429 0.068955 -5.518900 0.018009 0.429250 0.903006 15.946100 0.000000 0.000000 0.000000 1.000000
-0.122996 0.897244 -0.424058 -9.424300 -0.992244 -0.103429 0.068955 -5.518900 0.018009 0.429250 0.903006 15.946100 0.000000 0.000000 0.000000 1.000000</float_array>
        <technique_common>
          <accessor source="#mixamorig_R_A_skirt1-Matrix-animation-output-transform-array" count="4" stride="16">
            <param type="float4x4"/>
          </accessor>
        </technique_common>
      </source>
      <source id="mixamorig_R_A_skirt1-Interpolations">
        <Name_array id="mixamorig_R_A_skirt1-Interpolations-array" count="4">
 LINEAR LINEAR LINEAR LINEAR</Name_array>
        <technique_common>
          <accessor source="#mixamorig_R_A_skirt1-Interpolations-array" count="4">
            <param type="name"/>
          </accessor>
        </technique_common>
      </source>
      <sampler id="mixamorig_R_A_skirt1-Matrix-animation-transform">
        <input semantic="INPUT" source="#mixamorig_R_A_skirt1-Matrix-animation-input"/>
        <input semantic="OUTPUT" source="#mixamorig_R_A_skirt1-Matrix-animation-output-transform"/>
        <input semantic="INTERPOLATION" source="#mixamorig_R_A_skirt1-Interpolations"/>
      </sampler>
      <channel source="#mixamorig_R_A_skirt1-Matrix-animation-transform" target="mixamorig_R_A_skirt1/matrix"/>
    </animation>
    <animation id="mixamorig_R_A_skirt2-anim" name="mixamorig_R_A_skirt2">
      <source id="mixamorig_R_A_skirt2-Matrix-animation-input">
        <float_array id="mixamorig_R_A_skirt2-Matrix-animation-input-array" count="4">

0.000000 0.033333 0.066667 0.100000</float_array>
        <technique_common>
          <accessor source="#mixamorig_R_A_skirt2-Matrix-animation-input-array" count="4">
            <param name="TIME" type="float"/>
          </accessor>
        </technique_common>
      </source>
      <source id="mixamorig_R_A_skirt2-Matrix-animation-output-transform">
        <float_array id="mixamorig_R_A_skirt2-Matrix-animation-output-transform-array" count="64">

1.000000 0.000000 -0.000000 26.999599 0.000000 1.000000 0.000000 -0.000000 -0.000000 -0.000000 1.000000 0.000100 0.000000 0.000000 0.000000 1.000000
1.000000 0.000000 0.000000 26.999599 0.000000 1.000000 -0.000000 -0.000000 -0.000000 0.000000 1.000000 0.000100 0.000000 0.000000 0.000000 1.000000
1.000000 -0.000000 -0.000000 26.999599 0.000000 1.000000 -0.000000 0.000000 0.000000 0.000000 1.000000 0.000100 0.000000 0.000000 0.000000 1.000000
1.000000 -0.000000 -0.000000 26.999599 0.000000 1.000000 -0.000000 0.000000 0.000000 -0.000000 1.000000 0.000100 0.000000 0.000000 0.000000 1.000000</float_array>
        <technique_common>
          <accessor source="#mixamorig_R_A_skirt2-Matrix-animation-output-transform-array" count="4" stride="16">
            <param type="float4x4"/>
          </accessor>
        </technique_common>
      </source>
      <source id="mixamorig_R_A_skirt2-Interpolations">
        <Name_array id="mixamorig_R_A_skirt2-Interpolations-array" count="4">
 LINEAR LINEAR LINEAR LINEAR</Name_array>
        <technique_common>
          <accessor source="#mixamorig_R_A_skirt2-Interpolations-array" count="4">
            <param type="name"/>
          </accessor>
        </technique_common>
      </source>
      <sampler id="mixamorig_R_A_skirt2-Matrix-animation-transform">
        <input semantic="INPUT" source="#mixamorig_R_A_skirt2-Matrix-animation-input"/>
        <input semantic="OUTPUT" source="#mixamorig_R_A_skirt2-Matrix-animation-output-transform"/>
        <input semantic="INTERPOLATION" source="#mixamorig_R_A_skirt2-Interpolations"/>
      </sampler>
      <channel source="#mixamorig_R_A_skirt2-Matrix-animation-transform" target="mixamorig_R_A_skirt2/matrix"/>
    </animation>
    <animation id="mixamorig_R_A_skirt3-anim" name="mixamorig_R_A_skirt3">
      <source id="mixamorig_R_A_skirt3-Matrix-animation-input">
        <float_array id="mixamorig_R_A_skirt3-Matrix-animation-input-array" count="4">

0.000000 0.033333 0.066667 0.100000</float_array>
        <technique_common>
          <accessor source="#mixamorig_R_A_skirt3-Matrix-animation-input-array" count="4">
            <param name="TIME" type="float"/>
          </accessor>
        </technique_common>
      </source>
      <source id="mixamorig_R_A_skirt3-Matrix-animation-output-transform">
        <float_array id="mixamorig_R_A_skirt3-Matrix-animation-output-transform-array" count="64">

1.000000 0.000000 -0.000000 27.000000 0.000000 1.000000 0.000000 0.000000 0.000000 0.000000 1.000000 0.000000 0.000000 0.000000 0.000000 1.000000
1.000000 0.000000 0.000000 27.000000 0.000000 1.000000 0.000000 0.000000 -0.000000 0.000000 1.000000 0.000000 0.000000 0.000000 0.000000 1.000000
1.000000 0.000000 -0.000000 27.000000 0.000000 1.000000 0.000000 -0.000000 -0.000000 -0.000000 1.000000 0.000000 0.000000 0.000000 0.000000 1.000000
1.000000 -0.000000 -0.000000 27.000000 0.000000 1.000000 -0.000000 0.000000 -0.000000 0.000000 1.000000 -0.000000 0.000000 0.000000 0.000000 1.000000</float_array>
        <technique_common>
          <accessor source="#mixamorig_R_A_skirt3-Matrix-animation-output-transform-array" count="4" stride="16">
            <param type="float4x4"/>
          </accessor>
        </technique_common>
      </source>
      <source id="mixamorig_R_A_skirt3-Interpolations">
        <Name_array id="mixamorig_R_A_skirt3-Interpolations-array" count="4">
 LINEAR LINEAR LINEAR LINEAR</Name_array>
        <technique_common>
          <accessor source="#mixamorig_R_A_skirt3-Interpolations-array" count="4">
            <param type="name"/>
          </accessor>
        </technique_common>
      </source>
      <sampler id="mixamorig_R_A_skirt3-Matrix-animation-transform">
        <input semantic="INPUT" source="#mixamorig_R_A_skirt3-Matrix-animation-input"/>
        <input semantic="OUTPUT" source="#mixamorig_R_A_skirt3-Matrix-animation-output-transform"/>
        <input semantic="INTERPOLATION" source="#mixamorig_R_A_skirt3-Interpolations"/>
      </sampler>
      <channel source="#mixamorig_R_A_skirt3-Matrix-animation-transform" target="mixamorig_R_A_skirt3/matrix"/>
    </animation>
    <animation id="mixamorig_R_B_skirt1-anim" name="mixamorig_R_B_skirt1">
      <source id="mixamorig_R_B_skirt1-Matrix-animation-input">
        <float_array id="mixamorig_R_B_skirt1-Matrix-animation-input-array" count="4">

0.000000 0.033333 0.066667 0.100000</float_array>
        <technique_common>
          <accessor source="#mixamorig_R_B_skirt1-Matrix-animation-input-array" count="4">
            <param name="TIME" type="float"/>
          </accessor>
        </technique_common>
      </source>
      <source id="mixamorig_R_B_skirt1-Matrix-animation-output-transform">
        <float_array id="mixamorig_R_B_skirt1-Matrix-animation-output-transform-array" count="64">

-0.111759 0.000000 -0.993735 -18.448900 -0.993735 -0.000000 0.111759 -4.216300 -0.000000 1.000000 0.000000 -0.295100 0.000000 0.000000 0.000000 1.000000
-0.111759 0.000000 -0.993735 -18.448900 -0.993735 0.000000 0.111759 -4.216300 0.000000 1.000000 0.000000 -0.295100 0.000000 0.000000 0.000000 1.000000
-0.111759 0.000000 -0.993735 -18.448900 -0.993735 0.000000 0.111759 -4.216300 -0.000000 1.000000 0.000000 -0.295100 0.000000 0.000000 0.000000 1.000000
-0.111759 0.000000 -0.993735 -18.448900 -0.993735 0.000000 0.111759 -4.216300 -0.000000 1.000000 0.000000 -0.295100 0.000000 0.000000 0.000000 1.000000</float_array>
        <technique_common>
          <accessor source="#mixamorig_R_B_skirt1-Matrix-animation-output-transform-array" count="4" stride="16">
            <param type="float4x4"/>
          </accessor>
        </technique_common>
      </source>
      <source id="mixamorig_R_B_skirt1-Interpolations">
        <Name_array id="mixamorig_R_B_skirt1-Interpolations-array" count="4">
 LINEAR LINEAR LINEAR LINEAR</Name_array>
        <technique_common>
          <accessor source="#mixamorig_R_B_skirt1-Interpolations-array" count="4">
            <param type="name"/>
          </accessor>
        </technique_common>
      </source>
      <sampler id="mixamorig_R_B_skirt1-Matrix-animation-transform">
        <input semantic="INPUT" source="#mixamorig_R_B_skirt1-Matrix-animation-input"/>
        <input semantic="OUTPUT" source="#mixamorig_R_B_skirt1-Matrix-animation-output-transform"/>
        <input semantic="INTERPOLATION" source="#mixamorig_R_B_skirt1-Interpolations"/>
      </sampler>
      <channel source="#mixamorig_R_B_skirt1-Matrix-animation-transform" target="mixamorig_R_B_skirt1/matrix"/>
    </animation>
    <animation id="mixamorig_R_B_skirt2-anim" name="mixamorig_R_B_skirt2">
      <source id="mixamorig_R_B_skirt2-Matrix-animation-input">
        <float_array id="mixamorig_R_B_skirt2-Matrix-animation-input-array" count="4">

0.000000 0.033333 0.066667 0.100000</float_array>
        <technique_common>
          <accessor source="#mixamorig_R_B_skirt2-Matrix-animation-input-array" count="4">
            <param name="TIME" type="float"/>
          </accessor>
        </technique_common>
      </source>
      <source id="mixamorig_R_B_skirt2-Matrix-animation-output-transform">
        <float_array id="mixamorig_R_B_skirt2-Matrix-animation-output-transform-array" count="64">

1.000000 0.000000 0.000000 26.999701 -0.000000 1.000000 0.000000 0.000000 0.000000 -0.000000 1.000000 0.000100 0.000000 0.000000 0.000000 1.000000
1.000000 0.000000 -0.000000 26.999701 0.000000 1.000000 0.000000 0.000000 0.000000 0.000000 1.000000 0.000100 0.000000 0.000000 0.000000 1.000000
1.000000 0.000000 0.000000 26.999701 0.000000 1.000000 0.000000 0.000000 0.000000 -0.000000 1.000000 0.000100 0.000000 0.000000 0.000000 1.000000
1.000000 -0.000000 -0.000000 26.999701 0.000000 1.000000 0.000000 0.000000 -0.000000 0.000000 1.000000 0.000100 0.000000 0.000000 0.000000 1.000000</float_array>
        <technique_common>
          <accessor source="#mixamorig_R_B_skirt2-Matrix-animation-output-transform-array" count="4" stride="16">
            <param type="float4x4"/>
          </accessor>
        </technique_common>
      </source>
      <source id="mixamorig_R_B_skirt2-Interpolations">
        <Name_array id="mixamorig_R_B_skirt2-Interpolations-array" count="4">
 LINEAR LINEAR LINEAR LINEAR</Name_array>
        <technique_common>
          <accessor source="#mixamorig_R_B_skirt2-Interpolations-array" count="4">
            <param type="name"/>
          </accessor>
        </technique_common>
      </source>
      <sampler id="mixamorig_R_B_skirt2-Matrix-animation-transform">
        <input semantic="INPUT" source="#mixamorig_R_B_skirt2-Matrix-animation-input"/>
        <input semantic="OUTPUT" source="#mixamorig_R_B_skirt2-Matrix-animation-output-transform"/>
        <input semantic="INTERPOLATION" source="#mixamorig_R_B_skirt2-Interpolations"/>
      </sampler>
      <channel source="#mixamorig_R_B_skirt2-Matrix-animation-transform" target="mixamorig_R_B_skirt2/matrix"/>
    </animation>
    <animation id="mixamorig_R_B_skirt3-anim" name="mixamorig_R_B_skirt3">
      <source id="mixamorig_R_B_skirt3-Matrix-animation-input">
        <float_array id="mixamorig_R_B_skirt3-Matrix-animation-input-array" count="4">

0.000000 0.033333 0.066667 0.100000</float_array>
        <technique_common>
          <accessor source="#mixamorig_R_B_skirt3-Matrix-animation-input-array" count="4">
            <param name="TIME" type="float"/>
          </accessor>
        </technique_common>
      </source>
      <source id="mixamorig_R_B_skirt3-Matrix-animation-output-transform">
        <float_array id="mixamorig_R_B_skirt3-Matrix-animation-output-transform-array" count="64">

1.000000 0.000000 0.000000 26.999901 -0.000000 1.000000 -0.000000 0.000000 0.000000 -0.000000 1.000000 -0.000000 0.000000 0.000000 0.000000 1.000000
1.000000 0.000000 0.000000 26.999901 0.000000 1.000000 -0.000000 0.000000 -0.000000 0.000000 1.000000 0.000000 0.000000 0.000000 0.000000 1.000000
1.000000 0.000000 0.000000 26.999901 0.000000 1.000000 0.000000 0.000000 -0.000000 0.000000 1.000000 0.000000 0.000000 0.000000 0.000000 1.000000
1.000000 -0.000000 -0.000000 26.999901 -0.000000 1.000000 -0.000000 0.000000 0.000000 -0.000000 1.000000 0.000000 0.000000 0.000000 0.000000 1.000000</float_array>
        <technique_common>
          <accessor source="#mixamorig_R_B_skirt3-Matrix-animation-output-transform-array" count="4" stride="16">
            <param type="float4x4"/>
          </accessor>
        </technique_common>
      </source>
      <source id="mixamorig_R_B_skirt3-Interpolations">
        <Name_array id="mixamorig_R_B_skirt3-Interpolations-array" count="4">
 LINEAR LINEAR LINEAR LINEAR</Name_array>
        <technique_common>
          <accessor source="#mixamorig_R_B_skirt3-Interpolations-array" count="4">
            <param type="name"/>
          </accessor>
        </technique_common>
      </source>
      <sampler id="mixamorig_R_B_skirt3-Matrix-animation-transform">
        <input semantic="INPUT" source="#mixamorig_R_B_skirt3-Matrix-animation-input"/>
        <input semantic="OUTPUT" source="#mixamorig_R_B_skirt3-Matrix-animation-output-transform"/>
        <input semantic="INTERPOLATION" source="#mixamorig_R_B_skirt3-Interpolations"/>
      </sampler>
      <channel source="#mixamorig_R_B_skirt3-Matrix-animation-transform" target="mixamorig_R_B_skirt3/matrix"/>
    </animation>
    <animation id="mixamorig_R_bag1-anim" name="mixamorig_R_bag1">
      <source id="mixamorig_R_bag1-Matrix-animation-input">
        <float_array id="mixamorig_R_bag1-Matrix-animation-input-array" count="4">

0.000000 0.033333 0.066667 0.100000</float_array>
        <technique_common>
          <accessor source="#mixamorig_R_bag1-Matrix-animation-input-array" count="4">
            <param name="TIME" type="float"/>
          </accessor>
        </technique_common>
      </source>
      <source id="mixamorig_R_bag1-Matrix-animation-output-transform">
        <float_array id="mixamorig_R_bag1-Matrix-animation-output-transform-array" count="64">

0.973707 -0.116729 -0.195624 6.766800 -0.197277 -0.002660 -0.980344 2.209500 0.113914 0.993160 -0.025618 5.400800 0.000000 0.000000 0.000000 1.000000
0.973707 -0.116729 -0.195624 6.766800 -0.197277 -0.002660 -0.980344 2.209500 0.113914 0.993160 -0.025618 5.400800 0.000000 0.000000 0.000000 1.000000
0.973707 -0.116729 -0.195624 6.766800 -0.197277 -0.002660 -0.980344 2.209500 0.113914 0.993160 -0.025618 5.400800 0.000000 0.000000 0.000000 1.000000
0.973707 -0.116729 -0.195624 6.766800 -0.197277 -0.002660 -0.980344 2.209500 0.113914 0.993160 -0.025618 5.400800 0.000000 0.000000 0.000000 1.000000</float_array>
        <technique_common>
          <accessor source="#mixamorig_R_bag1-Matrix-animation-output-transform-array" count="4" stride="16">
            <param type="float4x4"/>
          </accessor>
        </technique_common>
      </source>
      <source id="mixamorig_R_bag1-Interpolations">
        <Name_array id="mixamorig_R_bag1-Interpolations-array" count="4">
 LINEAR LINEAR LINEAR LINEAR</Name_array>
        <technique_common>
          <accessor source="#mixamorig_R_bag1-Interpolations-array" count="4">
            <param type="name"/>
          </accessor>
        </technique_common>
      </source>
      <sampler id="mixamorig_R_bag1-Matrix-animation-transform">
        <input semantic="INPUT" source="#mixamorig_R_bag1-Matrix-animation-input"/>
        <input semantic="OUTPUT" source="#mixamorig_R_bag1-Matrix-animation-output-transform"/>
        <input semantic="INTERPOLATION" source="#mixamorig_R_bag1-Interpolations"/>
      </sampler>
      <channel source="#mixamorig_R_bag1-Matrix-animation-transform" target="mixamorig_R_bag1/matrix"/>
    </animation>
    <animation id="mixamorig_R_C_skirt1-anim" name="mixamorig_R_C_skirt1">
      <source id="mixamorig_R_C_skirt1-Matrix-animation-input">
        <float_array id="mixamorig_R_C_skirt1-Matrix-animation-input-array" count="4">

0.000000 0.033333 0.066667 0.100000</float_array>
        <technique_common>
          <accessor source="#mixamorig_R_C_skirt1-Matrix-animation-input-array" count="4">
            <param name="TIME" type="float"/>
          </accessor>
        </technique_common>
      </source>
      <source id="mixamorig_R_C_skirt1-Matrix-animation-output-transform">
        <float_array id="mixamorig_R_C_skirt1-Matrix-animation-output-transform-array" count="64">

-0.023939 -0.971540 -0.235663 -7.049900 -0.998221 0.010354 0.058718 -6.149900 -0.054607 0.236649 -0.970059 -15.762700 0.000000 0.000000 0.000000 1.000000
-0.023939 -0.971540 -0.235663 -7.049900 -0.998221 0.010354 0.058718 -6.149900 -0.054607 0.236649 -0.970059 -15.762700 0.000000 0.000000 0.000000 1.000000
-0.023939 -0.971540 -0.235663 -7.049900 -0.998221 0.010354 0.058718 -6.149900 -0.054607 0.236649 -0.970059 -15.762700 0.000000 0.000000 0.000000 1.000000
-0.023939 -0.971540 -0.235663 -7.049900 -0.998221 0.010354 0.058718 -6.149900 -0.054607 0.236649 -0.970059 -15.762700 0.000000 0.000000 0.000000 1.000000</float_array>
        <technique_common>
          <accessor source="#mixamorig_R_C_skirt1-Matrix-animation-output-transform-array" count="4" stride="16">
            <param type="float4x4"/>
          </accessor>
        </technique_common>
      </source>
      <source id="mixamorig_R_C_skirt1-Interpolations">
        <Name_array id="mixamorig_R_C_skirt1-Interpolations-array" count="4">
 LINEAR LINEAR LINEAR LINEAR</Name_array>
        <technique_common>
          <accessor source="#mixamorig_R_C_skirt1-Interpolations-array" count="4">
            <param type="name"/>
          </accessor>
        </technique_common>
      </source>
      <sampler id="mixamorig_R_C_skirt1-Matrix-animation-transform">
        <input semantic="INPUT" source="#mixamorig_R_C_skirt1-Matrix-animation-input"/>
        <input semantic="OUTPUT" source="#mixamorig_R_C_skirt1-Matrix-animation-output-transform"/>
        <input semantic="INTERPOLATION" source="#mixamorig_R_C_skirt1-Interpolations"/>
      </sampler>
      <channel source="#mixamorig_R_C_skirt1-Matrix-animation-transform" target="mixamorig_R_C_skirt1/matrix"/>
    </animation>
    <animation id="mixamorig_R_C_skirt2-anim" name="mixamorig_R_C_skirt2">
      <source id="mixamorig_R_C_skirt2-Matrix-animation-input">
        <float_array id="mixamorig_R_C_skirt2-Matrix-animation-input-array" count="4">

0.000000 0.033333 0.066667 0.100000</float_array>
        <technique_common>
          <accessor source="#mixamorig_R_C_skirt2-Matrix-animation-input-array" count="4">
            <param name="TIME" type="float"/>
          </accessor>
        </technique_common>
      </source>
      <source id="mixamorig_R_C_skirt2-Matrix-animation-output-transform">
        <float_array id="mixamorig_R_C_skirt2-Matrix-animation-output-transform-array" count="64">

1.000000 -0.000000 0.000000 27.999701 -0.000000 1.000000 -0.000000 0.000000 0.000000 0.000000 1.000000 0.000000 0.000000 0.000000 0.000000 1.000000
1.000000 0.000000 0.000000 27.999701 0.000000 1.000000 -0.000000 0.000000 0.000000 -0.000000 1.000000 0.000000 0.000000 0.000000 0.000000 1.000000
1.000000 0.000000 0.000000 27.999701 0.000000 1.000000 -0.000000 0.000000 0.000000 0.000000 1.000000 0.000000 0.000000 0.000000 0.000000 1.000000
1.000000 0.000000 0.000000 27.999701 0.000000 1.000000 -0.000000 -0.000000 0.000000 -0.000000 1.000000 0.000000 0.000000 0.000000 0.000000 1.000000</float_array>
        <technique_common>
          <accessor source="#mixamorig_R_C_skirt2-Matrix-animation-output-transform-array" count="4" stride="16">
            <param type="float4x4"/>
          </accessor>
        </technique_common>
      </source>
      <source id="mixamorig_R_C_skirt2-Interpolations">
        <Name_array id="mixamorig_R_C_skirt2-Interpolations-array" count="4">
 LINEAR LINEAR LINEAR LINEAR</Name_array>
        <technique_common>
          <accessor source="#mixamorig_R_C_skirt2-Interpolations-array" count="4">
            <param type="name"/>
          </accessor>
        </technique_common>
      </source>
      <sampler id="mixamorig_R_C_skirt2-Matrix-animation-transform">
        <input semantic="INPUT" source="#mixamorig_R_C_skirt2-Matrix-animation-input"/>
        <input semantic="OUTPUT" source="#mixamorig_R_C_skirt2-Matrix-animation-output-transform"/>
        <input semantic="INTERPOLATION" source="#mixamorig_R_C_skirt2-Interpolations"/>
      </sampler>
      <channel source="#mixamorig_R_C_skirt2-Matrix-animation-transform" target="mixamorig_R_C_skirt2/matrix"/>
    </animation>
    <animation id="mixamorig_R_C_skirt3-anim" name="mixamorig_R_C_skirt3">
      <source id="mixamorig_R_C_skirt3-Matrix-animation-input">
        <float_array id="mixamorig_R_C_skirt3-Matrix-animation-input-array" count="4">

0.000000 0.033333 0.066667 0.100000</float_array>
        <technique_common>
          <accessor source="#mixamorig_R_C_skirt3-Matrix-animation-input-array" count="4">
            <param name="TIME" type="float"/>
          </accessor>
        </technique_common>
      </source>
      <source id="mixamorig_R_C_skirt3-Matrix-animation-output-transform">
        <float_array id="mixamorig_R_C_skirt3-Matrix-animation-output-transform-array" count="64">

1.000000 -0.000000 -0.000000 27.999901 0.000000 1.000000 -0.000000 0.000000 0.000000 -0.000000 1.000000 0.000000 0.000000 0.000000 0.000000 1.000000
1.000000 0.000000 0.000000 27.999901 -0.000000 1.000000 -0.000000 0.000000 0.000000 -0.000000 1.000000 0.000000 0.000000 0.000000 0.000000 1.000000
1.000000 0.000000 0.000000 27.999901 0.000000 1.000000 -0.000000 0.000000 -0.000000 -0.000000 1.000000 0.000000 0.000000 0.000000 0.000000 1.000000
1.000000 0.000000 0.000000 27.999901 0.000000 1.000000 0.000000 0.000000 -0.000000 -0.000000 1.000000 -0.000000 0.000000 0.000000 0.000000 1.000000</float_array>
        <technique_common>
          <accessor source="#mixamorig_R_C_skirt3-Matrix-animation-output-transform-array" count="4" stride="16">
            <param type="float4x4"/>
          </accessor>
        </technique_common>
      </source>
      <source id="mixamorig_R_C_skirt3-Interpolations">
        <Name_array id="mixamorig_R_C_skirt3-Interpolations-array" count="4">
 LINEAR LINEAR LINEAR LINEAR</Name_array>
        <technique_common>
          <accessor source="#mixamorig_R_C_skirt3-Interpolations-array" count="4">
            <param type="name"/>
          </accessor>
        </technique_common>
      </source>
      <sampler id="mixamorig_R_C_skirt3-Matrix-animation-transform">
        <input semantic="INPUT" source="#mixamorig_R_C_skirt3-Matrix-animation-input"/>
        <input semantic="OUTPUT" source="#mixamorig_R_C_skirt3-Matrix-animation-output-transform"/>
        <input semantic="INTERPOLATION" source="#mixamorig_R_C_skirt3-Interpolations"/>
      </sampler>
      <channel source="#mixamorig_R_C_skirt3-Matrix-animation-transform" target="mixamorig_R_C_skirt3/matrix"/>
    </animation>
    <animation id="L_horn1-anim" name="L_horn1">
      <source id="L_horn1-Matrix-animation-input">
        <float_array id="L_horn1-Matrix-animation-input-array" count="4">

0.000000 0.033333 0.066667 0.100000</float_array>
        <technique_common>
          <accessor source="#L_horn1-Matrix-animation-input-array" count="4">
            <param name="TIME" type="float"/>
          </accessor>
        </technique_common>
      </source>
      <source id="L_horn1-Matrix-animation-output-transform">
        <float_array id="L_horn1-Matrix-animation-output-transform-array" count="64">

0.406838 0.870118 0.278168 18.209600 -0.904436 0.426462 -0.011194 1.020800 -0.128368 -0.247031 0.960467 -3.906100 0.000000 0.000000 0.000000 1.000000
0.406838 0.870118 0.278168 18.209600 -0.904436 0.426462 -0.011194 1.020800 -0.128368 -0.247031 0.960467 -3.906100 0.000000 0.000000 0.000000 1.000000
0.406838 0.870118 0.278168 18.209600 -0.904436 0.426462 -0.011194 1.020800 -0.128368 -0.247031 0.960467 -3.906100 0.000000 0.000000 0.000000 1.000000
0.406838 0.870118 0.278168 18.209600 -0.904436 0.426462 -0.011194 1.020800 -0.128368 -0.247031 0.960467 -3.906100 0.000000 0.000000 0.000000 1.000000</float_array>
        <technique_common>
          <accessor source="#L_horn1-Matrix-animation-output-transform-array" count="4" stride="16">
            <param type="float4x4"/>
          </accessor>
        </technique_common>
      </source>
      <source id="L_horn1-Interpolations">
        <Name_array id="L_horn1-Interpolations-array" count="4">
 LINEAR LINEAR LINEAR LINEAR</Name_array>
        <technique_common>
          <accessor source="#L_horn1-Interpolations-array" count="4">
            <param type="name"/>
          </accessor>
        </technique_common>
      </source>
      <sampler id="L_horn1-Matrix-animation-transform">
        <input semantic="INPUT" source="#L_horn1-Matrix-animation-input"/>
        <input semantic="OUTPUT" source="#L_horn1-Matrix-animation-output-transform"/>
        <input semantic="INTERPOLATION" source="#L_horn1-Interpolations"/>
      </sampler>
      <channel source="#L_horn1-Matrix-animation-transform" target="L_horn1/matrix"/>
    </animation>
  </library_animations>
  <library_visual_scenes>
    <visual_scene id="RootNode" name="RootNode">
      <node id="mixamorig_Hips" name="mixamorig_Hips" sid="mixamorig_Hips" type="JOINT">
        <matrix sid="matrix">0.902453 -0.427630 0.052065 -39.880001 0.114147 0.120832 -0.986088 15.945024 0.415390 0.895842 0.157858 -3.801027 0.000000 0.000000 0.000000 1.000000</matrix>
        <node id="mixamorig_Spine" name="mixamorig_Spine" sid="mixamorig_Spine" type="JOINT">
          <matrix sid="matrix">0.996477 -0.082479 -0.015161 -0.006600 0.082165 0.996412 -0.020305 10.822600 0.016782 0.018988 0.999679 -0.430700 0.000000 0.000000 0.000000 1.000000</matrix>
          <node id="mixamorig_Spine1" name="mixamorig_Spine1" sid="mixamorig_Spine1" type="JOINT">
            <matrix sid="matrix">0.997538 -0.067948 -0.017359 0.000000 0.065821 0.992537 -0.102657 12.655100 0.024204 0.101261 0.994565 0.000000 0.000000 0.000000 0.000000 1.000000</matrix>
            <node id="mixamorig_Spine2" name="mixamorig_Spine2" sid="mixamorig_Spine2" type="JOINT">
              <matrix sid="matrix">0.997551 -0.067925 -0.016674 0.000000 0.066410 0.994670 -0.078879 14.459700 0.021943 0.077579 0.996745 0.000000 0.000000 0.000000 0.000000 1.000000</matrix>
              <node id="mixamorig_Neck" name="mixamorig_Neck" sid="mixamorig_Neck" type="JOINT">
                <matrix sid="matrix">0.976064 -0.099091 -0.193597 -0.000000 0.081399 0.991920 -0.097311 16.135700 0.201675 0.079223 0.976243 0.000000 0.000000 0.000000 0.000000 1.000000</matrix>
                <node id="mixamorig_Head" name="mixamorig_Head" sid="mixamorig_Head" type="JOINT">
                  <matrix sid="matrix">0.561785 0.073853 -0.823980 0.000000 0.390678 0.854266 0.342930 6.791300 0.729225 -0.514563 0.451061 0.000000 0.000000 0.000000 0.000000 1.000000</matrix>
                  <node id="mixamorig_HeadTop_End" name="mixamorig_HeadTop_End" sid="mixamorig_HeadTop_End" type="JOINT">
                    <matrix sid="matrix">1.000000 0.000000 0.000000 0.000000 -0.000000 1.000000 0.000000 23.104200 -0.000000 0.000000 1.000000 0.000000 0.000000 0.000000 0.000000 1.000000</matrix>
                  </node>
                  <node id="mixamorig_LeftEye" name="mixamorig_LeftEye" sid="mixamorig_LeftEye" type="JOINT">
                    <matrix sid="matrix">0.999998 0.002177 0.000049 3.472400 -0.002171 0.994739 0.102423 10.009700 0.000174 -0.102423 0.994741 8.325400 0.000000 0.000000 0.000000 1.000000</matrix>
                  </node>
                  <node id="mixamorig_RightEye" name="mixamorig_RightEye" sid="mixamorig_RightEye" type="JOINT">
                    <matrix sid="matrix">0.999998 0.002177 0.000049 -3.952600 -0.002171 0.994739 0.102423 9.961800 0.000174 -0.102423 0.994741 8.315900 0.000000 0.000000 0.000000 1.000000</matrix>
                  </node>
                </node>
              </node>
              <node id="mixamorig_LeftShoulder" name="mixamorig_LeftShoulder" sid="mixamorig_LeftShoulder" type="JOINT">
                <matrix sid="matrix">-0.051866 0.894190 -0.444673 11.022900 -0.015144 -0.445925 -0.894942 13.234400 -0.998539 -0.039683 0.036670 -1.554100 0.000000 0.000000 0.000000 1.000000</matrix>
                <node id="mixamorig_LeftArm" name="mixamorig_LeftArm" sid="mixamorig_LeftArm" type="JOINT">
                  <matrix sid="matrix">-0.178469 -0.343198 -0.922152 -0.000000 0.234287 0.895420 -0.378592 16.551600 0.955646 -0.283615 -0.079398 0.000000 0.000000 0.000000 0.000000 1.000000</matrix>
                  <node id="mixamorig_LeftForeArm" name="mixamorig_LeftForeArm" sid="mixamorig_LeftForeArm" type="JOINT">
                    <matrix sid="matrix">-0.057361 -0.998271 0.012835 0.000000 0.998266 -0.057522 -0.012526 27.198299 0.013243 0.012094 0.999839 0.000000 0.000000 0.000000 0.000000 1.000000</matrix>
                    <node id="mixamorig_LeftHand" name="mixamorig_LeftHand" sid="mixamorig_LeftHand" type="JOINT">
                      <matrix sid="matrix">0.996300 -0.080794 0.029302 -0.000000 0.080862 0.996725 -0.001136 21.535400 -0.029114 0.003502 0.999570 0.000000 0.000000 0.000000 0.000000 1.000000</matrix>
                      <node id="mixamorig_LeftHandThumb1" name="mixamorig_LeftHandThumb1" sid="mixamorig_LeftHandThumb1" type="JOINT">
                        <matrix sid="matrix">0.912835 -0.088447 0.398635 -1.897200 0.205767 0.942881 -0.261985 4.226700 -0.352693 0.321175 0.878894 4.940900 0.000000 0.000000 0.000000 1.000000</matrix>
                        <node id="mixamorig_LeftHandThumb2" name="mixamorig_LeftHandThumb2" sid="mixamorig_LeftHandThumb2" type="JOINT">
                          <matrix sid="matrix">0.999150 0.024581 0.033088 -0.788100 -0.022805 0.998333 -0.053016 4.746200 -0.034336 0.052217 0.998045 0.000000 0.000000 0.000000 0.000000 1.000000</matrix>
                          <node id="mixamorig_LeftHandThumb3" name="mixamorig_LeftHandThumb3" sid="mixamorig_LeftHandThumb3" type="JOINT">
                            <matrix sid="matrix">0.989878 -0.141909 -0.001658 -0.314700 0.141884 0.989309 0.033714 7.341200 -0.003144 -0.033608 0.999430 0.000000 0.000000 0.000000 0.000000 1.000000</matrix>
                            <node id="mixamorig_LeftHandThumb4" name="mixamorig_LeftHandThumb4" sid="mixamorig_LeftHandThumb4" type="JOINT">
                              <matrix sid="matrix">1.000000 -0.000000 0.000000 1.102800 0.000000 1.000000 0.000000 7.800700 -0.000000 0.000000 1.000000 0.000000 0.000000 0.000000 0.000000 1.000000</matrix>
                            </node>
                          </node>
                        </node>
                      </node>
                      <node id="mixamorig_LeftHandIndex1" name="mixamorig_LeftHandIndex1" sid="mixamorig_LeftHandIndex1" type="JOINT">
                        <matrix sid="matrix">0.986452 0.163516 0.013213 -2.959300 -0.163532 0.986538 0.000130 12.531300 -0.013014 -0.002289 0.999913 1.173500 0.000000 0.000000 0.000000 1.000000</matrix>
                        <node id="mixamorig_LeftHandIndex2" name="mixamorig_LeftHandIndex2" sid="mixamorig_LeftHandIndex2" type="JOINT">
                          <matrix sid="matrix">0.999999 -0.001183 0.000009 -0.006300 0.001183 0.999999 -0.000000 8.298100 -0.000009 0.000000 1.000000 0.000000 0.000000 0.000000 0.000000 1.000000</matrix>
                          <node id="mixamorig_LeftHandIndex3" name="mixamorig_LeftHandIndex3" sid="mixamorig_LeftHandIndex3" type="JOINT">
                            <matrix sid="matrix">1.000000 0.000341 0.000014 0.002000 -0.000341 1.000000 -0.000000 4.720200 -0.000014 0.000000 1.000000 0.000000 0.000000 0.000000 0.000000 1.000000</matrix>
                            <node id="mixamorig_LeftHandIndex4" name="mixamorig_LeftHandIndex4" sid="mixamorig_LeftHandIndex4" type="JOINT">
                              <matrix sid="matrix">1.000000 0.000000 -0.000000 0.000600 -0.000000 1.000000 -0.000000 7.237800 -0.000000 -0.000000 1.000000 0.000000 0.000000 0.000000 0.000000 1.000000</matrix>
                            </node>
                          </node>
                        </node>
                      </node>
                      <node id="mixamorig_LeftHandMiddle1" name="mixamorig_LeftHandMiddle1" sid="mixamorig_LeftHandMiddle1" type="JOINT">
                        <matrix sid="matrix">0.986682 0.162388 0.009394 2.392400 -0.162405 0.986724 0.001040 14.502300 -0.009101 -0.002552 0.999955 -0.033500 0.000000 0.000000 0.000000 1.000000</matrix>
                        <node id="mixamorig_LeftHandMiddle2" name="mixamorig_LeftHandMiddle2" sid="mixamorig_LeftHandMiddle2" type="JOINT">
                          <matrix sid="matrix">1.000000 0.000622 -0.000002 0.002700 -0.000622 1.000000 -0.000277 8.151000 0.000002 0.000277 1.000000 0.000000 0.000000 0.000000 0.000000 1.000000</matrix>
                          <node id="mixamorig_LeftHandMiddle3" name="mixamorig_LeftHandMiddle3" sid="mixamorig_LeftHandMiddle3" type="JOINT">
                            <matrix sid="matrix">1.000000 -0.000254 0.000005 -0.001100 0.000254 1.000000 -0.000000 4.559900 -0.000005 0.000000 1.000000 0.000000 0.000000 0.000000 0.000000 1.000000</matrix>
                            <node id="mixamorig_LeftHandMiddle4" name="mixamorig_LeftHandMiddle4" sid="mixamorig_LeftHandMiddle4" type="JOINT">
                              <matrix sid="matrix">1.000000 0.000000 0.000000 0.000100 0.000000 1.000000 0.000000 7.733900 0.000000 -0.000000 1.000000 0.000000 0.000000 0.000000 0.000000 1.000000</matrix>
                            </node>
                          </node>
                        </node>
                      </node>
                      <node id="mixamorig_LeftHandRing1" name="mixamorig_LeftHandRing1" sid="mixamorig_LeftHandRing1" type="JOINT">
                        <matrix sid="matrix">0.986660 0.162058 0.015489 7.071600 -0.162074 0.986779 -0.000245 14.022100 -0.015324 -0.002268 0.999880 -0.727900 0.000000 0.000000 0.000000 1.000000</matrix>
                        <node id="mixamorig_LeftHandRing2" name="mixamorig_LeftHandRing2" sid="mixamorig_LeftHandRing2" type="JOINT">
                          <matrix sid="matrix">1.000000 0.000981 -0.000010 0.005000 -0.000981 1.000000 -0.000000 6.963300 0.000010 0.000000 1.000000 0.000000 0.000000 0.000000 0.000000 1.000000</matrix>
                          <node id="mixamorig_LeftHandRing3" name="mixamorig_LeftHandRing3" sid="mixamorig_LeftHandRing3" type="JOINT">
                            <matrix sid="matrix">1.000000 0.000172 -0.000023 -0.001000 -0.000172 1.000000 -0.000000 3.798600 0.000023 0.000000 1.000000 0.000000 0.000000 0.000000 0.000000 1.000000</matrix>
                            <node id="mixamorig_LeftHandRing4" name="mixamorig_LeftHandRing4" sid="mixamorig_LeftHandRing4" type="JOINT">
                              <matrix sid="matrix">1.000000 -0.000000 -0.000000 -0.002900 -0.000000 1.000000 0.000000 6.663500 -0.000000 -0.000000 1.000000 0.000000 0.000000 0.000000 0.000000 1.000000</matrix>
                            </node>
                          </node>
                        </node>
                      </node>
                      <node id="mixamorig_LeftHandPinky1" name="mixamorig_LeftHandPinky1" sid="mixamorig_LeftHandPinky1" type="JOINT">
                        <matrix sid="matrix">0.972693 0.231314 0.019007 10.979800 -0.231556 0.972752 0.011666 13.885000 -0.015791 -0.015749 0.999751 0.589700 0.000000 0.000000 0.000000 1.000000</matrix>
                        <node id="mixamorig_LeftHandPinky2" name="mixamorig_LeftHandPinky2" sid="mixamorig_LeftHandPinky2" type="JOINT">
                          <matrix sid="matrix">0.997549 -0.069967 0.000432 0.000300 0.069967 0.997473 -0.012326 3.975700 0.000431 0.012326 0.999924 -0.000000 0.000000 0.000000 0.000000 1.000000</matrix>
                          <node id="mixamorig_LeftHandPinky3" name="mixamorig_LeftHandPinky3" sid="mixamorig_LeftHandPinky3" type="JOINT">
                            <matrix sid="matrix">1.000000 -0.000072 -0.000002 -0.000400 0.000072 1.000000 0.000000 2.799700 0.000002 -0.000000 1.000000 0.000000 0.000000 0.000000 0.000000 1.000000</matrix>
                            <node id="mixamorig_LeftHandPinky4" name="mixamorig_LeftHandPinky4" sid="mixamorig_LeftHandPinky4" type="JOINT">
                              <matrix sid="matrix">1.000000 -0.000000 0.000000 -0.000400 0.000000 1.000000 0.000000 5.669600 0.000000 -0.000000 1.000000 0.000000 0.000000 0.000000 0.000000 1.000000</matrix>
                            </node>
                          </node>
                        </node>
                      </node>
                    </node>
                  </node>
                </node>
              </node>
              <node id="mixamorig_RightShoulder" name="mixamorig_RightShoulder" sid="mixamorig_RightShoulder" type="JOINT">
                <matrix sid="matrix">-0.060595 -0.785721 0.615606 -10.882400 -0.012500 -0.616094 -0.787574 13.272500 0.998084 -0.055418 0.027511 -1.553300 0.000000 0.000000 0.000000 1.000000</matrix>
                <node id="mixamorig_RightArm" name="mixamorig_RightArm" sid="mixamorig_RightArm" type="JOINT">
                  <matrix sid="matrix">0.005954 0.221265 0.975196 -0.000000 0.382308 0.900624 -0.206679 16.507099 -0.924016 0.374056 -0.079229 0.000000 0.000000 0.000000 0.000000 1.000000</matrix>
                  <node id="mixamorig_RightForeArm" name="mixamorig_RightForeArm" sid="mixamorig_RightForeArm" type="JOINT">
                    <matrix sid="matrix">-0.799803 0.600226 -0.006664 -0.000000 -0.600188 -0.799829 -0.006906 19.953800 -0.009475 -0.001524 0.999954 0.000000 0.000000 0.000000 0.000000 1.000000</matrix>
                    <node id="mixamorig_RightHand" name="mixamorig_RightHand" sid="mixamorig_RightHand" type="JOINT">
                      <matrix sid="matrix">0.866450 -0.281947 0.412031 0.000000 0.247485 0.959299 0.136004 28.810400 -0.433607 -0.015869 0.900963 0.000000 0.000000 0.000000 0.000000 1.000000</matrix>
                      <node id="mixamorig_RightHandThumb1" name="mixamorig_RightHandThumb1" sid="mixamorig_RightHandThumb1" type="JOINT">
                        <matrix sid="matrix">0.842870 0.453881 -0.289070 1.539600 -0.520651 0.823605 -0.224938 3.801100 0.135984 0.340098 0.930506 1.972600 0.000000 0.000000 0.000000 1.000000</matrix>
                        <node id="mixamorig_RightHandThumb2" name="mixamorig_RightHandThumb2" sid="mixamorig_RightHandThumb2" type="JOINT">
                          <matrix sid="matrix">0.995751 -0.092003 0.003870 0.267800 0.092083 0.994648 -0.046854 4.847300 0.000461 0.047011 0.998894 0.000000 0.000000 0.000000 0.000000 1.000000</matrix>
                          <node id="mixamorig_RightHandThumb3" name="mixamorig_RightHandThumb3" sid="mixamorig_RightHandThumb3" type="JOINT">
                            <matrix sid="matrix">0.999838 0.017473 0.004268 -0.081100 -0.017640 0.998923 0.042923 4.705100 -0.003514 -0.042992 0.999069 0.000000 0.000000 0.000000 0.000000 1.000000</matrix>
                            <node id="mixamorig_RightHandThumb4" name="mixamorig_RightHandThumb4" sid="mixamorig_RightHandThumb4" type="JOINT">
                              <matrix sid="matrix">1.000000 0.000000 0.000000 -0.186700 0.000000 1.000000 0.000000 5.139200 0.000000 0.000000 1.000000 -0.000000 0.000000 0.000000 0.000000 1.000000</matrix>
                            </node>
                          </node>
                        </node>
                      </node>
                      <node id="mixamorig_RightHandIndex1" name="mixamorig_RightHandIndex1" sid="mixamorig_RightHandIndex1" type="JOINT">
                        <matrix sid="matrix">0.993271 0.115713 -0.004756 5.382800 -0.115727 0.993277 -0.002857 13.307100 0.004393 0.003388 0.999985 -0.085200 0.000000 0.000000 0.000000 1.000000</matrix>
                        <node id="mixamorig_RightHandIndex2" name="mixamorig_RightHandIndex2" sid="mixamorig_RightHandIndex2" type="JOINT">
                          <matrix sid="matrix">1.000000 -0.000339 0.000012 -0.001700 0.000339 1.000000 0.000000 3.921400 -0.000012 -0.000000 1.000000 -0.000000 0.000000 0.000000 0.000000 1.000000</matrix>
                          <node id="mixamorig_RightHandIndex3" name="mixamorig_RightHandIndex3" sid="mixamorig_RightHandIndex3" type="JOINT">
                            <matrix sid="matrix">1.000000 -0.000462 -0.000028 -0.000300 0.000462 1.000000 -0.000000 3.178700 0.000028 0.000000 1.000000 0.000000 0.000000 0.000000 0.000000 1.000000</matrix>
                            <node id="mixamorig_RightHandIndex4" name="mixamorig_RightHandIndex4" sid="mixamorig_RightHandIndex4" type="JOINT">
                              <matrix sid="matrix">1.000000 0.000000 -0.000000 0.001900 -0.000000 1.000000 0.000000 5.164400 0.000000 0.000000 1.000000 -0.000000 0.000000 0.000000 0.000000 1.000000</matrix>
                            </node>
                          </node>
                        </node>
                      </node>
                      <node id="mixamorig_RightHandMiddle1" name="mixamorig_RightHandMiddle1" sid="mixamorig_RightHandMiddle1" type="JOINT">
                        <matrix sid="matrix">0.993327 0.115329 -0.001004 1.695500 -0.115331 0.993322 -0.003292 14.609200 0.000618 0.003386 0.999994 0.049800 0.000000 0.000000 0.000000 1.000000</matrix>
                        <node id="mixamorig_RightHandMiddle2" name="mixamorig_RightHandMiddle2" sid="mixamorig_RightHandMiddle2" type="JOINT">
                          <matrix sid="matrix">1.000000 -0.000509 -0.000009 -0.000200 0.000509 1.000000 -0.000000 4.318300 0.000009 0.000000 1.000000 0.000000 0.000000 0.000000 0.000000 1.000000</matrix>
                          <node id="mixamorig_RightHandMiddle3" name="mixamorig_RightHandMiddle3" sid="mixamorig_RightHandMiddle3" type="JOINT">
                            <matrix sid="matrix">1.000000 0.000852 -0.000004 0.001500 -0.000852 1.000000 0.000000 3.241000 0.000004 -0.000000 1.000000 0.000000 0.000000 0.000000 0.000000 1.000000</matrix>
                            <node id="mixamorig_RightHandMiddle4" name="mixamorig_RightHandMiddle4" sid="mixamorig_RightHandMiddle4" type="JOINT">
                              <matrix sid="matrix">1.000000 -0.000000 0.000000 -0.001900 0.000000 1.000000 0.000000 4.879200 -0.000000 0.000000 1.000000 -0.000000 0.000000 0.000000 0.000000 1.000000</matrix>
                            </node>
                          </node>
                        </node>
                      </node>
                      <node id="mixamorig_RightHandRing1" name="mixamorig_RightHandRing1" sid="mixamorig_RightHandRing1" type="JOINT">
                        <matrix sid="matrix">0.993352 0.114901 -0.007072 -1.709700 -0.114921 0.993371 -0.002588 14.370000 0.006727 0.003383 0.999972 -0.144700 0.000000 0.000000 0.000000 1.000000</matrix>
                        <node id="mixamorig_RightHandRing2" name="mixamorig_RightHandRing2" sid="mixamorig_RightHandRing2" type="JOINT">
                          <matrix sid="matrix">1.000000 0.000455 0.000009 0.001300 -0.000455 1.000000 -0.000000 3.380800 -0.000009 0.000000 1.000000 0.000000 0.000000 0.000000 0.000000 1.000000</matrix>
                          <node id="mixamorig_RightHandRing3" name="mixamorig_RightHandRing3" sid="mixamorig_RightHandRing3" type="JOINT">
                            <matrix sid="matrix">1.000000 0.000178 -0.000012 -0.000200 -0.000178 1.000000 0.000000 2.845800 0.000012 -0.000000 1.000000 0.000000 0.000000 0.000000 0.000000 1.000000</matrix>
                            <node id="mixamorig_RightHandRing4" name="mixamorig_RightHandRing4" sid="mixamorig_RightHandRing4" type="JOINT">
                              <matrix sid="matrix">1.000000 -0.000000 0.000000 -0.001200 -0.000000 1.000000 -0.000000 4.826200 0.000000 0.000000 1.000000 0.000000 0.000000 0.000000 0.000000 1.000000</matrix>
                            </node>
                          </node>
                        </node>
                      </node>
                      <node id="mixamorig_RightHandPinky1" name="mixamorig_RightHandPinky1" sid="mixamorig_RightHandPinky1" type="JOINT">
                        <matrix sid="matrix">0.993221 0.112856 -0.027869 -4.848000 -0.112904 0.993606 -0.000173 14.008100 0.027671 0.003318 0.999612 -0.068600 0.000000 0.000000 0.000000 1.000000</matrix>
                        <node id="mixamorig_RightHandPinky2" name="mixamorig_RightHandPinky2" sid="mixamorig_RightHandPinky2" type="JOINT">
                          <matrix sid="matrix">0.999993 0.003630 0.000082 0.005700 -0.003630 0.999993 -0.000000 2.332400 -0.000082 -0.000000 1.000000 -0.000000 0.000000 0.000000 0.000000 1.000000</matrix>
                          <node id="mixamorig_RightHandPinky3" name="mixamorig_RightHandPinky3" sid="mixamorig_RightHandPinky3" type="JOINT">
                            <matrix sid="matrix">1.000000 -0.000365 0.000009 -0.003000 0.000365 1.000000 0.000000 2.529300 -0.000009 -0.000000 1.000000 0.000000 0.000000 0.000000 0.000000 1.000000</matrix>
                            <node id="mixamorig_RightHandPinky4" name="mixamorig_RightHandPinky4" sid="mixamorig_RightHandPinky4" type="JOINT">
                              <matrix sid="matrix">1.000000 -0.000000 0.000000 -0.002700 0.000000 1.000000 0.000000 3.288700 0.000000 0.000000 1.000000 0.000000 0.000000 0.000000 0.000000 1.000000</matrix>
                            </node>
                          </node>
                        </node>
                      </node>
                    </node>
                  </node>
                </node>
              </node>
            </node>
          </node>
        </node>
        <node id="mixamorig_LeftUpLeg" name="mixamorig_LeftUpLeg" sid="mixamorig_LeftUpLeg" type="JOINT">
          <matrix sid="matrix">-0.549812 0.722863 0.418540 13.280500 -0.307872 -0.641170 0.702934 -6.012500 0.776480 0.257625 0.575072 -0.531400 0.000000 0.000000 0.000000 1.000000</matrix>
          <node id="mixamorig_LeftLeg" name="mixamorig_LeftLeg" sid="mixamorig_LeftLeg" type="JOINT">
            <matrix sid="matrix">0.985792 0.153927 0.067239 0.000000 -0.102086 0.231134 0.967551 52.183899 0.133391 -0.960668 0.243564 -0.000000 0.000000 0.000000 0.000000 1.000000</matrix>
            <node id="mixamorig_LeftFoot" name="mixamorig_LeftFoot" sid="mixamorig_LeftFoot" type="JOINT">
              <matrix sid="matrix">0.991069 -0.056945 -0.120582 0.000000 -0.087804 0.401909 -0.911460 50.974098 0.100366 0.913907 0.393320 0.000000 0.000000 0.000000 0.000000 1.000000</matrix>
              <node id="mixamorig_LeftToeBase" name="mixamorig_LeftToeBase" sid="mixamorig_LeftToeBase" type="JOINT">
                <matrix sid="matrix">0.960352 0.005494 0.278737 -0.000000 -0.072941 0.969931 0.232191 21.993700 -0.269080 -0.243317 0.931876 0.000000 0.000000 0.000000 0.000000 1.000000</matrix>
                <node id="mixamorig_LeftToe_End" name="mixamorig_LeftToe_End" sid="mixamorig_LeftToe_End" type="JOINT">
                  <matrix sid="matrix">1.000000 -0.000000 -0.000000 0.000000 -0.000000 1.000000 0.000000 9.003600 0.000000 0.000000 1.000000 -0.000000 0.000000 0.000000 0.000000 1.000000</matrix>
                </node>
              </node>
            </node>
          </node>
        </node>
        <node id="mixamorig_RightUpLeg" name="mixamorig_RightUpLeg" sid="mixamorig_RightUpLeg" type="JOINT">
          <matrix sid="matrix">-0.837396 -0.511485 -0.192747 -13.293700 0.481371 -0.857148 0.183245 -6.012500 -0.258940 0.060666 0.963986 -0.531400 0.000000 0.000000 0.000000 1.000000</matrix>
          <node id="mixamorig_RightLeg" name="mixamorig_RightLeg" sid="mixamorig_RightLeg" type="JOINT">
            <matrix sid="matrix">0.990727 0.133332 0.026123 0.000000 -0.124579 0.814733 0.566296 52.153900 0.054222 -0.564299 0.823788 0.000000 0.000000 0.000000 0.000000 1.000000</matrix>
            <node id="mixamorig_RightFoot" name="mixamorig_RightFoot" sid="mixamorig_RightFoot" type="JOINT">
              <matrix sid="matrix">0.986050 0.097269 0.135073 0.000000 0.097703 0.318761 -0.942786 51.002602 -0.134760 0.942831 0.304810 0.000000 0.000000 0.000000 0.000000 1.000000</matrix>
              <node id="mixamorig_RightToeBase" name="mixamorig_RightToeBase" sid="mixamorig_RightToeBase" type="JOINT">
                <matrix sid="matrix">0.910006 -0.027327 -0.413693 0.000000 0.017020 0.999447 -0.028579 22.030199 0.414245 0.018966 0.909968 0.000000 0.000000 0.000000 0.000000 1.000000</matrix>
                <node id="mixamorig_RightToe_End" name="mixamorig_RightToe_End" sid="mixamorig_RightToe_End" type="JOINT">
                  <matrix sid="matrix">1.000000 0.000000 0.000000 0.000000 0.000000 1.000000 0.000000 9.032300 0.000000 -0.000000 1.000000 0.000000 0.000000 0.000000 0.000000 1.000000</matrix>
                </node>
              </node>
            </node>
          </node>
        </node>
        <node id="mixamorig_F_skirt1" name="mixamorig_F_skirt1" sid="mixamorig_F_skirt1" type="JOINT">
          <matrix sid="matrix">0.000000 1.000000 0.000000 -0.580400 -1.000000 -0.000000 0.000000 -7.794500 -0.000000 -0.000000 1.000000 17.818100 0.000000 0.000000 0.000000 1.000000</matrix>
          <node id="mixamorig_F_skirt2" name="mixamorig_F_skirt2" sid="mixamorig_F_skirt2" type="JOINT">
            <matrix sid="matrix">1.000000 0.000000 0.000000 27.000000 0.000000 1.000000 0.000000 0.000000 0.000000 -0.000000 1.000000 0.000000 0.000000 0.000000 0.000000 1.000000</matrix>
            <node id="mixamorig_F_skirt3" name="mixamorig_F_skirt3" sid="mixamorig_F_skirt3" type="JOINT">
              <matrix sid="matrix">1.000000 0.000000 0.000000 27.000000 0.000000 1.000000 0.000000 0.000000 0.000000 -0.000000 1.000000 -0.000000 0.000000 0.000000 0.000000 1.000000</matrix>
              <node id="mixamorig_F_skirt_end" name="mixamorig_F_skirt_end" sid="mixamorig_F_skirt_end" type="JOINT">
                <matrix sid="matrix">1.000000 -0.000000 0.000000 24.000000 0.000000 1.000000 0.000000 0.000000 0.000000 0.000000 1.000000 0.000000 0.000000 0.000000 0.000000 1.000000</matrix>
              </node>
            </node>
          </node>
        </node>
        <node id="mixamorig_L_A_skirt1" name="mixamorig_L_A_skirt1" sid="mixamorig_L_A_skirt1" type="JOINT">
          <matrix sid="matrix">0.122996 0.897244 0.424058 9.424300 -0.992244 0.103429 0.068955 -5.518500 0.018009 -0.429250 0.903006 15.946100 0.000000 0.000000 0.000000 1.000000</matrix>
          <node id="mixamorig_L_A_skirt2" name="mixamorig_L_A_skirt2" sid="mixamorig_L_A_skirt2" type="JOINT">
            <matrix sid="matrix">1.000000 0.000000 -0.000000 27.000000 0.000000 1.000000 0.000000 -0.000000 0.000000 -0.000000 1.000000 0.000000 0.000000 0.000000 0.000000 1.000000</matrix>
            <node id="mixamorig_L_A_skirt3" name="mixamorig_L_A_skirt3" sid="mixamorig_L_A_skirt3" type="JOINT">
              <matrix sid="matrix">1.000000 -0.000000 0.000000 27.000000 0.000000 1.000000 0.000000 0.000000 0.000000 -0.000000 1.000000 0.000000 0.000000 0.000000 0.000000 1.000000</matrix>
              <node id="mixamorig_L_A_skirt_end" name="mixamorig_L_A_skirt_end" sid="mixamorig_L_A_skirt_end" type="JOINT">
                <matrix sid="matrix">1.000000 0.000000 -0.000000 27.000000 0.000000 1.000000 0.000000 0.000000 0.000000 0.000000 1.000000 -0.000000 0.000000 0.000000 0.000000 1.000000</matrix>
              </node>
            </node>
          </node>
        </node>
        <node id="mixamorig_L_B_skirt1" name="mixamorig_L_B_skirt1" sid="mixamorig_L_B_skirt1" type="JOINT">
          <matrix sid="matrix">0.111759 0.000000 0.993735 18.448999 -0.993735 -0.000000 0.111759 -4.216000 0.000000 -1.000000 0.000000 -0.295100 0.000000 0.000000 0.000000 1.000000</matrix>
          <node id="mixamorig_L_B_skirt2" name="mixamorig_L_B_skirt2" sid="mixamorig_L_B_skirt2" type="JOINT">
            <matrix sid="matrix">1.000000 0.000000 0.000000 27.000000 0.000000 1.000000 -0.000000 0.000000 -0.000000 0.000000 1.000000 0.000000 0.000000 0.000000 0.000000 1.000000</matrix>
            <node id="mixamorig_L_B_skirt3" name="mixamorig_L_B_skirt3" sid="mixamorig_L_B_skirt3" type="JOINT">
              <matrix sid="matrix">1.000000 0.000000 -0.000000 27.000000 -0.000000 1.000000 -0.000000 0.000000 0.000000 0.000000 1.000000 -0.000000 0.000000 0.000000 0.000000 1.000000</matrix>
              <node id="mixamorig_L_B_skirt_end" name="mixamorig_L_B_skirt_end" sid="mixamorig_L_B_skirt_end" type="JOINT">
                <matrix sid="matrix">1.000000 -0.000000 -0.000000 27.000000 -0.000000 1.000000 -0.000000 0.000000 0.000000 0.000000 1.000000 0.000000 0.000000 0.000000 0.000000 1.000000</matrix>
              </node>
            </node>
          </node>
        </node>
        <node id="mixamorig_L_C_skirt1" name="mixamorig_L_C_skirt1" sid="mixamorig_L_C_skirt1" type="JOINT">
          <matrix sid="matrix">0.023939 -0.971540 0.235663 7.049900 -0.998221 -0.010354 0.058718 -6.149500 -0.054607 -0.236649 -0.970059 -15.762800 0.000000 0.000000 0.000000 1.000000</matrix>
          <node id="mixamorig_L_C_skirt2" name="mixamorig_L_C_skirt2" sid="mixamorig_L_C_skirt2" type="JOINT">
            <matrix sid="matrix">1.000000 0.000000 0.000000 28.000000 0.000000 1.000000 -0.000000 0.000000 0.000000 -0.000000 1.000000 0.000000 0.000000 0.000000 0.000000 1.000000</matrix>
            <node id="mixamorig_L_C_skirt3" name="mixamorig_L_C_skirt3" sid="mixamorig_L_C_skirt3" type="JOINT">
              <matrix sid="matrix">1.000000 0.000000 0.000000 28.000000 0.000000 1.000000 0.000000 -0.000000 -0.000000 -0.000000 1.000000 0.000000 0.000000 0.000000 0.000000 1.000000</matrix>
              <node id="mixamorig_L_C_skirt_end" name="mixamorig_L_C_skirt_end" sid="mixamorig_L_C_skirt_end" type="JOINT">
                <matrix sid="matrix">1.000000 0.000000 -0.000000 28.000000 0.000000 1.000000 0.000000 0.000000 -0.000000 -0.000000 1.000000 0.000000 0.000000 0.000000 0.000000 1.000000</matrix>
              </node>
            </node>
          </node>
        </node>
        <node id="mixamorig_R_A_skirt1" name="mixamorig_R_A_skirt1" sid="mixamorig_R_A_skirt1" type="JOINT">
          <matrix sid="matrix">-0.122996 0.897244 -0.424058 -9.424300 -0.992244 -0.103429 0.068955 -5.518900 0.018009 0.429250 0.903006 15.946100 0.000000 0.000000 0.000000 1.000000</matrix>
          <node id="mixamorig_R_A_skirt2" name="mixamorig_R_A_skirt2" sid="mixamorig_R_A_skirt2" type="JOINT">
            <matrix sid="matrix">1.000000 0.000000 -0.000000 26.999599 0.000000 1.000000 0.000000 -0.000000 -0.000000 -0.000000 1.000000 0.000100 0.000000 0.000000 0.000000 1.000000</matrix>
            <node id="mixamorig_R_A_skirt3" name="mixamorig_R_A_skirt3" sid="mixamorig_R_A_skirt3" type="JOINT">
              <matrix sid="matrix">1.000000 0.000000 -0.000000 27.000000 0.000000 1.000000 0.000000 0.000000 0.000000 0.000000 1.000000 0.000000 0.000000 0.000000 0.000000 1.000000</matrix>
              <node id="mixamorig_R_A_skirt_end" name="mixamorig_R_A_skirt_end" sid="mixamorig_R_A_skirt_end" type="JOINT">
                <matrix sid="matrix">1.000000 0.000000 0.000000 27.000000 0.000000 1.000000 -0.000000 0.000000 -0.000000 -0.000000 1.000000 -0.000000 0.000000 0.000000 0.000000 1.000000</matrix>
              </node>
            </node>
          </node>
        </node>
        <node id="mixamorig_R_B_skirt1" name="mixamorig_R_B_skirt1" sid="mixamorig_R_B_skirt1" type="JOINT">
          <matrix sid="matrix">-0.111759 0.000000 -0.993735 -18.448900 -0.993735 -0.000000 0.111759 -4.216300 -0.000000 1.000000 0.000000 -0.295100 0.000000 0.000000 0.000000 1.000000</matrix>
          <node id="mixamorig_R_B_skirt2" name="mixamorig_R_B_skirt2" sid="mixamorig_R_B_skirt2" type="JOINT">
            <matrix sid="matrix">1.000000 0.000000 0.000000 26.999701 -0.000000 1.000000 0.000000 0.000000 0.000000 -0.000000 1.000000 0.000100 0.000000 0.000000 0.000000 1.000000</matrix>
            <node id="mixamorig_R_B_skirt3" name="mixamorig_R_B_skirt3" sid="mixamorig_R_B_skirt3" type="JOINT">
              <matrix sid="matrix">1.000000 0.000000 0.000000 26.999901 -0.000000 1.000000 -0.000000 0.000000 0.000000 -0.000000 1.000000 -0.000000 0.000000 0.000000 0.000000 1.000000</matrix>
              <node id="mixamorig_R_B_skirt_end" name="mixamorig_R_B_skirt_end" sid="mixamorig_R_B_skirt_end" type="JOINT">
                <matrix sid="matrix">1.000000 0.000000 0.000000 27.000000 -0.000000 1.000000 -0.000000 0.000000 0.000000 -0.000000 1.000000 0.000000 0.000000 0.000000 0.000000 1.000000</matrix>
              </node>
            </node>
          </node>
          <node id="mixamorig_R_bag1" name="mixamorig_R_bag1" sid="mixamorig_R_bag1" type="JOINT">
            <matrix sid="matrix">0.973707 -0.116729 -0.195624 6.766800 -0.197277 -0.002660 -0.980344 2.209500 0.113914 0.993160 -0.025618 5.400800 0.000000 0.000000 0.000000 1.000000</matrix>
            <node id="mixamorig_R_bag_end" name="mixamorig_R_bag_end" sid="mixamorig_R_bag_end" type="JOINT">
              <matrix sid="matrix">1.000000 -0.000000 0.000000 20.721201 0.000000 1.000000 0.000000 0.000000 0.000000 0.000000 1.000000 0.000000 0.000000 0.000000 0.000000 1.000000</matrix>
            </node>
          </node>
        </node>
        <node id="mixamorig_R_C_skirt1" name="mixamorig_R_C_skirt1" sid="mixamorig_R_C_skirt1" type="JOINT">
          <matrix sid="matrix">-0.023939 -0.971540 -0.235663 -7.049900 -0.998221 0.010354 0.058718 -6.149900 -0.054607 0.236649 -0.970059 -15.762700 0.000000 0.000000 0.000000 1.000000</matrix>
          <node id="mixamorig_R_C_skirt2" name="mixamorig_R_C_skirt2" sid="mixamorig_R_C_skirt2" type="JOINT">
            <matrix sid="matrix">1.000000 -0.000000 0.000000 27.999701 -0.000000 1.000000 -0.000000 0.000000 0.000000 0.000000 1.000000 0.000000 0.000000 0.000000 0.000000 1.000000</matrix>
            <node id="mixamorig_R_C_skirt3" name="mixamorig_R_C_skirt3" sid="mixamorig_R_C_skirt3" type="JOINT">
              <matrix sid="matrix">1.000000 -0.000000 -0.000000 27.999901 0.000000 1.000000 -0.000000 0.000000 0.000000 -0.000000 1.000000 0.000000 0.000000 0.000000 0.000000 1.000000</matrix>
              <node id="mixamorig_R_C_skirt_end" name="mixamorig_R_C_skirt_end" sid="mixamorig_R_C_skirt_end" type="JOINT">
                <matrix sid="matrix">1.000000 0.000000 0.000000 28.000000 0.000000 1.000000 -0.000000 0.000000 0.000000 -0.000000 1.000000 0.000000 0.000000 0.000000 0.000000 1.000000</matrix>
              </node>
            </node>
          </node>
        </node>
        <node id="L_horn1" name="L_horn1" sid="L_horn1" type="JOINT">
          <matrix sid="matrix">0.406838 0.870118 0.278168 18.209600 -0.904436 0.426462 -0.011194 1.020800 -0.128368 -0.247031 0.960467 -3.906100 0.000000 0.000000 0.000000 1.000000</matrix>
          <node id="L_horn_end" name="L_horn_end" sid="L_horn_end" type="JOINT">
            <matrix sid="matrix">1.000000 -0.000000 -0.000000 13.278900 -0.000000 1.000000 -0.000000 -0.000000 -0.000000 0.000000 1.000000 -0.000000 0.000000 0.000000 0.000000 1.000000</matrix>
          </node>
        </node>
      </node>
    </visual_scene>
  </library_visual_scenes>
  <scene>
    <instance_visual_scene url="#RootNode"/>
  </scene>
</COLLADA>
