<?xml version="1.0" encoding="utf-8"?>
<COLLADA xmlns="http://www.collada.org/2005/11/COLLADASchema" version="1.4.1">
  <asset>
    <contributor>
      <author>Mixamo</author>
      <authoring_tool>COLLADA Mixamo exporter</authoring_tool>
      <comments/>
    </contributor>
    <created>2025-11-20T20:11:31Z</created>
    <modified>2025-11-20T20:11:31Z</modified>
    <revision/>
    <title/>
    <unit meter="0.010000"/>
    <up_axis>Y_UP</up_axis>
  </asset>
  <library_animations>
    <animation id="mixamorig_Hips-anim" name="mixamorig_Hips">
      <source id="mixamorig_Hips-Matrix-animation-input">
        <float_array id="mixamorig_Hips-Matrix-animation-input-array" count="14">

0.000000 0.033333 0.066667 0.100000 0.133333 0.166667 0.200000 0.233333 0.266667 0.300000 0.333333 0.366667 0.400000 0.433333</float_array>
        <technique_common>
          <accessor source="#mixamorig_Hips-Matrix-animation-input-array" count="14">
            <param name="TIME" type="float"/>
          </accessor>
        </technique_common>
      </source>
      <source id="mixamorig_Hips-Matrix-animation-output-transform">
        <float_array id="mixamorig_Hips-Matrix-animation-output-transform-array" count="224">

0.564695 -0.346770 -0.748913 2.451880 0.096874 0.929021 -0.357121 78.439102 0.819594 0.129114 0.558206 -3.379010 0.000000 0.000000 0.000000 1.000000
0.576081 -0.314767 -0.754356 1.442929 0.083384 0.940696 -0.328843 78.798180 0.813128 0.126539 0.568164 -2.619810 0.000000 0.000000 0.000000 1.000000
0.583555 -0.265298 -0.767515 0.314754 0.078336 0.959113 -0.271965 81.658951 0.808286 0.098582 0.580478 -1.735833 0.000000 0.000000 0.000000 1.000000
0.580363 -0.207209 -0.787555 -0.897205 0.077526 0.976753 -0.199858 86.924759 0.810659 0.054934 0.582936 -0.788841 0.000000 0.000000 0.000000 1.000000
0.570707 -0.147966 -0.807712 -1.372694 0.081632 0.988982 -0.123495 94.541321 0.817086 0.004544 0.576498 0.083424 0.000000 0.000000 0.000000 1.000000
0.563205 -0.095778 -0.820748 -1.158051 0.089351 0.994495 -0.054739 104.144722 0.821472 -0.042506 0.568662 0.349654 0.000000 0.000000 0.000000 1.000000
0.564806 -0.092351 -0.820040 -0.781369 0.086727 0.994858 -0.052304 107.764191 0.820654 -0.041578 0.569911 0.008053 0.000000 0.000000 0.000000 1.000000
0.569030 -0.079851 -0.818431 -0.646536 0.073697 0.996221 -0.045958 109.879898 0.819008 -0.034164 0.572764 0.053905 0.000000 0.000000 0.000000 1.000000
0.573933 -0.069799 -0.815923 -0.818532 0.068586 0.996957 -0.037041 110.351059 0.816025 -0.034702 0.576973 -0.035508 0.000000 0.000000 0.000000 1.000000
0.579715 -0.057463 -0.812791 -1.182455 0.061164 0.997765 -0.026915 110.719887 0.812521 -0.034110 0.581934 0.185501 0.000000 0.000000 0.000000 1.000000
0.585625 -0.044415 -0.809364 -1.636042 0.052371 0.998485 -0.016900 111.157722 0.808888 -0.032490 0.587064 0.621774 0.000000 0.000000 0.000000 1.000000
0.590651 -0.032237 -0.806283 -2.015840 0.043234 0.999031 -0.008273 112.155045 0.805768 -0.029972 0.591473 1.083843 0.000000 0.000000 0.000000 1.000000
0.593932 -0.023063 -0.804185 -2.194425 0.035772 0.999357 -0.002240 112.742142 0.803720 -0.027437 0.594375 1.368349 0.000000 0.000000 0.000000 1.000000
0.595079 -0.019344 -0.803434 -2.275581 0.032533 0.999471 0.000032 112.903381 0.803008 -0.026157 0.595394 1.498292 0.000000 0.000000 0.000000 1.000000</float_array>
        <technique_common>
          <accessor source="#mixamorig_Hips-Matrix-animation-output-transform-array" count="14" stride="16">
            <param type="float4x4"/>
          </accessor>
        </technique_common>
      </source>
      <source id="mixamorig_Hips-Interpolations">
        <Name_array id="mixamorig_Hips-Interpolations-array" count="14">
 LINEAR LINEAR LINEAR LINEAR LINEAR LINEAR LINEAR LINEAR LINEAR LINEAR LINEAR
LINEAR LINEAR LINEAR</Name_array>
        <technique_common>
          <accessor source="#mixamorig_Hips-Interpolations-array" count="14">
            <param type="name"/>
          </accessor>
        </technique_common>
      </source>
      <sampler id="mixamorig_Hips-Matrix-animation-transform">
        <input semantic="INPUT" source="#mixamorig_Hips-Matrix-animation-input"/>
        <input semantic="OUTPUT" source="#mixamorig_Hips-Matrix-animation-output-transform"/>
        <input semantic="INTERPOLATION" source="#mixamorig_Hips-Interpolations"/>
      </sampler>
      <channel source="#mixamorig_Hips-Matrix-animation-transform" target="mixamorig_Hips/matrix"/>
    </animation>
    <animation id="mixamorig_Spine-anim" name="mixamorig_Spine">
      <source id="mixamorig_Spine-Matrix-animation-input">
        <float_array id="mixamorig_Spine-Matrix-animation-input-array" count="14">

0.000000 0.033333 0.066667 0.100000 0.133333 0.166667 0.200000 0.233333 0.266667 0.300000 0.333333 0.366667 0.400000 0.433333</float_array>
        <technique_common>
          <accessor source="#mixamorig_Spine-Matrix-animation-input-array" count="14">
            <param name="TIME" type="float"/>
          </accessor>
        </technique_common>
      </source>
      <source id="mixamorig_Spine-Matrix-animation-output-transform">
        <float_array id="mixamorig_Spine-Matrix-animation-output-transform-array" count="224">

0.999885 0.014844 0.002970 -0.006600 -0.014030 0.982349 -0.186532 10.822600 -0.005687 0.186469 0.982444 -0.430700 0.000000 0.000000 0.000000 1.000000
0.999924 0.012258 0.001195 -0.006600 -0.011818 0.982240 -0.187258 10.822600 -0.003469 0.187230 0.982310 -0.430700 0.000000 0.000000 0.000000 1.000000
0.999954 0.009629 0.000139 -0.006600 -0.009444 0.983360 -0.181421 10.822600 -0.001884 0.181411 0.983406 -0.430700 0.000000 0.000000 0.000000 1.000000
0.999980 0.006046 0.001793 -0.006600 -0.005650 0.985246 -0.171051 10.822600 -0.002801 0.171037 0.985261 -0.430700 0.000000 0.000000 0.000000 1.000000
0.999976 0.002637 0.006416 -0.006600 -0.001585 0.987299 -0.158868 10.822600 -0.006753 0.158854 0.987279 -0.430700 0.000000 0.000000 0.000000 1.000000
0.999930 0.000145 0.011862 -0.006600 0.001606 0.989070 -0.147437 10.822600 -0.011754 0.147445 0.989000 -0.430700 0.000000 0.000000 0.000000 1.000000
0.999856 -0.001838 0.016842 -0.006600 0.004172 0.990200 -0.139592 10.822600 -0.016420 0.139643 0.990066 -0.430700 0.000000 0.000000 0.000000 1.000000
0.999779 -0.009927 0.018527 -0.006600 0.012380 0.990442 -0.137376 10.822600 -0.016987 0.137575 0.990346 -0.430700 0.000000 0.000000 0.000000 1.000000
0.999836 -0.007424 0.016534 -0.006600 0.009711 0.989698 -0.142838 10.822600 -0.015303 0.142975 0.989608 -0.430700 0.000000 0.000000 0.000000 1.000000
0.999947 -0.006966 0.007580 -0.006600 0.008062 0.987760 -0.155776 10.822600 -0.006402 0.155829 0.987763 -0.430700 0.000000 0.000000 0.000000 1.000000
0.999998 -0.000198 -0.001964 -0.006600 -0.000154 0.984126 -0.177471 10.822600 0.001968 0.177470 0.984124 -0.430700 0.000000 0.000000 0.000000 1.000000
0.999957 0.005288 -0.007677 -0.006600 -0.006754 0.978605 -0.205636 10.822600 0.006425 0.205678 0.978599 -0.430700 0.000000 0.000000 0.000000 1.000000
0.999953 0.005147 -0.008185 -0.006600 -0.006977 0.970179 -0.242289 10.822600 0.006694 0.242334 0.970170 -0.430700 0.000000 0.000000 0.000000 1.000000
0.999963 0.004264 -0.007486 -0.006600 -0.006090 0.964461 -0.264154 10.822600 0.006093 0.264190 0.964452 -0.430700 0.000000 0.000000 0.000000 1.000000</float_array>
        <technique_common>
          <accessor source="#mixamorig_Spine-Matrix-animation-output-transform-array" count="14" stride="16">
            <param type="float4x4"/>
          </accessor>
        </technique_common>
      </source>
      <source id="mixamorig_Spine-Interpolations">
        <Name_array id="mixamorig_Spine-Interpolations-array" count="14">
 LINEAR LINEAR LINEAR LINEAR LINEAR LINEAR LINEAR LINEAR LINEAR LINEAR LINEAR
LINEAR LINEAR LINEAR</Name_array>
        <technique_common>
          <accessor source="#mixamorig_Spine-Interpolations-array" count="14">
            <param type="name"/>
          </accessor>
        </technique_common>
      </source>
      <sampler id="mixamorig_Spine-Matrix-animation-transform">
        <input semantic="INPUT" source="#mixamorig_Spine-Matrix-animation-input"/>
        <input semantic="OUTPUT" source="#mixamorig_Spine-Matrix-animation-output-transform"/>
        <input semantic="INTERPOLATION" source="#mixamorig_Spine-Interpolations"/>
      </sampler>
      <channel source="#mixamorig_Spine-Matrix-animation-transform" target="mixamorig_Spine/matrix"/>
    </animation>
    <animation id="mixamorig_Spine1-anim" name="mixamorig_Spine1">
      <source id="mixamorig_Spine1-Matrix-animation-input">
        <float_array id="mixamorig_Spine1-Matrix-animation-input-array" count="14">

0.000000 0.033333 0.066667 0.100000 0.133333 0.166667 0.200000 0.233333 0.266667 0.300000 0.333333 0.366667 0.400000 0.433333</float_array>
        <technique_common>
          <accessor source="#mixamorig_Spine1-Matrix-animation-input-array" count="14">
            <param name="TIME" type="float"/>
          </accessor>
        </technique_common>
      </source>
      <source id="mixamorig_Spine1-Matrix-animation-output-transform">
        <float_array id="mixamorig_Spine1-Matrix-animation-output-transform-array" count="224">

0.999971 -0.007517 0.001083 -0.000000 0.007591 0.994009 -0.109034 12.655100 -0.000257 0.109040 0.994037 0.000000 0.000000 0.000000 0.000000 1.000000
0.999970 -0.007281 0.002781 0.000000 0.007541 0.994000 -0.109118 12.655100 -0.001970 0.109135 0.994025 0.000000 0.000000 0.000000 0.000000 1.000000
0.999969 -0.007237 0.003252 -0.000000 0.007549 0.994009 -0.109037 12.655100 -0.002443 0.109058 0.994032 0.000000 0.000000 0.000000 0.000000 1.000000
0.999971 -0.007598 0.000590 0.000000 0.007617 0.994042 -0.108730 12.655100 0.000240 0.108731 0.994071 0.000000 0.000000 0.000000 0.000000 1.000000
0.999962 -0.008095 -0.003207 -0.000000 0.007700 0.994091 -0.108280 12.655100 0.004065 0.108251 0.994115 0.000000 0.000000 0.000000 0.000000 1.000000
0.999944 -0.008510 -0.006344 0.000000 0.007776 0.994128 -0.107934 12.655100 0.007226 0.107879 0.994138 0.000000 0.000000 0.000000 0.000000 1.000000
0.999943 -0.008548 -0.006412 0.000000 0.007807 0.994138 -0.107833 12.655100 0.007297 0.107777 0.994148 0.000000 0.000000 0.000000 0.000000 1.000000
0.999960 -0.008232 -0.003389 0.000000 0.007819 0.994133 -0.107877 12.655100 0.004257 0.107847 0.994158 -0.000000 0.000000 0.000000 0.000000 1.000000
0.999969 -0.007846 0.000391 0.000000 0.007842 0.994112 -0.108076 12.655100 0.000459 0.108076 0.994143 0.000000 0.000000 0.000000 0.000000 1.000000
0.999927 -0.008878 -0.008188 0.000000 0.007945 0.994152 -0.107696 12.655100 0.009096 0.107623 0.994150 -0.000000 0.000000 0.000000 0.000000 1.000000
0.999802 -0.010000 -0.017224 -0.000000 0.008093 0.994180 -0.107430 12.655100 0.018198 0.107269 0.994063 0.000000 0.000000 0.000000 0.000000 1.000000
0.999728 -0.010499 -0.020825 -0.000000 0.008200 0.994163 -0.107579 12.655100 0.021833 0.107379 0.993978 -0.000000 0.000000 0.000000 0.000000 1.000000
0.999810 -0.009997 -0.016763 0.000000 0.008124 0.994088 -0.108270 12.655100 0.017746 0.108113 0.993980 0.000000 0.000000 0.000000 0.000000 1.000000
0.999868 -0.009514 -0.013140 0.000000 0.008030 0.994041 -0.108712 12.655100 0.014096 0.108592 0.993986 0.000000 0.000000 0.000000 0.000000 1.000000</float_array>
        <technique_common>
          <accessor source="#mixamorig_Spine1-Matrix-animation-output-transform-array" count="14" stride="16">
            <param type="float4x4"/>
          </accessor>
        </technique_common>
      </source>
      <source id="mixamorig_Spine1-Interpolations">
        <Name_array id="mixamorig_Spine1-Interpolations-array" count="14">
 LINEAR LINEAR LINEAR LINEAR LINEAR LINEAR LINEAR LINEAR LINEAR LINEAR LINEAR
LINEAR LINEAR LINEAR</Name_array>
        <technique_common>
          <accessor source="#mixamorig_Spine1-Interpolations-array" count="14">
            <param type="name"/>
          </accessor>
        </technique_common>
      </source>
      <sampler id="mixamorig_Spine1-Matrix-animation-transform">
        <input semantic="INPUT" source="#mixamorig_Spine1-Matrix-animation-input"/>
        <input semantic="OUTPUT" source="#mixamorig_Spine1-Matrix-animation-output-transform"/>
        <input semantic="INTERPOLATION" source="#mixamorig_Spine1-Interpolations"/>
      </sampler>
      <channel source="#mixamorig_Spine1-Matrix-animation-transform" target="mixamorig_Spine1/matrix"/>
    </animation>
    <animation id="mixamorig_Spine2-anim" name="mixamorig_Spine2">
      <source id="mixamorig_Spine2-Matrix-animation-input">
        <float_array id="mixamorig_Spine2-Matrix-animation-input-array" count="14">

0.000000 0.033333 0.066667 0.100000 0.133333 0.166667 0.200000 0.233333 0.266667 0.300000 0.333333 0.366667 0.400000 0.433333</float_array>
        <technique_common>
          <accessor source="#mixamorig_Spine2-Matrix-animation-input-array" count="14">
            <param name="TIME" type="float"/>
          </accessor>
        </technique_common>
      </source>
      <source id="mixamorig_Spine2-Matrix-animation-output-transform">
        <float_array id="mixamorig_Spine2-Matrix-animation-output-transform-array" count="224">

0.999985 -0.005433 0.000058 0.000000 0.005382 0.989191 -0.146532 14.459700 0.000739 0.146530 0.989206 0.000000 0.000000 0.000000 0.000000 1.000000
0.999986 -0.004972 0.001707 0.000000 0.005168 0.989179 -0.146623 14.459700 -0.000960 0.146630 0.989191 0.000000 0.000000 0.000000 0.000000 1.000000
0.999986 -0.004864 0.002166 -0.000000 0.005129 0.989191 -0.146546 14.459700 -0.001430 0.146555 0.989201 0.000000 0.000000 0.000000 0.000000 1.000000
0.999984 -0.005564 -0.000428 0.000000 0.005441 0.989236 -0.146228 14.459700 0.001237 0.146223 0.989251 -0.000000 0.000000 0.000000 0.000000 1.000000
0.999970 -0.006540 -0.004132 0.000000 0.005868 0.989302 -0.145765 14.459700 0.005041 0.145736 0.989311 0.000000 0.000000 0.000000 0.000000 1.000000
0.999947 -0.007345 -0.007193 0.000000 0.006222 0.989352 -0.145408 14.459700 0.008184 0.145356 0.989346 0.000000 0.000000 0.000000 0.000000 1.000000
0.999946 -0.007388 -0.007260 0.000000 0.006255 0.989367 -0.145308 14.459700 0.008257 0.145255 0.989360 0.000000 0.000000 0.000000 0.000000 1.000000
0.999968 -0.006697 -0.004297 -0.000000 0.006001 0.989360 -0.145366 14.459700 0.005225 0.145336 0.989369 0.000000 0.000000 0.000000 0.000000 1.000000
0.999983 -0.005849 -0.000596 0.000000 0.005700 0.989330 -0.145581 14.459700 0.001441 0.145575 0.989346 0.000000 0.000000 0.000000 0.000000 1.000000
0.999928 -0.008001 -0.008959 -0.000000 0.006616 0.989386 -0.145159 14.459700 0.010025 0.145089 0.989368 0.000000 0.000000 0.000000 0.000000 1.000000
0.999789 -0.010277 -0.017769 0.000000 0.007595 0.989423 -0.144860 14.459700 0.019070 0.144694 0.989293 -0.000000 0.000000 0.000000 0.000000 1.000000
0.999711 -0.011234 -0.021274 -0.000000 0.008032 0.989399 -0.144997 14.459700 0.022677 0.144784 0.989203 -0.000000 0.000000 0.000000 0.000000 1.000000
0.999798 -0.010220 -0.017306 0.000000 0.007591 0.989300 -0.145699 14.459700 0.018610 0.145538 0.989178 0.000000 0.000000 0.000000 0.000000 1.000000
0.999862 -0.009280 -0.013775 0.000000 0.007168 0.989236 -0.146151 14.459700 0.014983 0.146032 0.989166 -0.000000 0.000000 0.000000 0.000000 1.000000</float_array>
        <technique_common>
          <accessor source="#mixamorig_Spine2-Matrix-animation-output-transform-array" count="14" stride="16">
            <param type="float4x4"/>
          </accessor>
        </technique_common>
      </source>
      <source id="mixamorig_Spine2-Interpolations">
        <Name_array id="mixamorig_Spine2-Interpolations-array" count="14">
 LINEAR LINEAR LINEAR LINEAR LINEAR LINEAR LINEAR LINEAR LINEAR LINEAR LINEAR
LINEAR LINEAR LINEAR</Name_array>
        <technique_common>
          <accessor source="#mixamorig_Spine2-Interpolations-array" count="14">
            <param type="name"/>
          </accessor>
        </technique_common>
      </source>
      <sampler id="mixamorig_Spine2-Matrix-animation-transform">
        <input semantic="INPUT" source="#mixamorig_Spine2-Matrix-animation-input"/>
        <input semantic="OUTPUT" source="#mixamorig_Spine2-Matrix-animation-output-transform"/>
        <input semantic="INTERPOLATION" source="#mixamorig_Spine2-Interpolations"/>
      </sampler>
      <channel source="#mixamorig_Spine2-Matrix-animation-transform" target="mixamorig_Spine2/matrix"/>
    </animation>
    <animation id="mixamorig_Neck-anim" name="mixamorig_Neck">
      <source id="mixamorig_Neck-Matrix-animation-input">
        <float_array id="mixamorig_Neck-Matrix-animation-input-array" count="14">

0.000000 0.033333 0.066667 0.100000 0.133333 0.166667 0.200000 0.233333 0.266667 0.300000 0.333333 0.366667 0.400000 0.433333</float_array>
        <technique_common>
          <accessor source="#mixamorig_Neck-Matrix-animation-input-array" count="14">
            <param name="TIME" type="float"/>
          </accessor>
        </technique_common>
      </source>
      <source id="mixamorig_Neck-Matrix-animation-output-transform">
        <float_array id="mixamorig_Neck-Matrix-animation-output-transform-array" count="224">

0.995656 0.029773 0.088223 0.000000 -0.041574 0.989960 0.135098 16.135700 -0.083314 -0.138179 0.986897 0.000000 0.000000 0.000000 0.000000 1.000000
0.995735 0.031027 0.086888 -0.000000 -0.042655 0.989880 0.135345 16.135700 -0.081810 -0.138474 0.986981 0.000000 0.000000 0.000000 0.000000 1.000000
0.995825 0.031877 0.085535 0.000000 -0.042962 0.990443 0.131062 16.135700 -0.080539 -0.134189 0.987677 0.000000 0.000000 0.000000 0.000000 1.000000
0.995923 0.032494 0.084149 0.000000 -0.042818 0.991364 0.123955 16.135700 -0.079395 -0.127053 0.988713 0.000000 0.000000 0.000000 0.000000 1.000000
0.996024 0.032939 0.082774 0.000000 -0.042347 0.992509 0.114598 16.135700 -0.078380 -0.117648 0.989957 -0.000000 0.000000 0.000000 0.000000 1.000000
0.996124 0.033234 0.081442 -0.000000 -0.041623 0.993750 0.103579 16.135700 -0.077491 -0.106568 0.991281 0.000000 0.000000 0.000000 0.000000 1.000000
0.996219 0.033431 0.080189 0.000000 -0.040759 0.994964 0.091571 16.135700 -0.076724 -0.094494 0.992565 -0.000000 0.000000 0.000000 0.000000 1.000000
0.996307 0.033554 0.079037 0.000000 -0.039824 0.996068 0.079141 16.135700 -0.076071 -0.081996 0.993725 0.000000 0.000000 0.000000 0.000000 1.000000
0.996386 0.033615 0.078011 -0.000000 -0.038874 0.997001 0.066914 16.135700 -0.075528 -0.069704 0.994704 -0.000000 0.000000 0.000000 0.000000 1.000000
0.996453 0.033637 0.077132 0.000000 -0.037977 0.997736 0.055503 16.135700 -0.075090 -0.058235 0.995475 0.000000 0.000000 0.000000 0.000000 1.000000
0.996508 0.033648 0.076420 -0.000000 -0.037202 0.998268 0.045566 16.135700 -0.074755 -0.048250 0.996034 0.000000 0.000000 0.000000 0.000000 1.000000
0.996549 0.033628 0.075889 0.000000 -0.036567 0.998620 0.037685 16.135700 -0.074517 -0.040330 0.996404 -0.000000 0.000000 0.000000 0.000000 1.000000
0.996573 0.033617 0.075577 0.000000 -0.036181 0.998806 0.032814 16.135700 -0.074384 -0.035436 0.996600 -0.000000 0.000000 0.000000 0.000000 1.000000
0.996583 0.033615 0.075442 -0.000000 -0.036013 0.998881 0.030644 16.135700 -0.074328 -0.033256 0.996679 0.000000 0.000000 0.000000 0.000000 1.000000</float_array>
        <technique_common>
          <accessor source="#mixamorig_Neck-Matrix-animation-output-transform-array" count="14" stride="16">
            <param type="float4x4"/>
          </accessor>
        </technique_common>
      </source>
      <source id="mixamorig_Neck-Interpolations">
        <Name_array id="mixamorig_Neck-Interpolations-array" count="14">
 LINEAR LINEAR LINEAR LINEAR LINEAR LINEAR LINEAR LINEAR LINEAR LINEAR LINEAR
LINEAR LINEAR LINEAR</Name_array>
        <technique_common>
          <accessor source="#mixamorig_Neck-Interpolations-array" count="14">
            <param type="name"/>
          </accessor>
        </technique_common>
      </source>
      <sampler id="mixamorig_Neck-Matrix-animation-transform">
        <input semantic="INPUT" source="#mixamorig_Neck-Matrix-animation-input"/>
        <input semantic="OUTPUT" source="#mixamorig_Neck-Matrix-animation-output-transform"/>
        <input semantic="INTERPOLATION" source="#mixamorig_Neck-Interpolations"/>
      </sampler>
      <channel source="#mixamorig_Neck-Matrix-animation-transform" target="mixamorig_Neck/matrix"/>
    </animation>
    <animation id="mixamorig_Head-anim" name="mixamorig_Head">
      <source id="mixamorig_Head-Matrix-animation-input">
        <float_array id="mixamorig_Head-Matrix-animation-input-array" count="14">

0.000000 0.033333 0.066667 0.100000 0.133333 0.166667 0.200000 0.233333 0.266667 0.300000 0.333333 0.366667 0.400000 0.433333</float_array>
        <technique_common>
          <accessor source="#mixamorig_Head-Matrix-animation-input-array" count="14">
            <param name="TIME" type="float"/>
          </accessor>
        </technique_common>
      </source>
      <source id="mixamorig_Head-Matrix-animation-output-transform">
        <float_array id="mixamorig_Head-Matrix-animation-output-transform-array" count="224">

0.822781 0.189507 0.535834 0.000000 -0.261759 0.963185 0.061287 6.791300 -0.504494 -0.190685 0.842096 0.000000 0.000000 0.000000 0.000000 1.000000
0.830352 0.182589 0.526476 0.000000 -0.250604 0.966219 0.060152 6.791300 -0.497708 -0.181884 0.848060 0.000000 0.000000 0.000000 0.000000 1.000000
0.838926 0.173702 0.515782 0.000000 -0.232478 0.971262 0.051033 6.791300 -0.492095 -0.162721 0.855199 0.000000 0.000000 0.000000 0.000000 1.000000
0.848189 0.163319 0.503887 0.000000 -0.209788 0.977067 0.036450 6.791300 -0.486378 -0.136626 0.863000 -0.000000 0.000000 0.000000 0.000000 1.000000
0.857753 0.151832 0.491129 0.000000 -0.183887 0.982795 0.017327 6.791300 -0.480048 -0.105174 0.870915 0.000000 0.000000 0.000000 0.000000 1.000000
0.867246 0.139684 0.477884 0.000000 -0.156140 0.987720 -0.005349 6.791300 -0.472763 -0.069978 0.878407 0.000000 0.000000 0.000000 0.000000 1.000000
0.876362 0.127282 0.464530 0.000000 -0.127803 0.991330 -0.030519 6.791300 -0.464387 -0.032623 0.885031 0.000000 0.000000 0.000000 0.000000 1.000000
0.884821 0.115078 0.451495 0.000000 -0.100152 0.993343 -0.056913 6.791300 -0.455039 0.005140 0.890456 -0.000000 0.000000 0.000000 0.000000 1.000000
0.892399 0.103523 0.439212 0.000000 -0.074327 0.993756 -0.083212 6.791300 -0.445084 0.041613 0.894521 0.000000 0.000000 0.000000 0.000000 1.000000
0.898910 0.093063 0.428135 0.000000 -0.051352 0.992825 -0.107991 6.791300 -0.435113 0.075088 0.897239 -0.000000 0.000000 0.000000 0.000000 1.000000
0.904211 0.084133 0.418717 0.000000 -0.032095 0.991018 -0.129817 6.791300 -0.425878 0.103943 0.898790 -0.000000 0.000000 0.000000 0.000000 1.000000
0.908162 0.077217 0.411436 -0.000000 -0.017406 0.988956 -0.147186 6.791300 -0.418257 0.126507 0.899476 -0.000000 0.000000 0.000000 0.000000 1.000000
0.910497 0.073003 0.407021 0.000000 -0.008558 0.987409 -0.157957 6.791300 -0.413427 0.140336 0.899658 0.000000 0.000000 0.000000 0.000000 1.000000
0.911513 0.071138 0.405073 -0.000000 -0.004670 0.986654 -0.162765 6.791300 -0.411246 0.146471 0.899679 -0.000000 0.000000 0.000000 0.000000 1.000000</float_array>
        <technique_common>
          <accessor source="#mixamorig_Head-Matrix-animation-output-transform-array" count="14" stride="16">
            <param type="float4x4"/>
          </accessor>
        </technique_common>
      </source>
      <source id="mixamorig_Head-Interpolations">
        <Name_array id="mixamorig_Head-Interpolations-array" count="14">
 LINEAR LINEAR LINEAR LINEAR LINEAR LINEAR LINEAR LINEAR LINEAR LINEAR LINEAR
LINEAR LINEAR LINEAR</Name_array>
        <technique_common>
          <accessor source="#mixamorig_Head-Interpolations-array" count="14">
            <param type="name"/>
          </accessor>
        </technique_common>
      </source>
      <sampler id="mixamorig_Head-Matrix-animation-transform">
        <input semantic="INPUT" source="#mixamorig_Head-Matrix-animation-input"/>
        <input semantic="OUTPUT" source="#mixamorig_Head-Matrix-animation-output-transform"/>
        <input semantic="INTERPOLATION" source="#mixamorig_Head-Interpolations"/>
      </sampler>
      <channel source="#mixamorig_Head-Matrix-animation-transform" target="mixamorig_Head/matrix"/>
    </animation>
    <animation id="mixamorig_LeftShoulder-anim" name="mixamorig_LeftShoulder">
      <source id="mixamorig_LeftShoulder-Matrix-animation-input">
        <float_array id="mixamorig_LeftShoulder-Matrix-animation-input-array" count="14">

0.000000 0.033333 0.066667 0.100000 0.133333 0.166667 0.200000 0.233333 0.266667 0.300000 0.333333 0.366667 0.400000 0.433333</float_array>
        <technique_common>
          <accessor source="#mixamorig_LeftShoulder-Matrix-animation-input-array" count="14">
            <param name="TIME" type="float"/>
          </accessor>
        </technique_common>
      </source>
      <source id="mixamorig_LeftShoulder-Matrix-animation-output-transform">
        <float_array id="mixamorig_LeftShoulder-Matrix-animation-output-transform-array" count="224">

0.541610 0.638909 -0.546310 11.022900 0.035568 -0.666717 -0.744462 13.234400 -0.839877 0.383777 -0.383825 -1.554100 0.000000 0.000000 0.000000 1.000000
0.544113 0.636011 -0.547203 11.022900 0.033470 -0.668134 -0.743287 13.234400 -0.838344 0.386117 -0.384828 -1.554100 0.000000 0.000000 0.000000 1.000000
0.540136 0.645665 -0.539786 11.022900 0.038249 -0.659570 -0.750670 13.234400 -0.840708 0.384818 -0.380954 -1.554100 0.000000 0.000000 0.000000 1.000000
0.531349 0.665234 -0.524530 11.022900 0.046835 -0.641288 -0.765869 13.234400 -0.845858 0.382377 -0.371904 -1.554100 0.000000 0.000000 0.000000 1.000000
0.518417 0.690652 -0.504226 11.022900 0.055826 -0.615726 -0.785980 13.234400 -0.853304 0.379316 -0.357759 -1.554100 0.000000 0.000000 0.000000 1.000000
0.502377 0.717927 -0.481869 11.022900 0.061765 -0.585674 -0.808190 13.234400 -0.862440 0.376254 -0.338572 -1.554100 0.000000 0.000000 0.000000 1.000000
0.484374 0.742199 -0.463165 11.022900 0.059774 -0.556255 -0.828859 13.234400 -0.872817 0.373793 -0.313799 -1.554100 0.000000 0.000000 0.000000 1.000000
0.465300 0.762286 -0.449907 11.022900 0.049073 -0.529715 -0.846755 13.234400 -0.883792 0.371917 -0.283884 -1.554100 0.000000 0.000000 0.000000 1.000000
0.446833 0.778369 -0.441002 11.022900 0.031136 -0.506182 -0.861865 13.234400 -0.894076 0.371379 -0.250414 -1.554100 0.000000 0.000000 0.000000 1.000000
0.426280 0.792352 -0.436422 11.022900 0.007996 -0.485734 -0.874070 13.234400 -0.904556 0.369109 -0.213394 -1.554100 0.000000 0.000000 0.000000 1.000000
0.406296 0.798128 -0.444876 11.022900 -0.023005 -0.477784 -0.878176 13.234400 -0.913452 0.367034 -0.175761 -1.554100 0.000000 0.000000 0.000000 1.000000
0.387746 0.801183 -0.455805 11.022900 -0.056018 -0.473096 -0.879228 13.234400 -0.920062 0.366451 -0.138561 -1.554100 0.000000 0.000000 0.000000 1.000000
0.365140 0.805323 -0.467041 11.022900 -0.094407 -0.467063 -0.879170 13.234400 -0.926153 0.365112 -0.094515 -1.554100 0.000000 0.000000 0.000000 1.000000
0.351325 0.808076 -0.472847 11.022900 -0.116857 -0.463245 -0.878492 13.234400 -0.928933 0.363891 -0.068320 -1.554100 0.000000 0.000000 0.000000 1.000000</float_array>
        <technique_common>
          <accessor source="#mixamorig_LeftShoulder-Matrix-animation-output-transform-array" count="14" stride="16">
            <param type="float4x4"/>
          </accessor>
        </technique_common>
      </source>
      <source id="mixamorig_LeftShoulder-Interpolations">
        <Name_array id="mixamorig_LeftShoulder-Interpolations-array" count="14">
 LINEAR LINEAR LINEAR LINEAR LINEAR LINEAR LINEAR LINEAR LINEAR LINEAR LINEAR
LINEAR LINEAR LINEAR</Name_array>
        <technique_common>
          <accessor source="#mixamorig_LeftShoulder-Interpolations-array" count="14">
            <param type="name"/>
          </accessor>
        </technique_common>
      </source>
      <sampler id="mixamorig_LeftShoulder-Matrix-animation-transform">
        <input semantic="INPUT" source="#mixamorig_LeftShoulder-Matrix-animation-input"/>
        <input semantic="OUTPUT" source="#mixamorig_LeftShoulder-Matrix-animation-output-transform"/>
        <input semantic="INTERPOLATION" source="#mixamorig_LeftShoulder-Interpolations"/>
      </sampler>
      <channel source="#mixamorig_LeftShoulder-Matrix-animation-transform" target="mixamorig_LeftShoulder/matrix"/>
    </animation>
    <animation id="mixamorig_LeftArm-anim" name="mixamorig_LeftArm">
      <source id="mixamorig_LeftArm-Matrix-animation-input">
        <float_array id="mixamorig_LeftArm-Matrix-animation-input-array" count="14">

0.000000 0.033333 0.066667 0.100000 0.133333 0.166667 0.200000 0.233333 0.266667 0.300000 0.333333 0.366667 0.400000 0.433333</float_array>
        <technique_common>
          <accessor source="#mixamorig_LeftArm-Matrix-animation-input-array" count="14">
            <param name="TIME" type="float"/>
          </accessor>
        </technique_common>
      </source>
      <source id="mixamorig_LeftArm-Matrix-animation-output-transform">
        <float_array id="mixamorig_LeftArm-Matrix-animation-output-transform-array" count="224">

0.653782 -0.250824 -0.713902 0.000000 -0.060385 0.923160 -0.379645 16.551600 0.754270 0.291314 0.588399 -0.000000 0.000000 0.000000 0.000000 1.000000
0.668602 -0.276960 -0.690119 -0.000000 -0.031532 0.916659 -0.398424 16.551600 0.742952 0.288148 0.604147 0.000000 0.000000 0.000000 0.000000 1.000000
0.685925 -0.284238 -0.669862 0.000000 -0.030831 0.908376 -0.417015 16.551600 0.727019 0.306694 0.614315 0.000000 0.000000 0.000000 0.000000 1.000000
0.700520 -0.283966 -0.654702 0.000000 -0.044373 0.898314 -0.437108 16.551600 0.712252 0.335254 0.616686 0.000000 0.000000 0.000000 0.000000 1.000000
0.718350 -0.288995 -0.632815 0.000000 -0.055001 0.883193 -0.465773 16.551600 0.693504 0.369394 0.618547 0.000000 0.000000 0.000000 0.000000 1.000000
0.737190 -0.305907 -0.602472 0.000000 -0.052878 0.862791 -0.502787 16.551600 0.673614 0.402507 0.619865 -0.000000 0.000000 0.000000 0.000000 1.000000
0.757587 -0.348693 -0.551793 0.000000 -0.015353 0.835603 -0.549119 16.551600 0.652554 0.424477 0.627688 0.000000 0.000000 0.000000 0.000000 1.000000
0.773922 -0.405033 -0.486819 0.000000 0.049278 0.804911 -0.591346 16.551600 0.631360 0.433667 0.642897 0.000000 0.000000 0.000000 0.000000 1.000000
0.767573 -0.479282 -0.425582 0.000000 0.136254 0.770810 -0.622324 16.551600 0.626312 0.419692 0.656957 0.000000 0.000000 0.000000 0.000000 1.000000
0.748611 -0.426308 -0.507783 0.000000 0.046263 0.797595 -0.601416 16.551600 0.661394 0.426735 0.616811 0.000000 0.000000 0.000000 0.000000 1.000000
0.708441 -0.356082 -0.609358 -0.000000 -0.052844 0.834208 -0.548911 16.551600 0.703789 0.421072 0.572171 -0.000000 0.000000 0.000000 0.000000 1.000000
0.672211 -0.323002 -0.666185 0.000000 -0.095601 0.854410 -0.510730 16.551600 0.734162 0.407006 0.543464 -0.000000 0.000000 0.000000 0.000000 1.000000
0.677473 -0.309696 -0.667172 0.000000 -0.109907 0.854237 -0.508133 16.551600 0.727290 0.417574 0.544685 -0.000000 0.000000 0.000000 0.000000 1.000000
0.688924 -0.305856 -0.657142 0.000000 -0.113333 0.850007 -0.514436 16.551600 0.715919 0.428883 0.550926 -0.000000 0.000000 0.000000 0.000000 1.000000</float_array>
        <technique_common>
          <accessor source="#mixamorig_LeftArm-Matrix-animation-output-transform-array" count="14" stride="16">
            <param type="float4x4"/>
          </accessor>
        </technique_common>
      </source>
      <source id="mixamorig_LeftArm-Interpolations">
        <Name_array id="mixamorig_LeftArm-Interpolations-array" count="14">
 LINEAR LINEAR LINEAR LINEAR LINEAR LINEAR LINEAR LINEAR LINEAR LINEAR LINEAR
LINEAR LINEAR LINEAR</Name_array>
        <technique_common>
          <accessor source="#mixamorig_LeftArm-Interpolations-array" count="14">
            <param type="name"/>
          </accessor>
        </technique_common>
      </source>
      <sampler id="mixamorig_LeftArm-Matrix-animation-transform">
        <input semantic="INPUT" source="#mixamorig_LeftArm-Matrix-animation-input"/>
        <input semantic="OUTPUT" source="#mixamorig_LeftArm-Matrix-animation-output-transform"/>
        <input semantic="INTERPOLATION" source="#mixamorig_LeftArm-Interpolations"/>
      </sampler>
      <channel source="#mixamorig_LeftArm-Matrix-animation-transform" target="mixamorig_LeftArm/matrix"/>
    </animation>
    <animation id="mixamorig_LeftForeArm-anim" name="mixamorig_LeftForeArm">
      <source id="mixamorig_LeftForeArm-Matrix-animation-input">
        <float_array id="mixamorig_LeftForeArm-Matrix-animation-input-array" count="14">

0.000000 0.033333 0.066667 0.100000 0.133333 0.166667 0.200000 0.233333 0.266667 0.300000 0.333333 0.366667 0.400000 0.433333</float_array>
        <technique_common>
          <accessor source="#mixamorig_LeftForeArm-Matrix-animation-input-array" count="14">
            <param name="TIME" type="float"/>
          </accessor>
        </technique_common>
      </source>
      <source id="mixamorig_LeftForeArm-Matrix-animation-output-transform">
        <float_array id="mixamorig_LeftForeArm-Matrix-animation-output-transform-array" count="224">

0.081550 -0.964293 0.251971 0.000000 -0.193213 -0.263312 -0.945164 27.198299 0.977762 0.028394 -0.207787 0.000000 0.000000 0.000000 0.000000 1.000000
0.069532 -0.983873 0.164801 0.000000 -0.188617 -0.175187 -0.966299 27.198299 0.979586 0.036104 -0.197756 -0.000000 0.000000 0.000000 0.000000 1.000000
0.069298 -0.988979 0.130837 0.000000 -0.180048 -0.141398 -0.973442 27.198299 0.981214 0.043901 -0.187863 0.000000 0.000000 0.000000 0.000000 1.000000
0.066888 -0.994616 0.079151 0.000000 -0.170603 -0.089561 -0.981261 27.198299 0.983067 0.052131 -0.175675 0.000000 0.000000 0.000000 0.000000 1.000000
0.057668 -0.998118 -0.020868 0.000000 -0.169565 0.010806 -0.985460 27.198299 0.983830 0.060368 -0.168623 0.000000 0.000000 0.000000 0.000000 1.000000
0.045483 -0.988839 -0.141879 -0.000000 -0.163764 0.132723 -0.977531 27.198299 0.985450 0.067696 -0.155899 0.000000 0.000000 0.000000 0.000000 1.000000
0.041496 -0.965782 -0.256014 0.000000 -0.131920 0.248696 -0.959556 27.198299 0.990392 0.073591 -0.117086 0.000000 0.000000 0.000000 0.000000 1.000000
0.025135 -0.954281 -0.297851 -0.000000 -0.188241 0.288098 -0.938917 27.198299 0.981801 0.079667 -0.172394 0.000000 0.000000 0.000000 0.000000 1.000000
0.042492 -0.948619 -0.313556 0.000000 -0.145165 0.304647 -0.941338 27.198299 0.988495 0.085517 -0.124761 0.000000 0.000000 0.000000 0.000000 1.000000
0.067324 -0.975545 -0.209235 0.000000 -0.135242 0.198852 -0.970653 27.198299 0.988523 0.093645 -0.118547 -0.000000 0.000000 0.000000 0.000000 1.000000
0.090649 -0.992219 -0.085353 0.000000 -0.121623 0.074034 -0.989812 27.198299 0.988428 0.100107 -0.113965 0.000000 0.000000 0.000000 0.000000 1.000000
0.104047 -0.994557 -0.005612 0.000000 -0.110255 -0.005927 -0.993886 27.198299 0.988442 0.104030 -0.110271 0.000000 0.000000 0.000000 0.000000 1.000000
0.110921 -0.992876 0.043510 0.000000 -0.097100 -0.054397 -0.993787 27.198299 0.989074 0.106007 -0.102442 0.000000 0.000000 0.000000 0.000000 1.000000
0.113523 -0.991342 0.065988 -0.000000 -0.089215 -0.076320 -0.993084 27.198299 0.989522 0.106851 -0.097107 0.000000 0.000000 0.000000 0.000000 1.000000</float_array>
        <technique_common>
          <accessor source="#mixamorig_LeftForeArm-Matrix-animation-output-transform-array" count="14" stride="16">
            <param type="float4x4"/>
          </accessor>
        </technique_common>
      </source>
      <source id="mixamorig_LeftForeArm-Interpolations">
        <Name_array id="mixamorig_LeftForeArm-Interpolations-array" count="14">
 LINEAR LINEAR LINEAR LINEAR LINEAR LINEAR LINEAR LINEAR LINEAR LINEAR LINEAR
LINEAR LINEAR LINEAR</Name_array>
        <technique_common>
          <accessor source="#mixamorig_LeftForeArm-Interpolations-array" count="14">
            <param type="name"/>
          </accessor>
        </technique_common>
      </source>
      <sampler id="mixamorig_LeftForeArm-Matrix-animation-transform">
        <input semantic="INPUT" source="#mixamorig_LeftForeArm-Matrix-animation-input"/>
        <input semantic="OUTPUT" source="#mixamorig_LeftForeArm-Matrix-animation-output-transform"/>
        <input semantic="INTERPOLATION" source="#mixamorig_LeftForeArm-Interpolations"/>
      </sampler>
      <channel source="#mixamorig_LeftForeArm-Matrix-animation-transform" target="mixamorig_LeftForeArm/matrix"/>
    </animation>
    <animation id="mixamorig_LeftHand-anim" name="mixamorig_LeftHand">
      <source id="mixamorig_LeftHand-Matrix-animation-input">
        <float_array id="mixamorig_LeftHand-Matrix-animation-input-array" count="14">

0.000000 0.033333 0.066667 0.100000 0.133333 0.166667 0.200000 0.233333 0.266667 0.300000 0.333333 0.366667 0.400000 0.433333</float_array>
        <technique_common>
          <accessor source="#mixamorig_LeftHand-Matrix-animation-input-array" count="14">
            <param name="TIME" type="float"/>
          </accessor>
        </technique_common>
      </source>
      <source id="mixamorig_LeftHand-Matrix-animation-output-transform">
        <float_array id="mixamorig_LeftHand-Matrix-animation-output-transform-array" count="224">

0.807795 -0.170814 -0.564172 0.000000 0.174977 0.983440 -0.047219 21.535400 0.562894 -0.060574 0.824306 -0.000000 0.000000 0.000000 0.000000 1.000000
0.816487 -0.176110 -0.549849 0.000000 0.156909 0.984184 -0.082223 21.535400 0.555633 -0.019142 0.831207 0.000000 0.000000 0.000000 0.000000 1.000000
0.803190 -0.185478 -0.566113 -0.000000 0.180226 0.981419 -0.065846 21.535400 0.567807 -0.049142 0.821693 -0.000000 0.000000 0.000000 0.000000 1.000000
0.774142 -0.195824 -0.601961 0.000000 0.203836 0.977412 -0.055821 21.535400 0.599295 -0.079488 0.796572 0.000000 0.000000 0.000000 0.000000 1.000000
0.743264 -0.206575 -0.636306 -0.000000 0.203159 0.975912 -0.079518 21.535400 0.637405 -0.070168 0.767328 0.000000 0.000000 0.000000 0.000000 1.000000
0.709763 -0.214602 -0.670956 0.000000 0.183856 0.975888 -0.117643 21.535400 0.680025 -0.039861 0.732105 0.000000 0.000000 0.000000 0.000000 1.000000
0.669310 -0.218519 -0.710122 0.000000 0.158225 0.975768 -0.151132 21.535400 0.725940 -0.011205 0.687667 -0.000000 0.000000 0.000000 0.000000 1.000000
0.707014 -0.219036 -0.672424 -0.000000 0.175539 0.975424 -0.133167 21.535400 0.685067 -0.023886 0.728088 -0.000000 0.000000 0.000000 0.000000 1.000000
0.686899 -0.196450 -0.699698 0.000000 0.201292 0.976534 -0.076566 21.535400 0.698321 -0.088250 0.710324 -0.000000 0.000000 0.000000 0.000000 1.000000
0.684765 -0.155457 -0.711990 -0.000000 0.234238 0.972092 0.013033 21.535400 0.690093 -0.175700 0.702069 0.000000 0.000000 0.000000 0.000000 1.000000
0.692503 -0.101614 -0.714223 0.000000 0.258937 0.959070 0.114613 21.535400 0.673343 -0.264308 0.690471 0.000000 0.000000 0.000000 0.000000 1.000000
0.711867 -0.051977 -0.700388 0.000000 0.258317 0.946729 0.192293 21.535400 0.653083 -0.317810 0.687372 -0.000000 0.000000 0.000000 0.000000 1.000000
0.738430 -0.030564 -0.673637 0.000000 0.235741 0.947639 0.215420 21.535400 0.631781 -0.317876 0.706971 0.000000 0.000000 0.000000 0.000000 1.000000
0.754338 -0.024466 -0.656030 0.000000 0.220002 0.950942 0.217506 21.535400 0.618525 -0.308401 0.722714 -0.000000 0.000000 0.000000 0.000000 1.000000</float_array>
        <technique_common>
          <accessor source="#mixamorig_LeftHand-Matrix-animation-output-transform-array" count="14" stride="16">
            <param type="float4x4"/>
          </accessor>
        </technique_common>
      </source>
      <source id="mixamorig_LeftHand-Interpolations">
        <Name_array id="mixamorig_LeftHand-Interpolations-array" count="14">
 LINEAR LINEAR LINEAR LINEAR LINEAR LINEAR LINEAR LINEAR LINEAR LINEAR LINEAR
LINEAR LINEAR LINEAR</Name_array>
        <technique_common>
          <accessor source="#mixamorig_LeftHand-Interpolations-array" count="14">
            <param type="name"/>
          </accessor>
        </technique_common>
      </source>
      <sampler id="mixamorig_LeftHand-Matrix-animation-transform">
        <input semantic="INPUT" source="#mixamorig_LeftHand-Matrix-animation-input"/>
        <input semantic="OUTPUT" source="#mixamorig_LeftHand-Matrix-animation-output-transform"/>
        <input semantic="INTERPOLATION" source="#mixamorig_LeftHand-Interpolations"/>
      </sampler>
      <channel source="#mixamorig_LeftHand-Matrix-animation-transform" target="mixamorig_LeftHand/matrix"/>
    </animation>
    <animation id="mixamorig_LeftHandThumb1-anim" name="mixamorig_LeftHandThumb1">
      <source id="mixamorig_LeftHandThumb1-Matrix-animation-input">
        <float_array id="mixamorig_LeftHandThumb1-Matrix-animation-input-array" count="14">

0.000000 0.033333 0.066667 0.100000 0.133333 0.166667 0.200000 0.233333 0.266667 0.300000 0.333333 0.366667 0.400000 0.433333</float_array>
        <technique_common>
          <accessor source="#mixamorig_LeftHandThumb1-Matrix-animation-input-array" count="14">
            <param name="TIME" type="float"/>
          </accessor>
        </technique_common>
      </source>
      <source id="mixamorig_LeftHandThumb1-Matrix-animation-output-transform">
        <float_array id="mixamorig_LeftHandThumb1-Matrix-animation-output-transform-array" count="224">

0.933228 0.011704 0.359095 -1.897200 0.153142 0.891171 -0.427038 4.226700 -0.325013 0.453516 0.829873 4.940900 0.000000 0.000000 0.000000 1.000000
0.933228 0.011705 0.359095 -1.897200 0.153142 0.891171 -0.427038 4.226700 -0.325013 0.453516 0.829873 4.940900 0.000000 0.000000 0.000000 1.000000
0.933228 0.011704 0.359095 -1.897200 0.153142 0.891171 -0.427038 4.226700 -0.325013 0.453516 0.829873 4.940900 0.000000 0.000000 0.000000 1.000000
0.933228 0.011704 0.359095 -1.897200 0.153142 0.891171 -0.427038 4.226700 -0.325013 0.453516 0.829873 4.940900 0.000000 0.000000 0.000000 1.000000
0.933228 0.011704 0.359095 -1.897200 0.153142 0.891171 -0.427038 4.226700 -0.325013 0.453516 0.829874 4.940900 0.000000 0.000000 0.000000 1.000000
0.933228 0.011704 0.359095 -1.897200 0.153142 0.891171 -0.427038 4.226700 -0.325013 0.453516 0.829873 4.940900 0.000000 0.000000 0.000000 1.000000
0.933228 0.011704 0.359095 -1.897200 0.153142 0.891171 -0.427038 4.226700 -0.325013 0.453516 0.829873 4.940900 0.000000 0.000000 0.000000 1.000000
0.933228 0.011705 0.359094 -1.897200 0.153142 0.891171 -0.427038 4.226700 -0.325013 0.453516 0.829873 4.940900 0.000000 0.000000 0.000000 1.000000
0.933228 0.011704 0.359095 -1.897200 0.153142 0.891171 -0.427038 4.226700 -0.325013 0.453516 0.829873 4.940900 0.000000 0.000000 0.000000 1.000000
0.933228 0.011704 0.359094 -1.897200 0.153142 0.891171 -0.427038 4.226700 -0.325013 0.453516 0.829873 4.940900 0.000000 0.000000 0.000000 1.000000
0.933228 0.011704 0.359095 -1.897200 0.153142 0.891171 -0.427038 4.226700 -0.325013 0.453516 0.829873 4.940900 0.000000 0.000000 0.000000 1.000000
0.933228 0.011704 0.359095 -1.897200 0.153142 0.891171 -0.427038 4.226700 -0.325013 0.453516 0.829874 4.940900 0.000000 0.000000 0.000000 1.000000
0.933228 0.011704 0.359095 -1.897200 0.153142 0.891171 -0.427038 4.226700 -0.325013 0.453516 0.829873 4.940900 0.000000 0.000000 0.000000 1.000000
0.933228 0.011704 0.359095 -1.897200 0.153142 0.891171 -0.427038 4.226700 -0.325013 0.453516 0.829873 4.940900 0.000000 0.000000 0.000000 1.000000</float_array>
        <technique_common>
          <accessor source="#mixamorig_LeftHandThumb1-Matrix-animation-output-transform-array" count="14" stride="16">
            <param type="float4x4"/>
          </accessor>
        </technique_common>
      </source>
      <source id="mixamorig_LeftHandThumb1-Interpolations">
        <Name_array id="mixamorig_LeftHandThumb1-Interpolations-array" count="14">
 LINEAR LINEAR LINEAR LINEAR LINEAR LINEAR LINEAR LINEAR LINEAR LINEAR LINEAR
LINEAR LINEAR LINEAR</Name_array>
        <technique_common>
          <accessor source="#mixamorig_LeftHandThumb1-Interpolations-array" count="14">
            <param type="name"/>
          </accessor>
        </technique_common>
      </source>
      <sampler id="mixamorig_LeftHandThumb1-Matrix-animation-transform">
        <input semantic="INPUT" source="#mixamorig_LeftHandThumb1-Matrix-animation-input"/>
        <input semantic="OUTPUT" source="#mixamorig_LeftHandThumb1-Matrix-animation-output-transform"/>
        <input semantic="INTERPOLATION" source="#mixamorig_LeftHandThumb1-Interpolations"/>
      </sampler>
      <channel source="#mixamorig_LeftHandThumb1-Matrix-animation-transform" target="mixamorig_LeftHandThumb1/matrix"/>
    </animation>
    <animation id="mixamorig_LeftHandThumb2-anim" name="mixamorig_LeftHandThumb2">
      <source id="mixamorig_LeftHandThumb2-Matrix-animation-input">
        <float_array id="mixamorig_LeftHandThumb2-Matrix-animation-input-array" count="14">

0.000000 0.033333 0.066667 0.100000 0.133333 0.166667 0.200000 0.233333 0.266667 0.300000 0.333333 0.366667 0.400000 0.433333</float_array>
        <technique_common>
          <accessor source="#mixamorig_LeftHandThumb2-Matrix-animation-input-array" count="14">
            <param name="TIME" type="float"/>
          </accessor>
        </technique_common>
      </source>
      <source id="mixamorig_LeftHandThumb2-Matrix-animation-output-transform">
        <float_array id="mixamorig_LeftHandThumb2-Matrix-animation-output-transform-array" count="224">

0.993207 0.111931 0.031813 -0.788100 -0.109120 0.990848 -0.079454 4.746200 -0.040415 0.075443 0.996331 0.000000 0.000000 0.000000 0.000000 1.000000
0.993207 0.111931 0.031813 -0.788100 -0.109120 0.990848 -0.079455 4.746200 -0.040415 0.075444 0.996331 0.000000 0.000000 0.000000 0.000000 1.000000
0.993207 0.111931 0.031813 -0.788100 -0.109120 0.990848 -0.079455 4.746200 -0.040415 0.075443 0.996331 0.000000 0.000000 0.000000 0.000000 1.000000
0.993207 0.111931 0.031813 -0.788100 -0.109120 0.990848 -0.079455 4.746200 -0.040415 0.075444 0.996331 0.000000 0.000000 0.000000 0.000000 1.000000
0.993207 0.111931 0.031813 -0.788100 -0.109120 0.990848 -0.079455 4.746200 -0.040415 0.075443 0.996331 0.000000 0.000000 0.000000 0.000000 1.000000
0.993207 0.111931 0.031813 -0.788100 -0.109120 0.990848 -0.079455 4.746200 -0.040415 0.075444 0.996331 0.000000 0.000000 0.000000 0.000000 1.000000
0.993207 0.111931 0.031813 -0.788100 -0.109120 0.990848 -0.079455 4.746200 -0.040415 0.075443 0.996331 0.000000 0.000000 0.000000 0.000000 1.000000
0.993207 0.111931 0.031813 -0.788100 -0.109120 0.990848 -0.079455 4.746200 -0.040415 0.075443 0.996331 -0.000000 0.000000 0.000000 0.000000 1.000000
0.993207 0.111931 0.031813 -0.788100 -0.109120 0.990848 -0.079455 4.746200 -0.040415 0.075444 0.996331 -0.000000 0.000000 0.000000 0.000000 1.000000
0.993207 0.111931 0.031813 -0.788100 -0.109120 0.990848 -0.079455 4.746200 -0.040415 0.075443 0.996331 0.000000 0.000000 0.000000 0.000000 1.000000
0.993207 0.111931 0.031813 -0.788100 -0.109120 0.990848 -0.079455 4.746200 -0.040415 0.075443 0.996331 0.000000 0.000000 0.000000 0.000000 1.000000
0.993207 0.111931 0.031813 -0.788100 -0.109120 0.990848 -0.079455 4.746200 -0.040415 0.075444 0.996331 0.000000 0.000000 0.000000 0.000000 1.000000
0.993207 0.111931 0.031813 -0.788100 -0.109120 0.990848 -0.079455 4.746200 -0.040415 0.075443 0.996331 -0.000000 0.000000 0.000000 0.000000 1.000000
0.993207 0.111931 0.031813 -0.788100 -0.109120 0.990848 -0.079454 4.746200 -0.040415 0.075443 0.996331 -0.000000 0.000000 0.000000 0.000000 1.000000</float_array>
        <technique_common>
          <accessor source="#mixamorig_LeftHandThumb2-Matrix-animation-output-transform-array" count="14" stride="16">
            <param type="float4x4"/>
          </accessor>
        </technique_common>
      </source>
      <source id="mixamorig_LeftHandThumb2-Interpolations">
        <Name_array id="mixamorig_LeftHandThumb2-Interpolations-array" count="14">
 LINEAR LINEAR LINEAR LINEAR LINEAR LINEAR LINEAR LINEAR LINEAR LINEAR LINEAR
LINEAR LINEAR LINEAR</Name_array>
        <technique_common>
          <accessor source="#mixamorig_LeftHandThumb2-Interpolations-array" count="14">
            <param type="name"/>
          </accessor>
        </technique_common>
      </source>
      <sampler id="mixamorig_LeftHandThumb2-Matrix-animation-transform">
        <input semantic="INPUT" source="#mixamorig_LeftHandThumb2-Matrix-animation-input"/>
        <input semantic="OUTPUT" source="#mixamorig_LeftHandThumb2-Matrix-animation-output-transform"/>
        <input semantic="INTERPOLATION" source="#mixamorig_LeftHandThumb2-Interpolations"/>
      </sampler>
      <channel source="#mixamorig_LeftHandThumb2-Matrix-animation-transform" target="mixamorig_LeftHandThumb2/matrix"/>
    </animation>
    <animation id="mixamorig_LeftHandThumb3-anim" name="mixamorig_LeftHandThumb3">
      <source id="mixamorig_LeftHandThumb3-Matrix-animation-input">
        <float_array id="mixamorig_LeftHandThumb3-Matrix-animation-input-array" count="14">

0.000000 0.033333 0.066667 0.100000 0.133333 0.166667 0.200000 0.233333 0.266667 0.300000 0.333333 0.366667 0.400000 0.433333</float_array>
        <technique_common>
          <accessor source="#mixamorig_LeftHandThumb3-Matrix-animation-input-array" count="14">
            <param name="TIME" type="float"/>
          </accessor>
        </technique_common>
      </source>
      <source id="mixamorig_LeftHandThumb3-Matrix-animation-output-transform">
        <float_array id="mixamorig_LeftHandThumb3-Matrix-animation-output-transform-array" count="224">

0.869835 -0.442616 -0.217894 -0.314700 0.492539 0.804322 0.332374 7.341200 0.028143 -0.396432 0.917633 -0.000000 0.000000 0.000000 0.000000 1.000000
0.869835 -0.442616 -0.217894 -0.314700 0.492539 0.804321 0.332374 7.341200 0.028142 -0.396432 0.917633 -0.000000 0.000000 0.000000 0.000000 1.000000
0.869836 -0.442615 -0.217894 -0.314700 0.492538 0.804322 0.332374 7.341200 0.028143 -0.396432 0.917633 0.000000 0.000000 0.000000 0.000000 1.000000
0.869835 -0.442616 -0.217894 -0.314700 0.492539 0.804321 0.332375 7.341200 0.028142 -0.396432 0.917632 0.000000 0.000000 0.000000 0.000000 1.000000
0.869835 -0.442616 -0.217894 -0.314700 0.492539 0.804321 0.332375 7.341200 0.028142 -0.396432 0.917632 0.000000 0.000000 0.000000 0.000000 1.000000
0.869836 -0.442615 -0.217894 -0.314700 0.492539 0.804321 0.332374 7.341200 0.028143 -0.396432 0.917633 0.000000 0.000000 0.000000 0.000000 1.000000
0.869835 -0.442616 -0.217894 -0.314700 0.492539 0.804321 0.332374 7.341200 0.028143 -0.396432 0.917633 0.000000 0.000000 0.000000 0.000000 1.000000
0.869836 -0.442616 -0.217894 -0.314700 0.492538 0.804322 0.332374 7.341200 0.028142 -0.396432 0.917633 0.000000 0.000000 0.000000 0.000000 1.000000
0.869836 -0.442616 -0.217894 -0.314700 0.492539 0.804321 0.332375 7.341200 0.028142 -0.396432 0.917633 0.000000 0.000000 0.000000 0.000000 1.000000
0.869836 -0.442615 -0.217894 -0.314700 0.492538 0.804322 0.332375 7.341200 0.028143 -0.396432 0.917633 -0.000000 0.000000 0.000000 0.000000 1.000000
0.869835 -0.442616 -0.217894 -0.314700 0.492539 0.804321 0.332375 7.341200 0.028142 -0.396432 0.917632 0.000000 0.000000 0.000000 0.000000 1.000000
0.869836 -0.442616 -0.217894 -0.314700 0.492539 0.804321 0.332375 7.341200 0.028142 -0.396432 0.917633 0.000000 0.000000 0.000000 0.000000 1.000000
0.869835 -0.442616 -0.217894 -0.314700 0.492539 0.804322 0.332374 7.341200 0.028142 -0.396432 0.917633 0.000000 0.000000 0.000000 0.000000 1.000000
0.869836 -0.442615 -0.217894 -0.314700 0.492538 0.804322 0.332374 7.341200 0.028143 -0.396432 0.917633 -0.000000 0.000000 0.000000 0.000000 1.000000</float_array>
        <technique_common>
          <accessor source="#mixamorig_LeftHandThumb3-Matrix-animation-output-transform-array" count="14" stride="16">
            <param type="float4x4"/>
          </accessor>
        </technique_common>
      </source>
      <source id="mixamorig_LeftHandThumb3-Interpolations">
        <Name_array id="mixamorig_LeftHandThumb3-Interpolations-array" count="14">
 LINEAR LINEAR LINEAR LINEAR LINEAR LINEAR LINEAR LINEAR LINEAR LINEAR LINEAR
LINEAR LINEAR LINEAR</Name_array>
        <technique_common>
          <accessor source="#mixamorig_LeftHandThumb3-Interpolations-array" count="14">
            <param type="name"/>
          </accessor>
        </technique_common>
      </source>
      <sampler id="mixamorig_LeftHandThumb3-Matrix-animation-transform">
        <input semantic="INPUT" source="#mixamorig_LeftHandThumb3-Matrix-animation-input"/>
        <input semantic="OUTPUT" source="#mixamorig_LeftHandThumb3-Matrix-animation-output-transform"/>
        <input semantic="INTERPOLATION" source="#mixamorig_LeftHandThumb3-Interpolations"/>
      </sampler>
      <channel source="#mixamorig_LeftHandThumb3-Matrix-animation-transform" target="mixamorig_LeftHandThumb3/matrix"/>
    </animation>
    <animation id="mixamorig_LeftHandIndex1-anim" name="mixamorig_LeftHandIndex1">
      <source id="mixamorig_LeftHandIndex1-Matrix-animation-input">
        <float_array id="mixamorig_LeftHandIndex1-Matrix-animation-input-array" count="14">

0.000000 0.033333 0.066667 0.100000 0.133333 0.166667 0.200000 0.233333 0.266667 0.300000 0.333333 0.366667 0.400000 0.433333</float_array>
        <technique_common>
          <accessor source="#mixamorig_LeftHandIndex1-Matrix-animation-input-array" count="14">
            <param name="TIME" type="float"/>
          </accessor>
        </technique_common>
      </source>
      <source id="mixamorig_LeftHandIndex1-Matrix-animation-output-transform">
        <float_array id="mixamorig_LeftHandIndex1-Matrix-animation-output-transform-array" count="224">

0.970811 0.212794 0.110659 -2.959300 -0.157221 0.913016 -0.376408 12.531300 -0.181131 0.348023 0.919822 1.173500 0.000000 0.000000 0.000000 1.000000
0.970811 0.212794 0.110659 -2.959300 -0.157221 0.913016 -0.376408 12.531300 -0.181131 0.348023 0.919822 1.173500 0.000000 0.000000 0.000000 1.000000
0.970811 0.212794 0.110659 -2.959300 -0.157221 0.913016 -0.376408 12.531300 -0.181131 0.348023 0.919822 1.173500 0.000000 0.000000 0.000000 1.000000
0.970811 0.212794 0.110659 -2.959300 -0.157221 0.913016 -0.376408 12.531300 -0.181131 0.348023 0.919822 1.173500 0.000000 0.000000 0.000000 1.000000
0.970811 0.212794 0.110659 -2.959300 -0.157221 0.913016 -0.376408 12.531300 -0.181131 0.348023 0.919822 1.173500 0.000000 0.000000 0.000000 1.000000
0.970811 0.212794 0.110659 -2.959300 -0.157221 0.913016 -0.376408 12.531300 -0.181130 0.348023 0.919822 1.173500 0.000000 0.000000 0.000000 1.000000
0.970811 0.212794 0.110659 -2.959300 -0.157221 0.913016 -0.376408 12.531300 -0.181131 0.348023 0.919822 1.173500 0.000000 0.000000 0.000000 1.000000
0.970811 0.212795 0.110658 -2.959300 -0.157221 0.913016 -0.376408 12.531300 -0.181130 0.348023 0.919822 1.173500 0.000000 0.000000 0.000000 1.000000
0.970811 0.212794 0.110659 -2.959300 -0.157221 0.913016 -0.376408 12.531300 -0.181131 0.348023 0.919822 1.173500 0.000000 0.000000 0.000000 1.000000
0.970811 0.212794 0.110659 -2.959300 -0.157221 0.913016 -0.376408 12.531300 -0.181130 0.348023 0.919822 1.173500 0.000000 0.000000 0.000000 1.000000
0.970811 0.212794 0.110659 -2.959300 -0.157221 0.913016 -0.376408 12.531300 -0.181130 0.348023 0.919822 1.173500 0.000000 0.000000 0.000000 1.000000
0.970811 0.212794 0.110659 -2.959300 -0.157221 0.913016 -0.376407 12.531300 -0.181131 0.348022 0.919822 1.173500 0.000000 0.000000 0.000000 1.000000
0.970811 0.212794 0.110659 -2.959300 -0.157221 0.913016 -0.376408 12.531300 -0.181131 0.348023 0.919822 1.173500 0.000000 0.000000 0.000000 1.000000
0.970811 0.212794 0.110659 -2.959300 -0.157221 0.913016 -0.376408 12.531300 -0.181131 0.348023 0.919822 1.173500 0.000000 0.000000 0.000000 1.000000</float_array>
        <technique_common>
          <accessor source="#mixamorig_LeftHandIndex1-Matrix-animation-output-transform-array" count="14" stride="16">
            <param type="float4x4"/>
          </accessor>
        </technique_common>
      </source>
      <source id="mixamorig_LeftHandIndex1-Interpolations">
        <Name_array id="mixamorig_LeftHandIndex1-Interpolations-array" count="14">
 LINEAR LINEAR LINEAR LINEAR LINEAR LINEAR LINEAR LINEAR LINEAR LINEAR LINEAR
LINEAR LINEAR LINEAR</Name_array>
        <technique_common>
          <accessor source="#mixamorig_LeftHandIndex1-Interpolations-array" count="14">
            <param type="name"/>
          </accessor>
        </technique_common>
      </source>
      <sampler id="mixamorig_LeftHandIndex1-Matrix-animation-transform">
        <input semantic="INPUT" source="#mixamorig_LeftHandIndex1-Matrix-animation-input"/>
        <input semantic="OUTPUT" source="#mixamorig_LeftHandIndex1-Matrix-animation-output-transform"/>
        <input semantic="INTERPOLATION" source="#mixamorig_LeftHandIndex1-Interpolations"/>
      </sampler>
      <channel source="#mixamorig_LeftHandIndex1-Matrix-animation-transform" target="mixamorig_LeftHandIndex1/matrix"/>
    </animation>
    <animation id="mixamorig_LeftHandIndex2-anim" name="mixamorig_LeftHandIndex2">
      <source id="mixamorig_LeftHandIndex2-Matrix-animation-input">
        <float_array id="mixamorig_LeftHandIndex2-Matrix-animation-input-array" count="14">

0.000000 0.033333 0.066667 0.100000 0.133333 0.166667 0.200000 0.233333 0.266667 0.300000 0.333333 0.366667 0.400000 0.433333</float_array>
        <technique_common>
          <accessor source="#mixamorig_LeftHandIndex2-Matrix-animation-input-array" count="14">
            <param name="TIME" type="float"/>
          </accessor>
        </technique_common>
      </source>
      <source id="mixamorig_LeftHandIndex2-Matrix-animation-output-transform">
        <float_array id="mixamorig_LeftHandIndex2-Matrix-animation-output-transform-array" count="224">

0.997210 0.072410 -0.018140 -0.006300 -0.072367 0.878130 -0.472917 8.298100 -0.018315 0.472910 0.880920 0.000000 0.000000 0.000000 0.000000 1.000000
0.997210 0.072411 -0.018140 -0.006300 -0.072367 0.878130 -0.472917 8.298100 -0.018315 0.472910 0.880920 0.000000 0.000000 0.000000 0.000000 1.000000
0.997210 0.072411 -0.018140 -0.006300 -0.072367 0.878130 -0.472917 8.298100 -0.018315 0.472910 0.880920 -0.000000 0.000000 0.000000 0.000000 1.000000
0.997210 0.072411 -0.018140 -0.006300 -0.072367 0.878131 -0.472916 8.298100 -0.018315 0.472910 0.880921 0.000000 0.000000 0.000000 0.000000 1.000000
0.997210 0.072411 -0.018140 -0.006300 -0.072367 0.878131 -0.472916 8.298100 -0.018315 0.472910 0.880921 0.000000 0.000000 0.000000 0.000000 1.000000
0.997210 0.072411 -0.018140 -0.006300 -0.072367 0.878130 -0.472917 8.298100 -0.018315 0.472910 0.880920 -0.000000 0.000000 0.000000 0.000000 1.000000
0.997210 0.072411 -0.018140 -0.006300 -0.072367 0.878130 -0.472916 8.298100 -0.018315 0.472910 0.880921 -0.000000 0.000000 0.000000 0.000000 1.000000
0.997210 0.072411 -0.018140 -0.006300 -0.072367 0.878130 -0.472916 8.298100 -0.018315 0.472910 0.880921 0.000000 0.000000 0.000000 0.000000 1.000000
0.997210 0.072411 -0.018140 -0.006300 -0.072367 0.878130 -0.472916 8.298100 -0.018315 0.472910 0.880921 0.000000 0.000000 0.000000 0.000000 1.000000
0.997210 0.072411 -0.018140 -0.006300 -0.072367 0.878131 -0.472916 8.298100 -0.018315 0.472910 0.880921 0.000000 0.000000 0.000000 0.000000 1.000000
0.997210 0.072411 -0.018140 -0.006300 -0.072367 0.878130 -0.472917 8.298100 -0.018315 0.472910 0.880920 0.000000 0.000000 0.000000 0.000000 1.000000
0.997210 0.072410 -0.018140 -0.006300 -0.072366 0.878131 -0.472916 8.298100 -0.018315 0.472910 0.880921 -0.000000 0.000000 0.000000 0.000000 1.000000
0.997210 0.072411 -0.018140 -0.006300 -0.072367 0.878130 -0.472916 8.298100 -0.018315 0.472910 0.880921 -0.000000 0.000000 0.000000 0.000000 1.000000
0.997210 0.072410 -0.018140 -0.006300 -0.072367 0.878130 -0.472917 8.298100 -0.018315 0.472910 0.880920 -0.000000 0.000000 0.000000 0.000000 1.000000</float_array>
        <technique_common>
          <accessor source="#mixamorig_LeftHandIndex2-Matrix-animation-output-transform-array" count="14" stride="16">
            <param type="float4x4"/>
          </accessor>
        </technique_common>
      </source>
      <source id="mixamorig_LeftHandIndex2-Interpolations">
        <Name_array id="mixamorig_LeftHandIndex2-Interpolations-array" count="14">
 LINEAR LINEAR LINEAR LINEAR LINEAR LINEAR LINEAR LINEAR LINEAR LINEAR LINEAR
LINEAR LINEAR LINEAR</Name_array>
        <technique_common>
          <accessor source="#mixamorig_LeftHandIndex2-Interpolations-array" count="14">
            <param type="name"/>
          </accessor>
        </technique_common>
      </source>
      <sampler id="mixamorig_LeftHandIndex2-Matrix-animation-transform">
        <input semantic="INPUT" source="#mixamorig_LeftHandIndex2-Matrix-animation-input"/>
        <input semantic="OUTPUT" source="#mixamorig_LeftHandIndex2-Matrix-animation-output-transform"/>
        <input semantic="INTERPOLATION" source="#mixamorig_LeftHandIndex2-Interpolations"/>
      </sampler>
      <channel source="#mixamorig_LeftHandIndex2-Matrix-animation-transform" target="mixamorig_LeftHandIndex2/matrix"/>
    </animation>
    <animation id="mixamorig_LeftHandIndex3-anim" name="mixamorig_LeftHandIndex3">
      <source id="mixamorig_LeftHandIndex3-Matrix-animation-input">
        <float_array id="mixamorig_LeftHandIndex3-Matrix-animation-input-array" count="14">

0.000000 0.033333 0.066667 0.100000 0.133333 0.166667 0.200000 0.233333 0.266667 0.300000 0.333333 0.366667 0.400000 0.433333</float_array>
        <technique_common>
          <accessor source="#mixamorig_LeftHandIndex3-Matrix-animation-input-array" count="14">
            <param name="TIME" type="float"/>
          </accessor>
        </technique_common>
      </source>
      <source id="mixamorig_LeftHandIndex3-Matrix-animation-output-transform">
        <float_array id="mixamorig_LeftHandIndex3-Matrix-animation-output-transform-array" count="224">

0.997081 0.074003 -0.018812 0.002000 -0.074057 0.877242 -0.474302 4.720200 -0.018598 0.474311 0.880161 -0.000000 0.000000 0.000000 0.000000 1.000000
0.997081 0.074003 -0.018812 0.002000 -0.074057 0.877242 -0.474302 4.720200 -0.018597 0.474311 0.880161 0.000000 0.000000 0.000000 0.000000 1.000000
0.997081 0.074003 -0.018812 0.002000 -0.074057 0.877242 -0.474302 4.720200 -0.018598 0.474311 0.880161 0.000000 0.000000 0.000000 0.000000 1.000000
0.997081 0.074003 -0.018811 0.002000 -0.074057 0.877242 -0.474302 4.720200 -0.018598 0.474311 0.880161 -0.000000 0.000000 0.000000 0.000000 1.000000
0.997081 0.074003 -0.018812 0.002000 -0.074057 0.877242 -0.474302 4.720200 -0.018598 0.474311 0.880161 0.000000 0.000000 0.000000 0.000000 1.000000
0.997081 0.074004 -0.018812 0.002000 -0.074058 0.877242 -0.474302 4.720200 -0.018598 0.474311 0.880161 0.000000 0.000000 0.000000 0.000000 1.000000
0.997081 0.074003 -0.018811 0.002000 -0.074057 0.877242 -0.474302 4.720200 -0.018598 0.474311 0.880161 0.000000 0.000000 0.000000 0.000000 1.000000
0.997081 0.074003 -0.018812 0.002000 -0.074057 0.877242 -0.474302 4.720200 -0.018598 0.474311 0.880161 -0.000000 0.000000 0.000000 0.000000 1.000000
0.997081 0.074003 -0.018812 0.002000 -0.074057 0.877242 -0.474302 4.720200 -0.018597 0.474311 0.880161 -0.000000 0.000000 0.000000 0.000000 1.000000
0.997081 0.074003 -0.018812 0.002000 -0.074057 0.877242 -0.474302 4.720200 -0.018598 0.474311 0.880161 0.000000 0.000000 0.000000 0.000000 1.000000
0.997081 0.074003 -0.018811 0.002000 -0.074057 0.877242 -0.474302 4.720200 -0.018598 0.474311 0.880161 0.000000 0.000000 0.000000 0.000000 1.000000
0.997081 0.074003 -0.018811 0.002000 -0.074057 0.877241 -0.474303 4.720200 -0.018598 0.474311 0.880161 0.000000 0.000000 0.000000 0.000000 1.000000
0.997081 0.074003 -0.018812 0.002000 -0.074057 0.877242 -0.474302 4.720200 -0.018597 0.474311 0.880161 0.000000 0.000000 0.000000 0.000000 1.000000
0.997081 0.074003 -0.018812 0.002000 -0.074057 0.877241 -0.474303 4.720200 -0.018598 0.474311 0.880161 -0.000000 0.000000 0.000000 0.000000 1.000000</float_array>
        <technique_common>
          <accessor source="#mixamorig_LeftHandIndex3-Matrix-animation-output-transform-array" count="14" stride="16">
            <param type="float4x4"/>
          </accessor>
        </technique_common>
      </source>
      <source id="mixamorig_LeftHandIndex3-Interpolations">
        <Name_array id="mixamorig_LeftHandIndex3-Interpolations-array" count="14">
 LINEAR LINEAR LINEAR LINEAR LINEAR LINEAR LINEAR LINEAR LINEAR LINEAR LINEAR
LINEAR LINEAR LINEAR</Name_array>
        <technique_common>
          <accessor source="#mixamorig_LeftHandIndex3-Interpolations-array" count="14">
            <param type="name"/>
          </accessor>
        </technique_common>
      </source>
      <sampler id="mixamorig_LeftHandIndex3-Matrix-animation-transform">
        <input semantic="INPUT" source="#mixamorig_LeftHandIndex3-Matrix-animation-input"/>
        <input semantic="OUTPUT" source="#mixamorig_LeftHandIndex3-Matrix-animation-output-transform"/>
        <input semantic="INTERPOLATION" source="#mixamorig_LeftHandIndex3-Interpolations"/>
      </sampler>
      <channel source="#mixamorig_LeftHandIndex3-Matrix-animation-transform" target="mixamorig_LeftHandIndex3/matrix"/>
    </animation>
    <animation id="mixamorig_LeftHandMiddle1-anim" name="mixamorig_LeftHandMiddle1">
      <source id="mixamorig_LeftHandMiddle1-Matrix-animation-input">
        <float_array id="mixamorig_LeftHandMiddle1-Matrix-animation-input-array" count="14">

0.000000 0.033333 0.066667 0.100000 0.133333 0.166667 0.200000 0.233333 0.266667 0.300000 0.333333 0.366667 0.400000 0.433333</float_array>
        <technique_common>
          <accessor source="#mixamorig_LeftHandMiddle1-Matrix-animation-input-array" count="14">
            <param name="TIME" type="float"/>
          </accessor>
        </technique_common>
      </source>
      <source id="mixamorig_LeftHandMiddle1-Matrix-animation-output-transform">
        <float_array id="mixamorig_LeftHandMiddle1-Matrix-animation-output-transform-array" count="224">

0.971065 0.206776 0.119487 2.392400 -0.148501 0.914654 -0.375973 14.502300 -0.187031 0.347350 0.918894 -0.033500 0.000000 0.000000 0.000000 1.000000
0.971065 0.206775 0.119487 2.392400 -0.148501 0.914654 -0.375973 14.502300 -0.187031 0.347350 0.918894 -0.033500 0.000000 0.000000 0.000000 1.000000
0.971065 0.206775 0.119487 2.392400 -0.148501 0.914654 -0.375973 14.502300 -0.187032 0.347350 0.918894 -0.033500 0.000000 0.000000 0.000000 1.000000
0.971065 0.206775 0.119487 2.392400 -0.148501 0.914654 -0.375973 14.502300 -0.187031 0.347350 0.918894 -0.033500 0.000000 0.000000 0.000000 1.000000
0.971065 0.206776 0.119487 2.392400 -0.148501 0.914654 -0.375973 14.502300 -0.187032 0.347350 0.918894 -0.033500 0.000000 0.000000 0.000000 1.000000
0.971065 0.206776 0.119487 2.392400 -0.148501 0.914654 -0.375973 14.502300 -0.187032 0.347350 0.918894 -0.033500 0.000000 0.000000 0.000000 1.000000
0.971065 0.206776 0.119487 2.392400 -0.148501 0.914654 -0.375973 14.502300 -0.187031 0.347350 0.918894 -0.033500 0.000000 0.000000 0.000000 1.000000
0.971065 0.206776 0.119487 2.392400 -0.148501 0.914654 -0.375973 14.502300 -0.187032 0.347350 0.918894 -0.033500 0.000000 0.000000 0.000000 1.000000
0.971065 0.206776 0.119487 2.392400 -0.148501 0.914654 -0.375973 14.502300 -0.187031 0.347350 0.918894 -0.033500 0.000000 0.000000 0.000000 1.000000
0.971065 0.206775 0.119487 2.392400 -0.148501 0.914654 -0.375973 14.502300 -0.187031 0.347351 0.918894 -0.033500 0.000000 0.000000 0.000000 1.000000
0.971065 0.206775 0.119487 2.392400 -0.148501 0.914654 -0.375973 14.502300 -0.187031 0.347350 0.918894 -0.033500 0.000000 0.000000 0.000000 1.000000
0.971065 0.206775 0.119487 2.392400 -0.148501 0.914654 -0.375973 14.502300 -0.187031 0.347350 0.918895 -0.033500 0.000000 0.000000 0.000000 1.000000
0.971065 0.206775 0.119487 2.392400 -0.148501 0.914654 -0.375973 14.502300 -0.187032 0.347350 0.918894 -0.033500 0.000000 0.000000 0.000000 1.000000
0.971065 0.206775 0.119487 2.392400 -0.148501 0.914654 -0.375973 14.502300 -0.187031 0.347350 0.918894 -0.033500 0.000000 0.000000 0.000000 1.000000</float_array>
        <technique_common>
          <accessor source="#mixamorig_LeftHandMiddle1-Matrix-animation-output-transform-array" count="14" stride="16">
            <param type="float4x4"/>
          </accessor>
        </technique_common>
      </source>
      <source id="mixamorig_LeftHandMiddle1-Interpolations">
        <Name_array id="mixamorig_LeftHandMiddle1-Interpolations-array" count="14">
 LINEAR LINEAR LINEAR LINEAR LINEAR LINEAR LINEAR LINEAR LINEAR LINEAR LINEAR
LINEAR LINEAR LINEAR</Name_array>
        <technique_common>
          <accessor source="#mixamorig_LeftHandMiddle1-Interpolations-array" count="14">
            <param type="name"/>
          </accessor>
        </technique_common>
      </source>
      <sampler id="mixamorig_LeftHandMiddle1-Matrix-animation-transform">
        <input semantic="INPUT" source="#mixamorig_LeftHandMiddle1-Matrix-animation-input"/>
        <input semantic="OUTPUT" source="#mixamorig_LeftHandMiddle1-Matrix-animation-output-transform"/>
        <input semantic="INTERPOLATION" source="#mixamorig_LeftHandMiddle1-Interpolations"/>
      </sampler>
      <channel source="#mixamorig_LeftHandMiddle1-Matrix-animation-transform" target="mixamorig_LeftHandMiddle1/matrix"/>
    </animation>
    <animation id="mixamorig_LeftHandMiddle2-anim" name="mixamorig_LeftHandMiddle2">
      <source id="mixamorig_LeftHandMiddle2-Matrix-animation-input">
        <float_array id="mixamorig_LeftHandMiddle2-Matrix-animation-input-array" count="14">

0.000000 0.033333 0.066667 0.100000 0.133333 0.166667 0.200000 0.233333 0.266667 0.300000 0.333333 0.366667 0.400000 0.433333</float_array>
        <technique_common>
          <accessor source="#mixamorig_LeftHandMiddle2-Matrix-animation-input-array" count="14">
            <param name="TIME" type="float"/>
          </accessor>
        </technique_common>
      </source>
      <source id="mixamorig_LeftHandMiddle2-Matrix-animation-output-transform">
        <float_array id="mixamorig_LeftHandMiddle2-Matrix-animation-output-transform-array" count="224">

0.992387 0.113598 -0.047579 0.002700 -0.113625 0.695451 -0.709533 8.151000 -0.047512 0.709537 0.703064 0.000000 0.000000 0.000000 0.000000 1.000000
0.992387 0.113598 -0.047579 0.002700 -0.113625 0.695451 -0.709533 8.151000 -0.047513 0.709538 0.703064 0.000000 0.000000 0.000000 0.000000 1.000000
0.992387 0.113597 -0.047579 0.002700 -0.113625 0.695451 -0.709533 8.151000 -0.047512 0.709537 0.703064 -0.000000 0.000000 0.000000 0.000000 1.000000
0.992387 0.113597 -0.047579 0.002700 -0.113625 0.695451 -0.709533 8.151000 -0.047512 0.709538 0.703064 0.000000 0.000000 0.000000 0.000000 1.000000
0.992387 0.113598 -0.047579 0.002700 -0.113626 0.695451 -0.709533 8.151000 -0.047512 0.709538 0.703064 0.000000 0.000000 0.000000 0.000000 1.000000
0.992387 0.113597 -0.047579 0.002700 -0.113625 0.695451 -0.709533 8.151000 -0.047513 0.709538 0.703064 0.000000 0.000000 0.000000 0.000000 1.000000
0.992387 0.113598 -0.047579 0.002700 -0.113625 0.695451 -0.709533 8.151000 -0.047512 0.709538 0.703064 0.000000 0.000000 0.000000 0.000000 1.000000
0.992387 0.113597 -0.047579 0.002700 -0.113625 0.695451 -0.709533 8.151000 -0.047512 0.709538 0.703064 0.000000 0.000000 0.000000 0.000000 1.000000
0.992387 0.113597 -0.047579 0.002700 -0.113625 0.695451 -0.709533 8.151000 -0.047512 0.709538 0.703064 -0.000000 0.000000 0.000000 0.000000 1.000000
0.992387 0.113597 -0.047579 0.002700 -0.113625 0.695451 -0.709533 8.151000 -0.047512 0.709538 0.703064 0.000000 0.000000 0.000000 0.000000 1.000000
0.992387 0.113598 -0.047579 0.002700 -0.113625 0.695451 -0.709533 8.151000 -0.047512 0.709538 0.703064 0.000000 0.000000 0.000000 0.000000 1.000000
0.992387 0.113598 -0.047579 0.002700 -0.113626 0.695451 -0.709533 8.151000 -0.047512 0.709538 0.703064 0.000000 0.000000 0.000000 0.000000 1.000000
0.992387 0.113597 -0.047579 0.002700 -0.113625 0.695451 -0.709533 8.151000 -0.047512 0.709537 0.703064 0.000000 0.000000 0.000000 0.000000 1.000000
0.992387 0.113597 -0.047579 0.002700 -0.113625 0.695451 -0.709533 8.151000 -0.047512 0.709538 0.703064 0.000000 0.000000 0.000000 0.000000 1.000000</float_array>
        <technique_common>
          <accessor source="#mixamorig_LeftHandMiddle2-Matrix-animation-output-transform-array" count="14" stride="16">
            <param type="float4x4"/>
          </accessor>
        </technique_common>
      </source>
      <source id="mixamorig_LeftHandMiddle2-Interpolations">
        <Name_array id="mixamorig_LeftHandMiddle2-Interpolations-array" count="14">
 LINEAR LINEAR LINEAR LINEAR LINEAR LINEAR LINEAR LINEAR LINEAR LINEAR LINEAR
LINEAR LINEAR LINEAR</Name_array>
        <technique_common>
          <accessor source="#mixamorig_LeftHandMiddle2-Interpolations-array" count="14">
            <param type="name"/>
          </accessor>
        </technique_common>
      </source>
      <sampler id="mixamorig_LeftHandMiddle2-Matrix-animation-transform">
        <input semantic="INPUT" source="#mixamorig_LeftHandMiddle2-Matrix-animation-input"/>
        <input semantic="OUTPUT" source="#mixamorig_LeftHandMiddle2-Matrix-animation-output-transform"/>
        <input semantic="INTERPOLATION" source="#mixamorig_LeftHandMiddle2-Interpolations"/>
      </sampler>
      <channel source="#mixamorig_LeftHandMiddle2-Matrix-animation-transform" target="mixamorig_LeftHandMiddle2/matrix"/>
    </animation>
    <animation id="mixamorig_LeftHandMiddle3-anim" name="mixamorig_LeftHandMiddle3">
      <source id="mixamorig_LeftHandMiddle3-Matrix-animation-input">
        <float_array id="mixamorig_LeftHandMiddle3-Matrix-animation-input-array" count="14">

0.000000 0.033333 0.066667 0.100000 0.133333 0.166667 0.200000 0.233333 0.266667 0.300000 0.333333 0.366667 0.400000 0.433333</float_array>
        <technique_common>
          <accessor source="#mixamorig_LeftHandMiddle3-Matrix-animation-input-array" count="14">
            <param name="TIME" type="float"/>
          </accessor>
        </technique_common>
      </source>
      <source id="mixamorig_LeftHandMiddle3-Matrix-animation-output-transform">
        <float_array id="mixamorig_LeftHandMiddle3-Matrix-animation-output-transform-array" count="224">

0.993083 0.109106 -0.043391 -0.001100 -0.109040 0.719865 -0.685496 4.559900 -0.043556 0.685485 0.726783 0.000000 0.000000 0.000000 0.000000 1.000000
0.993083 0.109106 -0.043391 -0.001100 -0.109040 0.719865 -0.685496 4.559900 -0.043556 0.685485 0.726783 0.000000 0.000000 0.000000 0.000000 1.000000
0.993083 0.109106 -0.043391 -0.001100 -0.109040 0.719866 -0.685495 4.559900 -0.043556 0.685485 0.726783 -0.000000 0.000000 0.000000 0.000000 1.000000
0.993083 0.109105 -0.043391 -0.001100 -0.109040 0.719865 -0.685495 4.559900 -0.043556 0.685485 0.726783 0.000000 0.000000 0.000000 0.000000 1.000000
0.993083 0.109106 -0.043391 -0.001100 -0.109040 0.719865 -0.685496 4.559900 -0.043556 0.685485 0.726783 0.000000 0.000000 0.000000 0.000000 1.000000
0.993083 0.109106 -0.043391 -0.001100 -0.109040 0.719866 -0.685495 4.559900 -0.043556 0.685485 0.726783 -0.000000 0.000000 0.000000 0.000000 1.000000
0.993083 0.109106 -0.043391 -0.001100 -0.109040 0.719865 -0.685496 4.559900 -0.043556 0.685485 0.726783 -0.000000 0.000000 0.000000 0.000000 1.000000
0.993083 0.109106 -0.043390 -0.001100 -0.109039 0.719865 -0.685496 4.559900 -0.043556 0.685485 0.726783 0.000000 0.000000 0.000000 0.000000 1.000000
0.993083 0.109106 -0.043391 -0.001100 -0.109040 0.719866 -0.685495 4.559900 -0.043556 0.685485 0.726783 0.000000 0.000000 0.000000 0.000000 1.000000
0.993083 0.109105 -0.043391 -0.001100 -0.109040 0.719865 -0.685496 4.559900 -0.043556 0.685485 0.726783 0.000000 0.000000 0.000000 0.000000 1.000000
0.993083 0.109106 -0.043391 -0.001100 -0.109040 0.719865 -0.685496 4.559900 -0.043556 0.685485 0.726783 0.000000 0.000000 0.000000 0.000000 1.000000
0.993083 0.109106 -0.043391 -0.001100 -0.109040 0.719865 -0.685495 4.559900 -0.043556 0.685485 0.726783 0.000000 0.000000 0.000000 0.000000 1.000000
0.993083 0.109106 -0.043391 -0.001100 -0.109040 0.719865 -0.685496 4.559900 -0.043556 0.685485 0.726783 0.000000 0.000000 0.000000 0.000000 1.000000
0.993083 0.109106 -0.043391 -0.001100 -0.109040 0.719865 -0.685496 4.559900 -0.043556 0.685485 0.726782 0.000000 0.000000 0.000000 0.000000 1.000000</float_array>
        <technique_common>
          <accessor source="#mixamorig_LeftHandMiddle3-Matrix-animation-output-transform-array" count="14" stride="16">
            <param type="float4x4"/>
          </accessor>
        </technique_common>
      </source>
      <source id="mixamorig_LeftHandMiddle3-Interpolations">
        <Name_array id="mixamorig_LeftHandMiddle3-Interpolations-array" count="14">
 LINEAR LINEAR LINEAR LINEAR LINEAR LINEAR LINEAR LINEAR LINEAR LINEAR LINEAR
LINEAR LINEAR LINEAR</Name_array>
        <technique_common>
          <accessor source="#mixamorig_LeftHandMiddle3-Interpolations-array" count="14">
            <param type="name"/>
          </accessor>
        </technique_common>
      </source>
      <sampler id="mixamorig_LeftHandMiddle3-Matrix-animation-transform">
        <input semantic="INPUT" source="#mixamorig_LeftHandMiddle3-Matrix-animation-input"/>
        <input semantic="OUTPUT" source="#mixamorig_LeftHandMiddle3-Matrix-animation-output-transform"/>
        <input semantic="INTERPOLATION" source="#mixamorig_LeftHandMiddle3-Interpolations"/>
      </sampler>
      <channel source="#mixamorig_LeftHandMiddle3-Matrix-animation-transform" target="mixamorig_LeftHandMiddle3/matrix"/>
    </animation>
    <animation id="mixamorig_LeftHandRing1-anim" name="mixamorig_LeftHandRing1">
      <source id="mixamorig_LeftHandRing1-Matrix-animation-input">
        <float_array id="mixamorig_LeftHandRing1-Matrix-animation-input-array" count="14">

0.000000 0.033333 0.066667 0.100000 0.133333 0.166667 0.200000 0.233333 0.266667 0.300000 0.333333 0.366667 0.400000 0.433333</float_array>
        <technique_common>
          <accessor source="#mixamorig_LeftHandRing1-Matrix-animation-input-array" count="14">
            <param name="TIME" type="float"/>
          </accessor>
        </technique_common>
      </source>
      <source id="mixamorig_LeftHandRing1-Matrix-animation-output-transform">
        <float_array id="mixamorig_LeftHandRing1-Matrix-animation-output-transform-array" count="224">

0.983622 0.179460 -0.016813 7.071600 -0.175895 0.935318 -0.306989 14.022100 -0.039367 0.304918 0.951565 -0.727900 0.000000 0.000000 0.000000 1.000000
0.983622 0.179460 -0.016813 7.071600 -0.175895 0.935318 -0.306988 14.022100 -0.039367 0.304918 0.951565 -0.727900 0.000000 0.000000 0.000000 1.000000
0.983622 0.179460 -0.016813 7.071600 -0.175894 0.935318 -0.306988 14.022100 -0.039367 0.304918 0.951565 -0.727900 0.000000 0.000000 0.000000 1.000000
0.983622 0.179460 -0.016813 7.071600 -0.175894 0.935318 -0.306988 14.022100 -0.039367 0.304918 0.951565 -0.727900 0.000000 0.000000 0.000000 1.000000
0.983622 0.179460 -0.016813 7.071600 -0.175894 0.935318 -0.306989 14.022100 -0.039366 0.304918 0.951565 -0.727900 0.000000 0.000000 0.000000 1.000000
0.983622 0.179460 -0.016813 7.071600 -0.175894 0.935318 -0.306988 14.022100 -0.039367 0.304918 0.951565 -0.727900 0.000000 0.000000 0.000000 1.000000
0.983622 0.179460 -0.016813 7.071600 -0.175894 0.935318 -0.306988 14.022100 -0.039367 0.304918 0.951565 -0.727900 0.000000 0.000000 0.000000 1.000000
0.983622 0.179460 -0.016813 7.071600 -0.175895 0.935318 -0.306988 14.022100 -0.039367 0.304918 0.951565 -0.727900 0.000000 0.000000 0.000000 1.000000
0.983622 0.179460 -0.016813 7.071600 -0.175895 0.935318 -0.306988 14.022100 -0.039367 0.304918 0.951565 -0.727900 0.000000 0.000000 0.000000 1.000000
0.983622 0.179460 -0.016813 7.071600 -0.175894 0.935318 -0.306989 14.022100 -0.039366 0.304918 0.951565 -0.727900 0.000000 0.000000 0.000000 1.000000
0.983622 0.179460 -0.016813 7.071600 -0.175895 0.935318 -0.306988 14.022100 -0.039367 0.304918 0.951565 -0.727900 0.000000 0.000000 0.000000 1.000000
0.983622 0.179460 -0.016813 7.071600 -0.175894 0.935318 -0.306988 14.022100 -0.039366 0.304918 0.951565 -0.727900 0.000000 0.000000 0.000000 1.000000
0.983622 0.179460 -0.016813 7.071600 -0.175894 0.935318 -0.306988 14.022100 -0.039367 0.304918 0.951565 -0.727900 0.000000 0.000000 0.000000 1.000000
0.983622 0.179460 -0.016813 7.071600 -0.175894 0.935318 -0.306988 14.022100 -0.039366 0.304918 0.951565 -0.727900 0.000000 0.000000 0.000000 1.000000</float_array>
        <technique_common>
          <accessor source="#mixamorig_LeftHandRing1-Matrix-animation-output-transform-array" count="14" stride="16">
            <param type="float4x4"/>
          </accessor>
        </technique_common>
      </source>
      <source id="mixamorig_LeftHandRing1-Interpolations">
        <Name_array id="mixamorig_LeftHandRing1-Interpolations-array" count="14">
 LINEAR LINEAR LINEAR LINEAR LINEAR LINEAR LINEAR LINEAR LINEAR LINEAR LINEAR
LINEAR LINEAR LINEAR</Name_array>
        <technique_common>
          <accessor source="#mixamorig_LeftHandRing1-Interpolations-array" count="14">
            <param type="name"/>
          </accessor>
        </technique_common>
      </source>
      <sampler id="mixamorig_LeftHandRing1-Matrix-animation-transform">
        <input semantic="INPUT" source="#mixamorig_LeftHandRing1-Matrix-animation-input"/>
        <input semantic="OUTPUT" source="#mixamorig_LeftHandRing1-Matrix-animation-output-transform"/>
        <input semantic="INTERPOLATION" source="#mixamorig_LeftHandRing1-Interpolations"/>
      </sampler>
      <channel source="#mixamorig_LeftHandRing1-Matrix-animation-transform" target="mixamorig_LeftHandRing1/matrix"/>
    </animation>
    <animation id="mixamorig_LeftHandRing2-anim" name="mixamorig_LeftHandRing2">
      <source id="mixamorig_LeftHandRing2-Matrix-animation-input">
        <float_array id="mixamorig_LeftHandRing2-Matrix-animation-input-array" count="14">

0.000000 0.033333 0.066667 0.100000 0.133333 0.166667 0.200000 0.233333 0.266667 0.300000 0.333333 0.366667 0.400000 0.433333</float_array>
        <technique_common>
          <accessor source="#mixamorig_LeftHandRing2-Matrix-animation-input-array" count="14">
            <param name="TIME" type="float"/>
          </accessor>
        </technique_common>
      </source>
      <source id="mixamorig_LeftHandRing2-Matrix-animation-output-transform">
        <float_array id="mixamorig_LeftHandRing2-Matrix-animation-output-transform-array" count="224">

0.985148 0.141827 -0.096793 0.005000 -0.142122 0.357164 -0.923166 6.963300 -0.096359 0.923211 0.372016 0.000000 0.000000 0.000000 0.000000 1.000000
0.985148 0.141828 -0.096793 0.005000 -0.142123 0.357164 -0.923166 6.963300 -0.096359 0.923211 0.372016 0.000000 0.000000 0.000000 0.000000 1.000000
0.985148 0.141827 -0.096793 0.005000 -0.142122 0.357164 -0.923166 6.963300 -0.096359 0.923211 0.372016 0.000000 0.000000 0.000000 0.000000 1.000000
0.985148 0.141827 -0.096793 0.005000 -0.142122 0.357164 -0.923166 6.963300 -0.096359 0.923211 0.372016 -0.000000 0.000000 0.000000 0.000000 1.000000
0.985148 0.141827 -0.096793 0.005000 -0.142123 0.357164 -0.923166 6.963300 -0.096359 0.923211 0.372016 0.000000 0.000000 0.000000 0.000000 1.000000
0.985148 0.141827 -0.096793 0.005000 -0.142122 0.357164 -0.923166 6.963300 -0.096359 0.923211 0.372016 0.000000 0.000000 0.000000 0.000000 1.000000
0.985148 0.141827 -0.096793 0.005000 -0.142122 0.357163 -0.923166 6.963300 -0.096359 0.923211 0.372015 0.000000 0.000000 0.000000 0.000000 1.000000
0.985148 0.141827 -0.096793 0.005000 -0.142122 0.357164 -0.923166 6.963300 -0.096359 0.923211 0.372016 -0.000000 0.000000 0.000000 0.000000 1.000000
0.985148 0.141827 -0.096793 0.005000 -0.142122 0.357164 -0.923166 6.963300 -0.096359 0.923211 0.372016 0.000000 0.000000 0.000000 0.000000 1.000000
0.985148 0.141827 -0.096793 0.005000 -0.142123 0.357164 -0.923166 6.963300 -0.096359 0.923211 0.372016 -0.000000 0.000000 0.000000 0.000000 1.000000
0.985148 0.141827 -0.096793 0.005000 -0.142122 0.357163 -0.923166 6.963300 -0.096359 0.923211 0.372016 0.000000 0.000000 0.000000 0.000000 1.000000
0.985148 0.141827 -0.096793 0.005000 -0.142122 0.357164 -0.923166 6.963300 -0.096359 0.923211 0.372016 0.000000 0.000000 0.000000 0.000000 1.000000
0.985148 0.141827 -0.096793 0.005000 -0.142122 0.357164 -0.923166 6.963300 -0.096359 0.923211 0.372016 0.000000 0.000000 0.000000 0.000000 1.000000
0.985148 0.141827 -0.096793 0.005000 -0.142122 0.357164 -0.923166 6.963300 -0.096359 0.923211 0.372016 0.000000 0.000000 0.000000 0.000000 1.000000</float_array>
        <technique_common>
          <accessor source="#mixamorig_LeftHandRing2-Matrix-animation-output-transform-array" count="14" stride="16">
            <param type="float4x4"/>
          </accessor>
        </technique_common>
      </source>
      <source id="mixamorig_LeftHandRing2-Interpolations">
        <Name_array id="mixamorig_LeftHandRing2-Interpolations-array" count="14">
 LINEAR LINEAR LINEAR LINEAR LINEAR LINEAR LINEAR LINEAR LINEAR LINEAR LINEAR
LINEAR LINEAR LINEAR</Name_array>
        <technique_common>
          <accessor source="#mixamorig_LeftHandRing2-Interpolations-array" count="14">
            <param type="name"/>
          </accessor>
        </technique_common>
      </source>
      <sampler id="mixamorig_LeftHandRing2-Matrix-animation-transform">
        <input semantic="INPUT" source="#mixamorig_LeftHandRing2-Matrix-animation-input"/>
        <input semantic="OUTPUT" source="#mixamorig_LeftHandRing2-Matrix-animation-output-transform"/>
        <input semantic="INTERPOLATION" source="#mixamorig_LeftHandRing2-Interpolations"/>
      </sampler>
      <channel source="#mixamorig_LeftHandRing2-Matrix-animation-transform" target="mixamorig_LeftHandRing2/matrix"/>
    </animation>
    <animation id="mixamorig_LeftHandRing3-anim" name="mixamorig_LeftHandRing3">
      <source id="mixamorig_LeftHandRing3-Matrix-animation-input">
        <float_array id="mixamorig_LeftHandRing3-Matrix-animation-input-array" count="14">

0.000000 0.033333 0.066667 0.100000 0.133333 0.166667 0.200000 0.233333 0.266667 0.300000 0.333333 0.366667 0.400000 0.433333</float_array>
        <technique_common>
          <accessor source="#mixamorig_LeftHandRing3-Matrix-animation-input-array" count="14">
            <param name="TIME" type="float"/>
          </accessor>
        </technique_common>
      </source>
      <source id="mixamorig_LeftHandRing3-Matrix-animation-output-transform">
        <float_array id="mixamorig_LeftHandRing3-Matrix-animation-output-transform-array" count="224">

0.975958 0.216776 -0.022657 -0.001000 -0.194582 0.819733 -0.538679 3.798600 -0.098200 0.530137 0.842206 0.000000 0.000000 0.000000 0.000000 1.000000
0.975958 0.216776 -0.022657 -0.001000 -0.194581 0.819733 -0.538679 3.798600 -0.098200 0.530137 0.842206 0.000000 0.000000 0.000000 0.000000 1.000000
0.975958 0.216776 -0.022657 -0.001000 -0.194582 0.819733 -0.538679 3.798600 -0.098200 0.530137 0.842206 -0.000000 0.000000 0.000000 0.000000 1.000000
0.975958 0.216776 -0.022657 -0.001000 -0.194582 0.819734 -0.538679 3.798600 -0.098200 0.530137 0.842206 0.000000 0.000000 0.000000 0.000000 1.000000
0.975958 0.216776 -0.022657 -0.001000 -0.194582 0.819733 -0.538679 3.798600 -0.098200 0.530137 0.842206 0.000000 0.000000 0.000000 0.000000 1.000000
0.975958 0.216776 -0.022657 -0.001000 -0.194582 0.819733 -0.538679 3.798600 -0.098200 0.530137 0.842206 0.000000 0.000000 0.000000 0.000000 1.000000
0.975958 0.216776 -0.022657 -0.001000 -0.194581 0.819734 -0.538679 3.798600 -0.098200 0.530137 0.842206 0.000000 0.000000 0.000000 0.000000 1.000000
0.975958 0.216776 -0.022657 -0.001000 -0.194581 0.819734 -0.538679 3.798600 -0.098200 0.530137 0.842206 0.000000 0.000000 0.000000 0.000000 1.000000
0.975958 0.216776 -0.022657 -0.001000 -0.194581 0.819733 -0.538679 3.798600 -0.098200 0.530137 0.842206 0.000000 0.000000 0.000000 0.000000 1.000000
0.975958 0.216776 -0.022657 -0.001000 -0.194582 0.819734 -0.538679 3.798600 -0.098200 0.530137 0.842207 -0.000000 0.000000 0.000000 0.000000 1.000000
0.975958 0.216776 -0.022657 -0.001000 -0.194581 0.819733 -0.538679 3.798600 -0.098200 0.530137 0.842206 0.000000 0.000000 0.000000 0.000000 1.000000
0.975958 0.216776 -0.022657 -0.001000 -0.194582 0.819733 -0.538679 3.798600 -0.098200 0.530137 0.842206 0.000000 0.000000 0.000000 0.000000 1.000000
0.975958 0.216776 -0.022657 -0.001000 -0.194582 0.819733 -0.538679 3.798600 -0.098200 0.530137 0.842206 0.000000 0.000000 0.000000 0.000000 1.000000
0.975958 0.216776 -0.022657 -0.001000 -0.194582 0.819733 -0.538679 3.798600 -0.098200 0.530137 0.842206 0.000000 0.000000 0.000000 0.000000 1.000000</float_array>
        <technique_common>
          <accessor source="#mixamorig_LeftHandRing3-Matrix-animation-output-transform-array" count="14" stride="16">
            <param type="float4x4"/>
          </accessor>
        </technique_common>
      </source>
      <source id="mixamorig_LeftHandRing3-Interpolations">
        <Name_array id="mixamorig_LeftHandRing3-Interpolations-array" count="14">
 LINEAR LINEAR LINEAR LINEAR LINEAR LINEAR LINEAR LINEAR LINEAR LINEAR LINEAR
LINEAR LINEAR LINEAR</Name_array>
        <technique_common>
          <accessor source="#mixamorig_LeftHandRing3-Interpolations-array" count="14">
            <param type="name"/>
          </accessor>
        </technique_common>
      </source>
      <sampler id="mixamorig_LeftHandRing3-Matrix-animation-transform">
        <input semantic="INPUT" source="#mixamorig_LeftHandRing3-Matrix-animation-input"/>
        <input semantic="OUTPUT" source="#mixamorig_LeftHandRing3-Matrix-animation-output-transform"/>
        <input semantic="INTERPOLATION" source="#mixamorig_LeftHandRing3-Interpolations"/>
      </sampler>
      <channel source="#mixamorig_LeftHandRing3-Matrix-animation-transform" target="mixamorig_LeftHandRing3/matrix"/>
    </animation>
    <animation id="mixamorig_LeftHandPinky1-anim" name="mixamorig_LeftHandPinky1">
      <source id="mixamorig_LeftHandPinky1-Matrix-animation-input">
        <float_array id="mixamorig_LeftHandPinky1-Matrix-animation-input-array" count="14">

0.000000 0.033333 0.066667 0.100000 0.133333 0.166667 0.200000 0.233333 0.266667 0.300000 0.333333 0.366667 0.400000 0.433333</float_array>
        <technique_common>
          <accessor source="#mixamorig_LeftHandPinky1-Matrix-animation-input-array" count="14">
            <param name="TIME" type="float"/>
          </accessor>
        </technique_common>
      </source>
      <source id="mixamorig_LeftHandPinky1-Matrix-animation-output-transform">
        <float_array id="mixamorig_LeftHandPinky1-Matrix-animation-output-transform-array" count="224">

0.973397 0.180888 -0.140632 10.979800 -0.194223 0.977037 -0.087615 13.885000 0.121554 0.112598 0.986178 0.589700 0.000000 0.000000 0.000000 1.000000
0.973397 0.180888 -0.140632 10.979800 -0.194223 0.977037 -0.087615 13.885000 0.121554 0.112598 0.986178 0.589700 0.000000 0.000000 0.000000 1.000000
0.973397 0.180888 -0.140632 10.979800 -0.194223 0.977037 -0.087615 13.885000 0.121554 0.112598 0.986178 0.589700 0.000000 0.000000 0.000000 1.000000
0.973397 0.180888 -0.140632 10.979800 -0.194223 0.977037 -0.087615 13.885000 0.121554 0.112598 0.986178 0.589700 0.000000 0.000000 0.000000 1.000000
0.973397 0.180888 -0.140632 10.979800 -0.194223 0.977037 -0.087615 13.885000 0.121554 0.112598 0.986178 0.589700 0.000000 0.000000 0.000000 1.000000
0.973397 0.180888 -0.140632 10.979800 -0.194223 0.977037 -0.087615 13.885000 0.121554 0.112598 0.986178 0.589700 0.000000 0.000000 0.000000 1.000000
0.973397 0.180888 -0.140632 10.979800 -0.194223 0.977037 -0.087615 13.885000 0.121554 0.112598 0.986178 0.589700 0.000000 0.000000 0.000000 1.000000
0.973397 0.180888 -0.140632 10.979800 -0.194223 0.977037 -0.087615 13.885000 0.121554 0.112598 0.986178 0.589700 0.000000 0.000000 0.000000 1.000000
0.973397 0.180888 -0.140632 10.979800 -0.194223 0.977037 -0.087615 13.885000 0.121554 0.112598 0.986178 0.589700 0.000000 0.000000 0.000000 1.000000
0.973397 0.180888 -0.140632 10.979800 -0.194223 0.977037 -0.087615 13.885000 0.121554 0.112598 0.986178 0.589700 0.000000 0.000000 0.000000 1.000000
0.973397 0.180888 -0.140632 10.979800 -0.194223 0.977037 -0.087615 13.885000 0.121554 0.112598 0.986178 0.589700 0.000000 0.000000 0.000000 1.000000
0.973397 0.180888 -0.140632 10.979800 -0.194223 0.977037 -0.087615 13.885000 0.121555 0.112598 0.986178 0.589700 0.000000 0.000000 0.000000 1.000000
0.973397 0.180888 -0.140632 10.979800 -0.194223 0.977037 -0.087615 13.885000 0.121554 0.112598 0.986178 0.589700 0.000000 0.000000 0.000000 1.000000
0.973397 0.180888 -0.140632 10.979800 -0.194223 0.977037 -0.087615 13.885000 0.121554 0.112598 0.986178 0.589700 0.000000 0.000000 0.000000 1.000000</float_array>
        <technique_common>
          <accessor source="#mixamorig_LeftHandPinky1-Matrix-animation-output-transform-array" count="14" stride="16">
            <param type="float4x4"/>
          </accessor>
        </technique_common>
      </source>
      <source id="mixamorig_LeftHandPinky1-Interpolations">
        <Name_array id="mixamorig_LeftHandPinky1-Interpolations-array" count="14">
 LINEAR LINEAR LINEAR LINEAR LINEAR LINEAR LINEAR LINEAR LINEAR LINEAR LINEAR
LINEAR LINEAR LINEAR</Name_array>
        <technique_common>
          <accessor source="#mixamorig_LeftHandPinky1-Interpolations-array" count="14">
            <param type="name"/>
          </accessor>
        </technique_common>
      </source>
      <sampler id="mixamorig_LeftHandPinky1-Matrix-animation-transform">
        <input semantic="INPUT" source="#mixamorig_LeftHandPinky1-Matrix-animation-input"/>
        <input semantic="OUTPUT" source="#mixamorig_LeftHandPinky1-Matrix-animation-output-transform"/>
        <input semantic="INTERPOLATION" source="#mixamorig_LeftHandPinky1-Interpolations"/>
      </sampler>
      <channel source="#mixamorig_LeftHandPinky1-Matrix-animation-transform" target="mixamorig_LeftHandPinky1/matrix"/>
    </animation>
    <animation id="mixamorig_LeftHandPinky2-anim" name="mixamorig_LeftHandPinky2">
      <source id="mixamorig_LeftHandPinky2-Matrix-animation-input">
        <float_array id="mixamorig_LeftHandPinky2-Matrix-animation-input-array" count="14">

0.000000 0.033333 0.066667 0.100000 0.133333 0.166667 0.200000 0.233333 0.266667 0.300000 0.333333 0.366667 0.400000 0.433333</float_array>
        <technique_common>
          <accessor source="#mixamorig_LeftHandPinky2-Matrix-animation-input-array" count="14">
            <param name="TIME" type="float"/>
          </accessor>
        </technique_common>
      </source>
      <source id="mixamorig_LeftHandPinky2-Matrix-animation-output-transform">
        <float_array id="mixamorig_LeftHandPinky2-Matrix-animation-output-transform-array" count="224">

0.991420 0.117941 -0.056363 0.000300 -0.117916 0.620836 -0.775022 3.975700 -0.056415 0.775018 0.629416 -0.000000 0.000000 0.000000 0.000000 1.000000
0.991420 0.117941 -0.056362 0.000300 -0.117916 0.620836 -0.775022 3.975700 -0.056415 0.775018 0.629416 0.000000 0.000000 0.000000 0.000000 1.000000
0.991420 0.117941 -0.056363 0.000300 -0.117916 0.620836 -0.775022 3.975700 -0.056415 0.775018 0.629416 0.000000 0.000000 0.000000 0.000000 1.000000
0.991420 0.117941 -0.056363 0.000300 -0.117916 0.620836 -0.775022 3.975700 -0.056415 0.775018 0.629416 0.000000 0.000000 0.000000 0.000000 1.000000
0.991420 0.117941 -0.056363 0.000300 -0.117916 0.620836 -0.775022 3.975700 -0.056415 0.775018 0.629416 -0.000000 0.000000 0.000000 0.000000 1.000000
0.991420 0.117941 -0.056363 0.000300 -0.117916 0.620836 -0.775022 3.975700 -0.056415 0.775018 0.629416 0.000000 0.000000 0.000000 0.000000 1.000000
0.991420 0.117941 -0.056363 0.000300 -0.117916 0.620836 -0.775022 3.975700 -0.056415 0.775018 0.629416 0.000000 0.000000 0.000000 0.000000 1.000000
0.991420 0.117941 -0.056363 0.000300 -0.117916 0.620836 -0.775022 3.975700 -0.056415 0.775018 0.629416 0.000000 0.000000 0.000000 0.000000 1.000000
0.991420 0.117941 -0.056363 0.000300 -0.117916 0.620835 -0.775022 3.975700 -0.056415 0.775018 0.629416 0.000000 0.000000 0.000000 0.000000 1.000000
0.991420 0.117941 -0.056363 0.000300 -0.117916 0.620836 -0.775022 3.975700 -0.056415 0.775018 0.629416 0.000000 0.000000 0.000000 0.000000 1.000000
0.991420 0.117941 -0.056363 0.000300 -0.117916 0.620836 -0.775022 3.975700 -0.056415 0.775018 0.629416 0.000000 0.000000 0.000000 0.000000 1.000000
0.991420 0.117941 -0.056362 0.000300 -0.117916 0.620835 -0.775022 3.975700 -0.056415 0.775018 0.629416 0.000000 0.000000 0.000000 0.000000 1.000000
0.991420 0.117941 -0.056362 0.000300 -0.117916 0.620836 -0.775022 3.975700 -0.056415 0.775018 0.629416 0.000000 0.000000 0.000000 0.000000 1.000000
0.991420 0.117941 -0.056363 0.000300 -0.117916 0.620836 -0.775022 3.975700 -0.056415 0.775018 0.629416 0.000000 0.000000 0.000000 0.000000 1.000000</float_array>
        <technique_common>
          <accessor source="#mixamorig_LeftHandPinky2-Matrix-animation-output-transform-array" count="14" stride="16">
            <param type="float4x4"/>
          </accessor>
        </technique_common>
      </source>
      <source id="mixamorig_LeftHandPinky2-Interpolations">
        <Name_array id="mixamorig_LeftHandPinky2-Interpolations-array" count="14">
 LINEAR LINEAR LINEAR LINEAR LINEAR LINEAR LINEAR LINEAR LINEAR LINEAR LINEAR
LINEAR LINEAR LINEAR</Name_array>
        <technique_common>
          <accessor source="#mixamorig_LeftHandPinky2-Interpolations-array" count="14">
            <param type="name"/>
          </accessor>
        </technique_common>
      </source>
      <sampler id="mixamorig_LeftHandPinky2-Matrix-animation-transform">
        <input semantic="INPUT" source="#mixamorig_LeftHandPinky2-Matrix-animation-input"/>
        <input semantic="OUTPUT" source="#mixamorig_LeftHandPinky2-Matrix-animation-output-transform"/>
        <input semantic="INTERPOLATION" source="#mixamorig_LeftHandPinky2-Interpolations"/>
      </sampler>
      <channel source="#mixamorig_LeftHandPinky2-Matrix-animation-transform" target="mixamorig_LeftHandPinky2/matrix"/>
    </animation>
    <animation id="mixamorig_LeftHandPinky3-anim" name="mixamorig_LeftHandPinky3">
      <source id="mixamorig_LeftHandPinky3-Matrix-animation-input">
        <float_array id="mixamorig_LeftHandPinky3-Matrix-animation-input-array" count="14">

0.000000 0.033333 0.066667 0.100000 0.133333 0.166667 0.200000 0.233333 0.266667 0.300000 0.333333 0.366667 0.400000 0.433333</float_array>
        <technique_common>
          <accessor source="#mixamorig_LeftHandPinky3-Matrix-animation-input-array" count="14">
            <param name="TIME" type="float"/>
          </accessor>
        </technique_common>
      </source>
      <source id="mixamorig_LeftHandPinky3-Matrix-animation-output-transform">
        <float_array id="mixamorig_LeftHandPinky3-Matrix-animation-output-transform-array" count="224">

0.996579 0.079532 -0.022482 -0.000400 -0.079501 0.848124 -0.523799 2.799700 -0.022591 0.523794 0.851545 -0.000000 0.000000 0.000000 0.000000 1.000000
0.996579 0.079532 -0.022483 -0.000400 -0.079501 0.848124 -0.523799 2.799700 -0.022591 0.523795 0.851545 -0.000000 0.000000 0.000000 0.000000 1.000000
0.996579 0.079532 -0.022482 -0.000400 -0.079501 0.848124 -0.523799 2.799700 -0.022591 0.523795 0.851545 -0.000000 0.000000 0.000000 0.000000 1.000000
0.996579 0.079532 -0.022482 -0.000400 -0.079501 0.848124 -0.523799 2.799700 -0.022591 0.523795 0.851545 -0.000000 0.000000 0.000000 0.000000 1.000000
0.996579 0.079532 -0.022482 -0.000400 -0.079501 0.848124 -0.523799 2.799700 -0.022591 0.523795 0.851545 0.000000 0.000000 0.000000 0.000000 1.000000
0.996579 0.079532 -0.022482 -0.000400 -0.079501 0.848124 -0.523799 2.799700 -0.022591 0.523794 0.851545 0.000000 0.000000 0.000000 0.000000 1.000000
0.996579 0.079532 -0.022483 -0.000400 -0.079502 0.848124 -0.523799 2.799700 -0.022591 0.523795 0.851545 0.000000 0.000000 0.000000 0.000000 1.000000
0.996579 0.079532 -0.022482 -0.000400 -0.079501 0.848124 -0.523799 2.799700 -0.022591 0.523795 0.851545 0.000000 0.000000 0.000000 0.000000 1.000000
0.996579 0.079532 -0.022483 -0.000400 -0.079501 0.848124 -0.523800 2.799700 -0.022591 0.523795 0.851545 -0.000000 0.000000 0.000000 0.000000 1.000000
0.996579 0.079532 -0.022483 -0.000400 -0.079501 0.848124 -0.523799 2.799700 -0.022591 0.523795 0.851545 0.000000 0.000000 0.000000 0.000000 1.000000
0.996579 0.079532 -0.022482 -0.000400 -0.079501 0.848124 -0.523800 2.799700 -0.022591 0.523795 0.851545 -0.000000 0.000000 0.000000 0.000000 1.000000
0.996579 0.079532 -0.022482 -0.000400 -0.079501 0.848124 -0.523799 2.799700 -0.022591 0.523795 0.851545 0.000000 0.000000 0.000000 0.000000 1.000000
0.996579 0.079532 -0.022482 -0.000400 -0.079501 0.848124 -0.523799 2.799700 -0.022591 0.523795 0.851545 0.000000 0.000000 0.000000 0.000000 1.000000
0.996579 0.079532 -0.022482 -0.000400 -0.079501 0.848124 -0.523799 2.799700 -0.022591 0.523795 0.851545 0.000000 0.000000 0.000000 0.000000 1.000000</float_array>
        <technique_common>
          <accessor source="#mixamorig_LeftHandPinky3-Matrix-animation-output-transform-array" count="14" stride="16">
            <param type="float4x4"/>
          </accessor>
        </technique_common>
      </source>
      <source id="mixamorig_LeftHandPinky3-Interpolations">
        <Name_array id="mixamorig_LeftHandPinky3-Interpolations-array" count="14">
 LINEAR LINEAR LINEAR LINEAR LINEAR LINEAR LINEAR LINEAR LINEAR LINEAR LINEAR
LINEAR LINEAR LINEAR</Name_array>
        <technique_common>
          <accessor source="#mixamorig_LeftHandPinky3-Interpolations-array" count="14">
            <param type="name"/>
          </accessor>
        </technique_common>
      </source>
      <sampler id="mixamorig_LeftHandPinky3-Matrix-animation-transform">
        <input semantic="INPUT" source="#mixamorig_LeftHandPinky3-Matrix-animation-input"/>
        <input semantic="OUTPUT" source="#mixamorig_LeftHandPinky3-Matrix-animation-output-transform"/>
        <input semantic="INTERPOLATION" source="#mixamorig_LeftHandPinky3-Interpolations"/>
      </sampler>
      <channel source="#mixamorig_LeftHandPinky3-Matrix-animation-transform" target="mixamorig_LeftHandPinky3/matrix"/>
    </animation>
    <animation id="mixamorig_RightShoulder-anim" name="mixamorig_RightShoulder">
      <source id="mixamorig_RightShoulder-Matrix-animation-input">
        <float_array id="mixamorig_RightShoulder-Matrix-animation-input-array" count="14">

0.000000 0.033333 0.066667 0.100000 0.133333 0.166667 0.200000 0.233333 0.266667 0.300000 0.333333 0.366667 0.400000 0.433333</float_array>
        <technique_common>
          <accessor source="#mixamorig_RightShoulder-Matrix-animation-input-array" count="14">
            <param name="TIME" type="float"/>
          </accessor>
        </technique_common>
      </source>
      <source id="mixamorig_RightShoulder-Matrix-animation-output-transform">
        <float_array id="mixamorig_RightShoulder-Matrix-animation-output-transform-array" count="224">

0.460598 -0.780188 0.423269 -10.882400 -0.128852 -0.530585 -0.837781 13.272500 0.878207 0.331341 -0.344915 -1.553300 0.000000 0.000000 0.000000 1.000000
0.457236 -0.787290 0.413654 -10.882400 -0.130528 -0.519492 -0.844447 13.272500 0.879715 0.332118 -0.340293 -1.553300 0.000000 0.000000 0.000000 1.000000
0.434088 -0.811286 0.391639 -10.882400 -0.143197 -0.491346 -0.859112 13.272500 0.889417 0.316849 -0.329462 -1.553300 0.000000 0.000000 0.000000 1.000000
0.401566 -0.821413 0.405000 -10.882400 -0.139664 -0.491975 -0.859334 13.272500 0.905118 0.288515 -0.312282 -1.553300 0.000000 0.000000 0.000000 1.000000
0.360638 -0.831904 0.421754 -10.882400 -0.127823 -0.491999 -0.861161 13.272500 0.923906 0.256657 -0.283770 -1.553300 0.000000 0.000000 0.000000 1.000000
0.317779 -0.840613 0.438619 -10.882400 -0.104253 -0.490770 -0.865030 13.272500 0.942416 0.229161 -0.243593 -1.553300 0.000000 0.000000 0.000000 1.000000
0.281375 -0.846488 0.451981 -10.882400 -0.070572 -0.487989 -0.869992 13.272500 0.956999 0.212897 -0.197046 -1.553300 0.000000 0.000000 0.000000 1.000000
0.259706 -0.848822 0.460493 -10.882400 -0.028821 -0.483456 -0.874894 13.272500 0.965258 0.213943 -0.150020 -1.553300 0.000000 0.000000 0.000000 1.000000
0.256143 -0.847114 0.465606 -10.882400 0.019934 -0.476944 -0.878708 13.272500 0.966433 0.234356 -0.105279 -1.553300 0.000000 0.000000 0.000000 1.000000
0.261463 -0.842858 0.470348 -10.882400 0.073216 -0.468576 -0.880384 13.272500 0.962433 0.264625 -0.060804 -1.553300 0.000000 0.000000 0.000000 1.000000
0.275648 -0.835269 0.475756 -10.882400 0.128264 -0.458544 -0.879367 13.272500 0.952663 0.303418 -0.019262 -1.553300 0.000000 0.000000 0.000000 1.000000
0.296205 -0.824148 0.482745 -10.882400 0.182695 -0.447205 -0.875574 13.272500 0.937489 0.347544 0.018103 -1.553300 0.000000 0.000000 0.000000 1.000000
0.322619 -0.807580 0.493691 -10.882400 0.245379 -0.432391 -0.867656 13.272500 0.914170 0.401064 0.058666 -1.553300 0.000000 0.000000 0.000000 1.000000
0.337624 -0.796514 0.501574 -10.882400 0.281702 -0.422938 -0.861259 13.272500 0.898139 0.432076 0.081585 -1.553300 0.000000 0.000000 0.000000 1.000000</float_array>
        <technique_common>
          <accessor source="#mixamorig_RightShoulder-Matrix-animation-output-transform-array" count="14" stride="16">
            <param type="float4x4"/>
          </accessor>
        </technique_common>
      </source>
      <source id="mixamorig_RightShoulder-Interpolations">
        <Name_array id="mixamorig_RightShoulder-Interpolations-array" count="14">
 LINEAR LINEAR LINEAR LINEAR LINEAR LINEAR LINEAR LINEAR LINEAR LINEAR LINEAR
LINEAR LINEAR LINEAR</Name_array>
        <technique_common>
          <accessor source="#mixamorig_RightShoulder-Interpolations-array" count="14">
            <param type="name"/>
          </accessor>
        </technique_common>
      </source>
      <sampler id="mixamorig_RightShoulder-Matrix-animation-transform">
        <input semantic="INPUT" source="#mixamorig_RightShoulder-Matrix-animation-input"/>
        <input semantic="OUTPUT" source="#mixamorig_RightShoulder-Matrix-animation-output-transform"/>
        <input semantic="INTERPOLATION" source="#mixamorig_RightShoulder-Interpolations"/>
      </sampler>
      <channel source="#mixamorig_RightShoulder-Matrix-animation-transform" target="mixamorig_RightShoulder/matrix"/>
    </animation>
    <animation id="mixamorig_RightArm-anim" name="mixamorig_RightArm">
      <source id="mixamorig_RightArm-Matrix-animation-input">
        <float_array id="mixamorig_RightArm-Matrix-animation-input-array" count="14">

0.000000 0.033333 0.066667 0.100000 0.133333 0.166667 0.200000 0.233333 0.266667 0.300000 0.333333 0.366667 0.400000 0.433333</float_array>
        <technique_common>
          <accessor source="#mixamorig_RightArm-Matrix-animation-input-array" count="14">
            <param name="TIME" type="float"/>
          </accessor>
        </technique_common>
      </source>
      <source id="mixamorig_RightArm-Matrix-animation-output-transform">
        <float_array id="mixamorig_RightArm-Matrix-animation-output-transform-array" count="224">

0.885256 0.417620 -0.204732 0.000000 -0.462957 0.833448 -0.301720 16.507099 0.044629 0.361882 0.931155 -0.000000 0.000000 0.000000 0.000000 1.000000
0.892096 0.413677 -0.181757 0.000000 -0.451357 0.834550 -0.315917 16.507099 0.020997 0.363866 0.931215 0.000000 0.000000 0.000000 0.000000 1.000000
0.889760 0.419207 -0.180535 0.000000 -0.456381 0.822873 -0.338522 16.507099 0.006647 0.383596 0.923477 0.000000 0.000000 0.000000 0.000000 1.000000
0.871318 0.451683 -0.191801 -0.000000 -0.490597 0.810515 -0.319968 16.507099 0.010933 0.372891 0.927811 0.000000 0.000000 0.000000 0.000000 1.000000
0.837683 0.501031 -0.217381 0.000000 -0.545757 0.783137 -0.298070 16.507099 0.020897 0.368325 0.929462 0.000000 0.000000 0.000000 0.000000 1.000000
0.802564 0.540939 -0.251548 0.000000 -0.595621 0.750300 -0.286853 16.507099 0.033567 0.380045 0.924359 0.000000 0.000000 0.000000 0.000000 1.000000
0.794072 0.540694 -0.277668 0.000000 -0.605559 0.743136 -0.284687 16.507099 0.052416 0.394206 0.917526 0.000000 0.000000 0.000000 0.000000 1.000000
0.826735 0.490863 -0.274885 0.000000 -0.557763 0.779012 -0.286427 16.507099 0.073542 0.390120 0.917822 0.000000 0.000000 0.000000 0.000000 1.000000
0.872395 0.419618 -0.250696 0.000000 -0.481036 0.828081 -0.287900 16.507099 0.086788 0.371756 0.924265 0.000000 0.000000 0.000000 0.000000 1.000000
0.828585 0.486221 -0.277555 0.000000 -0.555280 0.777010 -0.296511 16.507099 0.071493 0.399806 0.913808 -0.000000 0.000000 0.000000 0.000000 1.000000
0.772548 0.549306 -0.318485 0.000000 -0.632199 0.712131 -0.305277 16.507099 0.059112 0.437187 0.897426 0.000000 0.000000 0.000000 0.000000 1.000000
0.752303 0.556471 -0.352676 0.000000 -0.655095 0.688667 -0.310786 16.507099 0.069933 0.464842 0.882628 0.000000 0.000000 0.000000 0.000000 1.000000
0.774902 0.493633 -0.394783 0.000000 -0.617831 0.723405 -0.308174 16.507099 0.133463 0.482713 0.865549 0.000000 0.000000 0.000000 0.000000 1.000000
0.791315 0.444109 -0.420224 0.000000 -0.584836 0.750229 -0.308421 16.507099 0.178291 0.489820 0.853398 -0.000000 0.000000 0.000000 0.000000 1.000000</float_array>
        <technique_common>
          <accessor source="#mixamorig_RightArm-Matrix-animation-output-transform-array" count="14" stride="16">
            <param type="float4x4"/>
          </accessor>
        </technique_common>
      </source>
      <source id="mixamorig_RightArm-Interpolations">
        <Name_array id="mixamorig_RightArm-Interpolations-array" count="14">
 LINEAR LINEAR LINEAR LINEAR LINEAR LINEAR LINEAR LINEAR LINEAR LINEAR LINEAR
LINEAR LINEAR LINEAR</Name_array>
        <technique_common>
          <accessor source="#mixamorig_RightArm-Interpolations-array" count="14">
            <param type="name"/>
          </accessor>
        </technique_common>
      </source>
      <sampler id="mixamorig_RightArm-Matrix-animation-transform">
        <input semantic="INPUT" source="#mixamorig_RightArm-Matrix-animation-input"/>
        <input semantic="OUTPUT" source="#mixamorig_RightArm-Matrix-animation-output-transform"/>
        <input semantic="INTERPOLATION" source="#mixamorig_RightArm-Interpolations"/>
      </sampler>
      <channel source="#mixamorig_RightArm-Matrix-animation-transform" target="mixamorig_RightArm/matrix"/>
    </animation>
    <animation id="mixamorig_RightForeArm-anim" name="mixamorig_RightForeArm">
      <source id="mixamorig_RightForeArm-Matrix-animation-input">
        <float_array id="mixamorig_RightForeArm-Matrix-animation-input-array" count="14">

0.000000 0.033333 0.066667 0.100000 0.133333 0.166667 0.200000 0.233333 0.266667 0.300000 0.333333 0.366667 0.400000 0.433333</float_array>
        <technique_common>
          <accessor source="#mixamorig_RightForeArm-Matrix-animation-input-array" count="14">
            <param name="TIME" type="float"/>
          </accessor>
        </technique_common>
      </source>
      <source id="mixamorig_RightForeArm-Matrix-animation-output-transform">
        <float_array id="mixamorig_RightForeArm-Matrix-animation-output-transform-array" count="224">

-0.331462 0.942957 0.031080 0.000000 -0.826913 -0.274495 -0.490782 19.953800 -0.454255 -0.188376 0.870728 0.000000 0.000000 0.000000 0.000000 1.000000
-0.261001 0.964234 0.046175 0.000000 -0.826634 -0.198539 -0.526554 19.953800 -0.498553 -0.175601 0.848887 0.000000 0.000000 0.000000 0.000000 1.000000
-0.246284 0.968682 0.031601 0.000000 -0.821068 -0.191207 -0.537854 19.953800 -0.514967 -0.158411 0.842446 0.000000 0.000000 0.000000 0.000000 1.000000
-0.215381 0.976138 0.027658 -0.000000 -0.819015 -0.165143 -0.549493 19.953800 -0.531814 -0.141003 0.835040 0.000000 0.000000 0.000000 0.000000 1.000000
-0.140040 0.988610 0.055124 -0.000000 -0.824335 -0.085568 -0.559599 19.953800 -0.548508 -0.123807 0.826928 0.000000 0.000000 0.000000 0.000000 1.000000
-0.052580 0.994353 0.092180 -0.000000 -0.823365 0.009065 -0.567439 19.953800 -0.565071 -0.105734 0.818239 0.000000 0.000000 0.000000 0.000000 1.000000
-0.001015 0.994300 0.106618 0.000000 -0.816806 0.060685 -0.573712 19.953800 -0.576912 -0.087669 0.812088 -0.000000 0.000000 0.000000 0.000000 1.000000
-0.042006 0.997482 0.057145 0.000000 -0.803072 0.000319 -0.595882 19.953800 -0.594400 -0.070922 0.801036 0.000000 0.000000 0.000000 0.000000 1.000000
-0.114185 0.993292 -0.018272 -0.000000 -0.786586 -0.101627 -0.609060 19.953800 -0.606831 -0.055173 0.792914 -0.000000 0.000000 0.000000 0.000000 1.000000
-0.098528 0.994828 -0.024690 0.000000 -0.780190 -0.092624 -0.618647 19.953800 -0.617735 -0.041692 0.785281 0.000000 0.000000 0.000000 0.000000 1.000000
-0.071921 0.997233 -0.018821 0.000000 -0.775916 -0.067797 -0.627182 19.953800 -0.626723 -0.030504 0.778645 -0.000000 0.000000 0.000000 0.000000 1.000000
-0.069702 0.997152 -0.028808 -0.000000 -0.770740 -0.072165 -0.633049 19.953800 -0.633325 -0.021922 0.773575 0.000000 0.000000 0.000000 0.000000 1.000000
-0.088712 0.994713 -0.051731 0.000000 -0.765564 -0.101317 -0.635332 19.953800 -0.637214 -0.016759 0.770504 0.000000 0.000000 0.000000 0.000000 1.000000
-0.103481 0.992356 -0.067246 0.000000 -0.762306 -0.122557 -0.635507 19.953800 -0.638891 -0.014501 0.769161 0.000000 0.000000 0.000000 0.000000 1.000000</float_array>
        <technique_common>
          <accessor source="#mixamorig_RightForeArm-Matrix-animation-output-transform-array" count="14" stride="16">
            <param type="float4x4"/>
          </accessor>
        </technique_common>
      </source>
      <source id="mixamorig_RightForeArm-Interpolations">
        <Name_array id="mixamorig_RightForeArm-Interpolations-array" count="14">
 LINEAR LINEAR LINEAR LINEAR LINEAR LINEAR LINEAR LINEAR LINEAR LINEAR LINEAR
LINEAR LINEAR LINEAR</Name_array>
        <technique_common>
          <accessor source="#mixamorig_RightForeArm-Interpolations-array" count="14">
            <param type="name"/>
          </accessor>
        </technique_common>
      </source>
      <sampler id="mixamorig_RightForeArm-Matrix-animation-transform">
        <input semantic="INPUT" source="#mixamorig_RightForeArm-Matrix-animation-input"/>
        <input semantic="OUTPUT" source="#mixamorig_RightForeArm-Matrix-animation-output-transform"/>
        <input semantic="INTERPOLATION" source="#mixamorig_RightForeArm-Interpolations"/>
      </sampler>
      <channel source="#mixamorig_RightForeArm-Matrix-animation-transform" target="mixamorig_RightForeArm/matrix"/>
    </animation>
    <animation id="mixamorig_RightHand-anim" name="mixamorig_RightHand">
      <source id="mixamorig_RightHand-Matrix-animation-input">
        <float_array id="mixamorig_RightHand-Matrix-animation-input-array" count="14">

0.000000 0.033333 0.066667 0.100000 0.133333 0.166667 0.200000 0.233333 0.266667 0.300000 0.333333 0.366667 0.400000 0.433333</float_array>
        <technique_common>
          <accessor source="#mixamorig_RightHand-Matrix-animation-input-array" count="14">
            <param name="TIME" type="float"/>
          </accessor>
        </technique_common>
      </source>
      <source id="mixamorig_RightHand-Matrix-animation-output-transform">
        <float_array id="mixamorig_RightHand-Matrix-animation-output-transform-array" count="224">

0.946167 0.079230 -0.313833 0.000000 -0.162335 0.954977 -0.248325 28.810400 0.280028 0.285903 0.916430 0.000000 0.000000 0.000000 0.000000 1.000000
0.938119 0.127720 -0.321902 0.000000 -0.217575 0.940525 -0.260909 28.810400 0.269434 0.314802 0.910113 -0.000000 0.000000 0.000000 0.000000 1.000000
0.952780 0.106058 -0.284539 0.000000 -0.181333 0.950328 -0.252972 28.810400 0.243576 0.292623 0.924685 -0.000000 0.000000 0.000000 0.000000 1.000000
0.973450 0.049346 -0.223516 0.000000 -0.106802 0.961593 -0.252849 28.810400 0.202454 0.270008 0.941333 0.000000 0.000000 0.000000 0.000000 1.000000
0.986216 0.010571 -0.165125 -0.000000 -0.054786 0.962528 -0.265592 28.810400 0.156130 0.270977 0.949839 -0.000000 0.000000 0.000000 0.000000 1.000000
0.991774 -0.016352 -0.126951 0.000000 -0.020825 0.957980 -0.286079 28.810400 0.126294 0.286370 0.949759 -0.000000 0.000000 0.000000 0.000000 1.000000
0.994336 -0.026548 -0.102915 0.000000 -0.004156 0.957849 -0.287241 28.810400 0.106202 0.286042 0.952314 -0.000000 0.000000 0.000000 0.000000 1.000000
0.995448 -0.059780 -0.074232 0.000000 0.040203 0.969527 -0.241662 28.810400 0.086417 0.237578 0.967517 0.000000 0.000000 0.000000 0.000000 1.000000
0.995611 -0.087246 -0.033872 0.000000 0.080792 0.983885 -0.159506 28.810400 0.047242 0.156069 0.986616 -0.000000 0.000000 0.000000 0.000000 1.000000
0.989643 -0.141152 -0.026146 0.000000 0.136199 0.980786 -0.139672 28.810400 0.045359 0.134664 0.989853 -0.000000 0.000000 0.000000 0.000000 1.000000
0.986731 -0.160109 -0.026964 0.000000 0.155565 0.979838 -0.125372 28.810400 0.046493 0.119513 0.991743 -0.000000 0.000000 0.000000 0.000000 1.000000
0.989728 -0.138456 -0.035627 0.000000 0.134661 0.986521 -0.092969 28.810400 0.048019 0.087216 0.995031 -0.000000 0.000000 0.000000 0.000000 1.000000
0.996532 -0.059215 -0.058456 0.000000 0.055897 0.996816 -0.056861 28.810400 0.061637 0.053396 0.996669 0.000000 0.000000 0.000000 0.000000 1.000000
0.997366 -0.004378 -0.072399 0.000000 0.001879 0.999401 -0.034552 28.810400 0.072507 0.034325 0.996777 -0.000000 0.000000 0.000000 0.000000 1.000000</float_array>
        <technique_common>
          <accessor source="#mixamorig_RightHand-Matrix-animation-output-transform-array" count="14" stride="16">
            <param type="float4x4"/>
          </accessor>
        </technique_common>
      </source>
      <source id="mixamorig_RightHand-Interpolations">
        <Name_array id="mixamorig_RightHand-Interpolations-array" count="14">
 LINEAR LINEAR LINEAR LINEAR LINEAR LINEAR LINEAR LINEAR LINEAR LINEAR LINEAR
LINEAR LINEAR LINEAR</Name_array>
        <technique_common>
          <accessor source="#mixamorig_RightHand-Interpolations-array" count="14">
            <param type="name"/>
          </accessor>
        </technique_common>
      </source>
      <sampler id="mixamorig_RightHand-Matrix-animation-transform">
        <input semantic="INPUT" source="#mixamorig_RightHand-Matrix-animation-input"/>
        <input semantic="OUTPUT" source="#mixamorig_RightHand-Matrix-animation-output-transform"/>
        <input semantic="INTERPOLATION" source="#mixamorig_RightHand-Interpolations"/>
      </sampler>
      <channel source="#mixamorig_RightHand-Matrix-animation-transform" target="mixamorig_RightHand/matrix"/>
    </animation>
    <animation id="mixamorig_RightHandThumb1-anim" name="mixamorig_RightHandThumb1">
      <source id="mixamorig_RightHandThumb1-Matrix-animation-input">
        <float_array id="mixamorig_RightHandThumb1-Matrix-animation-input-array" count="14">

0.000000 0.033333 0.066667 0.100000 0.133333 0.166667 0.200000 0.233333 0.266667 0.300000 0.333333 0.366667 0.400000 0.433333</float_array>
        <technique_common>
          <accessor source="#mixamorig_RightHandThumb1-Matrix-animation-input-array" count="14">
            <param name="TIME" type="float"/>
          </accessor>
        </technique_common>
      </source>
      <source id="mixamorig_RightHandThumb1-Matrix-animation-output-transform">
        <float_array id="mixamorig_RightHandThumb1-Matrix-animation-output-transform-array" count="224">

0.780509 0.334715 -0.527988 1.539600 -0.506851 0.833209 -0.221053 3.801100 0.365935 0.440145 0.819978 1.972600 0.000000 0.000000 0.000000 1.000000
0.780509 0.334716 -0.527987 1.539600 -0.506851 0.833209 -0.221054 3.801100 0.365934 0.440145 0.819978 1.972600 0.000000 0.000000 0.000000 1.000000
0.780509 0.334715 -0.527988 1.539600 -0.506851 0.833209 -0.221054 3.801100 0.365934 0.440146 0.819978 1.972600 0.000000 0.000000 0.000000 1.000000
0.780509 0.334716 -0.527987 1.539600 -0.506851 0.833209 -0.221054 3.801100 0.365934 0.440145 0.819978 1.972600 0.000000 0.000000 0.000000 1.000000
0.780509 0.334716 -0.527987 1.539600 -0.506851 0.833209 -0.221054 3.801100 0.365933 0.440145 0.819979 1.972600 0.000000 0.000000 0.000000 1.000000
0.780509 0.334716 -0.527988 1.539600 -0.506851 0.833209 -0.221054 3.801100 0.365934 0.440145 0.819978 1.972600 0.000000 0.000000 0.000000 1.000000
0.780509 0.334716 -0.527987 1.539600 -0.506851 0.833209 -0.221054 3.801100 0.365934 0.440145 0.819978 1.972600 0.000000 0.000000 0.000000 1.000000
0.780509 0.334716 -0.527987 1.539600 -0.506851 0.833209 -0.221054 3.801100 0.365934 0.440145 0.819979 1.972600 0.000000 0.000000 0.000000 1.000000
0.780509 0.334716 -0.527987 1.539600 -0.506851 0.833209 -0.221053 3.801100 0.365934 0.440145 0.819979 1.972600 0.000000 0.000000 0.000000 1.000000
0.780509 0.334716 -0.527988 1.539600 -0.506851 0.833209 -0.221053 3.801100 0.365934 0.440145 0.819978 1.972600 0.000000 0.000000 0.000000 1.000000
0.780509 0.334716 -0.527988 1.539600 -0.506851 0.833209 -0.221054 3.801100 0.365934 0.440145 0.819978 1.972600 0.000000 0.000000 0.000000 1.000000
0.780509 0.334716 -0.527987 1.539600 -0.506851 0.833209 -0.221054 3.801100 0.365934 0.440145 0.819978 1.972600 0.000000 0.000000 0.000000 1.000000
0.780509 0.334716 -0.527987 1.539600 -0.506851 0.833209 -0.221054 3.801100 0.365934 0.440145 0.819979 1.972600 0.000000 0.000000 0.000000 1.000000
0.780509 0.334716 -0.527987 1.539600 -0.506851 0.833209 -0.221054 3.801100 0.365933 0.440145 0.819979 1.972600 0.000000 0.000000 0.000000 1.000000</float_array>
        <technique_common>
          <accessor source="#mixamorig_RightHandThumb1-Matrix-animation-output-transform-array" count="14" stride="16">
            <param type="float4x4"/>
          </accessor>
        </technique_common>
      </source>
      <source id="mixamorig_RightHandThumb1-Interpolations">
        <Name_array id="mixamorig_RightHandThumb1-Interpolations-array" count="14">
 LINEAR LINEAR LINEAR LINEAR LINEAR LINEAR LINEAR LINEAR LINEAR LINEAR LINEAR
LINEAR LINEAR LINEAR</Name_array>
        <technique_common>
          <accessor source="#mixamorig_RightHandThumb1-Interpolations-array" count="14">
            <param type="name"/>
          </accessor>
        </technique_common>
      </source>
      <sampler id="mixamorig_RightHandThumb1-Matrix-animation-transform">
        <input semantic="INPUT" source="#mixamorig_RightHandThumb1-Matrix-animation-input"/>
        <input semantic="OUTPUT" source="#mixamorig_RightHandThumb1-Matrix-animation-output-transform"/>
        <input semantic="INTERPOLATION" source="#mixamorig_RightHandThumb1-Interpolations"/>
      </sampler>
      <channel source="#mixamorig_RightHandThumb1-Matrix-animation-transform" target="mixamorig_RightHandThumb1/matrix"/>
    </animation>
    <animation id="mixamorig_RightHandThumb2-anim" name="mixamorig_RightHandThumb2">
      <source id="mixamorig_RightHandThumb2-Matrix-animation-input">
        <float_array id="mixamorig_RightHandThumb2-Matrix-animation-input-array" count="14">

0.000000 0.033333 0.066667 0.100000 0.133333 0.166667 0.200000 0.233333 0.266667 0.300000 0.333333 0.366667 0.400000 0.433333</float_array>
        <technique_common>
          <accessor source="#mixamorig_RightHandThumb2-Matrix-animation-input-array" count="14">
            <param name="TIME" type="float"/>
          </accessor>
        </technique_common>
      </source>
      <source id="mixamorig_RightHandThumb2-Matrix-animation-output-transform">
        <float_array id="mixamorig_RightHandThumb2-Matrix-animation-output-transform-array" count="224">

0.951121 -0.306636 0.036644 0.267800 0.307927 0.950685 -0.037135 4.847300 -0.023450 0.046604 0.998638 0.000000 0.000000 0.000000 0.000000 1.000000
0.951121 -0.306637 0.036644 0.267800 0.307927 0.950685 -0.037135 4.847300 -0.023450 0.046603 0.998638 0.000000 0.000000 0.000000 0.000000 1.000000
0.951121 -0.306637 0.036644 0.267800 0.307927 0.950685 -0.037134 4.847300 -0.023450 0.046603 0.998638 0.000000 0.000000 0.000000 0.000000 1.000000
0.951121 -0.306637 0.036644 0.267800 0.307927 0.950685 -0.037135 4.847300 -0.023450 0.046603 0.998638 0.000000 0.000000 0.000000 0.000000 1.000000
0.951121 -0.306637 0.036643 0.267800 0.307927 0.950685 -0.037135 4.847300 -0.023449 0.046603 0.998638 0.000000 0.000000 0.000000 0.000000 1.000000
0.951121 -0.306637 0.036644 0.267800 0.307927 0.950685 -0.037134 4.847300 -0.023450 0.046603 0.998638 0.000000 0.000000 0.000000 0.000000 1.000000
0.951121 -0.306637 0.036644 0.267800 0.307927 0.950685 -0.037135 4.847300 -0.023450 0.046603 0.998638 0.000000 0.000000 0.000000 0.000000 1.000000
0.951121 -0.306637 0.036644 0.267800 0.307927 0.950685 -0.037135 4.847300 -0.023450 0.046604 0.998638 -0.000000 0.000000 0.000000 0.000000 1.000000
0.951121 -0.306637 0.036644 0.267800 0.307927 0.950685 -0.037135 4.847300 -0.023450 0.046603 0.998638 -0.000000 0.000000 0.000000 0.000000 1.000000
0.951121 -0.306637 0.036644 0.267800 0.307927 0.950685 -0.037135 4.847300 -0.023450 0.046604 0.998638 0.000000 0.000000 0.000000 0.000000 1.000000
0.951121 -0.306636 0.036644 0.267800 0.307926 0.950685 -0.037135 4.847300 -0.023450 0.046603 0.998638 0.000000 0.000000 0.000000 0.000000 1.000000
0.951121 -0.306637 0.036644 0.267800 0.307927 0.950685 -0.037135 4.847300 -0.023450 0.046603 0.998638 0.000000 0.000000 0.000000 0.000000 1.000000
0.951121 -0.306636 0.036644 0.267800 0.307926 0.950685 -0.037135 4.847300 -0.023450 0.046604 0.998638 0.000000 0.000000 0.000000 0.000000 1.000000
0.951121 -0.306637 0.036644 0.267800 0.307927 0.950685 -0.037135 4.847300 -0.023450 0.046603 0.998638 0.000000 0.000000 0.000000 0.000000 1.000000</float_array>
        <technique_common>
          <accessor source="#mixamorig_RightHandThumb2-Matrix-animation-output-transform-array" count="14" stride="16">
            <param type="float4x4"/>
          </accessor>
        </technique_common>
      </source>
      <source id="mixamorig_RightHandThumb2-Interpolations">
        <Name_array id="mixamorig_RightHandThumb2-Interpolations-array" count="14">
 LINEAR LINEAR LINEAR LINEAR LINEAR LINEAR LINEAR LINEAR LINEAR LINEAR LINEAR
LINEAR LINEAR LINEAR</Name_array>
        <technique_common>
          <accessor source="#mixamorig_RightHandThumb2-Interpolations-array" count="14">
            <param type="name"/>
          </accessor>
        </technique_common>
      </source>
      <sampler id="mixamorig_RightHandThumb2-Matrix-animation-transform">
        <input semantic="INPUT" source="#mixamorig_RightHandThumb2-Matrix-animation-input"/>
        <input semantic="OUTPUT" source="#mixamorig_RightHandThumb2-Matrix-animation-output-transform"/>
        <input semantic="INTERPOLATION" source="#mixamorig_RightHandThumb2-Interpolations"/>
      </sampler>
      <channel source="#mixamorig_RightHandThumb2-Matrix-animation-transform" target="mixamorig_RightHandThumb2/matrix"/>
    </animation>
    <animation id="mixamorig_RightHandThumb3-anim" name="mixamorig_RightHandThumb3">
      <source id="mixamorig_RightHandThumb3-Matrix-animation-input">
        <float_array id="mixamorig_RightHandThumb3-Matrix-animation-input-array" count="14">

0.000000 0.033333 0.066667 0.100000 0.133333 0.166667 0.200000 0.233333 0.266667 0.300000 0.333333 0.366667 0.400000 0.433333</float_array>
        <technique_common>
          <accessor source="#mixamorig_RightHandThumb3-Matrix-animation-input-array" count="14">
            <param name="TIME" type="float"/>
          </accessor>
        </technique_common>
      </source>
      <source id="mixamorig_RightHandThumb3-Matrix-animation-output-transform">
        <float_array id="mixamorig_RightHandThumb3-Matrix-animation-output-transform-array" count="224">

0.891373 -0.453258 -0.003291 -0.081100 0.442666 0.868936 0.221353 4.705100 -0.097471 -0.198765 0.975188 0.000000 0.000000 0.000000 0.000000 1.000000
0.891373 -0.453258 -0.003291 -0.081100 0.442666 0.868936 0.221354 4.705100 -0.097471 -0.198765 0.975188 0.000000 0.000000 0.000000 0.000000 1.000000
0.891373 -0.453258 -0.003290 -0.081100 0.442666 0.868936 0.221354 4.705100 -0.097471 -0.198765 0.975188 -0.000000 0.000000 0.000000 0.000000 1.000000
0.891373 -0.453258 -0.003290 -0.081100 0.442666 0.868936 0.221354 4.705100 -0.097471 -0.198765 0.975188 0.000000 0.000000 0.000000 0.000000 1.000000
0.891373 -0.453258 -0.003290 -0.081100 0.442666 0.868936 0.221353 4.705100 -0.097471 -0.198765 0.975188 -0.000000 0.000000 0.000000 0.000000 1.000000
0.891373 -0.453258 -0.003291 -0.081100 0.442666 0.868936 0.221354 4.705100 -0.097471 -0.198765 0.975188 0.000000 0.000000 0.000000 0.000000 1.000000
0.891373 -0.453258 -0.003290 -0.081100 0.442666 0.868936 0.221354 4.705100 -0.097471 -0.198765 0.975188 0.000000 0.000000 0.000000 0.000000 1.000000
0.891373 -0.453258 -0.003290 -0.081100 0.442665 0.868936 0.221354 4.705100 -0.097471 -0.198765 0.975188 0.000000 0.000000 0.000000 0.000000 1.000000
0.891373 -0.453258 -0.003290 -0.081100 0.442666 0.868936 0.221354 4.705100 -0.097471 -0.198765 0.975188 0.000000 0.000000 0.000000 0.000000 1.000000
0.891373 -0.453258 -0.003290 -0.081100 0.442666 0.868936 0.221353 4.705100 -0.097471 -0.198765 0.975188 -0.000000 0.000000 0.000000 0.000000 1.000000
0.891373 -0.453258 -0.003290 -0.081100 0.442666 0.868936 0.221354 4.705100 -0.097471 -0.198765 0.975188 0.000000 0.000000 0.000000 0.000000 1.000000
0.891373 -0.453258 -0.003290 -0.081100 0.442666 0.868936 0.221354 4.705100 -0.097471 -0.198765 0.975188 0.000000 0.000000 0.000000 0.000000 1.000000
0.891373 -0.453258 -0.003291 -0.081100 0.442666 0.868936 0.221354 4.705100 -0.097471 -0.198765 0.975188 -0.000000 0.000000 0.000000 0.000000 1.000000
0.891373 -0.453258 -0.003290 -0.081100 0.442666 0.868936 0.221354 4.705100 -0.097471 -0.198765 0.975188 0.000000 0.000000 0.000000 0.000000 1.000000</float_array>
        <technique_common>
          <accessor source="#mixamorig_RightHandThumb3-Matrix-animation-output-transform-array" count="14" stride="16">
            <param type="float4x4"/>
          </accessor>
        </technique_common>
      </source>
      <source id="mixamorig_RightHandThumb3-Interpolations">
        <Name_array id="mixamorig_RightHandThumb3-Interpolations-array" count="14">
 LINEAR LINEAR LINEAR LINEAR LINEAR LINEAR LINEAR LINEAR LINEAR LINEAR LINEAR
LINEAR LINEAR LINEAR</Name_array>
        <technique_common>
          <accessor source="#mixamorig_RightHandThumb3-Interpolations-array" count="14">
            <param type="name"/>
          </accessor>
        </technique_common>
      </source>
      <sampler id="mixamorig_RightHandThumb3-Matrix-animation-transform">
        <input semantic="INPUT" source="#mixamorig_RightHandThumb3-Matrix-animation-input"/>
        <input semantic="OUTPUT" source="#mixamorig_RightHandThumb3-Matrix-animation-output-transform"/>
        <input semantic="INTERPOLATION" source="#mixamorig_RightHandThumb3-Interpolations"/>
      </sampler>
      <channel source="#mixamorig_RightHandThumb3-Matrix-animation-transform" target="mixamorig_RightHandThumb3/matrix"/>
    </animation>
    <animation id="mixamorig_RightHandIndex1-anim" name="mixamorig_RightHandIndex1">
      <source id="mixamorig_RightHandIndex1-Matrix-animation-input">
        <float_array id="mixamorig_RightHandIndex1-Matrix-animation-input-array" count="14">

0.000000 0.033333 0.066667 0.100000 0.133333 0.166667 0.200000 0.233333 0.266667 0.300000 0.333333 0.366667 0.400000 0.433333</float_array>
        <technique_common>
          <accessor source="#mixamorig_RightHandIndex1-Matrix-animation-input-array" count="14">
            <param name="TIME" type="float"/>
          </accessor>
        </technique_common>
      </source>
      <source id="mixamorig_RightHandIndex1-Matrix-animation-output-transform">
        <float_array id="mixamorig_RightHandIndex1-Matrix-animation-output-transform-array" count="224">

0.999840 0.013146 -0.012155 5.382800 -0.014213 0.995626 -0.092345 13.307100 0.010888 0.092503 0.995653 -0.085200 0.000000 0.000000 0.000000 1.000000
0.999840 0.013146 -0.012155 5.382800 -0.014213 0.995626 -0.092345 13.307100 0.010888 0.092503 0.995653 -0.085200 0.000000 0.000000 0.000000 1.000000
0.999840 0.013146 -0.012155 5.382800 -0.014213 0.995626 -0.092345 13.307100 0.010888 0.092503 0.995653 -0.085200 0.000000 0.000000 0.000000 1.000000
0.999840 0.013146 -0.012155 5.382800 -0.014213 0.995626 -0.092345 13.307100 0.010888 0.092503 0.995653 -0.085200 0.000000 0.000000 0.000000 1.000000
0.999840 0.013145 -0.012155 5.382800 -0.014212 0.995626 -0.092345 13.307100 0.010888 0.092503 0.995653 -0.085200 0.000000 0.000000 0.000000 1.000000
0.999840 0.013146 -0.012155 5.382800 -0.014213 0.995626 -0.092345 13.307100 0.010888 0.092503 0.995653 -0.085200 0.000000 0.000000 0.000000 1.000000
0.999840 0.013146 -0.012155 5.382800 -0.014213 0.995626 -0.092345 13.307100 0.010888 0.092503 0.995653 -0.085200 0.000000 0.000000 0.000000 1.000000
0.999840 0.013146 -0.012154 5.382800 -0.014213 0.995626 -0.092345 13.307100 0.010887 0.092503 0.995653 -0.085200 0.000000 0.000000 0.000000 1.000000
0.999840 0.013145 -0.012155 5.382800 -0.014213 0.995626 -0.092345 13.307100 0.010888 0.092503 0.995653 -0.085200 0.000000 0.000000 0.000000 1.000000
0.999840 0.013145 -0.012155 5.382800 -0.014213 0.995626 -0.092345 13.307100 0.010888 0.092503 0.995653 -0.085200 0.000000 0.000000 0.000000 1.000000
0.999840 0.013146 -0.012155 5.382800 -0.014213 0.995626 -0.092345 13.307100 0.010888 0.092503 0.995653 -0.085200 0.000000 0.000000 0.000000 1.000000
0.999840 0.013145 -0.012155 5.382800 -0.014213 0.995626 -0.092345 13.307100 0.010888 0.092503 0.995653 -0.085200 0.000000 0.000000 0.000000 1.000000
0.999840 0.013145 -0.012155 5.382800 -0.014213 0.995626 -0.092345 13.307100 0.010888 0.092503 0.995653 -0.085200 0.000000 0.000000 0.000000 1.000000
0.999840 0.013145 -0.012155 5.382800 -0.014213 0.995626 -0.092345 13.307100 0.010888 0.092503 0.995653 -0.085200 0.000000 0.000000 0.000000 1.000000</float_array>
        <technique_common>
          <accessor source="#mixamorig_RightHandIndex1-Matrix-animation-output-transform-array" count="14" stride="16">
            <param type="float4x4"/>
          </accessor>
        </technique_common>
      </source>
      <source id="mixamorig_RightHandIndex1-Interpolations">
        <Name_array id="mixamorig_RightHandIndex1-Interpolations-array" count="14">
 LINEAR LINEAR LINEAR LINEAR LINEAR LINEAR LINEAR LINEAR LINEAR LINEAR LINEAR
LINEAR LINEAR LINEAR</Name_array>
        <technique_common>
          <accessor source="#mixamorig_RightHandIndex1-Interpolations-array" count="14">
            <param type="name"/>
          </accessor>
        </technique_common>
      </source>
      <sampler id="mixamorig_RightHandIndex1-Matrix-animation-transform">
        <input semantic="INPUT" source="#mixamorig_RightHandIndex1-Matrix-animation-input"/>
        <input semantic="OUTPUT" source="#mixamorig_RightHandIndex1-Matrix-animation-output-transform"/>
        <input semantic="INTERPOLATION" source="#mixamorig_RightHandIndex1-Interpolations"/>
      </sampler>
      <channel source="#mixamorig_RightHandIndex1-Matrix-animation-transform" target="mixamorig_RightHandIndex1/matrix"/>
    </animation>
    <animation id="mixamorig_RightHandIndex2-anim" name="mixamorig_RightHandIndex2">
      <source id="mixamorig_RightHandIndex2-Matrix-animation-input">
        <float_array id="mixamorig_RightHandIndex2-Matrix-animation-input-array" count="14">

0.000000 0.033333 0.066667 0.100000 0.133333 0.166667 0.200000 0.233333 0.266667 0.300000 0.333333 0.366667 0.400000 0.433333</float_array>
        <technique_common>
          <accessor source="#mixamorig_RightHandIndex2-Matrix-animation-input-array" count="14">
            <param name="TIME" type="float"/>
          </accessor>
        </technique_common>
      </source>
      <source id="mixamorig_RightHandIndex2-Matrix-animation-output-transform">
        <float_array id="mixamorig_RightHandIndex2-Matrix-animation-output-transform-array" count="224">

0.999861 -0.016599 0.001742 -0.001700 0.016612 0.979650 -0.200024 3.921400 0.001614 0.200026 0.979789 0.000000 0.000000 0.000000 0.000000 1.000000
0.999861 -0.016599 0.001742 -0.001700 0.016612 0.979650 -0.200024 3.921400 0.001613 0.200025 0.979789 0.000000 0.000000 0.000000 0.000000 1.000000
0.999861 -0.016599 0.001742 -0.001700 0.016612 0.979650 -0.200025 3.921400 0.001614 0.200026 0.979789 0.000000 0.000000 0.000000 0.000000 1.000000
0.999861 -0.016599 0.001742 -0.001700 0.016612 0.979650 -0.200024 3.921400 0.001613 0.200025 0.979789 -0.000000 0.000000 0.000000 0.000000 1.000000
0.999861 -0.016599 0.001742 -0.001700 0.016612 0.979650 -0.200025 3.921400 0.001613 0.200026 0.979789 0.000000 0.000000 0.000000 0.000000 1.000000
0.999861 -0.016598 0.001742 -0.001700 0.016611 0.979650 -0.200024 3.921400 0.001613 0.200025 0.979789 -0.000000 0.000000 0.000000 0.000000 1.000000
0.999861 -0.016599 0.001742 -0.001700 0.016612 0.979650 -0.200025 3.921400 0.001613 0.200026 0.979789 0.000000 0.000000 0.000000 0.000000 1.000000
0.999861 -0.016599 0.001742 -0.001700 0.016612 0.979650 -0.200025 3.921400 0.001614 0.200026 0.979789 0.000000 0.000000 0.000000 0.000000 1.000000
0.999861 -0.016599 0.001742 -0.001700 0.016612 0.979650 -0.200024 3.921400 0.001613 0.200025 0.979789 0.000000 0.000000 0.000000 0.000000 1.000000
0.999861 -0.016599 0.001742 -0.001700 0.016612 0.979650 -0.200025 3.921400 0.001614 0.200026 0.979789 -0.000000 0.000000 0.000000 0.000000 1.000000
0.999861 -0.016599 0.001742 -0.001700 0.016612 0.979650 -0.200025 3.921400 0.001614 0.200026 0.979789 -0.000000 0.000000 0.000000 0.000000 1.000000
0.999861 -0.016599 0.001743 -0.001700 0.016612 0.979650 -0.200025 3.921400 0.001613 0.200026 0.979789 -0.000000 0.000000 0.000000 0.000000 1.000000
0.999861 -0.016599 0.001743 -0.001700 0.016612 0.979650 -0.200025 3.921400 0.001613 0.200026 0.979789 -0.000000 0.000000 0.000000 0.000000 1.000000
0.999861 -0.016599 0.001742 -0.001700 0.016612 0.979650 -0.200025 3.921400 0.001613 0.200026 0.979789 -0.000000 0.000000 0.000000 0.000000 1.000000</float_array>
        <technique_common>
          <accessor source="#mixamorig_RightHandIndex2-Matrix-animation-output-transform-array" count="14" stride="16">
            <param type="float4x4"/>
          </accessor>
        </technique_common>
      </source>
      <source id="mixamorig_RightHandIndex2-Interpolations">
        <Name_array id="mixamorig_RightHandIndex2-Interpolations-array" count="14">
 LINEAR LINEAR LINEAR LINEAR LINEAR LINEAR LINEAR LINEAR LINEAR LINEAR LINEAR
LINEAR LINEAR LINEAR</Name_array>
        <technique_common>
          <accessor source="#mixamorig_RightHandIndex2-Interpolations-array" count="14">
            <param type="name"/>
          </accessor>
        </technique_common>
      </source>
      <sampler id="mixamorig_RightHandIndex2-Matrix-animation-transform">
        <input semantic="INPUT" source="#mixamorig_RightHandIndex2-Matrix-animation-input"/>
        <input semantic="OUTPUT" source="#mixamorig_RightHandIndex2-Matrix-animation-output-transform"/>
        <input semantic="INTERPOLATION" source="#mixamorig_RightHandIndex2-Interpolations"/>
      </sampler>
      <channel source="#mixamorig_RightHandIndex2-Matrix-animation-transform" target="mixamorig_RightHandIndex2/matrix"/>
    </animation>
    <animation id="mixamorig_RightHandIndex3-anim" name="mixamorig_RightHandIndex3">
      <source id="mixamorig_RightHandIndex3-Matrix-animation-input">
        <float_array id="mixamorig_RightHandIndex3-Matrix-animation-input-array" count="14">

0.000000 0.033333 0.066667 0.100000 0.133333 0.166667 0.200000 0.233333 0.266667 0.300000 0.333333 0.366667 0.400000 0.433333</float_array>
        <technique_common>
          <accessor source="#mixamorig_RightHandIndex3-Matrix-animation-input-array" count="14">
            <param name="TIME" type="float"/>
          </accessor>
        </technique_common>
      </source>
      <source id="mixamorig_RightHandIndex3-Matrix-animation-output-transform">
        <float_array id="mixamorig_RightHandIndex3-Matrix-animation-output-transform-array" count="224">

0.998878 -0.045370 0.013563 -0.000300 0.045309 0.832443 -0.552254 3.178700 0.013765 0.552249 0.833565 0.000000 0.000000 0.000000 0.000000 1.000000
0.998878 -0.045370 0.013563 -0.000300 0.045308 0.832443 -0.552254 3.178700 0.013765 0.552249 0.833565 0.000000 0.000000 0.000000 0.000000 1.000000
0.998878 -0.045369 0.013563 -0.000300 0.045308 0.832443 -0.552254 3.178700 0.013765 0.552249 0.833565 -0.000000 0.000000 0.000000 0.000000 1.000000
0.998878 -0.045370 0.013562 -0.000300 0.045308 0.832444 -0.552254 3.178700 0.013766 0.552249 0.833565 0.000000 0.000000 0.000000 0.000000 1.000000
0.998878 -0.045369 0.013563 -0.000300 0.045308 0.832443 -0.552255 3.178700 0.013765 0.552250 0.833565 -0.000000 0.000000 0.000000 0.000000 1.000000
0.998878 -0.045369 0.013563 -0.000300 0.045308 0.832443 -0.552255 3.178700 0.013765 0.552250 0.833565 -0.000000 0.000000 0.000000 0.000000 1.000000
0.998878 -0.045369 0.013563 -0.000300 0.045308 0.832443 -0.552255 3.178700 0.013765 0.552250 0.833565 -0.000000 0.000000 0.000000 0.000000 1.000000
0.998878 -0.045369 0.013563 -0.000300 0.045309 0.832443 -0.552254 3.178700 0.013765 0.552249 0.833565 0.000000 0.000000 0.000000 0.000000 1.000000
0.998878 -0.045370 0.013563 -0.000300 0.045309 0.832443 -0.552254 3.178700 0.013765 0.552249 0.833565 0.000000 0.000000 0.000000 0.000000 1.000000
0.998878 -0.045369 0.013563 -0.000300 0.045308 0.832443 -0.552255 3.178700 0.013765 0.552250 0.833565 -0.000000 0.000000 0.000000 0.000000 1.000000
0.998878 -0.045370 0.013563 -0.000300 0.045309 0.832443 -0.552254 3.178700 0.013765 0.552249 0.833565 0.000000 0.000000 0.000000 0.000000 1.000000
0.998878 -0.045370 0.013563 -0.000300 0.045309 0.832443 -0.552255 3.178700 0.013765 0.552250 0.833565 0.000000 0.000000 0.000000 0.000000 1.000000
0.998878 -0.045370 0.013563 -0.000300 0.045309 0.832444 -0.552254 3.178700 0.013765 0.552249 0.833565 0.000000 0.000000 0.000000 0.000000 1.000000
0.998878 -0.045370 0.013563 -0.000300 0.045309 0.832443 -0.552254 3.178700 0.013765 0.552249 0.833565 -0.000000 0.000000 0.000000 0.000000 1.000000</float_array>
        <technique_common>
          <accessor source="#mixamorig_RightHandIndex3-Matrix-animation-output-transform-array" count="14" stride="16">
            <param type="float4x4"/>
          </accessor>
        </technique_common>
      </source>
      <source id="mixamorig_RightHandIndex3-Interpolations">
        <Name_array id="mixamorig_RightHandIndex3-Interpolations-array" count="14">
 LINEAR LINEAR LINEAR LINEAR LINEAR LINEAR LINEAR LINEAR LINEAR LINEAR LINEAR
LINEAR LINEAR LINEAR</Name_array>
        <technique_common>
          <accessor source="#mixamorig_RightHandIndex3-Interpolations-array" count="14">
            <param type="name"/>
          </accessor>
        </technique_common>
      </source>
      <sampler id="mixamorig_RightHandIndex3-Matrix-animation-transform">
        <input semantic="INPUT" source="#mixamorig_RightHandIndex3-Matrix-animation-input"/>
        <input semantic="OUTPUT" source="#mixamorig_RightHandIndex3-Matrix-animation-output-transform"/>
        <input semantic="INTERPOLATION" source="#mixamorig_RightHandIndex3-Interpolations"/>
      </sampler>
      <channel source="#mixamorig_RightHandIndex3-Matrix-animation-transform" target="mixamorig_RightHandIndex3/matrix"/>
    </animation>
    <animation id="mixamorig_RightHandMiddle1-anim" name="mixamorig_RightHandMiddle1">
      <source id="mixamorig_RightHandMiddle1-Matrix-animation-input">
        <float_array id="mixamorig_RightHandMiddle1-Matrix-animation-input-array" count="14">

0.000000 0.033333 0.066667 0.100000 0.133333 0.166667 0.200000 0.233333 0.266667 0.300000 0.333333 0.366667 0.400000 0.433333</float_array>
        <technique_common>
          <accessor source="#mixamorig_RightHandMiddle1-Matrix-animation-input-array" count="14">
            <param name="TIME" type="float"/>
          </accessor>
        </technique_common>
      </source>
      <source id="mixamorig_RightHandMiddle1-Matrix-animation-output-transform">
        <float_array id="mixamorig_RightHandMiddle1-Matrix-animation-output-transform-array" count="224">

0.993305 -0.095976 -0.064302 1.695500 0.095213 0.995347 -0.014820 14.609200 0.065425 0.008599 0.997820 0.049800 0.000000 0.000000 0.000000 1.000000
0.993305 -0.095976 -0.064302 1.695500 0.095214 0.995347 -0.014820 14.609200 0.065425 0.008599 0.997820 0.049800 0.000000 0.000000 0.000000 1.000000
0.993305 -0.095976 -0.064302 1.695500 0.095214 0.995347 -0.014820 14.609200 0.065425 0.008598 0.997820 0.049800 0.000000 0.000000 0.000000 1.000000
0.993305 -0.095976 -0.064302 1.695500 0.095214 0.995347 -0.014820 14.609200 0.065425 0.008599 0.997820 0.049800 0.000000 0.000000 0.000000 1.000000
0.993305 -0.095976 -0.064301 1.695500 0.095214 0.995347 -0.014820 14.609200 0.065425 0.008598 0.997820 0.049800 0.000000 0.000000 0.000000 1.000000
0.993305 -0.095976 -0.064302 1.695500 0.095214 0.995347 -0.014820 14.609200 0.065425 0.008598 0.997820 0.049800 0.000000 0.000000 0.000000 1.000000
0.993305 -0.095976 -0.064301 1.695500 0.095214 0.995347 -0.014820 14.609200 0.065424 0.008599 0.997820 0.049800 0.000000 0.000000 0.000000 1.000000
0.993305 -0.095976 -0.064302 1.695500 0.095214 0.995347 -0.014820 14.609200 0.065425 0.008599 0.997820 0.049800 0.000000 0.000000 0.000000 1.000000
0.993305 -0.095976 -0.064302 1.695500 0.095213 0.995347 -0.014820 14.609200 0.065425 0.008598 0.997820 0.049800 0.000000 0.000000 0.000000 1.000000
0.993305 -0.095976 -0.064301 1.695500 0.095214 0.995347 -0.014820 14.609200 0.065425 0.008598 0.997820 0.049800 0.000000 0.000000 0.000000 1.000000
0.993305 -0.095975 -0.064302 1.695500 0.095213 0.995347 -0.014820 14.609200 0.065425 0.008598 0.997820 0.049800 0.000000 0.000000 0.000000 1.000000
0.993305 -0.095976 -0.064301 1.695500 0.095213 0.995347 -0.014820 14.609200 0.065425 0.008599 0.997820 0.049800 0.000000 0.000000 0.000000 1.000000
0.993305 -0.095976 -0.064301 1.695500 0.095214 0.995347 -0.014820 14.609200 0.065424 0.008598 0.997820 0.049800 0.000000 0.000000 0.000000 1.000000
0.993305 -0.095976 -0.064301 1.695500 0.095214 0.995347 -0.014820 14.609200 0.065424 0.008598 0.997820 0.049800 0.000000 0.000000 0.000000 1.000000</float_array>
        <technique_common>
          <accessor source="#mixamorig_RightHandMiddle1-Matrix-animation-output-transform-array" count="14" stride="16">
            <param type="float4x4"/>
          </accessor>
        </technique_common>
      </source>
      <source id="mixamorig_RightHandMiddle1-Interpolations">
        <Name_array id="mixamorig_RightHandMiddle1-Interpolations-array" count="14">
 LINEAR LINEAR LINEAR LINEAR LINEAR LINEAR LINEAR LINEAR LINEAR LINEAR LINEAR
LINEAR LINEAR LINEAR</Name_array>
        <technique_common>
          <accessor source="#mixamorig_RightHandMiddle1-Interpolations-array" count="14">
            <param type="name"/>
          </accessor>
        </technique_common>
      </source>
      <sampler id="mixamorig_RightHandMiddle1-Matrix-animation-transform">
        <input semantic="INPUT" source="#mixamorig_RightHandMiddle1-Matrix-animation-input"/>
        <input semantic="OUTPUT" source="#mixamorig_RightHandMiddle1-Matrix-animation-output-transform"/>
        <input semantic="INTERPOLATION" source="#mixamorig_RightHandMiddle1-Interpolations"/>
      </sampler>
      <channel source="#mixamorig_RightHandMiddle1-Matrix-animation-transform" target="mixamorig_RightHandMiddle1/matrix"/>
    </animation>
    <animation id="mixamorig_RightHandMiddle2-anim" name="mixamorig_RightHandMiddle2">
      <source id="mixamorig_RightHandMiddle2-Matrix-animation-input">
        <float_array id="mixamorig_RightHandMiddle2-Matrix-animation-input-array" count="14">

0.000000 0.033333 0.066667 0.100000 0.133333 0.166667 0.200000 0.233333 0.266667 0.300000 0.333333 0.366667 0.400000 0.433333</float_array>
        <technique_common>
          <accessor source="#mixamorig_RightHandMiddle2-Matrix-animation-input-array" count="14">
            <param name="TIME" type="float"/>
          </accessor>
        </technique_common>
      </source>
      <source id="mixamorig_RightHandMiddle2-Matrix-animation-output-transform">
        <float_array id="mixamorig_RightHandMiddle2-Matrix-animation-output-transform-array" count="224">

0.991133 -0.083073 0.103706 -0.000200 0.082558 -0.226551 -0.970494 4.318300 0.104117 0.970450 -0.217684 0.000000 0.000000 0.000000 0.000000 1.000000
0.991133 -0.083073 0.103706 -0.000200 0.082558 -0.226551 -0.970494 4.318300 0.104117 0.970450 -0.217684 -0.000000 0.000000 0.000000 0.000000 1.000000
0.991133 -0.083073 0.103706 -0.000200 0.082558 -0.226551 -0.970494 4.318300 0.104117 0.970450 -0.217684 0.000000 0.000000 0.000000 0.000000 1.000000
0.991133 -0.083073 0.103706 -0.000200 0.082558 -0.226551 -0.970494 4.318300 0.104116 0.970450 -0.217684 -0.000000 0.000000 0.000000 0.000000 1.000000
0.991133 -0.083073 0.103706 -0.000200 0.082558 -0.226551 -0.970494 4.318300 0.104117 0.970450 -0.217684 0.000000 0.000000 0.000000 0.000000 1.000000
0.991133 -0.083073 0.103706 -0.000200 0.082558 -0.226551 -0.970494 4.318300 0.104117 0.970450 -0.217684 0.000000 0.000000 0.000000 0.000000 1.000000
0.991133 -0.083073 0.103706 -0.000200 0.082557 -0.226551 -0.970494 4.318300 0.104117 0.970450 -0.217684 0.000000 0.000000 0.000000 0.000000 1.000000
0.991133 -0.083073 0.103706 -0.000200 0.082558 -0.226551 -0.970494 4.318300 0.104117 0.970450 -0.217684 -0.000000 0.000000 0.000000 0.000000 1.000000
0.991133 -0.083073 0.103706 -0.000200 0.082558 -0.226551 -0.970494 4.318300 0.104117 0.970450 -0.217684 0.000000 0.000000 0.000000 0.000000 1.000000
0.991133 -0.083073 0.103706 -0.000200 0.082558 -0.226552 -0.970494 4.318300 0.104117 0.970450 -0.217684 0.000000 0.000000 0.000000 0.000000 1.000000
0.991133 -0.083073 0.103706 -0.000200 0.082558 -0.226551 -0.970494 4.318300 0.104117 0.970450 -0.217684 -0.000000 0.000000 0.000000 0.000000 1.000000
0.991133 -0.083073 0.103706 -0.000200 0.082558 -0.226551 -0.970494 4.318300 0.104117 0.970450 -0.217684 0.000000 0.000000 0.000000 0.000000 1.000000
0.991133 -0.083073 0.103706 -0.000200 0.082558 -0.226551 -0.970494 4.318300 0.104117 0.970450 -0.217684 0.000000 0.000000 0.000000 0.000000 1.000000
0.991133 -0.083073 0.103706 -0.000200 0.082557 -0.226551 -0.970494 4.318300 0.104117 0.970450 -0.217684 0.000000 0.000000 0.000000 0.000000 1.000000</float_array>
        <technique_common>
          <accessor source="#mixamorig_RightHandMiddle2-Matrix-animation-output-transform-array" count="14" stride="16">
            <param type="float4x4"/>
          </accessor>
        </technique_common>
      </source>
      <source id="mixamorig_RightHandMiddle2-Interpolations">
        <Name_array id="mixamorig_RightHandMiddle2-Interpolations-array" count="14">
 LINEAR LINEAR LINEAR LINEAR LINEAR LINEAR LINEAR LINEAR LINEAR LINEAR LINEAR
LINEAR LINEAR LINEAR</Name_array>
        <technique_common>
          <accessor source="#mixamorig_RightHandMiddle2-Interpolations-array" count="14">
            <param type="name"/>
          </accessor>
        </technique_common>
      </source>
      <sampler id="mixamorig_RightHandMiddle2-Matrix-animation-transform">
        <input semantic="INPUT" source="#mixamorig_RightHandMiddle2-Matrix-animation-input"/>
        <input semantic="OUTPUT" source="#mixamorig_RightHandMiddle2-Matrix-animation-output-transform"/>
        <input semantic="INTERPOLATION" source="#mixamorig_RightHandMiddle2-Interpolations"/>
      </sampler>
      <channel source="#mixamorig_RightHandMiddle2-Matrix-animation-transform" target="mixamorig_RightHandMiddle2/matrix"/>
    </animation>
    <animation id="mixamorig_RightHandMiddle3-anim" name="mixamorig_RightHandMiddle3">
      <source id="mixamorig_RightHandMiddle3-Matrix-animation-input">
        <float_array id="mixamorig_RightHandMiddle3-Matrix-animation-input-array" count="14">

0.000000 0.033333 0.066667 0.100000 0.133333 0.166667 0.200000 0.233333 0.266667 0.300000 0.333333 0.366667 0.400000 0.433333</float_array>
        <technique_common>
          <accessor source="#mixamorig_RightHandMiddle3-Matrix-animation-input-array" count="14">
            <param name="TIME" type="float"/>
          </accessor>
        </technique_common>
      </source>
      <source id="mixamorig_RightHandMiddle3-Matrix-animation-output-transform">
        <float_array id="mixamorig_RightHandMiddle3-Matrix-animation-output-transform-array" count="224">

0.995181 -0.079803 0.056968 0.001500 0.079750 0.320804 -0.943782 3.241000 0.057042 0.943778 0.325622 0.000000 0.000000 0.000000 0.000000 1.000000
0.995181 -0.079803 0.056967 0.001500 0.079750 0.320804 -0.943782 3.241000 0.057042 0.943778 0.325622 0.000000 0.000000 0.000000 0.000000 1.000000
0.995181 -0.079804 0.056968 0.001500 0.079751 0.320804 -0.943782 3.241000 0.057042 0.943778 0.325622 -0.000000 0.000000 0.000000 0.000000 1.000000
0.995181 -0.079803 0.056968 0.001500 0.079751 0.320803 -0.943782 3.241000 0.057042 0.943778 0.325622 0.000000 0.000000 0.000000 0.000000 1.000000
0.995181 -0.079803 0.056968 0.001500 0.079751 0.320804 -0.943782 3.241000 0.057042 0.943778 0.325623 0.000000 0.000000 0.000000 0.000000 1.000000
0.995181 -0.079803 0.056968 0.001500 0.079750 0.320804 -0.943782 3.241000 0.057042 0.943778 0.325622 0.000000 0.000000 0.000000 0.000000 1.000000
0.995181 -0.079803 0.056968 0.001500 0.079751 0.320804 -0.943782 3.241000 0.057042 0.943778 0.325622 0.000000 0.000000 0.000000 0.000000 1.000000
0.995181 -0.079804 0.056967 0.001500 0.079750 0.320804 -0.943782 3.241000 0.057042 0.943778 0.325622 -0.000000 0.000000 0.000000 0.000000 1.000000
0.995181 -0.079804 0.056968 0.001500 0.079751 0.320804 -0.943782 3.241000 0.057042 0.943778 0.325622 0.000000 0.000000 0.000000 0.000000 1.000000
0.995181 -0.079804 0.056968 0.001500 0.079751 0.320804 -0.943782 3.241000 0.057042 0.943778 0.325622 -0.000000 0.000000 0.000000 0.000000 1.000000
0.995181 -0.079803 0.056968 0.001500 0.079751 0.320803 -0.943782 3.241000 0.057041 0.943778 0.325622 -0.000000 0.000000 0.000000 0.000000 1.000000
0.995181 -0.079803 0.056968 0.001500 0.079750 0.320804 -0.943782 3.241000 0.057041 0.943778 0.325622 0.000000 0.000000 0.000000 0.000000 1.000000
0.995181 -0.079803 0.056967 0.001500 0.079750 0.320804 -0.943782 3.241000 0.057042 0.943778 0.325622 0.000000 0.000000 0.000000 0.000000 1.000000
0.995181 -0.079803 0.056967 0.001500 0.079750 0.320804 -0.943782 3.241000 0.057042 0.943778 0.325622 0.000000 0.000000 0.000000 0.000000 1.000000</float_array>
        <technique_common>
          <accessor source="#mixamorig_RightHandMiddle3-Matrix-animation-output-transform-array" count="14" stride="16">
            <param type="float4x4"/>
          </accessor>
        </technique_common>
      </source>
      <source id="mixamorig_RightHandMiddle3-Interpolations">
        <Name_array id="mixamorig_RightHandMiddle3-Interpolations-array" count="14">
 LINEAR LINEAR LINEAR LINEAR LINEAR LINEAR LINEAR LINEAR LINEAR LINEAR LINEAR
LINEAR LINEAR LINEAR</Name_array>
        <technique_common>
          <accessor source="#mixamorig_RightHandMiddle3-Interpolations-array" count="14">
            <param type="name"/>
          </accessor>
        </technique_common>
      </source>
      <sampler id="mixamorig_RightHandMiddle3-Matrix-animation-transform">
        <input semantic="INPUT" source="#mixamorig_RightHandMiddle3-Matrix-animation-input"/>
        <input semantic="OUTPUT" source="#mixamorig_RightHandMiddle3-Matrix-animation-output-transform"/>
        <input semantic="INTERPOLATION" source="#mixamorig_RightHandMiddle3-Interpolations"/>
      </sampler>
      <channel source="#mixamorig_RightHandMiddle3-Matrix-animation-transform" target="mixamorig_RightHandMiddle3/matrix"/>
    </animation>
    <animation id="mixamorig_RightHandRing1-anim" name="mixamorig_RightHandRing1">
      <source id="mixamorig_RightHandRing1-Matrix-animation-input">
        <float_array id="mixamorig_RightHandRing1-Matrix-animation-input-array" count="14">

0.000000 0.033333 0.066667 0.100000 0.133333 0.166667 0.200000 0.233333 0.266667 0.300000 0.333333 0.366667 0.400000 0.433333</float_array>
        <technique_common>
          <accessor source="#mixamorig_RightHandRing1-Matrix-animation-input-array" count="14">
            <param name="TIME" type="float"/>
          </accessor>
        </technique_common>
      </source>
      <source id="mixamorig_RightHandRing1-Matrix-animation-output-transform">
        <float_array id="mixamorig_RightHandRing1-Matrix-animation-output-transform-array" count="224">

0.974231 -0.066204 0.215620 -1.709700 0.107612 0.976567 -0.186376 14.370000 -0.198228 0.204776 0.958526 -0.144700 0.000000 0.000000 0.000000 1.000000
0.974231 -0.066204 0.215620 -1.709700 0.107612 0.976567 -0.186376 14.370000 -0.198228 0.204777 0.958526 -0.144700 0.000000 0.000000 0.000000 1.000000
0.974231 -0.066204 0.215620 -1.709700 0.107613 0.976567 -0.186376 14.370000 -0.198228 0.204777 0.958526 -0.144700 0.000000 0.000000 0.000000 1.000000
0.974230 -0.066204 0.215620 -1.709700 0.107612 0.976567 -0.186376 14.370000 -0.198228 0.204777 0.958526 -0.144700 0.000000 0.000000 0.000000 1.000000
0.974230 -0.066205 0.215620 -1.709700 0.107613 0.976567 -0.186376 14.370000 -0.198228 0.204777 0.958526 -0.144700 0.000000 0.000000 0.000000 1.000000
0.974230 -0.066204 0.215620 -1.709700 0.107612 0.976567 -0.186376 14.370000 -0.198228 0.204777 0.958526 -0.144700 0.000000 0.000000 0.000000 1.000000
0.974230 -0.066204 0.215620 -1.709700 0.107613 0.976567 -0.186376 14.370000 -0.198229 0.204777 0.958526 -0.144700 0.000000 0.000000 0.000000 1.000000
0.974230 -0.066204 0.215620 -1.709700 0.107613 0.976567 -0.186376 14.370000 -0.198229 0.204777 0.958526 -0.144700 0.000000 0.000000 0.000000 1.000000
0.974230 -0.066205 0.215620 -1.709700 0.107613 0.976567 -0.186376 14.370000 -0.198228 0.204777 0.958526 -0.144700 0.000000 0.000000 0.000000 1.000000
0.974230 -0.066204 0.215620 -1.709700 0.107613 0.976567 -0.186376 14.370000 -0.198229 0.204776 0.958526 -0.144700 0.000000 0.000000 0.000000 1.000000
0.974230 -0.066204 0.215620 -1.709700 0.107613 0.976567 -0.186376 14.370000 -0.198229 0.204777 0.958526 -0.144700 0.000000 0.000000 0.000000 1.000000
0.974230 -0.066205 0.215620 -1.709700 0.107613 0.976567 -0.186376 14.370000 -0.198229 0.204777 0.958526 -0.144700 0.000000 0.000000 0.000000 1.000000
0.974230 -0.066204 0.215620 -1.709700 0.107612 0.976567 -0.186376 14.370000 -0.198228 0.204777 0.958526 -0.144700 0.000000 0.000000 0.000000 1.000000
0.974230 -0.066204 0.215620 -1.709700 0.107612 0.976567 -0.186376 14.370000 -0.198229 0.204776 0.958526 -0.144700 0.000000 0.000000 0.000000 1.000000</float_array>
        <technique_common>
          <accessor source="#mixamorig_RightHandRing1-Matrix-animation-output-transform-array" count="14" stride="16">
            <param type="float4x4"/>
          </accessor>
        </technique_common>
      </source>
      <source id="mixamorig_RightHandRing1-Interpolations">
        <Name_array id="mixamorig_RightHandRing1-Interpolations-array" count="14">
 LINEAR LINEAR LINEAR LINEAR LINEAR LINEAR LINEAR LINEAR LINEAR LINEAR LINEAR
LINEAR LINEAR LINEAR</Name_array>
        <technique_common>
          <accessor source="#mixamorig_RightHandRing1-Interpolations-array" count="14">
            <param type="name"/>
          </accessor>
        </technique_common>
      </source>
      <sampler id="mixamorig_RightHandRing1-Matrix-animation-transform">
        <input semantic="INPUT" source="#mixamorig_RightHandRing1-Matrix-animation-input"/>
        <input semantic="OUTPUT" source="#mixamorig_RightHandRing1-Matrix-animation-output-transform"/>
        <input semantic="INTERPOLATION" source="#mixamorig_RightHandRing1-Interpolations"/>
      </sampler>
      <channel source="#mixamorig_RightHandRing1-Matrix-animation-transform" target="mixamorig_RightHandRing1/matrix"/>
    </animation>
    <animation id="mixamorig_RightHandRing2-anim" name="mixamorig_RightHandRing2">
      <source id="mixamorig_RightHandRing2-Matrix-animation-input">
        <float_array id="mixamorig_RightHandRing2-Matrix-animation-input-array" count="14">

0.000000 0.033333 0.066667 0.100000 0.133333 0.166667 0.200000 0.233333 0.266667 0.300000 0.333333 0.366667 0.400000 0.433333</float_array>
        <technique_common>
          <accessor source="#mixamorig_RightHandRing2-Matrix-animation-input-array" count="14">
            <param name="TIME" type="float"/>
          </accessor>
        </technique_common>
      </source>
      <source id="mixamorig_RightHandRing2-Matrix-animation-output-transform">
        <float_array id="mixamorig_RightHandRing2-Matrix-animation-output-transform-array" count="224">

0.991294 -0.071931 0.110286 0.001300 0.071499 -0.409277 -0.909604 3.380800 0.110566 0.909570 -0.400571 0.000000 0.000000 0.000000 0.000000 1.000000
0.991294 -0.071930 0.110286 0.001300 0.071500 -0.409277 -0.909604 3.380800 0.110566 0.909570 -0.400570 -0.000000 0.000000 0.000000 0.000000 1.000000
0.991294 -0.071930 0.110286 0.001300 0.071500 -0.409277 -0.909604 3.380800 0.110565 0.909571 -0.400571 0.000000 0.000000 0.000000 0.000000 1.000000
0.991294 -0.071930 0.110286 0.001300 0.071500 -0.409277 -0.909604 3.380800 0.110566 0.909570 -0.400571 0.000000 0.000000 0.000000 0.000000 1.000000
0.991294 -0.071930 0.110286 0.001300 0.071500 -0.409277 -0.909604 3.380800 0.110566 0.909570 -0.400571 -0.000000 0.000000 0.000000 0.000000 1.000000
0.991294 -0.071930 0.110286 0.001300 0.071500 -0.409277 -0.909604 3.380800 0.110566 0.909570 -0.400571 -0.000000 0.000000 0.000000 0.000000 1.000000
0.991294 -0.071930 0.110286 0.001300 0.071500 -0.409277 -0.909604 3.380800 0.110566 0.909570 -0.400571 -0.000000 0.000000 0.000000 0.000000 1.000000
0.991294 -0.071930 0.110286 0.001300 0.071500 -0.409277 -0.909604 3.380800 0.110565 0.909570 -0.400571 0.000000 0.000000 0.000000 0.000000 1.000000
0.991294 -0.071930 0.110286 0.001300 0.071500 -0.409277 -0.909604 3.380800 0.110565 0.909571 -0.400571 0.000000 0.000000 0.000000 0.000000 1.000000
0.991294 -0.071930 0.110286 0.001300 0.071500 -0.409277 -0.909604 3.380800 0.110566 0.909571 -0.400570 0.000000 0.000000 0.000000 0.000000 1.000000
0.991294 -0.071930 0.110286 0.001300 0.071500 -0.409277 -0.909604 3.380800 0.110566 0.909570 -0.400571 0.000000 0.000000 0.000000 0.000000 1.000000
0.991294 -0.071930 0.110286 0.001300 0.071499 -0.409277 -0.909604 3.380800 0.110566 0.909570 -0.400571 0.000000 0.000000 0.000000 0.000000 1.000000
0.991294 -0.071930 0.110286 0.001300 0.071500 -0.409277 -0.909604 3.380800 0.110565 0.909570 -0.400571 0.000000 0.000000 0.000000 0.000000 1.000000
0.991294 -0.071931 0.110286 0.001300 0.071499 -0.409277 -0.909604 3.380800 0.110566 0.909570 -0.400571 0.000000 0.000000 0.000000 0.000000 1.000000</float_array>
        <technique_common>
          <accessor source="#mixamorig_RightHandRing2-Matrix-animation-output-transform-array" count="14" stride="16">
            <param type="float4x4"/>
          </accessor>
        </technique_common>
      </source>
      <source id="mixamorig_RightHandRing2-Interpolations">
        <Name_array id="mixamorig_RightHandRing2-Interpolations-array" count="14">
 LINEAR LINEAR LINEAR LINEAR LINEAR LINEAR LINEAR LINEAR LINEAR LINEAR LINEAR
LINEAR LINEAR LINEAR</Name_array>
        <technique_common>
          <accessor source="#mixamorig_RightHandRing2-Interpolations-array" count="14">
            <param type="name"/>
          </accessor>
        </technique_common>
      </source>
      <sampler id="mixamorig_RightHandRing2-Matrix-animation-transform">
        <input semantic="INPUT" source="#mixamorig_RightHandRing2-Matrix-animation-input"/>
        <input semantic="OUTPUT" source="#mixamorig_RightHandRing2-Matrix-animation-output-transform"/>
        <input semantic="INTERPOLATION" source="#mixamorig_RightHandRing2-Interpolations"/>
      </sampler>
      <channel source="#mixamorig_RightHandRing2-Matrix-animation-transform" target="mixamorig_RightHandRing2/matrix"/>
    </animation>
    <animation id="mixamorig_RightHandRing3-anim" name="mixamorig_RightHandRing3">
      <source id="mixamorig_RightHandRing3-Matrix-animation-input">
        <float_array id="mixamorig_RightHandRing3-Matrix-animation-input-array" count="14">

0.000000 0.033333 0.066667 0.100000 0.133333 0.166667 0.200000 0.233333 0.266667 0.300000 0.333333 0.366667 0.400000 0.433333</float_array>
        <technique_common>
          <accessor source="#mixamorig_RightHandRing3-Matrix-animation-input-array" count="14">
            <param name="TIME" type="float"/>
          </accessor>
        </technique_common>
      </source>
      <source id="mixamorig_RightHandRing3-Matrix-animation-output-transform">
        <float_array id="mixamorig_RightHandRing3-Matrix-animation-output-transform-array" count="224">

0.995012 -0.077032 0.063389 -0.000200 0.077276 0.193295 -0.978093 2.845800 0.063091 0.978112 0.198283 0.000000 0.000000 0.000000 0.000000 1.000000
0.995012 -0.077032 0.063389 -0.000200 0.077275 0.193295 -0.978093 2.845800 0.063092 0.978112 0.198283 0.000000 0.000000 0.000000 0.000000 1.000000
0.995012 -0.077032 0.063389 -0.000200 0.077275 0.193295 -0.978093 2.845800 0.063091 0.978112 0.198283 0.000000 0.000000 0.000000 0.000000 1.000000
0.995012 -0.077031 0.063388 -0.000200 0.077275 0.193295 -0.978093 2.845800 0.063091 0.978112 0.198283 0.000000 0.000000 0.000000 0.000000 1.000000
0.995012 -0.077032 0.063388 -0.000200 0.077275 0.193295 -0.978093 2.845800 0.063092 0.978112 0.198283 0.000000 0.000000 0.000000 0.000000 1.000000
0.995012 -0.077032 0.063389 -0.000200 0.077275 0.193295 -0.978093 2.845800 0.063092 0.978112 0.198283 0.000000 0.000000 0.000000 0.000000 1.000000
0.995012 -0.077032 0.063388 -0.000200 0.077275 0.193295 -0.978093 2.845800 0.063091 0.978112 0.198283 0.000000 0.000000 0.000000 0.000000 1.000000
0.995012 -0.077032 0.063389 -0.000200 0.077275 0.193295 -0.978093 2.845800 0.063091 0.978112 0.198284 0.000000 0.000000 0.000000 0.000000 1.000000
0.995012 -0.077032 0.063389 -0.000200 0.077275 0.193295 -0.978093 2.845800 0.063091 0.978112 0.198283 0.000000 0.000000 0.000000 0.000000 1.000000
0.995012 -0.077032 0.063389 -0.000200 0.077275 0.193295 -0.978093 2.845800 0.063092 0.978112 0.198283 0.000000 0.000000 0.000000 0.000000 1.000000
0.995012 -0.077032 0.063389 -0.000200 0.077275 0.193295 -0.978093 2.845800 0.063091 0.978112 0.198283 -0.000000 0.000000 0.000000 0.000000 1.000000
0.995012 -0.077032 0.063389 -0.000200 0.077276 0.193295 -0.978093 2.845800 0.063091 0.978112 0.198283 0.000000 0.000000 0.000000 0.000000 1.000000
0.995012 -0.077032 0.063389 -0.000200 0.077275 0.193295 -0.978093 2.845800 0.063091 0.978112 0.198283 -0.000000 0.000000 0.000000 0.000000 1.000000
0.995012 -0.077032 0.063388 -0.000200 0.077275 0.193295 -0.978093 2.845800 0.063092 0.978112 0.198283 -0.000000 0.000000 0.000000 0.000000 1.000000</float_array>
        <technique_common>
          <accessor source="#mixamorig_RightHandRing3-Matrix-animation-output-transform-array" count="14" stride="16">
            <param type="float4x4"/>
          </accessor>
        </technique_common>
      </source>
      <source id="mixamorig_RightHandRing3-Interpolations">
        <Name_array id="mixamorig_RightHandRing3-Interpolations-array" count="14">
 LINEAR LINEAR LINEAR LINEAR LINEAR LINEAR LINEAR LINEAR LINEAR LINEAR LINEAR
LINEAR LINEAR LINEAR</Name_array>
        <technique_common>
          <accessor source="#mixamorig_RightHandRing3-Interpolations-array" count="14">
            <param type="name"/>
          </accessor>
        </technique_common>
      </source>
      <sampler id="mixamorig_RightHandRing3-Matrix-animation-transform">
        <input semantic="INPUT" source="#mixamorig_RightHandRing3-Matrix-animation-input"/>
        <input semantic="OUTPUT" source="#mixamorig_RightHandRing3-Matrix-animation-output-transform"/>
        <input semantic="INTERPOLATION" source="#mixamorig_RightHandRing3-Interpolations"/>
      </sampler>
      <channel source="#mixamorig_RightHandRing3-Matrix-animation-transform" target="mixamorig_RightHandRing3/matrix"/>
    </animation>
    <animation id="mixamorig_RightHandPinky1-anim" name="mixamorig_RightHandPinky1">
      <source id="mixamorig_RightHandPinky1-Matrix-animation-input">
        <float_array id="mixamorig_RightHandPinky1-Matrix-animation-input-array" count="14">

0.000000 0.033333 0.066667 0.100000 0.133333 0.166667 0.200000 0.233333 0.266667 0.300000 0.333333 0.366667 0.400000 0.433333</float_array>
        <technique_common>
          <accessor source="#mixamorig_RightHandPinky1-Matrix-animation-input-array" count="14">
            <param name="TIME" type="float"/>
          </accessor>
        </technique_common>
      </source>
      <source id="mixamorig_RightHandPinky1-Matrix-animation-output-transform">
        <float_array id="mixamorig_RightHandPinky1-Matrix-animation-output-transform-array" count="224">

0.959817 -0.044406 0.277090 -4.848000 0.073955 0.992522 -0.097112 14.008100 -0.270705 0.113702 0.955924 -0.068600 0.000000 0.000000 0.000000 1.000000
0.959817 -0.044406 0.277091 -4.848000 0.073955 0.992522 -0.097112 14.008100 -0.270706 0.113702 0.955924 -0.068600 0.000000 0.000000 0.000000 1.000000
0.959817 -0.044406 0.277090 -4.848000 0.073955 0.992522 -0.097112 14.008100 -0.270706 0.113702 0.955924 -0.068600 0.000000 0.000000 0.000000 1.000000
0.959817 -0.044406 0.277090 -4.848000 0.073955 0.992522 -0.097112 14.008100 -0.270706 0.113702 0.955924 -0.068600 0.000000 0.000000 0.000000 1.000000
0.959817 -0.044406 0.277091 -4.848000 0.073955 0.992522 -0.097112 14.008100 -0.270706 0.113702 0.955924 -0.068600 0.000000 0.000000 0.000000 1.000000
0.959817 -0.044406 0.277090 -4.848000 0.073955 0.992522 -0.097112 14.008100 -0.270706 0.113702 0.955924 -0.068600 0.000000 0.000000 0.000000 1.000000
0.959817 -0.044406 0.277091 -4.848000 0.073955 0.992522 -0.097112 14.008100 -0.270706 0.113702 0.955924 -0.068600 0.000000 0.000000 0.000000 1.000000
0.959817 -0.044406 0.277091 -4.848000 0.073955 0.992522 -0.097112 14.008100 -0.270707 0.113702 0.955924 -0.068600 0.000000 0.000000 0.000000 1.000000
0.959817 -0.044406 0.277091 -4.848000 0.073955 0.992522 -0.097112 14.008100 -0.270706 0.113702 0.955924 -0.068600 0.000000 0.000000 0.000000 1.000000
0.959817 -0.044406 0.277090 -4.848000 0.073955 0.992522 -0.097112 14.008100 -0.270706 0.113702 0.955924 -0.068600 0.000000 0.000000 0.000000 1.000000
0.959817 -0.044406 0.277091 -4.848000 0.073954 0.992522 -0.097112 14.008100 -0.270706 0.113702 0.955924 -0.068600 0.000000 0.000000 0.000000 1.000000
0.959817 -0.044406 0.277091 -4.848000 0.073955 0.992522 -0.097112 14.008100 -0.270706 0.113702 0.955924 -0.068600 0.000000 0.000000 0.000000 1.000000
0.959817 -0.044406 0.277090 -4.848000 0.073955 0.992522 -0.097112 14.008100 -0.270706 0.113702 0.955924 -0.068600 0.000000 0.000000 0.000000 1.000000
0.959817 -0.044406 0.277090 -4.848000 0.073955 0.992522 -0.097112 14.008100 -0.270706 0.113702 0.955924 -0.068600 0.000000 0.000000 0.000000 1.000000</float_array>
        <technique_common>
          <accessor source="#mixamorig_RightHandPinky1-Matrix-animation-output-transform-array" count="14" stride="16">
            <param type="float4x4"/>
          </accessor>
        </technique_common>
      </source>
      <source id="mixamorig_RightHandPinky1-Interpolations">
        <Name_array id="mixamorig_RightHandPinky1-Interpolations-array" count="14">
 LINEAR LINEAR LINEAR LINEAR LINEAR LINEAR LINEAR LINEAR LINEAR LINEAR LINEAR
LINEAR LINEAR LINEAR</Name_array>
        <technique_common>
          <accessor source="#mixamorig_RightHandPinky1-Interpolations-array" count="14">
            <param type="name"/>
          </accessor>
        </technique_common>
      </source>
      <sampler id="mixamorig_RightHandPinky1-Matrix-animation-transform">
        <input semantic="INPUT" source="#mixamorig_RightHandPinky1-Matrix-animation-input"/>
        <input semantic="OUTPUT" source="#mixamorig_RightHandPinky1-Matrix-animation-output-transform"/>
        <input semantic="INTERPOLATION" source="#mixamorig_RightHandPinky1-Interpolations"/>
      </sampler>
      <channel source="#mixamorig_RightHandPinky1-Matrix-animation-transform" target="mixamorig_RightHandPinky1/matrix"/>
    </animation>
    <animation id="mixamorig_RightHandPinky2-anim" name="mixamorig_RightHandPinky2">
      <source id="mixamorig_RightHandPinky2-Matrix-animation-input">
        <float_array id="mixamorig_RightHandPinky2-Matrix-animation-input-array" count="14">

0.000000 0.033333 0.066667 0.100000 0.133333 0.166667 0.200000 0.233333 0.266667 0.300000 0.333333 0.366667 0.400000 0.433333</float_array>
        <technique_common>
          <accessor source="#mixamorig_RightHandPinky2-Matrix-animation-input-array" count="14">
            <param name="TIME" type="float"/>
          </accessor>
        </technique_common>
      </source>
      <source id="mixamorig_RightHandPinky2-Matrix-animation-output-transform">
        <float_array id="mixamorig_RightHandPinky2-Matrix-animation-output-transform-array" count="224">

0.996613 -0.056694 0.059565 0.005700 0.055431 -0.071887 -0.995871 2.332400 0.060742 0.995800 -0.068501 0.000000 0.000000 0.000000 0.000000 1.000000
0.996613 -0.056694 0.059565 0.005700 0.055432 -0.071887 -0.995871 2.332400 0.060742 0.995800 -0.068501 -0.000000 0.000000 0.000000 0.000000 1.000000
0.996613 -0.056693 0.059565 0.005700 0.055431 -0.071887 -0.995871 2.332400 0.060741 0.995800 -0.068501 -0.000000 0.000000 0.000000 0.000000 1.000000
0.996613 -0.056694 0.059565 0.005700 0.055431 -0.071887 -0.995871 2.332400 0.060741 0.995800 -0.068501 0.000000 0.000000 0.000000 0.000000 1.000000
0.996613 -0.056694 0.059565 0.005700 0.055432 -0.071887 -0.995871 2.332400 0.060742 0.995800 -0.068501 0.000000 0.000000 0.000000 0.000000 1.000000
0.996613 -0.056694 0.059565 0.005700 0.055431 -0.071887 -0.995871 2.332400 0.060742 0.995800 -0.068501 -0.000000 0.000000 0.000000 0.000000 1.000000
0.996613 -0.056694 0.059565 0.005700 0.055431 -0.071887 -0.995871 2.332400 0.060742 0.995800 -0.068501 0.000000 0.000000 0.000000 0.000000 1.000000
0.996613 -0.056694 0.059565 0.005700 0.055431 -0.071887 -0.995871 2.332400 0.060742 0.995800 -0.068501 0.000000 0.000000 0.000000 0.000000 1.000000
0.996613 -0.056694 0.059565 0.005700 0.055431 -0.071887 -0.995871 2.332400 0.060742 0.995800 -0.068501 0.000000 0.000000 0.000000 0.000000 1.000000
0.996613 -0.056694 0.059565 0.005700 0.055432 -0.071886 -0.995871 2.332400 0.060742 0.995800 -0.068500 0.000000 0.000000 0.000000 0.000000 1.000000
0.996613 -0.056694 0.059565 0.005700 0.055432 -0.071887 -0.995871 2.332400 0.060742 0.995800 -0.068501 0.000000 0.000000 0.000000 0.000000 1.000000
0.996613 -0.056694 0.059565 0.005700 0.055431 -0.071887 -0.995871 2.332400 0.060742 0.995800 -0.068501 -0.000000 0.000000 0.000000 0.000000 1.000000
0.996613 -0.056694 0.059565 0.005700 0.055431 -0.071887 -0.995871 2.332400 0.060742 0.995800 -0.068501 -0.000000 0.000000 0.000000 0.000000 1.000000
0.996613 -0.056693 0.059565 0.005700 0.055431 -0.071887 -0.995871 2.332400 0.060741 0.995800 -0.068501 0.000000 0.000000 0.000000 0.000000 1.000000</float_array>
        <technique_common>
          <accessor source="#mixamorig_RightHandPinky2-Matrix-animation-output-transform-array" count="14" stride="16">
            <param type="float4x4"/>
          </accessor>
        </technique_common>
      </source>
      <source id="mixamorig_RightHandPinky2-Interpolations">
        <Name_array id="mixamorig_RightHandPinky2-Interpolations-array" count="14">
 LINEAR LINEAR LINEAR LINEAR LINEAR LINEAR LINEAR LINEAR LINEAR LINEAR LINEAR
LINEAR LINEAR LINEAR</Name_array>
        <technique_common>
          <accessor source="#mixamorig_RightHandPinky2-Interpolations-array" count="14">
            <param type="name"/>
          </accessor>
        </technique_common>
      </source>
      <sampler id="mixamorig_RightHandPinky2-Matrix-animation-transform">
        <input semantic="INPUT" source="#mixamorig_RightHandPinky2-Matrix-animation-input"/>
        <input semantic="OUTPUT" source="#mixamorig_RightHandPinky2-Matrix-animation-output-transform"/>
        <input semantic="INTERPOLATION" source="#mixamorig_RightHandPinky2-Interpolations"/>
      </sampler>
      <channel source="#mixamorig_RightHandPinky2-Matrix-animation-transform" target="mixamorig_RightHandPinky2/matrix"/>
    </animation>
    <animation id="mixamorig_RightHandPinky3-anim" name="mixamorig_RightHandPinky3">
      <source id="mixamorig_RightHandPinky3-Matrix-animation-input">
        <float_array id="mixamorig_RightHandPinky3-Matrix-animation-input-array" count="14">

0.000000 0.033333 0.066667 0.100000 0.133333 0.166667 0.200000 0.233333 0.266667 0.300000 0.333333 0.366667 0.400000 0.433333</float_array>
        <technique_common>
          <accessor source="#mixamorig_RightHandPinky3-Matrix-animation-input-array" count="14">
            <param name="TIME" type="float"/>
          </accessor>
        </technique_common>
      </source>
      <source id="mixamorig_RightHandPinky3-Matrix-animation-output-transform">
        <float_array id="mixamorig_RightHandPinky3-Matrix-animation-output-transform-array" count="224">

0.997348 -0.055997 0.046485 -0.003000 0.057573 0.216360 -0.974615 2.529300 0.044518 0.974706 0.219010 0.000000 0.000000 0.000000 0.000000 1.000000
0.997348 -0.055997 0.046485 -0.003000 0.057573 0.216360 -0.974615 2.529300 0.044518 0.974706 0.219010 0.000000 0.000000 0.000000 0.000000 1.000000
0.997348 -0.055997 0.046486 -0.003000 0.057574 0.216360 -0.974615 2.529300 0.044518 0.974707 0.219010 0.000000 0.000000 0.000000 0.000000 1.000000
0.997348 -0.055997 0.046485 -0.003000 0.057573 0.216360 -0.974615 2.529300 0.044518 0.974707 0.219010 0.000000 0.000000 0.000000 0.000000 1.000000
0.997348 -0.055998 0.046485 -0.003000 0.057573 0.216360 -0.974615 2.529300 0.044519 0.974706 0.219010 0.000000 0.000000 0.000000 0.000000 1.000000
0.997348 -0.055998 0.046485 -0.003000 0.057573 0.216360 -0.974615 2.529300 0.044519 0.974706 0.219010 0.000000 0.000000 0.000000 0.000000 1.000000
0.997348 -0.055997 0.046485 -0.003000 0.057573 0.216360 -0.974615 2.529300 0.044518 0.974706 0.219010 -0.000000 0.000000 0.000000 0.000000 1.000000
0.997348 -0.055997 0.046485 -0.003000 0.057573 0.216360 -0.974615 2.529300 0.044518 0.974707 0.219010 0.000000 0.000000 0.000000 0.000000 1.000000
0.997348 -0.055997 0.046485 -0.003000 0.057574 0.216360 -0.974615 2.529300 0.044518 0.974707 0.219010 0.000000 0.000000 0.000000 0.000000 1.000000
0.997348 -0.055997 0.046485 -0.003000 0.057573 0.216360 -0.974615 2.529300 0.044518 0.974706 0.219010 0.000000 0.000000 0.000000 0.000000 1.000000
0.997348 -0.055997 0.046485 -0.003000 0.057573 0.216360 -0.974615 2.529300 0.044519 0.974707 0.219010 0.000000 0.000000 0.000000 0.000000 1.000000
0.997348 -0.055997 0.046485 -0.003000 0.057573 0.216360 -0.974615 2.529300 0.044518 0.974707 0.219010 0.000000 0.000000 0.000000 0.000000 1.000000
0.997348 -0.055998 0.046486 -0.003000 0.057574 0.216360 -0.974615 2.529300 0.044518 0.974707 0.219010 0.000000 0.000000 0.000000 0.000000 1.000000
0.997348 -0.055998 0.046485 -0.003000 0.057573 0.216360 -0.974615 2.529300 0.044519 0.974706 0.219010 0.000000 0.000000 0.000000 0.000000 1.000000</float_array>
        <technique_common>
          <accessor source="#mixamorig_RightHandPinky3-Matrix-animation-output-transform-array" count="14" stride="16">
            <param type="float4x4"/>
          </accessor>
        </technique_common>
      </source>
      <source id="mixamorig_RightHandPinky3-Interpolations">
        <Name_array id="mixamorig_RightHandPinky3-Interpolations-array" count="14">
 LINEAR LINEAR LINEAR LINEAR LINEAR LINEAR LINEAR LINEAR LINEAR LINEAR LINEAR
LINEAR LINEAR LINEAR</Name_array>
        <technique_common>
          <accessor source="#mixamorig_RightHandPinky3-Interpolations-array" count="14">
            <param type="name"/>
          </accessor>
        </technique_common>
      </source>
      <sampler id="mixamorig_RightHandPinky3-Matrix-animation-transform">
        <input semantic="INPUT" source="#mixamorig_RightHandPinky3-Matrix-animation-input"/>
        <input semantic="OUTPUT" source="#mixamorig_RightHandPinky3-Matrix-animation-output-transform"/>
        <input semantic="INTERPOLATION" source="#mixamorig_RightHandPinky3-Interpolations"/>
      </sampler>
      <channel source="#mixamorig_RightHandPinky3-Matrix-animation-transform" target="mixamorig_RightHandPinky3/matrix"/>
    </animation>
    <animation id="mixamorig_LeftUpLeg-anim" name="mixamorig_LeftUpLeg">
      <source id="mixamorig_LeftUpLeg-Matrix-animation-input">
        <float_array id="mixamorig_LeftUpLeg-Matrix-animation-input-array" count="14">

0.000000 0.033333 0.066667 0.100000 0.133333 0.166667 0.200000 0.233333 0.266667 0.300000 0.333333 0.366667 0.400000 0.433333</float_array>
        <technique_common>
          <accessor source="#mixamorig_LeftUpLeg-Matrix-animation-input-array" count="14">
            <param name="TIME" type="float"/>
          </accessor>
        </technique_common>
      </source>
      <source id="mixamorig_LeftUpLeg-Matrix-animation-output-transform">
        <float_array id="mixamorig_LeftUpLeg-Matrix-animation-output-transform-array" count="224">

-0.949780 0.301884 -0.082364 13.280500 -0.096149 -0.031064 0.994882 -6.012500 0.297781 0.952838 0.058530 -0.531400 0.000000 0.000000 0.000000 1.000000
-0.946186 0.311547 -0.087587 13.280500 -0.113395 -0.065676 0.991377 -6.012500 0.303108 0.947958 0.097469 -0.531400 0.000000 0.000000 0.000000 1.000000
-0.945492 0.320274 -0.058905 13.280500 -0.120871 -0.177187 0.976727 -6.012500 0.302383 0.930607 0.206240 -0.531400 0.000000 0.000000 0.000000 1.000000
-0.947321 0.320086 -0.011340 13.280500 -0.127998 -0.345892 0.929502 -6.012500 0.293599 0.881988 0.368642 -0.531400 0.000000 0.000000 0.000000 1.000000
-0.954198 0.295725 0.045316 13.280500 -0.130920 -0.548935 0.825549 -6.012500 0.269011 0.781804 0.562509 -0.531400 0.000000 0.000000 0.000000 1.000000
-0.964061 0.242705 0.108072 13.280500 -0.118269 -0.756298 0.643449 -6.012500 0.237903 0.607542 0.757822 -0.531400 0.000000 0.000000 0.000000 1.000000
-0.964865 0.211293 0.156175 13.280500 -0.096746 -0.838336 0.536500 -6.012500 0.244286 0.502541 0.829323 -0.531400 0.000000 0.000000 0.000000 1.000000
-0.961207 0.197029 0.193032 13.280500 -0.071400 -0.853704 0.515840 -6.012500 0.266428 0.482047 0.834654 -0.531400 0.000000 0.000000 0.000000 1.000000
-0.952162 0.242246 0.186290 13.280500 -0.069025 -0.764333 0.641116 -6.012500 0.297696 0.597588 0.744490 -0.531400 0.000000 0.000000 0.000000 1.000000
-0.938376 0.292622 0.183908 13.280500 -0.056262 -0.654355 0.754092 -6.012500 0.341005 0.697275 0.630494 -0.531400 0.000000 0.000000 0.000000 1.000000
-0.913267 0.375665 0.157542 13.280500 -0.055559 -0.497989 0.865402 -6.012500 0.403555 0.781590 0.475668 -0.531400 0.000000 0.000000 0.000000 1.000000
-0.877911 0.450117 0.163302 13.280500 -0.009283 -0.356984 0.934064 -6.012500 0.478735 0.818509 0.317578 -0.531400 0.000000 0.000000 0.000000 1.000000
-0.824243 0.527628 0.205504 13.280500 0.061971 -0.276692 0.958958 -6.012500 0.562834 0.803150 0.195364 -0.531400 0.000000 0.000000 0.000000 1.000000
-0.788458 0.570317 0.230373 13.280500 0.103609 -0.246040 0.963706 -6.012500 0.606299 0.783711 0.134902 -0.531400 0.000000 0.000000 0.000000 1.000000</float_array>
        <technique_common>
          <accessor source="#mixamorig_LeftUpLeg-Matrix-animation-output-transform-array" count="14" stride="16">
            <param type="float4x4"/>
          </accessor>
        </technique_common>
      </source>
      <source id="mixamorig_LeftUpLeg-Interpolations">
        <Name_array id="mixamorig_LeftUpLeg-Interpolations-array" count="14">
 LINEAR LINEAR LINEAR LINEAR LINEAR LINEAR LINEAR LINEAR LINEAR LINEAR LINEAR
LINEAR LINEAR LINEAR</Name_array>
        <technique_common>
          <accessor source="#mixamorig_LeftUpLeg-Interpolations-array" count="14">
            <param type="name"/>
          </accessor>
        </technique_common>
      </source>
      <sampler id="mixamorig_LeftUpLeg-Matrix-animation-transform">
        <input semantic="INPUT" source="#mixamorig_LeftUpLeg-Matrix-animation-input"/>
        <input semantic="OUTPUT" source="#mixamorig_LeftUpLeg-Matrix-animation-output-transform"/>
        <input semantic="INTERPOLATION" source="#mixamorig_LeftUpLeg-Interpolations"/>
      </sampler>
      <channel source="#mixamorig_LeftUpLeg-Matrix-animation-transform" target="mixamorig_LeftUpLeg/matrix"/>
    </animation>
    <animation id="mixamorig_LeftLeg-anim" name="mixamorig_LeftLeg">
      <source id="mixamorig_LeftLeg-Matrix-animation-input">
        <float_array id="mixamorig_LeftLeg-Matrix-animation-input-array" count="14">

0.000000 0.033333 0.066667 0.100000 0.133333 0.166667 0.200000 0.233333 0.266667 0.300000 0.333333 0.366667 0.400000 0.433333</float_array>
        <technique_common>
          <accessor source="#mixamorig_LeftLeg-Matrix-animation-input-array" count="14">
            <param name="TIME" type="float"/>
          </accessor>
        </technique_common>
      </source>
      <source id="mixamorig_LeftLeg-Matrix-animation-output-transform">
        <float_array id="mixamorig_LeftLeg-Matrix-animation-output-transform-array" count="224">

0.966564 0.062597 -0.248667 -0.000000 0.252306 -0.059040 0.965845 52.183899 0.045778 -0.996291 -0.072860 -0.000000 0.000000 0.000000 0.000000 1.000000
0.971329 0.062749 -0.229309 0.000000 0.233347 -0.067068 0.970078 52.183899 0.045492 -0.995773 -0.079787 -0.000000 0.000000 0.000000 0.000000 1.000000
0.974590 0.060862 -0.215568 0.000000 0.216904 -0.016188 0.976059 52.183899 0.055915 -0.998015 -0.028978 0.000000 0.000000 0.000000 0.000000 1.000000
0.973255 0.056653 -0.222634 -0.000000 0.216361 0.099721 0.971207 52.183899 0.077223 -0.993401 0.084797 0.000000 0.000000 0.000000 0.000000 1.000000
0.965011 0.047760 -0.257823 0.000000 0.232614 0.297868 0.925832 52.183899 0.121015 -0.953411 0.276337 0.000000 0.000000 0.000000 0.000000 1.000000
0.959536 0.028974 -0.280093 0.000000 0.209723 0.590227 0.779518 52.183899 0.187904 -0.806718 0.560267 0.000000 0.000000 0.000000 0.000000 1.000000
0.976846 0.005644 -0.213870 -0.000000 0.155879 0.665930 0.729547 52.183899 0.146540 -0.745993 0.649631 0.000000 0.000000 0.000000 0.000000 1.000000
0.988703 -0.003536 -0.149843 0.000000 0.124991 0.571192 0.811244 52.183899 0.082721 -0.820809 0.565182 0.000000 0.000000 0.000000 0.000000 1.000000
0.993377 -0.011359 0.114338 0.000000 -0.103059 0.351903 0.930346 52.183899 -0.050804 -0.935968 0.348401 -0.000000 0.000000 0.000000 0.000000 1.000000
0.970339 -0.023809 0.240574 0.000000 -0.238446 0.069676 0.968653 52.183899 -0.039825 -0.997286 0.061932 0.000000 0.000000 0.000000 0.000000 1.000000
0.979282 -0.021996 0.201303 0.000000 -0.199687 -0.270041 0.941914 52.183899 0.033642 -0.962598 -0.268839 0.000000 0.000000 0.000000 0.000000 1.000000
0.970521 -0.022124 0.239999 0.000000 -0.217587 -0.508701 0.832994 52.183899 0.103658 -0.860659 -0.498519 0.000000 0.000000 0.000000 0.000000 1.000000
0.970641 -0.033962 0.238124 -0.000000 -0.205857 -0.629358 0.749354 52.183899 0.124416 -0.776373 -0.617872 0.000000 0.000000 0.000000 0.000000 1.000000
0.974298 -0.042416 0.221233 -0.000000 -0.191093 -0.675654 0.712022 52.183899 0.119275 -0.735998 -0.666394 0.000000 0.000000 0.000000 0.000000 1.000000</float_array>
        <technique_common>
          <accessor source="#mixamorig_LeftLeg-Matrix-animation-output-transform-array" count="14" stride="16">
            <param type="float4x4"/>
          </accessor>
        </technique_common>
      </source>
      <source id="mixamorig_LeftLeg-Interpolations">
        <Name_array id="mixamorig_LeftLeg-Interpolations-array" count="14">
 LINEAR LINEAR LINEAR LINEAR LINEAR LINEAR LINEAR LINEAR LINEAR LINEAR LINEAR
LINEAR LINEAR LINEAR</Name_array>
        <technique_common>
          <accessor source="#mixamorig_LeftLeg-Interpolations-array" count="14">
            <param type="name"/>
          </accessor>
        </technique_common>
      </source>
      <sampler id="mixamorig_LeftLeg-Matrix-animation-transform">
        <input semantic="INPUT" source="#mixamorig_LeftLeg-Matrix-animation-input"/>
        <input semantic="OUTPUT" source="#mixamorig_LeftLeg-Matrix-animation-output-transform"/>
        <input semantic="INTERPOLATION" source="#mixamorig_LeftLeg-Interpolations"/>
      </sampler>
      <channel source="#mixamorig_LeftLeg-Matrix-animation-transform" target="mixamorig_LeftLeg/matrix"/>
    </animation>
    <animation id="mixamorig_LeftFoot-anim" name="mixamorig_LeftFoot">
      <source id="mixamorig_LeftFoot-Matrix-animation-input">
        <float_array id="mixamorig_LeftFoot-Matrix-animation-input-array" count="14">

0.000000 0.033333 0.066667 0.100000 0.133333 0.166667 0.200000 0.233333 0.266667 0.300000 0.333333 0.366667 0.400000 0.433333</float_array>
        <technique_common>
          <accessor source="#mixamorig_LeftFoot-Matrix-animation-input-array" count="14">
            <param name="TIME" type="float"/>
          </accessor>
        </technique_common>
      </source>
      <source id="mixamorig_LeftFoot-Matrix-animation-output-transform">
        <float_array id="mixamorig_LeftFoot-Matrix-animation-output-transform-array" count="224">

0.925589 -0.015168 -0.378226 0.000000 -0.370834 0.164138 -0.914080 50.974098 0.075946 0.986321 0.146299 0.000000 0.000000 0.000000 0.000000 1.000000
0.927040 -0.019409 -0.374460 0.000000 -0.368183 0.141933 -0.918856 50.974098 0.070982 0.989686 0.124431 -0.000000 0.000000 0.000000 0.000000 1.000000
0.932292 -0.025342 -0.360818 0.000000 -0.354841 0.129360 -0.925934 50.974098 0.070141 0.991274 0.111609 -0.000000 0.000000 0.000000 0.000000 1.000000
0.936390 -0.027750 -0.349864 0.000000 -0.343056 0.138035 -0.929117 50.974098 0.074076 0.990038 0.119735 0.000000 0.000000 0.000000 0.000000 1.000000
0.940038 -0.024869 -0.340162 0.000000 -0.329805 0.187920 -0.925157 50.974098 0.086930 0.981870 0.168450 0.000000 0.000000 0.000000 0.000000 1.000000
0.946572 -0.049670 -0.318644 0.000000 -0.289769 0.302674 -0.907977 50.974098 0.141545 0.951799 0.272110 -0.000000 0.000000 0.000000 0.000000 1.000000
0.941442 -0.083374 -0.326704 0.000000 -0.296116 0.258945 -0.919382 50.974098 0.161251 0.962287 0.219094 0.000000 0.000000 0.000000 0.000000 1.000000
0.959345 -0.034048 -0.280175 0.000000 -0.260885 0.271784 -0.926322 50.974098 0.107686 0.961756 0.251852 0.000000 0.000000 0.000000 0.000000 1.000000
0.979557 -0.092876 -0.178444 0.000000 -0.075643 0.651887 -0.754534 50.974098 0.186403 0.752607 0.631535 -0.000000 0.000000 0.000000 0.000000 1.000000
0.974221 -0.211130 -0.079479 -0.000000 0.109181 0.749564 -0.652865 50.974098 0.197414 0.627358 0.753293 -0.000000 0.000000 0.000000 0.000000 1.000000
0.975061 -0.218101 -0.041087 0.000000 0.138801 0.743724 -0.653918 50.974098 0.173177 0.631907 0.755449 -0.000000 0.000000 0.000000 0.000000 1.000000
0.938220 -0.237418 -0.251747 0.000000 0.047111 0.808370 -0.586786 50.974098 0.342818 0.538674 0.769614 0.000000 0.000000 0.000000 0.000000 1.000000
0.904098 -0.279640 -0.323122 -0.000000 0.051844 0.822344 -0.566624 50.974098 0.424168 0.495532 0.757977 -0.000000 0.000000 0.000000 0.000000 1.000000
0.899133 -0.310369 -0.308595 0.000000 0.079161 0.808771 -0.582771 50.974098 0.430457 0.499560 0.751762 0.000000 0.000000 0.000000 0.000000 1.000000</float_array>
        <technique_common>
          <accessor source="#mixamorig_LeftFoot-Matrix-animation-output-transform-array" count="14" stride="16">
            <param type="float4x4"/>
          </accessor>
        </technique_common>
      </source>
      <source id="mixamorig_LeftFoot-Interpolations">
        <Name_array id="mixamorig_LeftFoot-Interpolations-array" count="14">
 LINEAR LINEAR LINEAR LINEAR LINEAR LINEAR LINEAR LINEAR LINEAR LINEAR LINEAR
LINEAR LINEAR LINEAR</Name_array>
        <technique_common>
          <accessor source="#mixamorig_LeftFoot-Interpolations-array" count="14">
            <param type="name"/>
          </accessor>
        </technique_common>
      </source>
      <sampler id="mixamorig_LeftFoot-Matrix-animation-transform">
        <input semantic="INPUT" source="#mixamorig_LeftFoot-Matrix-animation-input"/>
        <input semantic="OUTPUT" source="#mixamorig_LeftFoot-Matrix-animation-output-transform"/>
        <input semantic="INTERPOLATION" source="#mixamorig_LeftFoot-Interpolations"/>
      </sampler>
      <channel source="#mixamorig_LeftFoot-Matrix-animation-transform" target="mixamorig_LeftFoot/matrix"/>
    </animation>
    <animation id="mixamorig_LeftToeBase-anim" name="mixamorig_LeftToeBase">
      <source id="mixamorig_LeftToeBase-Matrix-animation-input">
        <float_array id="mixamorig_LeftToeBase-Matrix-animation-input-array" count="14">

0.000000 0.033333 0.066667 0.100000 0.133333 0.166667 0.200000 0.233333 0.266667 0.300000 0.333333 0.366667 0.400000 0.433333</float_array>
        <technique_common>
          <accessor source="#mixamorig_LeftToeBase-Matrix-animation-input-array" count="14">
            <param name="TIME" type="float"/>
          </accessor>
        </technique_common>
      </source>
      <source id="mixamorig_LeftToeBase-Matrix-animation-output-transform">
        <float_array id="mixamorig_LeftToeBase-Matrix-animation-output-transform-array" count="224">

0.987501 0.072746 0.139818 -0.000000 0.003638 0.876353 -0.481655 21.993700 -0.157568 0.476144 0.865135 0.000000 0.000000 0.000000 0.000000 1.000000
0.987498 0.072773 0.139826 0.000000 0.003622 0.876343 -0.481673 21.993700 -0.157589 0.476158 0.865124 -0.000000 0.000000 0.000000 0.000000 1.000000
0.987498 0.072785 0.139821 0.000000 0.003607 0.876348 -0.481665 21.993700 -0.157590 0.476148 0.865129 0.000000 0.000000 0.000000 0.000000 1.000000
0.987514 0.072786 0.139705 -0.000000 0.003516 0.876448 -0.481483 21.993700 -0.157489 0.475963 0.865250 -0.000000 0.000000 0.000000 0.000000 1.000000
0.987513 0.072793 0.139714 0.000000 0.003517 0.876441 -0.481497 21.993700 -0.157501 0.475975 0.865240 0.000000 0.000000 0.000000 0.000000 1.000000
0.987478 0.071513 0.140613 0.000000 0.005312 0.875768 -0.482702 21.993700 -0.157664 0.477405 0.864423 0.000000 0.000000 0.000000 0.000000 1.000000
0.981971 0.131788 0.135521 0.000000 -0.050338 0.873326 -0.484528 21.993700 -0.182209 0.468970 0.864215 -0.000000 0.000000 0.000000 0.000000 1.000000
0.970964 0.215097 0.104698 0.000000 -0.097243 0.754749 -0.648766 21.993700 -0.218569 0.619747 0.753751 0.000000 0.000000 0.000000 0.000000 1.000000
0.984653 0.174450 0.005074 0.000000 -0.049324 0.306049 -0.950737 21.993700 -0.167409 0.935896 0.309957 0.000000 0.000000 0.000000 0.000000 1.000000
0.975949 0.136937 0.169622 0.000000 -0.040084 0.877544 -0.477818 21.993700 -0.214281 0.459527 0.861927 0.000000 0.000000 0.000000 0.000000 1.000000
0.979264 0.110203 0.169992 0.000000 -0.014878 0.875957 -0.482160 21.993700 -0.202041 0.469633 0.859433 0.000000 0.000000 0.000000 0.000000 1.000000
0.986147 0.083764 0.143167 0.000000 -0.011060 0.894407 -0.447118 21.993700 -0.165502 0.439341 0.882943 0.000000 0.000000 0.000000 0.000000 1.000000
0.989069 0.072209 0.128560 0.000000 -0.010226 0.903375 -0.428729 21.993700 -0.147096 0.422728 0.894239 0.000000 0.000000 0.000000 0.000000 1.000000
0.989720 0.069616 0.124929 0.000000 -0.010148 0.905515 -0.424192 21.993700 -0.142656 0.418564 0.896913 0.000000 0.000000 0.000000 0.000000 1.000000</float_array>
        <technique_common>
          <accessor source="#mixamorig_LeftToeBase-Matrix-animation-output-transform-array" count="14" stride="16">
            <param type="float4x4"/>
          </accessor>
        </technique_common>
      </source>
      <source id="mixamorig_LeftToeBase-Interpolations">
        <Name_array id="mixamorig_LeftToeBase-Interpolations-array" count="14">
 LINEAR LINEAR LINEAR LINEAR LINEAR LINEAR LINEAR LINEAR LINEAR LINEAR LINEAR
LINEAR LINEAR LINEAR</Name_array>
        <technique_common>
          <accessor source="#mixamorig_LeftToeBase-Interpolations-array" count="14">
            <param type="name"/>
          </accessor>
        </technique_common>
      </source>
      <sampler id="mixamorig_LeftToeBase-Matrix-animation-transform">
        <input semantic="INPUT" source="#mixamorig_LeftToeBase-Matrix-animation-input"/>
        <input semantic="OUTPUT" source="#mixamorig_LeftToeBase-Matrix-animation-output-transform"/>
        <input semantic="INTERPOLATION" source="#mixamorig_LeftToeBase-Interpolations"/>
      </sampler>
      <channel source="#mixamorig_LeftToeBase-Matrix-animation-transform" target="mixamorig_LeftToeBase/matrix"/>
    </animation>
    <animation id="mixamorig_RightUpLeg-anim" name="mixamorig_RightUpLeg">
      <source id="mixamorig_RightUpLeg-Matrix-animation-input">
        <float_array id="mixamorig_RightUpLeg-Matrix-animation-input-array" count="14">

0.000000 0.033333 0.066667 0.100000 0.133333 0.166667 0.200000 0.233333 0.266667 0.300000 0.333333 0.366667 0.400000 0.433333</float_array>
        <technique_common>
          <accessor source="#mixamorig_RightUpLeg-Matrix-animation-input-array" count="14">
            <param name="TIME" type="float"/>
          </accessor>
        </technique_common>
      </source>
      <source id="mixamorig_RightUpLeg-Matrix-animation-output-transform">
        <float_array id="mixamorig_RightUpLeg-Matrix-animation-output-transform-array" count="224">

-0.899466 -0.411901 0.145939 -13.293700 0.215519 -0.127613 0.968125 -6.012500 -0.380148 0.902248 0.203556 -0.531400 0.000000 0.000000 0.000000 1.000000
-0.892393 -0.438947 0.104687 -13.293700 0.203480 -0.184352 0.961566 -6.012500 -0.402778 0.879397 0.253832 -0.531400 0.000000 0.000000 0.000000 1.000000
-0.876536 -0.477680 0.059216 -13.293700 0.221045 -0.290192 0.931090 -6.012500 -0.427579 0.829223 0.359953 -0.531400 0.000000 0.000000 0.000000 1.000000
-0.871176 -0.490923 -0.006860 -13.293700 0.232485 -0.424786 0.874933 -6.012500 -0.432439 0.760625 0.484196 -0.531400 0.000000 0.000000 0.000000 1.000000
-0.868991 -0.490046 -0.068631 -13.293700 0.255745 -0.563521 0.785518 -6.012500 -0.423615 0.665056 0.615021 -0.531400 0.000000 0.000000 0.000000 1.000000
-0.862681 -0.483031 -0.149879 -13.293700 0.273877 -0.695316 0.664475 -6.012500 -0.425175 0.532181 0.732127 -0.531400 0.000000 0.000000 0.000000 1.000000
-0.858874 -0.442230 -0.258396 -13.293700 0.270422 -0.819974 0.504494 -6.012500 -0.434981 0.363421 0.823843 -0.531400 0.000000 0.000000 0.000000 1.000000
-0.909344 -0.354260 -0.218161 -13.293700 0.232866 -0.867921 0.438734 -6.012500 -0.344772 0.348157 0.871733 -0.531400 0.000000 0.000000 0.000000 1.000000
-0.866048 -0.480986 -0.136434 -13.293700 0.323872 -0.747618 0.579805 -6.012500 -0.380879 0.457952 0.803251 -0.531400 0.000000 0.000000 0.000000 1.000000
-0.894086 -0.447892 -0.001618 -13.293700 0.289024 -0.579704 0.761845 -6.012500 -0.342163 0.680687 0.647757 -0.531400 0.000000 0.000000 0.000000 1.000000
-0.912714 -0.393905 0.108588 -13.293700 0.262364 -0.361254 0.894796 -6.012500 -0.313237 0.845183 0.433069 -0.531400 0.000000 0.000000 0.000000 1.000000
-0.910495 -0.389303 0.139434 -13.293700 0.216585 -0.161713 0.962777 -6.012500 -0.352264 0.906803 0.231556 -0.531400 0.000000 0.000000 0.000000 1.000000
-0.894057 -0.440340 0.082241 -13.293700 0.118476 -0.055388 0.991411 -6.012500 -0.432002 0.896121 0.101690 -0.531400 0.000000 0.000000 0.000000 1.000000
-0.878559 -0.476110 0.038125 -13.293700 0.052096 -0.016176 0.998511 -6.012500 -0.474784 0.879237 0.039014 -0.531400 0.000000 0.000000 0.000000 1.000000</float_array>
        <technique_common>
          <accessor source="#mixamorig_RightUpLeg-Matrix-animation-output-transform-array" count="14" stride="16">
            <param type="float4x4"/>
          </accessor>
        </technique_common>
      </source>
      <source id="mixamorig_RightUpLeg-Interpolations">
        <Name_array id="mixamorig_RightUpLeg-Interpolations-array" count="14">
 LINEAR LINEAR LINEAR LINEAR LINEAR LINEAR LINEAR LINEAR LINEAR LINEAR LINEAR
LINEAR LINEAR LINEAR</Name_array>
        <technique_common>
          <accessor source="#mixamorig_RightUpLeg-Interpolations-array" count="14">
            <param type="name"/>
          </accessor>
        </technique_common>
      </source>
      <sampler id="mixamorig_RightUpLeg-Matrix-animation-transform">
        <input semantic="INPUT" source="#mixamorig_RightUpLeg-Matrix-animation-input"/>
        <input semantic="OUTPUT" source="#mixamorig_RightUpLeg-Matrix-animation-output-transform"/>
        <input semantic="INTERPOLATION" source="#mixamorig_RightUpLeg-Interpolations"/>
      </sampler>
      <channel source="#mixamorig_RightUpLeg-Matrix-animation-transform" target="mixamorig_RightUpLeg/matrix"/>
    </animation>
    <animation id="mixamorig_RightLeg-anim" name="mixamorig_RightLeg">
      <source id="mixamorig_RightLeg-Matrix-animation-input">
        <float_array id="mixamorig_RightLeg-Matrix-animation-input-array" count="14">

0.000000 0.033333 0.066667 0.100000 0.133333 0.166667 0.200000 0.233333 0.266667 0.300000 0.333333 0.366667 0.400000 0.433333</float_array>
        <technique_common>
          <accessor source="#mixamorig_RightLeg-Matrix-animation-input-array" count="14">
            <param name="TIME" type="float"/>
          </accessor>
        </technique_common>
      </source>
      <source id="mixamorig_RightLeg-Matrix-animation-output-transform">
        <float_array id="mixamorig_RightLeg-Matrix-animation-output-transform-array" count="224">

0.990596 0.025290 0.134463 0.000000 -0.123962 -0.250053 0.960264 52.153900 0.057908 -0.967902 -0.244567 0.000000 0.000000 0.000000 0.000000 1.000000
0.992590 0.025811 0.118741 0.000000 -0.109018 -0.242456 0.964018 52.153900 0.053672 -0.969819 -0.237845 -0.000000 0.000000 0.000000 0.000000 1.000000
0.999874 0.015194 0.004694 0.000000 -0.001809 -0.184560 0.982820 52.153900 0.015799 -0.982704 -0.184509 0.000000 0.000000 0.000000 0.000000 1.000000
0.999071 0.023581 -0.036078 0.000000 0.037586 -0.067007 0.997044 52.153900 0.021094 -0.997474 -0.067831 0.000000 0.000000 0.000000 0.000000 1.000000
0.998384 0.030934 -0.047679 0.000000 0.043911 0.112757 0.992652 52.153900 0.036083 -0.993141 0.111216 0.000000 0.000000 0.000000 0.000000 1.000000
0.996178 0.037508 -0.078881 0.000000 0.060356 0.357197 0.932077 52.153900 0.063136 -0.933276 0.353568 0.000000 0.000000 0.000000 0.000000 1.000000
0.996370 0.073802 0.042425 0.000000 -0.077416 0.578288 0.812152 52.153900 0.035405 -0.812488 0.581902 0.000000 0.000000 0.000000 0.000000 1.000000
0.951964 0.158631 0.261918 0.000000 -0.304426 0.582507 0.753665 52.153900 -0.033014 -0.797196 0.602817 0.000000 0.000000 0.000000 0.000000 1.000000
0.994628 -0.039705 -0.095599 0.000000 0.103444 0.346764 0.932231 52.153900 -0.003864 -0.937112 0.349009 0.000000 0.000000 0.000000 0.000000 1.000000
0.992963 -0.014765 -0.117498 0.000000 0.116427 -0.059655 0.991406 52.153900 -0.021647 -0.998110 -0.057516 0.000000 0.000000 0.000000 0.000000 1.000000
0.992376 -0.014681 -0.122370 0.000000 0.102585 -0.451911 0.886145 52.153900 -0.068310 -0.891942 -0.446959 0.000000 0.000000 0.000000 0.000000 1.000000
0.978410 -0.016750 -0.205994 -0.000000 0.138009 -0.688974 0.711525 52.153900 -0.153843 -0.724592 -0.671788 0.000000 0.000000 0.000000 0.000000 1.000000
0.983591 0.003682 -0.180374 0.000000 0.114846 -0.783831 0.610262 52.153900 -0.139136 -0.620963 -0.771392 -0.000000 0.000000 0.000000 0.000000 1.000000
0.988902 0.018036 -0.147473 -0.000000 0.100022 -0.814791 0.571061 52.153900 -0.109860 -0.579474 -0.807552 0.000000 0.000000 0.000000 0.000000 1.000000</float_array>
        <technique_common>
          <accessor source="#mixamorig_RightLeg-Matrix-animation-output-transform-array" count="14" stride="16">
            <param type="float4x4"/>
          </accessor>
        </technique_common>
      </source>
      <source id="mixamorig_RightLeg-Interpolations">
        <Name_array id="mixamorig_RightLeg-Interpolations-array" count="14">
 LINEAR LINEAR LINEAR LINEAR LINEAR LINEAR LINEAR LINEAR LINEAR LINEAR LINEAR
LINEAR LINEAR LINEAR</Name_array>
        <technique_common>
          <accessor source="#mixamorig_RightLeg-Interpolations-array" count="14">
            <param type="name"/>
          </accessor>
        </technique_common>
      </source>
      <sampler id="mixamorig_RightLeg-Matrix-animation-transform">
        <input semantic="INPUT" source="#mixamorig_RightLeg-Matrix-animation-input"/>
        <input semantic="OUTPUT" source="#mixamorig_RightLeg-Matrix-animation-output-transform"/>
        <input semantic="INTERPOLATION" source="#mixamorig_RightLeg-Interpolations"/>
      </sampler>
      <channel source="#mixamorig_RightLeg-Matrix-animation-transform" target="mixamorig_RightLeg/matrix"/>
    </animation>
    <animation id="mixamorig_RightFoot-anim" name="mixamorig_RightFoot">
      <source id="mixamorig_RightFoot-Matrix-animation-input">
        <float_array id="mixamorig_RightFoot-Matrix-animation-input-array" count="14">

0.000000 0.033333 0.066667 0.100000 0.133333 0.166667 0.200000 0.233333 0.266667 0.300000 0.333333 0.366667 0.400000 0.433333</float_array>
        <technique_common>
          <accessor source="#mixamorig_RightFoot-Matrix-animation-input-array" count="14">
            <param name="TIME" type="float"/>
          </accessor>
        </technique_common>
      </source>
      <source id="mixamorig_RightFoot-Matrix-animation-output-transform">
        <float_array id="mixamorig_RightFoot-Matrix-animation-output-transform-array" count="224">

0.916526 0.078111 0.392274 0.000000 0.399840 -0.204522 -0.893476 51.002602 0.010438 0.975741 -0.218681 -0.000000 0.000000 0.000000 0.000000 1.000000
0.921884 0.073654 0.380401 0.000000 0.386899 -0.228087 -0.893468 51.002602 0.020957 0.970851 -0.238767 0.000000 0.000000 0.000000 0.000000 1.000000
0.960235 0.091915 0.263629 0.000000 0.278812 -0.266389 -0.922659 51.002602 -0.014578 0.959473 -0.281423 0.000000 0.000000 0.000000 0.000000 1.000000
0.972511 0.093042 0.213460 0.000000 0.229575 -0.229772 -0.945780 51.002602 -0.038950 0.968787 -0.244816 0.000000 0.000000 0.000000 0.000000 1.000000
0.971487 0.056978 0.230143 0.000000 0.234513 -0.088155 -0.968108 51.002602 -0.034873 0.994476 -0.099003 0.000000 0.000000 0.000000 0.000000 1.000000
0.969935 0.033401 0.241063 0.000000 0.234922 0.130158 -0.963260 51.002602 -0.063550 0.990930 0.118399 0.000000 0.000000 0.000000 0.000000 1.000000
0.949895 0.011271 0.312366 -0.000000 0.311571 0.045686 -0.949124 51.002602 -0.024968 0.998892 0.039885 -0.000000 0.000000 0.000000 0.000000 1.000000
0.887643 -0.084511 0.452711 0.000000 0.459535 0.227175 -0.858615 51.002602 -0.030282 0.970180 0.240486 0.000000 0.000000 0.000000 0.000000 1.000000
0.977074 -0.033109 0.210309 0.000000 0.188736 0.591795 -0.783682 51.002602 -0.098513 0.805408 0.584476 -0.000000 0.000000 0.000000 0.000000 1.000000
0.970685 -0.044235 0.236248 0.000000 0.206229 0.658119 -0.724119 51.002602 -0.123448 0.751613 0.647950 0.000000 0.000000 0.000000 0.000000 1.000000
0.989744 -0.004067 0.142797 0.000000 0.115173 0.614096 -0.780782 51.002602 -0.084516 0.789221 0.608266 0.000000 0.000000 0.000000 0.000000 1.000000
0.989447 0.128253 0.067416 0.000000 -0.036927 0.673129 -0.738603 51.002602 -0.140108 0.728319 0.670761 0.000000 0.000000 0.000000 0.000000 1.000000
0.973127 0.230202 -0.005576 -0.000000 -0.169000 0.697543 -0.696329 51.002602 -0.156407 0.678558 0.717701 0.000000 0.000000 0.000000 0.000000 1.000000
0.960779 0.272818 -0.049732 -0.000000 -0.231923 0.692175 -0.683451 51.002602 -0.152034 0.668180 0.728300 -0.000000 0.000000 0.000000 0.000000 1.000000</float_array>
        <technique_common>
          <accessor source="#mixamorig_RightFoot-Matrix-animation-output-transform-array" count="14" stride="16">
            <param type="float4x4"/>
          </accessor>
        </technique_common>
      </source>
      <source id="mixamorig_RightFoot-Interpolations">
        <Name_array id="mixamorig_RightFoot-Interpolations-array" count="14">
 LINEAR LINEAR LINEAR LINEAR LINEAR LINEAR LINEAR LINEAR LINEAR LINEAR LINEAR
LINEAR LINEAR LINEAR</Name_array>
        <technique_common>
          <accessor source="#mixamorig_RightFoot-Interpolations-array" count="14">
            <param type="name"/>
          </accessor>
        </technique_common>
      </source>
      <sampler id="mixamorig_RightFoot-Matrix-animation-transform">
        <input semantic="INPUT" source="#mixamorig_RightFoot-Matrix-animation-input"/>
        <input semantic="OUTPUT" source="#mixamorig_RightFoot-Matrix-animation-output-transform"/>
        <input semantic="INTERPOLATION" source="#mixamorig_RightFoot-Interpolations"/>
      </sampler>
      <channel source="#mixamorig_RightFoot-Matrix-animation-transform" target="mixamorig_RightFoot/matrix"/>
    </animation>
    <animation id="mixamorig_RightToeBase-anim" name="mixamorig_RightToeBase">
      <source id="mixamorig_RightToeBase-Matrix-animation-input">
        <float_array id="mixamorig_RightToeBase-Matrix-animation-input-array" count="14">

0.000000 0.033333 0.066667 0.100000 0.133333 0.166667 0.200000 0.233333 0.266667 0.300000 0.333333 0.366667 0.400000 0.433333</float_array>
        <technique_common>
          <accessor source="#mixamorig_RightToeBase-Matrix-animation-input-array" count="14">
            <param name="TIME" type="float"/>
          </accessor>
        </technique_common>
      </source>
      <source id="mixamorig_RightToeBase-Matrix-animation-output-transform">
        <float_array id="mixamorig_RightToeBase-Matrix-animation-output-transform-array" count="224">

0.990612 -0.108005 -0.083798 0.000000 0.062724 0.903782 -0.423371 22.030199 0.121462 0.414141 0.902072 0.000000 0.000000 0.000000 0.000000 1.000000
0.990620 -0.108013 -0.083697 0.000000 0.062799 0.903866 -0.423181 22.030199 0.121360 0.413955 0.902171 0.000000 0.000000 0.000000 0.000000 1.000000
0.999304 -0.019526 -0.031792 0.000000 0.005027 0.914817 -0.403838 22.030199 0.036969 0.403397 0.914278 0.000000 0.000000 0.000000 0.000000 1.000000
0.998816 0.014558 -0.046414 0.000000 -0.033426 0.898617 -0.437458 22.030199 0.035340 0.438492 0.898040 0.000000 0.000000 0.000000 0.000000 1.000000
0.997298 0.021183 -0.070336 -0.000000 -0.055407 0.845591 -0.530949 22.030199 0.048228 0.533411 0.844480 0.000000 0.000000 0.000000 0.000000 1.000000
0.998357 0.019369 -0.053933 0.000000 -0.048869 0.779306 -0.624736 22.030199 0.029930 0.626345 0.778972 -0.000000 0.000000 0.000000 0.000000 1.000000
0.992327 -0.070238 -0.101754 0.000000 -0.011371 0.767643 -0.640777 22.030199 0.123117 0.637017 0.760954 0.000000 0.000000 0.000000 0.000000 1.000000
0.983661 -0.148951 -0.101113 0.000000 0.051741 0.771859 -0.633685 22.030199 0.172433 0.618099 0.766955 0.000000 0.000000 0.000000 0.000000 1.000000
0.999176 -0.023901 -0.032792 0.000000 -0.024894 0.277140 -0.960507 22.030199 0.032045 0.960532 0.276317 0.000000 0.000000 0.000000 0.000000 1.000000
0.958648 -0.120596 -0.257781 0.000000 -0.008357 0.893461 -0.449062 22.030199 0.284473 0.432647 0.855507 -0.000000 0.000000 0.000000 0.000000 1.000000
0.967873 -0.126702 -0.217183 0.000000 0.027155 0.911380 -0.410669 22.030199 0.249969 0.391578 0.885541 0.000000 0.000000 0.000000 0.000000 1.000000
0.984837 -0.113124 -0.131523 0.000000 0.045836 0.900881 -0.431639 22.030199 0.167315 0.419066 0.892407 0.000000 0.000000 0.000000 0.000000 1.000000
0.986352 -0.128446 -0.103016 0.000000 0.067924 0.887356 -0.456055 22.030199 0.149990 0.442833 0.883969 0.000000 0.000000 0.000000 0.000000 1.000000
0.986091 -0.134426 -0.097743 0.000000 0.074465 0.883086 -0.463264 22.030199 0.148590 0.449542 0.880814 -0.000000 0.000000 0.000000 0.000000 1.000000</float_array>
        <technique_common>
          <accessor source="#mixamorig_RightToeBase-Matrix-animation-output-transform-array" count="14" stride="16">
            <param type="float4x4"/>
          </accessor>
        </technique_common>
      </source>
      <source id="mixamorig_RightToeBase-Interpolations">
        <Name_array id="mixamorig_RightToeBase-Interpolations-array" count="14">
 LINEAR LINEAR LINEAR LINEAR LINEAR LINEAR LINEAR LINEAR LINEAR LINEAR LINEAR
LINEAR LINEAR LINEAR</Name_array>
        <technique_common>
          <accessor source="#mixamorig_RightToeBase-Interpolations-array" count="14">
            <param type="name"/>
          </accessor>
        </technique_common>
      </source>
      <sampler id="mixamorig_RightToeBase-Matrix-animation-transform">
        <input semantic="INPUT" source="#mixamorig_RightToeBase-Matrix-animation-input"/>
        <input semantic="OUTPUT" source="#mixamorig_RightToeBase-Matrix-animation-output-transform"/>
        <input semantic="INTERPOLATION" source="#mixamorig_RightToeBase-Interpolations"/>
      </sampler>
      <channel source="#mixamorig_RightToeBase-Matrix-animation-transform" target="mixamorig_RightToeBase/matrix"/>
    </animation>
    <animation id="mixamorig_F_skirt1-anim" name="mixamorig_F_skirt1">
      <source id="mixamorig_F_skirt1-Matrix-animation-input">
        <float_array id="mixamorig_F_skirt1-Matrix-animation-input-array" count="14">

0.000000 0.033333 0.066667 0.100000 0.133333 0.166667 0.200000 0.233333 0.266667 0.300000 0.333333 0.366667 0.400000 0.433333</float_array>
        <technique_common>
          <accessor source="#mixamorig_F_skirt1-Matrix-animation-input-array" count="14">
            <param name="TIME" type="float"/>
          </accessor>
        </technique_common>
      </source>
      <source id="mixamorig_F_skirt1-Matrix-animation-output-transform">
        <float_array id="mixamorig_F_skirt1-Matrix-animation-output-transform-array" count="224">

0.000000 1.000000 -0.000000 -0.580400 -1.000000 0.000000 0.000000 -7.794500 -0.000000 0.000000 1.000000 17.818100 0.000000 0.000000 0.000000 1.000000
0.000000 1.000000 0.000000 -0.580400 -1.000000 0.000000 -0.000000 -7.794500 0.000000 -0.000000 1.000000 17.818100 0.000000 0.000000 0.000000 1.000000
0.000000 1.000000 0.000000 -0.580400 -1.000000 0.000000 0.000000 -7.794500 -0.000000 0.000000 1.000000 17.818100 0.000000 0.000000 0.000000 1.000000
0.000000 1.000000 0.000000 -0.580400 -1.000000 0.000000 0.000000 -7.794500 0.000000 -0.000000 1.000000 17.818100 0.000000 0.000000 0.000000 1.000000
0.000000 1.000000 -0.000000 -0.580400 -1.000000 0.000000 -0.000000 -7.794500 -0.000000 0.000000 1.000000 17.818100 0.000000 0.000000 0.000000 1.000000
0.000000 1.000000 -0.000000 -0.580400 -1.000000 0.000000 0.000000 -7.794500 -0.000000 0.000000 1.000000 17.818100 0.000000 0.000000 0.000000 1.000000
0.000000 1.000000 0.000000 -0.580400 -1.000000 0.000000 -0.000000 -7.794500 0.000000 0.000000 1.000000 17.818100 0.000000 0.000000 0.000000 1.000000
0.000000 1.000000 0.000000 -0.580400 -1.000000 0.000000 -0.000000 -7.794500 -0.000000 0.000000 1.000000 17.818100 0.000000 0.000000 0.000000 1.000000
0.000000 1.000000 -0.000000 -0.580400 -1.000000 0.000000 -0.000000 -7.794500 -0.000000 0.000000 1.000000 17.818100 0.000000 0.000000 0.000000 1.000000
0.000000 1.000000 -0.000000 -0.580400 -1.000000 0.000000 -0.000000 -7.794500 -0.000000 0.000000 1.000000 17.818100 0.000000 0.000000 0.000000 1.000000
0.000000 1.000000 -0.000000 -0.580400 -1.000000 0.000000 0.000000 -7.794500 0.000000 0.000000 1.000000 17.818100 0.000000 0.000000 0.000000 1.000000
0.000000 1.000000 -0.000000 -0.580400 -1.000000 0.000000 -0.000000 -7.794500 -0.000000 0.000000 1.000000 17.818100 0.000000 0.000000 0.000000 1.000000
0.000000 1.000000 0.000000 -0.580400 -1.000000 0.000000 -0.000000 -7.794500 0.000000 0.000000 1.000000 17.818100 0.000000 0.000000 0.000000 1.000000
0.000000 1.000000 -0.000000 -0.580400 -1.000000 0.000000 0.000000 -7.794500 -0.000000 0.000000 1.000000 17.818100 0.000000 0.000000 0.000000 1.000000</float_array>
        <technique_common>
          <accessor source="#mixamorig_F_skirt1-Matrix-animation-output-transform-array" count="14" stride="16">
            <param type="float4x4"/>
          </accessor>
        </technique_common>
      </source>
      <source id="mixamorig_F_skirt1-Interpolations">
        <Name_array id="mixamorig_F_skirt1-Interpolations-array" count="14">
 LINEAR LINEAR LINEAR LINEAR LINEAR LINEAR LINEAR LINEAR LINEAR LINEAR LINEAR
LINEAR LINEAR LINEAR</Name_array>
        <technique_common>
          <accessor source="#mixamorig_F_skirt1-Interpolations-array" count="14">
            <param type="name"/>
          </accessor>
        </technique_common>
      </source>
      <sampler id="mixamorig_F_skirt1-Matrix-animation-transform">
        <input semantic="INPUT" source="#mixamorig_F_skirt1-Matrix-animation-input"/>
        <input semantic="OUTPUT" source="#mixamorig_F_skirt1-Matrix-animation-output-transform"/>
        <input semantic="INTERPOLATION" source="#mixamorig_F_skirt1-Interpolations"/>
      </sampler>
      <channel source="#mixamorig_F_skirt1-Matrix-animation-transform" target="mixamorig_F_skirt1/matrix"/>
    </animation>
    <animation id="mixamorig_F_skirt2-anim" name="mixamorig_F_skirt2">
      <source id="mixamorig_F_skirt2-Matrix-animation-input">
        <float_array id="mixamorig_F_skirt2-Matrix-animation-input-array" count="14">

0.000000 0.033333 0.066667 0.100000 0.133333 0.166667 0.200000 0.233333 0.266667 0.300000 0.333333 0.366667 0.400000 0.433333</float_array>
        <technique_common>
          <accessor source="#mixamorig_F_skirt2-Matrix-animation-input-array" count="14">
            <param name="TIME" type="float"/>
          </accessor>
        </technique_common>
      </source>
      <source id="mixamorig_F_skirt2-Matrix-animation-output-transform">
        <float_array id="mixamorig_F_skirt2-Matrix-animation-output-transform-array" count="224">

1.000000 -0.000000 0.000000 27.000000 -0.000000 1.000000 0.000000 0.000000 0.000000 0.000000 1.000000 0.000000 0.000000 0.000000 0.000000 1.000000
1.000000 -0.000000 0.000000 27.000000 0.000000 1.000000 -0.000000 0.000000 -0.000000 0.000000 1.000000 -0.000000 0.000000 0.000000 0.000000 1.000000
1.000000 -0.000000 0.000000 27.000000 0.000000 1.000000 0.000000 0.000000 -0.000000 0.000000 1.000000 0.000000 0.000000 0.000000 0.000000 1.000000
1.000000 -0.000000 -0.000000 27.000000 -0.000000 1.000000 -0.000000 -0.000000 -0.000000 -0.000000 1.000000 0.000000 0.000000 0.000000 0.000000 1.000000
1.000000 -0.000000 0.000000 27.000000 -0.000000 1.000000 -0.000000 -0.000000 0.000000 0.000000 1.000000 0.000000 0.000000 0.000000 0.000000 1.000000
1.000000 -0.000000 0.000000 27.000000 0.000000 1.000000 0.000000 0.000000 -0.000000 -0.000000 1.000000 0.000000 0.000000 0.000000 0.000000 1.000000
1.000000 -0.000000 -0.000000 27.000000 -0.000000 1.000000 0.000000 0.000000 0.000000 -0.000000 1.000000 0.000000 0.000000 0.000000 0.000000 1.000000
1.000000 0.000000 -0.000000 27.000000 -0.000000 1.000000 0.000000 -0.000000 0.000000 -0.000000 1.000000 0.000000 0.000000 0.000000 0.000000 1.000000
1.000000 0.000000 -0.000000 27.000000 -0.000000 1.000000 -0.000000 -0.000000 0.000000 0.000000 1.000000 0.000000 0.000000 0.000000 0.000000 1.000000
1.000000 0.000000 -0.000000 27.000000 0.000000 1.000000 0.000000 0.000000 -0.000000 -0.000000 1.000000 0.000000 0.000000 0.000000 0.000000 1.000000
1.000000 0.000000 -0.000000 27.000000 -0.000000 1.000000 -0.000000 0.000000 0.000000 0.000000 1.000000 0.000000 0.000000 0.000000 0.000000 1.000000
1.000000 -0.000000 0.000000 27.000000 -0.000000 1.000000 0.000000 -0.000000 -0.000000 0.000000 1.000000 0.000000 0.000000 0.000000 0.000000 1.000000
1.000000 0.000000 -0.000000 27.000000 0.000000 1.000000 0.000000 0.000000 0.000000 0.000000 1.000000 -0.000000 0.000000 0.000000 0.000000 1.000000
1.000000 0.000000 0.000000 27.000000 0.000000 1.000000 -0.000000 0.000000 -0.000000 0.000000 1.000000 0.000000 0.000000 0.000000 0.000000 1.000000</float_array>
        <technique_common>
          <accessor source="#mixamorig_F_skirt2-Matrix-animation-output-transform-array" count="14" stride="16">
            <param type="float4x4"/>
          </accessor>
        </technique_common>
      </source>
      <source id="mixamorig_F_skirt2-Interpolations">
        <Name_array id="mixamorig_F_skirt2-Interpolations-array" count="14">
 LINEAR LINEAR LINEAR LINEAR LINEAR LINEAR LINEAR LINEAR LINEAR LINEAR LINEAR
LINEAR LINEAR LINEAR</Name_array>
        <technique_common>
          <accessor source="#mixamorig_F_skirt2-Interpolations-array" count="14">
            <param type="name"/>
          </accessor>
        </technique_common>
      </source>
      <sampler id="mixamorig_F_skirt2-Matrix-animation-transform">
        <input semantic="INPUT" source="#mixamorig_F_skirt2-Matrix-animation-input"/>
        <input semantic="OUTPUT" source="#mixamorig_F_skirt2-Matrix-animation-output-transform"/>
        <input semantic="INTERPOLATION" source="#mixamorig_F_skirt2-Interpolations"/>
      </sampler>
      <channel source="#mixamorig_F_skirt2-Matrix-animation-transform" target="mixamorig_F_skirt2/matrix"/>
    </animation>
    <animation id="mixamorig_F_skirt3-anim" name="mixamorig_F_skirt3">
      <source id="mixamorig_F_skirt3-Matrix-animation-input">
        <float_array id="mixamorig_F_skirt3-Matrix-animation-input-array" count="14">

0.000000 0.033333 0.066667 0.100000 0.133333 0.166667 0.200000 0.233333 0.266667 0.300000 0.333333 0.366667 0.400000 0.433333</float_array>
        <technique_common>
          <accessor source="#mixamorig_F_skirt3-Matrix-animation-input-array" count="14">
            <param name="TIME" type="float"/>
          </accessor>
        </technique_common>
      </source>
      <source id="mixamorig_F_skirt3-Matrix-animation-output-transform">
        <float_array id="mixamorig_F_skirt3-Matrix-animation-output-transform-array" count="224">

1.000000 -0.000000 -0.000000 27.000000 0.000000 1.000000 -0.000000 0.000000 0.000000 0.000000 1.000000 0.000000 0.000000 0.000000 0.000000 1.000000
1.000000 -0.000000 0.000000 27.000000 0.000000 1.000000 -0.000000 0.000000 0.000000 0.000000 1.000000 0.000000 0.000000 0.000000 0.000000 1.000000
1.000000 -0.000000 0.000000 27.000000 0.000000 1.000000 0.000000 0.000000 -0.000000 -0.000000 1.000000 0.000000 0.000000 0.000000 0.000000 1.000000
1.000000 -0.000000 0.000000 27.000000 -0.000000 1.000000 0.000000 0.000000 -0.000000 0.000000 1.000000 -0.000000 0.000000 0.000000 0.000000 1.000000
1.000000 -0.000000 0.000000 27.000000 0.000000 1.000000 -0.000000 0.000000 0.000000 0.000000 1.000000 0.000000 0.000000 0.000000 0.000000 1.000000
1.000000 -0.000000 -0.000000 27.000000 0.000000 1.000000 0.000000 0.000000 0.000000 -0.000000 1.000000 0.000000 0.000000 0.000000 0.000000 1.000000
1.000000 -0.000000 -0.000000 27.000000 -0.000000 1.000000 0.000000 0.000000 -0.000000 0.000000 1.000000 0.000000 0.000000 0.000000 0.000000 1.000000
1.000000 -0.000000 0.000000 27.000000 -0.000000 1.000000 0.000000 -0.000000 -0.000000 -0.000000 1.000000 0.000000 0.000000 0.000000 0.000000 1.000000
1.000000 0.000000 -0.000000 27.000000 -0.000000 1.000000 0.000000 -0.000000 0.000000 -0.000000 1.000000 0.000000 0.000000 0.000000 0.000000 1.000000
1.000000 -0.000000 -0.000000 27.000000 -0.000000 1.000000 0.000000 0.000000 -0.000000 0.000000 1.000000 0.000000 0.000000 0.000000 0.000000 1.000000
1.000000 0.000000 0.000000 27.000000 0.000000 1.000000 -0.000000 0.000000 0.000000 0.000000 1.000000 0.000000 0.000000 0.000000 0.000000 1.000000
1.000000 -0.000000 -0.000000 27.000000 0.000000 1.000000 0.000000 0.000000 0.000000 0.000000 1.000000 0.000000 0.000000 0.000000 0.000000 1.000000
1.000000 0.000000 0.000000 27.000000 0.000000 1.000000 0.000000 0.000000 0.000000 0.000000 1.000000 0.000000 0.000000 0.000000 0.000000 1.000000
1.000000 0.000000 0.000000 27.000000 -0.000000 1.000000 -0.000000 -0.000000 0.000000 0.000000 1.000000 -0.000000 0.000000 0.000000 0.000000 1.000000</float_array>
        <technique_common>
          <accessor source="#mixamorig_F_skirt3-Matrix-animation-output-transform-array" count="14" stride="16">
            <param type="float4x4"/>
          </accessor>
        </technique_common>
      </source>
      <source id="mixamorig_F_skirt3-Interpolations">
        <Name_array id="mixamorig_F_skirt3-Interpolations-array" count="14">
 LINEAR LINEAR LINEAR LINEAR LINEAR LINEAR LINEAR LINEAR LINEAR LINEAR LINEAR
LINEAR LINEAR LINEAR</Name_array>
        <technique_common>
          <accessor source="#mixamorig_F_skirt3-Interpolations-array" count="14">
            <param type="name"/>
          </accessor>
        </technique_common>
      </source>
      <sampler id="mixamorig_F_skirt3-Matrix-animation-transform">
        <input semantic="INPUT" source="#mixamorig_F_skirt3-Matrix-animation-input"/>
        <input semantic="OUTPUT" source="#mixamorig_F_skirt3-Matrix-animation-output-transform"/>
        <input semantic="INTERPOLATION" source="#mixamorig_F_skirt3-Interpolations"/>
      </sampler>
      <channel source="#mixamorig_F_skirt3-Matrix-animation-transform" target="mixamorig_F_skirt3/matrix"/>
    </animation>
    <animation id="mixamorig_L_A_skirt1-anim" name="mixamorig_L_A_skirt1">
      <source id="mixamorig_L_A_skirt1-Matrix-animation-input">
        <float_array id="mixamorig_L_A_skirt1-Matrix-animation-input-array" count="14">

0.000000 0.033333 0.066667 0.100000 0.133333 0.166667 0.200000 0.233333 0.266667 0.300000 0.333333 0.366667 0.400000 0.433333</float_array>
        <technique_common>
          <accessor source="#mixamorig_L_A_skirt1-Matrix-animation-input-array" count="14">
            <param name="TIME" type="float"/>
          </accessor>
        </technique_common>
      </source>
      <source id="mixamorig_L_A_skirt1-Matrix-animation-output-transform">
        <float_array id="mixamorig_L_A_skirt1-Matrix-animation-output-transform-array" count="224">

0.122996 0.897244 0.424058 9.424300 -0.992244 0.103429 0.068955 -5.518500 0.018009 -0.429250 0.903006 15.946100 0.000000 0.000000 0.000000 1.000000
0.122996 0.897244 0.424058 9.424300 -0.992244 0.103429 0.068955 -5.518500 0.018009 -0.429250 0.903006 15.946100 0.000000 0.000000 0.000000 1.000000
0.122996 0.897244 0.424058 9.424300 -0.992244 0.103429 0.068955 -5.518500 0.018009 -0.429250 0.903006 15.946100 0.000000 0.000000 0.000000 1.000000
0.122996 0.897244 0.424058 9.424300 -0.992244 0.103429 0.068955 -5.518500 0.018009 -0.429250 0.903006 15.946100 0.000000 0.000000 0.000000 1.000000
0.122996 0.897244 0.424058 9.424300 -0.992244 0.103429 0.068955 -5.518500 0.018009 -0.429250 0.903006 15.946100 0.000000 0.000000 0.000000 1.000000
0.122996 0.897244 0.424058 9.424300 -0.992244 0.103429 0.068955 -5.518500 0.018009 -0.429250 0.903006 15.946100 0.000000 0.000000 0.000000 1.000000
0.122996 0.897244 0.424058 9.424300 -0.992244 0.103429 0.068955 -5.518500 0.018009 -0.429250 0.903006 15.946100 0.000000 0.000000 0.000000 1.000000
0.122996 0.897244 0.424058 9.424300 -0.992244 0.103429 0.068955 -5.518500 0.018009 -0.429250 0.903006 15.946100 0.000000 0.000000 0.000000 1.000000
0.122996 0.897244 0.424058 9.424300 -0.992244 0.103429 0.068955 -5.518500 0.018009 -0.429250 0.903006 15.946100 0.000000 0.000000 0.000000 1.000000
0.122996 0.897244 0.424058 9.424300 -0.992244 0.103429 0.068955 -5.518500 0.018009 -0.429250 0.903006 15.946100 0.000000 0.000000 0.000000 1.000000
0.122996 0.897244 0.424058 9.424300 -0.992244 0.103429 0.068955 -5.518500 0.018009 -0.429250 0.903006 15.946100 0.000000 0.000000 0.000000 1.000000
0.122996 0.897244 0.424058 9.424300 -0.992244 0.103429 0.068955 -5.518500 0.018009 -0.429250 0.903006 15.946100 0.000000 0.000000 0.000000 1.000000
0.122996 0.897244 0.424058 9.424300 -0.992244 0.103429 0.068955 -5.518500 0.018009 -0.429250 0.903006 15.946100 0.000000 0.000000 0.000000 1.000000
0.122996 0.897244 0.424058 9.424300 -0.992244 0.103429 0.068955 -5.518500 0.018009 -0.429250 0.903006 15.946100 0.000000 0.000000 0.000000 1.000000</float_array>
        <technique_common>
          <accessor source="#mixamorig_L_A_skirt1-Matrix-animation-output-transform-array" count="14" stride="16">
            <param type="float4x4"/>
          </accessor>
        </technique_common>
      </source>
      <source id="mixamorig_L_A_skirt1-Interpolations">
        <Name_array id="mixamorig_L_A_skirt1-Interpolations-array" count="14">
 LINEAR LINEAR LINEAR LINEAR LINEAR LINEAR LINEAR LINEAR LINEAR LINEAR LINEAR
LINEAR LINEAR LINEAR</Name_array>
        <technique_common>
          <accessor source="#mixamorig_L_A_skirt1-Interpolations-array" count="14">
            <param type="name"/>
          </accessor>
        </technique_common>
      </source>
      <sampler id="mixamorig_L_A_skirt1-Matrix-animation-transform">
        <input semantic="INPUT" source="#mixamorig_L_A_skirt1-Matrix-animation-input"/>
        <input semantic="OUTPUT" source="#mixamorig_L_A_skirt1-Matrix-animation-output-transform"/>
        <input semantic="INTERPOLATION" source="#mixamorig_L_A_skirt1-Interpolations"/>
      </sampler>
      <channel source="#mixamorig_L_A_skirt1-Matrix-animation-transform" target="mixamorig_L_A_skirt1/matrix"/>
    </animation>
    <animation id="mixamorig_L_A_skirt2-anim" name="mixamorig_L_A_skirt2">
      <source id="mixamorig_L_A_skirt2-Matrix-animation-input">
        <float_array id="mixamorig_L_A_skirt2-Matrix-animation-input-array" count="14">

0.000000 0.033333 0.066667 0.100000 0.133333 0.166667 0.200000 0.233333 0.266667 0.300000 0.333333 0.366667 0.400000 0.433333</float_array>
        <technique_common>
          <accessor source="#mixamorig_L_A_skirt2-Matrix-animation-input-array" count="14">
            <param name="TIME" type="float"/>
          </accessor>
        </technique_common>
      </source>
      <source id="mixamorig_L_A_skirt2-Matrix-animation-output-transform">
        <float_array id="mixamorig_L_A_skirt2-Matrix-animation-output-transform-array" count="224">

1.000000 0.000000 0.000000 27.000000 -0.000000 1.000000 0.000000 0.000000 0.000000 -0.000000 1.000000 0.000000 0.000000 0.000000 0.000000 1.000000
1.000000 -0.000000 -0.000000 27.000000 -0.000000 1.000000 0.000000 -0.000000 0.000000 0.000000 1.000000 0.000000 0.000000 0.000000 0.000000 1.000000
1.000000 0.000000 -0.000000 27.000000 -0.000000 1.000000 0.000000 -0.000000 -0.000000 -0.000000 1.000000 0.000000 0.000000 0.000000 0.000000 1.000000
1.000000 0.000000 -0.000000 27.000000 -0.000000 1.000000 0.000000 0.000000 0.000000 -0.000000 1.000000 0.000000 0.000000 0.000000 0.000000 1.000000
1.000000 0.000000 0.000000 27.000000 0.000000 1.000000 0.000000 0.000000 0.000000 0.000000 1.000000 0.000000 0.000000 0.000000 0.000000 1.000000
1.000000 0.000000 0.000000 27.000000 -0.000000 1.000000 -0.000000 0.000000 0.000000 0.000000 1.000000 0.000000 0.000000 0.000000 0.000000 1.000000
1.000000 -0.000000 0.000000 27.000000 0.000000 1.000000 0.000000 0.000000 0.000000 -0.000000 1.000000 0.000000 0.000000 0.000000 0.000000 1.000000
1.000000 0.000000 0.000000 27.000000 -0.000000 1.000000 0.000000 0.000000 0.000000 0.000000 1.000000 0.000000 0.000000 0.000000 0.000000 1.000000
1.000000 0.000000 0.000000 27.000000 0.000000 1.000000 -0.000000 -0.000000 0.000000 -0.000000 1.000000 0.000000 0.000000 0.000000 0.000000 1.000000
1.000000 0.000000 0.000000 27.000000 0.000000 1.000000 0.000000 0.000000 0.000000 0.000000 1.000000 0.000000 0.000000 0.000000 0.000000 1.000000
1.000000 0.000000 0.000000 27.000000 -0.000000 1.000000 -0.000000 0.000000 -0.000000 -0.000000 1.000000 0.000000 0.000000 0.000000 0.000000 1.000000
1.000000 -0.000000 0.000000 27.000000 0.000000 1.000000 0.000000 0.000000 0.000000 0.000000 1.000000 0.000000 0.000000 0.000000 0.000000 1.000000
1.000000 0.000000 0.000000 27.000000 -0.000000 1.000000 0.000000 -0.000000 0.000000 -0.000000 1.000000 0.000000 0.000000 0.000000 0.000000 1.000000
1.000000 -0.000000 0.000000 27.000000 0.000000 1.000000 0.000000 0.000000 -0.000000 0.000000 1.000000 0.000000 0.000000 0.000000 0.000000 1.000000</float_array>
        <technique_common>
          <accessor source="#mixamorig_L_A_skirt2-Matrix-animation-output-transform-array" count="14" stride="16">
            <param type="float4x4"/>
          </accessor>
        </technique_common>
      </source>
      <source id="mixamorig_L_A_skirt2-Interpolations">
        <Name_array id="mixamorig_L_A_skirt2-Interpolations-array" count="14">
 LINEAR LINEAR LINEAR LINEAR LINEAR LINEAR LINEAR LINEAR LINEAR LINEAR LINEAR
LINEAR LINEAR LINEAR</Name_array>
        <technique_common>
          <accessor source="#mixamorig_L_A_skirt2-Interpolations-array" count="14">
            <param type="name"/>
          </accessor>
        </technique_common>
      </source>
      <sampler id="mixamorig_L_A_skirt2-Matrix-animation-transform">
        <input semantic="INPUT" source="#mixamorig_L_A_skirt2-Matrix-animation-input"/>
        <input semantic="OUTPUT" source="#mixamorig_L_A_skirt2-Matrix-animation-output-transform"/>
        <input semantic="INTERPOLATION" source="#mixamorig_L_A_skirt2-Interpolations"/>
      </sampler>
      <channel source="#mixamorig_L_A_skirt2-Matrix-animation-transform" target="mixamorig_L_A_skirt2/matrix"/>
    </animation>
    <animation id="mixamorig_L_A_skirt3-anim" name="mixamorig_L_A_skirt3">
      <source id="mixamorig_L_A_skirt3-Matrix-animation-input">
        <float_array id="mixamorig_L_A_skirt3-Matrix-animation-input-array" count="14">

0.000000 0.033333 0.066667 0.100000 0.133333 0.166667 0.200000 0.233333 0.266667 0.300000 0.333333 0.366667 0.400000 0.433333</float_array>
        <technique_common>
          <accessor source="#mixamorig_L_A_skirt3-Matrix-animation-input-array" count="14">
            <param name="TIME" type="float"/>
          </accessor>
        </technique_common>
      </source>
      <source id="mixamorig_L_A_skirt3-Matrix-animation-output-transform">
        <float_array id="mixamorig_L_A_skirt3-Matrix-animation-output-transform-array" count="224">

1.000000 0.000000 0.000000 27.000000 0.000000 1.000000 -0.000000 0.000000 0.000000 0.000000 1.000000 0.000000 0.000000 0.000000 0.000000 1.000000
1.000000 0.000000 -0.000000 27.000000 0.000000 1.000000 0.000000 0.000000 0.000000 0.000000 1.000000 0.000000 0.000000 0.000000 0.000000 1.000000
1.000000 -0.000000 -0.000000 27.000000 -0.000000 1.000000 0.000000 0.000000 0.000000 -0.000000 1.000000 0.000000 0.000000 0.000000 0.000000 1.000000
1.000000 0.000000 0.000000 27.000000 0.000000 1.000000 0.000000 0.000000 0.000000 -0.000000 1.000000 -0.000000 0.000000 0.000000 0.000000 1.000000
1.000000 0.000000 -0.000000 27.000000 0.000000 1.000000 -0.000000 0.000000 -0.000000 0.000000 1.000000 0.000000 0.000000 0.000000 0.000000 1.000000
1.000000 -0.000000 0.000000 27.000000 0.000000 1.000000 -0.000000 0.000000 0.000000 -0.000000 1.000000 0.000000 0.000000 0.000000 0.000000 1.000000
1.000000 0.000000 0.000000 27.000000 0.000000 1.000000 0.000000 0.000000 -0.000000 0.000000 1.000000 0.000000 0.000000 0.000000 0.000000 1.000000
1.000000 0.000000 0.000000 27.000000 0.000000 1.000000 0.000000 0.000000 0.000000 0.000000 1.000000 0.000000 0.000000 0.000000 0.000000 1.000000
1.000000 0.000000 0.000000 27.000000 -0.000000 1.000000 0.000000 0.000000 0.000000 0.000000 1.000000 -0.000000 0.000000 0.000000 0.000000 1.000000
1.000000 0.000000 0.000000 27.000000 0.000000 1.000000 -0.000000 -0.000000 0.000000 0.000000 1.000000 0.000000 0.000000 0.000000 0.000000 1.000000
1.000000 0.000000 0.000000 27.000000 -0.000000 1.000000 -0.000000 0.000000 -0.000000 -0.000000 1.000000 0.000000 0.000000 0.000000 0.000000 1.000000
1.000000 -0.000000 0.000000 27.000000 0.000000 1.000000 0.000000 0.000000 0.000000 -0.000000 1.000000 -0.000000 0.000000 0.000000 0.000000 1.000000
1.000000 0.000000 0.000000 27.000000 -0.000000 1.000000 0.000000 -0.000000 0.000000 -0.000000 1.000000 0.000000 0.000000 0.000000 0.000000 1.000000
1.000000 0.000000 -0.000000 27.000000 0.000000 1.000000 0.000000 0.000000 -0.000000 0.000000 1.000000 0.000000 0.000000 0.000000 0.000000 1.000000</float_array>
        <technique_common>
          <accessor source="#mixamorig_L_A_skirt3-Matrix-animation-output-transform-array" count="14" stride="16">
            <param type="float4x4"/>
          </accessor>
        </technique_common>
      </source>
      <source id="mixamorig_L_A_skirt3-Interpolations">
        <Name_array id="mixamorig_L_A_skirt3-Interpolations-array" count="14">
 LINEAR LINEAR LINEAR LINEAR LINEAR LINEAR LINEAR LINEAR LINEAR LINEAR LINEAR
LINEAR LINEAR LINEAR</Name_array>
        <technique_common>
          <accessor source="#mixamorig_L_A_skirt3-Interpolations-array" count="14">
            <param type="name"/>
          </accessor>
        </technique_common>
      </source>
      <sampler id="mixamorig_L_A_skirt3-Matrix-animation-transform">
        <input semantic="INPUT" source="#mixamorig_L_A_skirt3-Matrix-animation-input"/>
        <input semantic="OUTPUT" source="#mixamorig_L_A_skirt3-Matrix-animation-output-transform"/>
        <input semantic="INTERPOLATION" source="#mixamorig_L_A_skirt3-Interpolations"/>
      </sampler>
      <channel source="#mixamorig_L_A_skirt3-Matrix-animation-transform" target="mixamorig_L_A_skirt3/matrix"/>
    </animation>
    <animation id="mixamorig_L_B_skirt1-anim" name="mixamorig_L_B_skirt1">
      <source id="mixamorig_L_B_skirt1-Matrix-animation-input">
        <float_array id="mixamorig_L_B_skirt1-Matrix-animation-input-array" count="14">

0.000000 0.033333 0.066667 0.100000 0.133333 0.166667 0.200000 0.233333 0.266667 0.300000 0.333333 0.366667 0.400000 0.433333</float_array>
        <technique_common>
          <accessor source="#mixamorig_L_B_skirt1-Matrix-animation-input-array" count="14">
            <param name="TIME" type="float"/>
          </accessor>
        </technique_common>
      </source>
      <source id="mixamorig_L_B_skirt1-Matrix-animation-output-transform">
        <float_array id="mixamorig_L_B_skirt1-Matrix-animation-output-transform-array" count="224">

0.111759 0.000000 0.993735 18.448999 -0.993735 -0.000000 0.111759 -4.216000 0.000000 -1.000000 0.000000 -0.295100 0.000000 0.000000 0.000000 1.000000
0.111759 -0.000000 0.993735 18.448999 -0.993735 -0.000000 0.111759 -4.216000 0.000000 -1.000000 0.000000 -0.295100 0.000000 0.000000 0.000000 1.000000
0.111759 0.000000 0.993735 18.448999 -0.993735 0.000000 0.111759 -4.216000 -0.000000 -1.000000 0.000000 -0.295100 0.000000 0.000000 0.000000 1.000000
0.111759 -0.000000 0.993735 18.448999 -0.993735 0.000000 0.111759 -4.216000 0.000000 -1.000000 -0.000000 -0.295100 0.000000 0.000000 0.000000 1.000000
0.111759 0.000000 0.993735 18.448999 -0.993735 -0.000000 0.111759 -4.216000 0.000000 -1.000000 0.000000 -0.295100 0.000000 0.000000 0.000000 1.000000
0.111759 0.000000 0.993735 18.448999 -0.993735 0.000000 0.111759 -4.216000 -0.000000 -1.000000 0.000000 -0.295100 0.000000 0.000000 0.000000 1.000000
0.111759 -0.000000 0.993735 18.448999 -0.993735 -0.000000 0.111759 -4.216000 0.000000 -1.000000 0.000000 -0.295100 0.000000 0.000000 0.000000 1.000000
0.111759 -0.000000 0.993735 18.448999 -0.993735 -0.000000 0.111759 -4.216000 0.000000 -1.000000 0.000000 -0.295100 0.000000 0.000000 0.000000 1.000000
0.111759 0.000000 0.993735 18.448999 -0.993735 0.000000 0.111759 -4.216000 0.000000 -1.000000 0.000000 -0.295100 0.000000 0.000000 0.000000 1.000000
0.111759 0.000000 0.993735 18.448999 -0.993735 0.000000 0.111759 -4.216000 0.000000 -1.000000 0.000000 -0.295100 0.000000 0.000000 0.000000 1.000000
0.111759 0.000000 0.993735 18.448999 -0.993735 0.000000 0.111759 -4.216000 0.000000 -1.000000 0.000000 -0.295100 0.000000 0.000000 0.000000 1.000000
0.111759 0.000000 0.993735 18.448999 -0.993735 0.000000 0.111759 -4.216000 0.000000 -1.000000 0.000000 -0.295100 0.000000 0.000000 0.000000 1.000000
0.111759 0.000000 0.993735 18.448999 -0.993735 0.000000 0.111759 -4.216000 0.000000 -1.000000 0.000000 -0.295100 0.000000 0.000000 0.000000 1.000000
0.111759 0.000000 0.993735 18.448999 -0.993735 0.000000 0.111759 -4.216000 -0.000000 -1.000000 -0.000000 -0.295100 0.000000 0.000000 0.000000 1.000000</float_array>
        <technique_common>
          <accessor source="#mixamorig_L_B_skirt1-Matrix-animation-output-transform-array" count="14" stride="16">
            <param type="float4x4"/>
          </accessor>
        </technique_common>
      </source>
      <source id="mixamorig_L_B_skirt1-Interpolations">
        <Name_array id="mixamorig_L_B_skirt1-Interpolations-array" count="14">
 LINEAR LINEAR LINEAR LINEAR LINEAR LINEAR LINEAR LINEAR LINEAR LINEAR LINEAR
LINEAR LINEAR LINEAR</Name_array>
        <technique_common>
          <accessor source="#mixamorig_L_B_skirt1-Interpolations-array" count="14">
            <param type="name"/>
          </accessor>
        </technique_common>
      </source>
      <sampler id="mixamorig_L_B_skirt1-Matrix-animation-transform">
        <input semantic="INPUT" source="#mixamorig_L_B_skirt1-Matrix-animation-input"/>
        <input semantic="OUTPUT" source="#mixamorig_L_B_skirt1-Matrix-animation-output-transform"/>
        <input semantic="INTERPOLATION" source="#mixamorig_L_B_skirt1-Interpolations"/>
      </sampler>
      <channel source="#mixamorig_L_B_skirt1-Matrix-animation-transform" target="mixamorig_L_B_skirt1/matrix"/>
    </animation>
    <animation id="mixamorig_L_B_skirt2-anim" name="mixamorig_L_B_skirt2">
      <source id="mixamorig_L_B_skirt2-Matrix-animation-input">
        <float_array id="mixamorig_L_B_skirt2-Matrix-animation-input-array" count="14">

0.000000 0.033333 0.066667 0.100000 0.133333 0.166667 0.200000 0.233333 0.266667 0.300000 0.333333 0.366667 0.400000 0.433333</float_array>
        <technique_common>
          <accessor source="#mixamorig_L_B_skirt2-Matrix-animation-input-array" count="14">
            <param name="TIME" type="float"/>
          </accessor>
        </technique_common>
      </source>
      <source id="mixamorig_L_B_skirt2-Matrix-animation-output-transform">
        <float_array id="mixamorig_L_B_skirt2-Matrix-animation-output-transform-array" count="224">

1.000000 0.000000 0.000000 27.000000 0.000000 1.000000 0.000000 -0.000000 0.000000 -0.000000 1.000000 0.000000 0.000000 0.000000 0.000000 1.000000
1.000000 0.000000 -0.000000 27.000000 -0.000000 1.000000 -0.000000 -0.000000 0.000000 0.000000 1.000000 0.000000 0.000000 0.000000 0.000000 1.000000
1.000000 0.000000 -0.000000 27.000000 -0.000000 1.000000 0.000000 0.000000 -0.000000 0.000000 1.000000 0.000000 0.000000 0.000000 0.000000 1.000000
1.000000 -0.000000 0.000000 27.000000 0.000000 1.000000 0.000000 0.000000 -0.000000 -0.000000 1.000000 0.000000 0.000000 0.000000 0.000000 1.000000
1.000000 -0.000000 -0.000000 27.000000 -0.000000 1.000000 -0.000000 0.000000 -0.000000 0.000000 1.000000 0.000000 0.000000 0.000000 0.000000 1.000000
1.000000 0.000000 0.000000 27.000000 -0.000000 1.000000 -0.000000 0.000000 -0.000000 0.000000 1.000000 0.000000 0.000000 0.000000 0.000000 1.000000
1.000000 -0.000000 -0.000000 27.000000 -0.000000 1.000000 0.000000 -0.000000 0.000000 0.000000 1.000000 -0.000000 0.000000 0.000000 0.000000 1.000000
1.000000 -0.000000 -0.000000 27.000000 -0.000000 1.000000 -0.000000 0.000000 -0.000000 0.000000 1.000000 0.000000 0.000000 0.000000 0.000000 1.000000
1.000000 0.000000 0.000000 27.000000 0.000000 1.000000 -0.000000 0.000000 -0.000000 -0.000000 1.000000 0.000000 0.000000 0.000000 0.000000 1.000000
1.000000 0.000000 -0.000000 27.000000 0.000000 1.000000 0.000000 0.000000 -0.000000 0.000000 1.000000 -0.000000 0.000000 0.000000 0.000000 1.000000
1.000000 0.000000 0.000000 27.000000 -0.000000 1.000000 -0.000000 0.000000 0.000000 -0.000000 1.000000 0.000000 0.000000 0.000000 0.000000 1.000000
1.000000 0.000000 -0.000000 27.000000 0.000000 1.000000 -0.000000 -0.000000 0.000000 -0.000000 1.000000 0.000000 0.000000 0.000000 0.000000 1.000000
1.000000 0.000000 0.000000 27.000000 0.000000 1.000000 0.000000 -0.000000 0.000000 0.000000 1.000000 0.000000 0.000000 0.000000 0.000000 1.000000
1.000000 0.000000 0.000000 27.000000 0.000000 1.000000 -0.000000 0.000000 -0.000000 0.000000 1.000000 0.000000 0.000000 0.000000 0.000000 1.000000</float_array>
        <technique_common>
          <accessor source="#mixamorig_L_B_skirt2-Matrix-animation-output-transform-array" count="14" stride="16">
            <param type="float4x4"/>
          </accessor>
        </technique_common>
      </source>
      <source id="mixamorig_L_B_skirt2-Interpolations">
        <Name_array id="mixamorig_L_B_skirt2-Interpolations-array" count="14">
 LINEAR LINEAR LINEAR LINEAR LINEAR LINEAR LINEAR LINEAR LINEAR LINEAR LINEAR
LINEAR LINEAR LINEAR</Name_array>
        <technique_common>
          <accessor source="#mixamorig_L_B_skirt2-Interpolations-array" count="14">
            <param type="name"/>
          </accessor>
        </technique_common>
      </source>
      <sampler id="mixamorig_L_B_skirt2-Matrix-animation-transform">
        <input semantic="INPUT" source="#mixamorig_L_B_skirt2-Matrix-animation-input"/>
        <input semantic="OUTPUT" source="#mixamorig_L_B_skirt2-Matrix-animation-output-transform"/>
        <input semantic="INTERPOLATION" source="#mixamorig_L_B_skirt2-Interpolations"/>
      </sampler>
      <channel source="#mixamorig_L_B_skirt2-Matrix-animation-transform" target="mixamorig_L_B_skirt2/matrix"/>
    </animation>
    <animation id="mixamorig_L_B_skirt3-anim" name="mixamorig_L_B_skirt3">
      <source id="mixamorig_L_B_skirt3-Matrix-animation-input">
        <float_array id="mixamorig_L_B_skirt3-Matrix-animation-input-array" count="14">

0.000000 0.033333 0.066667 0.100000 0.133333 0.166667 0.200000 0.233333 0.266667 0.300000 0.333333 0.366667 0.400000 0.433333</float_array>
        <technique_common>
          <accessor source="#mixamorig_L_B_skirt3-Matrix-animation-input-array" count="14">
            <param name="TIME" type="float"/>
          </accessor>
        </technique_common>
      </source>
      <source id="mixamorig_L_B_skirt3-Matrix-animation-output-transform">
        <float_array id="mixamorig_L_B_skirt3-Matrix-animation-output-transform-array" count="224">

1.000000 0.000000 0.000000 27.000000 0.000000 1.000000 -0.000000 0.000000 -0.000000 0.000000 1.000000 0.000000 0.000000 0.000000 0.000000 1.000000
1.000000 -0.000000 0.000000 27.000000 0.000000 1.000000 0.000000 0.000000 -0.000000 0.000000 1.000000 0.000000 0.000000 0.000000 0.000000 1.000000
1.000000 -0.000000 -0.000000 27.000000 0.000000 1.000000 0.000000 0.000000 0.000000 0.000000 1.000000 -0.000000 0.000000 0.000000 0.000000 1.000000
1.000000 -0.000000 0.000000 27.000000 0.000000 1.000000 -0.000000 0.000000 0.000000 0.000000 1.000000 0.000000 0.000000 0.000000 0.000000 1.000000
1.000000 0.000000 -0.000000 27.000000 -0.000000 1.000000 -0.000000 0.000000 0.000000 0.000000 1.000000 0.000000 0.000000 0.000000 0.000000 1.000000
1.000000 0.000000 0.000000 27.000000 -0.000000 1.000000 0.000000 0.000000 0.000000 0.000000 1.000000 0.000000 0.000000 0.000000 0.000000 1.000000
1.000000 0.000000 0.000000 27.000000 -0.000000 1.000000 0.000000 -0.000000 -0.000000 -0.000000 1.000000 0.000000 0.000000 0.000000 0.000000 1.000000
1.000000 0.000000 0.000000 27.000000 0.000000 1.000000 -0.000000 0.000000 0.000000 0.000000 1.000000 0.000000 0.000000 0.000000 0.000000 1.000000
1.000000 0.000000 0.000000 27.000000 0.000000 1.000000 0.000000 0.000000 -0.000000 -0.000000 1.000000 -0.000000 0.000000 0.000000 0.000000 1.000000
1.000000 0.000000 -0.000000 27.000000 0.000000 1.000000 -0.000000 -0.000000 -0.000000 0.000000 1.000000 0.000000 0.000000 0.000000 0.000000 1.000000
1.000000 0.000000 0.000000 27.000000 0.000000 1.000000 0.000000 0.000000 0.000000 -0.000000 1.000000 -0.000000 0.000000 0.000000 0.000000 1.000000
1.000000 0.000000 -0.000000 27.000000 0.000000 1.000000 -0.000000 0.000000 0.000000 0.000000 1.000000 -0.000000 0.000000 0.000000 0.000000 1.000000
1.000000 0.000000 -0.000000 27.000000 -0.000000 1.000000 0.000000 -0.000000 -0.000000 0.000000 1.000000 0.000000 0.000000 0.000000 0.000000 1.000000
1.000000 0.000000 -0.000000 27.000000 0.000000 1.000000 -0.000000 -0.000000 0.000000 0.000000 1.000000 -0.000000 0.000000 0.000000 0.000000 1.000000</float_array>
        <technique_common>
          <accessor source="#mixamorig_L_B_skirt3-Matrix-animation-output-transform-array" count="14" stride="16">
            <param type="float4x4"/>
          </accessor>
        </technique_common>
      </source>
      <source id="mixamorig_L_B_skirt3-Interpolations">
        <Name_array id="mixamorig_L_B_skirt3-Interpolations-array" count="14">
 LINEAR LINEAR LINEAR LINEAR LINEAR LINEAR LINEAR LINEAR LINEAR LINEAR LINEAR
LINEAR LINEAR LINEAR</Name_array>
        <technique_common>
          <accessor source="#mixamorig_L_B_skirt3-Interpolations-array" count="14">
            <param type="name"/>
          </accessor>
        </technique_common>
      </source>
      <sampler id="mixamorig_L_B_skirt3-Matrix-animation-transform">
        <input semantic="INPUT" source="#mixamorig_L_B_skirt3-Matrix-animation-input"/>
        <input semantic="OUTPUT" source="#mixamorig_L_B_skirt3-Matrix-animation-output-transform"/>
        <input semantic="INTERPOLATION" source="#mixamorig_L_B_skirt3-Interpolations"/>
      </sampler>
      <channel source="#mixamorig_L_B_skirt3-Matrix-animation-transform" target="mixamorig_L_B_skirt3/matrix"/>
    </animation>
    <animation id="mixamorig_L_C_skirt1-anim" name="mixamorig_L_C_skirt1">
      <source id="mixamorig_L_C_skirt1-Matrix-animation-input">
        <float_array id="mixamorig_L_C_skirt1-Matrix-animation-input-array" count="14">

0.000000 0.033333 0.066667 0.100000 0.133333 0.166667 0.200000 0.233333 0.266667 0.300000 0.333333 0.366667 0.400000 0.433333</float_array>
        <technique_common>
          <accessor source="#mixamorig_L_C_skirt1-Matrix-animation-input-array" count="14">
            <param name="TIME" type="float"/>
          </accessor>
        </technique_common>
      </source>
      <source id="mixamorig_L_C_skirt1-Matrix-animation-output-transform">
        <float_array id="mixamorig_L_C_skirt1-Matrix-animation-output-transform-array" count="224">

0.023939 -0.971540 0.235663 7.049900 -0.998221 -0.010354 0.058718 -6.149500 -0.054607 -0.236649 -0.970059 -15.762800 0.000000 0.000000 0.000000 1.000000
0.023939 -0.971540 0.235663 7.049900 -0.998221 -0.010354 0.058718 -6.149500 -0.054607 -0.236649 -0.970059 -15.762800 0.000000 0.000000 0.000000 1.000000
0.023939 -0.971540 0.235663 7.049900 -0.998221 -0.010354 0.058718 -6.149500 -0.054607 -0.236649 -0.970059 -15.762800 0.000000 0.000000 0.000000 1.000000
0.023939 -0.971540 0.235663 7.049900 -0.998221 -0.010354 0.058718 -6.149500 -0.054607 -0.236649 -0.970059 -15.762800 0.000000 0.000000 0.000000 1.000000
0.023939 -0.971540 0.235663 7.049900 -0.998221 -0.010354 0.058718 -6.149500 -0.054607 -0.236649 -0.970059 -15.762800 0.000000 0.000000 0.000000 1.000000
0.023939 -0.971540 0.235663 7.049900 -0.998221 -0.010354 0.058718 -6.149500 -0.054607 -0.236649 -0.970059 -15.762800 0.000000 0.000000 0.000000 1.000000
0.023939 -0.971540 0.235663 7.049900 -0.998221 -0.010354 0.058718 -6.149500 -0.054607 -0.236649 -0.970059 -15.762800 0.000000 0.000000 0.000000 1.000000
0.023939 -0.971540 0.235663 7.049900 -0.998221 -0.010354 0.058718 -6.149500 -0.054607 -0.236649 -0.970059 -15.762800 0.000000 0.000000 0.000000 1.000000
0.023939 -0.971540 0.235663 7.049900 -0.998221 -0.010354 0.058718 -6.149500 -0.054607 -0.236649 -0.970059 -15.762800 0.000000 0.000000 0.000000 1.000000
0.023939 -0.971540 0.235663 7.049900 -0.998221 -0.010354 0.058718 -6.149500 -0.054607 -0.236649 -0.970059 -15.762800 0.000000 0.000000 0.000000 1.000000
0.023939 -0.971540 0.235663 7.049900 -0.998221 -0.010354 0.058718 -6.149500 -0.054607 -0.236649 -0.970059 -15.762800 0.000000 0.000000 0.000000 1.000000
0.023939 -0.971540 0.235663 7.049900 -0.998221 -0.010354 0.058718 -6.149500 -0.054607 -0.236649 -0.970059 -15.762800 0.000000 0.000000 0.000000 1.000000
0.023939 -0.971540 0.235663 7.049900 -0.998221 -0.010354 0.058718 -6.149500 -0.054607 -0.236649 -0.970059 -15.762800 0.000000 0.000000 0.000000 1.000000
0.023939 -0.971540 0.235663 7.049900 -0.998221 -0.010354 0.058718 -6.149500 -0.054607 -0.236649 -0.970059 -15.762800 0.000000 0.000000 0.000000 1.000000</float_array>
        <technique_common>
          <accessor source="#mixamorig_L_C_skirt1-Matrix-animation-output-transform-array" count="14" stride="16">
            <param type="float4x4"/>
          </accessor>
        </technique_common>
      </source>
      <source id="mixamorig_L_C_skirt1-Interpolations">
        <Name_array id="mixamorig_L_C_skirt1-Interpolations-array" count="14">
 LINEAR LINEAR LINEAR LINEAR LINEAR LINEAR LINEAR LINEAR LINEAR LINEAR LINEAR
LINEAR LINEAR LINEAR</Name_array>
        <technique_common>
          <accessor source="#mixamorig_L_C_skirt1-Interpolations-array" count="14">
            <param type="name"/>
          </accessor>
        </technique_common>
      </source>
      <sampler id="mixamorig_L_C_skirt1-Matrix-animation-transform">
        <input semantic="INPUT" source="#mixamorig_L_C_skirt1-Matrix-animation-input"/>
        <input semantic="OUTPUT" source="#mixamorig_L_C_skirt1-Matrix-animation-output-transform"/>
        <input semantic="INTERPOLATION" source="#mixamorig_L_C_skirt1-Interpolations"/>
      </sampler>
      <channel source="#mixamorig_L_C_skirt1-Matrix-animation-transform" target="mixamorig_L_C_skirt1/matrix"/>
    </animation>
    <animation id="mixamorig_L_C_skirt2-anim" name="mixamorig_L_C_skirt2">
      <source id="mixamorig_L_C_skirt2-Matrix-animation-input">
        <float_array id="mixamorig_L_C_skirt2-Matrix-animation-input-array" count="14">

0.000000 0.033333 0.066667 0.100000 0.133333 0.166667 0.200000 0.233333 0.266667 0.300000 0.333333 0.366667 0.400000 0.433333</float_array>
        <technique_common>
          <accessor source="#mixamorig_L_C_skirt2-Matrix-animation-input-array" count="14">
            <param name="TIME" type="float"/>
          </accessor>
        </technique_common>
      </source>
      <source id="mixamorig_L_C_skirt2-Matrix-animation-output-transform">
        <float_array id="mixamorig_L_C_skirt2-Matrix-animation-output-transform-array" count="224">

1.000000 0.000000 0.000000 28.000000 0.000000 1.000000 0.000000 0.000000 0.000000 -0.000000 1.000000 0.000000 0.000000 0.000000 0.000000 1.000000
1.000000 0.000000 0.000000 28.000000 0.000000 1.000000 -0.000000 0.000000 -0.000000 0.000000 1.000000 0.000000 0.000000 0.000000 0.000000 1.000000
1.000000 -0.000000 0.000000 28.000000 0.000000 1.000000 0.000000 0.000000 -0.000000 0.000000 1.000000 0.000000 0.000000 0.000000 0.000000 1.000000
1.000000 0.000000 -0.000000 28.000000 0.000000 1.000000 -0.000000 0.000000 -0.000000 0.000000 1.000000 0.000000 0.000000 0.000000 0.000000 1.000000
1.000000 -0.000000 -0.000000 28.000000 -0.000000 1.000000 0.000000 -0.000000 0.000000 0.000000 1.000000 0.000000 0.000000 0.000000 0.000000 1.000000
1.000000 0.000000 0.000000 28.000000 0.000000 1.000000 0.000000 0.000000 0.000000 -0.000000 1.000000 -0.000000 0.000000 0.000000 0.000000 1.000000
1.000000 0.000000 -0.000000 28.000000 0.000000 1.000000 0.000000 0.000000 -0.000000 0.000000 1.000000 0.000000 0.000000 0.000000 0.000000 1.000000
1.000000 0.000000 0.000000 28.000000 0.000000 1.000000 0.000000 0.000000 -0.000000 -0.000000 1.000000 -0.000000 0.000000 0.000000 0.000000 1.000000
1.000000 -0.000000 0.000000 28.000000 0.000000 1.000000 0.000000 0.000000 0.000000 0.000000 1.000000 -0.000000 0.000000 0.000000 0.000000 1.000000
1.000000 0.000000 0.000000 28.000000 0.000000 1.000000 0.000000 0.000000 -0.000000 0.000000 1.000000 -0.000000 0.000000 0.000000 0.000000 1.000000
1.000000 -0.000000 0.000000 28.000000 0.000000 1.000000 -0.000000 0.000000 0.000000 0.000000 1.000000 -0.000000 0.000000 0.000000 0.000000 1.000000
1.000000 -0.000000 0.000000 28.000000 0.000000 1.000000 0.000000 0.000000 0.000000 0.000000 1.000000 -0.000000 0.000000 0.000000 0.000000 1.000000
1.000000 -0.000000 0.000000 28.000000 -0.000000 1.000000 -0.000000 0.000000 -0.000000 0.000000 1.000000 0.000000 0.000000 0.000000 0.000000 1.000000
1.000000 0.000000 -0.000000 28.000000 0.000000 1.000000 0.000000 0.000000 -0.000000 -0.000000 1.000000 0.000000 0.000000 0.000000 0.000000 1.000000</float_array>
        <technique_common>
          <accessor source="#mixamorig_L_C_skirt2-Matrix-animation-output-transform-array" count="14" stride="16">
            <param type="float4x4"/>
          </accessor>
        </technique_common>
      </source>
      <source id="mixamorig_L_C_skirt2-Interpolations">
        <Name_array id="mixamorig_L_C_skirt2-Interpolations-array" count="14">
 LINEAR LINEAR LINEAR LINEAR LINEAR LINEAR LINEAR LINEAR LINEAR LINEAR LINEAR
LINEAR LINEAR LINEAR</Name_array>
        <technique_common>
          <accessor source="#mixamorig_L_C_skirt2-Interpolations-array" count="14">
            <param type="name"/>
          </accessor>
        </technique_common>
      </source>
      <sampler id="mixamorig_L_C_skirt2-Matrix-animation-transform">
        <input semantic="INPUT" source="#mixamorig_L_C_skirt2-Matrix-animation-input"/>
        <input semantic="OUTPUT" source="#mixamorig_L_C_skirt2-Matrix-animation-output-transform"/>
        <input semantic="INTERPOLATION" source="#mixamorig_L_C_skirt2-Interpolations"/>
      </sampler>
      <channel source="#mixamorig_L_C_skirt2-Matrix-animation-transform" target="mixamorig_L_C_skirt2/matrix"/>
    </animation>
    <animation id="mixamorig_L_C_skirt3-anim" name="mixamorig_L_C_skirt3">
      <source id="mixamorig_L_C_skirt3-Matrix-animation-input">
        <float_array id="mixamorig_L_C_skirt3-Matrix-animation-input-array" count="14">

0.000000 0.033333 0.066667 0.100000 0.133333 0.166667 0.200000 0.233333 0.266667 0.300000 0.333333 0.366667 0.400000 0.433333</float_array>
        <technique_common>
          <accessor source="#mixamorig_L_C_skirt3-Matrix-animation-input-array" count="14">
            <param name="TIME" type="float"/>
          </accessor>
        </technique_common>
      </source>
      <source id="mixamorig_L_C_skirt3-Matrix-animation-output-transform">
        <float_array id="mixamorig_L_C_skirt3-Matrix-animation-output-transform-array" count="224">

1.000000 0.000000 0.000000 28.000000 0.000000 1.000000 0.000000 -0.000000 0.000000 -0.000000 1.000000 0.000000 0.000000 0.000000 0.000000 1.000000
1.000000 0.000000 -0.000000 28.000000 0.000000 1.000000 0.000000 0.000000 -0.000000 0.000000 1.000000 0.000000 0.000000 0.000000 0.000000 1.000000
1.000000 0.000000 0.000000 28.000000 0.000000 1.000000 -0.000000 0.000000 0.000000 0.000000 1.000000 -0.000000 0.000000 0.000000 0.000000 1.000000
1.000000 0.000000 -0.000000 28.000000 0.000000 1.000000 -0.000000 0.000000 -0.000000 0.000000 1.000000 0.000000 0.000000 0.000000 0.000000 1.000000
1.000000 -0.000000 -0.000000 28.000000 -0.000000 1.000000 0.000000 0.000000 0.000000 -0.000000 1.000000 0.000000 0.000000 0.000000 0.000000 1.000000
1.000000 0.000000 0.000000 28.000000 -0.000000 1.000000 0.000000 0.000000 0.000000 -0.000000 1.000000 0.000000 0.000000 0.000000 0.000000 1.000000
1.000000 -0.000000 -0.000000 28.000000 0.000000 1.000000 0.000000 0.000000 -0.000000 0.000000 1.000000 -0.000000 0.000000 0.000000 0.000000 1.000000
1.000000 0.000000 -0.000000 28.000000 0.000000 1.000000 0.000000 0.000000 -0.000000 0.000000 1.000000 0.000000 0.000000 0.000000 0.000000 1.000000
1.000000 0.000000 0.000000 28.000000 0.000000 1.000000 0.000000 0.000000 0.000000 -0.000000 1.000000 0.000000 0.000000 0.000000 0.000000 1.000000
1.000000 0.000000 0.000000 28.000000 0.000000 1.000000 0.000000 -0.000000 -0.000000 0.000000 1.000000 0.000000 0.000000 0.000000 0.000000 1.000000
1.000000 0.000000 0.000000 28.000000 0.000000 1.000000 -0.000000 0.000000 0.000000 0.000000 1.000000 0.000000 0.000000 0.000000 0.000000 1.000000
1.000000 -0.000000 0.000000 28.000000 -0.000000 1.000000 0.000000 -0.000000 0.000000 0.000000 1.000000 0.000000 0.000000 0.000000 0.000000 1.000000
1.000000 -0.000000 0.000000 28.000000 0.000000 1.000000 0.000000 0.000000 -0.000000 0.000000 1.000000 -0.000000 0.000000 0.000000 0.000000 1.000000
1.000000 -0.000000 0.000000 28.000000 -0.000000 1.000000 0.000000 0.000000 0.000000 -0.000000 1.000000 0.000000 0.000000 0.000000 0.000000 1.000000</float_array>
        <technique_common>
          <accessor source="#mixamorig_L_C_skirt3-Matrix-animation-output-transform-array" count="14" stride="16">
            <param type="float4x4"/>
          </accessor>
        </technique_common>
      </source>
      <source id="mixamorig_L_C_skirt3-Interpolations">
        <Name_array id="mixamorig_L_C_skirt3-Interpolations-array" count="14">
 LINEAR LINEAR LINEAR LINEAR LINEAR LINEAR LINEAR LINEAR LINEAR LINEAR LINEAR
LINEAR LINEAR LINEAR</Name_array>
        <technique_common>
          <accessor source="#mixamorig_L_C_skirt3-Interpolations-array" count="14">
            <param type="name"/>
          </accessor>
        </technique_common>
      </source>
      <sampler id="mixamorig_L_C_skirt3-Matrix-animation-transform">
        <input semantic="INPUT" source="#mixamorig_L_C_skirt3-Matrix-animation-input"/>
        <input semantic="OUTPUT" source="#mixamorig_L_C_skirt3-Matrix-animation-output-transform"/>
        <input semantic="INTERPOLATION" source="#mixamorig_L_C_skirt3-Interpolations"/>
      </sampler>
      <channel source="#mixamorig_L_C_skirt3-Matrix-animation-transform" target="mixamorig_L_C_skirt3/matrix"/>
    </animation>
    <animation id="mixamorig_R_A_skirt1-anim" name="mixamorig_R_A_skirt1">
      <source id="mixamorig_R_A_skirt1-Matrix-animation-input">
        <float_array id="mixamorig_R_A_skirt1-Matrix-animation-input-array" count="14">

0.000000 0.033333 0.066667 0.100000 0.133333 0.166667 0.200000 0.233333 0.266667 0.300000 0.333333 0.366667 0.400000 0.433333</float_array>
        <technique_common>
          <accessor source="#mixamorig_R_A_skirt1-Matrix-animation-input-array" count="14">
            <param name="TIME" type="float"/>
          </accessor>
        </technique_common>
      </source>
      <source id="mixamorig_R_A_skirt1-Matrix-animation-output-transform">
        <float_array id="mixamorig_R_A_skirt1-Matrix-animation-output-transform-array" count="224">

-0.122996 0.897244 -0.424058 -9.424300 -0.992244 -0.103429 0.068955 -5.518900 0.018009 0.429250 0.903006 15.946100 0.000000 0.000000 0.000000 1.000000
-0.122996 0.897244 -0.424058 -9.424300 -0.992244 -0.103429 0.068955 -5.518900 0.018009 0.429250 0.903006 15.946100 0.000000 0.000000 0.000000 1.000000
-0.122996 0.897244 -0.424058 -9.424300 -0.992244 -0.103429 0.068955 -5.518900 0.018009 0.429250 0.903006 15.946100 0.000000 0.000000 0.000000 1.000000
-0.122996 0.897244 -0.424058 -9.424300 -0.992244 -0.103429 0.068955 -5.518900 0.018009 0.429250 0.903006 15.946100 0.000000 0.000000 0.000000 1.000000
-0.122996 0.897244 -0.424058 -9.424300 -0.992244 -0.103429 0.068955 -5.518900 0.018009 0.429250 0.903006 15.946100 0.000000 0.000000 0.000000 1.000000
-0.122996 0.897244 -0.424058 -9.424300 -0.992244 -0.103429 0.068955 -5.518900 0.018009 0.429250 0.903006 15.946100 0.000000 0.000000 0.000000 1.000000
-0.122996 0.897244 -0.424058 -9.424300 -0.992244 -0.103429 0.068955 -5.518900 0.018009 0.429250 0.903006 15.946100 0.000000 0.000000 0.000000 1.000000
-0.122996 0.897244 -0.424058 -9.424300 -0.992244 -0.103429 0.068955 -5.518900 0.018009 0.429250 0.903006 15.946100 0.000000 0.000000 0.000000 1.000000
-0.122996 0.897244 -0.424058 -9.424300 -0.992244 -0.103429 0.068955 -5.518900 0.018009 0.429250 0.903006 15.946100 0.000000 0.000000 0.000000 1.000000
-0.122996 0.897244 -0.424058 -9.424300 -0.992244 -0.103429 0.068955 -5.518900 0.018009 0.429250 0.903006 15.946100 0.000000 0.000000 0.000000 1.000000
-0.122996 0.897244 -0.424058 -9.424300 -0.992244 -0.103429 0.068955 -5.518900 0.018009 0.429250 0.903006 15.946100 0.000000 0.000000 0.000000 1.000000
-0.122996 0.897244 -0.424058 -9.424300 -0.992244 -0.103429 0.068955 -5.518900 0.018009 0.429250 0.903006 15.946100 0.000000 0.000000 0.000000 1.000000
-0.122996 0.897244 -0.424058 -9.424300 -0.992244 -0.103429 0.068955 -5.518900 0.018009 0.429250 0.903006 15.946100 0.000000 0.000000 0.000000 1.000000
-0.122996 0.897244 -0.424058 -9.424300 -0.992244 -0.103429 0.068955 -5.518900 0.018009 0.429250 0.903006 15.946100 0.000000 0.000000 0.000000 1.000000</float_array>
        <technique_common>
          <accessor source="#mixamorig_R_A_skirt1-Matrix-animation-output-transform-array" count="14" stride="16">
            <param type="float4x4"/>
          </accessor>
        </technique_common>
      </source>
      <source id="mixamorig_R_A_skirt1-Interpolations">
        <Name_array id="mixamorig_R_A_skirt1-Interpolations-array" count="14">
 LINEAR LINEAR LINEAR LINEAR LINEAR LINEAR LINEAR LINEAR LINEAR LINEAR LINEAR
LINEAR LINEAR LINEAR</Name_array>
        <technique_common>
          <accessor source="#mixamorig_R_A_skirt1-Interpolations-array" count="14">
            <param type="name"/>
          </accessor>
        </technique_common>
      </source>
      <sampler id="mixamorig_R_A_skirt1-Matrix-animation-transform">
        <input semantic="INPUT" source="#mixamorig_R_A_skirt1-Matrix-animation-input"/>
        <input semantic="OUTPUT" source="#mixamorig_R_A_skirt1-Matrix-animation-output-transform"/>
        <input semantic="INTERPOLATION" source="#mixamorig_R_A_skirt1-Interpolations"/>
      </sampler>
      <channel source="#mixamorig_R_A_skirt1-Matrix-animation-transform" target="mixamorig_R_A_skirt1/matrix"/>
    </animation>
    <animation id="mixamorig_R_A_skirt2-anim" name="mixamorig_R_A_skirt2">
      <source id="mixamorig_R_A_skirt2-Matrix-animation-input">
        <float_array id="mixamorig_R_A_skirt2-Matrix-animation-input-array" count="14">

0.000000 0.033333 0.066667 0.100000 0.133333 0.166667 0.200000 0.233333 0.266667 0.300000 0.333333 0.366667 0.400000 0.433333</float_array>
        <technique_common>
          <accessor source="#mixamorig_R_A_skirt2-Matrix-animation-input-array" count="14">
            <param name="TIME" type="float"/>
          </accessor>
        </technique_common>
      </source>
      <source id="mixamorig_R_A_skirt2-Matrix-animation-output-transform">
        <float_array id="mixamorig_R_A_skirt2-Matrix-animation-output-transform-array" count="224">

1.000000 0.000000 0.000000 26.999599 -0.000000 1.000000 0.000000 0.000000 0.000000 -0.000000 1.000000 0.000100 0.000000 0.000000 0.000000 1.000000
1.000000 0.000000 -0.000000 26.999599 -0.000000 1.000000 0.000000 0.000000 0.000000 -0.000000 1.000000 0.000100 0.000000 0.000000 0.000000 1.000000
1.000000 0.000000 0.000000 26.999599 0.000000 1.000000 0.000000 0.000000 0.000000 -0.000000 1.000000 0.000100 0.000000 0.000000 0.000000 1.000000
1.000000 0.000000 -0.000000 26.999599 0.000000 1.000000 0.000000 0.000000 0.000000 0.000000 1.000000 0.000100 0.000000 0.000000 0.000000 1.000000
1.000000 0.000000 0.000000 26.999599 -0.000000 1.000000 0.000000 0.000000 -0.000000 0.000000 1.000000 0.000100 0.000000 0.000000 0.000000 1.000000
1.000000 -0.000000 0.000000 26.999599 0.000000 1.000000 0.000000 -0.000000 0.000000 0.000000 1.000000 0.000100 0.000000 0.000000 0.000000 1.000000
1.000000 -0.000000 -0.000000 26.999599 0.000000 1.000000 0.000000 0.000000 0.000000 0.000000 1.000000 0.000100 0.000000 0.000000 0.000000 1.000000
1.000000 -0.000000 0.000000 26.999599 -0.000000 1.000000 -0.000000 0.000000 0.000000 -0.000000 1.000000 0.000100 0.000000 0.000000 0.000000 1.000000
1.000000 -0.000000 0.000000 26.999599 0.000000 1.000000 -0.000000 0.000000 -0.000000 0.000000 1.000000 0.000100 0.000000 0.000000 0.000000 1.000000
1.000000 0.000000 0.000000 26.999599 0.000000 1.000000 0.000000 0.000000 0.000000 -0.000000 1.000000 0.000100 0.000000 0.000000 0.000000 1.000000
1.000000 0.000000 -0.000000 26.999599 -0.000000 1.000000 0.000000 0.000000 -0.000000 0.000000 1.000000 0.000100 0.000000 0.000000 0.000000 1.000000
1.000000 -0.000000 0.000000 26.999599 -0.000000 1.000000 0.000000 -0.000000 -0.000000 0.000000 1.000000 0.000100 0.000000 0.000000 0.000000 1.000000
1.000000 0.000000 0.000000 26.999599 0.000000 1.000000 -0.000000 0.000000 -0.000000 0.000000 1.000000 0.000100 0.000000 0.000000 0.000000 1.000000
1.000000 -0.000000 -0.000000 26.999599 0.000000 1.000000 0.000000 0.000000 0.000000 0.000000 1.000000 0.000100 0.000000 0.000000 0.000000 1.000000</float_array>
        <technique_common>
          <accessor source="#mixamorig_R_A_skirt2-Matrix-animation-output-transform-array" count="14" stride="16">
            <param type="float4x4"/>
          </accessor>
        </technique_common>
      </source>
      <source id="mixamorig_R_A_skirt2-Interpolations">
        <Name_array id="mixamorig_R_A_skirt2-Interpolations-array" count="14">
 LINEAR LINEAR LINEAR LINEAR LINEAR LINEAR LINEAR LINEAR LINEAR LINEAR LINEAR
LINEAR LINEAR LINEAR</Name_array>
        <technique_common>
          <accessor source="#mixamorig_R_A_skirt2-Interpolations-array" count="14">
            <param type="name"/>
          </accessor>
        </technique_common>
      </source>
      <sampler id="mixamorig_R_A_skirt2-Matrix-animation-transform">
        <input semantic="INPUT" source="#mixamorig_R_A_skirt2-Matrix-animation-input"/>
        <input semantic="OUTPUT" source="#mixamorig_R_A_skirt2-Matrix-animation-output-transform"/>
        <input semantic="INTERPOLATION" source="#mixamorig_R_A_skirt2-Interpolations"/>
      </sampler>
      <channel source="#mixamorig_R_A_skirt2-Matrix-animation-transform" target="mixamorig_R_A_skirt2/matrix"/>
    </animation>
    <animation id="mixamorig_R_A_skirt3-anim" name="mixamorig_R_A_skirt3">
      <source id="mixamorig_R_A_skirt3-Matrix-animation-input">
        <float_array id="mixamorig_R_A_skirt3-Matrix-animation-input-array" count="14">

0.000000 0.033333 0.066667 0.100000 0.133333 0.166667 0.200000 0.233333 0.266667 0.300000 0.333333 0.366667 0.400000 0.433333</float_array>
        <technique_common>
          <accessor source="#mixamorig_R_A_skirt3-Matrix-animation-input-array" count="14">
            <param name="TIME" type="float"/>
          </accessor>
        </technique_common>
      </source>
      <source id="mixamorig_R_A_skirt3-Matrix-animation-output-transform">
        <float_array id="mixamorig_R_A_skirt3-Matrix-animation-output-transform-array" count="224">

1.000000 0.000000 -0.000000 27.000000 0.000000 1.000000 0.000000 0.000000 -0.000000 0.000000 1.000000 0.000000 0.000000 0.000000 0.000000 1.000000
1.000000 0.000000 -0.000000 27.000000 0.000000 1.000000 -0.000000 0.000000 -0.000000 -0.000000 1.000000 0.000000 0.000000 0.000000 0.000000 1.000000
1.000000 0.000000 0.000000 27.000000 0.000000 1.000000 0.000000 0.000000 0.000000 -0.000000 1.000000 0.000000 0.000000 0.000000 0.000000 1.000000
1.000000 0.000000 -0.000000 27.000000 0.000000 1.000000 -0.000000 0.000000 -0.000000 0.000000 1.000000 0.000000 0.000000 0.000000 0.000000 1.000000
1.000000 0.000000 0.000000 27.000000 0.000000 1.000000 0.000000 0.000000 -0.000000 0.000000 1.000000 -0.000000 0.000000 0.000000 0.000000 1.000000
1.000000 -0.000000 0.000000 27.000000 0.000000 1.000000 0.000000 0.000000 0.000000 0.000000 1.000000 -0.000000 0.000000 0.000000 0.000000 1.000000
1.000000 -0.000000 0.000000 27.000000 -0.000000 1.000000 0.000000 -0.000000 -0.000000 0.000000 1.000000 -0.000000 0.000000 0.000000 0.000000 1.000000
1.000000 -0.000000 -0.000000 27.000000 0.000000 1.000000 -0.000000 0.000000 0.000000 0.000000 1.000000 0.000000 0.000000 0.000000 0.000000 1.000000
1.000000 -0.000000 0.000000 27.000000 0.000000 1.000000 -0.000000 -0.000000 -0.000000 0.000000 1.000000 0.000000 0.000000 0.000000 0.000000 1.000000
1.000000 0.000000 0.000000 27.000000 0.000000 1.000000 0.000000 0.000000 0.000000 -0.000000 1.000000 0.000000 0.000000 0.000000 0.000000 1.000000
1.000000 0.000000 -0.000000 27.000000 -0.000000 1.000000 0.000000 0.000000 -0.000000 0.000000 1.000000 0.000000 0.000000 0.000000 0.000000 1.000000
1.000000 0.000000 0.000000 27.000000 0.000000 1.000000 0.000000 0.000000 -0.000000 0.000000 1.000000 0.000000 0.000000 0.000000 0.000000 1.000000
1.000000 0.000000 0.000000 27.000000 0.000000 1.000000 0.000000 0.000000 -0.000000 0.000000 1.000000 0.000000 0.000000 0.000000 0.000000 1.000000
1.000000 0.000000 -0.000000 27.000000 0.000000 1.000000 0.000000 0.000000 0.000000 0.000000 1.000000 -0.000000 0.000000 0.000000 0.000000 1.000000</float_array>
        <technique_common>
          <accessor source="#mixamorig_R_A_skirt3-Matrix-animation-output-transform-array" count="14" stride="16">
            <param type="float4x4"/>
          </accessor>
        </technique_common>
      </source>
      <source id="mixamorig_R_A_skirt3-Interpolations">
        <Name_array id="mixamorig_R_A_skirt3-Interpolations-array" count="14">
 LINEAR LINEAR LINEAR LINEAR LINEAR LINEAR LINEAR LINEAR LINEAR LINEAR LINEAR
LINEAR LINEAR LINEAR</Name_array>
        <technique_common>
          <accessor source="#mixamorig_R_A_skirt3-Interpolations-array" count="14">
            <param type="name"/>
          </accessor>
        </technique_common>
      </source>
      <sampler id="mixamorig_R_A_skirt3-Matrix-animation-transform">
        <input semantic="INPUT" source="#mixamorig_R_A_skirt3-Matrix-animation-input"/>
        <input semantic="OUTPUT" source="#mixamorig_R_A_skirt3-Matrix-animation-output-transform"/>
        <input semantic="INTERPOLATION" source="#mixamorig_R_A_skirt3-Interpolations"/>
      </sampler>
      <channel source="#mixamorig_R_A_skirt3-Matrix-animation-transform" target="mixamorig_R_A_skirt3/matrix"/>
    </animation>
    <animation id="mixamorig_R_B_skirt1-anim" name="mixamorig_R_B_skirt1">
      <source id="mixamorig_R_B_skirt1-Matrix-animation-input">
        <float_array id="mixamorig_R_B_skirt1-Matrix-animation-input-array" count="14">

0.000000 0.033333 0.066667 0.100000 0.133333 0.166667 0.200000 0.233333 0.266667 0.300000 0.333333 0.366667 0.400000 0.433333</float_array>
        <technique_common>
          <accessor source="#mixamorig_R_B_skirt1-Matrix-animation-input-array" count="14">
            <param name="TIME" type="float"/>
          </accessor>
        </technique_common>
      </source>
      <source id="mixamorig_R_B_skirt1-Matrix-animation-output-transform">
        <float_array id="mixamorig_R_B_skirt1-Matrix-animation-output-transform-array" count="224">

-0.111759 -0.000000 -0.993735 -18.448900 -0.993735 0.000000 0.111759 -4.216300 0.000000 1.000000 -0.000000 -0.295100 0.000000 0.000000 0.000000 1.000000
-0.111759 0.000000 -0.993735 -18.448900 -0.993735 0.000000 0.111759 -4.216300 0.000000 1.000000 -0.000000 -0.295100 0.000000 0.000000 0.000000 1.000000
-0.111759 0.000000 -0.993735 -18.448900 -0.993735 -0.000000 0.111759 -4.216300 -0.000000 1.000000 -0.000000 -0.295100 0.000000 0.000000 0.000000 1.000000
-0.111759 0.000000 -0.993735 -18.448900 -0.993735 0.000000 0.111759 -4.216300 -0.000000 1.000000 0.000000 -0.295100 0.000000 0.000000 0.000000 1.000000
-0.111759 -0.000000 -0.993735 -18.448900 -0.993735 0.000000 0.111759 -4.216300 -0.000000 1.000000 -0.000000 -0.295100 0.000000 0.000000 0.000000 1.000000
-0.111759 -0.000000 -0.993735 -18.448900 -0.993735 0.000000 0.111759 -4.216300 0.000000 1.000000 -0.000000 -0.295100 0.000000 0.000000 0.000000 1.000000
-0.111759 0.000000 -0.993735 -18.448900 -0.993735 0.000000 0.111759 -4.216300 0.000000 1.000000 0.000000 -0.295100 0.000000 0.000000 0.000000 1.000000
-0.111759 0.000000 -0.993735 -18.448900 -0.993735 0.000000 0.111759 -4.216300 -0.000000 1.000000 0.000000 -0.295100 0.000000 0.000000 0.000000 1.000000
-0.111759 -0.000000 -0.993735 -18.448900 -0.993735 -0.000000 0.111759 -4.216300 -0.000000 1.000000 -0.000000 -0.295100 0.000000 0.000000 0.000000 1.000000
-0.111759 -0.000000 -0.993735 -18.448900 -0.993735 -0.000000 0.111759 -4.216300 -0.000000 1.000000 0.000000 -0.295100 0.000000 0.000000 0.000000 1.000000
-0.111759 -0.000000 -0.993735 -18.448900 -0.993735 0.000000 0.111759 -4.216300 -0.000000 1.000000 0.000000 -0.295100 0.000000 0.000000 0.000000 1.000000
-0.111759 -0.000000 -0.993735 -18.448900 -0.993735 0.000000 0.111759 -4.216300 -0.000000 1.000000 -0.000000 -0.295100 0.000000 0.000000 0.000000 1.000000
-0.111759 0.000000 -0.993735 -18.448900 -0.993735 -0.000000 0.111759 -4.216300 -0.000000 1.000000 -0.000000 -0.295100 0.000000 0.000000 0.000000 1.000000
-0.111759 -0.000000 -0.993735 -18.448900 -0.993735 -0.000000 0.111759 -4.216300 -0.000000 1.000000 -0.000000 -0.295100 0.000000 0.000000 0.000000 1.000000</float_array>
        <technique_common>
          <accessor source="#mixamorig_R_B_skirt1-Matrix-animation-output-transform-array" count="14" stride="16">
            <param type="float4x4"/>
          </accessor>
        </technique_common>
      </source>
      <source id="mixamorig_R_B_skirt1-Interpolations">
        <Name_array id="mixamorig_R_B_skirt1-Interpolations-array" count="14">
 LINEAR LINEAR LINEAR LINEAR LINEAR LINEAR LINEAR LINEAR LINEAR LINEAR LINEAR
LINEAR LINEAR LINEAR</Name_array>
        <technique_common>
          <accessor source="#mixamorig_R_B_skirt1-Interpolations-array" count="14">
            <param type="name"/>
          </accessor>
        </technique_common>
      </source>
      <sampler id="mixamorig_R_B_skirt1-Matrix-animation-transform">
        <input semantic="INPUT" source="#mixamorig_R_B_skirt1-Matrix-animation-input"/>
        <input semantic="OUTPUT" source="#mixamorig_R_B_skirt1-Matrix-animation-output-transform"/>
        <input semantic="INTERPOLATION" source="#mixamorig_R_B_skirt1-Interpolations"/>
      </sampler>
      <channel source="#mixamorig_R_B_skirt1-Matrix-animation-transform" target="mixamorig_R_B_skirt1/matrix"/>
    </animation>
    <animation id="mixamorig_R_B_skirt2-anim" name="mixamorig_R_B_skirt2">
      <source id="mixamorig_R_B_skirt2-Matrix-animation-input">
        <float_array id="mixamorig_R_B_skirt2-Matrix-animation-input-array" count="14">

0.000000 0.033333 0.066667 0.100000 0.133333 0.166667 0.200000 0.233333 0.266667 0.300000 0.333333 0.366667 0.400000 0.433333</float_array>
        <technique_common>
          <accessor source="#mixamorig_R_B_skirt2-Matrix-animation-input-array" count="14">
            <param name="TIME" type="float"/>
          </accessor>
        </technique_common>
      </source>
      <source id="mixamorig_R_B_skirt2-Matrix-animation-output-transform">
        <float_array id="mixamorig_R_B_skirt2-Matrix-animation-output-transform-array" count="224">

1.000000 -0.000000 0.000000 26.999701 0.000000 1.000000 -0.000000 0.000000 0.000000 0.000000 1.000000 0.000100 0.000000 0.000000 0.000000 1.000000
1.000000 -0.000000 0.000000 26.999701 0.000000 1.000000 -0.000000 -0.000000 0.000000 0.000000 1.000000 0.000100 0.000000 0.000000 0.000000 1.000000
1.000000 -0.000000 0.000000 26.999701 0.000000 1.000000 -0.000000 0.000000 0.000000 0.000000 1.000000 0.000100 0.000000 0.000000 0.000000 1.000000
1.000000 0.000000 0.000000 26.999701 -0.000000 1.000000 -0.000000 0.000000 0.000000 -0.000000 1.000000 0.000100 0.000000 0.000000 0.000000 1.000000
1.000000 -0.000000 -0.000000 26.999701 0.000000 1.000000 0.000000 0.000000 0.000000 0.000000 1.000000 0.000100 0.000000 0.000000 0.000000 1.000000
1.000000 -0.000000 0.000000 26.999701 0.000000 1.000000 -0.000000 0.000000 0.000000 -0.000000 1.000000 0.000100 0.000000 0.000000 0.000000 1.000000
1.000000 0.000000 0.000000 26.999701 -0.000000 1.000000 -0.000000 0.000000 0.000000 0.000000 1.000000 0.000100 0.000000 0.000000 0.000000 1.000000
1.000000 0.000000 -0.000000 26.999701 0.000000 1.000000 -0.000000 0.000000 0.000000 0.000000 1.000000 0.000100 0.000000 0.000000 0.000000 1.000000
1.000000 -0.000000 0.000000 26.999701 -0.000000 1.000000 -0.000000 0.000000 0.000000 0.000000 1.000000 0.000100 0.000000 0.000000 0.000000 1.000000
1.000000 0.000000 -0.000000 26.999701 -0.000000 1.000000 -0.000000 -0.000000 0.000000 -0.000000 1.000000 0.000100 0.000000 0.000000 0.000000 1.000000
1.000000 0.000000 0.000000 26.999701 -0.000000 1.000000 -0.000000 -0.000000 -0.000000 -0.000000 1.000000 0.000100 0.000000 0.000000 0.000000 1.000000
1.000000 -0.000000 0.000000 26.999701 0.000000 1.000000 0.000000 0.000000 -0.000000 0.000000 1.000000 0.000100 0.000000 0.000000 0.000000 1.000000
1.000000 0.000000 -0.000000 26.999701 -0.000000 1.000000 0.000000 0.000000 0.000000 -0.000000 1.000000 0.000100 0.000000 0.000000 0.000000 1.000000
1.000000 0.000000 0.000000 26.999701 -0.000000 1.000000 -0.000000 -0.000000 0.000000 0.000000 1.000000 0.000100 0.000000 0.000000 0.000000 1.000000</float_array>
        <technique_common>
          <accessor source="#mixamorig_R_B_skirt2-Matrix-animation-output-transform-array" count="14" stride="16">
            <param type="float4x4"/>
          </accessor>
        </technique_common>
      </source>
      <source id="mixamorig_R_B_skirt2-Interpolations">
        <Name_array id="mixamorig_R_B_skirt2-Interpolations-array" count="14">
 LINEAR LINEAR LINEAR LINEAR LINEAR LINEAR LINEAR LINEAR LINEAR LINEAR LINEAR
LINEAR LINEAR LINEAR</Name_array>
        <technique_common>
          <accessor source="#mixamorig_R_B_skirt2-Interpolations-array" count="14">
            <param type="name"/>
          </accessor>
        </technique_common>
      </source>
      <sampler id="mixamorig_R_B_skirt2-Matrix-animation-transform">
        <input semantic="INPUT" source="#mixamorig_R_B_skirt2-Matrix-animation-input"/>
        <input semantic="OUTPUT" source="#mixamorig_R_B_skirt2-Matrix-animation-output-transform"/>
        <input semantic="INTERPOLATION" source="#mixamorig_R_B_skirt2-Interpolations"/>
      </sampler>
      <channel source="#mixamorig_R_B_skirt2-Matrix-animation-transform" target="mixamorig_R_B_skirt2/matrix"/>
    </animation>
    <animation id="mixamorig_R_B_skirt3-anim" name="mixamorig_R_B_skirt3">
      <source id="mixamorig_R_B_skirt3-Matrix-animation-input">
        <float_array id="mixamorig_R_B_skirt3-Matrix-animation-input-array" count="14">

0.000000 0.033333 0.066667 0.100000 0.133333 0.166667 0.200000 0.233333 0.266667 0.300000 0.333333 0.366667 0.400000 0.433333</float_array>
        <technique_common>
          <accessor source="#mixamorig_R_B_skirt3-Matrix-animation-input-array" count="14">
            <param name="TIME" type="float"/>
          </accessor>
        </technique_common>
      </source>
      <source id="mixamorig_R_B_skirt3-Matrix-animation-output-transform">
        <float_array id="mixamorig_R_B_skirt3-Matrix-animation-output-transform-array" count="224">

1.000000 0.000000 -0.000000 26.999901 0.000000 1.000000 0.000000 0.000000 0.000000 0.000000 1.000000 0.000000 0.000000 0.000000 0.000000 1.000000
1.000000 0.000000 0.000000 26.999901 0.000000 1.000000 -0.000000 -0.000000 -0.000000 0.000000 1.000000 0.000000 0.000000 0.000000 0.000000 1.000000
1.000000 0.000000 0.000000 26.999901 -0.000000 1.000000 -0.000000 0.000000 -0.000000 0.000000 1.000000 0.000000 0.000000 0.000000 0.000000 1.000000
1.000000 -0.000000 -0.000000 26.999901 0.000000 1.000000 -0.000000 0.000000 0.000000 -0.000000 1.000000 0.000000 0.000000 0.000000 0.000000 1.000000
1.000000 0.000000 0.000000 26.999901 0.000000 1.000000 0.000000 -0.000000 -0.000000 0.000000 1.000000 0.000000 0.000000 0.000000 0.000000 1.000000
1.000000 -0.000000 -0.000000 26.999901 0.000000 1.000000 -0.000000 0.000000 0.000000 0.000000 1.000000 0.000000 0.000000 0.000000 0.000000 1.000000
1.000000 0.000000 0.000000 26.999901 -0.000000 1.000000 0.000000 -0.000000 0.000000 0.000000 1.000000 0.000000 0.000000 0.000000 0.000000 1.000000
1.000000 -0.000000 0.000000 26.999901 0.000000 1.000000 0.000000 0.000000 0.000000 0.000000 1.000000 0.000000 0.000000 0.000000 0.000000 1.000000
1.000000 0.000000 0.000000 26.999901 0.000000 1.000000 0.000000 0.000000 0.000000 -0.000000 1.000000 0.000000 0.000000 0.000000 0.000000 1.000000
1.000000 0.000000 -0.000000 26.999901 -0.000000 1.000000 -0.000000 -0.000000 0.000000 -0.000000 1.000000 0.000000 0.000000 0.000000 0.000000 1.000000
1.000000 -0.000000 0.000000 26.999901 -0.000000 1.000000 0.000000 -0.000000 -0.000000 -0.000000 1.000000 0.000000 0.000000 0.000000 0.000000 1.000000
1.000000 -0.000000 0.000000 26.999901 0.000000 1.000000 0.000000 0.000000 -0.000000 0.000000 1.000000 0.000000 0.000000 0.000000 0.000000 1.000000
1.000000 -0.000000 -0.000000 26.999901 -0.000000 1.000000 0.000000 0.000000 0.000000 0.000000 1.000000 0.000000 0.000000 0.000000 0.000000 1.000000
1.000000 0.000000 0.000000 26.999901 0.000000 1.000000 -0.000000 0.000000 -0.000000 -0.000000 1.000000 0.000000 0.000000 0.000000 0.000000 1.000000</float_array>
        <technique_common>
          <accessor source="#mixamorig_R_B_skirt3-Matrix-animation-output-transform-array" count="14" stride="16">
            <param type="float4x4"/>
          </accessor>
        </technique_common>
      </source>
      <source id="mixamorig_R_B_skirt3-Interpolations">
        <Name_array id="mixamorig_R_B_skirt3-Interpolations-array" count="14">
 LINEAR LINEAR LINEAR LINEAR LINEAR LINEAR LINEAR LINEAR LINEAR LINEAR LINEAR
LINEAR LINEAR LINEAR</Name_array>
        <technique_common>
          <accessor source="#mixamorig_R_B_skirt3-Interpolations-array" count="14">
            <param type="name"/>
          </accessor>
        </technique_common>
      </source>
      <sampler id="mixamorig_R_B_skirt3-Matrix-animation-transform">
        <input semantic="INPUT" source="#mixamorig_R_B_skirt3-Matrix-animation-input"/>
        <input semantic="OUTPUT" source="#mixamorig_R_B_skirt3-Matrix-animation-output-transform"/>
        <input semantic="INTERPOLATION" source="#mixamorig_R_B_skirt3-Interpolations"/>
      </sampler>
      <channel source="#mixamorig_R_B_skirt3-Matrix-animation-transform" target="mixamorig_R_B_skirt3/matrix"/>
    </animation>
    <animation id="mixamorig_R_bag1-anim" name="mixamorig_R_bag1">
      <source id="mixamorig_R_bag1-Matrix-animation-input">
        <float_array id="mixamorig_R_bag1-Matrix-animation-input-array" count="14">

0.000000 0.033333 0.066667 0.100000 0.133333 0.166667 0.200000 0.233333 0.266667 0.300000 0.333333 0.366667 0.400000 0.433333</float_array>
        <technique_common>
          <accessor source="#mixamorig_R_bag1-Matrix-animation-input-array" count="14">
            <param name="TIME" type="float"/>
          </accessor>
        </technique_common>
      </source>
      <source id="mixamorig_R_bag1-Matrix-animation-output-transform">
        <float_array id="mixamorig_R_bag1-Matrix-animation-output-transform-array" count="224">

0.973707 -0.116729 -0.195624 6.766800 -0.197277 -0.002660 -0.980344 2.209500 0.113914 0.993160 -0.025618 5.400800 0.000000 0.000000 0.000000 1.000000
0.973707 -0.116729 -0.195624 6.766800 -0.197277 -0.002660 -0.980344 2.209500 0.113914 0.993160 -0.025618 5.400800 0.000000 0.000000 0.000000 1.000000
0.973707 -0.116729 -0.195624 6.766800 -0.197277 -0.002660 -0.980344 2.209500 0.113914 0.993160 -0.025618 5.400800 0.000000 0.000000 0.000000 1.000000
0.973707 -0.116729 -0.195624 6.766800 -0.197277 -0.002660 -0.980344 2.209500 0.113914 0.993160 -0.025618 5.400800 0.000000 0.000000 0.000000 1.000000
0.973707 -0.116729 -0.195624 6.766800 -0.197277 -0.002660 -0.980344 2.209500 0.113914 0.993160 -0.025618 5.400800 0.000000 0.000000 0.000000 1.000000
0.973707 -0.116729 -0.195624 6.766800 -0.197277 -0.002660 -0.980344 2.209500 0.113914 0.993160 -0.025618 5.400800 0.000000 0.000000 0.000000 1.000000
0.973707 -0.116729 -0.195624 6.766800 -0.197277 -0.002660 -0.980344 2.209500 0.113914 0.993160 -0.025618 5.400800 0.000000 0.000000 0.000000 1.000000
0.973707 -0.116729 -0.195624 6.766800 -0.197277 -0.002660 -0.980344 2.209500 0.113914 0.993160 -0.025618 5.400800 0.000000 0.000000 0.000000 1.000000
0.973707 -0.116729 -0.195624 6.766800 -0.197277 -0.002660 -0.980344 2.209500 0.113914 0.993160 -0.025618 5.400800 0.000000 0.000000 0.000000 1.000000
0.973707 -0.116729 -0.195624 6.766800 -0.197277 -0.002660 -0.980344 2.209500 0.113914 0.993160 -0.025618 5.400800 0.000000 0.000000 0.000000 1.000000
0.973707 -0.116729 -0.195624 6.766800 -0.197277 -0.002660 -0.980344 2.209500 0.113914 0.993160 -0.025618 5.400800 0.000000 0.000000 0.000000 1.000000
0.973707 -0.116729 -0.195624 6.766800 -0.197277 -0.002660 -0.980344 2.209500 0.113914 0.993160 -0.025618 5.400800 0.000000 0.000000 0.000000 1.000000
0.973707 -0.116729 -0.195624 6.766800 -0.197277 -0.002660 -0.980344 2.209500 0.113914 0.993160 -0.025618 5.400800 0.000000 0.000000 0.000000 1.000000
0.973707 -0.116729 -0.195624 6.766800 -0.197277 -0.002660 -0.980344 2.209500 0.113914 0.993160 -0.025618 5.400800 0.000000 0.000000 0.000000 1.000000</float_array>
        <technique_common>
          <accessor source="#mixamorig_R_bag1-Matrix-animation-output-transform-array" count="14" stride="16">
            <param type="float4x4"/>
          </accessor>
        </technique_common>
      </source>
      <source id="mixamorig_R_bag1-Interpolations">
        <Name_array id="mixamorig_R_bag1-Interpolations-array" count="14">
 LINEAR LINEAR LINEAR LINEAR LINEAR LINEAR LINEAR LINEAR LINEAR LINEAR LINEAR
LINEAR LINEAR LINEAR</Name_array>
        <technique_common>
          <accessor source="#mixamorig_R_bag1-Interpolations-array" count="14">
            <param type="name"/>
          </accessor>
        </technique_common>
      </source>
      <sampler id="mixamorig_R_bag1-Matrix-animation-transform">
        <input semantic="INPUT" source="#mixamorig_R_bag1-Matrix-animation-input"/>
        <input semantic="OUTPUT" source="#mixamorig_R_bag1-Matrix-animation-output-transform"/>
        <input semantic="INTERPOLATION" source="#mixamorig_R_bag1-Interpolations"/>
      </sampler>
      <channel source="#mixamorig_R_bag1-Matrix-animation-transform" target="mixamorig_R_bag1/matrix"/>
    </animation>
    <animation id="mixamorig_R_C_skirt1-anim" name="mixamorig_R_C_skirt1">
      <source id="mixamorig_R_C_skirt1-Matrix-animation-input">
        <float_array id="mixamorig_R_C_skirt1-Matrix-animation-input-array" count="14">

0.000000 0.033333 0.066667 0.100000 0.133333 0.166667 0.200000 0.233333 0.266667 0.300000 0.333333 0.366667 0.400000 0.433333</float_array>
        <technique_common>
          <accessor source="#mixamorig_R_C_skirt1-Matrix-animation-input-array" count="14">
            <param name="TIME" type="float"/>
          </accessor>
        </technique_common>
      </source>
      <source id="mixamorig_R_C_skirt1-Matrix-animation-output-transform">
        <float_array id="mixamorig_R_C_skirt1-Matrix-animation-output-transform-array" count="224">

-0.023939 -0.971540 -0.235663 -7.049900 -0.998221 0.010354 0.058718 -6.149900 -0.054607 0.236649 -0.970059 -15.762700 0.000000 0.000000 0.000000 1.000000
-0.023939 -0.971540 -0.235663 -7.049900 -0.998221 0.010354 0.058718 -6.149900 -0.054607 0.236649 -0.970059 -15.762700 0.000000 0.000000 0.000000 1.000000
-0.023939 -0.971540 -0.235663 -7.049900 -0.998221 0.010354 0.058718 -6.149900 -0.054607 0.236649 -0.970059 -15.762700 0.000000 0.000000 0.000000 1.000000
-0.023939 -0.971540 -0.235663 -7.049900 -0.998221 0.010354 0.058718 -6.149900 -0.054607 0.236649 -0.970059 -15.762700 0.000000 0.000000 0.000000 1.000000
-0.023939 -0.971540 -0.235663 -7.049900 -0.998221 0.010354 0.058718 -6.149900 -0.054607 0.236649 -0.970059 -15.762700 0.000000 0.000000 0.000000 1.000000
-0.023939 -0.971540 -0.235663 -7.049900 -0.998221 0.010354 0.058718 -6.149900 -0.054607 0.236649 -0.970059 -15.762700 0.000000 0.000000 0.000000 1.000000
-0.023939 -0.971540 -0.235663 -7.049900 -0.998221 0.010354 0.058718 -6.149900 -0.054607 0.236649 -0.970059 -15.762700 0.000000 0.000000 0.000000 1.000000
-0.023939 -0.971540 -0.235663 -7.049900 -0.998221 0.010354 0.058718 -6.149900 -0.054607 0.236649 -0.970059 -15.762700 0.000000 0.000000 0.000000 1.000000
-0.023939 -0.971540 -0.235663 -7.049900 -0.998221 0.010354 0.058718 -6.149900 -0.054607 0.236649 -0.970059 -15.762700 0.000000 0.000000 0.000000 1.000000
-0.023939 -0.971540 -0.235663 -7.049900 -0.998221 0.010354 0.058718 -6.149900 -0.054607 0.236649 -0.970059 -15.762700 0.000000 0.000000 0.000000 1.000000
-0.023939 -0.971540 -0.235663 -7.049900 -0.998221 0.010354 0.058718 -6.149900 -0.054607 0.236649 -0.970059 -15.762700 0.000000 0.000000 0.000000 1.000000
-0.023939 -0.971540 -0.235663 -7.049900 -0.998221 0.010354 0.058718 -6.149900 -0.054607 0.236649 -0.970059 -15.762700 0.000000 0.000000 0.000000 1.000000
-0.023939 -0.971540 -0.235663 -7.049900 -0.998221 0.010354 0.058718 -6.149900 -0.054607 0.236649 -0.970059 -15.762700 0.000000 0.000000 0.000000 1.000000
-0.023939 -0.971540 -0.235663 -7.049900 -0.998221 0.010354 0.058718 -6.149900 -0.054607 0.236649 -0.970059 -15.762700 0.000000 0.000000 0.000000 1.000000</float_array>
        <technique_common>
          <accessor source="#mixamorig_R_C_skirt1-Matrix-animation-output-transform-array" count="14" stride="16">
            <param type="float4x4"/>
          </accessor>
        </technique_common>
      </source>
      <source id="mixamorig_R_C_skirt1-Interpolations">
        <Name_array id="mixamorig_R_C_skirt1-Interpolations-array" count="14">
 LINEAR LINEAR LINEAR LINEAR LINEAR LINEAR LINEAR LINEAR LINEAR LINEAR LINEAR
LINEAR LINEAR LINEAR</Name_array>
        <technique_common>
          <accessor source="#mixamorig_R_C_skirt1-Interpolations-array" count="14">
            <param type="name"/>
          </accessor>
        </technique_common>
      </source>
      <sampler id="mixamorig_R_C_skirt1-Matrix-animation-transform">
        <input semantic="INPUT" source="#mixamorig_R_C_skirt1-Matrix-animation-input"/>
        <input semantic="OUTPUT" source="#mixamorig_R_C_skirt1-Matrix-animation-output-transform"/>
        <input semantic="INTERPOLATION" source="#mixamorig_R_C_skirt1-Interpolations"/>
      </sampler>
      <channel source="#mixamorig_R_C_skirt1-Matrix-animation-transform" target="mixamorig_R_C_skirt1/matrix"/>
    </animation>
    <animation id="mixamorig_R_C_skirt2-anim" name="mixamorig_R_C_skirt2">
      <source id="mixamorig_R_C_skirt2-Matrix-animation-input">
        <float_array id="mixamorig_R_C_skirt2-Matrix-animation-input-array" count="14">

0.000000 0.033333 0.066667 0.100000 0.133333 0.166667 0.200000 0.233333 0.266667 0.300000 0.333333 0.366667 0.400000 0.433333</float_array>
        <technique_common>
          <accessor source="#mixamorig_R_C_skirt2-Matrix-animation-input-array" count="14">
            <param name="TIME" type="float"/>
          </accessor>
        </technique_common>
      </source>
      <source id="mixamorig_R_C_skirt2-Matrix-animation-output-transform">
        <float_array id="mixamorig_R_C_skirt2-Matrix-animation-output-transform-array" count="224">

1.000000 -0.000000 -0.000000 27.999701 0.000000 1.000000 -0.000000 -0.000000 0.000000 -0.000000 1.000000 -0.000000 0.000000 0.000000 0.000000 1.000000
1.000000 -0.000000 0.000000 27.999701 -0.000000 1.000000 -0.000000 -0.000000 -0.000000 -0.000000 1.000000 0.000000 0.000000 0.000000 0.000000 1.000000
1.000000 -0.000000 0.000000 27.999701 0.000000 1.000000 -0.000000 0.000000 -0.000000 -0.000000 1.000000 -0.000000 0.000000 0.000000 0.000000 1.000000
1.000000 -0.000000 0.000000 27.999701 0.000000 1.000000 0.000000 0.000000 0.000000 -0.000000 1.000000 0.000000 0.000000 0.000000 0.000000 1.000000
1.000000 -0.000000 -0.000000 27.999701 -0.000000 1.000000 -0.000000 0.000000 0.000000 0.000000 1.000000 0.000000 0.000000 0.000000 0.000000 1.000000
1.000000 -0.000000 -0.000000 27.999701 -0.000000 1.000000 0.000000 0.000000 0.000000 0.000000 1.000000 0.000000 0.000000 0.000000 0.000000 1.000000
1.000000 0.000000 0.000000 27.999701 0.000000 1.000000 0.000000 -0.000000 0.000000 -0.000000 1.000000 0.000000 0.000000 0.000000 0.000000 1.000000
1.000000 -0.000000 -0.000000 27.999701 -0.000000 1.000000 -0.000000 0.000000 0.000000 0.000000 1.000000 0.000000 0.000000 0.000000 0.000000 1.000000
1.000000 -0.000000 0.000000 27.999701 -0.000000 1.000000 0.000000 0.000000 -0.000000 0.000000 1.000000 0.000000 0.000000 0.000000 0.000000 1.000000
1.000000 -0.000000 -0.000000 27.999701 -0.000000 1.000000 -0.000000 0.000000 0.000000 0.000000 1.000000 0.000000 0.000000 0.000000 0.000000 1.000000
1.000000 0.000000 0.000000 27.999701 -0.000000 1.000000 -0.000000 0.000000 0.000000 0.000000 1.000000 0.000000 0.000000 0.000000 0.000000 1.000000
1.000000 0.000000 -0.000000 27.999701 0.000000 1.000000 0.000000 0.000000 0.000000 -0.000000 1.000000 0.000000 0.000000 0.000000 0.000000 1.000000
1.000000 -0.000000 -0.000000 27.999701 -0.000000 1.000000 0.000000 -0.000000 0.000000 0.000000 1.000000 0.000000 0.000000 0.000000 0.000000 1.000000
1.000000 0.000000 -0.000000 27.999701 -0.000000 1.000000 0.000000 -0.000000 0.000000 0.000000 1.000000 0.000000 0.000000 0.000000 0.000000 1.000000</float_array>
        <technique_common>
          <accessor source="#mixamorig_R_C_skirt2-Matrix-animation-output-transform-array" count="14" stride="16">
            <param type="float4x4"/>
          </accessor>
        </technique_common>
      </source>
      <source id="mixamorig_R_C_skirt2-Interpolations">
        <Name_array id="mixamorig_R_C_skirt2-Interpolations-array" count="14">
 LINEAR LINEAR LINEAR LINEAR LINEAR LINEAR LINEAR LINEAR LINEAR LINEAR LINEAR
LINEAR LINEAR LINEAR</Name_array>
        <technique_common>
          <accessor source="#mixamorig_R_C_skirt2-Interpolations-array" count="14">
            <param type="name"/>
          </accessor>
        </technique_common>
      </source>
      <sampler id="mixamorig_R_C_skirt2-Matrix-animation-transform">
        <input semantic="INPUT" source="#mixamorig_R_C_skirt2-Matrix-animation-input"/>
        <input semantic="OUTPUT" source="#mixamorig_R_C_skirt2-Matrix-animation-output-transform"/>
        <input semantic="INTERPOLATION" source="#mixamorig_R_C_skirt2-Interpolations"/>
      </sampler>
      <channel source="#mixamorig_R_C_skirt2-Matrix-animation-transform" target="mixamorig_R_C_skirt2/matrix"/>
    </animation>
    <animation id="mixamorig_R_C_skirt3-anim" name="mixamorig_R_C_skirt3">
      <source id="mixamorig_R_C_skirt3-Matrix-animation-input">
        <float_array id="mixamorig_R_C_skirt3-Matrix-animation-input-array" count="14">

0.000000 0.033333 0.066667 0.100000 0.133333 0.166667 0.200000 0.233333 0.266667 0.300000 0.333333 0.366667 0.400000 0.433333</float_array>
        <technique_common>
          <accessor source="#mixamorig_R_C_skirt3-Matrix-animation-input-array" count="14">
            <param name="TIME" type="float"/>
          </accessor>
        </technique_common>
      </source>
      <source id="mixamorig_R_C_skirt3-Matrix-animation-output-transform">
        <float_array id="mixamorig_R_C_skirt3-Matrix-animation-output-transform-array" count="224">

1.000000 0.000000 -0.000000 27.999901 -0.000000 1.000000 -0.000000 -0.000000 0.000000 0.000000 1.000000 -0.000000 0.000000 0.000000 0.000000 1.000000
1.000000 -0.000000 -0.000000 27.999901 0.000000 1.000000 0.000000 0.000000 0.000000 -0.000000 1.000000 0.000000 0.000000 0.000000 0.000000 1.000000
1.000000 0.000000 -0.000000 27.999901 0.000000 1.000000 -0.000000 -0.000000 0.000000 0.000000 1.000000 0.000000 0.000000 0.000000 0.000000 1.000000
1.000000 0.000000 -0.000000 27.999901 0.000000 1.000000 0.000000 -0.000000 0.000000 0.000000 1.000000 0.000000 0.000000 0.000000 0.000000 1.000000
1.000000 0.000000 -0.000000 27.999901 0.000000 1.000000 -0.000000 -0.000000 0.000000 0.000000 1.000000 0.000000 0.000000 0.000000 0.000000 1.000000
1.000000 -0.000000 -0.000000 27.999901 -0.000000 1.000000 0.000000 0.000000 0.000000 0.000000 1.000000 0.000000 0.000000 0.000000 0.000000 1.000000
1.000000 -0.000000 -0.000000 27.999901 -0.000000 1.000000 0.000000 0.000000 -0.000000 0.000000 1.000000 0.000000 0.000000 0.000000 0.000000 1.000000
1.000000 -0.000000 -0.000000 27.999901 -0.000000 1.000000 0.000000 0.000000 -0.000000 0.000000 1.000000 0.000000 0.000000 0.000000 0.000000 1.000000
1.000000 -0.000000 0.000000 27.999901 0.000000 1.000000 0.000000 -0.000000 0.000000 -0.000000 1.000000 0.000000 0.000000 0.000000 0.000000 1.000000
1.000000 0.000000 -0.000000 27.999901 -0.000000 1.000000 -0.000000 -0.000000 -0.000000 0.000000 1.000000 0.000000 0.000000 0.000000 0.000000 1.000000
1.000000 -0.000000 0.000000 27.999901 -0.000000 1.000000 -0.000000 0.000000 0.000000 -0.000000 1.000000 0.000000 0.000000 0.000000 0.000000 1.000000
1.000000 -0.000000 0.000000 27.999901 0.000000 1.000000 0.000000 0.000000 0.000000 -0.000000 1.000000 0.000000 0.000000 0.000000 0.000000 1.000000
1.000000 0.000000 0.000000 27.999901 0.000000 1.000000 -0.000000 0.000000 0.000000 -0.000000 1.000000 0.000000 0.000000 0.000000 0.000000 1.000000
1.000000 0.000000 -0.000000 27.999901 -0.000000 1.000000 0.000000 0.000000 -0.000000 0.000000 1.000000 -0.000000 0.000000 0.000000 0.000000 1.000000</float_array>
        <technique_common>
          <accessor source="#mixamorig_R_C_skirt3-Matrix-animation-output-transform-array" count="14" stride="16">
            <param type="float4x4"/>
          </accessor>
        </technique_common>
      </source>
      <source id="mixamorig_R_C_skirt3-Interpolations">
        <Name_array id="mixamorig_R_C_skirt3-Interpolations-array" count="14">
 LINEAR LINEAR LINEAR LINEAR LINEAR LINEAR LINEAR LINEAR LINEAR LINEAR LINEAR
LINEAR LINEAR LINEAR</Name_array>
        <technique_common>
          <accessor source="#mixamorig_R_C_skirt3-Interpolations-array" count="14">
            <param type="name"/>
          </accessor>
        </technique_common>
      </source>
      <sampler id="mixamorig_R_C_skirt3-Matrix-animation-transform">
        <input semantic="INPUT" source="#mixamorig_R_C_skirt3-Matrix-animation-input"/>
        <input semantic="OUTPUT" source="#mixamorig_R_C_skirt3-Matrix-animation-output-transform"/>
        <input semantic="INTERPOLATION" source="#mixamorig_R_C_skirt3-Interpolations"/>
      </sampler>
      <channel source="#mixamorig_R_C_skirt3-Matrix-animation-transform" target="mixamorig_R_C_skirt3/matrix"/>
    </animation>
    <animation id="L_horn1-anim" name="L_horn1">
      <source id="L_horn1-Matrix-animation-input">
        <float_array id="L_horn1-Matrix-animation-input-array" count="14">

0.000000 0.033333 0.066667 0.100000 0.133333 0.166667 0.200000 0.233333 0.266667 0.300000 0.333333 0.366667 0.400000 0.433333</float_array>
        <technique_common>
          <accessor source="#L_horn1-Matrix-animation-input-array" count="14">
            <param name="TIME" type="float"/>
          </accessor>
        </technique_common>
      </source>
      <source id="L_horn1-Matrix-animation-output-transform">
        <float_array id="L_horn1-Matrix-animation-output-transform-array" count="224">

0.406838 0.870118 0.278168 18.209600 -0.904436 0.426462 -0.011194 1.020800 -0.128368 -0.247031 0.960467 -3.906100 0.000000 0.000000 0.000000 1.000000
0.406838 0.870118 0.278168 18.209600 -0.904436 0.426462 -0.011194 1.020800 -0.128368 -0.247031 0.960467 -3.906100 0.000000 0.000000 0.000000 1.000000
0.406838 0.870118 0.278168 18.209600 -0.904436 0.426462 -0.011194 1.020800 -0.128368 -0.247031 0.960467 -3.906100 0.000000 0.000000 0.000000 1.000000
0.406838 0.870118 0.278168 18.209600 -0.904436 0.426462 -0.011194 1.020800 -0.128368 -0.247031 0.960467 -3.906100 0.000000 0.000000 0.000000 1.000000
0.406838 0.870118 0.278168 18.209600 -0.904436 0.426462 -0.011194 1.020800 -0.128368 -0.247031 0.960467 -3.906100 0.000000 0.000000 0.000000 1.000000
0.406838 0.870118 0.278168 18.209600 -0.904436 0.426462 -0.011194 1.020800 -0.128368 -0.247031 0.960467 -3.906100 0.000000 0.000000 0.000000 1.000000
0.406838 0.870118 0.278168 18.209600 -0.904436 0.426462 -0.011194 1.020800 -0.128368 -0.247031 0.960467 -3.906100 0.000000 0.000000 0.000000 1.000000
0.406838 0.870118 0.278168 18.209600 -0.904436 0.426462 -0.011194 1.020800 -0.128368 -0.247031 0.960467 -3.906100 0.000000 0.000000 0.000000 1.000000
0.406838 0.870118 0.278168 18.209600 -0.904436 0.426462 -0.011194 1.020800 -0.128368 -0.247031 0.960467 -3.906100 0.000000 0.000000 0.000000 1.000000
0.406838 0.870118 0.278168 18.209600 -0.904436 0.426462 -0.011194 1.020800 -0.128368 -0.247031 0.960467 -3.906100 0.000000 0.000000 0.000000 1.000000
0.406838 0.870118 0.278168 18.209600 -0.904436 0.426462 -0.011194 1.020800 -0.128368 -0.247031 0.960467 -3.906100 0.000000 0.000000 0.000000 1.000000
0.406838 0.870118 0.278168 18.209600 -0.904436 0.426462 -0.011194 1.020800 -0.128368 -0.247031 0.960467 -3.906100 0.000000 0.000000 0.000000 1.000000
0.406838 0.870118 0.278168 18.209600 -0.904436 0.426462 -0.011194 1.020800 -0.128368 -0.247031 0.960467 -3.906100 0.000000 0.000000 0.000000 1.000000
0.406838 0.870118 0.278168 18.209600 -0.904436 0.426462 -0.011194 1.020800 -0.128368 -0.247031 0.960467 -3.906100 0.000000 0.000000 0.000000 1.000000</float_array>
        <technique_common>
          <accessor source="#L_horn1-Matrix-animation-output-transform-array" count="14" stride="16">
            <param type="float4x4"/>
          </accessor>
        </technique_common>
      </source>
      <source id="L_horn1-Interpolations">
        <Name_array id="L_horn1-Interpolations-array" count="14">
 LINEAR LINEAR LINEAR LINEAR LINEAR LINEAR LINEAR LINEAR LINEAR LINEAR LINEAR
LINEAR LINEAR LINEAR</Name_array>
        <technique_common>
          <accessor source="#L_horn1-Interpolations-array" count="14">
            <param type="name"/>
          </accessor>
        </technique_common>
      </source>
      <sampler id="L_horn1-Matrix-animation-transform">
        <input semantic="INPUT" source="#L_horn1-Matrix-animation-input"/>
        <input semantic="OUTPUT" source="#L_horn1-Matrix-animation-output-transform"/>
        <input semantic="INTERPOLATION" source="#L_horn1-Interpolations"/>
      </sampler>
      <channel source="#L_horn1-Matrix-animation-transform" target="L_horn1/matrix"/>
    </animation>
  </library_animations>
  <library_visual_scenes>
    <visual_scene id="RootNode" name="RootNode">
      <node id="mixamorig_Hips" name="mixamorig_Hips" sid="mixamorig_Hips" type="JOINT">
        <matrix sid="matrix">0.564695 -0.346770 -0.748913 2.451880 0.096874 0.929021 -0.357121 78.439102 0.819594 0.129114 0.558206 -3.379010 0.000000 0.000000 0.000000 1.000000</matrix>
        <node id="mixamorig_Spine" name="mixamorig_Spine" sid="mixamorig_Spine" type="JOINT">
          <matrix sid="matrix">0.999885 0.014844 0.002970 -0.006600 -0.014030 0.982349 -0.186532 10.822600 -0.005687 0.186469 0.982444 -0.430700 0.000000 0.000000 0.000000 1.000000</matrix>
          <node id="mixamorig_Spine1" name="mixamorig_Spine1" sid="mixamorig_Spine1" type="JOINT">
            <matrix sid="matrix">0.999971 -0.007517 0.001083 -0.000000 0.007591 0.994009 -0.109034 12.655100 -0.000257 0.109040 0.994037 0.000000 0.000000 0.000000 0.000000 1.000000</matrix>
            <node id="mixamorig_Spine2" name="mixamorig_Spine2" sid="mixamorig_Spine2" type="JOINT">
              <matrix sid="matrix">0.999985 -0.005433 0.000058 0.000000 0.005382 0.989191 -0.146532 14.459700 0.000739 0.146530 0.989206 0.000000 0.000000 0.000000 0.000000 1.000000</matrix>
              <node id="mixamorig_Neck" name="mixamorig_Neck" sid="mixamorig_Neck" type="JOINT">
                <matrix sid="matrix">0.995656 0.029773 0.088223 0.000000 -0.041574 0.989960 0.135098 16.135700 -0.083314 -0.138179 0.986897 0.000000 0.000000 0.000000 0.000000 1.000000</matrix>
                <node id="mixamorig_Head" name="mixamorig_Head" sid="mixamorig_Head" type="JOINT">
                  <matrix sid="matrix">0.822781 0.189507 0.535834 0.000000 -0.261759 0.963185 0.061287 6.791300 -0.504494 -0.190685 0.842096 0.000000 0.000000 0.000000 0.000000 1.000000</matrix>
                  <node id="mixamorig_HeadTop_End" name="mixamorig_HeadTop_End" sid="mixamorig_HeadTop_End" type="JOINT">
                    <matrix sid="matrix">1.000000 0.000000 0.000000 -0.000000 0.000000 1.000000 -0.000000 23.104200 0.000000 0.000000 1.000000 0.000000 0.000000 0.000000 0.000000 1.000000</matrix>
                  </node>
                  <node id="mixamorig_LeftEye" name="mixamorig_LeftEye" sid="mixamorig_LeftEye" type="JOINT">
                    <matrix sid="matrix">0.999998 0.002177 0.000049 3.472400 -0.002171 0.994739 0.102423 10.009700 0.000174 -0.102423 0.994741 8.325400 0.000000 0.000000 0.000000 1.000000</matrix>
                  </node>
                  <node id="mixamorig_RightEye" name="mixamorig_RightEye" sid="mixamorig_RightEye" type="JOINT">
                    <matrix sid="matrix">0.999998 0.002177 0.000049 -3.952600 -0.002171 0.994739 0.102423 9.961800 0.000174 -0.102423 0.994741 8.315900 0.000000 0.000000 0.000000 1.000000</matrix>
                  </node>
                </node>
              </node>
              <node id="mixamorig_LeftShoulder" name="mixamorig_LeftShoulder" sid="mixamorig_LeftShoulder" type="JOINT">
                <matrix sid="matrix">0.541610 0.638909 -0.546310 11.022900 0.035568 -0.666717 -0.744462 13.234400 -0.839877 0.383777 -0.383825 -1.554100 0.000000 0.000000 0.000000 1.000000</matrix>
                <node id="mixamorig_LeftArm" name="mixamorig_LeftArm" sid="mixamorig_LeftArm" type="JOINT">
                  <matrix sid="matrix">0.653782 -0.250824 -0.713902 0.000000 -0.060385 0.923160 -0.379645 16.551600 0.754270 0.291314 0.588399 -0.000000 0.000000 0.000000 0.000000 1.000000</matrix>
                  <node id="mixamorig_LeftForeArm" name="mixamorig_LeftForeArm" sid="mixamorig_LeftForeArm" type="JOINT">
                    <matrix sid="matrix">0.081550 -0.964293 0.251971 0.000000 -0.193213 -0.263312 -0.945164 27.198299 0.977762 0.028394 -0.207787 0.000000 0.000000 0.000000 0.000000 1.000000</matrix>
                    <node id="mixamorig_LeftHand" name="mixamorig_LeftHand" sid="mixamorig_LeftHand" type="JOINT">
                      <matrix sid="matrix">0.807795 -0.170814 -0.564172 0.000000 0.174977 0.983440 -0.047219 21.535400 0.562894 -0.060574 0.824306 -0.000000 0.000000 0.000000 0.000000 1.000000</matrix>
                      <node id="mixamorig_LeftHandThumb1" name="mixamorig_LeftHandThumb1" sid="mixamorig_LeftHandThumb1" type="JOINT">
                        <matrix sid="matrix">0.933228 0.011704 0.359095 -1.897200 0.153142 0.891171 -0.427038 4.226700 -0.325013 0.453516 0.829873 4.940900 0.000000 0.000000 0.000000 1.000000</matrix>
                        <node id="mixamorig_LeftHandThumb2" name="mixamorig_LeftHandThumb2" sid="mixamorig_LeftHandThumb2" type="JOINT">
                          <matrix sid="matrix">0.993207 0.111931 0.031813 -0.788100 -0.109120 0.990848 -0.079454 4.746200 -0.040415 0.075443 0.996331 0.000000 0.000000 0.000000 0.000000 1.000000</matrix>
                          <node id="mixamorig_LeftHandThumb3" name="mixamorig_LeftHandThumb3" sid="mixamorig_LeftHandThumb3" type="JOINT">
                            <matrix sid="matrix">0.869835 -0.442616 -0.217894 -0.314700 0.492539 0.804322 0.332374 7.341200 0.028143 -0.396432 0.917633 -0.000000 0.000000 0.000000 0.000000 1.000000</matrix>
                            <node id="mixamorig_LeftHandThumb4" name="mixamorig_LeftHandThumb4" sid="mixamorig_LeftHandThumb4" type="JOINT">
                              <matrix sid="matrix">1.000000 0.000000 0.000000 1.102800 0.000000 1.000000 0.000000 7.800700 -0.000000 0.000000 1.000000 0.000000 0.000000 0.000000 0.000000 1.000000</matrix>
                            </node>
                          </node>
                        </node>
                      </node>
                      <node id="mixamorig_LeftHandIndex1" name="mixamorig_LeftHandIndex1" sid="mixamorig_LeftHandIndex1" type="JOINT">
                        <matrix sid="matrix">0.970811 0.212794 0.110659 -2.959300 -0.157221 0.913016 -0.376408 12.531300 -0.181131 0.348023 0.919822 1.173500 0.000000 0.000000 0.000000 1.000000</matrix>
                        <node id="mixamorig_LeftHandIndex2" name="mixamorig_LeftHandIndex2" sid="mixamorig_LeftHandIndex2" type="JOINT">
                          <matrix sid="matrix">0.997210 0.072410 -0.018140 -0.006300 -0.072367 0.878130 -0.472917 8.298100 -0.018315 0.472910 0.880920 0.000000 0.000000 0.000000 0.000000 1.000000</matrix>
                          <node id="mixamorig_LeftHandIndex3" name="mixamorig_LeftHandIndex3" sid="mixamorig_LeftHandIndex3" type="JOINT">
                            <matrix sid="matrix">0.997081 0.074003 -0.018812 0.002000 -0.074057 0.877242 -0.474302 4.720200 -0.018598 0.474311 0.880161 -0.000000 0.000000 0.000000 0.000000 1.000000</matrix>
                            <node id="mixamorig_LeftHandIndex4" name="mixamorig_LeftHandIndex4" sid="mixamorig_LeftHandIndex4" type="JOINT">
                              <matrix sid="matrix">1.000000 -0.000000 0.000000 0.000600 0.000000 1.000000 -0.000000 7.237800 -0.000000 -0.000000 1.000000 0.000000 0.000000 0.000000 0.000000 1.000000</matrix>
                            </node>
                          </node>
                        </node>
                      </node>
                      <node id="mixamorig_LeftHandMiddle1" name="mixamorig_LeftHandMiddle1" sid="mixamorig_LeftHandMiddle1" type="JOINT">
                        <matrix sid="matrix">0.971065 0.206776 0.119487 2.392400 -0.148501 0.914654 -0.375973 14.502300 -0.187031 0.347350 0.918894 -0.033500 0.000000 0.000000 0.000000 1.000000</matrix>
                        <node id="mixamorig_LeftHandMiddle2" name="mixamorig_LeftHandMiddle2" sid="mixamorig_LeftHandMiddle2" type="JOINT">
                          <matrix sid="matrix">0.992387 0.113598 -0.047579 0.002700 -0.113625 0.695451 -0.709533 8.151000 -0.047512 0.709537 0.703064 0.000000 0.000000 0.000000 0.000000 1.000000</matrix>
                          <node id="mixamorig_LeftHandMiddle3" name="mixamorig_LeftHandMiddle3" sid="mixamorig_LeftHandMiddle3" type="JOINT">
                            <matrix sid="matrix">0.993083 0.109106 -0.043391 -0.001100 -0.109040 0.719865 -0.685496 4.559900 -0.043556 0.685485 0.726783 0.000000 0.000000 0.000000 0.000000 1.000000</matrix>
                            <node id="mixamorig_LeftHandMiddle4" name="mixamorig_LeftHandMiddle4" sid="mixamorig_LeftHandMiddle4" type="JOINT">
                              <matrix sid="matrix">1.000000 -0.000000 -0.000000 0.000100 0.000000 1.000000 -0.000000 7.733900 0.000000 -0.000000 1.000000 0.000000 0.000000 0.000000 0.000000 1.000000</matrix>
                            </node>
                          </node>
                        </node>
                      </node>
                      <node id="mixamorig_LeftHandRing1" name="mixamorig_LeftHandRing1" sid="mixamorig_LeftHandRing1" type="JOINT">
                        <matrix sid="matrix">0.983622 0.179460 -0.016813 7.071600 -0.175895 0.935318 -0.306989 14.022100 -0.039367 0.304918 0.951565 -0.727900 0.000000 0.000000 0.000000 1.000000</matrix>
                        <node id="mixamorig_LeftHandRing2" name="mixamorig_LeftHandRing2" sid="mixamorig_LeftHandRing2" type="JOINT">
                          <matrix sid="matrix">0.985148 0.141827 -0.096793 0.005000 -0.142122 0.357164 -0.923166 6.963300 -0.096359 0.923211 0.372016 0.000000 0.000000 0.000000 0.000000 1.000000</matrix>
                          <node id="mixamorig_LeftHandRing3" name="mixamorig_LeftHandRing3" sid="mixamorig_LeftHandRing3" type="JOINT">
                            <matrix sid="matrix">0.975958 0.216776 -0.022657 -0.001000 -0.194582 0.819733 -0.538679 3.798600 -0.098200 0.530137 0.842206 0.000000 0.000000 0.000000 0.000000 1.000000</matrix>
                            <node id="mixamorig_LeftHandRing4" name="mixamorig_LeftHandRing4" sid="mixamorig_LeftHandRing4" type="JOINT">
                              <matrix sid="matrix">1.000000 0.000000 0.000000 -0.002900 -0.000000 1.000000 -0.000000 6.663500 -0.000000 0.000000 1.000000 0.000000 0.000000 0.000000 0.000000 1.000000</matrix>
                            </node>
                          </node>
                        </node>
                      </node>
                      <node id="mixamorig_LeftHandPinky1" name="mixamorig_LeftHandPinky1" sid="mixamorig_LeftHandPinky1" type="JOINT">
                        <matrix sid="matrix">0.973397 0.180888 -0.140632 10.979800 -0.194223 0.977037 -0.087615 13.885000 0.121554 0.112598 0.986178 0.589700 0.000000 0.000000 0.000000 1.000000</matrix>
                        <node id="mixamorig_LeftHandPinky2" name="mixamorig_LeftHandPinky2" sid="mixamorig_LeftHandPinky2" type="JOINT">
                          <matrix sid="matrix">0.991420 0.117941 -0.056363 0.000300 -0.117916 0.620836 -0.775022 3.975700 -0.056415 0.775018 0.629416 -0.000000 0.000000 0.000000 0.000000 1.000000</matrix>
                          <node id="mixamorig_LeftHandPinky3" name="mixamorig_LeftHandPinky3" sid="mixamorig_LeftHandPinky3" type="JOINT">
                            <matrix sid="matrix">0.996579 0.079532 -0.022482 -0.000400 -0.079501 0.848124 -0.523799 2.799700 -0.022591 0.523794 0.851545 -0.000000 0.000000 0.000000 0.000000 1.000000</matrix>
                            <node id="mixamorig_LeftHandPinky4" name="mixamorig_LeftHandPinky4" sid="mixamorig_LeftHandPinky4" type="JOINT">
                              <matrix sid="matrix">1.000000 0.000000 0.000000 -0.000400 0.000000 1.000000 0.000000 5.669600 -0.000000 0.000000 1.000000 0.000000 0.000000 0.000000 0.000000 1.000000</matrix>
                            </node>
                          </node>
                        </node>
                      </node>
                    </node>
                  </node>
                </node>
              </node>
              <node id="mixamorig_RightShoulder" name="mixamorig_RightShoulder" sid="mixamorig_RightShoulder" type="JOINT">
                <matrix sid="matrix">0.460598 -0.780188 0.423269 -10.882400 -0.128852 -0.530585 -0.837781 13.272500 0.878207 0.331341 -0.344915 -1.553300 0.000000 0.000000 0.000000 1.000000</matrix>
                <node id="mixamorig_RightArm" name="mixamorig_RightArm" sid="mixamorig_RightArm" type="JOINT">
                  <matrix sid="matrix">0.885256 0.417620 -0.204732 0.000000 -0.462957 0.833448 -0.301720 16.507099 0.044629 0.361882 0.931155 -0.000000 0.000000 0.000000 0.000000 1.000000</matrix>
                  <node id="mixamorig_RightForeArm" name="mixamorig_RightForeArm" sid="mixamorig_RightForeArm" type="JOINT">
                    <matrix sid="matrix">-0.331462 0.942957 0.031080 0.000000 -0.826913 -0.274495 -0.490782 19.953800 -0.454255 -0.188376 0.870728 0.000000 0.000000 0.000000 0.000000 1.000000</matrix>
                    <node id="mixamorig_RightHand" name="mixamorig_RightHand" sid="mixamorig_RightHand" type="JOINT">
                      <matrix sid="matrix">0.946167 0.079230 -0.313833 0.000000 -0.162335 0.954977 -0.248325 28.810400 0.280028 0.285903 0.916430 0.000000 0.000000 0.000000 0.000000 1.000000</matrix>
                      <node id="mixamorig_RightHandThumb1" name="mixamorig_RightHandThumb1" sid="mixamorig_RightHandThumb1" type="JOINT">
                        <matrix sid="matrix">0.780509 0.334715 -0.527988 1.539600 -0.506851 0.833209 -0.221053 3.801100 0.365935 0.440145 0.819978 1.972600 0.000000 0.000000 0.000000 1.000000</matrix>
                        <node id="mixamorig_RightHandThumb2" name="mixamorig_RightHandThumb2" sid="mixamorig_RightHandThumb2" type="JOINT">
                          <matrix sid="matrix">0.951121 -0.306636 0.036644 0.267800 0.307927 0.950685 -0.037135 4.847300 -0.023450 0.046604 0.998638 0.000000 0.000000 0.000000 0.000000 1.000000</matrix>
                          <node id="mixamorig_RightHandThumb3" name="mixamorig_RightHandThumb3" sid="mixamorig_RightHandThumb3" type="JOINT">
                            <matrix sid="matrix">0.891373 -0.453258 -0.003291 -0.081100 0.442666 0.868936 0.221353 4.705100 -0.097471 -0.198765 0.975188 0.000000 0.000000 0.000000 0.000000 1.000000</matrix>
                            <node id="mixamorig_RightHandThumb4" name="mixamorig_RightHandThumb4" sid="mixamorig_RightHandThumb4" type="JOINT">
                              <matrix sid="matrix">1.000000 -0.000000 -0.000000 -0.186700 0.000000 1.000000 0.000000 5.139200 -0.000000 -0.000000 1.000000 0.000000 0.000000 0.000000 0.000000 1.000000</matrix>
                            </node>
                          </node>
                        </node>
                      </node>
                      <node id="mixamorig_RightHandIndex1" name="mixamorig_RightHandIndex1" sid="mixamorig_RightHandIndex1" type="JOINT">
                        <matrix sid="matrix">0.999840 0.013146 -0.012155 5.382800 -0.014213 0.995626 -0.092345 13.307100 0.010888 0.092503 0.995653 -0.085200 0.000000 0.000000 0.000000 1.000000</matrix>
                        <node id="mixamorig_RightHandIndex2" name="mixamorig_RightHandIndex2" sid="mixamorig_RightHandIndex2" type="JOINT">
                          <matrix sid="matrix">0.999861 -0.016599 0.001742 -0.001700 0.016612 0.979650 -0.200024 3.921400 0.001614 0.200026 0.979789 0.000000 0.000000 0.000000 0.000000 1.000000</matrix>
                          <node id="mixamorig_RightHandIndex3" name="mixamorig_RightHandIndex3" sid="mixamorig_RightHandIndex3" type="JOINT">
                            <matrix sid="matrix">0.998878 -0.045370 0.013563 -0.000300 0.045309 0.832443 -0.552254 3.178700 0.013765 0.552249 0.833565 0.000000 0.000000 0.000000 0.000000 1.000000</matrix>
                            <node id="mixamorig_RightHandIndex4" name="mixamorig_RightHandIndex4" sid="mixamorig_RightHandIndex4" type="JOINT">
                              <matrix sid="matrix">1.000000 0.000000 0.000000 0.001900 0.000000 1.000000 0.000000 5.164400 0.000000 0.000000 1.000000 0.000000 0.000000 0.000000 0.000000 1.000000</matrix>
                            </node>
                          </node>
                        </node>
                      </node>
                      <node id="mixamorig_RightHandMiddle1" name="mixamorig_RightHandMiddle1" sid="mixamorig_RightHandMiddle1" type="JOINT">
                        <matrix sid="matrix">0.993305 -0.095976 -0.064302 1.695500 0.095213 0.995347 -0.014820 14.609200 0.065425 0.008599 0.997820 0.049800 0.000000 0.000000 0.000000 1.000000</matrix>
                        <node id="mixamorig_RightHandMiddle2" name="mixamorig_RightHandMiddle2" sid="mixamorig_RightHandMiddle2" type="JOINT">
                          <matrix sid="matrix">0.991133 -0.083073 0.103706 -0.000200 0.082558 -0.226551 -0.970494 4.318300 0.104117 0.970450 -0.217684 0.000000 0.000000 0.000000 0.000000 1.000000</matrix>
                          <node id="mixamorig_RightHandMiddle3" name="mixamorig_RightHandMiddle3" sid="mixamorig_RightHandMiddle3" type="JOINT">
                            <matrix sid="matrix">0.995181 -0.079803 0.056968 0.001500 0.079750 0.320804 -0.943782 3.241000 0.057042 0.943778 0.325622 0.000000 0.000000 0.000000 0.000000 1.000000</matrix>
                            <node id="mixamorig_RightHandMiddle4" name="mixamorig_RightHandMiddle4" sid="mixamorig_RightHandMiddle4" type="JOINT">
                              <matrix sid="matrix">1.000000 0.000000 0.000000 -0.001900 0.000000 1.000000 0.000000 4.879200 0.000000 0.000000 1.000000 -0.000000 0.000000 0.000000 0.000000 1.000000</matrix>
                            </node>
                          </node>
                        </node>
                      </node>
                      <node id="mixamorig_RightHandRing1" name="mixamorig_RightHandRing1" sid="mixamorig_RightHandRing1" type="JOINT">
                        <matrix sid="matrix">0.974231 -0.066204 0.215620 -1.709700 0.107612 0.976567 -0.186376 14.370000 -0.198228 0.204776 0.958526 -0.144700 0.000000 0.000000 0.000000 1.000000</matrix>
                        <node id="mixamorig_RightHandRing2" name="mixamorig_RightHandRing2" sid="mixamorig_RightHandRing2" type="JOINT">
                          <matrix sid="matrix">0.991294 -0.071931 0.110286 0.001300 0.071499 -0.409277 -0.909604 3.380800 0.110566 0.909570 -0.400571 0.000000 0.000000 0.000000 0.000000 1.000000</matrix>
                          <node id="mixamorig_RightHandRing3" name="mixamorig_RightHandRing3" sid="mixamorig_RightHandRing3" type="JOINT">
                            <matrix sid="matrix">0.995012 -0.077032 0.063389 -0.000200 0.077276 0.193295 -0.978093 2.845800 0.063091 0.978112 0.198283 0.000000 0.000000 0.000000 0.000000 1.000000</matrix>
                            <node id="mixamorig_RightHandRing4" name="mixamorig_RightHandRing4" sid="mixamorig_RightHandRing4" type="JOINT">
                              <matrix sid="matrix">1.000000 0.000000 0.000000 -0.001200 0.000000 1.000000 0.000000 4.826200 0.000000 -0.000000 1.000000 0.000000 0.000000 0.000000 0.000000 1.000000</matrix>
                            </node>
                          </node>
                        </node>
                      </node>
                      <node id="mixamorig_RightHandPinky1" name="mixamorig_RightHandPinky1" sid="mixamorig_RightHandPinky1" type="JOINT">
                        <matrix sid="matrix">0.959817 -0.044406 0.277090 -4.848000 0.073955 0.992522 -0.097112 14.008100 -0.270705 0.113702 0.955924 -0.068600 0.000000 0.000000 0.000000 1.000000</matrix>
                        <node id="mixamorig_RightHandPinky2" name="mixamorig_RightHandPinky2" sid="mixamorig_RightHandPinky2" type="JOINT">
                          <matrix sid="matrix">0.996613 -0.056694 0.059565 0.005700 0.055431 -0.071887 -0.995871 2.332400 0.060742 0.995800 -0.068501 0.000000 0.000000 0.000000 0.000000 1.000000</matrix>
                          <node id="mixamorig_RightHandPinky3" name="mixamorig_RightHandPinky3" sid="mixamorig_RightHandPinky3" type="JOINT">
                            <matrix sid="matrix">0.997348 -0.055997 0.046485 -0.003000 0.057573 0.216360 -0.974615 2.529300 0.044518 0.974706 0.219010 0.000000 0.000000 0.000000 0.000000 1.000000</matrix>
                            <node id="mixamorig_RightHandPinky4" name="mixamorig_RightHandPinky4" sid="mixamorig_RightHandPinky4" type="JOINT">
                              <matrix sid="matrix">1.000000 0.000000 -0.000000 -0.002700 -0.000000 1.000000 0.000000 3.288700 -0.000000 0.000000 1.000000 -0.000000 0.000000 0.000000 0.000000 1.000000</matrix>
                            </node>
                          </node>
                        </node>
                      </node>
                    </node>
                  </node>
                </node>
              </node>
            </node>
          </node>
        </node>
        <node id="mixamorig_LeftUpLeg" name="mixamorig_LeftUpLeg" sid="mixamorig_LeftUpLeg" type="JOINT">
          <matrix sid="matrix">-0.949780 0.301884 -0.082364 13.280500 -0.096149 -0.031064 0.994882 -6.012500 0.297781 0.952838 0.058530 -0.531400 0.000000 0.000000 0.000000 1.000000</matrix>
          <node id="mixamorig_LeftLeg" name="mixamorig_LeftLeg" sid="mixamorig_LeftLeg" type="JOINT">
            <matrix sid="matrix">0.966564 0.062597 -0.248667 -0.000000 0.252306 -0.059040 0.965845 52.183899 0.045778 -0.996291 -0.072860 -0.000000 0.000000 0.000000 0.000000 1.000000</matrix>
            <node id="mixamorig_LeftFoot" name="mixamorig_LeftFoot" sid="mixamorig_LeftFoot" type="JOINT">
              <matrix sid="matrix">0.925589 -0.015168 -0.378226 0.000000 -0.370834 0.164138 -0.914080 50.974098 0.075946 0.986321 0.146299 0.000000 0.000000 0.000000 0.000000 1.000000</matrix>
              <node id="mixamorig_LeftToeBase" name="mixamorig_LeftToeBase" sid="mixamorig_LeftToeBase" type="JOINT">
                <matrix sid="matrix">0.987501 0.072746 0.139818 -0.000000 0.003638 0.876353 -0.481655 21.993700 -0.157568 0.476144 0.865135 0.000000 0.000000 0.000000 0.000000 1.000000</matrix>
                <node id="mixamorig_LeftToe_End" name="mixamorig_LeftToe_End" sid="mixamorig_LeftToe_End" type="JOINT">
                  <matrix sid="matrix">1.000000 0.000000 0.000000 0.000000 -0.000000 1.000000 -0.000000 9.003600 -0.000000 0.000000 1.000000 0.000000 0.000000 0.000000 0.000000 1.000000</matrix>
                </node>
              </node>
            </node>
          </node>
        </node>
        <node id="mixamorig_RightUpLeg" name="mixamorig_RightUpLeg" sid="mixamorig_RightUpLeg" type="JOINT">
          <matrix sid="matrix">-0.899466 -0.411901 0.145939 -13.293700 0.215519 -0.127613 0.968125 -6.012500 -0.380148 0.902248 0.203556 -0.531400 0.000000 0.000000 0.000000 1.000000</matrix>
          <node id="mixamorig_RightLeg" name="mixamorig_RightLeg" sid="mixamorig_RightLeg" type="JOINT">
            <matrix sid="matrix">0.990596 0.025290 0.134463 0.000000 -0.123962 -0.250053 0.960264 52.153900 0.057908 -0.967902 -0.244567 0.000000 0.000000 0.000000 0.000000 1.000000</matrix>
            <node id="mixamorig_RightFoot" name="mixamorig_RightFoot" sid="mixamorig_RightFoot" type="JOINT">
              <matrix sid="matrix">0.916526 0.078111 0.392274 0.000000 0.399840 -0.204522 -0.893476 51.002602 0.010438 0.975741 -0.218681 -0.000000 0.000000 0.000000 0.000000 1.000000</matrix>
              <node id="mixamorig_RightToeBase" name="mixamorig_RightToeBase" sid="mixamorig_RightToeBase" type="JOINT">
                <matrix sid="matrix">0.990612 -0.108005 -0.083798 0.000000 0.062724 0.903782 -0.423371 22.030199 0.121462 0.414141 0.902072 0.000000 0.000000 0.000000 0.000000 1.000000</matrix>
                <node id="mixamorig_RightToe_End" name="mixamorig_RightToe_End" sid="mixamorig_RightToe_End" type="JOINT">
                  <matrix sid="matrix">1.000000 0.000000 0.000000 0.000000 0.000000 1.000000 -0.000000 9.032300 -0.000000 0.000000 1.000000 -0.000000 0.000000 0.000000 0.000000 1.000000</matrix>
                </node>
              </node>
            </node>
          </node>
        </node>
        <node id="mixamorig_F_skirt1" name="mixamorig_F_skirt1" sid="mixamorig_F_skirt1" type="JOINT">
          <matrix sid="matrix">0.000000 1.000000 -0.000000 -0.580400 -1.000000 0.000000 0.000000 -7.794500 -0.000000 0.000000 1.000000 17.818100 0.000000 0.000000 0.000000 1.000000</matrix>
          <node id="mixamorig_F_skirt2" name="mixamorig_F_skirt2" sid="mixamorig_F_skirt2" type="JOINT">
            <matrix sid="matrix">1.000000 -0.000000 0.000000 27.000000 -0.000000 1.000000 0.000000 0.000000 0.000000 0.000000 1.000000 0.000000 0.000000 0.000000 0.000000 1.000000</matrix>
            <node id="mixamorig_F_skirt3" name="mixamorig_F_skirt3" sid="mixamorig_F_skirt3" type="JOINT">
              <matrix sid="matrix">1.000000 -0.000000 -0.000000 27.000000 0.000000 1.000000 -0.000000 0.000000 0.000000 0.000000 1.000000 0.000000 0.000000 0.000000 0.000000 1.000000</matrix>
              <node id="mixamorig_F_skirt_end" name="mixamorig_F_skirt_end" sid="mixamorig_F_skirt_end" type="JOINT">
                <matrix sid="matrix">1.000000 0.000000 -0.000000 24.000000 0.000000 1.000000 0.000000 0.000000 0.000000 -0.000000 1.000000 0.000000 0.000000 0.000000 0.000000 1.000000</matrix>
              </node>
            </node>
          </node>
        </node>
        <node id="mixamorig_L_A_skirt1" name="mixamorig_L_A_skirt1" sid="mixamorig_L_A_skirt1" type="JOINT">
          <matrix sid="matrix">0.122996 0.897244 0.424058 9.424300 -0.992244 0.103429 0.068955 -5.518500 0.018009 -0.429250 0.903006 15.946100 0.000000 0.000000 0.000000 1.000000</matrix>
          <node id="mixamorig_L_A_skirt2" name="mixamorig_L_A_skirt2" sid="mixamorig_L_A_skirt2" type="JOINT">
            <matrix sid="matrix">1.000000 0.000000 0.000000 27.000000 -0.000000 1.000000 0.000000 0.000000 0.000000 -0.000000 1.000000 0.000000 0.000000 0.000000 0.000000 1.000000</matrix>
            <node id="mixamorig_L_A_skirt3" name="mixamorig_L_A_skirt3" sid="mixamorig_L_A_skirt3" type="JOINT">
              <matrix sid="matrix">1.000000 0.000000 0.000000 27.000000 0.000000 1.000000 -0.000000 0.000000 0.000000 0.000000 1.000000 0.000000 0.000000 0.000000 0.000000 1.000000</matrix>
              <node id="mixamorig_L_A_skirt_end" name="mixamorig_L_A_skirt_end" sid="mixamorig_L_A_skirt_end" type="JOINT">
                <matrix sid="matrix">1.000000 0.000000 0.000000 27.000000 0.000000 1.000000 0.000000 0.000000 -0.000000 0.000000 1.000000 0.000000 0.000000 0.000000 0.000000 1.000000</matrix>
              </node>
            </node>
          </node>
        </node>
        <node id="mixamorig_L_B_skirt1" name="mixamorig_L_B_skirt1" sid="mixamorig_L_B_skirt1" type="JOINT">
          <matrix sid="matrix">0.111759 0.000000 0.993735 18.448999 -0.993735 -0.000000 0.111759 -4.216000 0.000000 -1.000000 0.000000 -0.295100 0.000000 0.000000 0.000000 1.000000</matrix>
          <node id="mixamorig_L_B_skirt2" name="mixamorig_L_B_skirt2" sid="mixamorig_L_B_skirt2" type="JOINT">
            <matrix sid="matrix">1.000000 0.000000 0.000000 27.000000 0.000000 1.000000 0.000000 -0.000000 0.000000 -0.000000 1.000000 0.000000 0.000000 0.000000 0.000000 1.000000</matrix>
            <node id="mixamorig_L_B_skirt3" name="mixamorig_L_B_skirt3" sid="mixamorig_L_B_skirt3" type="JOINT">
              <matrix sid="matrix">1.000000 0.000000 0.000000 27.000000 0.000000 1.000000 -0.000000 0.000000 -0.000000 0.000000 1.000000 0.000000 0.000000 0.000000 0.000000 1.000000</matrix>
              <node id="mixamorig_L_B_skirt_end" name="mixamorig_L_B_skirt_end" sid="mixamorig_L_B_skirt_end" type="JOINT">
                <matrix sid="matrix">1.000000 0.000000 0.000000 27.000000 0.000000 1.000000 0.000000 0.000000 -0.000000 0.000000 1.000000 -0.000000 0.000000 0.000000 0.000000 1.000000</matrix>
              </node>
            </node>
          </node>
        </node>
        <node id="mixamorig_L_C_skirt1" name="mixamorig_L_C_skirt1" sid="mixamorig_L_C_skirt1" type="JOINT">
          <matrix sid="matrix">0.023939 -0.971540 0.235663 7.049900 -0.998221 -0.010354 0.058718 -6.149500 -0.054607 -0.236649 -0.970059 -15.762800 0.000000 0.000000 0.000000 1.000000</matrix>
          <node id="mixamorig_L_C_skirt2" name="mixamorig_L_C_skirt2" sid="mixamorig_L_C_skirt2" type="JOINT">
            <matrix sid="matrix">1.000000 0.000000 0.000000 28.000000 0.000000 1.000000 0.000000 0.000000 0.000000 -0.000000 1.000000 0.000000 0.000000 0.000000 0.000000 1.000000</matrix>
            <node id="mixamorig_L_C_skirt3" name="mixamorig_L_C_skirt3" sid="mixamorig_L_C_skirt3" type="JOINT">
              <matrix sid="matrix">1.000000 0.000000 0.000000 28.000000 0.000000 1.000000 0.000000 -0.000000 0.000000 -0.000000 1.000000 0.000000 0.000000 0.000000 0.000000 1.000000</matrix>
              <node id="mixamorig_L_C_skirt_end" name="mixamorig_L_C_skirt_end" sid="mixamorig_L_C_skirt_end" type="JOINT">
                <matrix sid="matrix">1.000000 0.000000 0.000000 28.000000 0.000000 1.000000 0.000000 0.000000 0.000000 0.000000 1.000000 0.000000 0.000000 0.000000 0.000000 1.000000</matrix>
              </node>
            </node>
          </node>
        </node>
        <node id="mixamorig_R_A_skirt1" name="mixamorig_R_A_skirt1" sid="mixamorig_R_A_skirt1" type="JOINT">
          <matrix sid="matrix">-0.122996 0.897244 -0.424058 -9.424300 -0.992244 -0.103429 0.068955 -5.518900 0.018009 0.429250 0.903006 15.946100 0.000000 0.000000 0.000000 1.000000</matrix>
          <node id="mixamorig_R_A_skirt2" name="mixamorig_R_A_skirt2" sid="mixamorig_R_A_skirt2" type="JOINT">
            <matrix sid="matrix">1.000000 0.000000 0.000000 26.999599 -0.000000 1.000000 0.000000 0.000000 0.000000 -0.000000 1.000000 0.000100 0.000000 0.000000 0.000000 1.000000</matrix>
            <node id="mixamorig_R_A_skirt3" name="mixamorig_R_A_skirt3" sid="mixamorig_R_A_skirt3" type="JOINT">
              <matrix sid="matrix">1.000000 0.000000 -0.000000 27.000000 0.000000 1.000000 0.000000 0.000000 -0.000000 0.000000 1.000000 0.000000 0.000000 0.000000 0.000000 1.000000</matrix>
              <node id="mixamorig_R_A_skirt_end" name="mixamorig_R_A_skirt_end" sid="mixamorig_R_A_skirt_end" type="JOINT">
                <matrix sid="matrix">1.000000 0.000000 0.000000 27.000000 -0.000000 1.000000 0.000000 0.000000 0.000000 -0.000000 1.000000 0.000000 0.000000 0.000000 0.000000 1.000000</matrix>
              </node>
            </node>
          </node>
        </node>
        <node id="mixamorig_R_B_skirt1" name="mixamorig_R_B_skirt1" sid="mixamorig_R_B_skirt1" type="JOINT">
          <matrix sid="matrix">-0.111759 -0.000000 -0.993735 -18.448900 -0.993735 0.000000 0.111759 -4.216300 0.000000 1.000000 -0.000000 -0.295100 0.000000 0.000000 0.000000 1.000000</matrix>
          <node id="mixamorig_R_B_skirt2" name="mixamorig_R_B_skirt2" sid="mixamorig_R_B_skirt2" type="JOINT">
            <matrix sid="matrix">1.000000 -0.000000 0.000000 26.999701 0.000000 1.000000 -0.000000 0.000000 0.000000 0.000000 1.000000 0.000100 0.000000 0.000000 0.000000 1.000000</matrix>
            <node id="mixamorig_R_B_skirt3" name="mixamorig_R_B_skirt3" sid="mixamorig_R_B_skirt3" type="JOINT">
              <matrix sid="matrix">1.000000 0.000000 -0.000000 26.999901 0.000000 1.000000 0.000000 0.000000 0.000000 0.000000 1.000000 0.000000 0.000000 0.000000 0.000000 1.000000</matrix>
              <node id="mixamorig_R_B_skirt_end" name="mixamorig_R_B_skirt_end" sid="mixamorig_R_B_skirt_end" type="JOINT">
                <matrix sid="matrix">1.000000 0.000000 -0.000000 27.000000 0.000000 1.000000 0.000000 0.000000 0.000000 0.000000 1.000000 0.000000 0.000000 0.000000 0.000000 1.000000</matrix>
              </node>
            </node>
          </node>
          <node id="mixamorig_R_bag1" name="mixamorig_R_bag1" sid="mixamorig_R_bag1" type="JOINT">
            <matrix sid="matrix">0.973707 -0.116729 -0.195624 6.766800 -0.197277 -0.002660 -0.980344 2.209500 0.113914 0.993160 -0.025618 5.400800 0.000000 0.000000 0.000000 1.000000</matrix>
            <node id="mixamorig_R_bag_end" name="mixamorig_R_bag_end" sid="mixamorig_R_bag_end" type="JOINT">
              <matrix sid="matrix">1.000000 0.000000 -0.000000 20.721201 0.000000 1.000000 0.000000 0.000000 -0.000000 0.000000 1.000000 0.000000 0.000000 0.000000 0.000000 1.000000</matrix>
            </node>
          </node>
        </node>
        <node id="mixamorig_R_C_skirt1" name="mixamorig_R_C_skirt1" sid="mixamorig_R_C_skirt1" type="JOINT">
          <matrix sid="matrix">-0.023939 -0.971540 -0.235663 -7.049900 -0.998221 0.010354 0.058718 -6.149900 -0.054607 0.236649 -0.970059 -15.762700 0.000000 0.000000 0.000000 1.000000</matrix>
          <node id="mixamorig_R_C_skirt2" name="mixamorig_R_C_skirt2" sid="mixamorig_R_C_skirt2" type="JOINT">
            <matrix sid="matrix">1.000000 -0.000000 -0.000000 27.999701 0.000000 1.000000 -0.000000 -0.000000 0.000000 -0.000000 1.000000 -0.000000 0.000000 0.000000 0.000000 1.000000</matrix>
            <node id="mixamorig_R_C_skirt3" name="mixamorig_R_C_skirt3" sid="mixamorig_R_C_skirt3" type="JOINT">
              <matrix sid="matrix">1.000000 0.000000 -0.000000 27.999901 -0.000000 1.000000 -0.000000 -0.000000 0.000000 0.000000 1.000000 -0.000000 0.000000 0.000000 0.000000 1.000000</matrix>
              <node id="mixamorig_R_C_skirt_end" name="mixamorig_R_C_skirt_end" sid="mixamorig_R_C_skirt_end" type="JOINT">
                <matrix sid="matrix">1.000000 0.000000 -0.000000 28.000000 -0.000000 1.000000 0.000000 0.000000 0.000000 0.000000 1.000000 0.000000 0.000000 0.000000 0.000000 1.000000</matrix>
              </node>
            </node>
          </node>
        </node>
        <node id="L_horn1" name="L_horn1" sid="L_horn1" type="JOINT">
          <matrix sid="matrix">0.406838 0.870118 0.278168 18.209600 -0.904436 0.426462 -0.011194 1.020800 -0.128368 -0.247031 0.960467 -3.906100 0.000000 0.000000 0.000000 1.000000</matrix>
          <node id="L_horn_end" name="L_horn_end" sid="L_horn_end" type="JOINT">
            <matrix sid="matrix">1.000000 -0.000000 0.000000 13.278900 0.000000 1.000000 -0.000000 0.000000 0.000000 -0.000000 1.000000 0.000000 0.000000 0.000000 0.000000 1.000000</matrix>
          </node>
        </node>
      </node>
    </visual_scene>
  </library_visual_scenes>
  <scene>
    <instance_visual_scene url="#RootNode"/>
  </scene>
</COLLADA>
