<?xml version="1.0" encoding="utf-8"?>
<COLLADA version="1.5.0" xmlns="http://www.collada.org/2008/03/COLLADASchema">
  <asset>
    <contributor />
    <unit meter="1" />
  </asset>
  <library_lights />
  <library_materials>
    <material id="fire3lambert1" name="fire3lambert1">
      <instance_effect url="#effect-fire3lambert1" />
    </material>
  </library_materials>
  <library_effects>
    <effect id="effect-fire3lambert1" />
  </library_effects>
  <library_cameras />
  <library_geometries>
    <geometry id="mesh_1">
      <mesh>
        <source id="mesh_1-position" name="position">
          <float_array id="mesh_1-position-array" count=2"4968">-0.3019399642944336 0.824905276298523 0.2339639663696289 -0.2946634292602539 0.8163563013076782 0.23630046844482422 -0.2978811264038086 0.7918709516525269 0.2322983741760254 -0.30806922912597656 0.798296332359314 0.23347949981689453 -0.3019399642944336 0.824905276298523 0.2339639663696289 -0.30806922912597656 0.798296332359314 0.23347949981689453 -0.3158845901489258 0.7887777090072632 0.23961305618286133 -0.31066226959228516 0.8008629083633423 0.24294281005859375 -0.3019399642944336 0.824905276298523 0.2339639663696289 -0.31066226959228516 0.8008629083633423 0.24294281005859375 -0.3022651672363281 0.7970858812332153 0.2469625473022461 -0.2946634292602539 0.8163563013076782 0.23630046844482422 0.53759765625 0.41107308864593506 -0.2515406608581543 0.5287446975708008 0.39840877056121826 -0.25522899627685547 0.5348272323608398 0.3934732675552368 -0.2541384696960449 0.5383062362670898 0.39741039276123047 -0.25690507888793945 0.53759765625 0.41107308864593506 -0.2515406608581543 0.5383062362670898 0.39741039276123047 -0.25690507888793945 0.5303468704223633 0.39385032653808594 -0.2668795585632324 0.5330839157104492 0.4089043140411377 -0.2569589614868164 -0.3158845901489258 0.7887777090072632 0.23961305618286133 -0.32898426055908203 0.7408815622329712 0.24789047241210938 -0.3252429962158203 0.7444700002670288 0.2548699378967285 -0.31066226959228516 0.8008629083633423 0.24294281005859375 -0.3158845901489258 0.7887777090072632 0.23961305618286133 -0.30806922912597656 0.798296332359314 0.23347949981689453 -0.3215475082397461 0.7416428327560425 0.24031543731689453 -0.32898426055908203 0.7408815622329712 0.24789047241210938 0.53759765625 0.41107308864593506 -0.2515406608581543 0.5330839157104492 0.4089043140411377 -0.2569589614868164 0.5209751129150391 0.39502179622650146 -0.26488399505615234 0.5287446975708008 0.39840877056121826 -0.25522899627685547 0.5348272323608398 0.3934732675552368 -0.2541384696960449 0.5196714401245117 0.3592034578323364 -0.27144956588745117 0.5251197814941406 0.357244610786438 -0.2796821594238281 0.5383062362670898 0.39741039276123047 -0.25690507888793945 0.5348272323608398 0.3934732675552368 -0.2541384696960449 0.5287446975708008 0.39840877056121826 -0.25522899627685547 0.5044803619384766 0.3596770763397217 -0.27733659744262695 0.5196714401245117 0.3592034578323364 -0.27144956588745117 -0.2882213592529297 0.6474078893661499 0.24521541595458984 -0.2936410903930664 0.5867487192153931 0.201385498046875 -0.33388805389404297 0.5846637487411499 0.22302484512329102 -0.31877899169921875 0.6607447862625122 0.24746274948120117 -0.2882213592529297 0.6474078893661499 0.24521541595458984 -0.24248695373535156 0.5952256917953491 0.21367311477661133 -0.23296356201171875 0.5882700681686401 0.14428186416625977 -0.2936410903930664 0.5867487192153931 0.201385498046875 -0.2882213592529297 0.6474078893661499 0.24521541595458984 -0.2892322540283203 0.660298228263855 0.26329612731933594 -0.26749229431152344 0.5887922048568726 0.2551431655883789 -0.24248695373535156 0.5952256917953491 0.21367311477661133 -0.1369771957397461 0.610289454460144 0.038768768310546875 -0.23296356201171875 0.5882700681686401 0.14428186416625977 -0.24248695373535156 0.5952256917953491 0.21367311477661133 -0.17356491088867188 0.564207911491394 0.14656829833984375 -0.1369771957397461 0.610289454460144 0.038768768310546875 -0.1853799819946289 0.6274121999740601 -0.04964876174926758 -0.25351524353027344 0.5659750699996948 0.03415822982788086 -0.23296356201171875 0.5882700681686401 0.14428186416625977 -0.1369771957397461 0.610289454460144 0.038768768310546875 -0.08253288269042969 0.7291311025619507 0.000812530517578125 -0.1358022689819336 0.7338773012161255 -0.05254983901977539 -0.1853799819946289 0.6274121999740601 -0.04964876174926758 -0.1369771957397461 0.610289454460144 0.038768768310546875 0.033476829528808594 0.6219724416732788 0.07533407211303711 0.032958030700683594 0.7495418787002563 0.030618667602539062 -0.08253288269042969 0.7291311025619507 0.000812530517578125 -0.1369771957397461 0.610289454460144 0.038768768310546875 -0.17356491088867188 0.564207911491394 0.14656829833984375 -0.06960105895996094 0.5376272201538086 0.12164020538330078 0.033476829528808594 0.6219724416732788 0.07533407211303711 -0.2910728454589844 0.7767378091812134 0.2348484992980957 -0.29334163665771484 0.7286652326583862 0.24014997482299805 -0.3074207305908203 0.7365361452102661 0.23720121383666992 -0.2978811264038086 0.7918709516525269 0.2322983741760254 -0.2910728454589844 0.7767378091812134 0.2348484992980957 -0.2903556823730469 0.7874459028244019 0.24085760116577148 -0.2921257019042969 0.7342449426651001 0.24942779541015625 -0.29334163665771484 0.7286652326583862 0.24014997482299805 -0.2910728454589844 0.7767378091812134 0.2348484992980957 -0.2978811264038086 0.7918709516525269 0.2322983741760254 -0.2946634292602539 0.8163563013076782 0.23630046844482422 -0.2903556823730469 0.7874459028244019 0.24085760116577148 -0.29595947265625 0.7829974889755249 0.24849796295166016 -0.3022651672363281 0.7970858812332153 0.2469625473022461 -0.31424999237060547 0.7428773641586304 0.25942182540893555 -0.3015127182006836 0.7370823621749878 0.25813961029052734 -0.29595947265625 0.7829974889755249 0.24849796295166016 -0.3015127182006836 0.7370823621749878 0.25813961029052734 -0.2921257019042969 0.7342449426651001 0.24942779541015625 -0.2903556823730469 0.7874459028244019 0.24085760116577148 -0.29595947265625 0.7829974889755249 0.24849796295166016 -0.2903556823730469 0.7874459028244019 0.24085760116577148 -0.2946634292602539 0.8163563013076782 0.23630046844482422 -0.3022651672363281 0.7970858812332153 0.2469625473022461 -0.09475135803222656 1.2675198316574097 -0.3218402862548828 -0.10134506225585938 1.2805145978927612 -0.3267650604248047 -0.0703744888305664 1.232293963432312 -0.3254375457763672 -0.07098579406738281 1.231179118156433 -0.314974308013916 -0.09475135803222656 1.2675198316574097 -0.3218402862548828 -0.07098579406738281 1.231179118156433 -0.314974308013916 -0.0745859146118164 1.2425862550735474 -0.30051183700561523 -0.10302257537841797 1.2883859872817993 -0.3103160858154297 -0.09475135803222656 1.2675198316574097 -0.3218402862548828 -0.10302257537841797 1.2883859872817993 -0.3103160858154297 -0.11929893493652344 1.3217118978500366 -0.31290674209594727 -0.10134506225585938 1.2805145978927612 -0.3267650604248047 -0.5306024551391602 -0.2993495464324951 -0.009695053100585938 -0.5234737396240234 -0.31490278244018555 0.0712728500366211 -0.5395545959472656 -0.2217634916305542 0.07177591323852539 -0.5431489944458008 -0.22977161407470703 -0.03660440444946289 -0.5306024551391602 -0.2993495464324951 -0.009695053100585938 -0.5095643997192383 -0.34431004524230957 -0.05376100540161133 -0.4871377944946289 -0.398199200630188 0.04749727249145508 -0.5234737396240234 -0.31490278244018555 0.0712728500366211 -0.5306024551391602 -0.2993495464324951 -0.009695053100585938 -0.5431489944458008 -0.22977161407470703 -0.03660440444946289 -0.5232133865356445 -0.2611583471298218 -0.1230931282043457 -0.5095643997192383 -0.34431004524230957 -0.05376100540161133 -0.07415580749511719 1.300515055656433 -0.2980623245239258 -0.04746055603027344 1.2571076154708862 -0.2949533462524414 -0.04920482635498047 1.2518452405929565 -0.30904245376586914 -0.08131217956542969 1.3072510957717896 -0.3063015937805176 -0.07415580749511719 1.300515055656433 -0.2980623245239258 -0.08004093170166016 1.3212898969650269 -0.2873044013977051 -0.05220508575439453 1.26948082447052 -0.2808494567871094 -0.04746055603027344 1.2571076154708862 -0.2949533462524414 -0.07415580749511719 1.300515055656433 -0.2980623245239258 -0.08131217956542969 1.3072510957717896 -0.3063015937805176 -0.09340095520019531 1.348922848701477 -0.29274749755859375 -0.08004093170166016 1.3212898969650269 -0.2873044013977051 0.25942325592041016 0.1597522497177124 -0.34665393829345703 0.30704212188720703 0.21020030975341797 -0.3037562370300293 0.3446369171142578 0.09610295295715332 -0.319976806640625 0.2910728454589844 0.006177306175231934 -0.35646963119506836 0.1942768096923828 0.29002201557159424 -0.366060733795166 0.2905263900756836 0.34742271900177 -0.27051544189453125 0.30704212188720703 0.21020030975341797 -0.3037562370300293 0.25942325592041016 0.1597522497177124 -0.34665393829345703 0.25942325592041016 0.1597522497177124 -0.34665393829345703 0.2910728454589844 0.006177306175231934 -0.35646963119506836 0.16961288452148438 0.0846625566482544 -0.4082908630371094 0.1942768096923828 0.29002201557159424 -0.366060733795166 0.3192920684814453 0.2583343982696533 0.14274978637695312 0.26383495330810547 0.41063952445983887 0.10923385620117188 0.17178058624267578 0.40641331672668457 0.1976761817932129 0.1986846923828125 0.2753103971481323 0.26692962646484375 0.3192920684814453 0.2583343982696533 0.14274978637695312 0.30063533782958984 0.11349248886108398 0.27744150161743164 0.41775035858154297 0.06241130828857422 0.17317533493041992 0.42975807189941406 0.15971589088439941 0.04155111312866211 0.3192920684814453 0.2583343982696533 0.14274978637695312 0.1986846923828125 0.2753103971481323 0.26692962646484375 0.1831655502319336 0.1360030174255371 0.36907958984375 0.30063533782958984 0.11349248886108398 0.27744150161743164 0.033476829528808594 0.6219724416732788 0.07533407211303711 -0.06960105895996094 0.5376272201538086 0.12164020538330078 0.016982078552246094 0.47986841201782227 0.17967510223388672 0.11955738067626953 0.5202552080154419 0.13894224166870117 0.033476829528808594 0.6219724416732788 0.07533407211303711 0.11955738067626953 0.5202552080154419 0.13894224166870117 0.2196187973022461 0.5390089750289917 0.07845163345336914 0.17694950103759766 0.6575537919998169 0.04736661911010742 0.033476829528808594 0.6219724416732788 0.07533407211303711 0.17694950103759766 0.6575537919998169 0.04736661911010742 0.15607547760009766 0.7772995233535767 0.024782180786132812 0.032958030700683594 0.7495418787002563 0.030618667602539062 0.4011974334716797 0.14694976806640625 -0.34189605712890625 0.45439910888671875 0.12009918689727783 -0.3482813835144043 0.506922721862793 0.02519702911376953 -0.29077577590942383 0.4181070327758789 0.04081320762634277 -0.32144784927368164 0.4011974334716797 0.14694976806640625 -0.34189605712890625 0.4138145446777344 0.2215174436569214 -0.3643946647644043 0.4364805221557617 0.20660674571990967 -0.37669897079467773 0.45439910888671875 0.12009918689727783 -0.3482813835144043 0.4011974334716797 0.14694976806640625 -0.34189605712890625 0.4181070327758789 0.04081320762634277 -0.32144784927368164 0.3446369171142578 0.09610295295715332 -0.319976806640625 0.3664731979370117 0.17450344562530518 -0.30129194259643555 0.4011974334716797 0.14694976806640625 -0.34189605712890625 0.42198753356933594 0.18793916702270508 -0.29286718368530273 0.43315601348876953 0.23677706718444824 -0.3301420211791992 0.4138145446777344 0.2215174436569214 -0.3643946647644043 0.4011974334716797 0.14694976806640625 -0.34189605712890625 0.3664731979370117 0.17450344562530518 -0.30129194259643555 0.4044466018676758 0.21687495708465576 -0.21020793914794922 0.42198753356933594 0.18793916702270508 -0.29286718368530273 -0.1979503631591797 0.5987671613693237 -0.17065858840942383 -0.13387489318847656 0.7410110235214233 -0.15161752700805664 -0.06811904907226562 0.7635623216629028 -0.21909141540527344 -0.08304119110107422 0.6379047632217407 -0.2577376365661621 -0.1979503631591797 0.5987671613693237 -0.17065858840942383 -0.2740812301635742 0.5208110809326172 -0.10402822494506836 -0.25351524353027344 0.5659750699996948 0.03415822982788086 -0.1853799819946289 0.6274121999740601 -0.04964876174926758 -0.1979503631591797 0.5987671613693237 -0.17065858840942383 -0.1853799819946289 0.6274121999740601 -0.04964876174926758 -0.1358022689819336 0.7338773012161255 -0.05254983901977539 -0.13387489318847656 0.7410110235214233 -0.15161752700805664 0.47978687286376953 0.16655731201171875 -0.2046194076538086 0.511073112487793 0.09514617919921875 -0.0656595230102539 0.5664377212524414 0.052582383155822754 -0.15324640274047852 0.5249004364013672 0.1348412036895752 -0.25455427169799805 0.47978687286376953 0.16655731201171875 -0.2046194076538086 0.42757225036621094 0.21070647239685059 -0.09798622131347656 0.42975807189941406 0.15971589088439941 0.04155111312866211 0.511073112487793 0.09514617919921875 -0.0656595230102539 0.47978687286376953 0.16655731201171875 -0.2046194076538086 0.42198753356933594 0.18793916702270508 -0.29286718368530273 0.4044466018676758 0.21687495708465576 -0.21020793914794922 0.42757225036621094 0.21070647239685059 -0.09798622131347656 0.47978687286376953 0.16655731201171875 -0.2046194076538086 0.5249004364013672 0.1348412036895752 -0.25455427169799805 0.4936037063598633 0.21715843677520752 -0.3208804130554199 0.47041893005371094 0.22841215133666992 -0.3036770820617676 0.47978687286376953 0.16655731201171875 -0.2046194076538086 0.47041893005371094 0.22841215133666992 -0.3036770820617676 0.43315601348876953 0.23677706718444824 -0.3301420211791992 0.42198753356933594 0.18793916702270508 -0.29286718368530273 0.04456806182861328 -0.23787665367126465 0.585533618927002 0.10424137115478516 -0.2784806489944458 0.5436739921569824 0.1376819610595703 -0.17054033279418945 0.5245099067687988 0.037258148193359375 -0.13757991790771484 0.5683073997497559 0.04456806182861328 -0.23787665367126465 0.585533618927002 -0.0364532470703125 -0.25652265548706055 0.6024045944213867 0.01565837860107422 -0.34275686740875244 0.5517191886901855 0.10424137115478516 -0.2784806489944458 0.5436739921569824 0.04456806182861328 -0.23787665367126465 0.585533618927002 0.037258148193359375 -0.13757991790771484 0.5683073997497559 -0.06600761413574219 -0.12316584587097168 0.605499267578125 -0.0364532470703125 -0.25652265548706055 0.6024045944213867 -0.25150394439697266 -0.5099515318870544 -0.2789325714111328 -0.3242626190185547 -0.48530012369155884 -0.23672246932983398 -0.3222322463989258 -0.42011594772338867 -0.34253835678100586 -0.2034139633178711 -0.46337783336639404 -0.36475610733032227 -0.25150394439697266 -0.5099515318870544 -0.2789325714111328 -0.2034139633178711 -0.46337783336639404 -0.36475610733032227 -0.08711814880371094 -0.49886345863342285 -0.3504304885864258 -0.19600296020507812 -0.5515314936637878 -0.24427127838134766 -0.25150394439697266 -0.5099515318870544 -0.2789325714111328 -0.19600296020507812 -0.5515314936637878 -0.24427127838134766 -0.28363037109375 -0.5448715686798096 -0.15580081939697266 -0.3242626190185547 -0.48530012369155884 -0.23672246932983398 0.14336109161376953 -0.6166787147521973 0.0028591156005859375 0.10849952697753906 -0.6140143871307373 0.10848426818847656 -0.02022266387939453 -0.6302893757820129 0.05943870544433594 0.07255935668945312 -0.6249562501907349 -0.06086587905883789 0.07255935668945312 -0.6249562501907349 -0.06086587905883789 -0.015768051147460938 -0.6184007525444031 -0.13365507125854492 0.14313507080078125 -0.5541552901268005 -0.23868036270141602 0.22508811950683594 -0.5668506622314453 -0.14257526397705078 0.07255935668945312 -0.6249562501907349 -0.06086587905883789 0.22508811950683594 -0.5668506622314453 -0.14257526397705078 0.28041553497314453 -0.5615286827087402 -0.0320277214050293 0.14336109161376953 -0.6166787147521973 0.0028591156005859375 0.07255935668945312 -0.6249562501907349 -0.06086587905883789 -0.02022266387939453 -0.6302893757820129 0.05943870544433594 -0.13899993896484375 -0.6196747422218323 -0.0046405792236328125 -0.015768051147460938 -0.6184007525444031 -0.13365507125854492 -0.13899993896484375 -0.6196747422218323 -0.0046405792236328125 -0.02022266387939453 -0.6302893757820129 0.05943870544433594 -0.0905618667602539 -0.5972194075584412 0.19633865356445312 -0.2088165283203125 -0.5888950824737549 0.12171268463134766 -0.13899993896484375 -0.6196747422218323 -0.0046405792236328125 -0.2088165283203125 -0.5888950824737549 0.12171268463134766 -0.30144596099853516 -0.5598971843719482 0.029689311981201172 -0.2186145782470703 -0.5914658904075623 -0.07562875747680664 -0.13899993896484375 -0.6196747422218323 -0.0046405792236328125 -0.2186145782470703 -0.5914658904075623 -0.07562875747680664 -0.10712623596191406 -0.592902660369873 -0.19809913635253906 -0.015768051147460938 -0.6184007525444031 -0.13365507125854492 -0.10712623596191406 -0.592902660369873 -0.19809913635253906 -0.19600296020507812 -0.5515314936637878 -0.24427127838134766 -0.08711814880371094 -0.49886345863342285 -0.3504304885864258 0.035986900329589844 -0.5280590653419495 -0.30736398696899414 -0.10712623596191406 -0.592902660369873 -0.19809913635253906 0.035986900329589844 -0.5280590653419495 -0.30736398696899414 0.14313507080078125 -0.5541552901268005 -0.23868036270141602 -0.015768051147460938 -0.6184007525444031 -0.13365507125854492 -0.10712623596191406 -0.592902660369873 -0.19809913635253906 -0.2186145782470703 -0.5914658904075623 -0.07562875747680664 -0.28363037109375 -0.5448715686798096 -0.15580081939697266 -0.19600296020507812 -0.5515314936637878 -0.24427127838134766 0.035986900329589844 -0.5280590653419495 -0.30736398696899414 -0.08711814880371094 -0.49886345863342285 -0.3504304885864258 0.026220321655273438 -0.3832317590713501 -0.39261865615844727 0.16766834259033203 -0.3980957269668579 -0.3447117805480957 0.035986900329589844 -0.5280590653419495 -0.30736398696899414 0.16766834259033203 -0.3980957269668579 -0.3447117805480957 0.29199886322021484 -0.43195128440856934 -0.2835426330566406 0.14313507080078125 -0.5541552901268005 -0.23868036270141602 0.29199886322021484 -0.43195128440856934 -0.2835426330566406 0.16766834259033203 -0.3980957269668579 -0.3447117805480957 0.28611278533935547 -0.25817644596099854 -0.35408926010131836 0.4056816101074219 -0.29605162143707275 -0.28475522994995117 0.29199886322021484 -0.43195128440856934 -0.2835426330566406 0.4056816101074219 -0.29605162143707275 -0.28475522994995117 0.4780597686767578 -0.3094714879989624 -0.1988086700439453 0.3825216293334961 -0.4529557228088379 -0.1859598159790039 0.29199886322021484 -0.43195128440856934 -0.2835426330566406 0.3825216293334961 -0.4529557228088379 -0.1859598159790039 0.22508811950683594 -0.5668506622314453 -0.14257526397705078 0.14313507080078125 -0.5541552901268005 -0.23868036270141602 0.3825216293334961 -0.4529557228088379 -0.1859598159790039 0.4780597686767578 -0.3094714879989624 -0.1988086700439453 0.5164699554443359 -0.3019024133682251 -0.09017038345336914 0.43515491485595703 -0.4436906576156616 -0.06109476089477539 0.3825216293334961 -0.4529557228088379 -0.1859598159790039 0.43515491485595703 -0.4436906576156616 -0.06109476089477539 0.28041553497314453 -0.5615286827087402 -0.0320277214050293 0.22508811950683594 -0.5668506622314453 -0.14257526397705078 0.43515491485595703 -0.4436906576156616 -0.06109476089477539 0.5164699554443359 -0.3019024133682251 -0.09017038345336914 0.505335807800293 -0.2793095111846924 0.06795549392700195 0.42584896087646484 -0.4308609962463379 0.1022634506225586 0.43515491485595703 -0.4436906576156616 -0.06109476089477539 0.42584896087646484 -0.4308609962463379 0.1022634506225586 0.27201366424560547 -0.5563235878944397 0.11623668670654297 0.28041553497314453 -0.5615286827087402 -0.0320277214050293 0.27201366424560547 -0.5563235878944397 0.11623668670654297 0.42584896087646484 -0.4308609962463379 0.1022634506225586 0.37988758087158203 -0.40204918384552 0.2670283317565918 0.23972415924072266 -0.5188838243484497 0.2674846649169922 0.27201366424560547 -0.5563235878944397 0.11623668670654297 0.23972415924072266 -0.5188838243484497 0.2674846649169922 0.06768512725830078 -0.5795279145240784 0.24855661392211914 0.10849952697753906 -0.6140143871307373 0.10848426818847656 0.27201366424560547 -0.5563235878944397 0.11623668670654297 0.10849952697753906 -0.6140143871307373 0.10848426818847656 0.14336109161376953 -0.6166787147521973 0.0028591156005859375 0.28041553497314453 -0.5615286827087402 -0.0320277214050293 0.06768512725830078 -0.5795279145240784 0.24855661392211914 0.23972415924072266 -0.5188838243484497 0.2674846649169922 0.16388225555419922 -0.4693162441253662 0.39173030853271484 0.00412750244140625 -0.5209694504737854 0.3644704818725586 0.06768512725830078 -0.5795279145240784 0.24855661392211914 0.00412750244140625 -0.5209694504737854 0.3644704818725586 -0.1532278060913086 -0.5293118953704834 0.3156161308288574 -0.0905618667602539 -0.5972194075584412 0.19633865356445312 0.06768512725830078 -0.5795279145240784 0.24855661392211914 -0.0905618667602539 -0.5972194075584412 0.19633865356445312 -0.02022266387939453 -0.6302893757820129 0.05943870544433594 0.10849952697753906 -0.6140143871307373 0.10848426818847656 -0.1532278060913086 -0.5293118953704834 0.3156161308288574 0.00412750244140625 -0.5209694504737854 0.3644704818725586 -0.06360244750976562 -0.4446338415145874 0.457273006439209 -0.21461200714111328 -0.4408499002456665 0.4036855697631836 -0.1532278060913086 -0.5293118953704834 0.3156161308288574 -0.21461200714111328 -0.4408499002456665 0.4036855697631836 -0.34510040283203125 -0.4350208044052124 0.30930185317993164 -0.28049278259277344 -0.521583080291748 0.23399639129638672 -0.1532278060913086 -0.5293118953704834 0.3156161308288574 -0.28049278259277344 -0.521583080291748 0.23399639129638672 -0.2088165283203125 -0.5888950824737549 0.12171268463134766 -0.0905618667602539 -0.5972194075584412 0.19633865356445312 -0.28049278259277344 -0.521583080291748 0.23399639129638672 -0.34510040283203125 -0.4350208044052124 0.30930185317993164 -0.4428529739379883 -0.4184225797653198 0.17657995223999023 -0.3800983428955078 -0.4977138042449951 0.12080049514770508 -0.28049278259277344 -0.521583080291748 0.23399639129638672 -0.3800983428955078 -0.4977138042449951 0.12080049514770508 -0.30144596099853516 -0.5598971843719482 0.029689311981201172 -0.2088165283203125 -0.5888950824737549 0.12171268463134766 -0.3800983428955078 -0.4977138042449951 0.12080049514770508 -0.4428529739379883 -0.4184225797653198 0.17657995223999023 -0.4871377944946289 -0.398199200630188 0.04749727249145508 -0.4347991943359375 -0.4649837017059326 -0.0011501312255859375 -0.3800983428955078 -0.4977138042449951 0.12080049514770508 -0.4347991943359375 -0.4649837017059326 -0.0011501312255859375 -0.3664388656616211 -0.5140585899353027 -0.07000207901000977 -0.30144596099853516 -0.5598971843719482 0.029689311981201172 -0.3664388656616211 -0.5140585899353027 -0.07000207901000977 -0.4347991943359375 -0.4649837017059326 -0.0011501312255859375 -0.46457862854003906 -0.4008946418762207 -0.11364603042602539 -0.40294647216796875 -0.4464073181152344 -0.17553281784057617 -0.3664388656616211 -0.5140585899353027 -0.07000207901000977 -0.40294647216796875 -0.4464073181152344 -0.17553281784057617 -0.3242626190185547 -0.48530012369155884 -0.23672246932983398 -0.28363037109375 -0.5448715686798096 -0.15580081939697266 -0.3664388656616211 -0.5140585899353027 -0.07000207901000977 -0.28363037109375 -0.5448715686798096 -0.15580081939697266 -0.2186145782470703 -0.5914658904075623 -0.07562875747680664 -0.30144596099853516 -0.5598971843719482 0.029689311981201172 -0.40294647216796875 -0.4464073181152344 -0.17553281784057617 -0.46457862854003906 -0.4008946418762207 -0.11364603042602539 -0.47708892822265625 -0.3094710111618042 -0.2109389305114746 -0.41241931915283203 -0.3649636507034302 -0.28371763229370117 -0.40294647216796875 -0.4464073181152344 -0.17553281784057617 -0.41241931915283203 -0.3649636507034302 -0.28371763229370117 -0.3222322463989258 -0.42011594772338867 -0.34253835678100586 -0.3242626190185547 -0.48530012369155884 -0.23672246932983398 -0.41241931915283203 -0.3649636507034302 -0.28371763229370117 -0.47708892822265625 -0.3094710111618042 -0.2109389305114746 -0.4633951187133789 -0.218001127243042 -0.28446531295776367 -0.3729887008666992 -0.2835577726364136 -0.36545419692993164 -0.41241931915283203 -0.3649636507034302 -0.28371763229370117 -0.3729887008666992 -0.2835577726364136 -0.36545419692993164 -0.2540559768676758 -0.3368269205093384 -0.41323423385620117 -0.3222322463989258 -0.42011594772338867 -0.34253835678100586 -0.2540559768676758 -0.3368269205093384 -0.41323423385620117 -0.3729887008666992 -0.2835577726364136 -0.36545419692993164 -0.32860660552978516 -0.16177499294281006 -0.3890509605407715 -0.20102596282958984 -0.2107858657836914 -0.4247760772705078 -0.2540559768676758 -0.3368269205093384 -0.41323423385620117 -0.20102596282958984 -0.2107858657836914 -0.4247760772705078 -0.04685401916503906 -0.24364781379699707 -0.4185786247253418 -0.11724567413330078 -0.36701440811157227 -0.42126035690307617 -0.2540559768676758 -0.3368269205093384 -0.41323423385620117 -0.11724567413330078 -0.36701440811157227 -0.42126035690307617 -0.2034139633178711 -0.46337783336639404 -0.36475610733032227 -0.3222322463989258 -0.42011594772338867 -0.34253835678100586 -0.11724567413330078 -0.36701440811157227 -0.42126035690307617 -0.04685401916503906 -0.24364781379699707 -0.4185786247253418 0.1195821762084961 -0.24456560611724854 -0.39820003509521484 0.026220321655273438 -0.3832317590713501 -0.39261865615844727 -0.11724567413330078 -0.36701440811157227 -0.42126035690307617 0.026220321655273438 -0.3832317590713501 -0.39261865615844727 -0.08711814880371094 -0.49886345863342285 -0.3504304885864258 -0.2034139633178711 -0.46337783336639404 -0.36475610733032227 0.1195821762084961 -0.24456560611724854 -0.39820003509521484 -0.04685401916503906 -0.24364781379699707 -0.4185786247253418 0.0048084259033203125 -0.0852208137512207 -0.41503238677978516 0.15093708038330078 -0.08804678916931152 -0.41002368927001953 0.1195821762084961 -0.24456560611724854 -0.39820003509521484 0.15093708038330078 -0.08804678916931152 -0.41002368927001953 0.2843608856201172 -0.13516366481781006 -0.35468006134033203 0.28611278533935547 -0.25817644596099854 -0.35408926010131836 0.1195821762084961 -0.24456560611724854 -0.39820003509521484 0.28611278533935547 -0.25817644596099854 -0.35408926010131836 0.16766834259033203 -0.3980957269668579 -0.3447117805480957 0.026220321655273438 -0.3832317590713501 -0.39261865615844727 0.2843608856201172 -0.13516366481781006 -0.35468006134033203 0.15093708038330078 -0.08804678916931152 -0.41002368927001953 0.16961288452148438 0.0846625566482544 -0.4082908630371094 0.2910728454589844 0.006177306175231934 -0.35646963119506836 0.2843608856201172 -0.13516366481781006 -0.35468006134033203 0.2910728454589844 0.006177306175231934 -0.35646963119506836 0.4107065200805664 -0.06964504718780518 -0.3164801597595215 0.392608642578125 -0.18029844760894775 -0.30159711837768555 0.2843608856201172 -0.13516366481781006 -0.35468006134033203 0.392608642578125 -0.18029844760894775 -0.30159711837768555 0.4056816101074219 -0.29605162143707275 -0.28475522994995117 0.28611278533935547 -0.25817644596099854 -0.35408926010131836 0.392608642578125 -0.18029844760894775 -0.30159711837768555 0.4107065200805664 -0.06964504718780518 -0.3164801597595215 0.5139665603637695 -0.08304297924041748 -0.2595334053039551 0.49570560455322266 -0.19571590423583984 -0.2188887596130371 0.392608642578125 -0.18029844760894775 -0.30159711837768555 0.49570560455322266 -0.19571590423583984 -0.2188887596130371 0.4780597686767578 -0.3094714879989624 -0.1988086700439453 0.4056816101074219 -0.29605162143707275 -0.28475522994995117 0.49570560455322266 -0.19571590423583984 -0.2188887596130371 0.5139665603637695 -0.08304297924041748 -0.2595334053039551 0.5686960220336914 -0.06765544414520264 -0.1848745346069336 0.5402975082397461 -0.1829671859741211 -0.1296849250793457 0.49570560455322266 -0.19571590423583984 -0.2188887596130371 0.5402975082397461 -0.1829671859741211 -0.1296849250793457 0.5164699554443359 -0.3019024133682251 -0.09017038345336914 0.4780597686767578 -0.3094714879989624 -0.1988086700439453 0.5402975082397461 -0.1829671859741211 -0.1296849250793457 0.5686960220336914 -0.06765544414520264 -0.1848745346069336 0.5714149475097656 -0.04057812690734863 -0.07173967361450195 0.5461521148681641 -0.14342641830444336 0.005017280578613281 0.5402975082397461 -0.1829671859741211 -0.1296849250793457 0.5461521148681641 -0.14342641830444336 0.005017280578613281 0.505335807800293 -0.2793095111846924 0.06795549392700195 0.5164699554443359 -0.3019024133682251 -0.09017038345336914 0.5461521148681641 -0.14342641830444336 0.005017280578613281 0.5714149475097656 -0.04057812690734863 -0.07173967361450195 0.5121269226074219 0.007686257362365723 0.05332803726196289 0.49043750762939453 -0.09613406658172607 0.1703944206237793 0.5461521148681641 -0.14342641830444336 0.005017280578613281 0.49043750762939453 -0.09613406658172607 0.1703944206237793 0.45975399017333984 -0.25357794761657715 0.23750782012939453 0.505335807800293 -0.2793095111846924 0.06795549392700195 0.45975399017333984 -0.25357794761657715 0.23750782012939453 0.49043750762939453 -0.09613406658172607 0.1703944206237793 0.3862800598144531 -0.05652213096618652 0.2997570037841797 0.37436962127685547 -0.22152674198150635 0.3725600242614746 0.45975399017333984 -0.25357794761657715 0.23750782012939453 0.37436962127685547 -0.22152674198150635 0.3725600242614746 0.2939929962158203 -0.368951678276062 0.3985743522644043 0.37988758087158203 -0.40204918384552 0.2670283317565918 0.45975399017333984 -0.25357794761657715 0.23750782012939453 0.37988758087158203 -0.40204918384552 0.2670283317565918 0.42584896087646484 -0.4308609962463379 0.1022634506225586 0.505335807800293 -0.2793095111846924 0.06795549392700195 0.2939929962158203 -0.368951678276062 0.3985743522644043 0.37436962127685547 -0.22152674198150635 0.3725600242614746 0.25979137420654297 -0.19076848030090332 0.4638805389404297 0.19373226165771484 -0.32098960876464844 0.48586511611938477 0.2939929962158203 -0.368951678276062 0.3985743522644043 0.19373226165771484 -0.32098960876464844 0.48586511611938477 0.08455371856689453 -0.40909814834594727 0.48348140716552734 0.16388225555419922 -0.4693162441253662 0.39173030853271484 0.2939929962158203 -0.368951678276062 0.3985743522644043 0.16388225555419922 -0.4693162441253662 0.39173030853271484 0.23972415924072266 -0.5188838243484497 0.2674846649169922 0.37988758087158203 -0.40204918384552 0.2670283317565918 0.08455371856689453 -0.40909814834594727 0.48348140716552734 0.19373226165771484 -0.32098960876464844 0.48586511611938477 0.10424137115478516 -0.2784806489944458 0.5436739921569824 0.01565837860107422 -0.34275686740875244 0.5517191886901855 0.08455371856689453 -0.40909814834594727 0.48348140716552734 0.01565837860107422 -0.34275686740875244 0.5517191886901855 -0.11558723449707031 -0.35708367824554443 0.5164680480957031 -0.06360244750976562 -0.4446338415145874 0.457273006439209 0.08455371856689453 -0.40909814834594727 0.48348140716552734 -0.06360244750976562 -0.4446338415145874 0.457273006439209 0.00412750244140625 -0.5209694504737854 0.3644704818725586 0.16388225555419922 -0.4693162441253662 0.39173030853271484 -0.11558723449707031 -0.35708367824554443 0.5164680480957031 0.01565837860107422 -0.34275686740875244 0.5517191886901855 -0.0364532470703125 -0.25652265548706055 0.6024045944213867 -0.14783096313476562 -0.2525831460952759 0.5658884048461914 -0.11558723449707031 -0.35708367824554443 0.5164680480957031 -0.14783096313476562 -0.2525831460952759 0.5658884048461914 -0.28173065185546875 -0.2568168640136719 0.47346019744873047 -0.25737476348876953 -0.3524245023727417 0.45401620864868164 -0.11558723449707031 -0.35708367824554443 0.5164680480957031 -0.25737476348876953 -0.3524245023727417 0.45401620864868164 -0.21461200714111328 -0.4408499002456665 0.4036855697631836 -0.06360244750976562 -0.4446338415145874 0.457273006439209 -0.25737476348876953 -0.3524245023727417 0.45401620864868164 -0.28173065185546875 -0.2568168640136719 0.47346019744873047 -0.4092998504638672 -0.2539440393447876 0.35209226608276367 -0.39080333709716797 -0.3478217124938965 0.34460878372192383 -0.25737476348876953 -0.3524245023727417 0.45401620864868164 -0.39080333709716797 -0.3478217124938965 0.34460878372192383 -0.34510040283203125 -0.4350208044052124 0.30930185317993164 -0.21461200714111328 -0.4408499002456665 0.4036855697631836 -0.39080333709716797 -0.3478217124938965 0.34460878372192383 -0.4092998504638672 -0.2539440393447876 0.35209226608276367 -0.5003433227539062 -0.23687243461608887 0.19922304153442383 -0.4854745864868164 -0.33007001876831055 0.19927358627319336 -0.39080333709716797 -0.3478217124938965 0.34460878372192383 -0.4854745864868164 -0.33007001876831055 0.19927358627319336 -0.4428529739379883 -0.4184225797653198 0.17657995223999023 -0.34510040283203125 -0.4350208044052124 0.30930185317993164 -0.4854745864868164 -0.33007001876831055 0.19927358627319336 -0.5003433227539062 -0.23687243461608887 0.19922304153442383 -0.5395545959472656 -0.2217634916305542 0.07177591323852539 -0.5234737396240234 -0.31490278244018555 0.0712728500366211 -0.4854745864868164 -0.33007001876831055 0.19927358627319336 -0.5234737396240234 -0.31490278244018555 0.0712728500366211 -0.4871377944946289 -0.398199200630188 0.04749727249145508 -0.4428529739379883 -0.4184225797653198 0.17657995223999023 -0.5003433227539062 -0.23687243461608887 0.19922304153442383 -0.4092998504638672 -0.2539440393447876 0.35209226608276367 -0.40671634674072266 -0.15442681312561035 0.3383784294128418 -0.49334049224853516 -0.13365960121154785 0.18143558502197266 -0.5003433227539062 -0.23687243461608887 0.19922304153442383 -0.49334049224853516 -0.13365960121154785 0.18143558502197266 -0.5334815979003906 -0.1150810718536377 0.04670906066894531 -0.5395545959472656 -0.2217634916305542 0.07177591323852539 -0.5334815979003906 -0.1150810718536377 0.04670906066894531 -0.49334049224853516 -0.13365960121154785 0.18143558502197266 -0.45236682891845703 -0.024903416633605957 0.13715839385986328 -0.4855318069458008 -0.015069365501403809 0.005512237548828125 -0.5334815979003906 -0.1150810718536377 0.04670906066894531 -0.4855318069458008 -0.015069365501403809 0.005512237548828125 -0.4980344772338867 -0.025856494903564453 -0.1098484992980957 -0.5401926040649414 -0.1282275915145874 -0.07279396057128906 -0.5334815979003906 -0.1150810718536377 0.04670906066894531 -0.5401926040649414 -0.1282275915145874 -0.07279396057128906 -0.5431489944458008 -0.22977161407470703 -0.03660440444946289 -0.5395545959472656 -0.2217634916305542 0.07177591323852539 -0.5401926040649414 -0.1282275915145874 -0.07279396057128906 -0.4980344772338867 -0.025856494903564453 -0.1098484992980957 -0.48287200927734375 -0.055741071701049805 -0.2160353660583496 -0.5230798721313477 -0.1612567901611328 -0.18005895614624023 -0.5401926040649414 -0.1282275915145874 -0.07279396057128906 -0.5230798721313477 -0.1612567901611328 -0.18005895614624023 -0.5232133865356445 -0.2611583471298218 -0.1230931282043457 -0.5431489944458008 -0.22977161407470703 -0.03660440444946289 -0.5230798721313477 -0.1612567901611328 -0.18005895614624023 -0.48287200927734375 -0.055741071701049805 -0.2160353660583496 -0.4282093048095703 -0.10691559314727783 -0.3146028518676758 -0.4633951187133789 -0.218001127243042 -0.28446531295776367 -0.5230798721313477 -0.1612567901611328 -0.18005895614624023 -0.4633951187133789 -0.218001127243042 -0.28446531295776367 -0.47708892822265625 -0.3094710111618042 -0.2109389305114746 -0.5232133865356445 -0.2611583471298218 -0.1230931282043457 -0.4282093048095703 -0.10691559314727783 -0.3146028518676758 -0.48287200927734375 -0.055741071701049805 -0.2160353660583496 -0.4311542510986328 0.06388449668884277 -0.22171783447265625 -0.37691783905029297 0.03418159484863281 -0.309598445892334 -0.4282093048095703 -0.10691559314727783 -0.3146028518676758 -0.37691783905029297 0.03418159484863281 -0.309598445892334 -0.2820272445678711 -0.007228374481201172 -0.3834981918334961 -0.32860660552978516 -0.16177499294281006 -0.3890509605407715 -0.4282093048095703 -0.10691559314727783 -0.3146028518676758 -0.32860660552978516 -0.16177499294281006 -0.3890509605407715 -0.3729887008666992 -0.2835577726364136 -0.36545419692993164 -0.4633951187133789 -0.218001127243042 -0.28446531295776367 -0.2820272445678711 -0.007228374481201172 -0.3834981918334961 -0.37691783905029297 0.03418159484863281 -0.309598445892334 -0.33095836639404297 0.18098163604736328 -0.2880411148071289 -0.24149513244628906 0.16610538959503174 -0.3572540283203125 -0.2820272445678711 -0.007228374481201172 -0.3834981918334961 -0.24149513244628906 0.16610538959503174 -0.3572540283203125 -0.09287548065185547 0.12933123111724854 -0.40285301208496094 -0.15145206451416016 -0.057459235191345215 -0.40778303146362305 -0.2820272445678711 -0.007228374481201172 -0.3834981918334961 -0.15145206451416016 -0.057459235191345215 -0.40778303146362305 -0.20102596282958984 -0.2107858657836914 -0.4247760772705078 -0.32860660552978516 -0.16177499294281006 -0.3890509605407715 -0.15145206451416016 -0.057459235191345215 -0.40778303146362305 -0.09287548065185547 0.12933123111724854 -0.40285301208496094 0.046866416931152344 0.11321640014648438 -0.4264054298400879 0.0048084259033203125 -0.0852208137512207 -0.41503238677978516 -0.15145206451416016 -0.057459235191345215 -0.40778303146362305 0.0048084259033203125 -0.0852208137512207 -0.41503238677978516 -0.04685401916503906 -0.24364781379699707 -0.4185786247253418 -0.20102596282958984 -0.2107858657836914 -0.4247760772705078 0.046866416931152344 0.11321640014648438 -0.4264054298400879 -0.09287548065185547 0.12933123111724854 -0.40285301208496094 -0.05815601348876953 0.3460303544998169 -0.42105627059936523 0.06439495086669922 0.3311951160430908 -0.42197465896606445 0.046866416931152344 0.11321640014648438 -0.4264054298400879 0.06439495086669922 0.3311951160430908 -0.42197465896606445 0.1942768096923828 0.29002201557159424 -0.366060733795166 0.16961288452148438 0.0846625566482544 -0.4082908630371094 0.046866416931152344 0.11321640014648438 -0.4264054298400879 0.16961288452148438 0.0846625566482544 -0.4082908630371094 0.15093708038330078 -0.08804678916931152 -0.41002368927001953 0.0048084259033203125 -0.0852208137512207 -0.41503238677978516 0.06439495086669922 0.3311951160430908 -0.42197465896606445 -0.05815601348876953 0.3460303544998169 -0.42105627059936523 -0.06393909454345703 0.512671709060669 -0.34157609939575195 0.06493663787841797 0.5151629447937012 -0.3656654357910156 0.06439495086669922 0.3311951160430908 -0.42197465896606445 0.06493663787841797 0.5151629447937012 -0.3656654357910156 0.18484115600585938 0.5098042488098145 -0.3290424346923828 0.1942768096923828 0.29002201557159424 -0.366060733795166 0.18484115600585938 0.5098042488098145 -0.3290424346923828 0.06493663787841797 0.5151629447937012 -0.3656654357910156 0.03956890106201172 0.6541498899459839 -0.3009214401245117 0.15265464782714844 0.6579729318618774 -0.2904648780822754 0.18484115600585938 0.5098042488098145 -0.3290424346923828 0.15265464782714844 0.6579729318618774 -0.2904648780822754 0.23252201080322266 0.6546787023544312 -0.2329730987548828 0.26171016693115234 0.5130014419555664 -0.25110626220703125 0.18484115600585938 0.5098042488098145 -0.3290424346923828 0.26171016693115234 0.5130014419555664 -0.25110626220703125 0.2905263900756836 0.34742271900177 -0.27051544189453125 0.1942768096923828 0.29002201557159424 -0.366060733795166 0.26171016693115234 0.5130014419555664 -0.25110626220703125 0.23252201080322266 0.6546787023544312 -0.2329730987548828 0.27645015716552734 0.6552006006240845 -0.1575617790222168 0.3036060333251953 0.5263139009475708 -0.16935253143310547 0.26171016693115234 0.5130014419555664 -0.25110626220703125 0.3036060333251953 0.5263139009475708 -0.16935253143310547 0.3292217254638672 0.38883697986602783 -0.19292831420898438 0.2905263900756836 0.34742271900177 -0.27051544189453125 0.3292217254638672 0.38883697986602783 -0.19292831420898438 0.3036060333251953 0.5263139009475708 -0.16935253143310547 0.3143634796142578 0.5397608280181885 -0.08485746383666992 0.3402986526489258 0.4135284423828125 -0.10317802429199219 0.3292217254638672 0.38883697986602783 -0.19292831420898438 0.3402986526489258 0.4135284423828125 -0.10317802429199219 0.37219715118408203 0.2987086772918701 -0.14225244522094727 0.3577737808227539 0.2631012201309204 -0.23639917373657227 0.3292217254638672 0.38883697986602783 -0.19292831420898438 0.3577737808227539 0.2631012201309204 -0.23639917373657227 0.30704212188720703 0.21020030975341797 -0.3037562370300293 0.2905263900756836 0.34742271900177 -0.27051544189453125 0.3577737808227539 0.2631012201309204 -0.23639917373657227 0.37219715118408203 0.2987086772918701 -0.14225244522094727 0.4044466018676758 0.21687495708465576 -0.21020793914794922 0.3664731979370117 0.17450344562530518 -0.30129194259643555 0.3577737808227539 0.2631012201309204 -0.23639917373657227 0.3664731979370117 0.17450344562530518 -0.30129194259643555 0.3446369171142578 0.09610295295715332 -0.319976806640625 0.30704212188720703 0.21020030975341797 -0.3037562370300293 0.37219715118408203 0.2987086772918701 -0.14225244522094727 0.3402986526489258 0.4135284423828125 -0.10317802429199219 0.32175445556640625 0.42076802253723145 -6.198883056640625E-06 0.3677864074707031 0.3000706434249878 -0.02085590362548828 0.37219715118408203 0.2987086772918701 -0.14225244522094727 0.3677864074707031 0.3000706434249878 -0.02085590362548828 0.42757225036621094 0.21070647239685059 -0.09798622131347656 0.4044466018676758 0.21687495708465576 -0.21020793914794922 0.3677864074707031 0.3000706434249878 -0.02085590362548828 0.32175445556640625 0.42076802253723145 -6.198883056640625E-06 0.26383495330810547 0.41063952445983887 0.10923385620117188 0.3192920684814453 0.2583343982696533 0.14274978637695312 0.3677864074707031 0.3000706434249878 -0.02085590362548828 0.3192920684814453 0.2583343982696533 0.14274978637695312 0.42975807189941406 0.15971589088439941 0.04155111312866211 0.42757225036621094 0.21070647239685059 -0.09798622131347656 0.32175445556640625 0.42076802253723145 -6.198883056640625E-06 0.3402986526489258 0.4135284423828125 -0.10317802429199219 0.3143634796142578 0.5397608280181885 -0.08485746383666992 0.28574562072753906 0.5447388887405396 -0.000568389892578125 0.32175445556640625 0.42076802253723145 -6.198883056640625E-06 0.28574562072753906 0.5447388887405396 -0.000568389892578125 0.2196187973022461 0.5390089750289917 0.07845163345336914 0.26383495330810547 0.41063952445983887 0.10923385620117188 0.28574562072753906 0.5447388887405396 -0.000568389892578125 0.3143634796142578 0.5397608280181885 -0.08485746383666992 0.285858154296875 0.6609083414077759 -0.08066463470458984 0.25537872314453125 0.6648324728012085 -0.009280204772949219 0.28574562072753906 0.5447388887405396 -0.000568389892578125 0.25537872314453125 0.6648324728012085 -0.009280204772949219 0.17694950103759766 0.6575537919998169 0.04736661911010742 0.2196187973022461 0.5390089750289917 0.07845163345336914 0.25537872314453125 0.6648324728012085 -0.009280204772949219 0.285858154296875 0.6609083414077759 -0.08066463470458984 0.25089550018310547 0.7706211805343628 -0.08362388610839844 0.2244701385498047 0.7756215333938599 -0.021569252014160156 0.25537872314453125 0.6648324728012085 -0.009280204772949219 0.2244701385498047 0.7756215333938599 -0.021569252014160156 0.15607547760009766 0.7772995233535767 0.024782180786132812 0.17694950103759766 0.6575537919998169 0.04736661911010742 0.2244701385498047 0.7756215333938599 -0.021569252014160156 0.25089550018310547 0.7706211805343628 -0.08362388610839844 0.19144821166992188 0.8745583295822144 -0.09337854385375977 0.16629695892333984 0.8766344785690308 -0.041391849517822266 0.2244701385498047 0.7756215333938599 -0.021569252014160156 0.16629695892333984 0.8766344785690308 -0.041391849517822266 0.09971904754638672 0.8766497373580933 -0.011204719543457031 0.15607547760009766 0.7772995233535767 0.024782180786132812 0.09971904754638672 0.8766497373580933 -0.011204719543457031 0.16629695892333984 0.8766344785690308 -0.041391849517822266 0.11172008514404297 0.9753848314285278 -0.09532356262207031 0.06625556945800781 0.9787763357162476 -0.07242822647094727 0.09971904754638672 0.8766497373580933 -0.011204719543457031 0.06625556945800781 0.9787763357162476 -0.07242822647094727 0.010565757751464844 0.9790052175521851 -0.07117509841918945 0.0140228271484375 0.8674081563949585 -0.010857582092285156 0.09971904754638672 0.8766497373580933 -0.011204719543457031 0.0140228271484375 0.8674081563949585 -0.010857582092285156 0.032958030700683594 0.7495418787002563 0.030618667602539062 0.15607547760009766 0.7772995233535767 0.024782180786132812 0.0140228271484375 0.8674081563949585 -0.010857582092285156 0.010565757751464844 0.9790052175521851 -0.07117509841918945 -0.03656291961669922 0.9790905714035034 -0.0918731689453125 -0.06104469299316406 0.8617686033248901 -0.03966331481933594 0.0140228271484375 0.8674081563949585 -0.010857582092285156 -0.06104469299316406 0.8617686033248901 -0.03966331481933594 -0.08253288269042969 0.7291311025619507 0.000812530517578125 0.032958030700683594 0.7495418787002563 0.030618667602539062 -0.06104469299316406 0.8617686033248901 -0.03966331481933594 -0.03656291961669922 0.9790905714035034 -0.0918731689453125 -0.05965995788574219 0.9802197217941284 -0.1289973258972168 -0.09638118743896484 0.8666149377822876 -0.08939695358276367 -0.06104469299316406 0.8617686033248901 -0.03966331481933594 -0.09638118743896484 0.8666149377822876 -0.08939695358276367 -0.1358022689819336 0.7338773012161255 -0.05254983901977539 -0.08253288269042969 0.7291311025619507 0.000812530517578125 -0.09638118743896484 0.8666149377822876 -0.08939695358276367 -0.05965995788574219 0.9802197217941284 -0.1289973258972168 -0.05620861053466797 0.9816828966140747 -0.17168521881103516 -0.08876514434814453 0.8730751276016235 -0.15112638473510742 -0.09638118743896484 0.8666149377822876 -0.08939695358276367 -0.08876514434814453 0.8730751276016235 -0.15112638473510742 -0.13387489318847656 0.7410110235214233 -0.15161752700805664 -0.1358022689819336 0.7338773012161255 -0.05254983901977539 -0.08876514434814453 0.8730751276016235 -0.15112638473510742 -0.05620861053466797 0.9816828966140747 -0.17168521881103516 -0.029619216918945312 0.9814680814743042 -0.20742368698120117 -0.04639911651611328 0.8808096647262573 -0.19960260391235352 -0.08876514434814453 0.8730751276016235 -0.15112638473510742 -0.04639911651611328 0.8808096647262573 -0.19960260391235352 -0.06811904907226562 0.7635623216629028 -0.21909141540527344 -0.13387489318847656 0.7410110235214233 -0.15161752700805664 -0.04639911651611328 0.8808096647262573 -0.19960260391235352 -0.029619216918945312 0.9814680814743042 -0.20742368698120117 0.010863304138183594 0.9797521829605103 -0.22727251052856445 0.014517784118652344 0.8840509653091431 -0.2246999740600586 -0.04639911651611328 0.8808096647262573 -0.19960260391235352 0.014517784118652344 0.8840509653091431 -0.2246999740600586 0.02211475372314453 0.7740198373794556 -0.25074338912963867 -0.06811904907226562 0.7635623216629028 -0.21909141540527344 0.02211475372314453 0.7740198373794556 -0.25074338912963867 0.014517784118652344 0.8840509653091431 -0.2246999740600586 0.0795602798461914 0.8832422494888306 -0.22330808639526367 0.11212444305419922 0.7762306928634644 -0.24765682220458984 0.02211475372314453 0.7740198373794556 -0.25074338912963867 0.11212444305419922 0.7762306928634644 -0.24765682220458984 0.15265464782714844 0.6579729318618774 -0.2904648780822754 0.03956890106201172 0.6541498899459839 -0.3009214401245117 0.02211475372314453 0.7740198373794556 -0.25074338912963867 0.03956890106201172 0.6541498899459839 -0.3009214401245117 -0.08304119110107422 0.6379047632217407 -0.2577376365661621 -0.06811904907226562 0.7635623216629028 -0.21909141540527344 0.11212444305419922 0.7762306928634644 -0.24765682220458984 0.0795602798461914 0.8832422494888306 -0.22330808639526367 0.1378183364868164 0.8794666528701782 -0.19660043716430664 0.19030284881591797 0.7736483812332153 -0.2122960090637207 0.11212444305419922 0.7762306928634644 -0.24765682220458984 0.19030284881591797 0.7736483812332153 -0.2122960090637207 0.23252201080322266 0.6546787023544312 -0.2329730987548828 0.15265464782714844 0.6579729318618774 -0.2904648780822754 0.19030284881591797 0.7736483812332153 -0.2122960090637207 0.1378183364868164 0.8794666528701782 -0.19660043716430664 0.17852115631103516 0.8756955862045288 -0.14975452423095703 0.24143505096435547 0.7694965600967407 -0.15165042877197266 0.19030284881591797 0.7736483812332153 -0.2122960090637207 0.24143505096435547 0.7694965600967407 -0.15165042877197266 0.27645015716552734 0.6552006006240845 -0.1575617790222168 0.23252201080322266 0.6546787023544312 -0.2329730987548828 0.24143505096435547 0.7694965600967407 -0.15165042877197266 0.17852115631103516 0.8756955862045288 -0.14975452423095703 0.19144821166992188 0.8745583295822144 -0.09337854385375977 0.25089550018310547 0.7706211805343628 -0.08362388610839844 0.24143505096435547 0.7694965600967407 -0.15165042877197266 0.25089550018310547 0.7706211805343628 -0.08362388610839844 0.285858154296875 0.6609083414077759 -0.08066463470458984 0.27645015716552734 0.6552006006240845 -0.1575617790222168 0.17852115631103516 0.8756955862045288 -0.14975452423095703 0.1378183364868164 0.8794666528701782 -0.19660043716430664 0.09759521484375 0.9722281694412231 -0.20903873443603516 0.1258392333984375 0.9702161550521851 -0.1748523712158203 0.17852115631103516 0.8756955862045288 -0.14975452423095703 0.1258392333984375 0.9702161550521851 -0.1748523712158203 0.13247966766357422 0.9715195894241333 -0.13315486907958984 0.19144821166992188 0.8745583295822144 -0.09337854385375977 0.13247966766357422 0.9715195894241333 -0.13315486907958984 0.1258392333984375 0.9702161550521851 -0.1748523712158203 0.08381271362304688 1.0497232675552368 -0.2183365821838379 0.08796882629394531 1.0529924631118774 -0.18858051300048828 0.13247966766357422 0.9715195894241333 -0.13315486907958984 0.08796882629394531 1.0529924631118774 -0.18858051300048828 0.07465648651123047 1.0589803457260132 -0.1606731414794922 0.11172008514404297 0.9753848314285278 -0.09532356262207031 0.13247966766357422 0.9715195894241333 -0.13315486907958984 0.11172008514404297 0.9753848314285278 -0.09532356262207031 0.16629695892333984 0.8766344785690308 -0.041391849517822266 0.19144821166992188 0.8745583295822144 -0.09337854385375977 0.07465648651123047 1.0589803457260132 -0.1606731414794922 0.08796882629394531 1.0529924631118774 -0.18858051300048828 0.04305458068847656 1.1260181665420532 -0.23988008499145508 0.03415489196777344 1.1332703828811646 -0.2187652587890625 0.07465648651123047 1.0589803457260132 -0.1606731414794922 0.03415489196777344 1.1332703828811646 -0.2187652587890625 0.016916275024414062 1.1388920545578003 -0.20521163940429688 0.04613304138183594 1.0645557641983032 -0.1428980827331543 0.07465648651123047 1.0589803457260132 -0.1606731414794922 0.04613304138183594 1.0645557641983032 -0.1428980827331543 0.06625556945800781 0.9787763357162476 -0.07242822647094727 0.11172008514404297 0.9753848314285278 -0.09532356262207031 0.04613304138183594 1.0645557641983032 -0.1428980827331543 0.016916275024414062 1.1388920545578003 -0.20521163940429688 -0.003238677978515625 1.1399325132369995 -0.20363092422485352 0.011597633361816406 1.0672820806503296 -0.14074993133544922 0.04613304138183594 1.0645557641983032 -0.1428980827331543 0.011597633361816406 1.0672820806503296 -0.14074993133544922 0.010565757751464844 0.9790052175521851 -0.07117509841918945 0.06625556945800781 0.9787763357162476 -0.07242822647094727 0.011597633361816406 1.0672820806503296 -0.14074993133544922 -0.003238677978515625 1.1399325132369995 -0.20363092422485352 -0.020153045654296875 1.1371208429336548 -0.21392536163330078 -0.018053054809570312 1.0672944784164429 -0.15477895736694336 0.011597633361816406 1.0672820806503296 -0.14074993133544922 -0.018053054809570312 1.0672944784164429 -0.15477895736694336 -0.03656291961669922 0.9790905714035034 -0.0918731689453125 0.010565757751464844 0.9790052175521851 -0.07117509841918945 -0.018053054809570312 1.0672944784164429 -0.15477895736694336 -0.020153045654296875 1.1371208429336548 -0.21392536163330078 -0.02948760986328125 1.1326888799667358 -0.23251724243164062 -0.03418731689453125 1.0660837888717651 -0.18038320541381836 -0.018053054809570312 1.0672944784164429 -0.15477895736694336 -0.03418731689453125 1.0660837888717651 -0.18038320541381836 -0.05965995788574219 0.9802197217941284 -0.1289973258972168 -0.03656291961669922 0.9790905714035034 -0.0918731689453125 -0.03418731689453125 1.0660837888717651 -0.18038320541381836 -0.02948760986328125 1.1326888799667358 -0.23251724243164062 -0.029740333557128906 1.1283124685287476 -0.2542390823364258 -0.033995628356933594 1.0641182661056519 -0.21028804779052734 -0.03418731689453125 1.0660837888717651 -0.18038320541381836 -0.033995628356933594 1.0641182661056519 -0.21028804779052734 -0.05620861053466797 0.9816828966140747 -0.17168521881103516 -0.05965995788574219 0.9802197217941284 -0.1289973258972168 -0.033995628356933594 1.0641182661056519 -0.21028804779052734 -0.029740333557128906 1.1283124685287476 -0.2542390823364258 -0.021523475646972656 1.124745488166809 -0.273618221282959 -0.018932342529296875 1.0613192319869995 -0.23636674880981445 -0.033995628356933594 1.0641182661056519 -0.21028804779052734 -0.018932342529296875 1.0613192319869995 -0.23636674880981445 -0.029619216918945312 0.9814680814743042 -0.20742368698120117 -0.05620861053466797 0.9816828966140747 -0.17168521881103516 -0.018932342529296875 1.0613192319869995 -0.23636674880981445 -0.021523475646972656 1.124745488166809 -0.273618221282959 -0.006527900695800781 1.1216801404953003 -0.28600311279296875 0.00665283203125 1.057512879371643 -0.2522430419921875 -0.018932342529296875 1.0613192319869995 -0.23636674880981445 0.00665283203125 1.057512879371643 -0.2522430419921875 0.010863304138183594 0.9797521829605103 -0.22727251052856445 -0.029619216918945312 0.9814680814743042 -0.20742368698120117 0.00665283203125 1.057512879371643 -0.2522430419921875 -0.006527900695800781 1.1216801404953003 -0.28600311279296875 0.011993408203125 1.1193269491195679 -0.28826332092285156 0.03684425354003906 1.053266167640686 -0.2543344497680664 0.00665283203125 1.057512879371643 -0.2522430419921875 0.03684425354003906 1.053266167640686 -0.2543344497680664 0.05629444122314453 0.9761143922805786 -0.2277822494506836 0.010863304138183594 0.9797521829605103 -0.22727251052856445 0.05629444122314453 0.9761143922805786 -0.2277822494506836 0.03684425354003906 1.053266167640686 -0.2543344497680664 0.06485843658447266 1.050099492073059 -0.24213933944702148 0.09759521484375 0.9722281694412231 -0.20903873443603516 0.05629444122314453 0.9761143922805786 -0.2277822494506836 0.09759521484375 0.9722281694412231 -0.20903873443603516 0.1378183364868164 0.8794666528701782 -0.19660043716430664 0.0795602798461914 0.8832422494888306 -0.22330808639526367 0.05629444122314453 0.9761143922805786 -0.2277822494506836 0.0795602798461914 0.8832422494888306 -0.22330808639526367 0.014517784118652344 0.8840509653091431 -0.2246999740600586 0.010863304138183594 0.9797521829605103 -0.22727251052856445 0.06485843658447266 1.050099492073059 -0.24213933944702148 0.03684425354003906 1.053266167640686 -0.2543344497680664 0.011993408203125 1.1193269491195679 -0.28826332092285156 0.029503822326660156 1.1186059713363647 -0.2796792984008789 0.06485843658447266 1.050099492073059 -0.24213933944702148 0.029503822326660156 1.1186059713363647 -0.2796792984008789 0.041100502014160156 1.1207140684127808 -0.262143611907959 0.08381271362304688 1.0497232675552368 -0.2183365821838379 0.06485843658447266 1.050099492073059 -0.24213933944702148 0.08381271362304688 1.0497232675552368 -0.2183365821838379 0.1258392333984375 0.9702161550521851 -0.1748523712158203 0.09759521484375 0.9722281694412231 -0.20903873443603516 0.041100502014160156 1.1207140684127808 -0.262143611907959 0.029503822326660156 1.1186059713363647 -0.2796792984008789 -0.011601448059082031 1.1836992502212524 -0.30896902084350586 -0.00481414794921875 1.1879810094833374 -0.29457616806030273 0.041100502014160156 1.1207140684127808 -0.262143611907959 -0.00481414794921875 1.1879810094833374 -0.29457616806030273 -0.004185676574707031 1.1948031187057495 -0.276761531829834 0.04305458068847656 1.1260181665420532 -0.23988008499145508 0.041100502014160156 1.1207140684127808 -0.262143611907959 0.04305458068847656 1.1260181665420532 -0.23988008499145508 0.08796882629394531 1.0529924631118774 -0.18858051300048828 0.08381271362304688 1.0497232675552368 -0.2183365821838379 -0.004185676574707031 1.1948031187057495 -0.276761531829834 -0.00481414794921875 1.1879810094833374 -0.29457616806030273 -0.04920482635498047 1.2518452405929565 -0.30904245376586914 -0.04746055603027344 1.2571076154708862 -0.2949533462524414 -0.004185676574707031 1.1948031187057495 -0.276761531829834 -0.04746055603027344 1.2571076154708862 -0.2949533462524414 -0.05220508575439453 1.26948082447052 -0.2808494567871094 -0.010563850402832031 1.2039061784744263 -0.25975751876831055 -0.004185676574707031 1.1948031187057495 -0.276761531829834 -0.010563850402832031 1.2039061784744263 -0.25975751876831055 0.03415489196777344 1.1332703828811646 -0.2187652587890625 0.04305458068847656 1.1260181665420532 -0.23988008499145508 -0.010563850402832031 1.2039061784744263 -0.25975751876831055 -0.05220508575439453 1.26948082447052 -0.2808494567871094 -0.05945301055908203 1.2775565385818481 -0.2717747688293457 -0.02141284942626953 1.2097176313400269 -0.24909353256225586 -0.010563850402832031 1.2039061784744263 -0.25975751876831055 -0.02141284942626953 1.2097176313400269 -0.24909353256225586 0.016916275024414062 1.1388920545578003 -0.20521163940429688 0.03415489196777344 1.1332703828811646 -0.2187652587890625 -0.02141284942626953 1.2097176313400269 -0.24909353256225586 -0.05945301055908203 1.2775565385818481 -0.2717747688293457 -0.06859683990478516 1.273187518119812 -0.27351999282836914 -0.033412933349609375 1.2076858282089233 -0.2490839958190918 -0.02141284942626953 1.2097176313400269 -0.24909353256225586 -0.033412933349609375 1.2076858282089233 -0.2490839958190918 -0.003238677978515625 1.1399325132369995 -0.20363092422485352 0.016916275024414062 1.1388920545578003 -0.20521163940429688 -0.033412933349609375 1.2076858282089233 -0.2490839958190918 -0.06859683990478516 1.273187518119812 -0.27351999282836914 -0.07469558715820312 1.2589768171310425 -0.2848973274230957 -0.042237281799316406 1.1996337175369263 -0.2589282989501953 -0.033412933349609375 1.2076858282089233 -0.2490839958190918 -0.042237281799316406 1.1996337175369263 -0.2589282989501953 -0.020153045654296875 1.1371208429336548 -0.21392536163330078 -0.003238677978515625 1.1399325132369995 -0.20363092422485352 -0.042237281799316406 1.1996337175369263 -0.2589282989501953 -0.07469558715820312 1.2589768171310425 -0.2848973274230957 -0.0745859146118164 1.2425862550735474 -0.30051183700561523 -0.04567146301269531 1.1900988817214966 -0.27468061447143555 -0.042237281799316406 1.1996337175369263 -0.2589282989501953 -0.04567146301269531 1.1900988817214966 -0.27468061447143555 -0.02948760986328125 1.1326888799667358 -0.23251724243164062 -0.020153045654296875 1.1371208429336548 -0.21392536163330078 -0.04567146301269531 1.1900988817214966 -0.27468061447143555 -0.0745859146118164 1.2425862550735474 -0.30051183700561523 -0.07098579406738281 1.231179118156433 -0.314974308013916 -0.04436302185058594 1.1828831434249878 -0.29184675216674805 -0.04567146301269531 1.1900988817214966 -0.27468061447143555 -0.04436302185058594 1.1828831434249878 -0.29184675216674805 -0.029740333557128906 1.1283124685287476 -0.2542390823364258 -0.02948760986328125 1.1326888799667358 -0.23251724243164062 -0.04436302185058594 1.1828831434249878 -0.29184675216674805 -0.07098579406738281 1.231179118156433 -0.314974308013916 -0.0703744888305664 1.232293963432312 -0.3254375457763672 -0.040083885192871094 1.1802376508712769 -0.30652523040771484 -0.04436302185058594 1.1828831434249878 -0.29184675216674805 -0.040083885192871094 1.1802376508712769 -0.30652523040771484 -0.021523475646972656 1.124745488166809 -0.273618221282959 -0.029740333557128906 1.1283124685287476 -0.2542390823364258 -0.040083885192871094 1.1802376508712769 -0.30652523040771484 -0.0703744888305664 1.232293963432312 -0.3254375457763672 -0.06803607940673828 1.2376962900161743 -0.33101558685302734 -0.0323333740234375 1.1801501512527466 -0.3156251907348633 -0.040083885192871094 1.1802376508712769 -0.30652523040771484 -0.0323333740234375 1.1801501512527466 -0.3156251907348633 -0.006527900695800781 1.1216801404953003 -0.28600311279296875 -0.021523475646972656 1.124745488166809 -0.273618221282959 -0.0323333740234375 1.1801501512527466 -0.3156251907348633 -0.06803607940673828 1.2376962900161743 -0.33101558685302734 -0.062389373779296875 1.243573784828186 -0.3296380043029785 -0.021963119506835938 1.1813901662826538 -0.31658029556274414 -0.0323333740234375 1.1801501512527466 -0.3156251907348633 -0.021963119506835938 1.1813901662826538 -0.31658029556274414 0.011993408203125 1.1193269491195679 -0.28826332092285156 -0.006527900695800781 1.1216801404953003 -0.28600311279296875 -0.021963119506835938 1.1813901662826538 -0.31658029556274414 -0.062389373779296875 1.243573784828186 -0.3296380043029785 -0.05496788024902344 1.2478855848312378 -0.321563720703125 -0.011601448059082031 1.1836992502212524 -0.30896902084350586 -0.021963119506835938 1.1813901662826538 -0.31658029556274414 -0.011601448059082031 1.1836992502212524 -0.30896902084350586 0.029503822326660156 1.1186059713363647 -0.2796792984008789 0.011993408203125 1.1193269491195679 -0.28826332092285156 -0.05496788024902344 1.2478855848312378 -0.321563720703125 -0.062389373779296875 1.243573784828186 -0.3296380043029785 -0.09896087646484375 1.3053838014602661 -0.32511329650878906 -0.0900106430053711 1.3089250326156616 -0.3166074752807617 -0.05496788024902344 1.2478855848312378 -0.321563720703125 -0.0900106430053711 1.3089250326156616 -0.3166074752807617 -0.08131217956542969 1.3072510957717896 -0.3063015937805176 -0.04920482635498047 1.2518452405929565 -0.30904245376586914 -0.05496788024902344 1.2478855848312378 -0.321563720703125 -0.04920482635498047 1.2518452405929565 -0.30904245376586914 -0.00481414794921875 1.1879810094833374 -0.29457616806030273 -0.011601448059082031 1.1836992502212524 -0.30896902084350586 -0.0900106430053711 1.3089250326156616 -0.3166074752807617 -0.09896087646484375 1.3053838014602661 -0.32511329650878906 -0.1170949935913086 1.3594366312026978 -0.30884313583374023 -0.10482025146484375 1.3600038290023804 -0.30089426040649414 -0.0900106430053711 1.3089250326156616 -0.3166074752807617 -0.10482025146484375 1.3600038290023804 -0.30089426040649414 -0.09340095520019531 1.348922848701477 -0.29274749755859375 -0.08131217956542969 1.3072510957717896 -0.3063015937805176 -0.10482025146484375 1.3600038290023804 -0.30089426040649414 -0.1170949935913086 1.3594366312026978 -0.30884313583374023 -0.11425495147705078 1.3909984827041626 -0.29346656799316406 -0.10246658325195312 1.3920985460281372 -0.28591394424438477 -0.10482025146484375 1.3600038290023804 -0.30089426040649414 -0.10246658325195312 1.3920985460281372 -0.28591394424438477 -0.09476375579833984 1.3746312856674194 -0.2803926467895508 -0.09340095520019531 1.348922848701477 -0.29274749755859375 -0.09476375579833984 1.3746312856674194 -0.2803926467895508 -0.10246658325195312 1.3920985460281372 -0.28591394424438477 -0.10538196563720703 1.3969937562942505 -0.2818269729614258 -0.10362815856933594 1.3762630224227905 -0.28003931045532227 -0.09476375579833984 1.3746312856674194 -0.2803926467895508 -0.10362815856933594 1.3762630224227905 -0.28003931045532227 -0.09443092346191406 1.3326627016067505 -0.2800788879394531 -0.08464241027832031 1.336046814918518 -0.2779703140258789 -0.09476375579833984 1.3746312856674194 -0.2803926467895508 -0.08464241027832031 1.336046814918518 -0.2779703140258789 -0.08004093170166016 1.3212898969650269 -0.2873044013977051 -0.09340095520019531 1.348922848701477 -0.29274749755859375 -0.08464241027832031 1.336046814918518 -0.2779703140258789 -0.09443092346191406 1.3326627016067505 -0.2800788879394531 -0.06859683990478516 1.273187518119812 -0.27351999282836914 -0.05945301055908203 1.2775565385818481 -0.2717747688293457 -0.08464241027832031 1.336046814918518 -0.2779703140258789 -0.05945301055908203 1.2775565385818481 -0.2717747688293457 -0.05220508575439453 1.26948082447052 -0.2808494567871094 -0.08004093170166016 1.3212898969650269 -0.2873044013977051 -0.09443092346191406 1.3326627016067505 -0.2800788879394531 -0.10362815856933594 1.3762630224227905 -0.28003931045532227 -0.1179037094116211 1.3559802770614624 -0.29360151290893555 -0.10355854034423828 1.3134161233901978 -0.293365478515625 -0.09443092346191406 1.3326627016067505 -0.2800788879394531 -0.10355854034423828 1.3134161233901978 -0.293365478515625 -0.07469558715820312 1.2589768171310425 -0.2848973274230957 -0.06859683990478516 1.273187518119812 -0.27351999282836914 -0.10355854034423828 1.3134161233901978 -0.293365478515625 -0.1179037094116211 1.3559802770614624 -0.29360151290893555 -0.11929893493652344 1.3217118978500366 -0.31290674209594727 -0.10302257537841797 1.2883859872817993 -0.3103160858154297 -0.10355854034423828 1.3134161233901978 -0.293365478515625 -0.10302257537841797 1.2883859872817993 -0.3103160858154297 -0.0745859146118164 1.2425862550735474 -0.30051183700561523 -0.07469558715820312 1.2589768171310425 -0.2848973274230957 -0.1179037094116211 1.3559802770614624 -0.29360151290893555 -0.10362815856933594 1.3762630224227905 -0.28003931045532227 -0.10538196563720703 1.3969937562942505 -0.2818269729614258 -0.1191253662109375 1.3833895921707153 -0.29303741455078125 -0.1179037094116211 1.3559802770614624 -0.29360151290893555 -0.1191253662109375 1.3833895921707153 -0.29303741455078125 -0.12341976165771484 1.3461304903030396 -0.3126492500305176 -0.11929893493652344 1.3217118978500366 -0.31290674209594727 -0.12341976165771484 1.3461304903030396 -0.3126492500305176 -0.1191253662109375 1.3833895921707153 -0.29303741455078125 -0.11425495147705078 1.3909984827041626 -0.29346656799316406 -0.1170949935913086 1.3594366312026978 -0.30884313583374023 -0.12341976165771484 1.3461304903030396 -0.3126492500305176 -0.1170949935913086 1.3594366312026978 -0.30884313583374023 -0.09896087646484375 1.3053838014602661 -0.32511329650878906 -0.10352706909179688 1.2947367429733276 -0.32871246337890625 -0.12341976165771484 1.3461304903030396 -0.3126492500305176 -0.10352706909179688 1.2947367429733276 -0.32871246337890625 -0.10134506225585938 1.2805145978927612 -0.3267650604248047 -0.11929893493652344 1.3217118978500366 -0.31290674209594727 -0.10352706909179688 1.2947367429733276 -0.32871246337890625 -0.09896087646484375 1.3053838014602661 -0.32511329650878906 -0.062389373779296875 1.243573784828186 -0.3296380043029785 -0.06803607940673828 1.2376962900161743 -0.33101558685302734 -0.10352706909179688 1.2947367429733276 -0.32871246337890625 -0.06803607940673828 1.2376962900161743 -0.33101558685302734 -0.0703744888305664 1.232293963432312 -0.3254375457763672 -0.10134506225585938 1.2805145978927612 -0.3267650604248047 0.285858154296875 0.6609083414077759 -0.08066463470458984 0.3143634796142578 0.5397608280181885 -0.08485746383666992 0.3036060333251953 0.5263139009475708 -0.16935253143310547 0.27645015716552734 0.6552006006240845 -0.1575617790222168 0.03956890106201172 0.6541498899459839 -0.3009214401245117 0.06493663787841797 0.5151629447937012 -0.3656654357910156 -0.06393909454345703 0.512671709060669 -0.34157609939575195 -0.08304119110107422 0.6379047632217407 -0.2577376365661621 -0.06393909454345703 0.512671709060669 -0.34157609939575195 -0.20055294036865234 0.4958310127258301 -0.26817941665649414 -0.1979503631591797 0.5987671613693237 -0.17065858840942383 -0.08304119110107422 0.6379047632217407 -0.2577376365661621 -0.06393909454345703 0.512671709060669 -0.34157609939575195 -0.05815601348876953 0.3460303544998169 -0.42105627059936523 -0.17495155334472656 0.3679434061050415 -0.3604917526245117 -0.20055294036865234 0.4958310127258301 -0.26817941665649414 -0.17495155334472656 0.3679434061050415 -0.3604917526245117 -0.29506874084472656 0.327492356300354 -0.26192283630371094 -0.29010677337646484 0.44121336936950684 -0.19968652725219727 -0.20055294036865234 0.4958310127258301 -0.26817941665649414 -0.17495155334472656 0.3679434061050415 -0.3604917526245117 -0.05815601348876953 0.3460303544998169 -0.42105627059936523 -0.09287548065185547 0.12933123111724854 -0.40285301208496094 -0.24149513244628906 0.16610538959503174 -0.3572540283203125 -0.17495155334472656 0.3679434061050415 -0.3604917526245117 -0.24149513244628906 0.16610538959503174 -0.3572540283203125 -0.33095836639404297 0.18098163604736328 -0.2880411148071289 -0.29506874084472656 0.327492356300354 -0.26192283630371094 -0.29010677337646484 0.44121336936950684 -0.19968652725219727 -0.34731197357177734 0.39912354946136475 -0.11868858337402344 -0.32811641693115234 0.4722771644592285 -0.003991603851318359 -0.2740812301635742 0.5208110809326172 -0.10402822494506836 -0.29010677337646484 0.44121336936950684 -0.19968652725219727 -0.2740812301635742 0.5208110809326172 -0.10402822494506836 -0.1979503631591797 0.5987671613693237 -0.17065858840942383 -0.20055294036865234 0.4958310127258301 -0.26817941665649414 -0.29010677337646484 0.44121336936950684 -0.19968652725219727 -0.29506874084472656 0.327492356300354 -0.26192283630371094 -0.36313533782958984 0.30584192276000977 -0.18694257736206055 -0.34731197357177734 0.39912354946136475 -0.11868858337402344 -0.36313533782958984 0.30584192276000977 -0.18694257736206055 -0.3905916213989258 0.2865248918533325 -0.10372638702392578 -0.3765068054199219 0.3676469326019287 -0.022794246673583984 -0.34731197357177734 0.39912354946136475 -0.11868858337402344 -0.36313533782958984 0.30584192276000977 -0.18694257736206055 -0.29506874084472656 0.327492356300354 -0.26192283630371094 -0.33095836639404297 0.18098163604736328 -0.2880411148071289 -0.3890237808227539 0.18763625621795654 -0.21071672439575195 -0.36313533782958984 0.30584192276000977 -0.18694257736206055 -0.3890237808227539 0.18763625621795654 -0.21071672439575195 -0.40943431854248047 0.18849098682403564 -0.12903976440429688 -0.3905916213989258 0.2865248918533325 -0.10372638702392578 -0.40943431854248047 0.18849098682403564 -0.12903976440429688 -0.3912487030029297 0.1815706491470337 -0.03416633605957031 -0.3808870315551758 0.2669677734375 -0.008459091186523438 -0.3905916213989258 0.2865248918533325 -0.10372638702392578 -0.40943431854248047 0.18849098682403564 -0.12903976440429688 -0.3890237808227539 0.18763625621795654 -0.21071672439575195 -0.4311542510986328 0.06388449668884277 -0.22171783447265625 -0.4477090835571289 0.08149075508117676 -0.1272273063659668 -0.40943431854248047 0.18849098682403564 -0.12903976440429688 -0.4477090835571289 0.08149075508117676 -0.1272273063659668 -0.42965126037597656 0.08645796775817871 -0.021955013275146484 -0.3912487030029297 0.1815706491470337 -0.03416633605957031 -0.42965126037597656 0.08645796775817871 -0.021955013275146484 -0.37765026092529297 0.08075785636901855 0.1014399528503418 -0.3297414779663086 0.1703740358352661 0.0728917121887207 -0.3912487030029297 0.1815706491470337 -0.03416633605957031 -0.42965126037597656 0.08645796775817871 -0.021955013275146484 -0.4477090835571289 0.08149075508117676 -0.1272273063659668 -0.4980344772338867 -0.025856494903564453 -0.1098484992980957 -0.4855318069458008 -0.015069365501403809 0.005512237548828125 -0.42965126037597656 0.08645796775817871 -0.021955013275146484 -0.4855318069458008 -0.015069365501403809 0.005512237548828125 -0.45236682891845703 -0.024903416633605957 0.13715839385986328 -0.37765026092529297 0.08075785636901855 0.1014399528503418 -0.3297414779663086 0.1703740358352661 0.0728917121887207 -0.20339679718017578 0.16638696193695068 0.1555337905883789 -0.25223636627197266 0.2522714138031006 0.1443495750427246 -0.33616161346435547 0.2523714303970337 0.08318948745727539 -0.3297414779663086 0.1703740358352661 0.0728917121887207 -0.33616161346435547 0.2523714303970337 0.08318948745727539 -0.3808870315551758 0.2669677734375 -0.008459091186523438 -0.3912487030029297 0.1815706491470337 -0.03416633605957031 -0.3297414779663086 0.1703740358352661 0.0728917121887207 -0.37765026092529297 0.08075785636901855 0.1014399528503418 -0.2882194519042969 0.07931101322174072 0.2379150390625 -0.20339679718017578 0.16638696193695068 0.1555337905883789 -0.2882194519042969 0.07931101322174072 0.2379150390625 -0.19072818756103516 0.09843695163726807 0.3499164581298828 -0.1287384033203125 0.20248925685882568 0.24873924255371094 -0.20339679718017578 0.16638696193695068 0.1555337905883789 -0.2882194519042969 0.07931101322174072 0.2379150390625 -0.37765026092529297 0.08075785636901855 0.1014399528503418 -0.45236682891845703 -0.024903416633605957 0.13715839385986328 -0.37390899658203125 -0.045279622077941895 0.2984895706176758 -0.2882194519042969 0.07931101322174072 0.2379150390625 -0.37390899658203125 -0.045279622077941895 0.2984895706176758 -0.2696075439453125 -0.038791775703430176 0.43386363983154297 -0.19072818756103516 0.09843695163726807 0.3499164581298828 -0.2696075439453125 -0.038791775703430176 0.43386363983154297 -0.17302703857421875 -0.025075912475585938 0.5078191757202148 -0.11040115356445312 0.11976468563079834 0.4101524353027344 -0.19072818756103516 0.09843695163726807 0.3499164581298828 -0.2696075439453125 -0.038791775703430176 0.43386363983154297 -0.37390899658203125 -0.045279622077941895 0.2984895706176758 -0.40671634674072266 -0.15442681312561035 0.3383784294128418 -0.2880430221557617 -0.1574622392654419 0.4743366241455078 -0.2696075439453125 -0.038791775703430176 0.43386363983154297 -0.2880430221557617 -0.1574622392654419 0.4743366241455078 -0.1767435073852539 -0.1434018611907959 0.5673675537109375 -0.17302703857421875 -0.025075912475585938 0.5078191757202148 -0.1767435073852539 -0.1434018611907959 0.5673675537109375 -0.06600761413574219 -0.12316584587097168 0.605499267578125 -0.08095169067382812 -0.015797138214111328 0.5328102111816406 -0.17302703857421875 -0.025075912475585938 0.5078191757202148 -0.1767435073852539 -0.1434018611907959 0.5673675537109375 -0.2880430221557617 -0.1574622392654419 0.4743366241455078 -0.28173065185546875 -0.2568168640136719 0.47346019744873047 -0.14783096313476562 -0.2525831460952759 0.5658884048461914 -0.1767435073852539 -0.1434018611907959 0.5673675537109375 -0.14783096313476562 -0.2525831460952759 0.5658884048461914 -0.0364532470703125 -0.25652265548706055 0.6024045944213867 -0.06600761413574219 -0.12316584587097168 0.605499267578125 -0.08095169067382812 -0.015797138214111328 0.5328102111816406 0.014168739318847656 -0.01610422134399414 0.5157427787780762 0.07456684112548828 0.14225125312805176 0.4257807731628418 -0.021653175354003906 0.13480770587921143 0.437009334564209 -0.08095169067382812 -0.015797138214111328 0.5328102111816406 -0.021653175354003906 0.13480770587921143 0.437009334564209 -0.11040115356445312 0.11976468563079834 0.4101524353027344 -0.17302703857421875 -0.025075912475585938 0.5078191757202148 -0.08095169067382812 -0.015797138214111328 0.5328102111816406 -0.06600761413574219 -0.12316584587097168 0.605499267578125 0.037258148193359375 -0.13757991790771484 0.5683073997497559 0.014168739318847656 -0.01610422134399414 0.5157427787780762 -0.021653175354003906 0.13480770587921143 0.437009334564209 0.07456684112548828 0.14225125312805176 0.4257807731628418 0.09708404541015625 0.2760300636291504 0.33016157150268555 0.0065212249755859375 0.2616082429885864 0.3426327705383301 -0.021653175354003906 0.13480770587921143 0.437009334564209 0.0065212249755859375 0.2616082429885864 0.3426327705383301 -0.07036209106445312 0.23588335514068604 0.3103060722351074 -0.11040115356445312 0.11976468563079834 0.4101524353027344 -0.07036209106445312 0.23588335514068604 0.3103060722351074 0.0065212249755859375 0.2616082429885864 0.3426327705383301 -0.018795013427734375 0.36206281185150146 0.256807804107666 -0.09935760498046875 0.3242831230163574 0.2287588119506836 -0.07036209106445312 0.23588335514068604 0.3103060722351074 -0.09935760498046875 0.3242831230163574 0.2287588119506836 -0.15021610260009766 0.28619182109832764 0.18082761764526367 -0.1287384033203125 0.20248925685882568 0.24873924255371094 -0.07036209106445312 0.23588335514068604 0.3103060722351074 -0.1287384033203125 0.20248925685882568 0.24873924255371094 -0.19072818756103516 0.09843695163726807 0.3499164581298828 -0.11040115356445312 0.11976468563079834 0.4101524353027344 -0.15021610260009766 0.28619182109832764 0.18082761764526367 -0.09935760498046875 0.3242831230163574 0.2287588119506836 -0.19450855255126953 0.37788188457489014 0.22560691833496094 -0.24954700469970703 0.3416541814804077 0.21824407577514648 -0.15021610260009766 0.28619182109832764 0.18082761764526367 -0.24954700469970703 0.3416541814804077 0.21824407577514648 -0.3064308166503906 0.3266632556915283 0.19534540176391602 -0.25223636627197266 0.2522714138031006 0.1443495750427246 -0.15021610260009766 0.28619182109832764 0.18082761764526367 -0.25223636627197266 0.2522714138031006 0.1443495750427246 -0.20339679718017578 0.16638696193695068 0.1555337905883789 -0.1287384033203125 0.20248925685882568 0.24873924255371094 -0.3064308166503906 0.3266632556915283 0.19534540176391602 -0.24954700469970703 0.3416541814804077 0.21824407577514648 -0.29200172424316406 0.41462039947509766 0.26558732986450195 -0.3344917297363281 0.4059176445007324 0.24842119216918945 -0.3064308166503906 0.3266632556915283 0.19534540176391602 -0.3344917297363281 0.4059176445007324 0.24842119216918945 -0.3632698059082031 0.4090232849121094 0.2095355987548828 -0.3530902862548828 0.329242467880249 0.1469402313232422 -0.3064308166503906 0.3266632556915283 0.19534540176391602 -0.3530902862548828 0.329242467880249 0.1469402313232422 -0.33616161346435547 0.2523714303970337 0.08318948745727539 -0.25223636627197266 0.2522714138031006 0.1443495750427246 -0.3530902862548828 0.329242467880249 0.1469402313232422 -0.3632698059082031 0.4090232849121094 0.2095355987548828 -0.37323951721191406 0.42123353481292725 0.15297365188598633 -0.3775177001953125 0.344089150428772 0.07091236114501953 -0.3530902862548828 0.329242467880249 0.1469402313232422 -0.3775177001953125 0.344089150428772 0.07091236114501953 -0.3808870315551758 0.2669677734375 -0.008459091186523438 -0.33616161346435547 0.2523714303970337 0.08318948745727539 -0.3775177001953125 0.344089150428772 0.07091236114501953 -0.37323951721191406 0.42123353481292725 0.15297365188598633 -0.36170482635498047 0.4413580894470215 0.08281135559082031 -0.3765068054199219 0.3676469326019287 -0.022794246673583984 -0.3775177001953125 0.344089150428772 0.07091236114501953 -0.3765068054199219 0.3676469326019287 -0.022794246673583984 -0.3905916213989258 0.2865248918533325 -0.10372638702392578 -0.3808870315551758 0.2669677734375 -0.008459091186523438 -0.36170482635498047 0.4413580894470215 0.08281135559082031 -0.37323951721191406 0.42123353481292725 0.15297365188598633 -0.37003421783447266 0.5000379085540771 0.1924457550048828 -0.3503599166870117 0.5129151344299316 0.1532454490661621 -0.36170482635498047 0.4413580894470215 0.08281135559082031 -0.3503599166870117 0.5129151344299316 0.1532454490661621 -0.31072044372558594 0.5323306322097778 0.10722923278808594 -0.32811641693115234 0.4722771644592285 -0.003991603851318359 -0.36170482635498047 0.4413580894470215 0.08281135559082031 -0.32811641693115234 0.4722771644592285 -0.003991603851318359 -0.34731197357177734 0.39912354946136475 -0.11868858337402344 -0.3765068054199219 0.3676469326019287 -0.022794246673583984 -0.31072044372558594 0.5323306322097778 0.10722923278808594 -0.3503599166870117 0.5129151344299316 0.1532454490661621 -0.33388805389404297 0.5846637487411499 0.22302484512329102 -0.2936410903930664 0.5867487192153931 0.201385498046875 -0.31072044372558594 0.5323306322097778 0.10722923278808594 -0.2936410903930664 0.5867487192153931 0.201385498046875 -0.23296356201171875 0.5882700681686401 0.14428186416625977 -0.25351524353027344 0.5659750699996948 0.03415822982788086 -0.31072044372558594 0.5323306322097778 0.10722923278808594 -0.25351524353027344 0.5659750699996948 0.03415822982788086 -0.2740812301635742 0.5208110809326172 -0.10402822494506836 -0.32811641693115234 0.4722771644592285 -0.003991603851318359 -0.3503599166870117 0.5129151344299316 0.1532454490661621 -0.37003421783447266 0.5000379085540771 0.1924457550048828 -0.35704708099365234 0.5811508893966675 0.23849773406982422 -0.33388805389404297 0.5846637487411499 0.22302484512329102 -0.35704708099365234 0.5811508893966675 0.23849773406982422 -0.36336421966552734 0.577212929725647 0.25588178634643555 -0.34685325622558594 0.6648517847061157 0.26327085494995117 -0.33889102935791016 0.664939284324646 0.2534799575805664 -0.35704708099365234 0.5811508893966675 0.23849773406982422 -0.33889102935791016 0.664939284324646 0.2534799575805664 -0.31877899169921875 0.6607447862625122 0.24746274948120117 -0.33388805389404297 0.5846637487411499 0.22302484512329102 -0.35704708099365234 0.5811508893966675 0.23849773406982422 -0.37003421783447266 0.5000379085540771 0.1924457550048828 -0.3698244094848633 0.49137890338897705 0.2312006950378418 -0.36336421966552734 0.577212929725647 0.25588178634643555 -0.3698244094848633 0.49137890338897705 0.2312006950378418 -0.3517789840698242 0.4880255460739136 0.2633495330810547 -0.3535957336425781 0.5750869512557983 0.2728109359741211 -0.36336421966552734 0.577212929725647 0.25588178634643555 -0.3698244094848633 0.49137890338897705 0.2312006950378418 -0.37003421783447266 0.5000379085540771 0.1924457550048828 -0.37323951721191406 0.42123353481292725 0.15297365188598633 -0.3632698059082031 0.4090232849121094 0.2095355987548828 -0.3698244094848633 0.49137890338897705 0.2312006950378418 -0.3632698059082031 0.4090232849121094 0.2095355987548828 -0.3344917297363281 0.4059176445007324 0.24842119216918945 -0.3517789840698242 0.4880255460739136 0.2633495330810547 -0.3535957336425781 0.5750869512557983 0.2728109359741211 -0.33080482482910156 0.576036810874939 0.2822132110595703 -0.32600879669189453 0.6646133661270142 0.2787957191467285 -0.34154415130615234 0.6651750802993774 0.27329349517822266 -0.3535957336425781 0.5750869512557983 0.2728109359741211 -0.34154415130615234 0.6651750802993774 0.27329349517822266 -0.34685325622558594 0.6648517847061157 0.26327085494995117 -0.36336421966552734 0.577212929725647 0.25588178634643555 -0.3535957336425781 0.5750869512557983 0.2728109359741211 -0.3517789840698242 0.4880255460739136 0.2633495330810547 -0.3195314407348633 0.49198663234710693 0.2788538932800293 -0.33080482482910156 0.576036810874939 0.2822132110595703 -0.3195314407348633 0.49198663234710693 0.2788538932800293 -0.2766265869140625 0.5048730373382568 0.26969242095947266 -0.2999095916748047 0.5808612108230591 0.27755069732666016 -0.33080482482910156 0.576036810874939 0.2822132110595703 -0.3195314407348633 0.49198663234710693 0.2788538932800293 -0.3517789840698242 0.4880255460739136 0.2633495330810547 -0.3344917297363281 0.4059176445007324 0.24842119216918945 -0.29200172424316406 0.41462039947509766 0.26558732986450195 -0.3195314407348633 0.49198663234710693 0.2788538932800293 -0.29200172424316406 0.41462039947509766 0.26558732986450195 -0.23927783966064453 0.4364718198776245 0.2574801445007324 -0.2766265869140625 0.5048730373382568 0.26969242095947266 -0.23927783966064453 0.4364718198776245 0.2574801445007324 -0.16697978973388672 0.4716496467590332 0.20682144165039062 -0.22563648223876953 0.5278623104095459 0.22746706008911133 -0.2766265869140625 0.5048730373382568 0.26969242095947266 -0.23927783966064453 0.4364718198776245 0.2574801445007324 -0.29200172424316406 0.41462039947509766 0.26558732986450195 -0.24954700469970703 0.3416541814804077 0.21824407577514648 -0.19450855255126953 0.37788188457489014 0.22560691833496094 -0.23927783966064453 0.4364718198776245 0.2574801445007324 -0.19450855255126953 0.37788188457489014 0.22560691833496094 -0.08776664733886719 0.43416595458984375 0.192840576171875 -0.16697978973388672 0.4716496467590332 0.20682144165039062 -0.08776664733886719 0.43416595458984375 0.192840576171875 0.016982078552246094 0.47986841201782227 0.17967510223388672 -0.06960105895996094 0.5376272201538086 0.12164020538330078 -0.16697978973388672 0.4716496467590332 0.20682144165039062 -0.08776664733886719 0.43416595458984375 0.192840576171875 -0.19450855255126953 0.37788188457489014 0.22560691833496094 -0.09935760498046875 0.3242831230163574 0.2287588119506836 -0.018795013427734375 0.36206281185150146 0.256807804107666 -0.08776664733886719 0.43416595458984375 0.192840576171875 -0.018795013427734375 0.36206281185150146 0.256807804107666 0.07499027252197266 0.39011526107788086 0.2486281394958496 0.016982078552246094 0.47986841201782227 0.17967510223388672 0.07499027252197266 0.39011526107788086 0.2486281394958496 0.17178058624267578 0.40641331672668457 0.1976761817932129 0.11955738067626953 0.5202552080154419 0.13894224166870117 0.016982078552246094 0.47986841201782227 0.17967510223388672 0.07499027252197266 0.39011526107788086 0.2486281394958496 -0.018795013427734375 0.36206281185150146 0.256807804107666 0.0065212249755859375 0.2616082429885864 0.3426327705383301 0.09708404541015625 0.2760300636291504 0.33016157150268555 0.07499027252197266 0.39011526107788086 0.2486281394958496 0.09708404541015625 0.2760300636291504 0.33016157150268555 0.1986846923828125 0.2753103971481323 0.26692962646484375 0.17178058624267578 0.40641331672668457 0.1976761817932129 -0.22563648223876953 0.5278623104095459 0.22746706008911133 -0.17356491088867188 0.564207911491394 0.14656829833984375 -0.24248695373535156 0.5952256917953491 0.21367311477661133 -0.26749229431152344 0.5887922048568726 0.2551431655883789 -0.22563648223876953 0.5278623104095459 0.22746706008911133 -0.26749229431152344 0.5887922048568726 0.2551431655883789 -0.2999095916748047 0.5808612108230591 0.27755069732666016 -0.2766265869140625 0.5048730373382568 0.26969242095947266 -0.22563648223876953 0.5278623104095459 0.22746706008911133 -0.16697978973388672 0.4716496467590332 0.20682144165039062 -0.06960105895996094 0.5376272201538086 0.12164020538330078 -0.17356491088867188 0.564207911491394 0.14656829833984375 -0.2999095916748047 0.5808612108230591 0.27755069732666016 -0.26749229431152344 0.5887922048568726 0.2551431655883789 -0.2892322540283203 0.660298228263855 0.26329612731933594 -0.3059215545654297 0.6631168127059937 0.2757101058959961 -0.2999095916748047 0.5808612108230591 0.27755069732666016 -0.3059215545654297 0.6631168127059937 0.2757101058959961 -0.32600879669189453 0.6646133661270142 0.2787957191467285 -0.33080482482910156 0.576036810874939 0.2822132110595703 -0.3059215545654297 0.6631168127059937 0.2757101058959961 -0.2892322540283203 0.660298228263855 0.26329612731933594 -0.2921257019042969 0.7342449426651001 0.24942779541015625 -0.3015127182006836 0.7370823621749878 0.25813961029052734 -0.3059215545654297 0.6631168127059937 0.2757101058959961 -0.3015127182006836 0.7370823621749878 0.25813961029052734 -0.31424999237060547 0.7428773641586304 0.25942182540893555 -0.32600879669189453 0.6646133661270142 0.2787957191467285 -0.34154415130615234 0.6651750802993774 0.27329349517822266 -0.32600879669189453 0.6646133661270142 0.2787957191467285 -0.31424999237060547 0.7428773641586304 0.25942182540893555 -0.3252429962158203 0.7444700002670288 0.2548699378967285 -0.34154415130615234 0.6651750802993774 0.27329349517822266 -0.3252429962158203 0.7444700002670288 0.2548699378967285 -0.32898426055908203 0.7408815622329712 0.24789047241210938 -0.34685325622558594 0.6648517847061157 0.26327085494995117 -0.33889102935791016 0.664939284324646 0.2534799575805664 -0.34685325622558594 0.6648517847061157 0.26327085494995117 -0.32898426055908203 0.7408815622329712 0.24789047241210938 -0.3215475082397461 0.7416428327560425 0.24031543731689453 -0.33889102935791016 0.664939284324646 0.2534799575805664 -0.3215475082397461 0.7416428327560425 0.24031543731689453 -0.3074207305908203 0.7365361452102661 0.23720121383666992 -0.31877899169921875 0.6607447862625122 0.24746274948120117 0.09708404541015625 0.2760300636291504 0.33016157150268555 0.07456684112548828 0.14225125312805176 0.4257807731628418 0.1831655502319336 0.1360030174255371 0.36907958984375 0.1986846923828125 0.2753103971481323 0.26692962646484375 0.07456684112548828 0.14225125312805176 0.4257807731628418 0.014168739318847656 -0.01610422134399414 0.5157427787780762 0.14101314544677734 -0.01612412929534912 0.4654970169067383 0.1831655502319336 0.1360030174255371 0.36907958984375 0.14101314544677734 -0.01612412929534912 0.4654970169067383 0.26702308654785156 -0.028470396995544434 0.39190196990966797 0.30063533782958984 0.11349248886108398 0.27744150161743164 0.1831655502319336 0.1360030174255371 0.36907958984375 0.14101314544677734 -0.01612412929534912 0.4654970169067383 0.014168739318847656 -0.01610422134399414 0.5157427787780762 0.037258148193359375 -0.13757991790771484 0.5683073997497559 0.1376819610595703 -0.17054033279418945 0.5245099067687988 0.14101314544677734 -0.01612412929534912 0.4654970169067383 0.1376819610595703 -0.17054033279418945 0.5245099067687988 0.25979137420654297 -0.19076848030090332 0.4638805389404297 0.26702308654785156 -0.028470396995544434 0.39190196990966797 0.26702308654785156 -0.028470396995544434 0.39190196990966797 0.3862800598144531 -0.05652213096618652 0.2997570037841797 0.41775035858154297 0.06241130828857422 0.17317533493041992 0.30063533782958984 0.11349248886108398 0.27744150161743164 0.26702308654785156 -0.028470396995544434 0.39190196990966797 0.25979137420654297 -0.19076848030090332 0.4638805389404297 0.37436962127685547 -0.22152674198150635 0.3725600242614746 0.3862800598144531 -0.05652213096618652 0.2997570037841797 -0.2880430221557617 -0.1574622392654419 0.4743366241455078 -0.40671634674072266 -0.15442681312561035 0.3383784294128418 -0.4092998504638672 -0.2539440393447876 0.35209226608276367 -0.28173065185546875 -0.2568168640136719 0.47346019744873047 -0.37390899658203125 -0.045279622077941895 0.2984895706176758 -0.45236682891845703 -0.024903416633605957 0.13715839385986328 -0.49334049224853516 -0.13365960121154785 0.18143558502197266 -0.40671634674072266 -0.15442681312561035 0.3383784294128418 -0.4477090835571289 0.08149075508117676 -0.1272273063659668 -0.4311542510986328 0.06388449668884277 -0.22171783447265625 -0.48287200927734375 -0.055741071701049805 -0.2160353660583496 -0.4980344772338867 -0.025856494903564453 -0.1098484992980957 -0.3890237808227539 0.18763625621795654 -0.21071672439575195 -0.33095836639404297 0.18098163604736328 -0.2880411148071289 -0.37691783905029297 0.03418159484863281 -0.309598445892334 -0.4311542510986328 0.06388449668884277 -0.22171783447265625 0.19373226165771484 -0.32098960876464844 0.48586511611938477 0.25979137420654297 -0.19076848030090332 0.4638805389404297 0.1376819610595703 -0.17054033279418945 0.5245099067687988 0.10424137115478516 -0.2784806489944458 0.5436739921569824 0.3862800598144531 -0.05652213096618652 0.2997570037841797 0.49043750762939453 -0.09613406658172607 0.1703944206237793 0.5121269226074219 0.007686257362365723 0.05332803726196289 0.41775035858154297 0.06241130828857422 0.17317533493041992 0.5121269226074219 0.007686257362365723 0.05332803726196289 0.5714149475097656 -0.04057812690734863 -0.07173967361450195 0.5664377212524414 0.052582383155822754 -0.15324640274047852 0.511073112487793 0.09514617919921875 -0.0656595230102539 0.5121269226074219 0.007686257362365723 0.05332803726196289 0.511073112487793 0.09514617919921875 -0.0656595230102539 0.42975807189941406 0.15971589088439941 0.04155111312866211 0.41775035858154297 0.06241130828857422 0.17317533493041992 0.5714149475097656 -0.04057812690734863 -0.07173967361450195 0.5686960220336914 -0.06765544414520264 -0.1848745346069336 0.5703487396240234 0.03496360778808594 -0.22823286056518555 0.5664377212524414 0.052582383155822754 -0.15324640274047852 0.5703487396240234 0.03496360778808594 -0.22823286056518555 0.506922721862793 0.02519702911376953 -0.29077577590942383 0.45439910888671875 0.12009918689727783 -0.3482813835144043 0.5083446502685547 0.12088704109191895 -0.3135833740234375 0.5703487396240234 0.03496360778808594 -0.22823286056518555 0.5083446502685547 0.12088704109191895 -0.3135833740234375 0.5249004364013672 0.1348412036895752 -0.25455427169799805 0.5664377212524414 0.052582383155822754 -0.15324640274047852 0.5703487396240234 0.03496360778808594 -0.22823286056518555 0.5686960220336914 -0.06765544414520264 -0.1848745346069336 0.5139665603637695 -0.08304297924041748 -0.2595334053039551 0.506922721862793 0.02519702911376953 -0.29077577590942383 0.5083446502685547 0.12088704109191895 -0.3135833740234375 0.45439910888671875 0.12009918689727783 -0.3482813835144043 0.4364805221557617 0.20660674571990967 -0.37669897079467773 0.4746551513671875 0.20711743831634521 -0.3580036163330078 0.5083446502685547 0.12088704109191895 -0.3135833740234375 0.4746551513671875 0.20711743831634521 -0.3580036163330078 0.4936037063598633 0.21715843677520752 -0.3208804130554199 0.5249004364013672 0.1348412036895752 -0.25455427169799805 0.4746551513671875 0.20711743831634521 -0.3580036163330078 0.4364805221557617 0.20660674571990967 -0.37669897079467773 0.4569826126098633 0.2868233919143677 -0.3549022674560547 0.4835538864135742 0.28787779808044434 -0.3423762321472168 0.4746551513671875 0.20711743831634521 -0.3580036163330078 0.4835538864135742 0.28787779808044434 -0.3423762321472168 0.5010805130004883 0.2946509122848511 -0.3157215118408203 0.4936037063598633 0.21715843677520752 -0.3208804130554199 0.5010805130004883 0.2946509122848511 -0.3157215118408203 0.4835538864135742 0.28787779808044434 -0.3423762321472168 0.5124635696411133 0.3524160385131836 -0.29688501358032227 0.5251197814941406 0.357244610786438 -0.2796821594238281 0.5010805130004883 0.2946509122848511 -0.3157215118408203 0.5251197814941406 0.357244610786438 -0.2796821594238281 0.5196714401245117 0.3592034578323364 -0.27144956588745117 0.4900054931640625 0.30001115798950195 -0.3030729293823242 0.5010805130004883 0.2946509122848511 -0.3157215118408203 0.4900054931640625 0.30001115798950195 -0.3030729293823242 0.47041893005371094 0.22841215133666992 -0.3036770820617676 0.4936037063598633 0.21715843677520752 -0.3208804130554199 0.4900054931640625 0.30001115798950195 -0.3030729293823242 0.5196714401245117 0.3592034578323364 -0.27144956588745117 0.5044803619384766 0.3596770763397217 -0.27733659744262695 0.4650602340698242 0.30142664909362793 -0.3153800964355469 0.4900054931640625 0.30001115798950195 -0.3030729293823242 0.4650602340698242 0.30142664909362793 -0.3153800964355469 0.43315601348876953 0.23677706718444824 -0.3301420211791992 0.47041893005371094 0.22841215133666992 -0.3036770820617676 0.4650602340698242 0.30142664909362793 -0.3153800964355469 0.5044803619384766 0.3596770763397217 -0.27733659744262695 0.49220752716064453 0.3550751209259033 -0.293886661529541 0.44756603240966797 0.2942988872528076 -0.3415713310241699 0.4650602340698242 0.30142664909362793 -0.3153800964355469 0.44756603240966797 0.2942988872528076 -0.3415713310241699 0.4138145446777344 0.2215174436569214 -0.3643946647644043 0.43315601348876953 0.23677706718444824 -0.3301420211791992 0.44756603240966797 0.2942988872528076 -0.3415713310241699 0.49220752716064453 0.3550751209259033 -0.293886661529541 0.4952554702758789 0.34997761249542236 -0.30502986907958984 0.4569826126098633 0.2868233919143677 -0.3549022674560547 0.44756603240966797 0.2942988872528076 -0.3415713310241699 0.4569826126098633 0.2868233919143677 -0.3549022674560547 0.4364805221557617 0.20660674571990967 -0.37669897079467773 0.4138145446777344 0.2215174436569214 -0.3643946647644043 0.4952554702758789 0.34997761249542236 -0.30502986907958984 0.49220752716064453 0.3550751209259033 -0.293886661529541 0.5209751129150391 0.39502179622650146 -0.26488399505615234 0.5183839797973633 0.38644862174987793 -0.27507781982421875 0.4952554702758789 0.34997761249542236 -0.30502986907958984 0.5183839797973633 0.38644862174987793 -0.27507781982421875 0.5303468704223633 0.39385032653808594 -0.2668795585632324 0.5124635696411133 0.3524160385131836 -0.29688501358032227 0.4952554702758789 0.34997761249542236 -0.30502986907958984 0.5124635696411133 0.3524160385131836 -0.29688501358032227 0.4835538864135742 0.28787779808044434 -0.3423762321472168 0.4569826126098633 0.2868233919143677 -0.3549022674560547 0.49220752716064453 0.3550751209259033 -0.293886661529541 0.5044803619384766 0.3596770763397217 -0.27733659744262695 0.5287446975708008 0.39840877056121826 -0.25522899627685547 0.5209751129150391 0.39502179622650146 -0.26488399505615234 0.5124635696411133 0.3524160385131836 -0.29688501358032227 0.5303468704223633 0.39385032653808594 -0.2668795585632324 0.5383062362670898 0.39741039276123047 -0.25690507888793945 0.5251197814941406 0.357244610786438 -0.2796821594238281 0.5139665603637695 -0.08304297924041748 -0.2595334053039551 0.4107065200805664 -0.06964504718780518 -0.3164801597595215 0.4181070327758789 0.04081320762634277 -0.32144784927368164 0.506922721862793 0.02519702911376953 -0.29077577590942383 0.4107065200805664 -0.06964504718780518 -0.3164801597595215 0.2910728454589844 0.006177306175231934 -0.35646963119506836 0.3446369171142578 0.09610295295715332 -0.319976806640625 0.4181070327758789 0.04081320762634277 -0.32144784927368164 -0.47708892822265625 -0.3094710111618042 -0.2109389305114746 -0.46457862854003906 -0.4008946418762207 -0.11364603042602539 -0.5095643997192383 -0.34431004524230957 -0.05376100540161133 -0.5232133865356445 -0.2611583471298218 -0.1230931282043457 -0.46457862854003906 -0.4008946418762207 -0.11364603042602539 -0.4347991943359375 -0.4649837017059326 -0.0011501312255859375 -0.4871377944946289 -0.398199200630188 0.04749727249145508 -0.5095643997192383 -0.34431004524230957 -0.05376100540161133 0.2196187973022461 0.5390089750289917 0.07845163345336914 0.11955738067626953 0.5202552080154419 0.13894224166870117 0.17178058624267578 0.40641331672668457 0.1976761817932129 0.26383495330810547 0.41063952445983887 0.10923385620117188 -0.31424999237060547 0.7428773641586304 0.25942182540893555 -0.3022651672363281 0.7970858812332153 0.2469625473022461 -0.31066226959228516 0.8008629083633423 0.24294281005859375 -0.3252429962158203 0.7444700002670288 0.2548699378967285 -0.2921257019042969 0.7342449426651001 0.24942779541015625 -0.2892322540283203 0.660298228263855 0.26329612731933594 -0.2882213592529297 0.6474078893661499 0.24521541595458984 -0.29334163665771484 0.7286652326583862 0.24014997482299805 -0.3074207305908203 0.7365361452102661 0.23720121383666992 -0.3215475082397461 0.7416428327560425 0.24031543731689453 -0.30806922912597656 0.798296332359314 0.23347949981689453 -0.2978811264038086 0.7918709516525269 0.2322983741760254 -0.3074207305908203 0.7365361452102661 0.23720121383666992 -0.29334163665771484 0.7286652326583862 0.24014997482299805 -0.2882213592529297 0.6474078893661499 0.24521541595458984 -0.31877899169921875 0.6607447862625122 0.24746274948120117 -0.10538196563720703 1.3969937562942505 -0.2818269729614258 -0.10246658325195312 1.3920985460281372 -0.28591394424438477 -0.11425495147705078 1.3909984827041626 -0.29346656799316406 -0.1191253662109375 1.3833895921707153 -0.29303741455078125 0.5330839157104492 0.4089043140411377 -0.2569589614868164 0.5303468704223633 0.39385032653808594 -0.2668795585632324 0.5183839797973633 0.38644862174987793 -0.27507781982421875 0.5209751129150391 0.39502179622650146 -0.26488399505615234 </float_array>
          <technique_common>
            <accessor source="#mesh_1-position-array" count="1656" stride="3">
              <param name="X" type="float" />
              <param name="Y" type="float" />
              <param name="Z" type="float" />
            </accessor>
          </technique_common>
        </source>
        <source id="mesh_1-normal" name="normal">
          <float_array id="mesh_1-normal-array" count="4968">0.12110739 0.06482226 -0.99052066 0.121107385 0.06482226 -0.9905206 0.1211074 0.06482226 -0.99052066 0.12110739 0.06482225 -0.99052066 -0.8979042 0.29556978 -0.32620025 -0.8979042 0.2955698 -0.32620028 -0.89790416 0.2955698 -0.32620025 -0.89790416 0.29556978 -0.32620025 -0.034161776 0.4233992 0.905299 -0.034161776 0.4233992 0.905299 -0.03416177 0.42339915 0.90529895 -0.034161776 0.4233992 0.905299 0.1531804 -0.16785474 0.9738381 0.1531804 -0.16785476 0.97383815 0.1531804 -0.16785474 0.9738381 0.15318042 -0.16785476 0.97383815 0.68069303 0.30615625 -0.66552645 0.68069303 0.30615625 -0.66552645 0.68069303 0.30615625 -0.6655264 0.68069303 0.30615622 -0.6655264 -0.8973491 0.30074736 0.32297918 -0.8973491 0.30074736 0.3229792 -0.8973491 0.3007474 0.3229792 -0.8973491 0.3007474 0.3229792 -0.6933352 0.072615705 -0.71694726 -0.6933352 0.072615705 -0.71694726 -0.6933351 0.072615705 -0.71694726 -0.6933351 0.072615705 -0.71694726 -0.7769125 0.40118104 0.48524293 -0.7769126 0.40118107 0.485243 -0.77691257 0.40118104 0.48524293 -0.7769126 0.40118107 0.48524296 0.7044614 -0.5252864 0.47729275 0.7044614 -0.52528644 0.47729275 0.70446134 -0.52528644 0.47729275 0.7044614 -0.52528644 0.47729278 -0.36314866 -0.28320578 0.8876472 -0.3631487 -0.28320575 0.8876472 -0.36314866 -0.28320575 0.8876473 -0.36314863 -0.28320575 0.8876472 -0.21673717 0.4619132 -0.8600356 -0.21673715 0.46191317 -0.8600356 -0.21673715 0.46191317 -0.8600356 -0.21673715 0.4619132 -0.8600356 -0.018940091 0.85809845 -0.51313597 -0.018940091 0.85809845 -0.513136 -0.018940091 0.85809845 -0.513136 -0.018940091 0.8580984 -0.51313597 0.8672772 0.36419198 0.3394032 0.8672772 0.364192 0.33940324 0.86727715 0.36419195 0.3394032 0.86727715 0.36419195 0.3394032 0.3500187 0.8913978 0.28791848 0.3500187 0.89139783 0.28791848 0.35001874 0.8913978 0.28791848 0.35001874 0.8913978 0.28791848 -0.35710016 0.92871624 0.0998283 -0.35710016 0.92871624 0.09982831 -0.35710013 0.9287163 0.09982832 -0.35710016 0.92871624 0.09982831 -0.70215166 0.42744192 0.56945276 -0.7021517 0.42744198 0.56945276 -0.70215166 0.42744192 0.56945276 -0.70215166 0.42744195 0.5694528 -0.24903099 0.3566037 0.900454 -0.24903099 0.35660365 0.900454 -0.24903104 0.35660374 0.90045404 -0.24903099 0.35660365 0.900454 0.013415272 0.7572168 0.6530259 0.013415271 0.75721675 0.6530259 0.013415274 0.7572168 0.653026 0.013415272 0.75721675 0.6530259 0.13517182 -0.11257769 -0.9844058 0.13517182 -0.11257769 -0.9844058 0.13517182 -0.11257769 -0.9844058 0.13517182 -0.11257771 -0.9844059 0.99609303 -0.04972167 -0.072983585 0.996093 -0.049721666 -0.072983585 0.99609303 -0.049721666 -0.072983585 0.99609303 -0.049721673 -0.07298359 0.7710948 0.09296857 -0.6298965 0.7710948 0.09296858 -0.6298966 0.77109486 0.09296858 -0.62989664 0.7710948 0.092968576 -0.62989664 0.17755592 0.18236512 0.96706617 0.1775559 0.1823651 0.9670661 0.1775559 0.18236512 0.9670661 0.17755592 0.18236512 0.96706617 0.73182315 0.07047653 0.67784065 0.73182315 0.07047653 0.67784065 0.73182315 0.07047654 0.6778407 0.73182315 0.07047653 0.67784065 0.59654313 0.25506908 0.7609705 0.59654313 0.2550691 0.7609706 0.59654313 0.2550691 0.76097053 0.5965431 0.25506908 0.76097053 -0.81699973 -0.5466296 -0.18359603 -0.8169998 -0.54662967 -0.18359604 -0.81699973 -0.5466296 -0.18359601 -0.8169998 -0.54662967 -0.18359603 -0.84250957 -0.49003464 0.22370467 -0.84250957 -0.49003464 0.22370467 -0.84250957 -0.4900347 0.22370468 -0.84250957 -0.49003473 0.22370468 -0.8981196 -0.42527324 0.111910194 -0.89811957 -0.42527324 0.11191018 -0.8981196 -0.4252732 0.11191019 -0.89811957 -0.42527324 0.11191019 -0.9850135 -0.16531298 0.04919564 -0.9850134 -0.16531298 0.049195632 -0.9850135 -0.16531298 0.04919564 -0.9850135 -0.16531298 0.049195636 -0.91404873 -0.4055554 -0.006298488 -0.9140488 -0.40555537 -0.0062984875 -0.9140488 -0.40555543 -0.0062984885 -0.9140488 -0.4055554 -0.0062984875 -0.9546939 -0.25761825 -0.14897116 -0.9546939 -0.25761825 -0.14897114 -0.954694 -0.25761825 -0.14897114 -0.9546939 -0.25761825 -0.14897114 0.821513 0.48777273 -0.29528677 0.82151306 0.48777276 -0.29528677 0.82151294 0.48777267 -0.29528674 0.82151306 0.48777273 -0.29528677 0.8504548 0.46174583 -0.25202668 0.8504548 0.46174583 -0.25202665 0.85045487 0.4617459 -0.25202668 0.85045487 0.46174586 -0.25202668 0.86120695 0.37950277 -0.33808333 0.861207 0.37950283 -0.33808336 0.861207 0.3795028 -0.33808336 0.86120695 0.37950277 -0.33808333 0.42301232 0.19549166 -0.8847845 0.42301235 0.19549169 -0.8847846 0.4230123 0.19549164 -0.8847845 0.42301238 0.19549167 -0.8847846 0.5861594 0.21928489 -0.7799561 0.5861594 0.21928485 -0.7799561 0.5861594 0.21928486 -0.77995604 0.5861594 0.21928486 -0.779956 0.48150778 0.13494079 -0.86599153 0.48150778 0.13494079 -0.86599153 0.48150778 0.13494079 -0.8659916 0.48150775 0.13494077 -0.86599153 0.6545643 0.41852453 0.6295895 0.6545643 0.41852456 0.62958944 0.6545643 0.41852453 0.62958944 0.6545643 0.4185245 0.6295894 0.74310136 0.4503051 0.4950007 0.74310136 0.45030513 0.49500075 0.74310136 0.45030516 0.49500072 0.7431013 0.45030516 0.49500072 0.64097744 0.4444874 0.62576276 0.64097744 0.44448733 0.62576276 0.64097744 0.44448733 0.6257627 0.64097744 0.44448736 0.62576276 -0.019140664 0.5931825 0.8048405 -0.019140663 0.5931825 0.8048405 -0.019140666 0.5931826 0.8048405 -0.019140663 0.5931825 0.8048404 0.20139141 0.4838575 0.85165924 0.20139143 0.4838575 0.8516592 0.2013914 0.4838575 0.8516592 0.20139143 0.4838575 0.85165924 0.058579866 0.26683727 0.9619596 0.058579873 0.2668373 0.9619596 0.058579873 0.26683727 0.96195966 0.058579866 0.26683727 0.9619596 0.05755899 -0.34358558 -0.9373559 0.057558984 -0.34358558 -0.9373558 0.057558987 -0.3435856 -0.9373559 0.057558984 -0.34358558 -0.9373558 -0.37658548 -0.2904593 -0.8796686 -0.37658545 -0.2904593 -0.8796686 -0.37658548 -0.29045936 -0.8796686 -0.37658548 -0.29045936 -0.8796686 -0.36194095 0.000755257 -0.93220073 -0.36194095 0.0007552569 -0.9322008 -0.36194095 0.0007552571 -0.9322008 -0.36194092 0.000755257 -0.93220073 -0.9231862 0.29643688 0.2446475 -0.92318624 0.2964369 0.24464758 -0.92318624 0.2964369 0.24464755 -0.92318624 0.2964369 0.24464756 -0.14190732 0.8757186 -0.46149698 -0.1419073 0.8757186 -0.46149698 -0.14190729 0.8757185 -0.46149692 -0.14190732 0.8757186 -0.46149695 -0.675666 0.3400807 -0.6540799 -0.67566603 0.3400807 -0.65408 -0.675666 0.34008074 -0.6540799 -0.67566603 0.3400807 -0.65408 -0.74099267 0.6648186 -0.09458403 -0.74099267 0.66481864 -0.09458403 -0.74099267 0.66481864 -0.09458403 -0.74099267 0.66481864 -0.09458404 -0.9096108 0.41544783 0.003381334 -0.9096108 0.41544786 0.0033813342 -0.9096108 0.4154478 0.0033813338 -0.90961075 0.41544783 0.0033813338 0.73840487 0.64703166 0.19002166 0.73840487 0.6470317 0.1900217 0.73840487 0.6470317 0.1900217 0.73840487 0.64703166 0.19002168 0.7743538 0.60827965 0.17427553 0.77435386 0.6082797 0.17427552 0.7743539 0.6082797 0.17427553 0.77435386 0.6082797 0.17427553 0.55763066 0.8224894 -0.11206882 0.55763066 0.8224894 -0.11206881 0.5576306 0.8224893 -0.1120688 0.55763066 0.8224893 -0.11206881 0.71963537 0.6012957 0.3472297 0.71963537 0.60129565 0.34722966 0.71963537 0.60129565 0.3472297 0.71963537 0.60129565 0.3472297 -0.4555531 0.69403017 0.5574887 -0.45555308 0.69403017 0.5574887 -0.45555303 0.6940301 0.5574887 -0.45555305 0.6940301 0.5574887 0.5009389 0.0876094 0.8610371 0.50093883 0.0876094 0.8610371 0.5009389 0.0876094 0.86103714 0.50093883 0.0876094 0.8610371 0.30872405 -0.36789158 0.8771233 0.30872405 -0.36789158 0.8771233 0.30872405 -0.36789158 0.8771233 0.30872405 -0.36789158 0.87712336 0.2778929 0.10161659 0.95522237 0.2778929 0.101616584 0.95522237 0.2778929 0.10161658 0.95522225 0.2778929 0.10161659 0.9552223 -0.43641806 -0.7228854 -0.5357015 -0.436418 -0.7228854 -0.53570145 -0.4364181 -0.7228854 -0.53570145 -0.43641806 -0.7228854 -0.5357015 -0.19472635 -0.79727 -0.57135123 -0.19472633 -0.79727 -0.57135123 -0.19472635 -0.79727006 -0.57135123 -0.19472636 -0.79727 -0.5713513 -0.44598475 -0.82377696 -0.34998465 -0.44598475 -0.823777 -0.34998465 -0.44598472 -0.82377696 -0.34998462 -0.4459847 -0.82377696 -0.3499846 0.09776787 -0.9942586 0.0434916 0.09776785 -0.9942585 0.04349159 0.09776784 -0.99425846 0.04349159 0.09776786 -0.9942585 0.0434916 0.1892662 -0.93577963 -0.2974811 0.18926619 -0.93577963 -0.2974811 0.18926619 -0.9357796 -0.2974811 0.18926619 -0.9357796 -0.2974811 0.30747685 -0.9397862 -0.14919834 0.30747685 -0.9397862 -0.14919834 0.30747682 -0.9397862 -0.14919834 0.30747685 -0.9397861 -0.14919834 -0.041465875 -0.99719244 -0.062353045 -0.041465875 -0.9971925 -0.062353045 -0.04146587 -0.99719244 -0.06235304 -0.04146587 -0.99719244 -0.062353037 -0.16491345 -0.9750365 0.14868608 -0.16491343 -0.97503644 0.14868607 -0.16491343 -0.97503644 0.14868607 -0.16491343 -0.9750364 0.14868605 -0.33977282 -0.9400568 0.029116234 -0.33977282 -0.94005674 0.029116232 -0.33977282 -0.9400568 0.029116232 -0.3397728 -0.9400568 0.02911623 -0.17561902 -0.97082263 -0.16328344 -0.17561902 -0.97082263 -0.16328344 -0.17561899 -0.9708227 -0.16328344 -0.175619 -0.9708227 -0.16328344 -0.058530476 -0.8460041 -0.52995396 -0.058530483 -0.8460041 -0.529954 -0.05853049 -0.8460041 -0.529954 -0.058530483 -0.8460042 -0.52995396 0.06616071 -0.8931785 -0.4448089 0.06616071 -0.8931786 -0.4448089 0.06616071 -0.8931786 -0.44480887 0.06616071 -0.8931785 -0.44480887 -0.31080902 -0.9147086 -0.2582753 -0.31080902 -0.9147086 -0.2582753 -0.310809 -0.91470855 -0.25827524 -0.31080902 -0.9147085 -0.25827527 0.2109699 -0.48527235 -0.8485296 0.2109699 -0.48527235 -0.84852964 0.21096988 -0.48527232 -0.8485296 0.2109699 -0.48527232 -0.8485296 0.2853395 -0.56890917 -0.771313 0.2853395 -0.56890917 -0.771313 0.2853395 -0.56890917 -0.77131313 0.2853395 -0.56890917 -0.771313 0.36409798 -0.3397181 -0.8671934 0.36409798 -0.33971807 -0.86719334 0.36409798 -0.33971807 -0.86719334 0.364098 -0.33971807 -0.8671934 0.60645926 -0.48583516 -0.62942153 0.6064592 -0.48583516 -0.62942153 0.60645926 -0.4858352 -0.62942153 0.60645926 -0.4858352 -0.62942153 0.42775574 -0.7458134 -0.51067346 0.42775574 -0.7458134 -0.51067346 0.42775574 -0.7458134 -0.5106735 0.4277557 -0.7458134 -0.5106734 0.79916215 -0.535555 -0.2729849 0.7991621 -0.535555 -0.27298486 0.79916215 -0.53555506 -0.2729849 0.7991622 -0.535555 -0.27298486 0.55271477 -0.8081679 -0.2033992 0.55271477 -0.8081679 -0.20339917 0.5527147 -0.8081678 -0.20339915 0.5527147 -0.8081679 -0.20339917 0.88142204 -0.460111 0.1067383 0.8814221 -0.46011102 0.106738314 0.88142204 -0.46011096 0.10673829 0.8814221 -0.460111 0.10673829 0.62404484 -0.77723676 0.08044287 0.62404484 -0.77723676 0.08044287 0.62404484 -0.7772368 0.08044287 0.62404484 -0.77723676 0.08044287 0.6146039 -0.7276007 0.30472818 0.61460394 -0.7276007 0.30472818 0.614604 -0.7276007 0.30472818 0.61460394 -0.7276007 0.30472815 0.29624775 -0.90731597 0.29835394 0.29624775 -0.907316 0.29835397 0.29624778 -0.907316 0.29835397 0.29624778 -0.90731597 0.29835397 0.35714123 -0.9297357 0.08967577 0.35714123 -0.9297357 0.08967576 0.3571412 -0.9297357 0.08967576 0.35714123 -0.9297358 0.08967577 0.21389382 -0.8382632 0.5015619 0.2138938 -0.8382632 0.5015619 0.2138938 -0.83826315 0.5015619 0.21389382 -0.8382632 0.5015619 -0.06840595 -0.89353365 0.44375476 -0.06840595 -0.8935337 0.4437548 -0.068405956 -0.8935337 0.44375476 -0.06840594 -0.89353365 0.4437547 0.027398465 -0.96856713 0.24723904 0.027398467 -0.9685672 0.24723905 0.027398467 -0.9685672 0.24723905 0.027398467 -0.96856713 0.24723907 -0.18345177 -0.7883087 0.58729464 -0.18345177 -0.7883087 0.5872946 -0.18345177 -0.7883087 0.5872946 -0.18345176 -0.78830874 0.5872946 -0.39168337 -0.7625564 0.5148709 -0.39168337 -0.7625564 0.5148709 -0.3916834 -0.76255643 0.5148709 -0.39168346 -0.76255643 0.5148709 -0.28423327 -0.8905555 0.35513714 -0.28423327 -0.89055556 0.35513714 -0.28423327 -0.8905555 0.35513714 -0.28423327 -0.8905555 0.35513717 -0.587454 -0.7289332 0.3515028 -0.58745396 -0.7289332 0.3515028 -0.587454 -0.72893316 0.35150284 -0.587454 -0.7289332 0.3515028 -0.46039823 -0.86275595 0.20901147 -0.4603982 -0.8627559 0.20901145 -0.4603982 -0.8627559 0.20901148 -0.46039823 -0.86275595 0.20901148 -0.7248172 -0.67379373 0.14367329 -0.7248173 -0.6737938 0.14367329 -0.7248173 -0.6737938 0.14367329 -0.7248173 -0.67379373 0.14367329 -0.58388865 -0.81136096 0.027703783 -0.5838887 -0.811361 0.027703784 -0.5838887 -0.811361 0.027703784 -0.5838887 -0.811361 0.027703784 -0.70040226 -0.6848926 -0.20089495 -0.70040226 -0.6848926 -0.20089497 -0.70040226 -0.6848926 -0.20089494 -0.70040226 -0.6848926 -0.20089495 -0.5833108 -0.7627779 -0.279139 -0.5833108 -0.76277786 -0.27913898 -0.5833108 -0.76277786 -0.279139 -0.5833108 -0.7627778 -0.27913898 -0.4642288 -0.8781233 -0.115720205 -0.4642288 -0.8781233 -0.115720205 -0.4642288 -0.87812334 -0.11572021 -0.4642288 -0.8781233 -0.11572021 -0.7833764 -0.514367 -0.34892407 -0.7833764 -0.51436704 -0.34892413 -0.78337646 -0.51436704 -0.3489241 -0.7833764 -0.51436704 -0.34892407 -0.64949405 -0.6375981 -0.41427794 -0.649494 -0.6375981 -0.41427794 -0.649494 -0.6375981 -0.41427797 -0.649494 -0.63759816 -0.414278 -0.7762687 -0.2721515 -0.5686304 -0.77626866 -0.27215153 -0.5686304 -0.77626866 -0.27215153 -0.5686304 -0.77626866 -0.27215153 -0.56863046 -0.5600263 -0.33528525 -0.7575978 -0.56002635 -0.33528525 -0.7575978 -0.56002635 -0.33528525 -0.7575978 -0.56002635 -0.33528525 -0.75759774 -0.3234434 -0.0070275436 -0.9462214 -0.3234434 -0.007027544 -0.9462215 -0.32344338 -0.007027544 -0.9462214 -0.3234434 -0.0070275436 -0.9462214 -0.012621351 -0.02926074 -0.9994922 -0.0126213515 -0.029260745 -0.9994922 -0.012621349 -0.029260736 -0.99949217 -0.012621349 -0.02926074 -0.99949217 -0.22605439 -0.42603543 -0.87600994 -0.22605439 -0.42603537 -0.8760099 -0.22605437 -0.42603537 -0.87600994 -0.22605437 -0.42603537 -0.8760099 0.14974509 -0.10446098 -0.98319095 0.14974512 -0.104460984 -0.98319095 0.14974509 -0.10446097 -0.9831909 0.1497451 -0.10446098 -0.98319095 0.05421028 -0.46290392 -0.8847493 0.054210283 -0.46290395 -0.88474935 0.05421028 -0.46290398 -0.8847493 0.054210283 -0.46290392 -0.8847493 0.08030197 -0.04733457 -0.99564606 0.08030197 -0.047334567 -0.9956461 0.08030198 -0.047334567 -0.99564606 0.08030197 -0.04733457 -0.9956461 0.30031604 -0.07403787 -0.95096207 0.30031607 -0.07403787 -0.95096195 0.30031607 -0.07403787 -0.95096195 0.30031604 -0.074037865 -0.95096195 0.25663495 -0.24531548 -0.93485767 0.25663495 -0.24531548 -0.93485767 0.25663495 -0.2453155 -0.9348577 0.25663495 -0.24531549 -0.93485767 0.37461364 -0.030451113 -0.92668086 0.37461364 -0.030451115 -0.9266809 0.37461364 -0.030451115 -0.9266809 0.3746136 -0.030451111 -0.92668086 0.3328425 -0.0948434 -0.9382007 0.33284253 -0.0948434 -0.9382008 0.33284253 -0.094843395 -0.9382007 0.33284253 -0.0948434 -0.9382007 0.46284416 -0.035929434 -0.88571125 0.46284416 -0.035929434 -0.8857112 0.46284416 -0.03592943 -0.8857112 0.46284416 -0.035929434 -0.8857112 0.50966245 -0.28483588 -0.81185764 0.5096624 -0.28483588 -0.8118576 0.5096624 -0.28483588 -0.8118576 0.5096624 -0.28483588 -0.8118576 0.67585766 -0.13017131 -0.725446 0.6758577 -0.13017133 -0.7254459 0.6758577 -0.13017133 -0.7254459 0.67585766 -0.13017131 -0.7254459 0.8255633 -0.35376915 -0.43965054 0.8255633 -0.35376915 -0.43965054 0.8255633 -0.35376918 -0.43965057 0.8255633 -0.3537692 -0.4396506 0.90155005 -0.25095558 -0.35246116 0.90155005 -0.25095558 -0.35246116 0.90155005 -0.25095558 -0.35246116 0.90155005 -0.2509556 -0.35246116 0.974306 -0.22367407 0.026418526 0.974306 -0.22367409 0.026418524 0.9743059 -0.22367404 0.026418522 0.97430587 -0.22367404 0.026418524 0.9731502 -0.22096922 0.064431675 0.97315013 -0.22096922 0.064431675 0.97315013 -0.22096923 0.064431675 0.9731502 -0.22096924 0.064431675 0.9359592 0.1031104 0.33667284 0.9359592 0.103110395 0.3366728 0.9359593 0.10311042 0.33667287 0.9359592 0.103110395 0.33667284 0.94697106 -0.094693474 0.3070487 0.9469711 -0.094693474 0.30704874 0.9469711 -0.09469349 0.3070487 0.9469711 -0.094693474 0.30704874 0.82222897 0.13165687 0.5537201 0.82222897 0.13165687 0.5537202 0.822229 0.13165689 0.55372024 0.822229 0.13165687 0.55372024 0.7645328 -0.30773303 0.5663833 0.76453286 -0.30773303 0.56638324 0.7645328 -0.30773306 0.5663833 0.7645328 -0.307733 0.56638324 0.86703205 -0.39625147 0.30205983 0.8670321 -0.3962515 0.30205986 0.86703205 -0.39625147 0.30205983 0.8670322 -0.3962515 0.30205983 0.5906119 -0.17532751 0.7876789 0.5906119 -0.1753275 0.7876788 0.5906119 -0.1753275 0.7876788 0.59061193 -0.17532751 0.78767884 0.4024476 -0.5468988 0.7341237 0.40244758 -0.5468988 0.73412377 0.4024476 -0.5468988 0.73412377 0.40244758 -0.5468988 0.7341237 0.5187185 -0.661405 0.54173297 0.5187184 -0.661405 0.541733 0.5187184 -0.661405 0.54173297 0.5187184 -0.661405 0.54173297 0.3586319 -0.4347338 0.8260688 0.35863194 -0.43473384 0.8260689 0.3586319 -0.43473378 0.82606876 0.3586319 -0.43473378 0.8260688 -0.047528833 -0.6589509 0.75068283 -0.047528837 -0.6589509 0.7506829 -0.04752884 -0.6589509 0.7506829 -0.047528833 -0.6589509 0.75068283 0.10307096 -0.7585605 0.6433992 0.10307095 -0.75856036 0.6433992 0.10307097 -0.7585604 0.64339924 0.10307096 -0.7585604 0.64339924 -0.2200513 -0.52786404 0.8203274 -0.2200513 -0.52786404 0.82032734 -0.22005133 -0.52786404 0.8203274 -0.22005129 -0.52786404 0.82032734 -0.44901708 -0.40167385 0.798149 -0.44901708 -0.4016738 0.798149 -0.4490171 -0.40167382 0.798149 -0.4490171 -0.40167385 0.798149 -0.30545354 -0.6162535 0.7258993 -0.3054535 -0.61625355 0.7258993 -0.30545354 -0.61625355 0.7258993 -0.30545354 -0.61625355 0.7258993 -0.64559 -0.24861509 0.72208315 -0.64559 -0.24861515 0.7220832 -0.64559 -0.24861512 0.72208315 -0.64559 -0.24861513 0.7220832 -0.51569873 -0.5711662 0.6386111 -0.5156986 -0.5711662 0.6386111 -0.5156987 -0.5711663 0.6386111 -0.5156987 -0.5711662 0.63861114 -0.84519297 -0.17086284 0.50641364 -0.84519297 -0.17086282 0.5064136 -0.84519297 -0.17086281 0.5064136 -0.845193 -0.17086284 0.5064136 -0.73312813 -0.51544046 0.44367135 -0.7331282 -0.5154404 0.44367132 -0.7331282 -0.51544046 0.44367138 -0.73312813 -0.51544046 0.44367132 -0.9501793 -0.15847173 0.26841405 -0.9501793 -0.15847173 0.26841405 -0.95017934 -0.15847173 0.26841405 -0.9501793 -0.15847173 0.26841402 -0.8641917 -0.45543176 0.2139037 -0.8641916 -0.45543173 0.21390365 -0.8641917 -0.45543173 0.2139037 -0.86419165 -0.45543173 0.21390367 -0.8549942 0.118872754 0.5048311 -0.8549941 0.118872754 0.5048311 -0.8549942 0.11887276 0.5048311 -0.85499406 0.11887276 0.50483114 -0.9457432 0.12052213 0.30173534 -0.94574314 0.12052213 0.30173537 -0.9457432 0.120522134 0.3017353 -0.94574326 0.12052213 0.30173534 -0.83635336 0.47104537 0.28040937 -0.83635336 0.47104543 0.2804094 -0.8363533 0.47104537 0.28040934 -0.83635336 0.47104535 0.28040937 -0.90844667 0.41678587 0.031845722 -0.9084468 0.4167859 0.031845726 -0.9084467 0.41678587 0.031845726 -0.90844667 0.41678587 0.031845722 -0.99768275 0.055032805 0.040008754 -0.9976827 0.0550328 0.040008754 -0.9976827 0.055032797 0.040008754 -0.9976827 0.055032793 0.040008754 -0.9302315 0.28920487 -0.22589816 -0.9302315 0.28920487 -0.22589815 -0.93023145 0.28920484 -0.22589813 -0.93023145 0.28920487 -0.22589813 -0.9839142 -0.062327035 -0.16741632 -0.9839142 -0.06232703 -0.1674163 -0.98391426 -0.06232704 -0.16741632 -0.9839142 -0.06232703 -0.16741632 -0.83402807 0.12637873 -0.5370527 -0.83402807 0.12637872 -0.5370527 -0.83402807 0.12637873 -0.5370527 -0.8340281 0.12637874 -0.53705275 -0.90042454 -0.19878532 -0.38693687 -0.9004245 -0.19878532 -0.38693687 -0.90042454 -0.19878535 -0.3869369 -0.9004245 -0.19878532 -0.3869369 -0.7616129 0.2994119 -0.57471573 -0.76161295 0.2994119 -0.5747158 -0.761613 0.2994119 -0.57471573 -0.76161295 0.29941192 -0.5747158 -0.52779794 0.20416486 -0.8244671 -0.527798 0.20416488 -0.8244672 -0.52779794 0.20416488 -0.8244672 -0.52779794 0.20416488 -0.8244671 -0.62086844 0.03139927 -0.7832858 -0.62086844 0.031399265 -0.7832857 -0.62086844 0.03139927 -0.78328574 -0.6208684 0.03139927 -0.78328574 -0.5394706 0.26508322 -0.7991886 -0.5394706 0.26508322 -0.79918855 -0.5394707 0.26508325 -0.7991886 -0.5394706 0.26508322 -0.7991885 -0.19951838 0.1388772 -0.97000283 -0.19951838 0.1388772 -0.9700029 -0.19951837 0.1388772 -0.97000283 -0.19951838 0.13887721 -0.9700029 -0.17798972 0.12704718 -0.97579646 -0.17798969 0.12704718 -0.97579646 -0.1779897 0.12704717 -0.97579646 -0.1779897 0.12704717 -0.9757965 -0.10202631 0.010015634 -0.9947313 -0.10202632 0.010015635 -0.99473137 -0.10202631 0.010015634 -0.9947313 -0.10202631 0.010015634 -0.9947313 0.008894418 0.062861845 -0.9979827 0.008894418 0.062861845 -0.9979827 0.008894419 0.06286185 -0.9979827 0.008894417 0.062861845 -0.9979826 -0.0952231 -0.020088186 -0.99525326 -0.09522311 -0.020088188 -0.9952533 -0.09522313 -0.02008819 -0.9952533 -0.09522312 -0.02008819 -0.9952533 0.29942355 0.07499669 -0.95116836 0.29942355 0.07499668 -0.9511683 0.29942352 0.07499669 -0.95116836 0.29942355 0.07499669 -0.95116836 0.081083246 -0.039136972 -0.99593866 0.08108324 -0.039136976 -0.99593866 0.08108325 -0.039136972 -0.9959387 0.081083246 -0.039136972 -0.99593866 -0.07489382 0.35916722 -0.93026334 -0.07489381 0.35916728 -0.9302634 -0.07489382 0.35916728 -0.9302634 -0.07489382 0.35916725 -0.9302634 0.37437505 0.21665597 -0.9016116 0.37437508 0.21665598 -0.9016117 0.37437505 0.21665597 -0.9016116 0.37437508 0.216656 -0.9016117 0.18667202 0.36552262 -0.91189194 0.18667203 0.3655226 -0.91189194 0.18667202 0.36552256 -0.9118919 0.18667202 0.36552256 -0.9118919 0.6286114 0.27541417 -0.72732025 0.6286114 0.27541414 -0.7273203 0.62861145 0.27541417 -0.72732025 0.6286114 0.27541414 -0.72732025 0.6664961 0.17236333 -0.7253095 0.6664961 0.17236334 -0.7253095 0.66649604 0.17236334 -0.72530955 0.66649604 0.17236333 -0.72530955 0.8456246 0.22940329 -0.4819681 0.84562457 0.22940327 -0.48196808 0.84562457 0.22940329 -0.48196813 0.84562457 0.22940329 -0.4819681 0.83751476 0.22128883 -0.49960032 0.8375147 0.22128883 -0.49960026 0.8375148 0.22128883 -0.49960026 0.83751476 0.22128882 -0.49960026 0.9621947 0.2147154 -0.16756721 0.9621946 0.2147154 -0.16756721 0.9621946 0.2147154 -0.16756722 0.9621947 0.21471542 -0.16756722 0.9223505 0.31061974 -0.22974966 0.9223506 0.3106198 -0.22974968 0.9223505 0.3106198 -0.22974968 0.9223505 0.31061977 -0.22974966 0.7077026 0.30693296 -0.6363563 0.70770264 0.30693296 -0.63635623 0.70770264 0.30693296 -0.6363562 0.7077025 0.30693293 -0.63635623 0.7459695 0.5115906 -0.42638546 0.7459695 0.5115906 -0.42638546 0.7459695 0.51159066 -0.42638558 0.7459695 0.51159066 -0.42638552 0.28300503 0.4113578 -0.8664254 0.28300503 0.41135776 -0.86642534 0.28300503 0.4113578 -0.86642545 0.283005 0.41135776 -0.8664254 0.9521786 0.2931598 0.086100996 0.95217854 0.2931598 0.08610099 0.95217854 0.29315978 0.08610099 0.95217854 0.29315978 0.08610099 0.85788375 0.5105351 -0.05822028 0.85788363 0.5105351 -0.058220275 0.8578837 0.51053506 -0.058220282 0.85788375 0.5105351 -0.058220282 0.8541343 0.3359442 0.39698386 0.8541343 0.3359442 0.39698383 0.8541343 0.3359442 0.39698383 0.8541343 0.3359442 0.39698383 0.8279831 0.48822615 0.27582473 0.8279831 0.48822615 0.27582473 0.82798314 0.4882262 0.27582476 0.8279831 0.48822618 0.27582473 0.9494941 0.21912986 0.22459549 0.9494941 0.21912986 0.22459546 0.9494942 0.21912985 0.22459544 0.9494941 0.21912985 0.22459546 0.78006536 0.31514427 0.5405388 0.7800653 0.31514427 0.5405388 0.7800654 0.31514427 0.5405388 0.7800653 0.31514427 0.54053885 0.9142555 0.2293696 0.33395603 0.91425544 0.22936958 0.33395603 0.91425544 0.22936958 0.333956 0.91425544 0.22936958 0.33395603 0.6350398 0.3121907 0.7065844 0.63503987 0.3121907 0.70658433 0.63503987 0.31219068 0.7065843 0.6350398 0.31219068 0.70658433 0.887203 0.28986007 0.35895985 0.8872029 0.28986007 0.35895985 0.88720286 0.28986007 0.35895985 0.88720286 0.28986007 0.35895985 0.55060697 0.24441946 0.79818 0.55060697 0.24441949 0.79818 0.5506069 0.24441944 0.7981799 0.5506069 0.24441943 0.79817986 0.7976186 0.5052859 0.32937917 0.7976186 0.5052859 0.3293792 0.7976187 0.5052859 0.3293792 0.7976186 0.5052859 0.32937917 0.44092312 0.46574616 0.7672467 0.44092318 0.46574613 0.7672467 0.44092315 0.46574613 0.7672467 0.44092312 0.4657461 0.76724666 0.3636418 0.57811373 0.73044455 0.36364183 0.57811373 0.73044455 0.3636418 0.5781137 0.73044455 0.36364183 0.57811373 0.73044455 -0.021471208 0.4914194 0.87065846 -0.021471206 0.4914194 0.8706584 -0.021471208 0.4914194 0.8706584 -0.021471208 0.49141943 0.8706584 -0.02988339 0.32654187 0.94471025 -0.029883398 0.3265419 0.9447103 -0.029883396 0.3265419 0.9447103 -0.029883396 0.3265419 0.94471025 -0.35449967 0.43851495 0.8258539 -0.3544997 0.43851492 0.8258538 -0.35449967 0.43851498 0.8258539 -0.35449964 0.438515 0.825854 -0.3176062 0.29775605 0.90025973 -0.31760627 0.29775605 0.9002598 -0.3176062 0.29775602 0.9002598 -0.3176062 0.29775605 0.9002598 -0.74444395 0.40756312 0.5288625 -0.74444395 0.40756318 0.52886254 -0.74444395 0.40756318 0.5288625 -0.74444395 0.4075632 0.52886254 -0.6962229 0.34345752 0.6303259 -0.6962229 0.3434575 0.6303259 -0.6962229 0.3434575 0.6303258 -0.6962229 0.3434575 0.63032585 -0.957567 0.27674222 -0.08049441 -0.95756704 0.27674225 -0.08049441 -0.95756704 0.27674225 -0.080494426 -0.95756704 0.27674228 -0.08049442 -0.95340824 0.30006394 -0.031217584 -0.9534081 0.3000639 -0.031217583 -0.9534082 0.30006394 -0.031217583 -0.9534082 0.30006394 -0.031217583 -0.7742765 0.097748175 -0.625253 -0.7742765 0.097748175 -0.62525296 -0.7742765 0.097748175 -0.625253 -0.77427655 0.09774818 -0.62525296 -0.7399497 0.24844453 -0.62509984 -0.73994976 0.24844454 -0.62509984 -0.7399497 0.24844451 -0.62509984 -0.7399497 0.24844453 -0.62509984 -0.40487298 -0.021322789 -0.9141243 -0.404873 -0.021322789 -0.9141243 -0.40487295 -0.021322787 -0.9141243 -0.40487295 -0.021322787 -0.9141243 -0.36025468 0.20471536 -0.91011447 -0.36025465 0.20471534 -0.91011447 -0.36025465 0.20471534 -0.9101144 -0.36025462 0.20471533 -0.9101144 0.02600899 0.2306482 -0.9726895 0.026008993 0.23064823 -0.97268957 0.026008992 0.2306482 -0.9726895 0.026008993 0.23064822 -0.9726895 0.050643146 0.3739496 -0.9260654 0.050643146 0.3739496 -0.9260653 0.050643153 0.3739496 -0.9260654 0.050643146 0.37394953 -0.9260654 -0.34973595 0.31551683 -0.88211906 -0.34973598 0.3155168 -0.88211906 -0.34973595 0.3155168 -0.88211894 -0.34973598 0.31551686 -0.88211906 0.40436423 0.32260987 -0.85581106 0.40436426 0.32260987 -0.855811 0.4043642 0.32260987 -0.85581094 0.40436426 0.32260987 -0.855811 0.4791952 0.37901017 -0.7916586 0.4791952 0.37901023 -0.7916586 0.4791952 0.37901017 -0.7916586 0.4791952 0.3790102 -0.79165864 0.70207196 0.42927164 -0.5681733 0.70207196 0.42927164 -0.5681733 0.702072 0.4292716 -0.5681733 0.70207196 0.42927158 -0.5681732 0.780704 0.3196926 -0.5369338 0.7807041 0.3196926 -0.5369338 0.780704 0.3196926 -0.5369337 0.780704 0.31969258 -0.5369338 0.85634726 0.49288487 -0.15405805 0.8563474 0.49288487 -0.15405805 0.85634726 0.49288487 -0.15405805 0.85634726 0.49288487 -0.15405807 0.9449901 0.29700994 -0.1370363 0.94499016 0.29700994 -0.1370363 0.9449901 0.29700994 -0.1370363 0.9449901 0.29700994 -0.1370363 0.7467104 0.246609 -0.6177439 0.7467105 0.24660899 -0.6177439 0.7467105 0.24660899 -0.61774397 0.7467105 0.24660897 -0.6177439 0.87518126 0.45088783 -0.17537943 0.8751813 0.4508878 -0.17537941 0.8751813 0.45088783 -0.17537943 0.8751814 0.4508878 -0.17537943 0.90723467 0.38820785 -0.16192605 0.90723467 0.3882078 -0.16192602 0.90723467 0.3882078 -0.16192603 0.9072347 0.38820782 -0.16192605 0.74958086 0.58998644 0.30007434 0.7495808 0.58998644 0.30007434 0.74958086 0.58998644 0.30007434 0.74958086 0.58998644 0.30007434 0.7353454 0.5879718 0.3369813 0.7353454 0.58797175 0.3369813 0.7353454 0.58797175 0.33698127 0.73534536 0.58797175 0.3369813 0.78004134 0.5953338 0.1926481 0.78004134 0.5953338 0.19264811 0.7800414 0.59533376 0.19264811 0.78004134 0.5953338 0.19264811 0.52360487 0.6709543 0.5250316 0.5236049 0.6709543 0.5250316 0.5236049 0.67095435 0.52503157 0.52360487 0.67095435 0.5250316 0.4252992 0.6492361 0.6305657 0.4252992 0.6492361 0.63056576 0.42529917 0.64923614 0.6305657 0.42529917 0.64923614 0.63056576 0.096273355 0.66196996 0.7433217 0.09627335 0.66196996 0.7433217 0.096273355 0.66196996 0.7433218 0.09627336 0.66196996 0.7433218 0.049849078 0.62940913 0.77547365 0.04984908 0.6294091 0.7754736 0.049849078 0.6294091 0.7754736 0.049849078 0.62940913 0.7754736 -0.40836093 0.56530166 0.7167115 -0.4083609 0.56530166 0.7167115 -0.4083609 0.5653017 0.7167115 -0.40836096 0.5653017 0.7167115 -0.3322632 0.58949614 0.7362713 -0.33226326 0.5894962 0.7362713 -0.33226323 0.58949614 0.7362713 -0.33226323 0.58949614 0.7362713 -0.8258211 0.36580607 0.42919174 -0.8258211 0.36580607 0.42919174 -0.82582104 0.36580604 0.42919168 -0.8258211 0.36580607 0.42919174 -0.73936146 0.49001285 0.4617706 -0.73936146 0.49001285 0.46177053 -0.73936146 0.49001288 0.46177056 -0.73936146 0.49001282 0.46177053 -0.9979623 0.06346384 -0.0066162953 -0.99796224 0.06346384 -0.0066162953 -0.99796224 0.06346383 -0.0066162944 -0.99796224 0.06346383 -0.006616295 -0.96763694 0.24728855 -0.050271843 -0.96763694 0.24728855 -0.050271846 -0.96763694 0.24728855 -0.050271846 -0.9676369 0.24728854 -0.050271843 -0.87531286 -0.25140977 -0.4130625 -0.87531286 -0.25140977 -0.41306254 -0.87531286 -0.25140977 -0.4130625 -0.87531286 -0.25140977 -0.41306254 -0.82907724 -0.063154034 -0.555556 -0.8290773 -0.06315404 -0.555556 -0.82907724 -0.063154034 -0.555556 -0.82907736 -0.06315404 -0.55555594 -0.5595444 -0.45478424 -0.69287914 -0.5595443 -0.45478424 -0.69287914 -0.5595444 -0.45478424 -0.69287914 -0.5595444 -0.45478424 -0.69287914 -0.47554314 -0.26715937 -0.83814365 -0.4755432 -0.2671594 -0.83814365 -0.4755431 -0.26715934 -0.8381436 -0.47554314 -0.26715937 -0.8381436 -0.14312366 -0.48903316 -0.8604431 -0.14312367 -0.48903316 -0.8604431 -0.14312367 -0.48903313 -0.8604431 -0.14312367 -0.48903313 -0.8604432 -0.06624176 -0.3239967 -0.9437363 -0.06624176 -0.32399663 -0.9437364 -0.06624176 -0.32399663 -0.9437363 -0.066241756 -0.32399666 -0.9437363 0.3791368 -0.21837997 -0.8992027 0.37913683 -0.21837999 -0.8992027 0.37913683 -0.21837997 -0.89920276 0.37913686 -0.21837999 -0.89920276 0.41838416 0.06052712 -0.90625125 0.41838422 0.06052712 -0.9062512 0.41838416 0.060527116 -0.9062512 0.41838422 0.06052712 -0.90625125 0.006514063 -0.036412958 -0.9993157 0.006514063 -0.036412958 -0.9993156 0.0065140626 -0.036412954 -0.9993156 0.006514063 -0.036412958 -0.9993157 0.37512735 -0.2982977 -0.87766623 0.37512735 -0.2982977 -0.8776662 0.37512738 -0.2982977 -0.8776663 0.37512735 -0.29829767 -0.8776662 0.7981465 0.10024088 -0.59406567 0.7981465 0.10024088 -0.59406567 0.7981465 0.10024087 -0.5940656 0.79814655 0.10024088 -0.59406567 0.7753196 0.062486578 -0.6284704 0.7753196 0.06248657 -0.62847036 0.7753196 0.062486567 -0.62847036 0.77531964 0.06248657 -0.62847036 0.8044814 0.28619218 -0.52048415 0.8044814 0.28619218 -0.5204842 0.8044813 0.28619215 -0.5204842 0.8044814 0.28619218 -0.5204842 0.85299236 0.48177764 -0.20073435 0.85299236 0.48177764 -0.20073433 0.85299236 0.4817777 -0.20073435 0.8529924 0.48177776 -0.20073436 0.88813287 0.42521155 -0.17439967 0.88813287 0.4252116 -0.17439969 0.8881328 0.42521158 -0.17439969 0.88813287 0.42521158 -0.1743997 0.8239343 0.5069288 -0.25328964 0.8239342 0.5069288 -0.25328958 0.82393426 0.5069288 -0.2532896 0.82393426 0.50692886 -0.2532896 0.84079134 0.53681713 -0.069981866 0.84079134 0.53681713 -0.069981866 0.8407913 0.53681713 -0.069981866 0.8407913 0.53681713 -0.069981866 0.8119339 0.5786283 0.0771538 0.8119339 0.57862836 0.07715381 0.8119339 0.57862824 0.077153794 0.8119339 0.5786283 0.07715381 0.7680565 0.5604015 0.3099022 0.76805663 0.5604015 0.3099022 0.76805645 0.5604015 0.3099022 0.7680566 0.56040144 0.30990216 0.6359503 0.6357917 0.43741986 0.6359504 0.63579166 0.43741992 0.6359504 0.6357917 0.43741986 0.6359504 0.63579166 0.43741986 -0.15483868 0.25247726 0.9551337 -0.15483868 0.25247726 0.9551336 -0.15483868 0.2524773 0.9551336 -0.15483868 0.25247726 0.9551336 0.024321813 0.55012923 0.8347254 0.024321811 0.55012923 0.8347254 0.024321815 0.55012923 0.8347254 0.024321811 0.5501292 0.8347254 -0.7390759 -0.13389523 0.6601809 -0.7390759 -0.13389523 0.660181 -0.7390759 -0.13389523 0.6601809 -0.7390759 -0.13389523 0.66018105 -0.65835005 0.23291804 0.71576846 -0.65835 0.23291801 0.71576846 -0.65835005 0.23291801 0.7157684 -0.65835005 0.23291801 0.7157684 -0.8789756 -0.31762743 0.35568935 -0.8789755 -0.31762743 0.3556893 -0.8789755 -0.3176274 0.35568932 -0.8789756 -0.31762746 0.35568932 -0.93198204 -0.03515527 0.36079594 -0.931982 -0.035155267 0.3607959 -0.931982 -0.03515527 0.36079592 -0.93198204 -0.035155267 0.3607959 -0.8927838 -0.4348898 0.11750734 -0.8927839 -0.43488985 0.117507346 -0.8927838 -0.43488982 0.11750734 -0.8927838 -0.4348898 0.11750732 -0.9708124 -0.23578282 0.04392964 -0.97081244 -0.23578285 0.043929644 -0.97081244 -0.23578285 0.043929644 -0.9708124 -0.23578282 0.043929644 -0.83788884 -0.5299579 -0.13071756 -0.8378888 -0.5299579 -0.13071758 -0.8378888 -0.52995783 -0.13071755 -0.8378888 -0.5299579 -0.13071756 -0.87410647 -0.41993508 -0.24411564 -0.8741065 -0.41993517 -0.24411567 -0.87410647 -0.4199351 -0.24411564 -0.87410647 -0.41993508 -0.24411564 -0.58801824 -0.54197174 -0.60041755 -0.58801824 -0.54197174 -0.60041755 -0.5880183 -0.54197174 -0.60041755 -0.58801824 -0.5419718 -0.60041755 -0.6125141 -0.54997593 -0.5677615 -0.6125141 -0.54997593 -0.5677615 -0.6125141 -0.54997593 -0.5677615 -0.6125141 -0.54997593 -0.56776154 0.10088026 -0.16881846 -0.98047113 0.100880265 -0.16881847 -0.98047113 0.10088025 -0.16881844 -0.9804711 0.10088026 -0.16881847 -0.9804711 -0.11536185 -0.47622517 -0.87172323 -0.11536184 -0.47622514 -0.8717232 -0.115361854 -0.47622514 -0.87172323 -0.11536184 -0.47622508 -0.8717232 0.59189564 0.23602803 -0.77068174 0.59189564 0.23602805 -0.77068174 0.5918956 0.23602802 -0.7706818 0.59189564 0.23602806 -0.7706818 0.50418764 -0.09141561 -0.85874224 0.50418764 -0.09141561 -0.85874224 0.5041876 -0.0914156 -0.85874224 0.5041876 -0.0914156 -0.8587422 0.56006455 0.38317108 -0.73451185 0.56006455 0.38317105 -0.73451185 0.5600645 0.38317102 -0.73451185 0.56006455 0.38317102 -0.73451185 0.7308936 0.4551006 -0.50860405 0.7308936 0.4551006 -0.508604 0.7308936 0.45510063 -0.50860405 0.7308936 0.45510063 -0.50860405 0.76538056 0.42181715 -0.48606905 0.7653805 0.4218171 -0.48606905 0.76538056 0.42181712 -0.48606908 0.7653805 0.42181712 -0.48606902 0.51464254 0.39308107 -0.761991 0.51464254 0.39308113 -0.761991 0.5146426 0.39308116 -0.7619911 0.51464254 0.3930811 -0.761991 0.7444303 0.38747668 -0.5437697 0.7444303 0.38747665 -0.5437697 0.7444303 0.38747662 -0.54376966 0.74443024 0.3874767 -0.5437697 0.49211872 0.34167618 -0.8006726 0.49211872 0.34167615 -0.8006726 0.49211875 0.34167618 -0.8006726 0.49211878 0.34167618 -0.80067265 0.7841802 0.25424653 -0.5660568 0.78418016 0.25424653 -0.5660567 0.78418016 0.25424653 -0.5660567 0.78418016 0.25424653 -0.5660567 0.46936837 0.27665186 0.83854467 0.46936837 0.27665186 0.8385446 0.4693684 0.27665186 0.8385447 0.4693684 0.27665186 0.8385447 -0.09430576 0.006694689 0.9955208 -0.09430575 0.0066946885 0.9955208 -0.09430576 0.00669469 0.9955208 -0.09430577 0.006694689 0.9955208 0.9126219 0.28931853 -0.28881857 0.9126219 0.28931856 -0.2888186 0.91262186 0.28931853 -0.28881857 0.9126219 0.28931853 -0.2888186 -0.2059934 0.016686931 0.97841114 -0.20599344 0.016686933 0.97841114 -0.20599341 0.016686931 0.9784111 -0.20599341 0.016686931 0.97841114 0.8989574 0.4364439 0.037316978 0.8989574 0.4364439 0.037316978 0.89895725 0.43644387 0.037316974 0.8989574 0.4364439 0.037316974 -0.6102623 -0.16497308 0.7748316 -0.61026233 -0.1649731 0.77483153 -0.6102623 -0.16497308 0.7748316 -0.61026233 -0.1649731 0.7748316 -0.66336733 -0.22435078 0.71387017 -0.66336733 -0.22435077 0.71387017 -0.6633673 -0.22435077 0.71387017 -0.66336733 -0.2243508 0.71387017 -0.80083084 -0.30391312 0.5160493 -0.8008308 -0.3039131 0.51604927 -0.8008308 -0.3039131 0.5160493 -0.80083084 -0.30391312 0.5160493 -0.8038184 -0.3753614 0.46149752 -0.8038184 -0.37536138 0.46149755 -0.80381835 -0.37536135 0.4614975 -0.8038184 -0.37536138 0.46149752 -0.6480589 -0.020705627 0.76130867 -0.6480589 -0.02070563 0.7613087 -0.64805883 -0.020705627 0.7613087 -0.6480589 -0.02070563 0.7613088 -0.94017416 -0.10206698 0.32504594 -0.9401742 -0.10206697 0.32504594 -0.94017416 -0.102066964 0.32504594 -0.94017416 -0.10206697 0.32504594 -0.56892365 0.4188048 -0.70776296 -0.56892365 0.4188048 -0.707763 -0.5689237 0.41880485 -0.70776296 -0.56892365 0.41880482 -0.70776296 0.0029600558 0.29413545 -0.95575917 0.002960056 0.29413545 -0.95575917 0.0029600558 0.29413548 -0.95575917 0.0029600563 0.29413548 -0.9557592 -0.8205388 -0.15786624 -0.54935807 -0.8205389 -0.15786624 -0.54935807 -0.82053894 -0.15786622 -0.5493581 -0.8205389 -0.15786622 -0.54935807 0.19231452 0.17211051 -0.9661227 0.1923145 0.1721105 -0.96612275 0.19231452 0.1721105 -0.96612275 0.19231452 0.17211051 -0.96612275 -0.49813348 -0.30700245 -0.8109331 -0.49813348 -0.30700243 -0.8109331 -0.4981335 -0.30700245 -0.81093323 -0.4981335 -0.30700243 -0.8109332 0.9634748 0.2238775 -0.14695367 0.96347475 0.2238775 -0.14695367 0.96347475 0.2238775 -0.14695366 0.9634748 0.22387752 -0.14695367 -0.26256236 0.4390099 -0.8592621 -0.26256236 0.43900996 -0.8592621 -0.2625624 0.4390099 -0.8592621 -0.26256236 0.4390099 -0.8592621 -0.54242176 0.4983539 -0.6763299 -0.5424217 0.49835387 -0.6763299 -0.54242176 0.49835393 -0.6763299 -0.54242176 0.49835393 -0.6763299 -0.41648912 0.42453596 -0.8039317 -0.41648918 0.42453596 -0.8039317 -0.41648918 0.42453602 -0.8039317 -0.41648915 0.42453593 -0.80393165 -0.67572415 0.35539034 -0.64582866 -0.67572415 0.35539037 -0.64582866 -0.6757241 0.35539034 -0.64582866 -0.6757241 0.35539037 -0.64582866 -0.36339867 0.040241033 -0.93076426 -0.36339867 0.040241033 -0.9307643 -0.36339864 0.040241033 -0.93076426 -0.36339867 0.040241037 -0.93076426 -0.624952 0.23271431 -0.7451705 -0.624952 0.23271433 -0.74517053 -0.624952 0.23271431 -0.7451705 -0.624952 0.23271434 -0.7451705 -0.81826603 0.5215483 -0.24171934 -0.818266 0.5215483 -0.24171932 -0.81826603 0.5215482 -0.24171932 -0.81826603 0.5215483 -0.24171934 -0.75021946 0.5151764 -0.4144442 -0.7502196 0.5151765 -0.4144442 -0.7502196 0.5151765 -0.4144442 -0.75021946 0.5151765 -0.41444418 -0.7905793 0.38139054 -0.47908843 -0.7905794 0.38139054 -0.4790884 -0.7905793 0.38139054 -0.47908834 -0.7905793 0.3813905 -0.4790883 -0.9233347 0.32847413 -0.19889142 -0.9233348 0.32847413 -0.19889142 -0.9233347 0.32847413 -0.19889142 -0.9233347 0.32847413 -0.1988914 -0.7514111 0.28731367 -0.5939968 -0.751411 0.28731364 -0.5939969 -0.7514111 0.28731367 -0.5939969 -0.7514111 0.28731367 -0.5939969 -0.93715405 0.24927913 -0.24413578 -0.93715405 0.24927917 -0.2441358 -0.937154 0.24927916 -0.24413578 -0.93715405 0.24927916 -0.2441358 -0.98085433 0.11181457 0.15944393 -0.98085433 0.11181458 0.15944393 -0.98085433 0.11181459 0.15944394 -0.9808543 0.11181457 0.15944393 -0.91686255 0.32851124 -0.22681148 -0.91686255 0.3285112 -0.22681147 -0.91686255 0.32851124 -0.22681148 -0.91686255 0.3285112 -0.2268115 -0.9174619 0.35983676 0.16965027 -0.9174619 0.35983685 0.16965029 -0.91746193 0.35983685 0.1696503 -0.9174619 0.35983685 0.1696503 -0.7834068 0.45859087 0.4194859 -0.7834067 0.45859084 0.4194859 -0.78340673 0.45859084 0.4194859 -0.7834068 0.45859087 0.41948593 -0.8800698 0.46650732 0.088589855 -0.88006985 0.46650738 0.08858986 -0.8800698 0.4665073 0.08858986 -0.8800698 0.46650732 0.088589855 -0.7668581 0.57209504 0.2909226 -0.76685816 0.5720951 0.29092264 -0.7668581 0.5720951 0.29092264 -0.76685816 0.5720951 0.29092264 -0.55772936 -0.179302 0.8104251 -0.55772936 -0.17930199 0.81042504 -0.55772936 -0.17930199 0.81042516 -0.5577293 -0.17930199 0.8104251 -0.8833593 -0.07858524 0.46206138 -0.8833593 -0.07858524 0.46206138 -0.8833593 -0.07858524 0.46206135 -0.8833593 -0.07858524 0.46206138 -0.50163186 0.69781893 0.5112869 -0.50163186 0.69781893 0.5112869 -0.50163186 0.69781893 0.5112869 -0.5016318 0.69781893 0.51128685 -0.5958847 0.74519855 0.2993337 -0.5958847 0.74519855 0.29933372 -0.5958847 0.7451985 0.2993337 -0.5958847 0.7451985 0.2993337 -0.6554728 0.6304977 0.415726 -0.6554728 0.6304977 0.41572607 -0.6554728 0.6304977 0.41572604 -0.6554728 0.63049763 0.41572604 -0.62676054 0.6396155 0.4450431 -0.62676054 0.6396154 0.44504303 -0.62676054 0.6396154 0.44504306 -0.62676054 0.6396154 0.44504303 -0.544763 0.6297988 0.5537028 -0.54476297 0.62979877 0.5537028 -0.544763 0.6297988 0.55370283 -0.54476297 0.62979877 0.5537028 -0.7203184 0.36916888 0.5872442 -0.7203184 0.3691689 0.5872443 -0.72031844 0.3691689 0.5872442 -0.7203184 0.36916894 0.5872443 -0.6138423 0.3549639 0.7051229 -0.61384237 0.3549639 0.7051228 -0.6138423 0.35496393 0.7051229 -0.6138423 0.3549639 0.7051229 -0.32405505 0.4661989 0.82319313 -0.32405505 0.46619892 0.82319313 -0.32405505 0.46619886 0.82319313 -0.32405505 0.46619895 0.8231932 -0.5944157 -0.10940502 0.796681 -0.59441566 -0.10940503 0.796681 -0.5944157 -0.10940504 0.796681 -0.5944157 -0.109405026 0.7966809 -0.31106874 -0.09282393 0.9458435 -0.31106877 -0.09282392 0.9458436 -0.31106874 -0.09282392 0.94584364 -0.31106874 -0.09282392 0.94584364 0.1107633 0.4802451 0.8701128 0.11076331 0.48024514 0.8701128 0.110763304 0.48024514 0.87011266 0.110763304 0.48024514 0.8701127 -0.29354542 0.6055264 0.7397086 -0.29354542 0.6055264 0.73970866 -0.29354542 0.6055264 0.73970866 -0.29354542 0.6055264 0.7397087 0.2630878 0.49648586 0.8272162 0.26308784 0.49648592 0.82721627 0.26308784 0.49648583 0.8272162 0.26308787 0.49648592 0.82721627 0.0344537 0.58441746 0.8107215 0.034453694 0.5844174 0.81072146 0.034453698 0.5844174 0.8107214 0.034453694 0.5844174 0.81072146 -0.3934595 0.63897103 0.66098845 -0.3934595 0.63897103 0.66098845 -0.3934595 0.63897103 0.6609884 -0.39345953 0.63897103 0.66098845 -0.47861323 0.50124645 0.7208894 -0.4786132 0.50124633 0.72088945 -0.47861323 0.5012464 0.7208894 -0.4786132 0.5012464 0.72088933 -0.764812 0.27970845 0.58036697 -0.76481205 0.27970845 0.58036697 -0.764812 0.27970842 0.5803669 -0.764812 0.27970842 0.5803669 -0.6235904 0.66468555 0.41149518 -0.6235904 0.6646855 0.41149518 -0.6235904 0.6646855 0.41149518 -0.6235904 0.6646855 0.41149515 -0.11644563 -0.48070666 0.86911535 -0.11644562 -0.4807067 0.8691153 -0.11644564 -0.48070675 0.86911535 -0.11644564 -0.4807067 0.8691154 -0.09249261 -0.63278544 0.7687834 -0.09249261 -0.63278544 0.7687834 -0.09249262 -0.63278544 0.7687834 -0.09249261 -0.63278544 0.7687834 -0.6158323 0.10861192 0.780355 -0.6158324 0.10861193 0.78035504 -0.6158324 0.10861193 0.78035504 -0.6158324 0.10861191 0.780355 -0.173429 -0.59703964 0.78324074 -0.17342901 -0.5970396 0.7832408 -0.173429 -0.59703964 0.78324074 -0.173429 -0.5970396 0.7832408 -0.65304935 -0.54184604 0.5290836 -0.6530494 -0.54184604 0.5290836 -0.6530494 -0.54184604 0.5290836 -0.6530494 -0.54184604 0.52908355 -0.4900835 -0.6612639 0.56793326 -0.49008358 -0.6612639 0.5679334 -0.49008358 -0.6612639 0.5679334 -0.4900835 -0.6612639 0.5679333 -0.95382893 -0.22217709 0.20210859 -0.95382893 -0.22217713 0.2021086 -0.9538289 -0.22217707 0.20210858 -0.95382893 -0.22217712 0.2021086 -0.88365304 -0.3580785 0.30155802 -0.883653 -0.3580785 0.30155802 -0.883653 -0.3580785 0.301558 -0.88365304 -0.35807854 0.30155802 -0.9859235 0.164161 -0.03172086 -0.98592347 0.16416101 -0.031720854 -0.9859235 0.164161 -0.03172086 -0.98592347 0.164161 -0.031720854 -0.9970042 0.051583093 0.057635695 -0.99700415 0.051583096 0.0576357 -0.99700415 0.05158309 0.05763569 -0.99700415 0.051583093 0.057635695 -0.9505992 0.2378183 -0.19950894 -0.9505992 0.2378183 -0.19950892 -0.9505992 0.23781832 -0.19950895 -0.95059913 0.2378183 -0.1995089 -0.81429654 0.52360386 -0.25051984 -0.8142966 0.5236039 -0.25051987 -0.81429666 0.52360386 -0.25051984 -0.81429666 0.52360386 -0.25051984 -0.88576174 0.4375049 -0.15497008 -0.8857618 0.43750492 -0.15497008 -0.88576174 0.43750486 -0.15497006 -0.88576174 0.43750492 -0.15497008 -0.55682135 0.7094361 -0.4320305 -0.55682135 0.7094361 -0.43203056 -0.5568214 0.7094362 -0.43203056 -0.5568214 0.7094361 -0.43203053 -0.49684682 0.83859396 -0.22339115 -0.49684677 0.8385939 -0.22339112 -0.49684682 0.83859396 -0.22339113 -0.4968468 0.8385939 -0.22339115 -0.73820573 0.6544083 -0.16371375 -0.73820573 0.6544082 -0.16371374 -0.7382057 0.6544083 -0.16371374 -0.73820573 0.6544083 -0.16371375 -0.7537108 0.48298272 -0.44569924 -0.7537108 0.48298267 -0.44569921 -0.7537108 0.48298267 -0.44569921 -0.7537108 0.48298267 -0.44569921 -0.8747467 0.23238859 -0.425222 -0.87474674 0.23238859 -0.425222 -0.8747467 0.23238859 -0.42522204 -0.8747468 0.2323886 -0.42522204 -0.42071044 0.29875574 -0.8565908 -0.42071044 0.29875574 -0.85659075 -0.42071044 0.29875576 -0.85659075 -0.4207104 0.29875576 -0.85659075 -0.9864127 0.14644901 -0.074449815 -0.98641276 0.14644901 -0.074449815 -0.9864127 0.146449 -0.07444981 -0.9864127 0.146449 -0.07444981 -0.87116015 -0.07250044 0.48561707 -0.87116015 -0.07250044 0.48561707 -0.8711601 -0.07250043 0.48561704 -0.87116003 -0.072500445 0.48561707 -0.99399674 -0.05625605 0.093838446 -0.9939968 -0.056256056 0.09383846 -0.99399686 -0.056256056 0.09383847 -0.9939968 -0.056256052 0.09383846 -0.8212685 -0.2347596 0.5200059 -0.82126844 -0.23475957 0.5200058 -0.82126844 -0.23475957 0.5200058 -0.8212685 -0.23475958 0.5200059 -0.3624349 0.04946515 0.93069553 -0.36243495 0.049465157 0.9306956 -0.36243492 0.049465153 0.93069553 -0.3624349 0.049465157 0.9306956 -0.86336803 0.11701351 0.49081933 -0.86336803 0.11701351 0.49081936 -0.863368 0.11701349 0.4908193 -0.86336803 0.117013514 0.49081936 -0.40291196 -0.09899584 0.9098692 -0.40291202 -0.09899586 0.9098692 -0.40291196 -0.09899585 0.9098692 -0.40291193 -0.098995835 0.90986913 0.19045322 -0.027659247 0.9813066 0.19045323 -0.02765925 0.9813066 0.19045323 -0.027659249 0.98130655 0.19045322 -0.027659249 0.98130655 -0.35004327 -0.25760102 0.9006173 -0.3500433 -0.257601 0.9006173 -0.3500433 -0.25760102 0.90061736 -0.3500433 -0.257601 0.9006173 0.20496787 -0.079290085 0.97555184 0.20496786 -0.07929009 0.9755518 0.20496784 -0.079290085 0.9755518 0.20496787 -0.0792901 0.97555184 0.53127015 0.1917089 0.8252271 0.5312701 0.1917089 0.82522714 0.5312701 0.1917089 0.82522714 0.53127015 0.1917089 0.8252272 0.21810378 -0.39323133 0.89319646 0.21810377 -0.39323136 0.8931964 0.21810378 -0.3932314 0.8931965 0.21810378 -0.3932314 0.8931965 0.39237088 0.06856765 0.91724783 0.3923709 0.06856765 0.9172479 0.39237088 0.06856764 0.91724783 0.39237085 0.06856763 0.91724783 0.09746372 0.55254287 0.8277665 0.097463705 0.55254287 0.8277664 0.097463705 0.55254287 0.8277664 0.097463705 0.55254287 0.8277665 -0.13751514 0.3208237 0.9371029 -0.13751513 0.3208237 0.9371029 -0.13751516 0.3208237 0.9371029 -0.13751513 0.3208237 0.93710285 -0.12428597 0.5696733 0.8124195 -0.12428597 0.5696733 0.8124195 -0.12428596 0.5696733 0.8124194 -0.124285966 0.56967324 0.8124195 0.1907649 0.5936098 0.78181595 0.19076492 0.5936098 0.78181607 0.19076492 0.5936098 0.781816 0.19076489 0.5936098 0.78181595 -0.05108641 0.6072254 0.79288554 -0.051086407 0.60722554 0.7928855 -0.05108641 0.6072255 0.7928855 -0.05108642 0.60722554 0.79288554 0.38843307 0.5377937 0.7482632 0.38843307 0.53779376 0.7482632 0.38843307 0.5377937 0.7482632 0.3884331 0.5377937 0.7482632 0.7529851 0.3074843 0.58177924 0.752985 0.30748427 0.58177924 0.75298506 0.3074843 0.58177924 0.75298494 0.30748424 0.58177924 0.59346324 0.07434776 0.80142 0.59346324 0.07434776 0.80142 0.5934632 0.07434776 0.8014199 0.5934632 0.07434775 0.8014199 0.46196568 0.5067096 0.72789633 0.4619657 0.50670964 0.7278964 0.4619657 0.5067096 0.72789645 0.4619657 0.5067096 0.72789633 0.572186 0.06972533 0.8171545 0.572186 0.069725335 0.8171546 0.572186 0.069725335 0.8171546 0.572186 0.069725335 0.81715465 0.14816731 0.031478673 0.9884612 0.14816731 0.031478673 0.98846126 0.14816733 0.031478677 0.98846126 0.1481673 0.03147867 0.9884612 0.6419084 0.15312058 0.7513374 0.64190835 0.15312055 0.75133735 0.6419084 0.15312058 0.75133735 0.6419084 0.15312056 0.7513373 0.17551018 0.21453917 0.9608169 0.17551015 0.21453919 0.960817 0.17551018 0.21453919 0.960817 0.17551018 0.21453919 0.960817 -0.32118988 0.2746231 0.9063219 -0.32118988 0.27462313 0.9063218 -0.32118985 0.2746231 0.9063218 -0.3211899 0.27462313 0.9063218 -0.8727986 0.27914393 0.40037644 -0.8727986 0.2791439 0.4003764 -0.8727986 0.27914393 0.40037644 -0.87279856 0.27914393 0.40037644 -0.748499 0.04896798 -0.6613255 -0.74849904 0.048967976 -0.6613255 -0.748499 0.048967976 -0.6613256 -0.748499 0.048967972 -0.6613255 -0.28030968 -0.09399278 -0.9552968 -0.28030968 -0.09399279 -0.95529675 -0.28030965 -0.093992785 -0.95529675 -0.2803097 -0.0939928 -0.9552968 0.44584683 0.48345578 0.75332 0.4458469 0.4834558 0.75332016 0.44584686 0.48345575 0.75332 0.44584692 0.48345584 0.75332016 0.3916447 0.37501928 0.8402232 0.39164463 0.37501925 0.84022313 0.39164472 0.3750193 0.8402232 0.3916447 0.37501928 0.84022313 0.55530095 0.38538453 0.7369665 0.55530095 0.38538453 0.7369665 0.55530095 0.38538456 0.73696655 0.555301 0.3853846 0.73696655 0.4006179 0.36803538 0.83908004 0.4006179 0.36803535 0.8390801 0.40061793 0.36803538 0.8390801 0.40061787 0.36803535 0.83908004 0.48289132 0.32088017 0.8147711 0.48289132 0.32088017 0.8147712 0.48289135 0.32088017 0.81477106 0.48289132 0.3208802 0.8147712 0.65967476 0.414589 0.62685347 0.65967476 0.41458893 0.62685347 0.6596747 0.41458893 0.62685347 0.65967476 0.41458896 0.62685347 0.6351506 0.28108963 0.7194251 0.6351506 0.28108963 0.7194251 0.6351505 0.28108957 0.7194251 0.6351506 0.28108963 0.7194251 -0.7217891 0.03109797 0.6914141 -0.7217891 0.031097975 0.6914141 -0.7217891 0.031097973 0.6914141 -0.7217891 0.031097969 0.69141406 -0.7733004 0.4386631 0.45780063 -0.77330035 0.4386631 0.45780057 -0.77330035 0.43866307 0.45780057 -0.7733004 0.4386631 0.45780063 -0.895895 0.3792729 -0.2313532 -0.895895 0.37927285 -0.2313532 -0.89589506 0.37927294 -0.23135321 -0.895895 0.37927288 -0.23135321 -0.7514532 0.3144687 -0.5800239 -0.75145316 0.31446868 -0.5800238 -0.7514532 0.3144687 -0.5800239 -0.75145316 0.31446868 -0.5800238 0.47706342 -0.04768468 0.8775743 0.47706336 -0.047684677 0.8775743 0.47706345 -0.047684684 0.8775744 0.47706336 -0.04768468 0.8775743 0.7921332 0.3544483 0.4968817 0.7921333 0.35444826 0.4968817 0.7921332 0.35444832 0.49688166 0.7921333 0.3544483 0.4968817 0.8735313 0.37443054 0.31103876 0.8735312 0.37443054 0.31103876 0.8735312 0.3744305 0.31103876 0.87353116 0.3744305 0.31103876 0.8018731 0.4636449 0.37687275 0.801873 0.4636449 0.37687275 0.8018731 0.46364486 0.37687275 0.8018731 0.4636449 0.37687275 0.9998315 0.01825266 0.00199901 0.99983144 0.018252658 0.0019990099 0.9998315 0.018252661 0.00199901 0.9998315 0.018252661 0.0019990103 0.6365914 -0.18774432 -0.7479997 0.6365914 -0.18774433 -0.7479997 0.6365914 -0.18774432 -0.7479997 0.6365913 -0.1877443 -0.7479997 0.91284764 0.36972845 -0.17323482 0.9128475 0.36972848 -0.1732348 0.9128476 0.36972848 -0.17323482 0.91284764 0.36972842 -0.17323482 0.7603133 -0.19928691 -0.6182303 0.7603132 -0.19928691 -0.6182303 0.7603133 -0.19928688 -0.6182303 0.7603133 -0.1992869 -0.6182303 0.4925873 -0.20904788 -0.84478205 0.49258736 -0.2090479 -0.8447821 0.49258727 -0.20904787 -0.84478205 0.49258733 -0.20904787 -0.84478205 0.9225312 0.11329337 -0.36891854 0.92253125 0.11329337 -0.36891857 0.92253125 0.11329338 -0.36891854 0.9225312 0.11329337 -0.36891854 0.4281351 0.1297259 -0.8943555 0.42813507 0.1297259 -0.8943554 0.4281351 0.1297259 -0.8943555 0.4281351 0.12972592 -0.8943554 0.8706704 -0.025575072 -0.4912018 0.8706703 -0.025575068 -0.49120176 0.8706704 -0.025575072 -0.49120176 0.8706703 -0.025575072 -0.4912018 0.8204767 0.02456409 -0.571152 0.8204767 0.024564087 -0.571152 0.8204767 0.024564091 -0.57115203 0.8204767 0.024564086 -0.571152 0.52883816 -0.5783274 0.6211825 0.52883816 -0.5783274 0.6211825 0.52883816 -0.5783274 0.62118244 0.5288382 -0.5783274 0.6211825 0.61064065 -0.14096648 0.77926034 0.6106407 -0.14096649 0.7792603 0.61064065 -0.14096648 0.7792603 0.61064065 -0.14096648 0.7792603 -0.4075378 -0.27653247 0.87031186 -0.4075378 -0.27653247 0.87031186 -0.4075378 -0.27653247 0.87031186 -0.40753782 -0.2765325 0.87031186 -0.5151415 0.09865947 0.851408 -0.51514155 0.098659486 0.85140806 -0.5151415 0.09865948 0.851408 -0.5151415 0.09865947 0.851408 -0.8283178 0.2112555 0.5189034 -0.8283178 0.2112555 0.5189034 -0.8283178 0.21125549 0.5189034 -0.8283178 0.21125549 0.5189034 -0.86022407 0.29774955 0.41395652 -0.86022395 0.29774955 0.41395646 -0.86022407 0.29774955 0.41395655 -0.860224 0.29774955 0.41395655 -0.3990997 0.7169521 -0.57157606 -0.39909965 0.7169521 -0.57157606 -0.3990997 0.71695215 -0.57157606 -0.39909968 0.71695215 -0.571576 -0.39779514 0.38405782 -0.8332219 -0.39779517 0.38405782 -0.83322185 -0.39779514 0.38405782 -0.8332218 -0.39779517 0.38405782 -0.83322185 -0.5193811 0.71443444 -0.46885678 -0.5193811 0.7144345 -0.4688568 -0.51938117 0.7144345 -0.4688568 -0.51938117 0.7144345 -0.46885678 0.30183494 0.47657606 -0.8256943 0.30183494 0.47657606 -0.82569426 0.30183494 0.47657603 -0.82569426 0.30183494 0.47657606 -0.82569426 0.35688633 0.43113005 -0.8287093 0.35688633 0.43113008 -0.8287093 0.35688633 0.4311301 -0.82870936 0.35688633 0.43113008 -0.82870924 -0.80706036 0.17832182 0.56289864 -0.80706036 0.17832182 0.5628987 -0.80706036 0.17832184 0.56289864 -0.8070604 0.17832182 0.56289864 0.7760625 0.10657768 -0.6215853 0.77606255 0.10657768 -0.62158525 0.7760625 0.10657768 -0.62158525 0.7760625 0.10657769 -0.62158525 0.3913075 -0.15094283 -0.9077966 0.39130747 -0.15094282 -0.9077966 0.3913075 -0.15094285 -0.9077966 0.39130747 -0.15094282 -0.9077966 0.24530873 0.07739734 -0.9663505 0.24530874 0.07739735 -0.9663505 0.24530874 0.07739735 -0.9663505 0.24530879 0.077397354 -0.96635056 -0.8817229 -0.38811243 -0.2682045 -0.88172287 -0.38811243 -0.2682045 -0.8817228 -0.3881124 -0.26820448 -0.88172287 -0.38811237 -0.2682045 -0.8239192 -0.55669963 -0.10603211 -0.82391924 -0.55669963 -0.10603212 -0.8239192 -0.5566997 -0.106032126 -0.8239191 -0.55669963 -0.10603211 0.50542307 0.4689356 0.7243252 0.50542307 0.46893558 0.72432524 0.50542307 0.46893558 0.72432524 0.5054231 0.46893558 0.72432524 -0.32323906 0.27714342 0.9048249 -0.3232391 0.27714345 0.9048249 -0.3232391 0.27714345 0.9048249 -0.3232391 0.27714345 0.9048249 0.9981417 0.04677285 -0.03905737 0.99814177 0.046772853 -0.039057374 0.9981417 0.04677285 -0.03905737 0.9981417 0.04677285 -0.03905737 -0.201635 -0.061025467 -0.97755784 -0.20163499 -0.061025463 -0.9775578 -0.20163499 -0.061025467 -0.97755784 -0.20163502 -0.061025467 -0.97755784 -0.029934095 -0.09591091 -0.99493974 -0.029934093 -0.0959109 -0.99493974 -0.0299341 -0.09591092 -0.9949398 -0.029934099 -0.095910914 -0.9949398 -0.4044827 0.90117437 -0.15581577 -0.40448272 0.90117437 -0.15581577 -0.40448272 0.9011744 -0.15581578 -0.40448275 0.9011744 -0.15581578 -0.07774017 0.6563817 -0.7504129 -0.07774016 0.6563817 -0.7504129 -0.07774017 0.6563818 -0.75041294 -0.07774017 0.6563818 -0.75041294 </float_array>
          <technique_common>
            <accessor source="#mesh_1-normal-array" count="1656" stride="3">
              <param name="X" type="float" />
              <param name="Y" type="float" />
              <param name="Z" type="float" />
            </accessor>
          </technique_common>
        </source>
        <source id="mesh_1-texcoord" name="texcoord">
          <float_array id="mesh_1-texcoord-array" count="3312">0.3638032 -0.6141587 0.36645758 -0.61104023 0.3652838 -0.6021084 0.36156762 -0.60445225 0.3638032 -0.6141587 0.36156762 -0.60445225 0.35871655 -0.6009801 0.3606215 -0.6053885 0.3638032 -0.6141587 0.3606215 -0.6053885 0.36368477 -0.6040107 0.36645758 -0.61104023 0.6700494 -0.46320117 0.66682005 -0.45858148 0.66903895 -0.45678112 0.6703081 -0.4582173 0.6700494 -0.46320117 0.6703081 -0.4582173 0.6674046 -0.4569186 0.6684028 -0.46241003 0.35871655 -0.6009801 0.35393822 -0.5835086 0.35530278 -0.5848176 0.3606215 -0.6053885 0.35871655 -0.6009801 0.36156762 -0.60445225 0.35665065 -0.58378625 0.35393822 -0.5835086 0.6700494 -0.46320117 0.6684028 -0.46241003 0.6639861 -0.45734596 0.66682005 -0.45858148 0.66903895 -0.45678112 0.66351044 -0.44428015 0.66549766 -0.4435656 0.6703081 -0.4582173 0.66903895 -0.45678112 0.66682005 -0.45858148 0.6579692 -0.44445294 0.66351044 -0.44428015 0.3688076 -0.54941124 0.36683032 -0.527284 0.3521493 -0.5265235 0.35766074 -0.5542763 0.3688076 -0.54941124 0.38549054 -0.5303762 0.3889643 -0.52783895 0.36683032 -0.527284 0.3688076 -0.54941124 0.36843884 -0.5541134 0.37636906 -0.5280295 0.38549054 -0.5303762 0.42397845 -0.53587127 0.3889643 -0.52783895 0.38549054 -0.5303762 0.41063178 -0.51906157 0.42397845 -0.53587127 0.40632197 -0.54211724 0.38146764 -0.5197062 0.3889643 -0.52783895 0.42397845 -0.53587127 0.44383833 -0.5792222 0.42440683 -0.58095354 0.40632197 -0.54211724 0.42397845 -0.53587127 0.48615643 -0.5401329 0.48596728 -0.5866677 0.44383833 -0.5792222 0.42397845 -0.53587127 0.41063178 -0.51906157 0.44855583 -0.5093655 0.48615643 -0.5401329 0.3677673 -0.59658825 0.36694 -0.5790522 0.36180407 -0.58192337 0.3652838 -0.6021084 0.3677673 -0.59658825 0.36802918 -0.6004943 0.36738306 -0.58108765 0.36694 -0.5790522 0.3677673 -0.59658825 0.3652838 -0.6021084 0.36645758 -0.61104023 0.36802918 -0.6004943 0.36598474 -0.5988716 0.36368477 -0.6040107 0.35931298 -0.58423656 0.36395895 -0.5821227 0.36598474 -0.5988716 0.36395895 -0.5821227 0.36738306 -0.58108765 0.36802918 -0.6004943 0.36598474 -0.5988716 0.36802918 -0.6004943 0.36645758 -0.61104023 0.36368477 -0.6040107 0.43938148 -0.7756156 0.43697625 -0.7803557 0.4482737 -0.7627659 0.44805077 -0.7623591 0.43938148 -0.7756156 0.44805077 -0.7623591 0.4467375 -0.76652026 0.4363643 -0.7832271 0.43938148 -0.7756156 0.4363643 -0.7832271 0.4304269 -0.7953837 0.43697625 -0.7803557 0.28039205 -0.2040534 0.28299242 -0.19837987 0.27712652 -0.23235524 0.27581522 -0.22943404 0.28039205 -0.2040534 0.28806597 -0.18765274 0.2962469 -0.16799507 0.28299242 -0.19837987 0.28039205 -0.2040534 0.27581522 -0.22943404 0.283087 -0.2179848 0.28806597 -0.18765274 0.44689405 -0.78765154 0.45663187 -0.7718173 0.45599568 -0.7698977 0.44428375 -0.7901086 0.44689405 -0.78765154 0.44474748 -0.79522973 0.45490134 -0.7763308 0.45663187 -0.7718173 0.44689405 -0.78765154 0.44428375 -0.7901086 0.4398742 -0.8053096 0.44474748 -0.79522973 0.56857693 -0.37152442 0.5859477 -0.38992685 0.5996612 -0.34830642 0.58012235 -0.31550342 0.544813 -0.41904417 0.5799233 -0.43998277 0.5859477 -0.38992685 0.56857693 -0.37152442 0.56857693 -0.37152442 0.58012235 -0.31550342 0.53581625 -0.34413326 0.544813 -0.41904417 0.5904161 -0.4074852 0.5701867 -0.46304297 0.53660697 -0.46150136 0.5464211 -0.41367766 0.5904161 -0.4074852 0.5836104 -0.35464978 0.62633145 -0.33601645 0.630712 -0.37151116 0.5904161 -0.4074852 0.5464211 -0.41367766 0.54075986 -0.3628612 0.5836104 -0.35464978 0.48615643 -0.5401329 0.44855583 -0.5093655 0.48013952 -0.48829627 0.51755697 -0.5030285 0.48615643 -0.5401329 0.51755697 -0.5030285 0.55405724 -0.5098695 0.5384925 -0.5531123 0.48615643 -0.5401329 0.5384925 -0.5531123 0.53087777 -0.59679306 0.48596728 -0.5866677 0.6202935 -0.36685437 0.63970035 -0.35705978 0.65885967 -0.32244146 0.62646174 -0.3281379 0.6202935 -0.36685437 0.62489575 -0.39405507 0.6331641 -0.38861597 0.63970035 -0.35705978 0.6202935 -0.36685437 0.62646174 -0.3281379 0.5996612 -0.34830642 0.60762674 -0.37690538 0.6202935 -0.36685437 0.6278772 -0.38180643 0.63195133 -0.3996215 0.62489575 -0.39405507 0.6202935 -0.36685437 0.60762674 -0.37690538 0.62147886 -0.39236164 0.6278772 -0.38180643 0.40173638 -0.5316681 0.42511016 -0.58355576 0.44909665 -0.591782 0.44365275 -0.54594475 0.40173638 -0.5316681 0.37396538 -0.5032313 0.38146764 -0.5197062 0.40632197 -0.54211724 0.40173638 -0.5316681 0.40632197 -0.54211724 0.42440683 -0.58095354 0.42511016 -0.58355576 0.6489613 -0.3740068 0.66037405 -0.34795743 0.68056965 -0.33243108 0.6654178 -0.3624374 0.6489613 -0.3740068 0.62991446 -0.39011148 0.630712 -0.37151116 0.66037405 -0.34795743 0.6489613 -0.3740068 0.6278772 -0.38180643 0.62147886 -0.39236164 0.62991446 -0.39011148 0.6489613 -0.3740068 0.6654178 -0.3624374 0.6540015 -0.39246503 0.6455444 -0.39657015 0.6489613 -0.3740068 0.6455444 -0.39657015 0.63195133 -0.3996215 0.6278772 -0.38180643 0.4902024 -0.2264775 0.51197 -0.21166602 0.5241683 -0.2510404 0.48753607 -0.26306367 0.4902024 -0.2264775 0.4606476 -0.21967578 0.47965634 -0.18821928 0.51197 -0.21166602 0.4902024 -0.2264775 0.48753607 -0.26306367 0.44986632 -0.26832166 0.4606476 -0.21967578 0.38220116 -0.12723011 0.3556604 -0.13622242 0.3564011 -0.1600003 0.39974362 -0.14421922 0.38220116 -0.12723011 0.39974362 -0.14421922 0.44216582 -0.13127479 0.40244687 -0.11206257 0.38220116 -0.12723011 0.40244687 -0.11206257 0.3704825 -0.11449197 0.3556604 -0.13622242 0.52624017 -0.0882982 0.5135233 -0.089270055 0.46656796 -0.08333331 0.50041306 -0.08527872 0.50041306 -0.08527872 0.46819317 -0.08767003 0.5261575 -0.11110547 0.5560524 -0.10647443 0.50041306 -0.08527872 0.5560524 -0.10647443 0.5762345 -0.10841581 0.52624017 -0.0882982 0.50041306 -0.08527872 0.46656796 -0.08333331 0.42324054 -0.08720529 0.46819317 -0.08767003 0.42324054 -0.08720529 0.46656796 -0.08333331 0.44090974 -0.09539652 0.3977731 -0.09843308 0.42324054 -0.08720529 0.3977731 -0.09843308 0.3639836 -0.109010905 0.39419878 -0.09749529 0.42324054 -0.08720529 0.39419878 -0.09749529 0.43486744 -0.096971214 0.46819317 -0.08767003 0.43486744 -0.096971214 0.40244687 -0.11206257 0.44216582 -0.13127479 0.48707235 -0.12062484 0.43486744 -0.096971214 0.48707235 -0.12062484 0.5261575 -0.11110547 0.46819317 -0.08767003 0.43486744 -0.096971214 0.39419878 -0.09749529 0.3704825 -0.11449197 0.40244687 -0.11206257 0.48707235 -0.12062484 0.44216582 -0.13127479 0.48350957 -0.17345491 0.53510654 -0.16803282 0.48707235 -0.12062484 0.53510654 -0.16803282 0.5804597 -0.15568298 0.5261575 -0.11110547 0.5804597 -0.15568298 0.53510654 -0.16803282 0.57831275 -0.21907252 0.62192905 -0.20525646 0.5804597 -0.15568298 0.62192905 -0.20525646 0.6483311 -0.20036113 0.6134811 -0.14802095 0.5804597 -0.15568298 0.6134811 -0.14802095 0.5560524 -0.10647443 0.5261575 -0.11110547 0.6134811 -0.14802095 0.6483311 -0.20036113 0.66234255 -0.20312217 0.63268054 -0.15140069 0.6134811 -0.14802095 0.63268054 -0.15140069 0.5762345 -0.10841581 0.5560524 -0.10647443 0.63268054 -0.15140069 0.66234255 -0.20312217 0.6582811 -0.21136361 0.6292858 -0.1560807 0.63268054 -0.15140069 0.6292858 -0.1560807 0.57316965 -0.11031452 0.5762345 -0.10841581 0.57316965 -0.11031452 0.6292858 -0.1560807 0.61251986 -0.16659063 0.5613914 -0.12397179 0.57316965 -0.11031452 0.5613914 -0.12397179 0.49863485 -0.10185 0.5135233 -0.089270055 0.57316965 -0.11031452 0.5135233 -0.089270055 0.52624017 -0.0882982 0.5762345 -0.10841581 0.49863485 -0.10185 0.5613914 -0.12397179 0.5337257 -0.14205304 0.47545025 -0.12321097 0.49863485 -0.10185 0.47545025 -0.12321097 0.4180506 -0.12016782 0.44090974 -0.09539652 0.49863485 -0.10185 0.44090974 -0.09539652 0.46656796 -0.08333331 0.5135233 -0.089270055 0.4180506 -0.12016782 0.47545025 -0.12321097 0.4507437 -0.15105662 0.3956587 -0.15243697 0.4180506 -0.12016782 0.3956587 -0.15243697 0.34805924 -0.15456331 0.3716269 -0.12298712 0.4180506 -0.12016782 0.3716269 -0.12298712 0.3977731 -0.09843308 0.44090974 -0.09539652 0.3716269 -0.12298712 0.34805924 -0.15456331 0.31240135 -0.160618 0.3352927 -0.13169417 0.3716269 -0.12298712 0.3352927 -0.13169417 0.3639836 -0.109010905 0.3977731 -0.09843308 0.3352927 -0.13169417 0.31240135 -0.160618 0.2962469 -0.16799507 0.31533867 -0.14363346 0.3352927 -0.13169417 0.31533867 -0.14363346 0.34027526 -0.12573192 0.3639836 -0.109010905 0.34027526 -0.12573192 0.31533867 -0.14363346 0.3044759 -0.16701186 0.326958 -0.15040976 0.34027526 -0.12573192 0.326958 -0.15040976 0.3556604 -0.13622242 0.3704825 -0.11449197 0.34027526 -0.12573192 0.3704825 -0.11449197 0.39419878 -0.09749529 0.3639836 -0.109010905 0.326958 -0.15040976 0.3044759 -0.16701186 0.29991257 -0.20036128 0.3235029 -0.18011871 0.326958 -0.15040976 0.3235029 -0.18011871 0.3564011 -0.1600003 0.3556604 -0.13622242 0.3235029 -0.18011871 0.29991257 -0.20036128 0.30490786 -0.23372766 0.33788592 -0.20981395 0.3235029 -0.18011871 0.33788592 -0.20981395 0.38127053 -0.19038242 0.3564011 -0.1600003 0.38127053 -0.19038242 0.33788592 -0.20981395 0.35407573 -0.25423783 0.40061462 -0.23635966 0.38127053 -0.19038242 0.40061462 -0.23635966 0.4568536 -0.22437227 0.43117592 -0.17937067 0.38127053 -0.19038242 0.43117592 -0.17937067 0.39974362 -0.14421922 0.3564011 -0.1600003 0.43117592 -0.17937067 0.4568536 -0.22437227 0.5175661 -0.2240375 0.48350957 -0.17345491 0.43117592 -0.17937067 0.48350957 -0.17345491 0.44216582 -0.13127479 0.39974362 -0.14421922 0.5175661 -0.2240375 0.4568536 -0.22437227 0.4756986 -0.28216326 0.52900344 -0.28113234 0.5175661 -0.2240375 0.52900344 -0.28113234 0.5776738 -0.2639451 0.57831275 -0.21907252 0.5175661 -0.2240375 0.57831275 -0.21907252 0.53510654 -0.16803282 0.48350957 -0.17345491 0.5776738 -0.2639451 0.52900344 -0.28113234 0.53581625 -0.34413326 0.58012235 -0.31550342 0.5776738 -0.2639451 0.58012235 -0.31550342 0.6237621 -0.28784496 0.6171607 -0.24748084 0.5776738 -0.2639451 0.6171607 -0.24748084 0.62192905 -0.20525646 0.57831275 -0.21907252 0.6171607 -0.24748084 0.6237621 -0.28784496 0.66142905 -0.28295767 0.654768 -0.24185684 0.6171607 -0.24748084 0.654768 -0.24185684 0.6483311 -0.20036113 0.62192905 -0.20525646 0.654768 -0.24185684 0.66142905 -0.28295767 0.6813934 -0.28857076 0.6710341 -0.24650735 0.654768 -0.24185684 0.6710341 -0.24650735 0.66234255 -0.20312217 0.6483311 -0.20036113 0.6710341 -0.24650735 0.6813934 -0.28857076 0.6823856 -0.29844797 0.67317 -0.26093102 0.6710341 -0.24650735 0.67317 -0.26093102 0.6582811 -0.21136361 0.66234255 -0.20312217 0.67317 -0.26093102 0.6823856 -0.29844797 0.66075826 -0.31605387 0.65284634 -0.27818233 0.67317 -0.26093102 0.65284634 -0.27818233 0.6416538 -0.22075 0.6582811 -0.21136361 0.6416538 -0.22075 0.65284634 -0.27818233 0.6148516 -0.29263192 0.6105072 -0.2324416 0.6416538 -0.22075 0.6105072 -0.2324416 0.5811873 -0.17866397 0.61251986 -0.16659063 0.6416538 -0.22075 0.61251986 -0.16659063 0.6292858 -0.1560807 0.6582811 -0.21136361 0.5811873 -0.17866397 0.6105072 -0.2324416 0.56871164 -0.24366158 0.54461426 -0.19615957 0.5811873 -0.17866397 0.54461426 -0.19615957 0.50478804 -0.16401935 0.5337257 -0.14205304 0.5811873 -0.17866397 0.5337257 -0.14205304 0.5613914 -0.12397179 0.61251986 -0.16659063 0.50478804 -0.16401935 0.54461426 -0.19615957 0.51197 -0.21166602 0.47965634 -0.18821928 0.50478804 -0.16401935 0.47965634 -0.18821928 0.4317811 -0.1829932 0.4507437 -0.15105662 0.50478804 -0.16401935 0.4507437 -0.15105662 0.47545025 -0.12321097 0.5337257 -0.14205304 0.4317811 -0.1829932 0.47965634 -0.18821928 0.4606476 -0.21967578 0.42001912 -0.22111285 0.4317811 -0.1829932 0.42001912 -0.22111285 0.3711751 -0.21956849 0.38005978 -0.18469277 0.4317811 -0.1829932 0.38005978 -0.18469277 0.3956587 -0.15243697 0.4507437 -0.15105662 0.38005978 -0.18469277 0.3711751 -0.21956849 0.32464057 -0.22061643 0.33138782 -0.18637177 0.38005978 -0.18469277 0.33138782 -0.18637177 0.34805924 -0.15456331 0.3956587 -0.15243697 0.33138782 -0.18637177 0.32464057 -0.22061643 0.29142964 -0.22684383 0.29685366 -0.19284719 0.33138782 -0.18637177 0.29685366 -0.19284719 0.31240135 -0.160618 0.34805924 -0.15456331 0.29685366 -0.19284719 0.29142964 -0.22684383 0.27712652 -0.23235524 0.28299242 -0.19837987 0.29685366 -0.19284719 0.28299242 -0.19837987 0.2962469 -0.16799507 0.31240135 -0.160618 0.29142964 -0.22684383 0.32464057 -0.22061643 0.3255831 -0.2569183 0.2939843 -0.26449376 0.29142964 -0.22684383 0.2939843 -0.26449376 0.27934182 -0.2712708 0.27712652 -0.23235524 0.27934182 -0.2712708 0.2939843 -0.26449376 0.30893075 -0.30416578 0.29683262 -0.3077531 0.27934182 -0.2712708 0.29683262 -0.3077531 0.29227206 -0.3038181 0.27689368 -0.26647526 0.27934182 -0.2712708 0.27689368 -0.26647526 0.27581522 -0.22943404 0.27712652 -0.23235524 0.27689368 -0.26647526 0.29227206 -0.3038181 0.29780298 -0.29291683 0.28313586 -0.2544269 0.27689368 -0.26647526 0.28313586 -0.2544269 0.283087 -0.2179848 0.27581522 -0.22943404 0.28313586 -0.2544269 0.29780298 -0.29291683 0.3177427 -0.27424937 0.30490786 -0.23372766 0.28313586 -0.2544269 0.30490786 -0.23372766 0.29991257 -0.20036128 0.283087 -0.2179848 0.3177427 -0.27424937 0.29780298 -0.29291683 0.31666863 -0.3365538 0.3364526 -0.32571882 0.3177427 -0.27424937 0.3364526 -0.32571882 0.37106702 -0.31061327 0.35407573 -0.25423783 0.3177427 -0.27424937 0.35407573 -0.25423783 0.33788592 -0.20981395 0.30490786 -0.23372766 0.37106702 -0.31061327 0.3364526 -0.32571882 0.3532182 -0.37926847 0.38585216 -0.37384188 0.37106702 -0.31061327 0.38585216 -0.37384188 0.44006574 -0.36042744 0.4186979 -0.2922901 0.37106702 -0.31061327 0.4186979 -0.2922901 0.40061462 -0.23635966 0.35407573 -0.25423783 0.4186979 -0.2922901 0.44006574 -0.36042744 0.49104083 -0.35454905 0.4756986 -0.28216326 0.4186979 -0.2922901 0.4756986 -0.28216326 0.4568536 -0.22437227 0.40061462 -0.23635966 0.49104083 -0.35454905 0.44006574 -0.36042744 0.45273054 -0.43947485 0.49743482 -0.43406326 0.49104083 -0.35454905 0.49743482 -0.43406326 0.544813 -0.41904417 0.53581625 -0.34413326 0.49104083 -0.35454905 0.53581625 -0.34413326 0.52900344 -0.28113234 0.4756986 -0.28216326 0.49743482 -0.43406326 0.45273054 -0.43947485 0.45062134 -0.50026226 0.4976323 -0.50117093 0.49743482 -0.43406326 0.4976323 -0.50117093 0.541371 -0.4992163 0.544813 -0.41904417 0.541371 -0.4992163 0.4976323 -0.50117093 0.4883785 -0.55187064 0.52963006 -0.5532652 0.541371 -0.4992163 0.52963006 -0.5532652 0.55876404 -0.55206347 0.5694114 -0.5003825 0.541371 -0.4992163 0.5694114 -0.5003825 0.5799233 -0.43998277 0.544813 -0.41904417 0.5694114 -0.5003825 0.55876404 -0.55206347 0.5747885 -0.5522539 0.584694 -0.50523865 0.5694114 -0.5003825 0.584694 -0.50523865 0.5940384 -0.45508987 0.5799233 -0.43998277 0.5940384 -0.45508987 0.584694 -0.50523865 0.5886184 -0.5101438 0.59807885 -0.46409678 0.5940384 -0.45508987 0.59807885 -0.46409678 0.60971487 -0.42221284 0.6044534 -0.409224 0.5940384 -0.45508987 0.6044534 -0.409224 0.5859477 -0.38992685 0.5799233 -0.43998277 0.6044534 -0.409224 0.60971487 -0.42221284 0.62147886 -0.39236164 0.60762674 -0.37690538 0.6044534 -0.409224 0.60762674 -0.37690538 0.5996612 -0.34830642 0.5859477 -0.38992685 0.60971487 -0.42221284 0.59807885 -0.46409678 0.5913145 -0.4667377 0.60810596 -0.4227097 0.60971487 -0.42221284 0.60810596 -0.4227097 0.62991446 -0.39011148 0.62147886 -0.39236164 0.60810596 -0.4227097 0.5913145 -0.4667377 0.5701867 -0.46304297 0.5904161 -0.4074852 0.60810596 -0.4227097 0.5904161 -0.4074852 0.630712 -0.37151116 0.62991446 -0.39011148 0.5913145 -0.4667377 0.59807885 -0.46409678 0.5886184 -0.5101438 0.5781788 -0.5119597 0.5913145 -0.4667377 0.5781788 -0.5119597 0.55405724 -0.5098695 0.5701867 -0.46304297 0.5781788 -0.5119597 0.5886184 -0.5101438 0.5782202 -0.554336 0.56710154 -0.5557674 0.5781788 -0.5119597 0.56710154 -0.5557674 0.5384925 -0.5531123 0.55405724 -0.5098695 0.56710154 -0.5557674 0.5782202 -0.554336 0.56546634 -0.594357 0.5558267 -0.5961809 0.56710154 -0.5557674 0.5558267 -0.5961809 0.53087777 -0.59679306 0.5384925 -0.5531123 0.5558267 -0.5961809 0.56546634 -0.594357 0.543781 -0.6322712 0.5346063 -0.6330284 0.5558267 -0.5961809 0.5346063 -0.6330284 0.5103201 -0.6330341 0.53087777 -0.59679306 0.5103201 -0.6330341 0.5346063 -0.6330284 0.5146979 -0.6690506 0.4981135 -0.6702878 0.5103201 -0.6330341 0.4981135 -0.6702878 0.47779906 -0.67037123 0.4790603 -0.62966293 0.5103201 -0.6330341 0.4790603 -0.62966293 0.48596728 -0.5866677 0.53087777 -0.59679306 0.4790603 -0.62966293 0.47779906 -0.67037123 0.4606075 -0.6704024 0.4516771 -0.6276057 0.4790603 -0.62966293 0.4516771 -0.6276057 0.44383833 -0.5792222 0.48596728 -0.5866677 0.4516771 -0.6276057 0.4606075 -0.6704024 0.45218217 -0.6708143 0.438787 -0.62937355 0.4516771 -0.6276057 0.438787 -0.62937355 0.42440683 -0.58095354 0.44383833 -0.5792222 0.438787 -0.62937355 0.45218217 -0.6708143 0.45344102 -0.671348 0.4415654 -0.63173014 0.438787 -0.62937355 0.4415654 -0.63173014 0.42511016 -0.58355576 0.42440683 -0.58095354 0.4415654 -0.63173014 0.45344102 -0.671348 0.46314028 -0.67126954 0.4570193 -0.6345515 0.4415654 -0.63173014 0.4570193 -0.6345515 0.44909665 -0.591782 0.42511016 -0.58355576 0.4570193 -0.6345515 0.46314028 -0.67126954 0.47790754 -0.6706437 0.4792403 -0.6357338 0.4570193 -0.6345515 0.4792403 -0.6357338 0.4820119 -0.5955967 0.44909665 -0.591782 0.4820119 -0.5955967 0.4792403 -0.6357338 0.50296694 -0.6354388 0.5148457 -0.5964031 0.4820119 -0.5955967 0.5148457 -0.5964031 0.52963006 -0.5532652 0.4883785 -0.55187064 0.4820119 -0.5955967 0.4883785 -0.55187064 0.44365275 -0.54594475 0.44909665 -0.591782 0.5148457 -0.5964031 0.50296694 -0.6354388 0.52421796 -0.6340616 0.5433634 -0.5954612 0.5148457 -0.5964031 0.5433634 -0.5954612 0.55876404 -0.55206347 0.52963006 -0.5532652 0.5433634 -0.5954612 0.52421796 -0.6340616 0.5390659 -0.632686 0.56201565 -0.59394664 0.5433634 -0.5954612 0.56201565 -0.59394664 0.5747885 -0.5522539 0.55876404 -0.55206347 0.56201565 -0.59394664 0.5390659 -0.632686 0.543781 -0.6322712 0.56546634 -0.594357 0.56201565 -0.59394664 0.56546634 -0.594357 0.5782202 -0.554336 0.5747885 -0.5522539 0.5390659 -0.632686 0.52421796 -0.6340616 0.5095457 -0.66789913 0.5198485 -0.6671651 0.5390659 -0.632686 0.5198485 -0.6671651 0.5222705 -0.6676406 0.543781 -0.6322712 0.5222705 -0.6676406 0.5198485 -0.6671651 0.5045182 -0.6961677 0.5060342 -0.6973602 0.5222705 -0.6676406 0.5060342 -0.6973602 0.50117797 -0.69954455 0.5146979 -0.6690506 0.5222705 -0.6676406 0.5146979 -0.6690506 0.5346063 -0.6330284 0.543781 -0.6322712 0.50117797 -0.69954455 0.5060342 -0.6973602 0.48965004 -0.72399855 0.48640358 -0.72664404 0.50117797 -0.69954455 0.48640358 -0.72664404 0.48011568 -0.7286947 0.4907734 -0.7015783 0.50117797 -0.69954455 0.4907734 -0.7015783 0.4981135 -0.6702878 0.5146979 -0.6690506 0.4907734 -0.7015783 0.48011568 -0.7286947 0.47276327 -0.72907424 0.47817537 -0.7025728 0.4907734 -0.7015783 0.47817537 -0.7025728 0.47779906 -0.67037123 0.4981135 -0.6702878 0.47817537 -0.7025728 0.47276327 -0.72907424 0.46659338 -0.72804856 0.4673591 -0.7025774 0.47817537 -0.7025728 0.4673591 -0.7025774 0.4606075 -0.6704024 0.47779906 -0.67037123 0.4673591 -0.7025774 0.46659338 -0.72804856 0.46318838 -0.72643185 0.46147415 -0.70213574 0.4673591 -0.7025774 0.46147415 -0.70213574 0.45218217 -0.6708143 0.4606075 -0.6704024 0.46147415 -0.70213574 0.46318838 -0.72643185 0.46309617 -0.7248356 0.46154407 -0.70141876 0.46147415 -0.70213574 0.46154407 -0.70141876 0.45344102 -0.671348 0.45218217 -0.6708143 0.46154407 -0.70141876 0.46309617 -0.7248356 0.4660935 -0.7235343 0.46703884 -0.70039773 0.46154407 -0.70141876 0.46703884 -0.70039773 0.46314028 -0.67126954 0.45344102 -0.671348 0.46703884 -0.70039773 0.4660935 -0.7235343 0.4715636 -0.7224161 0.47637132 -0.6990093 0.46703884 -0.70039773 0.47637132 -0.6990093 0.47790754 -0.6706437 0.46314028 -0.67126954 0.47637132 -0.6990093 0.4715636 -0.7224161 0.47831962 -0.72155774 0.48738506 -0.6974602 0.47637132 -0.6990093 0.48738506 -0.6974602 0.49448 -0.6693167 0.47790754 -0.6706437 0.49448 -0.6693167 0.48738506 -0.6974602 0.4976041 -0.69630504 0.5095457 -0.66789913 0.49448 -0.6693167 0.5095457 -0.66789913 0.52421796 -0.6340616 0.50296694 -0.6354388 0.49448 -0.6693167 0.50296694 -0.6354388 0.4792403 -0.6357338 0.47790754 -0.6706437 0.4976041 -0.69630504 0.48738506 -0.6974602 0.47831962 -0.72155774 0.48470724 -0.72129476 0.4976041 -0.69630504 0.48470724 -0.72129476 0.4889376 -0.72206366 0.5045182 -0.6961677 0.4976041 -0.69630504 0.5045182 -0.6961677 0.5198485 -0.6671651 0.5095457 -0.66789913 0.4889376 -0.72206366 0.48470724 -0.72129476 0.4697127 -0.74503946 0.47218868 -0.7466014 0.4889376 -0.72206366 0.47218868 -0.7466014 0.47241795 -0.7490899 0.48965004 -0.72399855 0.4889376 -0.72206366 0.48965004 -0.72399855 0.5060342 -0.6973602 0.5045182 -0.6961677 0.47241795 -0.7490899 0.47218868 -0.7466014 0.45599568 -0.7698977 0.45663187 -0.7718173 0.47241795 -0.7490899 0.45663187 -0.7718173 0.45490134 -0.7763308 0.47009137 -0.7524105 0.47241795 -0.7490899 0.47009137 -0.7524105 0.48640358 -0.72664404 0.48965004 -0.72399855 0.47009137 -0.7524105 0.45490134 -0.7763308 0.45225766 -0.77927667 0.46613362 -0.75453043 0.47009137 -0.7524105 0.46613362 -0.75453043 0.48011568 -0.7286947 0.48640358 -0.72664404 0.46613362 -0.75453043 0.45225766 -0.77927667 0.4489218 -0.777683 0.46175626 -0.7537893 0.46613362 -0.75453043 0.46175626 -0.7537893 0.47276327 -0.72907424 0.48011568 -0.7286947 0.46175626 -0.7537893 0.4489218 -0.777683 0.44669735 -0.7724992 0.4585376 -0.750852 0.46175626 -0.7537893 0.4585376 -0.750852 0.46659338 -0.72804856 0.47276327 -0.72907424 0.4585376 -0.750852 0.44669735 -0.7724992 0.4467375 -0.76652026 0.45728472 -0.7473739 0.4585376 -0.750852 0.45728472 -0.7473739 0.46318838 -0.72643185 0.46659338 -0.72804856 0.45728472 -0.7473739 0.4467375 -0.76652026 0.44805077 -0.7623591 0.45776197 -0.74474174 0.45728472 -0.7473739 0.45776197 -0.74474174 0.46309617 -0.7248356 0.46318838 -0.72643185 0.45776197 -0.74474174 0.44805077 -0.7623591 0.4482737 -0.7627659 0.4593228 -0.74377674 0.45776197 -0.74474174 0.4593228 -0.74377674 0.4660935 -0.7235343 0.46309617 -0.7248356 0.4593228 -0.74377674 0.4482737 -0.7627659 0.44912645 -0.76473653 0.46215045 -0.74374473 0.4593228 -0.74377674 0.46215045 -0.74374473 0.4715636 -0.7224161 0.4660935 -0.7235343 0.46215045 -0.74374473 0.44912645 -0.76473653 0.4511864 -0.7668805 0.46593297 -0.74419713 0.46215045 -0.74374473 0.46593297 -0.74419713 0.47831962 -0.72155774 0.4715636 -0.7224161 0.46593297 -0.74419713 0.4511864 -0.7668805 0.45389363 -0.76845336 0.4697127 -0.74503946 0.46593297 -0.74419713 0.4697127 -0.74503946 0.48470724 -0.72129476 0.47831962 -0.72155774 0.45389363 -0.76845336 0.4511864 -0.7668805 0.43784606 -0.7894274 0.44111082 -0.7907193 0.45389363 -0.76845336 0.44111082 -0.7907193 0.44428375 -0.7901086 0.45599568 -0.7698977 0.45389363 -0.76845336 0.45599568 -0.7698977 0.47218868 -0.7466014 0.4697127 -0.74503946 0.44111082 -0.7907193 0.43784606 -0.7894274 0.43123114 -0.80914485 0.43570864 -0.8093518 0.44111082 -0.7907193 0.43570864 -0.8093518 0.4398742 -0.8053096 0.44428375 -0.7901086 0.43570864 -0.8093518 0.43123114 -0.80914485 0.43226707 -0.82065797 0.43656695 -0.8210592 0.43570864 -0.8093518 0.43656695 -0.8210592 0.4393767 -0.8146876 0.4398742 -0.8053096 0.4393767 -0.8146876 0.43656695 -0.8210592 0.4355036 -0.822845 0.43614337 -0.8152828 0.4393767 -0.8146876 0.43614337 -0.8152828 0.4394983 -0.7993782 0.44306862 -0.80061275 0.4393767 -0.8146876 0.44306862 -0.80061275 0.44474748 -0.79522973 0.4398742 -0.8053096 0.44306862 -0.80061275 0.4394983 -0.7993782 0.4489218 -0.777683 0.45225766 -0.77927667 0.44306862 -0.80061275 0.45225766 -0.77927667 0.45490134 -0.7763308 0.44474748 -0.79522973 0.4394983 -0.7993782 0.43614337 -0.8152828 0.43093592 -0.807884 0.4361688 -0.7923575 0.4394983 -0.7993782 0.4361688 -0.7923575 0.44669735 -0.7724992 0.4489218 -0.777683 0.4361688 -0.7923575 0.43093592 -0.807884 0.4304269 -0.7953837 0.4363643 -0.7832271 0.4361688 -0.7923575 0.4363643 -0.7832271 0.4467375 -0.76652026 0.44669735 -0.7724992 0.43093592 -0.807884 0.43614337 -0.8152828 0.4355036 -0.822845 0.43049008 -0.8178824 0.43093592 -0.807884 0.43049008 -0.8178824 0.42892367 -0.804291 0.4304269 -0.7953837 0.42892367 -0.804291 0.43049008 -0.8178824 0.43226707 -0.82065797 0.43123114 -0.80914485 0.42892367 -0.804291 0.43123114 -0.80914485 0.43784606 -0.7894274 0.43618032 -0.7855437 0.42892367 -0.804291 0.43618032 -0.7855437 0.43697625 -0.7803557 0.4304269 -0.7953837 0.43618032 -0.7855437 0.43784606 -0.7894274 0.4511864 -0.7668805 0.44912645 -0.76473653 0.43618032 -0.7855437 0.44912645 -0.76473653 0.4482737 -0.7627659 0.43697625 -0.7803557 0.5782202 -0.554336 0.5886184 -0.5101438 0.584694 -0.50523865 0.5747885 -0.5522539 0.4883785 -0.55187064 0.4976323 -0.50117093 0.45062134 -0.50026226 0.44365275 -0.54594475 0.45062134 -0.50026226 0.4007871 -0.4941191 0.40173638 -0.5316681 0.44365275 -0.54594475 0.45062134 -0.50026226 0.45273054 -0.43947485 0.41012633 -0.44746834 0.4007871 -0.4941191 0.41012633 -0.44746834 0.36630976 -0.4327126 0.36811978 -0.47419572 0.4007871 -0.4941191 0.41012633 -0.44746834 0.45273054 -0.43947485 0.44006574 -0.36042744 0.38585216 -0.37384188 0.41012633 -0.44746834 0.38585216 -0.37384188 0.3532182 -0.37926847 0.36630976 -0.4327126 0.36811978 -0.47419572 0.34725258 -0.4588422 0.35425454 -0.48552716 0.37396538 -0.5032313 0.36811978 -0.47419572 0.37396538 -0.5032313 0.40173638 -0.5316681 0.4007871 -0.4941191 0.36811978 -0.47419572 0.36630976 -0.4327126 0.34148046 -0.42481494 0.34725258 -0.4588422 0.34148046 -0.42481494 0.3314649 -0.41776854 0.3366028 -0.44736016 0.34725258 -0.4588422 0.34148046 -0.42481494 0.36630976 -0.4327126 0.3532182 -0.37926847 0.3320367 -0.3816959 0.34148046 -0.42481494 0.3320367 -0.3816959 0.3245917 -0.38200772 0.3314649 -0.41776854 0.3245917 -0.38200772 0.33122528 -0.37948334 0.33500502 -0.41063446 0.3314649 -0.41776854 0.3245917 -0.38200772 0.3320367 -0.3816959 0.31666863 -0.3365538 0.3106295 -0.3429762 0.3245917 -0.38200772 0.3106295 -0.3429762 0.3172166 -0.34478816 0.33122528 -0.37948334 0.3172166 -0.34478816 0.33618557 -0.3427089 0.35366207 -0.37539902 0.33122528 -0.37948334 0.3172166 -0.34478816 0.3106295 -0.3429762 0.29227206 -0.3038181 0.29683262 -0.3077531 0.3172166 -0.34478816 0.29683262 -0.3077531 0.30893075 -0.30416578 0.33618557 -0.3427089 0.35366207 -0.37539902 0.39974996 -0.37394464 0.38193414 -0.4052735 0.3513196 -0.40530998 0.35366207 -0.37539902 0.3513196 -0.40530998 0.33500502 -0.41063446 0.33122528 -0.37948334 0.35366207 -0.37539902 0.33618557 -0.3427089 0.368808 -0.3421811 0.39974996 -0.37394464 0.368808 -0.3421811 0.4043709 -0.3491578 0.4269837 -0.38711402 0.39974996 -0.37394464 0.368808 -0.3421811 0.33618557 -0.3427089 0.30893075 -0.30416578 0.33755052 -0.29673296 0.368808 -0.3421811 0.33755052 -0.29673296 0.37559777 -0.29909962 0.4043709 -0.3491578 0.37559777 -0.29909962 0.41082808 -0.3041029 0.43367255 -0.35693777 0.4043709 -0.3491578 0.37559777 -0.29909962 0.33755052 -0.29673296 0.3255831 -0.2569183 0.36887237 -0.25581104 0.37559777 -0.29909962 0.36887237 -0.25581104 0.4094723 -0.26093996 0.41082808 -0.3041029 0.4094723 -0.26093996 0.44986632 -0.26832166 0.4444153 -0.30748758 0.41082808 -0.3041029 0.4094723 -0.26093996 0.36887237 -0.25581104 0.3711751 -0.21956849 0.42001912 -0.22111285 0.4094723 -0.26093996 0.42001912 -0.22111285 0.4606476 -0.21967578 0.44986632 -0.26832166 0.4444153 -0.30748758 0.47911313 -0.30737555 0.5011454 -0.36514044 0.4660462 -0.36242518 0.4444153 -0.30748758 0.4660462 -0.36242518 0.43367255 -0.35693777 0.41082808 -0.3041029 0.4444153 -0.30748758 0.44986632 -0.26832166 0.48753607 -0.26306367 0.47911313 -0.30737555 0.4660462 -0.36242518 0.5011454 -0.36514044 0.5093593 -0.41394022 0.47632363 -0.40867943 0.4660462 -0.36242518 0.47632363 -0.40867943 0.44827807 -0.39929545 0.43367255 -0.35693777 0.44827807 -0.39929545 0.47632363 -0.40867943 0.4670885 -0.44532323 0.43770143 -0.43154192 0.44827807 -0.39929545 0.43770143 -0.43154192 0.4191489 -0.417647 0.4269837 -0.38711402 0.44827807 -0.39929545 0.4269837 -0.38711402 0.4043709 -0.3491578 0.43367255 -0.35693777 0.4191489 -0.417647 0.43770143 -0.43154192 0.40299207 -0.45109367 0.38291523 -0.43787855 0.4191489 -0.417647 0.38291523 -0.43787855 0.36216527 -0.43241018 0.38193414 -0.4052735 0.4191489 -0.417647 0.38193414 -0.4052735 0.39974996 -0.37394464 0.4269837 -0.38711402 0.36216527 -0.43241018 0.38291523 -0.43787855 0.36742836 -0.4644951 0.35192916 -0.46132055 0.36216527 -0.43241018 0.35192916 -0.46132055 0.3414316 -0.4624534 0.34514496 -0.43335104 0.36216527 -0.43241018 0.34514496 -0.43335104 0.3513196 -0.40530998 0.38193414 -0.4052735 0.34514496 -0.43335104 0.3414316 -0.4624534 0.3377949 -0.4669075 0.33623406 -0.43876675 0.34514496 -0.43335104 0.33623406 -0.43876675 0.33500502 -0.41063446 0.3513196 -0.40530998 0.33623406 -0.43876675 0.3377949 -0.4669075 0.3420022 -0.4742485 0.3366028 -0.44736016 0.33623406 -0.43876675 0.3366028 -0.44736016 0.3314649 -0.41776854 0.33500502 -0.41063446 0.3420022 -0.4742485 0.3377949 -0.4669075 0.33896396 -0.49565372 0.34614074 -0.50035095 0.3420022 -0.4742485 0.34614074 -0.50035095 0.36060044 -0.5074334 0.35425454 -0.48552716 0.3420022 -0.4742485 0.35425454 -0.48552716 0.34725258 -0.4588422 0.3366028 -0.44736016 0.36060044 -0.5074334 0.34614074 -0.50035095 0.3521493 -0.5265235 0.36683032 -0.527284 0.36060044 -0.5074334 0.36683032 -0.527284 0.3889643 -0.52783895 0.38146764 -0.5197062 0.36060044 -0.5074334 0.38146764 -0.5197062 0.37396538 -0.5032313 0.35425454 -0.48552716 0.34614074 -0.50035095 0.33896396 -0.49565372 0.34370133 -0.5252421 0.3521493 -0.5265235 0.34370133 -0.5252421 0.34139663 -0.5238056 0.34741986 -0.55577445 0.3503242 -0.55580634 0.34370133 -0.5252421 0.3503242 -0.55580634 0.35766074 -0.5542763 0.3521493 -0.5265235 0.34370133 -0.5252421 0.33896396 -0.49565372 0.33904025 -0.49249506 0.34139663 -0.5238056 0.33904025 -0.49249506 0.345623 -0.49127185 0.34496018 -0.52303004 0.34139663 -0.5238056 0.33904025 -0.49249506 0.33896396 -0.49565372 0.3377949 -0.4669075 0.3414316 -0.4624534 0.33904025 -0.49249506 0.3414316 -0.4624534 0.35192916 -0.46132055 0.345623 -0.49127185 0.34496018 -0.52303004 0.35327423 -0.5233765 0.35502344 -0.55568755 0.34935662 -0.55589235 0.34496018 -0.52303004 0.34935662 -0.55589235 0.34741986 -0.55577445 0.34139663 -0.5238056 0.34496018 -0.52303004 0.345623 -0.49127185 0.35738617 -0.49271676 0.35327423 -0.5233765 0.35738617 -0.49271676 0.37303716 -0.49741748 0.36454388 -0.52513635 0.35327423 -0.5233765 0.35738617 -0.49271676 0.345623 -0.49127185 0.35192916 -0.46132055 0.36742836 -0.4644951 0.35738617 -0.49271676 0.36742836 -0.4644951 0.38666078 -0.4724661 0.37303716 -0.49741748 0.38666078 -0.4724661 0.41303384 -0.48529822 0.39163738 -0.5058034 0.37303716 -0.49741748 0.38666078 -0.4724661 0.36742836 -0.4644951 0.38291523 -0.43787855 0.40299207 -0.45109367 0.38666078 -0.4724661 0.40299207 -0.45109367 0.44192937 -0.47162497 0.41303384 -0.48529822 0.44192937 -0.47162497 0.48013952 -0.48829627 0.44855583 -0.5093655 0.41303384 -0.48529822 0.44192937 -0.47162497 0.40299207 -0.45109367 0.43770143 -0.43154192 0.4670885 -0.44532323 0.44192937 -0.47162497 0.4670885 -0.44532323 0.5013 -0.45555618 0.48013952 -0.48829627 0.5013 -0.45555618 0.53660697 -0.46150136 0.51755697 -0.5030285 0.48013952 -0.48829627 0.5013 -0.45555618 0.4670885 -0.44532323 0.47632363 -0.40867943 0.5093593 -0.41394022 0.5013 -0.45555618 0.5093593 -0.41394022 0.5464211 -0.41367766 0.53660697 -0.46150136 0.39163738 -0.5058034 0.41063178 -0.51906157 0.38549054 -0.5303762 0.37636906 -0.5280295 0.39163738 -0.5058034 0.37636906 -0.5280295 0.36454388 -0.52513635 0.37303716 -0.49741748 0.39163738 -0.5058034 0.41303384 -0.48529822 0.44855583 -0.5093655 0.41063178 -0.51906157 0.36454388 -0.52513635 0.37636906 -0.5280295 0.36843884 -0.5541134 0.36235082 -0.55514157 0.36454388 -0.52513635 0.36235082 -0.55514157 0.35502344 -0.55568755 0.35327423 -0.5233765 0.36235082 -0.55514157 0.36843884 -0.5541134 0.36738306 -0.58108765 0.36395895 -0.5821227 0.36235082 -0.55514157 0.36395895 -0.5821227 0.35931298 -0.58423656 0.35502344 -0.55568755 0.34935662 -0.55589235 0.35502344 -0.55568755 0.35931298 -0.58423656 0.35530278 -0.5848176 0.34935662 -0.55589235 0.35530278 -0.5848176 0.35393822 -0.5835086 0.34741986 -0.55577445 0.3503242 -0.55580634 0.34741986 -0.55577445 0.35393822 -0.5835086 0.35665065 -0.58378625 0.3503242 -0.55580634 0.35665065 -0.58378625 0.36180407 -0.58192337 0.35766074 -0.5542763 0.5093593 -0.41394022 0.5011454 -0.36514044 0.54075986 -0.3628612 0.5464211 -0.41367766 0.5011454 -0.36514044 0.47911313 -0.30737555 0.5253834 -0.30736834 0.54075986 -0.3628612 0.5253834 -0.30736834 0.57134974 -0.3028646 0.5836104 -0.35464978 0.54075986 -0.3628612 0.5253834 -0.30736834 0.47911313 -0.30737555 0.48753607 -0.26306367 0.5241683 -0.2510404 0.5253834 -0.30736834 0.5241683 -0.2510404 0.56871164 -0.24366158 0.57134974 -0.3028646 0.57134974 -0.3028646 0.6148516 -0.29263192 0.62633145 -0.33601645 0.5836104 -0.35464978 0.57134974 -0.3028646 0.56871164 -0.24366158 0.6105072 -0.2324416 0.6148516 -0.29263192 0.36887237 -0.25581104 0.3255831 -0.2569183 0.32464057 -0.22061643 0.3711751 -0.21956849 0.33755052 -0.29673296 0.30893075 -0.30416578 0.2939843 -0.26449376 0.3255831 -0.2569183 0.3106295 -0.3429762 0.31666863 -0.3365538 0.29780298 -0.29291683 0.29227206 -0.3038181 0.3320367 -0.3816959 0.3532182 -0.37926847 0.3364526 -0.32571882 0.31666863 -0.3365538 0.54461426 -0.19615957 0.56871164 -0.24366158 0.5241683 -0.2510404 0.51197 -0.21166602 0.6148516 -0.29263192 0.65284634 -0.27818233 0.66075826 -0.31605387 0.62633145 -0.33601645 0.66075826 -0.31605387 0.6823856 -0.29844797 0.68056965 -0.33243108 0.66037405 -0.34795743 0.66075826 -0.31605387 0.66037405 -0.34795743 0.630712 -0.37151116 0.62633145 -0.33601645 0.6823856 -0.29844797 0.6813934 -0.28857076 0.6819962 -0.32600406 0.68056965 -0.33243108 0.6819962 -0.32600406 0.65885967 -0.32244146 0.63970035 -0.35705978 0.65937865 -0.35734716 0.6819962 -0.32600406 0.65937865 -0.35734716 0.6654178 -0.3624374 0.68056965 -0.33243108 0.6819962 -0.32600406 0.6813934 -0.28857076 0.66142905 -0.28295767 0.65885967 -0.32244146 0.65937865 -0.35734716 0.63970035 -0.35705978 0.6331641 -0.38861597 0.64708936 -0.38880226 0.65937865 -0.35734716 0.64708936 -0.38880226 0.6540015 -0.39246503 0.6654178 -0.3624374 0.64708936 -0.38880226 0.6331641 -0.38861597 0.6406429 -0.41787738 0.65033543 -0.418262 0.64708936 -0.38880226 0.65033543 -0.418262 0.6567286 -0.42073274 0.6540015 -0.39246503 0.6567286 -0.42073274 0.65033543 -0.418262 0.66088104 -0.44180426 0.66549766 -0.4435656 0.6567286 -0.42073274 0.66549766 -0.4435656 0.66351044 -0.44428015 0.652689 -0.422688 0.6567286 -0.42073274 0.652689 -0.422688 0.6455444 -0.39657015 0.6540015 -0.39246503 0.652689 -0.422688 0.66351044 -0.44428015 0.6579692 -0.44445294 0.6435894 -0.42320433 0.652689 -0.422688 0.6435894 -0.42320433 0.63195133 -0.3996215 0.6455444 -0.39657015 0.6435894 -0.42320433 0.6579692 -0.44445294 0.6534921 -0.44277424 0.6372077 -0.4206043 0.6435894 -0.42320433 0.6372077 -0.4206043 0.62489575 -0.39405507 0.63195133 -0.3996215 0.6372077 -0.4206043 0.6534921 -0.44277424 0.6546039 -0.44091475 0.6406429 -0.41787738 0.6372077 -0.4206043 0.6406429 -0.41787738 0.6331641 -0.38861597 0.62489575 -0.39405507 0.6546039 -0.44091475 0.6534921 -0.44277424 0.6639861 -0.45734596 0.66304076 -0.45421863 0.6546039 -0.44091475 0.66304076 -0.45421863 0.6674046 -0.4569186 0.66088104 -0.44180426 0.6546039 -0.44091475 0.66088104 -0.44180426 0.65033543 -0.418262 0.6406429 -0.41787738 0.6534921 -0.44277424 0.6579692 -0.44445294 0.66682005 -0.45858148 0.6639861 -0.45734596 0.66088104 -0.44180426 0.6674046 -0.4569186 0.6703081 -0.4582173 0.66549766 -0.4435656 0.66142905 -0.28295767 0.6237621 -0.28784496 0.62646174 -0.3281379 0.65885967 -0.32244146 0.6237621 -0.28784496 0.58012235 -0.31550342 0.5996612 -0.34830642 0.62646174 -0.3281379 0.29991257 -0.20036128 0.3044759 -0.16701186 0.28806597 -0.18765274 0.283087 -0.2179848 0.3044759 -0.16701186 0.31533867 -0.14363346 0.2962469 -0.16799507 0.28806597 -0.18765274 0.55405724 -0.5098695 0.51755697 -0.5030285 0.53660697 -0.46150136 0.5701867 -0.46304297 0.35931298 -0.58423656 0.36368477 -0.6040107 0.3606215 -0.6053885 0.35530278 -0.5848176 0.36738306 -0.58108765 0.36843884 -0.5541134 0.3688076 -0.54941124 0.36694 -0.5790522 0.36180407 -0.58192337 0.35665065 -0.58378625 0.36156762 -0.60445225 0.3652838 -0.6021084 0.36180407 -0.58192337 0.36694 -0.5790522 0.3688076 -0.54941124 0.35766074 -0.5542763 0.4355036 -0.822845 0.43656695 -0.8210592 0.43226707 -0.82065797 0.43049008 -0.8178824 0.6684028 -0.46241003 0.6674046 -0.4569186 0.66304076 -0.45421863 0.6639861 -0.45734596 </float_array>
          <technique_common>
            <accessor source="#mesh_1-texcoord-array" count="1656" stride="2">
              <param name="S" type="float" />
              <param name="T" type="float" />
            </accessor>
          </technique_common>
        </source>
        <vertices id="mesh_1-vertices">
          <input semantic="POSITION" source="#mesh_1-position" />
        </vertices>
        <triangles material="default" count="828">
          <input semantic="VERTEX" source="#mesh_1-vertices" offset="0" />
          <input semantic="NORMAL" source="#mesh_1-normal" offset="1" />
          <input semantic="TEXCOORD" source="#mesh_1-texcoord" offset="2" />
          <p>0 0 0 1 1 1 2 2 2 0 0 0 2 2 2 3 3 3 4 4 4 5 5 5 6 6 6 4 4 4 6 6 6 7 7 7 8 8 8 9 9 9 10 10 10 8 8 8 10 10 10 11 11 11 12 12 12 13 13 13 14 14 14 12 12 12 14 14 14 15 15 15 16 16 16 17 17 17 18 18 18 16 16 16 18 18 18 19 19 19 20 20 20 21 21 21 22 22 22 20 20 20 22 22 22 23 23 23 24 24 24 25 25 25 26 26 26 24 24 24 26 26 26 27 27 27 28 28 28 29 29 29 30 30 30 28 28 28 30 30 30 31 31 31 32 32 32 33 33 33 34 34 34 32 32 32 34 34 34 35 35 35 36 36 36 37 37 37 38 38 38 36 36 36 38 38 38 39 39 39 40 40 40 41 41 41 42 42 42 40 40 40 42 42 42 43 43 43 44 44 44 45 45 45 46 46 46 44 44 44 46 46 46 47 47 47 48 48 48 49 49 49 50 50 50 48 48 48 50 50 50 51 51 51 52 52 52 53 53 53 54 54 54 52 52 52 54 54 54 55 55 55 56 56 56 57 57 57 58 58 58 56 56 56 58 58 58 59 59 59 60 60 60 61 61 61 62 62 62 60 60 60 62 62 62 63 63 63 64 64 64 65 65 65 66 66 66 64 64 64 66 66 66 67 67 67 68 68 68 69 69 69 70 70 70 68 68 68 70 70 70 71 71 71 72 72 72 73 73 73 74 74 74 72 72 72 74 74 74 75 75 75 76 76 76 77 77 77 78 78 78 76 76 76 78 78 78 79 79 79 80 80 80 81 81 81 82 82 82 80 80 80 82 82 82 83 83 83 84 84 84 85 85 85 86 86 86 84 84 84 86 86 86 87 87 87 88 88 88 89 89 89 90 90 90 88 88 88 90 90 90 91 91 91 92 92 92 93 93 93 94 94 94 92 92 92 94 94 94 95 95 95 96 96 96 97 97 97 98 98 98 96 96 96 98 98 98 99 99 99 100 100 100 101 101 101 102 102 102 100 100 100 102 102 102 103 103 103 104 104 104 105 105 105 106 106 106 104 104 104 106 106 106 107 107 107 108 108 108 109 109 109 110 110 110 108 108 108 110 110 110 111 111 111 112 112 112 113 113 113 114 114 114 112 112 112 114 114 114 115 115 115 116 116 116 117 117 117 118 118 118 116 116 116 118 118 118 119 119 119 120 120 120 121 121 121 122 122 122 120 120 120 122 122 122 123 123 123 124 124 124 125 125 125 126 126 126 124 124 124 126 126 126 127 127 127 128 128 128 129 129 129 130 130 130 128 128 128 130 130 130 131 131 131 132 132 132 133 133 133 134 134 134 132 132 132 134 134 134 135 135 135 136 136 136 137 137 137 138 138 138 136 136 136 138 138 138 139 139 139 140 140 140 141 141 141 142 142 142 140 140 140 142 142 142 143 143 143 144 144 144 145 145 145 146 146 146 144 144 144 146 146 146 147 147 147 148 148 148 149 149 149 150 150 150 148 148 148 150 150 150 151 151 151 152 152 152 153 153 153 154 154 154 152 152 152 154 154 154 155 155 155 156 156 156 157 157 157 158 158 158 156 156 156 158 158 158 159 159 159 160 160 160 161 161 161 162 162 162 160 160 160 162 162 162 163 163 163 164 164 164 165 165 165 166 166 166 164 164 164 166 166 166 167 167 167 168 168 168 169 169 169 170 170 170 168 168 168 170 170 170 171 171 171 172 172 172 173 173 173 174 174 174 172 172 172 174 174 174 175 175 175 176 176 176 177 177 177 178 178 178 176 176 176 178 178 178 179 179 179 180 180 180 181 181 181 182 182 182 180 180 180 182 182 182 183 183 183 184 184 184 185 185 185 186 186 186 184 184 184 186 186 186 187 187 187 188 188 188 189 189 189 190 190 190 188 188 188 190 190 190 191 191 191 192 192 192 193 193 193 194 194 194 192 192 192 194 194 194 195 195 195 196 196 196 197 197 197 198 198 198 196 196 196 198 198 198 199 199 199 200 200 200 201 201 201 202 202 202 200 200 200 202 202 202 203 203 203 204 204 204 205 205 205 206 206 206 204 204 204 206 206 206 207 207 207 208 208 208 209 209 209 210 210 210 208 208 208 210 210 210 211 211 211 212 212 212 213 213 213 214 214 214 212 212 212 214 214 214 215 215 215 216 216 216 217 217 217 218 218 218 216 216 216 218 218 218 219 219 219 220 220 220 221 221 221 222 222 222 220 220 220 222 222 222 223 223 223 224 224 224 225 225 225 226 226 226 224 224 224 226 226 226 227 227 227 228 228 228 229 229 229 230 230 230 228 228 228 230 230 230 231 231 231 232 232 232 233 233 233 234 234 234 232 232 232 234 234 234 235 235 235 236 236 236 237 237 237 238 238 238 236 236 236 238 238 238 239 239 239 240 240 240 241 241 241 242 242 242 240 240 240 242 242 242 243 243 243 244 244 244 245 245 245 246 246 246 244 244 244 246 246 246 247 247 247 248 248 248 249 249 249 250 250 250 248 248 248 250 250 250 251 251 251 252 252 252 253 253 253 254 254 254 252 252 252 254 254 254 255 255 255 256 256 256 257 257 257 258 258 258 256 256 256 258 258 258 259 259 259 260 260 260 261 261 261 262 262 262 260 260 260 262 262 262 263 263 263 264 264 264 265 265 265 266 266 266 264 264 264 266 266 266 267 267 267 268 268 268 269 269 269 270 270 270 268 268 268 270 270 270 271 271 271 272 272 272 273 273 273 274 274 274 272 272 272 274 274 274 275 275 275 276 276 276 277 277 277 278 278 278 276 276 276 278 278 278 279 279 279 280 280 280 281 281 281 282 282 282 280 280 280 282 282 282 283 283 283 284 284 284 285 285 285 286 286 286 284 284 284 286 286 286 287 287 287 288 288 288 289 289 289 290 290 290 288 288 288 290 290 290 291 291 291 292 292 292 293 293 293 294 294 294 292 292 292 294 294 294 295 295 295 296 296 296 297 297 297 298 298 298 296 296 296 298 298 298 299 299 299 300 300 300 301 301 301 302 302 302 300 300 300 302 302 302 303 303 303 304 304 304 305 305 305 306 306 306 304 304 304 306 306 306 307 307 307 308 308 308 309 309 309 310 310 310 308 308 308 310 310 310 311 311 311 312 312 312 313 313 313 314 314 314 312 312 312 314 314 314 315 315 315 316 316 316 317 317 317 318 318 318 316 316 316 318 318 318 319 319 319 320 320 320 321 321 321 322 322 322 320 320 320 322 322 322 323 323 323 324 324 324 325 325 325 326 326 326 324 324 324 326 326 326 327 327 327 328 328 328 329 329 329 330 330 330 328 328 328 330 330 330 331 331 331 332 332 332 333 333 333 334 334 334 332 332 332 334 334 334 335 335 335 336 336 336 337 337 337 338 338 338 336 336 336 338 338 338 339 339 339 340 340 340 341 341 341 342 342 342 340 340 340 342 342 342 343 343 343 344 344 344 345 345 345 346 346 346 344 344 344 346 346 346 347 347 347 348 348 348 349 349 349 350 350 350 348 348 348 350 350 350 351 351 351 352 352 352 353 353 353 354 354 354 352 352 352 354 354 354 355 355 355 356 356 356 357 357 357 358 358 358 356 356 356 358 358 358 359 359 359 360 360 360 361 361 361 362 362 362 360 360 360 362 362 362 363 363 363 364 364 364 365 365 365 366 366 366 364 364 364 366 366 366 367 367 367 368 368 368 369 369 369 370 370 370 368 368 368 370 370 370 371 371 371 372 372 372 373 373 373 374 374 374 372 372 372 374 374 374 375 375 375 376 376 376 377 377 377 378 378 378 376 376 376 378 378 378 379 379 379 380 380 380 381 381 381 382 382 382 380 380 380 382 382 382 383 383 383 384 384 384 385 385 385 386 386 386 384 384 384 386 386 386 387 387 387 388 388 388 389 389 389 390 390 390 388 388 388 390 390 390 391 391 391 392 392 392 393 393 393 394 394 394 392 392 392 394 394 394 395 395 395 396 396 396 397 397 397 398 398 398 396 396 396 398 398 398 399 399 399 400 400 400 401 401 401 402 402 402 400 400 400 402 402 402 403 403 403 404 404 404 405 405 405 406 406 406 404 404 404 406 406 406 407 407 407 408 408 408 409 409 409 410 410 410 408 408 408 410 410 410 411 411 411 412 412 412 413 413 413 414 414 414 412 412 412 414 414 414 415 415 415 416 416 416 417 417 417 418 418 418 416 416 416 418 418 418 419 419 419 420 420 420 421 421 421 422 422 422 420 420 420 422 422 422 423 423 423 424 424 424 425 425 425 426 426 426 424 424 424 426 426 426 427 427 427 428 428 428 429 429 429 430 430 430 428 428 428 430 430 430 431 431 431 432 432 432 433 433 433 434 434 434 432 432 432 434 434 434 435 435 435 436 436 436 437 437 437 438 438 438 436 436 436 438 438 438 439 439 439 440 440 440 441 441 441 442 442 442 440 440 440 442 442 442 443 443 443 444 444 444 445 445 445 446 446 446 444 444 444 446 446 446 447 447 447 448 448 448 449 449 449 450 450 450 448 448 448 450 450 450 451 451 451 452 452 452 453 453 453 454 454 454 452 452 452 454 454 454 455 455 455 456 456 456 457 457 457 458 458 458 456 456 456 458 458 458 459 459 459 460 460 460 461 461 461 462 462 462 460 460 460 462 462 462 463 463 463 464 464 464 465 465 465 466 466 466 464 464 464 466 466 466 467 467 467 468 468 468 469 469 469 470 470 470 468 468 468 470 470 470 471 471 471 472 472 472 473 473 473 474 474 474 472 472 472 474 474 474 475 475 475 476 476 476 477 477 477 478 478 478 476 476 476 478 478 478 479 479 479 480 480 480 481 481 481 482 482 482 480 480 480 482 482 482 483 483 483 484 484 484 485 485 485 486 486 486 484 484 484 486 486 486 487 487 487 488 488 488 489 489 489 490 490 490 488 488 488 490 490 490 491 491 491 492 492 492 493 493 493 494 494 494 492 492 492 494 494 494 495 495 495 496 496 496 497 497 497 498 498 498 496 496 496 498 498 498 499 499 499 500 500 500 501 501 501 502 502 502 500 500 500 502 502 502 503 503 503 504 504 504 505 505 505 506 506 506 504 504 504 506 506 506 507 507 507 508 508 508 509 509 509 510 510 510 508 508 508 510 510 510 511 511 511 512 512 512 513 513 513 514 514 514 512 512 512 514 514 514 515 515 515 516 516 516 517 517 517 518 518 518 516 516 516 518 518 518 519 519 519 520 520 520 521 521 521 522 522 522 520 520 520 522 522 522 523 523 523 524 524 524 525 525 525 526 526 526 524 524 524 526 526 526 527 527 527 528 528 528 529 529 529 530 530 530 528 528 528 530 530 530 531 531 531 532 532 532 533 533 533 534 534 534 532 532 532 534 534 534 535 535 535 536 536 536 537 537 537 538 538 538 536 536 536 538 538 538 539 539 539 540 540 540 541 541 541 542 542 542 540 540 540 542 542 542 543 543 543 544 544 544 545 545 545 546 546 546 544 544 544 546 546 546 547 547 547 548 548 548 549 549 549 550 550 550 548 548 548 550 550 550 551 551 551 552 552 552 553 553 553 554 554 554 552 552 552 554 554 554 555 555 555 556 556 556 557 557 557 558 558 558 556 556 556 558 558 558 559 559 559 560 560 560 561 561 561 562 562 562 560 560 560 562 562 562 563 563 563 564 564 564 565 565 565 566 566 566 564 564 564 566 566 566 567 567 567 568 568 568 569 569 569 570 570 570 568 568 568 570 570 570 571 571 571 572 572 572 573 573 573 574 574 574 572 572 572 574 574 574 575 575 575 576 576 576 577 577 577 578 578 578 576 576 576 578 578 578 579 579 579 580 580 580 581 581 581 582 582 582 580 580 580 582 582 582 583 583 583 584 584 584 585 585 585 586 586 586 584 584 584 586 586 586 587 587 587 588 588 588 589 589 589 590 590 590 588 588 588 590 590 590 591 591 591 592 592 592 593 593 593 594 594 594 592 592 592 594 594 594 595 595 595 596 596 596 597 597 597 598 598 598 596 596 596 598 598 598 599 599 599 600 600 600 601 601 601 602 602 602 600 600 600 602 602 602 603 603 603 604 604 604 605 605 605 606 606 606 604 604 604 606 606 606 607 607 607 608 608 608 609 609 609 610 610 610 608 608 608 610 610 610 611 611 611 612 612 612 613 613 613 614 614 614 612 612 612 614 614 614 615 615 615 616 616 616 617 617 617 618 618 618 616 616 616 618 618 618 619 619 619 620 620 620 621 621 621 622 622 622 620 620 620 622 622 622 623 623 623 624 624 624 625 625 625 626 626 626 624 624 624 626 626 626 627 627 627 628 628 628 629 629 629 630 630 630 628 628 628 630 630 630 631 631 631 632 632 632 633 633 633 634 634 634 632 632 632 634 634 634 635 635 635 636 636 636 637 637 637 638 638 638 636 636 636 638 638 638 639 639 639 640 640 640 641 641 641 642 642 642 640 640 640 642 642 642 643 643 643 644 644 644 645 645 645 646 646 646 644 644 644 646 646 646 647 647 647 648 648 648 649 649 649 650 650 650 648 648 648 650 650 650 651 651 651 652 652 652 653 653 653 654 654 654 652 652 652 654 654 654 655 655 655 656 656 656 657 657 657 658 658 658 656 656 656 658 658 658 659 659 659 660 660 660 661 661 661 662 662 662 660 660 660 662 662 662 663 663 663 664 664 664 665 665 665 666 666 666 664 664 664 666 666 666 667 667 667 668 668 668 669 669 669 670 670 670 668 668 668 670 670 670 671 671 671 672 672 672 673 673 673 674 674 674 672 672 672 674 674 674 675 675 675 676 676 676 677 677 677 678 678 678 676 676 676 678 678 678 679 679 679 680 680 680 681 681 681 682 682 682 680 680 680 682 682 682 683 683 683 684 684 684 685 685 685 686 686 686 684 684 684 686 686 686 687 687 687 688 688 688 689 689 689 690 690 690 688 688 688 690 690 690 691 691 691 692 692 692 693 693 693 694 694 694 692 692 692 694 694 694 695 695 695 696 696 696 697 697 697 698 698 698 696 696 696 698 698 698 699 699 699 700 700 700 701 701 701 702 702 702 700 700 700 702 702 702 703 703 703 704 704 704 705 705 705 706 706 706 704 704 704 706 706 706 707 707 707 708 708 708 709 709 709 710 710 710 708 708 708 710 710 710 711 711 711 712 712 712 713 713 713 714 714 714 712 712 712 714 714 714 715 715 715 716 716 716 717 717 717 718 718 718 716 716 716 718 718 718 719 719 719 720 720 720 721 721 721 722 722 722 720 720 720 722 722 722 723 723 723 724 724 724 725 725 725 726 726 726 724 724 724 726 726 726 727 727 727 728 728 728 729 729 729 730 730 730 728 728 728 730 730 730 731 731 731 732 732 732 733 733 733 734 734 734 732 732 732 734 734 734 735 735 735 736 736 736 737 737 737 738 738 738 736 736 736 738 738 738 739 739 739 740 740 740 741 741 741 742 742 742 740 740 740 742 742 742 743 743 743 744 744 744 745 745 745 746 746 746 744 744 744 746 746 746 747 747 747 748 748 748 749 749 749 750 750 750 748 748 748 750 750 750 751 751 751 752 752 752 753 753 753 754 754 754 752 752 752 754 754 754 755 755 755 756 756 756 757 757 757 758 758 758 756 756 756 758 758 758 759 759 759 760 760 760 761 761 761 762 762 762 760 760 760 762 762 762 763 763 763 764 764 764 765 765 765 766 766 766 764 764 764 766 766 766 767 767 767 768 768 768 769 769 769 770 770 770 768 768 768 770 770 770 771 771 771 772 772 772 773 773 773 774 774 774 772 772 772 774 774 774 775 775 775 776 776 776 777 777 777 778 778 778 776 776 776 778 778 778 779 779 779 780 780 780 781 781 781 782 782 782 780 780 780 782 782 782 783 783 783 784 784 784 785 785 785 786 786 786 784 784 784 786 786 786 787 787 787 788 788 788 789 789 789 790 790 790 788 788 788 790 790 790 791 791 791 792 792 792 793 793 793 794 794 794 792 792 792 794 794 794 795 795 795 796 796 796 797 797 797 798 798 798 796 796 796 798 798 798 799 799 799 800 800 800 801 801 801 802 802 802 800 800 800 802 802 802 803 803 803 804 804 804 805 805 805 806 806 806 804 804 804 806 806 806 807 807 807 808 808 808 809 809 809 810 810 810 808 808 808 810 810 810 811 811 811 812 812 812 813 813 813 814 814 814 812 812 812 814 814 814 815 815 815 816 816 816 817 817 817 818 818 818 816 816 816 818 818 818 819 819 819 820 820 820 821 821 821 822 822 822 820 820 820 822 822 822 823 823 823 824 824 824 825 825 825 826 826 826 824 824 824 826 826 826 827 827 827 828 828 828 829 829 829 830 830 830 828 828 828 830 830 830 831 831 831 832 832 832 833 833 833 834 834 834 832 832 832 834 834 834 835 835 835 836 836 836 837 837 837 838 838 838 836 836 836 838 838 838 839 839 839 840 840 840 841 841 841 842 842 842 840 840 840 842 842 842 843 843 843 844 844 844 845 845 845 846 846 846 844 844 844 846 846 846 847 847 847 848 848 848 849 849 849 850 850 850 848 848 848 850 850 850 851 851 851 852 852 852 853 853 853 854 854 854 852 852 852 854 854 854 855 855 855 856 856 856 857 857 857 858 858 858 856 856 856 858 858 858 859 859 859 860 860 860 861 861 861 862 862 862 860 860 860 862 862 862 863 863 863 864 864 864 865 865 865 866 866 866 864 864 864 866 866 866 867 867 867 868 868 868 869 869 869 870 870 870 868 868 868 870 870 870 871 871 871 872 872 872 873 873 873 874 874 874 872 872 872 874 874 874 875 875 875 876 876 876 877 877 877 878 878 878 876 876 876 878 878 878 879 879 879 880 880 880 881 881 881 882 882 882 880 880 880 882 882 882 883 883 883 884 884 884 885 885 885 886 886 886 884 884 884 886 886 886 887 887 887 888 888 888 889 889 889 890 890 890 888 888 888 890 890 890 891 891 891 892 892 892 893 893 893 894 894 894 892 892 892 894 894 894 895 895 895 896 896 896 897 897 897 898 898 898 896 896 896 898 898 898 899 899 899 900 900 900 901 901 901 902 902 902 900 900 900 902 902 902 903 903 903 904 904 904 905 905 905 906 906 906 904 904 904 906 906 906 907 907 907 908 908 908 909 909 909 910 910 910 908 908 908 910 910 910 911 911 911 912 912 912 913 913 913 914 914 914 912 912 912 914 914 914 915 915 915 916 916 916 917 917 917 918 918 918 916 916 916 918 918 918 919 919 919 920 920 920 921 921 921 922 922 922 920 920 920 922 922 922 923 923 923 924 924 924 925 925 925 926 926 926 924 924 924 926 926 926 927 927 927 928 928 928 929 929 929 930 930 930 928 928 928 930 930 930 931 931 931 932 932 932 933 933 933 934 934 934 932 932 932 934 934 934 935 935 935 936 936 936 937 937 937 938 938 938 936 936 936 938 938 938 939 939 939 940 940 940 941 941 941 942 942 942 940 940 940 942 942 942 943 943 943 944 944 944 945 945 945 946 946 946 944 944 944 946 946 946 947 947 947 948 948 948 949 949 949 950 950 950 948 948 948 950 950 950 951 951 951 952 952 952 953 953 953 954 954 954 952 952 952 954 954 954 955 955 955 956 956 956 957 957 957 958 958 958 956 956 956 958 958 958 959 959 959 960 960 960 961 961 961 962 962 962 960 960 960 962 962 962 963 963 963 964 964 964 965 965 965 966 966 966 964 964 964 966 966 966 967 967 967 968 968 968 969 969 969 970 970 970 968 968 968 970 970 970 971 971 971 972 972 972 973 973 973 974 974 974 972 972 972 974 974 974 975 975 975 976 976 976 977 977 977 978 978 978 976 976 976 978 978 978 979 979 979 980 980 980 981 981 981 982 982 982 980 980 980 982 982 982 983 983 983 984 984 984 985 985 985 986 986 986 984 984 984 986 986 986 987 987 987 988 988 988 989 989 989 990 990 990 988 988 988 990 990 990 991 991 991 992 992 992 993 993 993 994 994 994 992 992 992 994 994 994 995 995 995 996 996 996 997 997 997 998 998 998 996 996 996 998 998 998 999 999 999 1000 1000 1000 1001 1001 1001 1002 1002 1002 1000 1000 1000 1002 1002 1002 1003 1003 1003 1004 1004 1004 1005 1005 1005 1006 1006 1006 1004 1004 1004 1006 1006 1006 1007 1007 1007 1008 1008 1008 1009 1009 1009 1010 1010 1010 1008 1008 1008 1010 1010 1010 1011 1011 1011 1012 1012 1012 1013 1013 1013 1014 1014 1014 1012 1012 1012 1014 1014 1014 1015 1015 1015 1016 1016 1016 1017 1017 1017 1018 1018 1018 1016 1016 1016 1018 1018 1018 1019 1019 1019 1020 1020 1020 1021 1021 1021 1022 1022 1022 1020 1020 1020 1022 1022 1022 1023 1023 1023 1024 1024 1024 1025 1025 1025 1026 1026 1026 1024 1024 1024 1026 1026 1026 1027 1027 1027 1028 1028 1028 1029 1029 1029 1030 1030 1030 1028 1028 1028 1030 1030 1030 1031 1031 1031 1032 1032 1032 1033 1033 1033 1034 1034 1034 1032 1032 1032 1034 1034 1034 1035 1035 1035 1036 1036 1036 1037 1037 1037 1038 1038 1038 1036 1036 1036 1038 1038 1038 1039 1039 1039 1040 1040 1040 1041 1041 1041 1042 1042 1042 1040 1040 1040 1042 1042 1042 1043 1043 1043 1044 1044 1044 1045 1045 1045 1046 1046 1046 1044 1044 1044 1046 1046 1046 1047 1047 1047 1048 1048 1048 1049 1049 1049 1050 1050 1050 1048 1048 1048 1050 1050 1050 1051 1051 1051 1052 1052 1052 1053 1053 1053 1054 1054 1054 1052 1052 1052 1054 1054 1054 1055 1055 1055 1056 1056 1056 1057 1057 1057 1058 1058 1058 1056 1056 1056 1058 1058 1058 1059 1059 1059 1060 1060 1060 1061 1061 1061 1062 1062 1062 1060 1060 1060 1062 1062 1062 1063 1063 1063 1064 1064 1064 1065 1065 1065 1066 1066 1066 1064 1064 1064 1066 1066 1066 1067 1067 1067 1068 1068 1068 1069 1069 1069 1070 1070 1070 1068 1068 1068 1070 1070 1070 1071 1071 1071 1072 1072 1072 1073 1073 1073 1074 1074 1074 1072 1072 1072 1074 1074 1074 1075 1075 1075 1076 1076 1076 1077 1077 1077 1078 1078 1078 1076 1076 1076 1078 1078 1078 1079 1079 1079 1080 1080 1080 1081 1081 1081 1082 1082 1082 1080 1080 1080 1082 1082 1082 1083 1083 1083 1084 1084 1084 1085 1085 1085 1086 1086 1086 1084 1084 1084 1086 1086 1086 1087 1087 1087 1088 1088 1088 1089 1089 1089 1090 1090 1090 1088 1088 1088 1090 1090 1090 1091 1091 1091 1092 1092 1092 1093 1093 1093 1094 1094 1094 1092 1092 1092 1094 1094 1094 1095 1095 1095 1096 1096 1096 1097 1097 1097 1098 1098 1098 1096 1096 1096 1098 1098 1098 1099 1099 1099 1100 1100 1100 1101 1101 1101 1102 1102 1102 1100 1100 1100 1102 1102 1102 1103 1103 1103 1104 1104 1104 1105 1105 1105 1106 1106 1106 1104 1104 1104 1106 1106 1106 1107 1107 1107 1108 1108 1108 1109 1109 1109 1110 1110 1110 1108 1108 1108 1110 1110 1110 1111 1111 1111 1112 1112 1112 1113 1113 1113 1114 1114 1114 1112 1112 1112 1114 1114 1114 1115 1115 1115 1116 1116 1116 1117 1117 1117 1118 1118 1118 1116 1116 1116 1118 1118 1118 1119 1119 1119 1120 1120 1120 1121 1121 1121 1122 1122 1122 1120 1120 1120 1122 1122 1122 1123 1123 1123 1124 1124 1124 1125 1125 1125 1126 1126 1126 1124 1124 1124 1126 1126 1126 1127 1127 1127 1128 1128 1128 1129 1129 1129 1130 1130 1130 1128 1128 1128 1130 1130 1130 1131 1131 1131 1132 1132 1132 1133 1133 1133 1134 1134 1134 1132 1132 1132 1134 1134 1134 1135 1135 1135 1136 1136 1136 1137 1137 1137 1138 1138 1138 1136 1136 1136 1138 1138 1138 1139 1139 1139 1140 1140 1140 1141 1141 1141 1142 1142 1142 1140 1140 1140 1142 1142 1142 1143 1143 1143 1144 1144 1144 1145 1145 1145 1146 1146 1146 1144 1144 1144 1146 1146 1146 1147 1147 1147 1148 1148 1148 1149 1149 1149 1150 1150 1150 1148 1148 1148 1150 1150 1150 1151 1151 1151 1152 1152 1152 1153 1153 1153 1154 1154 1154 1152 1152 1152 1154 1154 1154 1155 1155 1155 1156 1156 1156 1157 1157 1157 1158 1158 1158 1156 1156 1156 1158 1158 1158 1159 1159 1159 1160 1160 1160 1161 1161 1161 1162 1162 1162 1160 1160 1160 1162 1162 1162 1163 1163 1163 1164 1164 1164 1165 1165 1165 1166 1166 1166 1164 1164 1164 1166 1166 1166 1167 1167 1167 1168 1168 1168 1169 1169 1169 1170 1170 1170 1168 1168 1168 1170 1170 1170 1171 1171 1171 1172 1172 1172 1173 1173 1173 1174 1174 1174 1172 1172 1172 1174 1174 1174 1175 1175 1175 1176 1176 1176 1177 1177 1177 1178 1178 1178 1176 1176 1176 1178 1178 1178 1179 1179 1179 1180 1180 1180 1181 1181 1181 1182 1182 1182 1180 1180 1180 1182 1182 1182 1183 1183 1183 1184 1184 1184 1185 1185 1185 1186 1186 1186 1184 1184 1184 1186 1186 1186 1187 1187 1187 1188 1188 1188 1189 1189 1189 1190 1190 1190 1188 1188 1188 1190 1190 1190 1191 1191 1191 1192 1192 1192 1193 1193 1193 1194 1194 1194 1192 1192 1192 1194 1194 1194 1195 1195 1195 1196 1196 1196 1197 1197 1197 1198 1198 1198 1196 1196 1196 1198 1198 1198 1199 1199 1199 1200 1200 1200 1201 1201 1201 1202 1202 1202 1200 1200 1200 1202 1202 1202 1203 1203 1203 1204 1204 1204 1205 1205 1205 1206 1206 1206 1204 1204 1204 1206 1206 1206 1207 1207 1207 1208 1208 1208 1209 1209 1209 1210 1210 1210 1208 1208 1208 1210 1210 1210 1211 1211 1211 1212 1212 1212 1213 1213 1213 1214 1214 1214 1212 1212 1212 1214 1214 1214 1215 1215 1215 1216 1216 1216 1217 1217 1217 1218 1218 1218 1216 1216 1216 1218 1218 1218 1219 1219 1219 1220 1220 1220 1221 1221 1221 1222 1222 1222 1220 1220 1220 1222 1222 1222 1223 1223 1223 1224 1224 1224 1225 1225 1225 1226 1226 1226 1224 1224 1224 1226 1226 1226 1227 1227 1227 1228 1228 1228 1229 1229 1229 1230 1230 1230 1228 1228 1228 1230 1230 1230 1231 1231 1231 1232 1232 1232 1233 1233 1233 1234 1234 1234 1232 1232 1232 1234 1234 1234 1235 1235 1235 1236 1236 1236 1237 1237 1237 1238 1238 1238 1236 1236 1236 1238 1238 1238 1239 1239 1239 1240 1240 1240 1241 1241 1241 1242 1242 1242 1240 1240 1240 1242 1242 1242 1243 1243 1243 1244 1244 1244 1245 1245 1245 1246 1246 1246 1244 1244 1244 1246 1246 1246 1247 1247 1247 1248 1248 1248 1249 1249 1249 1250 1250 1250 1248 1248 1248 1250 1250 1250 1251 1251 1251 1252 1252 1252 1253 1253 1253 1254 1254 1254 1252 1252 1252 1254 1254 1254 1255 1255 1255 1256 1256 1256 1257 1257 1257 1258 1258 1258 1256 1256 1256 1258 1258 1258 1259 1259 1259 1260 1260 1260 1261 1261 1261 1262 1262 1262 1260 1260 1260 1262 1262 1262 1263 1263 1263 1264 1264 1264 1265 1265 1265 1266 1266 1266 1264 1264 1264 1266 1266 1266 1267 1267 1267 1268 1268 1268 1269 1269 1269 1270 1270 1270 1268 1268 1268 1270 1270 1270 1271 1271 1271 1272 1272 1272 1273 1273 1273 1274 1274 1274 1272 1272 1272 1274 1274 1274 1275 1275 1275 1276 1276 1276 1277 1277 1277 1278 1278 1278 1276 1276 1276 1278 1278 1278 1279 1279 1279 1280 1280 1280 1281 1281 1281 1282 1282 1282 1280 1280 1280 1282 1282 1282 1283 1283 1283 1284 1284 1284 1285 1285 1285 1286 1286 1286 1284 1284 1284 1286 1286 1286 1287 1287 1287 1288 1288 1288 1289 1289 1289 1290 1290 1290 1288 1288 1288 1290 1290 1290 1291 1291 1291 1292 1292 1292 1293 1293 1293 1294 1294 1294 1292 1292 1292 1294 1294 1294 1295 1295 1295 1296 1296 1296 1297 1297 1297 1298 1298 1298 1296 1296 1296 1298 1298 1298 1299 1299 1299 1300 1300 1300 1301 1301 1301 1302 1302 1302 1300 1300 1300 1302 1302 1302 1303 1303 1303 1304 1304 1304 1305 1305 1305 1306 1306 1306 1304 1304 1304 1306 1306 1306 1307 1307 1307 1308 1308 1308 1309 1309 1309 1310 1310 1310 1308 1308 1308 1310 1310 1310 1311 1311 1311 1312 1312 1312 1313 1313 1313 1314 1314 1314 1312 1312 1312 1314 1314 1314 1315 1315 1315 1316 1316 1316 1317 1317 1317 1318 1318 1318 1316 1316 1316 1318 1318 1318 1319 1319 1319 1320 1320 1320 1321 1321 1321 1322 1322 1322 1320 1320 1320 1322 1322 1322 1323 1323 1323 1324 1324 1324 1325 1325 1325 1326 1326 1326 1324 1324 1324 1326 1326 1326 1327 1327 1327 1328 1328 1328 1329 1329 1329 1330 1330 1330 1328 1328 1328 1330 1330 1330 1331 1331 1331 1332 1332 1332 1333 1333 1333 1334 1334 1334 1332 1332 1332 1334 1334 1334 1335 1335 1335 1336 1336 1336 1337 1337 1337 1338 1338 1338 1336 1336 1336 1338 1338 1338 1339 1339 1339 1340 1340 1340 1341 1341 1341 1342 1342 1342 1340 1340 1340 1342 1342 1342 1343 1343 1343 1344 1344 1344 1345 1345 1345 1346 1346 1346 1344 1344 1344 1346 1346 1346 1347 1347 1347 1348 1348 1348 1349 1349 1349 1350 1350 1350 1348 1348 1348 1350 1350 1350 1351 1351 1351 1352 1352 1352 1353 1353 1353 1354 1354 1354 1352 1352 1352 1354 1354 1354 1355 1355 1355 1356 1356 1356 1357 1357 1357 1358 1358 1358 1356 1356 1356 1358 1358 1358 1359 1359 1359 1360 1360 1360 1361 1361 1361 1362 1362 1362 1360 1360 1360 1362 1362 1362 1363 1363 1363 1364 1364 1364 1365 1365 1365 1366 1366 1366 1364 1364 1364 1366 1366 1366 1367 1367 1367 1368 1368 1368 1369 1369 1369 1370 1370 1370 1368 1368 1368 1370 1370 1370 1371 1371 1371 1372 1372 1372 1373 1373 1373 1374 1374 1374 1372 1372 1372 1374 1374 1374 1375 1375 1375 1376 1376 1376 1377 1377 1377 1378 1378 1378 1376 1376 1376 1378 1378 1378 1379 1379 1379 1380 1380 1380 1381 1381 1381 1382 1382 1382 1380 1380 1380 1382 1382 1382 1383 1383 1383 1384 1384 1384 1385 1385 1385 1386 1386 1386 1384 1384 1384 1386 1386 1386 1387 1387 1387 1388 1388 1388 1389 1389 1389 1390 1390 1390 1388 1388 1388 1390 1390 1390 1391 1391 1391 1392 1392 1392 1393 1393 1393 1394 1394 1394 1392 1392 1392 1394 1394 1394 1395 1395 1395 1396 1396 1396 1397 1397 1397 1398 1398 1398 1396 1396 1396 1398 1398 1398 1399 1399 1399 1400 1400 1400 1401 1401 1401 1402 1402 1402 1400 1400 1400 1402 1402 1402 1403 1403 1403 1404 1404 1404 1405 1405 1405 1406 1406 1406 1404 1404 1404 1406 1406 1406 1407 1407 1407 1408 1408 1408 1409 1409 1409 1410 1410 1410 1408 1408 1408 1410 1410 1410 1411 1411 1411 1412 1412 1412 1413 1413 1413 1414 1414 1414 1412 1412 1412 1414 1414 1414 1415 1415 1415 1416 1416 1416 1417 1417 1417 1418 1418 1418 1416 1416 1416 1418 1418 1418 1419 1419 1419 1420 1420 1420 1421 1421 1421 1422 1422 1422 1420 1420 1420 1422 1422 1422 1423 1423 1423 1424 1424 1424 1425 1425 1425 1426 1426 1426 1424 1424 1424 1426 1426 1426 1427 1427 1427 1428 1428 1428 1429 1429 1429 1430 1430 1430 1428 1428 1428 1430 1430 1430 1431 1431 1431 1432 1432 1432 1433 1433 1433 1434 1434 1434 1432 1432 1432 1434 1434 1434 1435 1435 1435 1436 1436 1436 1437 1437 1437 1438 1438 1438 1436 1436 1436 1438 1438 1438 1439 1439 1439 1440 1440 1440 1441 1441 1441 1442 1442 1442 1440 1440 1440 1442 1442 1442 1443 1443 1443 1444 1444 1444 1445 1445 1445 1446 1446 1446 1444 1444 1444 1446 1446 1446 1447 1447 1447 1448 1448 1448 1449 1449 1449 1450 1450 1450 1448 1448 1448 1450 1450 1450 1451 1451 1451 1452 1452 1452 1453 1453 1453 1454 1454 1454 1452 1452 1452 1454 1454 1454 1455 1455 1455 1456 1456 1456 1457 1457 1457 1458 1458 1458 1456 1456 1456 1458 1458 1458 1459 1459 1459 1460 1460 1460 1461 1461 1461 1462 1462 1462 1460 1460 1460 1462 1462 1462 1463 1463 1463 1464 1464 1464 1465 1465 1465 1466 1466 1466 1464 1464 1464 1466 1466 1466 1467 1467 1467 1468 1468 1468 1469 1469 1469 1470 1470 1470 1468 1468 1468 1470 1470 1470 1471 1471 1471 1472 1472 1472 1473 1473 1473 1474 1474 1474 1472 1472 1472 1474 1474 1474 1475 1475 1475 1476 1476 1476 1477 1477 1477 1478 1478 1478 1476 1476 1476 1478 1478 1478 1479 1479 1479 1480 1480 1480 1481 1481 1481 1482 1482 1482 1480 1480 1480 1482 1482 1482 1483 1483 1483 1484 1484 1484 1485 1485 1485 1486 1486 1486 1484 1484 1484 1486 1486 1486 1487 1487 1487 1488 1488 1488 1489 1489 1489 1490 1490 1490 1488 1488 1488 1490 1490 1490 1491 1491 1491 1492 1492 1492 1493 1493 1493 1494 1494 1494 1492 1492 1492 1494 1494 1494 1495 1495 1495 1496 1496 1496 1497 1497 1497 1498 1498 1498 1496 1496 1496 1498 1498 1498 1499 1499 1499 1500 1500 1500 1501 1501 1501 1502 1502 1502 1500 1500 1500 1502 1502 1502 1503 1503 1503 1504 1504 1504 1505 1505 1505 1506 1506 1506 1504 1504 1504 1506 1506 1506 1507 1507 1507 1508 1508 1508 1509 1509 1509 1510 1510 1510 1508 1508 1508 1510 1510 1510 1511 1511 1511 1512 1512 1512 1513 1513 1513 1514 1514 1514 1512 1512 1512 1514 1514 1514 1515 1515 1515 1516 1516 1516 1517 1517 1517 1518 1518 1518 1516 1516 1516 1518 1518 1518 1519 1519 1519 1520 1520 1520 1521 1521 1521 1522 1522 1522 1520 1520 1520 1522 1522 1522 1523 1523 1523 1524 1524 1524 1525 1525 1525 1526 1526 1526 1524 1524 1524 1526 1526 1526 1527 1527 1527 1528 1528 1528 1529 1529 1529 1530 1530 1530 1528 1528 1528 1530 1530 1530 1531 1531 1531 1532 1532 1532 1533 1533 1533 1534 1534 1534 1532 1532 1532 1534 1534 1534 1535 1535 1535 1536 1536 1536 1537 1537 1537 1538 1538 1538 1536 1536 1536 1538 1538 1538 1539 1539 1539 1540 1540 1540 1541 1541 1541 1542 1542 1542 1540 1540 1540 1542 1542 1542 1543 1543 1543 1544 1544 1544 1545 1545 1545 1546 1546 1546 1544 1544 1544 1546 1546 1546 1547 1547 1547 1548 1548 1548 1549 1549 1549 1550 1550 1550 1548 1548 1548 1550 1550 1550 1551 1551 1551 1552 1552 1552 1553 1553 1553 1554 1554 1554 1552 1552 1552 1554 1554 1554 1555 1555 1555 1556 1556 1556 1557 1557 1557 1558 1558 1558 1556 1556 1556 1558 1558 1558 1559 1559 1559 1560 1560 1560 1561 1561 1561 1562 1562 1562 1560 1560 1560 1562 1562 1562 1563 1563 1563 1564 1564 1564 1565 1565 1565 1566 1566 1566 1564 1564 1564 1566 1566 1566 1567 1567 1567 1568 1568 1568 1569 1569 1569 1570 1570 1570 1568 1568 1568 1570 1570 1570 1571 1571 1571 1572 1572 1572 1573 1573 1573 1574 1574 1574 1572 1572 1572 1574 1574 1574 1575 1575 1575 1576 1576 1576 1577 1577 1577 1578 1578 1578 1576 1576 1576 1578 1578 1578 1579 1579 1579 1580 1580 1580 1581 1581 1581 1582 1582 1582 1580 1580 1580 1582 1582 1582 1583 1583 1583 1584 1584 1584 1585 1585 1585 1586 1586 1586 1584 1584 1584 1586 1586 1586 1587 1587 1587 1588 1588 1588 1589 1589 1589 1590 1590 1590 1588 1588 1588 1590 1590 1590 1591 1591 1591 1592 1592 1592 1593 1593 1593 1594 1594 1594 1592 1592 1592 1594 1594 1594 1595 1595 1595 1596 1596 1596 1597 1597 1597 1598 1598 1598 1596 1596 1596 1598 1598 1598 1599 1599 1599 1600 1600 1600 1601 1601 1601 1602 1602 1602 1600 1600 1600 1602 1602 1602 1603 1603 1603 1604 1604 1604 1605 1605 1605 1606 1606 1606 1604 1604 1604 1606 1606 1606 1607 1607 1607 1608 1608 1608 1609 1609 1609 1610 1610 1610 1608 1608 1608 1610 1610 1610 1611 1611 1611 1612 1612 1612 1613 1613 1613 1614 1614 1614 1612 1612 1612 1614 1614 1614 1615 1615 1615 1616 1616 1616 1617 1617 1617 1618 1618 1618 1616 1616 1616 1618 1618 1618 1619 1619 1619 1620 1620 1620 1621 1621 1621 1622 1622 1622 1620 1620 1620 1622 1622 1622 1623 1623 1623 1624 1624 1624 1625 1625 1625 1626 1626 1626 1624 1624 1624 1626 1626 1626 1627 1627 1627 1628 1628 1628 1629 1629 1629 1630 1630 1630 1628 1628 1628 1630 1630 1630 1631 1631 1631 1632 1632 1632 1633 1633 1633 1634 1634 1634 1632 1632 1632 1634 1634 1634 1635 1635 1635 1636 1636 1636 1637 1637 1637 1638 1638 1638 1636 1636 1636 1638 1638 1638 1639 1639 1639 1640 1640 1640 1641 1641 1641 1642 1642 1642 1640 1640 1640 1642 1642 1642 1643 1643 1643 1644 1644 1644 1645 1645 1645 1646 1646 1646 1644 1644 1644 1646 1646 1646 1647 1647 1647 1648 1648 1648 1649 1649 1649 1650 1650 1650 1648 1648 1648 1650 1650 1650 1651 1651 1651 1652 1652 1652 1653 1653 1653 1654 1654 1654 1652 1652 1652 1654 1654 1654 1655 1655 1655</p>
        </triangles>
      </mesh>
    </geometry>
  </library_geometries>
  <library_images>
    <image id="object_1">
      <init_from>textures/fire3lambert1_baseColor.png</init_from>
    </image>
  </library_images>
  <library_visual_scenes>
    <visual_scene id="Scene">
      <node id="Sketchfab_model" sid="Sketchfab_model" name="Sketchfab_model" type="NODE">
        <matrix>1 0 0 0 0 2.220446049250313E-16 1 0 0 -1 2.220446049250313E-16 0 0 0 0 1</matrix>
        <node id="node_1" sid="node_1" name="562a047e15904e1db8aa0c0e2df6e95d.fbx" type="NODE">
          <matrix>1 0 0 0 0 0 -1 0 0 1 0 0 0 0 0 1</matrix>
          <node id="Object_2" sid="Object_2" name="Object_2" type="NODE">
            <matrix>1 0 0 0 0 1 0 0 0 0 1 0 0 0 0 1</matrix>
            <node id="RootNode" sid="RootNode" name="RootNode" type="NODE">
              <matrix>1 0 0 0 0 1 0 0 0 0 1 0 0 0 0 1</matrix>
              <node id="fire3-Group20972" sid="fire3-Group20972" name="fire3:Group20972" type="NODE">
                <matrix>0.26861435174942016 0 0 2.81367087364196784 0 0.26861435174942016 0 0.39029619097709656 0 0 0.26861435174942016 1.70297026634216312 0 0 0 1</matrix>
                <node id="node_2" sid="node_2" name="0" type="NODE">
                  <matrix>1 0 0 0 0 1 0 0 0 0 1 0 0 0 0 1</matrix>
                  <instance_geometry url="#mesh_1">
                    <bind_material>
                      <technique_common>
                        <instance_material symbol="mat0" target="#fire3lambert1" />
                      </technique_common>
                    </bind_material>
                  </instance_geometry>
                </node>
              </node>
            </node>
          </node>
        </node>
      </node>
    </visual_scene>
  </library_visual_scenes>
  <library_animations />
  <scene>
    <instance_visual_scene url="#Scene" />
  </scene>
</COLLADA>