<?xml version="1.0" encoding="utf-8"?>
<COLLADA xmlns="http://www.collada.org/2005/11/COLLADASchema" version="1.4.1">
  <asset>
    <contributor>
      <author>Mixamo</author>
      <authoring_tool>COLLADA Mixamo exporter</authoring_tool>
      <comments/>
    </contributor>
    <created>2025-11-20T20:02:51Z</created>
    <modified>2025-11-20T20:02:51Z</modified>
    <revision/>
    <title/>
    <unit meter="0.010000"/>
    <up_axis>Y_UP</up_axis>
  </asset>
  <library_animations>
    <animation id="mixamorig_Hips-anim" name="mixamorig_Hips">
      <source id="mixamorig_Hips-Matrix-animation-input">
        <float_array id="mixamorig_Hips-Matrix-animation-input-array" count="19">

0.000000 0.033333 0.066667 0.100000 0.133333 0.166667 0.200000 0.233333 0.266667 0.300000 0.333333 0.366667 0.400000 0.433333 0.466667 0.500000
0.533333 0.566667 0.600000</float_array>
        <technique_common>
          <accessor source="#mixamorig_Hips-Matrix-animation-input-array" count="19">
            <param name="TIME" type="float"/>
          </accessor>
        </technique_common>
      </source>
      <source id="mixamorig_Hips-Matrix-animation-output-transform">
        <float_array id="mixamorig_Hips-Matrix-animation-output-transform-array" count="304">

0.519728 -0.370870 -0.769636 5.280032 0.139813 0.925640 -0.351630 173.148697 0.842814 0.075147 0.532933 -2.808837 0.000000 0.000000 0.000000 1.000000
0.523996 -0.375929 -0.764268 5.238969 0.119460 0.920891 -0.371064 170.623672 0.843302 0.103136 0.527452 -1.984337 0.000000 0.000000 0.000000 1.000000
0.529376 -0.382156 -0.757441 4.429547 0.093516 0.913646 -0.395608 166.609451 0.843217 0.138593 0.519400 -0.222608 0.000000 0.000000 0.000000 1.000000
0.529825 -0.365558 -0.765280 3.000398 0.087864 0.921142 -0.379179 160.557068 0.843543 0.133658 0.520163 1.970425 0.000000 0.000000 0.000000 1.000000
0.521940 -0.332201 -0.785634 1.223854 0.095184 0.937975 -0.333381 151.824478 0.847655 0.099225 0.521187 3.938739 0.000000 0.000000 0.000000 1.000000
0.508960 -0.285898 -0.811925 -0.237142 0.104337 0.956767 -0.271496 142.127747 0.854443 0.053466 0.516786 5.620254 0.000000 0.000000 0.000000 1.000000
0.495705 -0.251314 -0.831335 -1.031636 0.101292 0.967415 -0.232053 131.299225 0.862564 0.030823 0.505008 6.490592 0.000000 0.000000 0.000000 1.000000
0.477531 -0.248174 -0.842837 -0.845564 0.097363 0.968318 -0.229958 119.239433 0.873204 0.027751 0.486565 6.348205 0.000000 0.000000 0.000000 1.000000
0.465080 -0.270268 -0.843004 0.599146 0.099816 0.962195 -0.253413 107.136940 0.879623 0.033712 0.474475 4.871957 0.000000 0.000000 0.000000 1.000000
0.466682 -0.317232 -0.825573 3.457498 0.103458 0.946630 -0.305267 95.857368 0.878353 0.057050 0.474596 2.241673 0.000000 0.000000 0.000000 1.000000
0.477682 -0.342304 -0.809103 5.142442 0.089931 0.935185 -0.342551 87.855354 0.873918 0.090867 0.477505 0.602938 0.000000 0.000000 0.000000 1.000000
0.489975 -0.325422 -0.808718 6.502581 0.071838 0.939627 -0.334575 82.370949 0.868772 0.105837 0.483771 -0.479693 0.000000 0.000000 0.000000 1.000000
0.503664 -0.323292 -0.801127 7.630984 0.074355 0.940120 -0.332636 78.106812 0.860694 0.107969 0.497543 -1.514912 0.000000 0.000000 0.000000 1.000000
0.514923 -0.347711 -0.783550 8.308023 0.093538 0.931375 -0.351840 74.788452 0.852118 0.107879 0.512111 -2.350259 0.000000 0.000000 0.000000 1.000000
0.524398 -0.377693 -0.763122 8.884985 0.111009 0.918914 -0.378516 72.895851 0.844206 0.113780 0.523804 -3.072767 0.000000 0.000000 0.000000 1.000000
0.532996 -0.388686 -0.751557 9.441822 0.123040 0.914405 -0.385648 72.352280 0.837124 0.113077 0.535198 -3.589151 0.000000 0.000000 0.000000 1.000000
0.538333 -0.383776 -0.750276 9.852478 0.127795 0.917170 -0.377450 72.486076 0.832986 0.107312 0.542787 -3.792748 0.000000 0.000000 0.000000 1.000000
0.538264 -0.372788 -0.755845 10.228718 0.126627 0.922443 -0.364780 72.847076 0.833209 0.100638 0.543723 -3.975394 0.000000 0.000000 0.000000 1.000000
0.537163 -0.360133 -0.762732 10.416062 0.119565 0.927649 -0.353796 73.541023 0.834961 0.098850 0.541358 -3.918397 0.000000 0.000000 0.000000 1.000000</float_array>
        <technique_common>
          <accessor source="#mixamorig_Hips-Matrix-animation-output-transform-array" count="19" stride="16">
            <param type="float4x4"/>
          </accessor>
        </technique_common>
      </source>
      <source id="mixamorig_Hips-Interpolations">
        <Name_array id="mixamorig_Hips-Interpolations-array" count="19">
 LINEAR LINEAR LINEAR LINEAR LINEAR LINEAR LINEAR LINEAR LINEAR LINEAR LINEAR
LINEAR LINEAR LINEAR LINEAR LINEAR LINEAR LINEAR LINEAR</Name_array>
        <technique_common>
          <accessor source="#mixamorig_Hips-Interpolations-array" count="19">
            <param type="name"/>
          </accessor>
        </technique_common>
      </source>
      <sampler id="mixamorig_Hips-Matrix-animation-transform">
        <input semantic="INPUT" source="#mixamorig_Hips-Matrix-animation-input"/>
        <input semantic="OUTPUT" source="#mixamorig_Hips-Matrix-animation-output-transform"/>
        <input semantic="INTERPOLATION" source="#mixamorig_Hips-Interpolations"/>
      </sampler>
      <channel source="#mixamorig_Hips-Matrix-animation-transform" target="mixamorig_Hips/matrix"/>
    </animation>
    <animation id="mixamorig_Spine-anim" name="mixamorig_Spine">
      <source id="mixamorig_Spine-Matrix-animation-input">
        <float_array id="mixamorig_Spine-Matrix-animation-input-array" count="19">

0.000000 0.033333 0.066667 0.100000 0.133333 0.166667 0.200000 0.233333 0.266667 0.300000 0.333333 0.366667 0.400000 0.433333 0.466667 0.500000
0.533333 0.566667 0.600000</float_array>
        <technique_common>
          <accessor source="#mixamorig_Spine-Matrix-animation-input-array" count="19">
            <param name="TIME" type="float"/>
          </accessor>
        </technique_common>
      </source>
      <source id="mixamorig_Spine-Matrix-animation-output-transform">
        <float_array id="mixamorig_Spine-Matrix-animation-output-transform-array" count="304">

0.988507 0.151075 -0.005568 -0.006600 -0.143991 0.929659 -0.339118 10.822600 -0.046056 0.336022 0.940727 -0.430700 0.000000 0.000000 0.000000 1.000000
0.993217 0.115984 0.008253 -0.006600 -0.107766 0.944849 -0.309268 10.822600 -0.043668 0.306281 0.950939 -0.430700 0.000000 0.000000 0.000000 1.000000
0.997210 0.071131 0.022634 -0.006600 -0.063306 0.966570 -0.248465 10.822600 -0.039551 0.246339 0.968376 -0.430700 0.000000 0.000000 0.000000 1.000000
0.998726 0.038187 0.032976 -0.006600 -0.030879 0.979498 -0.199072 10.822600 -0.039901 0.197800 0.979430 -0.430700 0.000000 0.000000 0.000000 1.000000
0.998919 0.023424 0.040154 -0.006600 -0.016475 0.986092 -0.165385 10.822600 -0.043469 0.164544 0.985411 -0.430700 0.000000 0.000000 0.000000 1.000000
0.998895 0.011456 0.045574 -0.006600 -0.004516 0.988742 -0.149565 10.822600 -0.046775 0.149194 0.987701 -0.430700 0.000000 0.000000 0.000000 1.000000
0.998914 0.002249 0.046547 -0.006600 0.004588 0.989236 -0.146256 10.822600 -0.046375 0.146310 0.988151 -0.430700 0.000000 0.000000 0.000000 1.000000
0.999005 0.004217 0.044395 -0.006600 0.002576 0.988401 -0.151847 10.822600 -0.044520 0.151811 0.987406 -0.430700 0.000000 0.000000 0.000000 1.000000
0.998958 0.022515 0.039693 -0.006600 -0.015696 0.986266 -0.164419 10.822600 -0.042850 0.163625 0.985592 -0.430700 0.000000 0.000000 0.000000 1.000000
0.998541 0.041745 0.034243 -0.006600 -0.034865 0.982787 -0.181423 10.822600 -0.041227 0.179964 0.982809 -0.430700 0.000000 0.000000 0.000000 1.000000
0.998288 0.050501 0.029499 -0.006600 -0.043254 0.977001 -0.208800 10.822600 -0.039365 0.207167 0.977513 -0.430700 0.000000 0.000000 0.000000 1.000000
0.998291 0.052637 0.025380 -0.006600 -0.044506 0.966307 -0.253516 10.822600 -0.037869 0.251953 0.966998 -0.430700 0.000000 0.000000 0.000000 1.000000
0.998163 0.056495 0.021901 -0.006600 -0.047877 0.956917 -0.286386 10.822600 -0.037137 0.284811 0.957864 -0.430700 0.000000 0.000000 0.000000 1.000000
0.997320 0.071034 0.017546 -0.006600 -0.062564 0.952231 -0.298900 10.822600 -0.037940 0.297001 0.954123 -0.430700 0.000000 0.000000 0.000000 1.000000
0.996536 0.082267 0.012165 -0.006600 -0.074671 0.949558 -0.304572 10.822600 -0.036607 0.302608 0.952412 -0.430700 0.000000 0.000000 0.000000 1.000000
0.996199 0.086824 0.006946 -0.006600 -0.080450 0.947759 -0.308676 10.822600 -0.033383 0.306944 0.951142 -0.430700 0.000000 0.000000 0.000000 1.000000
0.996237 0.086615 0.003036 -0.006600 -0.081364 0.946760 -0.311488 10.822600 -0.029853 0.310069 0.950245 -0.430700 0.000000 0.000000 0.000000 1.000000
0.996236 0.086625 0.003063 -0.006600 -0.081398 0.947106 -0.310426 10.822600 -0.029792 0.309008 0.950593 -0.430700 0.000000 0.000000 0.000000 1.000000
0.996412 0.084493 0.004911 -0.006600 -0.079214 0.951445 -0.297452 10.822600 -0.029805 0.295996 0.954724 -0.430700 0.000000 0.000000 0.000000 1.000000</float_array>
        <technique_common>
          <accessor source="#mixamorig_Spine-Matrix-animation-output-transform-array" count="19" stride="16">
            <param type="float4x4"/>
          </accessor>
        </technique_common>
      </source>
      <source id="mixamorig_Spine-Interpolations">
        <Name_array id="mixamorig_Spine-Interpolations-array" count="19">
 LINEAR LINEAR LINEAR LINEAR LINEAR LINEAR LINEAR LINEAR LINEAR LINEAR LINEAR
LINEAR LINEAR LINEAR LINEAR LINEAR LINEAR LINEAR LINEAR</Name_array>
        <technique_common>
          <accessor source="#mixamorig_Spine-Interpolations-array" count="19">
            <param type="name"/>
          </accessor>
        </technique_common>
      </source>
      <sampler id="mixamorig_Spine-Matrix-animation-transform">
        <input semantic="INPUT" source="#mixamorig_Spine-Matrix-animation-input"/>
        <input semantic="OUTPUT" source="#mixamorig_Spine-Matrix-animation-output-transform"/>
        <input semantic="INTERPOLATION" source="#mixamorig_Spine-Interpolations"/>
      </sampler>
      <channel source="#mixamorig_Spine-Matrix-animation-transform" target="mixamorig_Spine/matrix"/>
    </animation>
    <animation id="mixamorig_Spine1-anim" name="mixamorig_Spine1">
      <source id="mixamorig_Spine1-Matrix-animation-input">
        <float_array id="mixamorig_Spine1-Matrix-animation-input-array" count="19">

0.000000 0.033333 0.066667 0.100000 0.133333 0.166667 0.200000 0.233333 0.266667 0.300000 0.333333 0.366667 0.400000 0.433333 0.466667 0.500000
0.533333 0.566667 0.600000</float_array>
        <technique_common>
          <accessor source="#mixamorig_Spine1-Matrix-animation-input-array" count="19">
            <param name="TIME" type="float"/>
          </accessor>
        </technique_common>
      </source>
      <source id="mixamorig_Spine1-Matrix-animation-output-transform">
        <float_array id="mixamorig_Spine1-Matrix-animation-output-transform-array" count="304">

0.990613 0.133716 0.028394 0.000000 -0.126540 0.975577 -0.179547 12.655100 -0.051709 0.174269 0.983340 0.000000 0.000000 0.000000 0.000000 1.000000
0.994124 0.100203 0.040959 0.000000 -0.092787 0.983648 -0.154358 12.655100 -0.055756 0.149651 0.987166 0.000000 0.000000 0.000000 0.000000 1.000000
0.996801 0.057921 0.055068 0.000000 -0.051886 0.993083 -0.105324 12.655100 -0.060788 0.102130 0.992912 0.000000 0.000000 0.000000 0.000000 1.000000
0.996859 0.031041 0.072862 0.000000 -0.025796 0.997081 -0.071860 12.655100 -0.074879 0.069755 0.994750 0.000000 0.000000 0.000000 0.000000 1.000000
0.995842 0.022460 0.088284 0.000000 -0.018238 0.998664 -0.048349 12.655100 -0.089252 0.046538 0.994921 0.000000 0.000000 0.000000 0.000000 1.000000
0.994981 0.021395 0.097755 -0.000000 -0.017036 0.998832 -0.045213 12.655100 -0.098608 0.043320 0.994183 -0.000000 0.000000 0.000000 0.000000 1.000000
0.995041 0.021264 0.097163 0.000000 -0.016923 0.998831 -0.045281 12.655100 -0.098013 0.043412 0.994238 -0.000000 0.000000 0.000000 0.000000 1.000000
0.995592 0.022705 0.091002 0.000000 -0.018135 0.998548 -0.050729 12.655100 -0.092022 0.048855 0.994558 0.000000 0.000000 0.000000 0.000000 1.000000
0.996167 0.033808 0.080678 0.000000 -0.028680 0.997544 -0.063897 12.655100 -0.082640 0.061338 0.994690 0.000000 0.000000 0.000000 0.000000 1.000000
0.996443 0.049073 0.068505 0.000000 -0.043410 0.995700 -0.081838 12.655100 -0.072227 0.078573 0.994288 -0.000000 0.000000 0.000000 0.000000 1.000000
0.996768 0.055841 0.057747 0.000000 -0.049326 0.992855 -0.108659 12.655100 -0.063402 0.105459 0.992400 0.000000 0.000000 0.000000 0.000000 1.000000
0.997183 0.056156 0.049731 0.000000 -0.048189 0.987662 -0.149003 12.655100 -0.057485 0.146186 0.987585 0.000000 0.000000 0.000000 0.000000 1.000000
0.997267 0.058764 0.044771 0.000000 -0.050108 0.983369 -0.174569 12.655100 -0.054285 0.171849 0.983627 -0.000000 0.000000 0.000000 0.000000 1.000000
0.996595 0.071587 0.040905 0.000000 -0.062895 0.980866 -0.184245 12.655100 -0.053312 0.181045 0.982029 0.000000 0.000000 0.000000 0.000000 1.000000
0.996055 0.082158 0.033532 0.000000 -0.074366 0.979020 -0.189707 12.655100 -0.048414 0.186465 0.981268 0.000000 0.000000 0.000000 0.000000 1.000000
0.996092 0.085345 0.022736 0.000000 -0.079350 0.977792 -0.193976 12.655100 -0.038786 0.191414 0.980743 0.000000 0.000000 0.000000 0.000000 1.000000
0.996241 0.085377 0.014659 0.000000 -0.080832 0.977045 -0.197101 12.655100 -0.031150 0.195175 0.980274 0.000000 0.000000 0.000000 0.000000 1.000000
0.996343 0.084059 0.015348 0.000000 -0.079402 0.977146 -0.197184 12.655100 -0.031572 0.195244 0.980246 -0.000000 0.000000 0.000000 0.000000 1.000000
0.996430 0.081961 0.020238 -0.000000 -0.076621 0.978631 -0.190814 12.655100 -0.035445 0.188583 0.981417 0.000000 0.000000 0.000000 0.000000 1.000000</float_array>
        <technique_common>
          <accessor source="#mixamorig_Spine1-Matrix-animation-output-transform-array" count="19" stride="16">
            <param type="float4x4"/>
          </accessor>
        </technique_common>
      </source>
      <source id="mixamorig_Spine1-Interpolations">
        <Name_array id="mixamorig_Spine1-Interpolations-array" count="19">
 LINEAR LINEAR LINEAR LINEAR LINEAR LINEAR LINEAR LINEAR LINEAR LINEAR LINEAR
LINEAR LINEAR LINEAR LINEAR LINEAR LINEAR LINEAR LINEAR</Name_array>
        <technique_common>
          <accessor source="#mixamorig_Spine1-Interpolations-array" count="19">
            <param type="name"/>
          </accessor>
        </technique_common>
      </source>
      <sampler id="mixamorig_Spine1-Matrix-animation-transform">
        <input semantic="INPUT" source="#mixamorig_Spine1-Matrix-animation-input"/>
        <input semantic="OUTPUT" source="#mixamorig_Spine1-Matrix-animation-output-transform"/>
        <input semantic="INTERPOLATION" source="#mixamorig_Spine1-Interpolations"/>
      </sampler>
      <channel source="#mixamorig_Spine1-Matrix-animation-transform" target="mixamorig_Spine1/matrix"/>
    </animation>
    <animation id="mixamorig_Spine2-anim" name="mixamorig_Spine2">
      <source id="mixamorig_Spine2-Matrix-animation-input">
        <float_array id="mixamorig_Spine2-Matrix-animation-input-array" count="19">

0.000000 0.033333 0.066667 0.100000 0.133333 0.166667 0.200000 0.233333 0.266667 0.300000 0.333333 0.366667 0.400000 0.433333 0.466667 0.500000
0.533333 0.566667 0.600000</float_array>
        <technique_common>
          <accessor source="#mixamorig_Spine2-Matrix-animation-input-array" count="19">
            <param name="TIME" type="float"/>
          </accessor>
        </technique_common>
      </source>
      <source id="mixamorig_Spine2-Matrix-animation-output-transform">
        <float_array id="mixamorig_Spine2-Matrix-animation-output-transform-array" count="304">

0.991569 0.125374 0.032732 0.000000 -0.118849 0.980623 -0.155732 14.459700 -0.051622 0.150529 0.987257 -0.000000 0.000000 0.000000 0.000000 1.000000
0.994804 0.091597 0.044451 -0.000000 -0.085121 0.987789 -0.130487 14.459700 -0.055861 0.126025 0.990453 0.000000 0.000000 0.000000 0.000000 1.000000
0.997177 0.048968 0.056920 0.000000 -0.044249 0.995699 -0.081400 14.459700 -0.060661 0.078651 0.995055 0.000000 0.000000 0.000000 0.000000 1.000000
0.997145 0.020680 0.072625 0.000000 -0.017170 0.998670 -0.048623 14.459700 -0.073534 0.047237 0.996173 0.000000 0.000000 0.000000 0.000000 1.000000
0.996070 0.010450 0.087951 0.000000 -0.008225 0.999638 -0.025621 14.459700 -0.088187 0.024797 0.995795 0.000000 0.000000 0.000000 0.000000 1.000000
0.995125 0.009790 0.098136 0.000000 -0.008007 0.999796 -0.018547 14.459700 -0.098298 0.017671 0.995000 -0.000000 0.000000 0.000000 0.000000 1.000000
0.995164 0.011563 0.097545 0.000000 -0.009525 0.999727 -0.021338 14.459700 -0.097765 0.020306 0.995002 0.000000 0.000000 0.000000 0.000000 1.000000
0.995745 0.013262 0.091192 -0.000000 -0.010816 0.999570 -0.027268 14.459700 -0.091514 0.026166 0.995460 0.000000 0.000000 0.000000 0.000000 1.000000
0.996293 0.025493 0.082166 0.000000 -0.022229 0.998936 -0.040397 14.459700 -0.083108 0.038421 0.995800 0.000000 0.000000 0.000000 0.000000 1.000000
0.996625 0.039765 0.071810 0.000000 -0.035617 0.997672 -0.058146 14.459700 -0.073956 0.055392 0.995722 -0.000000 0.000000 0.000000 0.000000 1.000000
0.997047 0.046084 0.061426 -0.000000 -0.040787 0.995557 -0.084866 14.459700 -0.065064 0.082111 0.994497 0.000000 0.000000 0.000000 0.000000 1.000000
0.997501 0.046933 0.052817 -0.000000 -0.040008 0.991313 -0.125292 14.459700 -0.058238 0.122866 0.990713 0.000000 0.000000 0.000000 0.000000 1.000000
0.997631 0.049922 0.047332 0.000000 -0.042260 0.987637 -0.150955 14.459700 -0.054282 0.148597 0.987407 -0.000000 0.000000 0.000000 0.000000 1.000000
0.997047 0.062920 0.044016 0.000000 -0.055097 0.985473 -0.160649 14.459700 -0.053485 0.157750 0.986030 -0.000000 0.000000 0.000000 0.000000 1.000000
0.996563 0.073803 0.037631 -0.000000 -0.066586 0.983843 -0.166193 14.459700 -0.049289 0.163116 0.985375 0.000000 0.000000 0.000000 0.000000 1.000000
0.996594 0.077670 0.027696 -0.000000 -0.071847 0.982712 -0.170631 14.459700 -0.040470 0.168060 0.984946 -0.000000 0.000000 0.000000 0.000000 1.000000
0.996695 0.078780 0.019818 0.000000 -0.074159 0.981969 -0.173887 14.459700 -0.033160 0.171843 0.984566 0.000000 0.000000 0.000000 0.000000 1.000000
0.996765 0.077798 0.020165 0.000000 -0.073129 0.982031 -0.173972 14.459700 -0.033337 0.171935 0.984544 0.000000 0.000000 0.000000 0.000000 1.000000
0.996835 0.075283 0.025561 -0.000000 -0.069968 0.983369 -0.167600 14.459700 -0.037753 0.165281 0.985524 0.000000 0.000000 0.000000 0.000000 1.000000</float_array>
        <technique_common>
          <accessor source="#mixamorig_Spine2-Matrix-animation-output-transform-array" count="19" stride="16">
            <param type="float4x4"/>
          </accessor>
        </technique_common>
      </source>
      <source id="mixamorig_Spine2-Interpolations">
        <Name_array id="mixamorig_Spine2-Interpolations-array" count="19">
 LINEAR LINEAR LINEAR LINEAR LINEAR LINEAR LINEAR LINEAR LINEAR LINEAR LINEAR
LINEAR LINEAR LINEAR LINEAR LINEAR LINEAR LINEAR LINEAR</Name_array>
        <technique_common>
          <accessor source="#mixamorig_Spine2-Interpolations-array" count="19">
            <param type="name"/>
          </accessor>
        </technique_common>
      </source>
      <sampler id="mixamorig_Spine2-Matrix-animation-transform">
        <input semantic="INPUT" source="#mixamorig_Spine2-Matrix-animation-input"/>
        <input semantic="OUTPUT" source="#mixamorig_Spine2-Matrix-animation-output-transform"/>
        <input semantic="INTERPOLATION" source="#mixamorig_Spine2-Interpolations"/>
      </sampler>
      <channel source="#mixamorig_Spine2-Matrix-animation-transform" target="mixamorig_Spine2/matrix"/>
    </animation>
    <animation id="mixamorig_Neck-anim" name="mixamorig_Neck">
      <source id="mixamorig_Neck-Matrix-animation-input">
        <float_array id="mixamorig_Neck-Matrix-animation-input-array" count="19">

0.000000 0.033333 0.066667 0.100000 0.133333 0.166667 0.200000 0.233333 0.266667 0.300000 0.333333 0.366667 0.400000 0.433333 0.466667 0.500000
0.533333 0.566667 0.600000</float_array>
        <technique_common>
          <accessor source="#mixamorig_Neck-Matrix-animation-input-array" count="19">
            <param name="TIME" type="float"/>
          </accessor>
        </technique_common>
      </source>
      <source id="mixamorig_Neck-Matrix-animation-output-transform">
        <float_array id="mixamorig_Neck-Matrix-animation-output-transform-array" count="304">

0.921074 -0.149986 0.359342 0.000000 -0.025820 0.897283 0.440701 16.135700 -0.388530 -0.415196 0.822591 0.000000 0.000000 0.000000 0.000000 1.000000
0.922148 -0.150923 0.356182 -0.000000 -0.031576 0.888314 0.458150 16.135700 -0.385547 -0.433729 0.814391 0.000000 0.000000 0.000000 0.000000 1.000000
0.925817 -0.148163 0.347722 -0.000000 -0.038319 0.878435 0.476323 16.135700 -0.376024 -0.454312 0.807593 0.000000 0.000000 0.000000 0.000000 1.000000
0.930503 -0.142830 0.337290 0.000000 -0.043862 0.870763 0.489742 16.135700 -0.363650 -0.470501 0.803983 0.000000 0.000000 0.000000 0.000000 1.000000
0.934754 -0.135908 0.328275 -0.000000 -0.027098 0.893985 0.447276 16.135700 -0.354262 -0.426989 0.831973 0.000000 0.000000 0.000000 0.000000 1.000000
0.937213 -0.128648 0.324162 0.000000 0.002299 0.931738 0.363124 16.135700 -0.348749 -0.339579 0.873533 0.000000 0.000000 0.000000 0.000000 1.000000
0.937010 -0.122333 0.327179 0.000000 0.023848 0.956885 0.289486 16.135700 -0.348486 -0.263449 0.899529 0.000000 0.000000 0.000000 0.000000 1.000000
0.934710 -0.117069 0.335578 0.000000 0.015480 0.956708 0.290637 16.135700 -0.355075 -0.266467 0.896056 0.000000 0.000000 0.000000 0.000000 1.000000
0.931188 -0.112725 0.346674 -0.000000 -0.010893 0.941960 0.335549 16.135700 -0.364377 -0.316236 0.875913 0.000000 0.000000 0.000000 0.000000 1.000000
0.927387 -0.109136 0.357832 0.000000 -0.037998 0.924076 0.380315 16.135700 -0.372170 -0.366296 0.852829 -0.000000 0.000000 0.000000 0.000000 1.000000
0.924328 -0.105541 0.366712 -0.000000 -0.050491 0.918717 0.391677 16.135700 -0.378243 -0.380554 0.843867 0.000000 0.000000 0.000000 0.000000 1.000000
0.921666 -0.101196 0.374555 -0.000000 -0.040925 0.934643 0.353223 16.135700 -0.385820 -0.340883 0.857288 0.000000 0.000000 0.000000 0.000000 1.000000
0.918009 -0.097158 0.384474 0.000000 -0.034068 0.946616 0.320557 16.135700 -0.395094 -0.307373 0.865692 -0.000000 0.000000 0.000000 0.000000 1.000000
0.913779 -0.093311 0.395349 -0.000000 -0.042169 0.946210 0.320793 16.135700 -0.404016 -0.309806 0.860692 0.000000 0.000000 0.000000 0.000000 1.000000
0.909278 -0.089637 0.406422 0.000000 -0.041260 0.952306 0.302343 16.135700 -0.414139 -0.291683 0.862212 0.000000 0.000000 0.000000 0.000000 1.000000
0.904789 -0.086111 0.417064 0.000000 -0.035575 0.960637 0.275520 16.135700 -0.424372 -0.264125 0.866110 0.000000 0.000000 0.000000 0.000000 1.000000
0.900608 -0.082795 0.426673 0.000000 -0.033233 0.965696 0.257539 16.135700 -0.433359 -0.246121 0.866962 0.000000 0.000000 0.000000 0.000000 1.000000
0.896991 -0.079726 0.434800 0.000000 -0.033214 0.968666 0.246138 16.135700 -0.440799 -0.235225 0.866236 0.000000 0.000000 0.000000 0.000000 1.000000
0.893852 -0.077214 0.441663 0.000000 -0.035683 0.969684 0.241743 16.135700 -0.446939 -0.231842 0.863999 0.000000 0.000000 0.000000 0.000000 1.000000</float_array>
        <technique_common>
          <accessor source="#mixamorig_Neck-Matrix-animation-output-transform-array" count="19" stride="16">
            <param type="float4x4"/>
          </accessor>
        </technique_common>
      </source>
      <source id="mixamorig_Neck-Interpolations">
        <Name_array id="mixamorig_Neck-Interpolations-array" count="19">
 LINEAR LINEAR LINEAR LINEAR LINEAR LINEAR LINEAR LINEAR LINEAR LINEAR LINEAR
LINEAR LINEAR LINEAR LINEAR LINEAR LINEAR LINEAR LINEAR</Name_array>
        <technique_common>
          <accessor source="#mixamorig_Neck-Interpolations-array" count="19">
            <param type="name"/>
          </accessor>
        </technique_common>
      </source>
      <sampler id="mixamorig_Neck-Matrix-animation-transform">
        <input semantic="INPUT" source="#mixamorig_Neck-Matrix-animation-input"/>
        <input semantic="OUTPUT" source="#mixamorig_Neck-Matrix-animation-output-transform"/>
        <input semantic="INTERPOLATION" source="#mixamorig_Neck-Interpolations"/>
      </sampler>
      <channel source="#mixamorig_Neck-Matrix-animation-transform" target="mixamorig_Neck/matrix"/>
    </animation>
    <animation id="mixamorig_Head-anim" name="mixamorig_Head">
      <source id="mixamorig_Head-Matrix-animation-input">
        <float_array id="mixamorig_Head-Matrix-animation-input-array" count="19">

0.000000 0.033333 0.066667 0.100000 0.133333 0.166667 0.200000 0.233333 0.266667 0.300000 0.333333 0.366667 0.400000 0.433333 0.466667 0.500000
0.533333 0.566667 0.600000</float_array>
        <technique_common>
          <accessor source="#mixamorig_Head-Matrix-animation-input-array" count="19">
            <param name="TIME" type="float"/>
          </accessor>
        </technique_common>
      </source>
      <source id="mixamorig_Head-Matrix-animation-output-transform">
        <float_array id="mixamorig_Head-Matrix-animation-output-transform-array" count="304">

0.890926 0.185540 0.414518 0.000000 -0.157523 0.982324 -0.101127 6.791300 -0.425954 0.024801 0.904405 0.000000 0.000000 0.000000 0.000000 1.000000
0.886325 0.224959 0.404749 0.000000 -0.151466 0.966827 -0.205680 6.791300 -0.437592 0.120994 0.890996 0.000000 0.000000 0.000000 0.000000 1.000000
0.879477 0.286109 0.380345 0.000000 -0.155572 0.928058 -0.338387 6.791300 -0.449798 0.238433 0.860716 0.000000 0.000000 0.000000 0.000000 1.000000
0.879039 0.326118 0.347762 0.000000 -0.157154 0.886882 -0.434445 6.791300 -0.450104 0.327242 0.830854 0.000000 0.000000 0.000000 0.000000 1.000000
0.883917 0.333340 0.327988 0.000000 -0.162937 0.876938 -0.452140 6.791300 -0.438341 0.346213 0.829454 0.000000 0.000000 0.000000 0.000000 1.000000
0.885969 0.332077 0.323703 0.000000 -0.184718 0.892959 -0.410491 6.791300 -0.425369 0.303888 0.852475 0.000000 0.000000 0.000000 0.000000 1.000000
0.882208 0.326030 0.339725 0.000000 -0.203123 0.914428 -0.350089 6.791300 -0.424794 0.239845 0.872940 0.000000 0.000000 0.000000 0.000000 1.000000
0.877570 0.311499 0.364472 0.000000 -0.195274 0.926499 -0.321663 6.791300 -0.437880 0.211110 0.873896 0.000000 0.000000 0.000000 0.000000 1.000000
0.880982 0.283241 0.379005 0.000000 -0.173120 0.938445 -0.298917 6.791300 -0.440341 0.197727 0.875788 0.000000 0.000000 0.000000 0.000000 1.000000
0.888940 0.268839 0.370825 0.000000 -0.172994 0.946721 -0.271648 6.791300 -0.424097 0.177328 0.888086 0.000000 0.000000 0.000000 0.000000 1.000000
0.892187 0.264930 0.365808 0.000000 -0.190677 0.955123 -0.226678 6.791300 -0.409445 0.132488 0.902664 0.000000 0.000000 0.000000 0.000000 1.000000
0.886625 0.256208 0.385037 0.000000 -0.208970 0.964631 -0.160682 6.791300 -0.412587 0.062004 0.908806 -0.000000 0.000000 0.000000 0.000000 1.000000
0.882593 0.262885 0.389771 0.000000 -0.227258 0.964320 -0.135794 6.791300 -0.411562 0.031272 0.910845 -0.000000 0.000000 0.000000 0.000000 1.000000
0.874084 0.283479 0.394484 0.000000 -0.253171 0.958902 -0.128105 6.791300 -0.414587 0.012103 0.909929 -0.000000 0.000000 0.000000 0.000000 1.000000
0.855075 0.307779 0.417276 0.000000 -0.299542 0.950110 -0.086977 6.791300 -0.423228 -0.050620 0.904608 0.000000 0.000000 0.000000 0.000000 1.000000
0.838987 0.309007 0.447901 0.000000 -0.317038 0.946565 -0.059176 6.791300 -0.442253 -0.092354 0.892123 0.000000 0.000000 0.000000 0.000000 1.000000
0.836356 0.296604 0.461014 -0.000000 -0.312193 0.948991 -0.044185 6.791300 -0.450604 -0.106971 0.886292 0.000000 0.000000 0.000000 0.000000 1.000000
0.844359 0.294649 0.447482 0.000000 -0.312536 0.949249 -0.035315 6.791300 -0.435177 -0.110036 0.893595 0.000000 0.000000 0.000000 0.000000 1.000000
0.856590 0.281758 0.432281 0.000000 -0.296193 0.954479 -0.035198 6.791300 -0.422521 -0.097888 0.901052 0.000000 0.000000 0.000000 0.000000 1.000000</float_array>
        <technique_common>
          <accessor source="#mixamorig_Head-Matrix-animation-output-transform-array" count="19" stride="16">
            <param type="float4x4"/>
          </accessor>
        </technique_common>
      </source>
      <source id="mixamorig_Head-Interpolations">
        <Name_array id="mixamorig_Head-Interpolations-array" count="19">
 LINEAR LINEAR LINEAR LINEAR LINEAR LINEAR LINEAR LINEAR LINEAR LINEAR LINEAR
LINEAR LINEAR LINEAR LINEAR LINEAR LINEAR LINEAR LINEAR</Name_array>
        <technique_common>
          <accessor source="#mixamorig_Head-Interpolations-array" count="19">
            <param type="name"/>
          </accessor>
        </technique_common>
      </source>
      <sampler id="mixamorig_Head-Matrix-animation-transform">
        <input semantic="INPUT" source="#mixamorig_Head-Matrix-animation-input"/>
        <input semantic="OUTPUT" source="#mixamorig_Head-Matrix-animation-output-transform"/>
        <input semantic="INTERPOLATION" source="#mixamorig_Head-Interpolations"/>
      </sampler>
      <channel source="#mixamorig_Head-Matrix-animation-transform" target="mixamorig_Head/matrix"/>
    </animation>
    <animation id="mixamorig_LeftShoulder-anim" name="mixamorig_LeftShoulder">
      <source id="mixamorig_LeftShoulder-Matrix-animation-input">
        <float_array id="mixamorig_LeftShoulder-Matrix-animation-input-array" count="19">

0.000000 0.033333 0.066667 0.100000 0.133333 0.166667 0.200000 0.233333 0.266667 0.300000 0.333333 0.366667 0.400000 0.433333 0.466667 0.500000
0.533333 0.566667 0.600000</float_array>
        <technique_common>
          <accessor source="#mixamorig_LeftShoulder-Matrix-animation-input-array" count="19">
            <param name="TIME" type="float"/>
          </accessor>
        </technique_common>
      </source>
      <source id="mixamorig_LeftShoulder-Matrix-animation-output-transform">
        <float_array id="mixamorig_LeftShoulder-Matrix-animation-output-transform-array" count="304">

0.318913 0.693646 -0.645872 11.022900 -0.004038 -0.680454 -0.732780 13.234400 -0.947775 0.236301 -0.214205 -1.554100 0.000000 0.000000 0.000000 1.000000
0.301412 0.693943 -0.653907 11.022900 -0.016766 -0.681838 -0.731311 13.234400 -0.953347 0.231390 -0.193879 -1.554100 0.000000 0.000000 0.000000 1.000000
0.277622 0.697862 -0.660238 11.022900 -0.038114 -0.678712 -0.733415 13.234400 -0.959934 0.228776 -0.161827 -1.554100 0.000000 0.000000 0.000000 1.000000
0.258073 0.702222 -0.663537 11.022900 -0.062351 -0.673265 -0.736768 13.234400 -0.964111 0.231513 -0.129967 -1.554100 0.000000 0.000000 0.000000 1.000000
0.249674 0.713705 -0.654437 11.022900 -0.076288 -0.659243 -0.748050 13.234400 -0.965320 0.236695 -0.110149 -1.554100 0.000000 0.000000 0.000000 1.000000
0.250219 0.721017 -0.646162 11.022900 -0.088084 -0.647671 -0.756811 13.234400 -0.964174 0.246285 -0.098550 -1.554100 0.000000 0.000000 0.000000 1.000000
0.256109 0.726462 -0.637700 11.022900 -0.095525 -0.637453 -0.764545 13.234400 -0.961916 0.256723 -0.093862 -1.554100 0.000000 0.000000 0.000000 1.000000
0.263460 0.733501 -0.626550 11.022900 -0.096057 -0.626322 -0.773624 13.234400 -0.959876 0.264004 -0.094553 -1.554100 0.000000 0.000000 0.000000 1.000000
0.270463 0.744229 -0.610716 11.022900 -0.087432 -0.612749 -0.785426 13.234400 -0.958752 0.265825 -0.100656 -1.554100 0.000000 0.000000 0.000000 1.000000
0.279818 0.754118 -0.594145 11.022900 -0.072525 -0.600494 -0.796333 13.234400 -0.957310 0.265918 -0.113337 -1.554100 0.000000 0.000000 0.000000 1.000000
0.289109 0.770704 -0.567831 11.022900 -0.049997 -0.580195 -0.812941 13.234400 -0.955990 0.263418 -0.129207 -1.554100 0.000000 0.000000 0.000000 1.000000
0.299251 0.784340 -0.543378 11.022900 -0.021737 -0.563723 -0.825678 13.234400 -0.953927 0.258896 -0.151646 -1.554100 0.000000 0.000000 0.000000 1.000000
0.308823 0.788617 -0.531707 11.022900 0.002376 -0.559670 -0.828712 13.234400 -0.951116 0.254662 -0.174713 -1.554100 0.000000 0.000000 0.000000 1.000000
0.318862 0.789267 -0.524771 11.022900 0.030540 -0.561941 -0.826614 13.234400 -0.947309 0.247549 -0.203286 -1.554100 0.000000 0.000000 0.000000 1.000000
0.329638 0.788102 -0.519840 11.022900 0.066791 -0.568703 -0.819827 13.234400 -0.941742 0.235526 -0.240104 -1.554100 0.000000 0.000000 0.000000 1.000000
0.335417 0.787174 -0.517545 11.022900 0.102135 -0.576517 -0.810677 13.234400 -0.936517 0.219056 -0.273771 -1.554100 0.000000 0.000000 0.000000 1.000000
0.332574 0.783624 -0.524717 11.022900 0.106222 -0.583973 -0.804793 13.234400 -0.937076 0.211917 -0.277452 -1.554100 0.000000 0.000000 0.000000 1.000000
0.336683 0.778468 -0.529747 11.022900 0.093836 -0.587531 -0.803743 13.234400 -0.936931 0.220897 -0.270860 -1.554100 0.000000 0.000000 0.000000 1.000000
0.332602 0.774443 -0.538158 11.022900 0.078095 -0.591304 -0.802658 13.234400 -0.939828 0.224938 -0.257149 -1.554100 0.000000 0.000000 0.000000 1.000000</float_array>
        <technique_common>
          <accessor source="#mixamorig_LeftShoulder-Matrix-animation-output-transform-array" count="19" stride="16">
            <param type="float4x4"/>
          </accessor>
        </technique_common>
      </source>
      <source id="mixamorig_LeftShoulder-Interpolations">
        <Name_array id="mixamorig_LeftShoulder-Interpolations-array" count="19">
 LINEAR LINEAR LINEAR LINEAR LINEAR LINEAR LINEAR LINEAR LINEAR LINEAR LINEAR
LINEAR LINEAR LINEAR LINEAR LINEAR LINEAR LINEAR LINEAR</Name_array>
        <technique_common>
          <accessor source="#mixamorig_LeftShoulder-Interpolations-array" count="19">
            <param type="name"/>
          </accessor>
        </technique_common>
      </source>
      <sampler id="mixamorig_LeftShoulder-Matrix-animation-transform">
        <input semantic="INPUT" source="#mixamorig_LeftShoulder-Matrix-animation-input"/>
        <input semantic="OUTPUT" source="#mixamorig_LeftShoulder-Matrix-animation-output-transform"/>
        <input semantic="INTERPOLATION" source="#mixamorig_LeftShoulder-Interpolations"/>
      </sampler>
      <channel source="#mixamorig_LeftShoulder-Matrix-animation-transform" target="mixamorig_LeftShoulder/matrix"/>
    </animation>
    <animation id="mixamorig_LeftArm-anim" name="mixamorig_LeftArm">
      <source id="mixamorig_LeftArm-Matrix-animation-input">
        <float_array id="mixamorig_LeftArm-Matrix-animation-input-array" count="19">

0.000000 0.033333 0.066667 0.100000 0.133333 0.166667 0.200000 0.233333 0.266667 0.300000 0.333333 0.366667 0.400000 0.433333 0.466667 0.500000
0.533333 0.566667 0.600000</float_array>
        <technique_common>
          <accessor source="#mixamorig_LeftArm-Matrix-animation-input-array" count="19">
            <param name="TIME" type="float"/>
          </accessor>
        </technique_common>
      </source>
      <source id="mixamorig_LeftArm-Matrix-animation-output-transform">
        <float_array id="mixamorig_LeftArm-Matrix-animation-output-transform-array" count="304">

0.739506 -0.000345 -0.673149 0.000000 0.155641 0.972991 0.170485 16.551600 0.654909 -0.230844 0.719586 0.000000 0.000000 0.000000 0.000000 1.000000
0.798690 0.010018 -0.601659 0.000000 0.055459 0.994380 0.090177 16.551600 0.599182 -0.105390 0.793646 0.000000 0.000000 0.000000 0.000000 1.000000
0.847416 0.090213 -0.523209 0.000000 -0.105328 0.994437 0.000868 16.551600 0.520377 0.054373 0.852204 0.000000 0.000000 0.000000 0.000000 1.000000
0.862878 0.162164 -0.478691 0.000000 -0.214111 0.975227 -0.055579 16.551600 0.457819 0.150451 0.876223 0.000000 0.000000 0.000000 0.000000 1.000000
0.851252 0.226076 -0.473560 0.000000 -0.288628 0.955384 -0.062728 16.551600 0.438251 0.190080 0.878525 -0.000000 0.000000 0.000000 0.000000 1.000000
0.834100 0.274250 -0.478607 0.000000 -0.336081 0.940675 -0.046687 16.551600 0.437410 0.199792 0.876787 0.000000 0.000000 0.000000 0.000000 1.000000
0.800829 0.335006 -0.496432 -0.000000 -0.384646 0.923061 0.002409 16.551600 0.459044 0.189021 0.868073 0.000000 0.000000 0.000000 0.000000 1.000000
0.760967 0.389893 -0.518567 0.000000 -0.418418 0.905779 0.067019 16.551600 0.495837 0.165979 0.852406 0.000000 0.000000 0.000000 0.000000 1.000000
0.742958 0.386602 -0.546400 0.000000 -0.381556 0.915325 0.128819 16.551600 0.549935 0.112775 0.827559 0.000000 0.000000 0.000000 0.000000 1.000000
0.749050 0.331844 -0.573413 0.000000 -0.287009 0.942616 0.170587 16.551600 0.597117 0.036796 0.801310 0.000000 0.000000 0.000000 0.000000 1.000000
0.773559 0.270182 -0.573243 0.000000 -0.224641 0.962731 0.150615 16.551600 0.592573 0.012265 0.805424 -0.000000 0.000000 0.000000 0.000000 1.000000
0.809953 0.174862 -0.559821 0.000000 -0.145659 0.984588 0.096799 16.551600 0.568120 0.003140 0.822940 0.000000 0.000000 0.000000 0.000000 1.000000
0.834102 0.079058 -0.545915 0.000000 -0.061897 0.996840 0.049787 16.551600 0.548126 -0.007737 0.836360 0.000000 0.000000 0.000000 0.000000 1.000000
0.841249 -0.002165 -0.540644 0.000000 0.019057 0.999489 0.025652 16.551600 0.540312 -0.031883 0.840861 0.000000 0.000000 0.000000 0.000000 1.000000
0.837441 -0.045823 -0.544603 0.000000 0.070347 0.997227 0.024266 16.551600 0.541981 -0.058632 0.838343 0.000000 0.000000 0.000000 0.000000 1.000000
0.834443 -0.081602 -0.545019 0.000000 0.110581 0.993655 0.020530 16.551600 0.539885 -0.077400 0.838173 0.000000 0.000000 0.000000 0.000000 1.000000
0.839664 -0.103623 -0.533129 -0.000000 0.123481 0.992346 0.001600 16.551600 0.528883 -0.067175 0.846032 0.000000 0.000000 0.000000 0.000000 1.000000
0.849691 -0.098409 -0.518016 -0.000000 0.102485 0.994516 -0.020827 16.551600 0.517225 -0.035392 0.855117 0.000000 0.000000 0.000000 0.000000 1.000000
0.863156 -0.111439 -0.492487 0.000000 0.096466 0.993771 -0.055797 16.551600 0.495637 0.000653 0.868529 0.000000 0.000000 0.000000 0.000000 1.000000</float_array>
        <technique_common>
          <accessor source="#mixamorig_LeftArm-Matrix-animation-output-transform-array" count="19" stride="16">
            <param type="float4x4"/>
          </accessor>
        </technique_common>
      </source>
      <source id="mixamorig_LeftArm-Interpolations">
        <Name_array id="mixamorig_LeftArm-Interpolations-array" count="19">
 LINEAR LINEAR LINEAR LINEAR LINEAR LINEAR LINEAR LINEAR LINEAR LINEAR LINEAR
LINEAR LINEAR LINEAR LINEAR LINEAR LINEAR LINEAR LINEAR</Name_array>
        <technique_common>
          <accessor source="#mixamorig_LeftArm-Interpolations-array" count="19">
            <param type="name"/>
          </accessor>
        </technique_common>
      </source>
      <sampler id="mixamorig_LeftArm-Matrix-animation-transform">
        <input semantic="INPUT" source="#mixamorig_LeftArm-Matrix-animation-input"/>
        <input semantic="OUTPUT" source="#mixamorig_LeftArm-Matrix-animation-output-transform"/>
        <input semantic="INTERPOLATION" source="#mixamorig_LeftArm-Interpolations"/>
      </sampler>
      <channel source="#mixamorig_LeftArm-Matrix-animation-transform" target="mixamorig_LeftArm/matrix"/>
    </animation>
    <animation id="mixamorig_LeftForeArm-anim" name="mixamorig_LeftForeArm">
      <source id="mixamorig_LeftForeArm-Matrix-animation-input">
        <float_array id="mixamorig_LeftForeArm-Matrix-animation-input-array" count="19">

0.000000 0.033333 0.066667 0.100000 0.133333 0.166667 0.200000 0.233333 0.266667 0.300000 0.333333 0.366667 0.400000 0.433333 0.466667 0.500000
0.533333 0.566667 0.600000</float_array>
        <technique_common>
          <accessor source="#mixamorig_LeftForeArm-Matrix-animation-input-array" count="19">
            <param name="TIME" type="float"/>
          </accessor>
        </technique_common>
      </source>
      <source id="mixamorig_LeftForeArm-Matrix-animation-output-transform">
        <float_array id="mixamorig_LeftForeArm-Matrix-animation-output-transform-array" count="304">

-0.257948 -0.966105 0.010167 -0.000000 0.966131 -0.257848 0.010216 27.198299 -0.007248 0.012458 0.999896 0.000000 0.000000 0.000000 0.000000 1.000000
-0.209852 -0.977482 0.022155 0.000000 0.976610 -0.210643 -0.043159 27.198299 0.046854 0.012580 0.998823 0.000000 0.000000 0.000000 0.000000 1.000000
-0.160881 -0.986802 0.018415 -0.000000 0.986320 -0.161425 -0.033378 27.198299 0.035910 0.012794 0.999273 0.000000 0.000000 0.000000 0.000000 1.000000
-0.128946 -0.991500 0.017342 0.000000 0.990988 -0.129480 -0.034316 27.198299 0.036270 0.012761 0.999261 0.000000 0.000000 0.000000 0.000000 1.000000
-0.139062 -0.990134 0.017210 0.000000 0.989735 -0.139543 -0.030853 27.198299 0.032950 0.012743 0.999376 0.000000 0.000000 0.000000 0.000000 1.000000
-0.166606 -0.985914 0.014674 0.000000 0.985936 -0.166771 -0.010834 27.198299 0.013128 0.012663 0.999834 0.000000 0.000000 0.000000 0.000000 1.000000
-0.221168 -0.975150 0.012909 0.000000 0.975231 -0.221187 0.000016 27.198299 0.002839 0.012593 0.999917 0.000000 0.000000 0.000000 0.000000 1.000000
-0.256289 -0.966544 0.010439 -0.000000 0.966580 -0.256199 0.009243 27.198299 -0.006259 0.012459 0.999903 0.000000 0.000000 0.000000 0.000000 1.000000
-0.246231 -0.969037 0.018396 0.000000 0.968869 -0.246604 -0.021884 27.198299 0.025743 0.012434 0.999591 0.000000 0.000000 0.000000 0.000000 1.000000
-0.197668 -0.980207 0.011013 0.000000 0.980244 -0.197570 0.009356 27.198299 -0.006995 0.012645 0.999896 0.000000 0.000000 0.000000 0.000000 1.000000
-0.135139 -0.990756 0.011860 0.000000 0.990809 -0.135054 0.007653 27.198299 -0.005980 0.012785 0.999900 0.000000 0.000000 0.000000 0.000000 1.000000
-0.064672 -0.997814 0.013627 0.000000 0.997830 -0.064830 -0.011472 27.198299 0.012331 0.012856 0.999841 0.000000 0.000000 0.000000 0.000000 1.000000
0.007399 -0.999891 0.012796 0.000000 0.999907 0.007251 -0.011564 27.198299 0.011470 0.012881 0.999851 -0.000000 0.000000 0.000000 0.000000 1.000000
0.067487 -0.997629 0.013498 -0.000000 0.997659 0.067627 0.010179 27.198299 -0.011067 0.012780 0.999857 0.000000 0.000000 0.000000 0.000000 1.000000
0.097990 -0.995126 0.011065 0.000000 0.995032 0.097772 -0.018769 27.198299 0.017596 0.012849 0.999763 -0.000000 0.000000 0.000000 0.000000 1.000000
0.146633 -0.989128 0.011173 -0.000000 0.989142 0.146504 -0.011580 27.198299 0.009818 0.012750 0.999871 0.000000 0.000000 0.000000 0.000000 1.000000
0.186523 -0.982392 0.010705 -0.000000 0.982406 0.186400 -0.011543 27.198299 0.009344 0.012670 0.999876 0.000000 0.000000 0.000000 0.000000 1.000000
0.197314 -0.980302 0.008718 0.000000 0.980164 0.197102 -0.020737 27.198299 0.018610 0.012637 0.999747 0.000000 0.000000 0.000000 0.000000 1.000000
0.242529 -0.970093 0.010015 0.000000 0.970103 0.242411 -0.011715 27.198299 0.008937 0.012557 0.999881 -0.000000 0.000000 0.000000 0.000000 1.000000</float_array>
        <technique_common>
          <accessor source="#mixamorig_LeftForeArm-Matrix-animation-output-transform-array" count="19" stride="16">
            <param type="float4x4"/>
          </accessor>
        </technique_common>
      </source>
      <source id="mixamorig_LeftForeArm-Interpolations">
        <Name_array id="mixamorig_LeftForeArm-Interpolations-array" count="19">
 LINEAR LINEAR LINEAR LINEAR LINEAR LINEAR LINEAR LINEAR LINEAR LINEAR LINEAR
LINEAR LINEAR LINEAR LINEAR LINEAR LINEAR LINEAR LINEAR</Name_array>
        <technique_common>
          <accessor source="#mixamorig_LeftForeArm-Interpolations-array" count="19">
            <param type="name"/>
          </accessor>
        </technique_common>
      </source>
      <sampler id="mixamorig_LeftForeArm-Matrix-animation-transform">
        <input semantic="INPUT" source="#mixamorig_LeftForeArm-Matrix-animation-input"/>
        <input semantic="OUTPUT" source="#mixamorig_LeftForeArm-Matrix-animation-output-transform"/>
        <input semantic="INTERPOLATION" source="#mixamorig_LeftForeArm-Interpolations"/>
      </sampler>
      <channel source="#mixamorig_LeftForeArm-Matrix-animation-transform" target="mixamorig_LeftForeArm/matrix"/>
    </animation>
    <animation id="mixamorig_LeftHand-anim" name="mixamorig_LeftHand">
      <source id="mixamorig_LeftHand-Matrix-animation-input">
        <float_array id="mixamorig_LeftHand-Matrix-animation-input-array" count="19">

0.000000 0.033333 0.066667 0.100000 0.133333 0.166667 0.200000 0.233333 0.266667 0.300000 0.333333 0.366667 0.400000 0.433333 0.466667 0.500000
0.533333 0.566667 0.600000</float_array>
        <technique_common>
          <accessor source="#mixamorig_LeftHand-Matrix-animation-input-array" count="19">
            <param name="TIME" type="float"/>
          </accessor>
        </technique_common>
      </source>
      <source id="mixamorig_LeftHand-Matrix-animation-output-transform">
        <float_array id="mixamorig_LeftHand-Matrix-animation-output-transform-array" count="304">

0.899714 -0.418076 -0.125405 0.000000 0.394674 0.656541 0.642796 21.535400 -0.186404 -0.627827 0.755703 0.000000 0.000000 0.000000 0.000000 1.000000
0.849919 -0.519174 -0.089979 0.000000 0.444415 0.614575 0.651762 21.535400 -0.283079 -0.593933 0.753067 0.000000 0.000000 0.000000 0.000000 1.000000
0.815088 -0.562547 -0.138466 0.000000 0.507417 0.577871 0.639213 21.535400 -0.279571 -0.591275 0.756462 0.000000 0.000000 0.000000 0.000000 1.000000
0.807351 -0.566567 -0.164884 0.000000 0.537624 0.591123 0.601277 21.535400 -0.243197 -0.574087 0.781843 0.000000 0.000000 0.000000 0.000000 1.000000
0.837918 -0.519623 -0.166987 0.000000 0.515435 0.652744 0.555204 21.535400 -0.179497 -0.551287 0.814778 0.000000 0.000000 0.000000 0.000000 1.000000
0.877429 -0.446703 -0.174857 0.000000 0.465187 0.703330 0.537521 21.535400 -0.117130 -0.552977 0.824922 -0.000000 0.000000 0.000000 0.000000 1.000000
0.910736 -0.367555 -0.188317 -0.000000 0.407632 0.726822 0.552781 21.535400 -0.066305 -0.580201 0.811770 -0.000000 0.000000 0.000000 0.000000 1.000000
0.924993 -0.298423 -0.235226 0.000000 0.379898 0.713167 0.589126 21.535400 -0.008053 -0.634300 0.773045 0.000000 0.000000 0.000000 0.000000 1.000000
0.938995 -0.241949 -0.244438 0.000000 0.342737 0.717448 0.606464 21.535400 0.028638 -0.653245 0.756605 0.000000 0.000000 0.000000 0.000000 1.000000
0.941211 -0.150167 -0.302607 0.000000 0.315597 0.710383 0.629090 21.535400 0.120498 -0.687609 0.716013 0.000000 0.000000 0.000000 0.000000 1.000000
0.935122 -0.138002 -0.326348 0.000000 0.331516 0.665891 0.668346 21.535400 0.125079 -0.733174 0.668439 0.000000 0.000000 0.000000 0.000000 1.000000
0.940334 -0.164196 -0.298014 0.000000 0.333729 0.615773 0.713757 21.535400 0.066313 -0.770626 0.633829 0.000000 0.000000 0.000000 0.000000 1.000000
0.948968 -0.194613 -0.248164 0.000000 0.314732 0.634515 0.705928 21.535400 0.020081 -0.748008 0.663386 0.000000 0.000000 0.000000 0.000000 1.000000
0.954883 -0.206180 -0.213749 0.000000 0.296970 0.669601 0.680767 21.535400 0.002766 -0.713530 0.700620 0.000000 0.000000 0.000000 0.000000 1.000000
0.956456 -0.228438 -0.181681 0.000000 0.290141 0.676340 0.677040 21.535400 -0.031783 -0.700272 0.713168 0.000000 0.000000 0.000000 0.000000 1.000000
0.955269 -0.220330 -0.197271 -0.000000 0.295290 0.673924 0.677222 21.535400 -0.016266 -0.705181 0.708840 0.000000 0.000000 0.000000 0.000000 1.000000
0.953932 -0.223106 -0.200594 -0.000000 0.299792 0.682555 0.666516 21.535400 -0.011787 -0.695947 0.717996 0.000000 0.000000 0.000000 0.000000 1.000000
0.955769 -0.227109 -0.186887 -0.000000 0.293701 0.703138 0.647563 21.535400 -0.015660 -0.673809 0.738739 -0.000000 0.000000 0.000000 0.000000 1.000000
0.953334 -0.241982 -0.180553 -0.000000 0.301324 0.725081 0.619243 21.535400 -0.018931 -0.644750 0.764159 -0.000000 0.000000 0.000000 0.000000 1.000000</float_array>
        <technique_common>
          <accessor source="#mixamorig_LeftHand-Matrix-animation-output-transform-array" count="19" stride="16">
            <param type="float4x4"/>
          </accessor>
        </technique_common>
      </source>
      <source id="mixamorig_LeftHand-Interpolations">
        <Name_array id="mixamorig_LeftHand-Interpolations-array" count="19">
 LINEAR LINEAR LINEAR LINEAR LINEAR LINEAR LINEAR LINEAR LINEAR LINEAR LINEAR
LINEAR LINEAR LINEAR LINEAR LINEAR LINEAR LINEAR LINEAR</Name_array>
        <technique_common>
          <accessor source="#mixamorig_LeftHand-Interpolations-array" count="19">
            <param type="name"/>
          </accessor>
        </technique_common>
      </source>
      <sampler id="mixamorig_LeftHand-Matrix-animation-transform">
        <input semantic="INPUT" source="#mixamorig_LeftHand-Matrix-animation-input"/>
        <input semantic="OUTPUT" source="#mixamorig_LeftHand-Matrix-animation-output-transform"/>
        <input semantic="INTERPOLATION" source="#mixamorig_LeftHand-Interpolations"/>
      </sampler>
      <channel source="#mixamorig_LeftHand-Matrix-animation-transform" target="mixamorig_LeftHand/matrix"/>
    </animation>
    <animation id="mixamorig_LeftHandThumb1-anim" name="mixamorig_LeftHandThumb1">
      <source id="mixamorig_LeftHandThumb1-Matrix-animation-input">
        <float_array id="mixamorig_LeftHandThumb1-Matrix-animation-input-array" count="19">

0.000000 0.033333 0.066667 0.100000 0.133333 0.166667 0.200000 0.233333 0.266667 0.300000 0.333333 0.366667 0.400000 0.433333 0.466667 0.500000
0.533333 0.566667 0.600000</float_array>
        <technique_common>
          <accessor source="#mixamorig_LeftHandThumb1-Matrix-animation-input-array" count="19">
            <param name="TIME" type="float"/>
          </accessor>
        </technique_common>
      </source>
      <source id="mixamorig_LeftHandThumb1-Matrix-animation-output-transform">
        <float_array id="mixamorig_LeftHandThumb1-Matrix-animation-output-transform-array" count="304">

0.879850 -0.221466 0.420496 -1.897200 0.355521 0.893877 -0.273109 4.226700 -0.315387 0.389790 0.865214 4.940900 0.000000 0.000000 0.000000 1.000000
0.880030 -0.221146 0.420286 -1.897200 0.355359 0.893723 -0.273821 4.226700 -0.315065 0.390324 0.865090 4.940900 0.000000 0.000000 0.000000 1.000000
0.880315 -0.220642 0.419956 -1.897200 0.355104 0.893481 -0.274942 4.226700 -0.314559 0.391163 0.864895 4.940900 0.000000 0.000000 0.000000 1.000000
0.880689 -0.219978 0.419520 -1.897200 0.354765 0.893161 -0.276415 4.226700 -0.313894 0.392266 0.864637 4.940900 0.000000 0.000000 0.000000 1.000000
0.881137 -0.219183 0.418995 -1.897200 0.354357 0.892775 -0.278180 4.226700 -0.313096 0.393589 0.864326 4.940900 0.000000 0.000000 0.000000 1.000000
0.881645 -0.218279 0.418396 -1.897200 0.353890 0.892333 -0.280183 4.226700 -0.312191 0.395089 0.863969 4.940900 0.000000 0.000000 0.000000 1.000000
0.882200 -0.217293 0.417741 -1.897200 0.353376 0.891850 -0.282364 4.226700 -0.311206 0.396721 0.863576 4.940900 0.000000 0.000000 0.000000 1.000000
0.882785 -0.216250 0.417045 -1.897200 0.352826 0.891335 -0.284668 4.226700 -0.310167 0.398445 0.863156 4.940900 0.000000 0.000000 0.000000 1.000000
0.883388 -0.215176 0.416324 -1.897200 0.352256 0.890801 -0.287036 4.226700 -0.309099 0.400216 0.862719 4.940900 0.000000 0.000000 0.000000 1.000000
0.883992 -0.214097 0.415597 -1.897200 0.351678 0.890260 -0.289412 4.226700 -0.308027 0.401994 0.862276 4.940900 0.000000 0.000000 0.000000 1.000000
0.884584 -0.213038 0.414880 -1.897200 0.351105 0.889727 -0.291737 4.226700 -0.306979 0.403733 0.861837 4.940900 0.000000 0.000000 0.000000 1.000000
0.885150 -0.212026 0.414192 -1.897200 0.350553 0.889214 -0.293958 4.226700 -0.305979 0.405393 0.861414 4.940900 0.000000 0.000000 0.000000 1.000000
0.885674 -0.211087 0.413551 -1.897200 0.350036 0.888734 -0.296017 4.226700 -0.305052 0.406932 0.861017 4.940900 0.000000 0.000000 0.000000 1.000000
0.886143 -0.210245 0.412974 -1.897200 0.349570 0.888303 -0.297857 4.226700 -0.304224 0.408307 0.860659 4.940900 0.000000 0.000000 0.000000 1.000000
0.886542 -0.209528 0.412482 -1.897200 0.349169 0.887934 -0.299422 4.226700 -0.303519 0.409476 0.860352 4.940900 0.000000 0.000000 0.000000 1.000000
0.886857 -0.208963 0.412092 -1.897200 0.348854 0.887641 -0.300658 4.226700 -0.302963 0.410400 0.860108 4.940900 0.000000 0.000000 0.000000 1.000000
0.887073 -0.208574 0.411823 -1.897200 0.348633 0.887440 -0.301505 4.226700 -0.302582 0.411032 0.859940 4.940900 0.000000 0.000000 0.000000 1.000000
0.887176 -0.208388 0.411695 -1.897200 0.348529 0.887343 -0.301910 4.226700 -0.302400 0.411335 0.859859 4.940900 0.000000 0.000000 0.000000 1.000000
0.887192 -0.208360 0.411675 -1.897200 0.348513 0.887329 -0.301971 4.226700 -0.302373 0.411380 0.859847 4.940900 0.000000 0.000000 0.000000 1.000000</float_array>
        <technique_common>
          <accessor source="#mixamorig_LeftHandThumb1-Matrix-animation-output-transform-array" count="19" stride="16">
            <param type="float4x4"/>
          </accessor>
        </technique_common>
      </source>
      <source id="mixamorig_LeftHandThumb1-Interpolations">
        <Name_array id="mixamorig_LeftHandThumb1-Interpolations-array" count="19">
 LINEAR LINEAR LINEAR LINEAR LINEAR LINEAR LINEAR LINEAR LINEAR LINEAR LINEAR
LINEAR LINEAR LINEAR LINEAR LINEAR LINEAR LINEAR LINEAR</Name_array>
        <technique_common>
          <accessor source="#mixamorig_LeftHandThumb1-Interpolations-array" count="19">
            <param type="name"/>
          </accessor>
        </technique_common>
      </source>
      <sampler id="mixamorig_LeftHandThumb1-Matrix-animation-transform">
        <input semantic="INPUT" source="#mixamorig_LeftHandThumb1-Matrix-animation-input"/>
        <input semantic="OUTPUT" source="#mixamorig_LeftHandThumb1-Matrix-animation-output-transform"/>
        <input semantic="INTERPOLATION" source="#mixamorig_LeftHandThumb1-Interpolations"/>
      </sampler>
      <channel source="#mixamorig_LeftHandThumb1-Matrix-animation-transform" target="mixamorig_LeftHandThumb1/matrix"/>
    </animation>
    <animation id="mixamorig_LeftHandThumb2-anim" name="mixamorig_LeftHandThumb2">
      <source id="mixamorig_LeftHandThumb2-Matrix-animation-input">
        <float_array id="mixamorig_LeftHandThumb2-Matrix-animation-input-array" count="19">

0.000000 0.033333 0.066667 0.100000 0.133333 0.166667 0.200000 0.233333 0.266667 0.300000 0.333333 0.366667 0.400000 0.433333 0.466667 0.500000
0.533333 0.566667 0.600000</float_array>
        <technique_common>
          <accessor source="#mixamorig_LeftHandThumb2-Matrix-animation-input-array" count="19">
            <param name="TIME" type="float"/>
          </accessor>
        </technique_common>
      </source>
      <source id="mixamorig_LeftHandThumb2-Matrix-animation-output-transform">
        <float_array id="mixamorig_LeftHandThumb2-Matrix-animation-output-transform-array" count="304">

0.979006 0.170741 -0.111332 -0.788100 -0.183596 0.975921 -0.117770 4.746200 0.088543 0.135738 0.986780 0.000000 0.000000 0.000000 0.000000 1.000000
0.979006 0.170741 -0.111332 -0.788100 -0.183596 0.975921 -0.117770 4.746200 0.088543 0.135738 0.986780 0.000000 0.000000 0.000000 0.000000 1.000000
0.979006 0.170742 -0.111333 -0.788100 -0.183597 0.975921 -0.117770 4.746200 0.088544 0.135738 0.986780 0.000000 0.000000 0.000000 0.000000 1.000000
0.979006 0.170741 -0.111332 -0.788100 -0.183596 0.975922 -0.117769 4.746200 0.088544 0.135737 0.986780 -0.000000 0.000000 0.000000 0.000000 1.000000
0.979006 0.170741 -0.111332 -0.788100 -0.183596 0.975921 -0.117770 4.746200 0.088543 0.135738 0.986780 0.000000 0.000000 0.000000 0.000000 1.000000
0.979006 0.170742 -0.111332 -0.788100 -0.183597 0.975921 -0.117770 4.746200 0.088543 0.135737 0.986780 0.000000 0.000000 0.000000 0.000000 1.000000
0.979006 0.170742 -0.111333 -0.788100 -0.183597 0.975921 -0.117770 4.746200 0.088544 0.135738 0.986780 0.000000 0.000000 0.000000 0.000000 1.000000
0.979006 0.170742 -0.111332 -0.788100 -0.183597 0.975921 -0.117770 4.746200 0.088543 0.135738 0.986780 0.000000 0.000000 0.000000 0.000000 1.000000
0.979006 0.170741 -0.111332 -0.788100 -0.183596 0.975922 -0.117769 4.746200 0.088543 0.135737 0.986780 -0.000000 0.000000 0.000000 0.000000 1.000000
0.979006 0.170742 -0.111332 -0.788100 -0.183597 0.975921 -0.117770 4.746200 0.088543 0.135737 0.986780 -0.000000 0.000000 0.000000 0.000000 1.000000
0.979006 0.170742 -0.111332 -0.788100 -0.183596 0.975921 -0.117770 4.746200 0.088543 0.135738 0.986780 0.000000 0.000000 0.000000 0.000000 1.000000
0.979006 0.170741 -0.111332 -0.788100 -0.183596 0.975921 -0.117771 4.746200 0.088543 0.135738 0.986780 -0.000000 0.000000 0.000000 0.000000 1.000000
0.979006 0.170741 -0.111333 -0.788100 -0.183596 0.975921 -0.117770 4.746200 0.088544 0.135738 0.986780 -0.000000 0.000000 0.000000 0.000000 1.000000
0.979006 0.170742 -0.111333 -0.788100 -0.183597 0.975921 -0.117770 4.746200 0.088544 0.135738 0.986780 0.000000 0.000000 0.000000 0.000000 1.000000
0.979006 0.170741 -0.111332 -0.788100 -0.183596 0.975921 -0.117770 4.746200 0.088543 0.135738 0.986780 0.000000 0.000000 0.000000 0.000000 1.000000
0.979006 0.170741 -0.111333 -0.788100 -0.183596 0.975921 -0.117770 4.746200 0.088544 0.135738 0.986780 0.000000 0.000000 0.000000 0.000000 1.000000
0.979006 0.170742 -0.111332 -0.788100 -0.183597 0.975921 -0.117770 4.746200 0.088543 0.135738 0.986780 0.000000 0.000000 0.000000 0.000000 1.000000
0.979006 0.170741 -0.111332 -0.788100 -0.183596 0.975921 -0.117770 4.746200 0.088543 0.135738 0.986780 0.000000 0.000000 0.000000 0.000000 1.000000
0.979006 0.170742 -0.111332 -0.788100 -0.183597 0.975921 -0.117770 4.746200 0.088543 0.135738 0.986780 0.000000 0.000000 0.000000 0.000000 1.000000</float_array>
        <technique_common>
          <accessor source="#mixamorig_LeftHandThumb2-Matrix-animation-output-transform-array" count="19" stride="16">
            <param type="float4x4"/>
          </accessor>
        </technique_common>
      </source>
      <source id="mixamorig_LeftHandThumb2-Interpolations">
        <Name_array id="mixamorig_LeftHandThumb2-Interpolations-array" count="19">
 LINEAR LINEAR LINEAR LINEAR LINEAR LINEAR LINEAR LINEAR LINEAR LINEAR LINEAR
LINEAR LINEAR LINEAR LINEAR LINEAR LINEAR LINEAR LINEAR</Name_array>
        <technique_common>
          <accessor source="#mixamorig_LeftHandThumb2-Interpolations-array" count="19">
            <param type="name"/>
          </accessor>
        </technique_common>
      </source>
      <sampler id="mixamorig_LeftHandThumb2-Matrix-animation-transform">
        <input semantic="INPUT" source="#mixamorig_LeftHandThumb2-Matrix-animation-input"/>
        <input semantic="OUTPUT" source="#mixamorig_LeftHandThumb2-Matrix-animation-output-transform"/>
        <input semantic="INTERPOLATION" source="#mixamorig_LeftHandThumb2-Interpolations"/>
      </sampler>
      <channel source="#mixamorig_LeftHandThumb2-Matrix-animation-transform" target="mixamorig_LeftHandThumb2/matrix"/>
    </animation>
    <animation id="mixamorig_LeftHandThumb3-anim" name="mixamorig_LeftHandThumb3">
      <source id="mixamorig_LeftHandThumb3-Matrix-animation-input">
        <float_array id="mixamorig_LeftHandThumb3-Matrix-animation-input-array" count="19">

0.000000 0.033333 0.066667 0.100000 0.133333 0.166667 0.200000 0.233333 0.266667 0.300000 0.333333 0.366667 0.400000 0.433333 0.466667 0.500000
0.533333 0.566667 0.600000</float_array>
        <technique_common>
          <accessor source="#mixamorig_LeftHandThumb3-Matrix-animation-input-array" count="19">
            <param name="TIME" type="float"/>
          </accessor>
        </technique_common>
      </source>
      <source id="mixamorig_LeftHandThumb3-Matrix-animation-output-transform">
        <float_array id="mixamorig_LeftHandThumb3-Matrix-animation-output-transform-array" count="304">

0.964590 0.262990 0.020050 -0.314700 -0.263359 0.964516 0.018715 7.341200 -0.014417 -0.023333 0.999624 0.000000 0.000000 0.000000 0.000000 1.000000
0.966778 0.254830 0.020053 -0.314700 -0.255201 0.966706 0.018782 7.341200 -0.014599 -0.023275 0.999622 0.000000 0.000000 0.000000 0.000000 1.000000
0.969740 0.243315 0.020058 -0.314700 -0.243688 0.969670 0.018878 7.341200 -0.014857 -0.023194 0.999621 0.000000 0.000000 0.000000 0.000000 1.000000
0.973520 0.227721 0.020068 -0.314700 -0.228097 0.973453 0.019009 7.341200 -0.015206 -0.023083 0.999618 0.000000 0.000000 0.000000 0.000000 1.000000
0.977870 0.208249 0.020084 -0.314700 -0.208629 0.977807 0.019176 7.341200 -0.015645 -0.022942 0.999614 0.000000 0.000000 0.000000 0.000000 1.000000
0.982446 0.185459 0.020109 -0.314700 -0.185844 0.982388 0.019378 7.341200 -0.016161 -0.022775 0.999610 0.000000 0.000000 0.000000 0.000000 1.000000
0.986923 0.159926 0.020146 -0.314700 -0.160317 0.986871 0.019611 7.341200 -0.016745 -0.022584 0.999605 -0.000000 0.000000 0.000000 0.000000 1.000000
0.991012 0.132239 0.020193 -0.314700 -0.132638 0.990965 0.019872 7.341200 -0.017383 -0.022372 0.999599 0.000000 0.000000 0.000000 0.000000 1.000000
0.994474 0.103006 0.020253 -0.314700 -0.103413 0.994434 0.020160 7.341200 -0.018063 -0.022143 0.999592 0.000000 0.000000 0.000000 0.000000 1.000000
0.997136 0.072848 0.020322 -0.314700 -0.073263 0.997103 0.020470 7.341200 -0.018772 -0.021900 0.999584 0.000000 0.000000 0.000000 0.000000 1.000000
0.998892 0.042402 0.020400 -0.314700 -0.042826 0.998866 0.020798 7.341200 -0.019495 -0.021649 0.999576 -0.000000 0.000000 0.000000 0.000000 1.000000
0.999714 0.012304 0.020485 -0.314700 -0.012737 0.999695 0.021138 7.341200 -0.020219 -0.021392 0.999567 0.000000 0.000000 0.000000 0.000000 1.000000
0.999647 -0.016801 0.020573 -0.314700 0.016359 0.999635 0.021482 7.341200 -0.020927 -0.021138 0.999558 0.000000 0.000000 0.000000 0.000000 1.000000
0.998806 -0.044275 0.020661 -0.314700 0.043823 0.998801 0.021820 7.341200 -0.021602 -0.020889 0.999548 0.000000 0.000000 0.000000 0.000000 1.000000
0.997367 -0.069490 0.020745 -0.314700 0.069029 0.997369 0.022146 7.341200 -0.022229 -0.020656 0.999540 -0.000000 0.000000 0.000000 0.000000 1.000000
0.995557 -0.091827 0.020822 -0.314700 0.091358 0.995565 0.022445 7.341200 -0.022790 -0.020443 0.999531 0.000000 0.000000 0.000000 0.000000 1.000000
0.993637 -0.110680 0.020887 -0.314700 0.110204 0.993650 0.022705 7.341200 -0.023267 -0.020259 0.999524 0.000000 0.000000 0.000000 0.000000 1.000000
0.991878 -0.125455 0.020940 -0.314700 0.124973 0.991895 0.022915 7.341200 -0.023645 -0.020112 0.999518 0.000000 0.000000 0.000000 0.000000 1.000000
0.990547 -0.135559 0.020976 -0.314700 0.135074 0.990567 0.023062 7.341200 -0.023905 -0.020011 0.999514 0.000000 0.000000 0.000000 0.000000 1.000000</float_array>
        <technique_common>
          <accessor source="#mixamorig_LeftHandThumb3-Matrix-animation-output-transform-array" count="19" stride="16">
            <param type="float4x4"/>
          </accessor>
        </technique_common>
      </source>
      <source id="mixamorig_LeftHandThumb3-Interpolations">
        <Name_array id="mixamorig_LeftHandThumb3-Interpolations-array" count="19">
 LINEAR LINEAR LINEAR LINEAR LINEAR LINEAR LINEAR LINEAR LINEAR LINEAR LINEAR
LINEAR LINEAR LINEAR LINEAR LINEAR LINEAR LINEAR LINEAR</Name_array>
        <technique_common>
          <accessor source="#mixamorig_LeftHandThumb3-Interpolations-array" count="19">
            <param type="name"/>
          </accessor>
        </technique_common>
      </source>
      <sampler id="mixamorig_LeftHandThumb3-Matrix-animation-transform">
        <input semantic="INPUT" source="#mixamorig_LeftHandThumb3-Matrix-animation-input"/>
        <input semantic="OUTPUT" source="#mixamorig_LeftHandThumb3-Matrix-animation-output-transform"/>
        <input semantic="INTERPOLATION" source="#mixamorig_LeftHandThumb3-Interpolations"/>
      </sampler>
      <channel source="#mixamorig_LeftHandThumb3-Matrix-animation-transform" target="mixamorig_LeftHandThumb3/matrix"/>
    </animation>
    <animation id="mixamorig_LeftHandIndex1-anim" name="mixamorig_LeftHandIndex1">
      <source id="mixamorig_LeftHandIndex1-Matrix-animation-input">
        <float_array id="mixamorig_LeftHandIndex1-Matrix-animation-input-array" count="19">

0.000000 0.033333 0.066667 0.100000 0.133333 0.166667 0.200000 0.233333 0.266667 0.300000 0.333333 0.366667 0.400000 0.433333 0.466667 0.500000
0.533333 0.566667 0.600000</float_array>
        <technique_common>
          <accessor source="#mixamorig_LeftHandIndex1-Matrix-animation-input-array" count="19">
            <param name="TIME" type="float"/>
          </accessor>
        </technique_common>
      </source>
      <source id="mixamorig_LeftHandIndex1-Matrix-animation-output-transform">
        <float_array id="mixamorig_LeftHandIndex1-Matrix-animation-output-transform-array" count="304">

0.958644 0.168917 0.229062 -2.959300 -0.144869 0.982373 -0.118139 12.531300 -0.244980 0.080069 0.966216 1.173500 0.000000 0.000000 0.000000 1.000000
0.958460 0.173887 0.226093 -2.959300 -0.145705 0.979937 -0.135988 12.531300 -0.245203 0.097396 0.964567 1.173500 0.000000 0.000000 0.000000 1.000000
0.958389 0.176223 0.224581 -2.959300 -0.146138 0.978682 -0.144310 12.531300 -0.245224 0.105485 0.963711 1.173500 0.000000 0.000000 0.000000 1.000000
0.958472 0.175178 0.225041 -2.959300 -0.146053 0.979285 -0.140250 12.531300 -0.244947 0.101558 0.964203 1.173500 0.000000 0.000000 0.000000 1.000000
0.958688 0.171313 0.227087 -2.959300 -0.145532 0.981309 -0.125905 12.531300 -0.244412 0.087656 0.965701 1.173500 0.000000 0.000000 0.000000 1.000000
0.958999 0.165256 0.230244 -2.959300 -0.144663 0.984028 -0.103735 12.531300 -0.243709 0.066174 0.967588 1.173500 0.000000 0.000000 0.000000 1.000000
0.959379 0.157226 0.234248 -2.959300 -0.143463 0.986826 -0.074789 12.531300 -0.242921 0.038145 0.969296 1.173500 0.000000 0.000000 0.000000 1.000000
0.959803 0.147445 0.238828 -2.959300 -0.141950 0.989059 -0.040146 12.531300 -0.242134 0.004630 0.970232 1.173500 0.000000 0.000000 0.000000 1.000000
0.960242 0.136152 0.243716 -2.959300 -0.140158 0.990129 -0.000915 12.531300 -0.241435 -0.033280 0.969846 1.173500 0.000000 0.000000 0.000000 1.000000
0.960672 0.123605 0.248660 -2.959300 -0.138125 0.989534 0.041751 12.531300 -0.240897 -0.074455 0.967690 1.173500 0.000000 0.000000 0.000000 1.000000
0.961066 0.110093 0.253439 -2.959300 -0.135910 0.986923 0.086669 12.531300 -0.240583 -0.117740 0.963461 1.173500 0.000000 0.000000 0.000000 1.000000
0.961407 0.095937 0.257863 -2.959300 -0.133579 0.982123 0.132634 12.531300 -0.240529 -0.161960 0.957034 1.173500 0.000000 0.000000 0.000000 1.000000
0.961678 0.081485 0.261794 -2.959300 -0.131206 0.975162 0.178448 12.531300 -0.240751 -0.205958 0.948483 1.173500 0.000000 0.000000 0.000000 1.000000
0.961872 0.067109 0.265138 -2.959300 -0.128869 0.966277 0.222939 12.531300 -0.241235 -0.248606 0.938083 1.173500 0.000000 0.000000 0.000000 1.000000
0.961989 0.053201 0.267855 -2.959300 -0.126646 0.955900 0.264982 12.531300 -0.241945 -0.288833 0.926304 1.173500 0.000000 0.000000 0.000000 1.000000
0.962036 0.040160 0.269951 -2.959300 -0.124604 0.944642 0.303523 12.531300 -0.242817 -0.325637 0.913784 1.173500 0.000000 0.000000 0.000000 1.000000
0.962026 0.028394 0.271477 -2.959300 -0.122808 0.933252 0.337579 12.531300 -0.243771 -0.358100 0.901299 1.173500 0.000000 0.000000 0.000000 1.000000
0.961978 0.018308 0.272514 -2.959300 -0.121308 0.922581 0.366237 12.531300 -0.244711 -0.385370 0.889723 1.173500 0.000000 0.000000 0.000000 1.000000
0.961913 0.010300 0.273162 -2.959300 -0.120147 0.913523 0.388639 12.531300 -0.245537 -0.406657 0.879967 1.173500 0.000000 0.000000 0.000000 1.000000</float_array>
        <technique_common>
          <accessor source="#mixamorig_LeftHandIndex1-Matrix-animation-output-transform-array" count="19" stride="16">
            <param type="float4x4"/>
          </accessor>
        </technique_common>
      </source>
      <source id="mixamorig_LeftHandIndex1-Interpolations">
        <Name_array id="mixamorig_LeftHandIndex1-Interpolations-array" count="19">
 LINEAR LINEAR LINEAR LINEAR LINEAR LINEAR LINEAR LINEAR LINEAR LINEAR LINEAR
LINEAR LINEAR LINEAR LINEAR LINEAR LINEAR LINEAR LINEAR</Name_array>
        <technique_common>
          <accessor source="#mixamorig_LeftHandIndex1-Interpolations-array" count="19">
            <param type="name"/>
          </accessor>
        </technique_common>
      </source>
      <sampler id="mixamorig_LeftHandIndex1-Matrix-animation-transform">
        <input semantic="INPUT" source="#mixamorig_LeftHandIndex1-Matrix-animation-input"/>
        <input semantic="OUTPUT" source="#mixamorig_LeftHandIndex1-Matrix-animation-output-transform"/>
        <input semantic="INTERPOLATION" source="#mixamorig_LeftHandIndex1-Interpolations"/>
      </sampler>
      <channel source="#mixamorig_LeftHandIndex1-Matrix-animation-transform" target="mixamorig_LeftHandIndex1/matrix"/>
    </animation>
    <animation id="mixamorig_LeftHandIndex2-anim" name="mixamorig_LeftHandIndex2">
      <source id="mixamorig_LeftHandIndex2-Matrix-animation-input">
        <float_array id="mixamorig_LeftHandIndex2-Matrix-animation-input-array" count="19">

0.000000 0.033333 0.066667 0.100000 0.133333 0.166667 0.200000 0.233333 0.266667 0.300000 0.333333 0.366667 0.400000 0.433333 0.466667 0.500000
0.533333 0.566667 0.600000</float_array>
        <technique_common>
          <accessor source="#mixamorig_LeftHandIndex2-Matrix-animation-input-array" count="19">
            <param name="TIME" type="float"/>
          </accessor>
        </technique_common>
      </source>
      <source id="mixamorig_LeftHandIndex2-Matrix-animation-output-transform">
        <float_array id="mixamorig_LeftHandIndex2-Matrix-animation-output-transform-array" count="304">

0.998274 0.046693 -0.035620 -0.006300 -0.052001 0.420909 -0.905611 8.298100 -0.027293 0.905900 0.422611 -0.000000 0.000000 0.000000 0.000000 1.000000
0.998156 0.047452 -0.037844 -0.006300 -0.053016 0.378061 -0.924262 8.298100 -0.029551 0.924564 0.379879 0.000000 0.000000 0.000000 0.000000 1.000000
0.998065 0.047963 -0.039560 -0.006300 -0.053715 0.344803 -0.937137 8.298100 -0.031307 0.937449 0.346712 0.000000 0.000000 0.000000 0.000000 1.000000
0.998018 0.048206 -0.040438 -0.006300 -0.054043 0.327567 -0.943281 8.298100 -0.032226 0.943597 0.329524 0.000000 0.000000 0.000000 0.000000 1.000000
0.998030 0.048166 -0.040199 -0.006300 -0.053946 0.331778 -0.941814 8.298100 -0.032026 0.942127 0.333723 0.000000 0.000000 0.000000 0.000000 1.000000
0.998089 0.047886 -0.039044 -0.006300 -0.053492 0.353452 -0.933922 8.298100 -0.030922 0.934226 0.355338 0.000000 0.000000 0.000000 0.000000 1.000000
0.998183 0.047374 -0.037227 -0.006300 -0.052723 0.387734 -0.920262 8.298100 -0.029162 0.920553 0.389527 0.000000 0.000000 0.000000 0.000000 1.000000
0.998306 0.046587 -0.034865 -0.006300 -0.051613 0.432270 -0.900266 8.298100 -0.026870 0.900540 0.433942 0.000000 0.000000 0.000000 0.000000 1.000000
0.998450 0.045478 -0.032086 -0.006300 -0.050136 0.484551 -0.873325 8.298100 -0.024170 0.873580 0.486080 0.000000 0.000000 0.000000 0.000000 1.000000
0.998609 0.044015 -0.029026 -0.006300 -0.048275 0.541967 -0.839012 8.298100 -0.021198 0.839246 0.543338 -0.000000 0.000000 0.000000 0.000000 1.000000
0.998776 0.042177 -0.025820 -0.006300 -0.046027 0.601889 -0.797252 8.298100 -0.018085 0.797465 0.603094 0.000000 0.000000 0.000000 0.000000 1.000000
0.998945 0.039973 -0.022599 -0.006300 -0.043414 0.661787 -0.748434 8.298100 -0.014961 0.748626 0.662824 0.000000 0.000000 0.000000 0.000000 1.000000
0.999109 0.037440 -0.019490 -0.006300 -0.040484 0.719343 -0.693474 8.298100 -0.011943 0.693645 0.720218 0.000000 0.000000 0.000000 0.000000 1.000000
0.999262 0.034641 -0.016595 -0.006300 -0.037309 0.772596 -0.633801 8.298100 -0.009135 0.633952 0.773318 0.000000 0.000000 0.000000 0.000000 1.000000
0.999400 0.031668 -0.013999 -0.006300 -0.033987 0.820032 -0.571308 8.298100 -0.006613 0.571441 0.820616 -0.000000 0.000000 0.000000 0.000000 1.000000
0.999521 0.028636 -0.011757 -0.006300 -0.030636 0.860667 -0.508246 8.298100 -0.004435 0.508363 0.861132 0.000000 0.000000 0.000000 0.000000 1.000000
0.999622 0.025665 -0.009898 -0.006300 -0.027383 0.894063 -0.447104 8.298100 -0.002625 0.447205 0.894427 -0.000000 0.000000 0.000000 0.000000 1.000000
0.999702 0.022896 -0.008424 -0.006300 -0.024367 0.920288 -0.390482 8.298100 -0.001188 0.390571 0.920572 0.000000 0.000000 0.000000 0.000000 1.000000
0.999764 0.020458 -0.007313 -0.006300 -0.021725 0.939820 -0.340979 8.298100 -0.000102 0.341058 0.940042 0.000000 0.000000 0.000000 0.000000 1.000000</float_array>
        <technique_common>
          <accessor source="#mixamorig_LeftHandIndex2-Matrix-animation-output-transform-array" count="19" stride="16">
            <param type="float4x4"/>
          </accessor>
        </technique_common>
      </source>
      <source id="mixamorig_LeftHandIndex2-Interpolations">
        <Name_array id="mixamorig_LeftHandIndex2-Interpolations-array" count="19">
 LINEAR LINEAR LINEAR LINEAR LINEAR LINEAR LINEAR LINEAR LINEAR LINEAR LINEAR
LINEAR LINEAR LINEAR LINEAR LINEAR LINEAR LINEAR LINEAR</Name_array>
        <technique_common>
          <accessor source="#mixamorig_LeftHandIndex2-Interpolations-array" count="19">
            <param type="name"/>
          </accessor>
        </technique_common>
      </source>
      <sampler id="mixamorig_LeftHandIndex2-Matrix-animation-transform">
        <input semantic="INPUT" source="#mixamorig_LeftHandIndex2-Matrix-animation-input"/>
        <input semantic="OUTPUT" source="#mixamorig_LeftHandIndex2-Matrix-animation-output-transform"/>
        <input semantic="INTERPOLATION" source="#mixamorig_LeftHandIndex2-Interpolations"/>
      </sampler>
      <channel source="#mixamorig_LeftHandIndex2-Matrix-animation-transform" target="mixamorig_LeftHandIndex2/matrix"/>
    </animation>
    <animation id="mixamorig_LeftHandIndex3-anim" name="mixamorig_LeftHandIndex3">
      <source id="mixamorig_LeftHandIndex3-Matrix-animation-input">
        <float_array id="mixamorig_LeftHandIndex3-Matrix-animation-input-array" count="19">

0.000000 0.033333 0.066667 0.100000 0.133333 0.166667 0.200000 0.233333 0.266667 0.300000 0.333333 0.366667 0.400000 0.433333 0.466667 0.500000
0.533333 0.566667 0.600000</float_array>
        <technique_common>
          <accessor source="#mixamorig_LeftHandIndex3-Matrix-animation-input-array" count="19">
            <param name="TIME" type="float"/>
          </accessor>
        </technique_common>
      </source>
      <source id="mixamorig_LeftHandIndex3-Matrix-animation-output-transform">
        <float_array id="mixamorig_LeftHandIndex3-Matrix-animation-output-transform-array" count="304">

0.999578 0.027158 -0.010280 0.002000 -0.028884 0.893370 -0.448392 4.720200 -0.002994 0.448500 0.893778 0.000000 0.000000 0.000000 0.000000 1.000000
0.999497 0.029427 -0.011803 0.002000 -0.031407 0.867923 -0.495705 4.720200 -0.004343 0.495827 0.868411 0.000000 0.000000 0.000000 0.000000 1.000000
0.999413 0.031530 -0.013390 0.002000 -0.033767 0.841068 -0.539874 4.720200 -0.005760 0.540009 0.841639 0.000000 0.000000 0.000000 0.000000 1.000000
0.999337 0.033260 -0.014837 0.002000 -0.035728 0.816323 -0.576490 4.720200 -0.007062 0.576637 0.816970 0.000000 0.000000 0.000000 0.000000 1.000000
0.999280 0.034443 -0.015908 0.002000 -0.037079 0.797875 -0.601681 4.720200 -0.008031 0.601838 0.798578 0.000000 0.000000 0.000000 0.000000 1.000000
0.999255 0.034953 -0.016392 0.002000 -0.037665 0.789510 -0.612581 4.720200 -0.008470 0.612741 0.790238 0.000000 0.000000 0.000000 0.000000 1.000000
0.999252 0.035005 -0.016442 0.002000 -0.037725 0.788637 -0.613701 4.720200 -0.008516 0.613862 0.789367 0.000000 0.000000 0.000000 0.000000 1.000000
0.999264 0.034767 -0.016213 0.002000 -0.037451 0.792584 -0.608611 4.720200 -0.008310 0.608770 0.793303 0.000000 0.000000 0.000000 0.000000 1.000000
0.999289 0.034270 -0.015744 0.002000 -0.036880 0.800644 -0.598004 4.720200 -0.007888 0.598159 0.801338 0.000000 0.000000 0.000000 0.000000 1.000000
0.999323 0.033543 -0.015082 0.002000 -0.036048 0.812021 -0.582514 4.720200 -0.007292 0.582663 0.812681 0.000000 0.000000 0.000000 0.000000 1.000000
0.999366 0.032611 -0.014273 0.002000 -0.034987 0.825884 -0.562754 4.720200 -0.006565 0.562896 0.826501 0.000000 0.000000 0.000000 0.000000 1.000000
0.999414 0.031504 -0.013363 0.002000 -0.033735 0.841400 -0.539358 4.720200 -0.005749 0.539493 0.841970 -0.000000 0.000000 0.000000 0.000000 1.000000
0.999465 0.030251 -0.012396 0.002000 -0.032325 0.857777 -0.513004 4.720200 -0.004886 0.513131 0.858297 -0.000000 0.000000 0.000000 0.000000 1.000000
0.999518 0.028887 -0.011413 0.002000 -0.030799 0.874287 -0.484431 4.720200 -0.004015 0.484548 0.874755 0.000000 0.000000 0.000000 0.000000 1.000000
0.999569 0.027448 -0.010452 0.002000 -0.029200 0.890297 -0.454443 4.720200 -0.003168 0.454552 0.890715 0.000000 0.000000 0.000000 0.000000 1.000000
0.999617 0.025977 -0.009545 0.002000 -0.027574 0.905281 -0.423917 4.720200 -0.002371 0.424017 0.905651 0.000000 0.000000 0.000000 0.000000 1.000000
0.999661 0.024521 -0.008715 0.002000 -0.025972 0.918834 -0.393788 4.720200 -0.001649 0.393881 0.919160 0.000000 0.000000 0.000000 0.000000 1.000000
0.999701 0.023125 -0.007981 0.002000 -0.024442 0.930670 -0.365042 4.720200 -0.001014 0.365128 0.930957 0.000000 0.000000 0.000000 0.000000 1.000000
0.999734 0.021842 -0.007356 0.002000 -0.023042 0.940612 -0.338700 4.720200 -0.000479 0.338779 0.940866 0.000000 0.000000 0.000000 0.000000 1.000000</float_array>
        <technique_common>
          <accessor source="#mixamorig_LeftHandIndex3-Matrix-animation-output-transform-array" count="19" stride="16">
            <param type="float4x4"/>
          </accessor>
        </technique_common>
      </source>
      <source id="mixamorig_LeftHandIndex3-Interpolations">
        <Name_array id="mixamorig_LeftHandIndex3-Interpolations-array" count="19">
 LINEAR LINEAR LINEAR LINEAR LINEAR LINEAR LINEAR LINEAR LINEAR LINEAR LINEAR
LINEAR LINEAR LINEAR LINEAR LINEAR LINEAR LINEAR LINEAR</Name_array>
        <technique_common>
          <accessor source="#mixamorig_LeftHandIndex3-Interpolations-array" count="19">
            <param type="name"/>
          </accessor>
        </technique_common>
      </source>
      <sampler id="mixamorig_LeftHandIndex3-Matrix-animation-transform">
        <input semantic="INPUT" source="#mixamorig_LeftHandIndex3-Matrix-animation-input"/>
        <input semantic="OUTPUT" source="#mixamorig_LeftHandIndex3-Matrix-animation-output-transform"/>
        <input semantic="INTERPOLATION" source="#mixamorig_LeftHandIndex3-Interpolations"/>
      </sampler>
      <channel source="#mixamorig_LeftHandIndex3-Matrix-animation-transform" target="mixamorig_LeftHandIndex3/matrix"/>
    </animation>
    <animation id="mixamorig_LeftHandMiddle1-anim" name="mixamorig_LeftHandMiddle1">
      <source id="mixamorig_LeftHandMiddle1-Matrix-animation-input">
        <float_array id="mixamorig_LeftHandMiddle1-Matrix-animation-input-array" count="19">

0.000000 0.033333 0.066667 0.100000 0.133333 0.166667 0.200000 0.233333 0.266667 0.300000 0.333333 0.366667 0.400000 0.433333 0.466667 0.500000
0.533333 0.566667 0.600000</float_array>
        <technique_common>
          <accessor source="#mixamorig_LeftHandMiddle1-Matrix-animation-input-array" count="19">
            <param name="TIME" type="float"/>
          </accessor>
        </technique_common>
      </source>
      <source id="mixamorig_LeftHandMiddle1-Matrix-animation-output-transform">
        <float_array id="mixamorig_LeftHandMiddle1-Matrix-animation-output-transform-array" count="304">

0.969717 0.237849 0.055467 2.392400 -0.185328 0.864531 -0.467162 14.502300 -0.159067 0.442736 0.882430 -0.033500 0.000000 0.000000 0.000000 1.000000
0.969643 0.238429 0.054262 2.392400 -0.185625 0.862177 -0.471374 14.502300 -0.159172 0.446993 0.880262 -0.033500 0.000000 0.000000 0.000000 1.000000
0.969779 0.237343 0.056550 2.392400 -0.185056 0.866565 -0.463486 14.502300 -0.159009 0.439014 0.884298 -0.033500 0.000000 0.000000 0.000000 1.000000
0.970092 0.234734 0.061822 2.392400 -0.183729 0.876495 -0.444972 14.502300 -0.158637 0.420305 0.893408 -0.033500 0.000000 0.000000 0.000000 1.000000
0.970537 0.230760 0.069343 2.392400 -0.181796 0.890155 -0.417820 14.502300 -0.158142 0.392903 0.905880 -0.033500 0.000000 0.000000 0.000000 1.000000
0.971084 0.225405 0.078667 2.392400 -0.179330 0.906217 -0.382898 14.502300 -0.157596 0.357719 0.920435 -0.033500 0.000000 0.000000 0.000000 1.000000
0.971704 0.218656 0.089334 2.392400 -0.176407 0.923318 -0.341122 14.502300 -0.157072 0.315711 0.935765 -0.033500 0.000000 0.000000 0.000000 1.000000
0.972368 0.210535 0.100879 2.392400 -0.173108 0.940150 -0.293515 14.502300 -0.156636 0.267942 0.950617 -0.033500 0.000000 0.000000 0.000000 1.000000
0.973046 0.201114 0.112848 2.392400 -0.169522 0.955548 -0.241227 14.502300 -0.156346 0.215595 0.963885 -0.033500 0.000000 0.000000 0.000000 1.000000
0.973713 0.190536 0.124815 2.392400 -0.165742 0.968556 -0.185548 14.502300 -0.156244 0.159984 0.974676 -0.033500 0.000000 0.000000 0.000000 1.000000
0.974347 0.179009 0.136395 2.392400 -0.161867 0.978490 -0.127890 14.502300 -0.156355 0.102531 0.982365 -0.033500 0.000000 0.000000 0.000000 1.000000
0.974929 0.166817 0.147259 2.392400 -0.157998 0.984972 -0.069759 14.502300 -0.156683 0.044743 0.986635 -0.033500 0.000000 0.000000 0.000000 1.000000
0.975446 0.154305 0.157144 2.392400 -0.154237 0.987952 -0.012700 14.502300 -0.157210 -0.011849 0.987494 -0.033500 0.000000 0.000000 0.000000 1.000000
0.975890 0.141869 0.165865 2.392400 -0.150680 0.987701 0.041737 14.502300 -0.157903 -0.065723 0.985265 -0.033500 0.000000 0.000000 0.000000 1.000000
0.976258 0.129945 0.173306 2.392400 -0.147419 0.984782 0.092046 14.502300 -0.158708 -0.115410 0.980557 -0.033500 0.000000 0.000000 0.000000 1.000000
0.976550 0.118984 0.179423 2.392400 -0.144538 0.979997 0.136798 14.502300 -0.159558 -0.159524 0.974214 -0.033500 0.000000 0.000000 0.000000 1.000000
0.976771 0.109452 0.184224 2.392400 -0.142117 0.974320 0.174651 14.502300 -0.160377 -0.196776 0.967243 -0.033500 0.000000 0.000000 0.000000 1.000000
0.976928 0.101804 0.187744 2.392400 -0.140228 0.968804 0.204341 14.502300 -0.161085 -0.225954 0.960727 -0.033500 0.000000 0.000000 0.000000 1.000000
0.977026 0.096484 0.190028 2.392400 -0.138940 0.964481 0.224661 14.502300 -0.161602 -0.245902 0.955729 -0.033500 0.000000 0.000000 0.000000 1.000000</float_array>
        <technique_common>
          <accessor source="#mixamorig_LeftHandMiddle1-Matrix-animation-output-transform-array" count="19" stride="16">
            <param type="float4x4"/>
          </accessor>
        </technique_common>
      </source>
      <source id="mixamorig_LeftHandMiddle1-Interpolations">
        <Name_array id="mixamorig_LeftHandMiddle1-Interpolations-array" count="19">
 LINEAR LINEAR LINEAR LINEAR LINEAR LINEAR LINEAR LINEAR LINEAR LINEAR LINEAR
LINEAR LINEAR LINEAR LINEAR LINEAR LINEAR LINEAR LINEAR</Name_array>
        <technique_common>
          <accessor source="#mixamorig_LeftHandMiddle1-Interpolations-array" count="19">
            <param type="name"/>
          </accessor>
        </technique_common>
      </source>
      <sampler id="mixamorig_LeftHandMiddle1-Matrix-animation-transform">
        <input semantic="INPUT" source="#mixamorig_LeftHandMiddle1-Matrix-animation-input"/>
        <input semantic="OUTPUT" source="#mixamorig_LeftHandMiddle1-Matrix-animation-output-transform"/>
        <input semantic="INTERPOLATION" source="#mixamorig_LeftHandMiddle1-Interpolations"/>
      </sampler>
      <channel source="#mixamorig_LeftHandMiddle1-Matrix-animation-transform" target="mixamorig_LeftHandMiddle1/matrix"/>
    </animation>
    <animation id="mixamorig_LeftHandMiddle2-anim" name="mixamorig_LeftHandMiddle2">
      <source id="mixamorig_LeftHandMiddle2-Matrix-animation-input">
        <float_array id="mixamorig_LeftHandMiddle2-Matrix-animation-input-array" count="19">

0.000000 0.033333 0.066667 0.100000 0.133333 0.166667 0.200000 0.233333 0.266667 0.300000 0.333333 0.366667 0.400000 0.433333 0.466667 0.500000
0.533333 0.566667 0.600000</float_array>
        <technique_common>
          <accessor source="#mixamorig_LeftHandMiddle2-Matrix-animation-input-array" count="19">
            <param name="TIME" type="float"/>
          </accessor>
        </technique_common>
      </source>
      <source id="mixamorig_LeftHandMiddle2-Matrix-animation-output-transform">
        <float_array id="mixamorig_LeftHandMiddle2-Matrix-animation-output-transform-array" count="304">

0.997014 0.063423 -0.044054 0.002700 -0.065704 0.397000 -0.915464 8.151000 -0.040572 0.915625 0.399982 -0.000000 0.000000 0.000000 0.000000 1.000000
0.996874 0.064011 -0.046307 0.002700 -0.066533 0.364109 -0.928977 8.151000 -0.042604 0.929154 0.367230 0.000000 0.000000 0.000000 0.000000 1.000000
0.996802 0.064275 -0.047472 0.002700 -0.066933 0.347141 -0.935421 8.151000 -0.043644 0.935608 0.350333 0.000000 0.000000 0.000000 0.000000 1.000000
0.996821 0.064190 -0.047199 0.002700 -0.066848 0.351476 -0.933807 8.151000 -0.043352 0.933994 0.354649 0.000000 0.000000 0.000000 0.000000 1.000000
0.996912 0.063809 -0.045760 0.002700 -0.066358 0.373077 -0.925424 8.151000 -0.041978 0.925604 0.376159 0.000000 0.000000 0.000000 0.000000 1.000000
0.997058 0.063140 -0.043467 0.002700 -0.065499 0.407147 -0.911011 8.151000 -0.039824 0.911178 0.410085 0.000000 0.000000 0.000000 0.000000 1.000000
0.997247 0.062133 -0.040467 0.002700 -0.064237 0.451317 -0.890048 8.151000 -0.037038 0.890198 0.454066 0.000000 0.000000 0.000000 0.000000 1.000000
0.997471 0.060734 -0.036913 0.002700 -0.062530 0.503068 -0.861982 8.151000 -0.033782 0.862110 0.505594 0.000000 0.000000 0.000000 0.000000 1.000000
0.997719 0.058899 -0.032966 0.002700 -0.060353 0.559779 -0.826441 8.151000 -0.030223 0.826546 0.562057 0.000000 0.000000 0.000000 0.000000 1.000000
0.997981 0.056608 -0.028792 0.002700 -0.057703 0.618822 -0.783409 8.151000 -0.026530 0.783489 0.620839 -0.000000 0.000000 0.000000 0.000000 1.000000
0.998246 0.053869 -0.024555 0.002700 -0.054608 0.677674 -0.733332 8.151000 -0.022864 0.733387 0.679427 0.000000 0.000000 0.000000 0.000000 1.000000
0.998504 0.050724 -0.020407 0.002700 -0.051129 0.734043 -0.677175 8.151000 -0.019369 0.677206 0.735539 0.000000 0.000000 0.000000 0.000000 1.000000
0.998747 0.047250 -0.016487 0.002700 -0.047361 0.785998 -0.616413 8.151000 -0.016167 0.616421 0.787250 -0.000000 0.000000 0.000000 0.000000 1.000000
0.998967 0.043559 -0.012907 0.002700 -0.043426 0.832070 -0.552969 8.151000 -0.013347 0.552958 0.833102 0.000000 0.000000 0.000000 0.000000 1.000000
0.999161 0.039787 -0.009749 0.002700 -0.039469 0.871326 -0.489115 8.151000 -0.010966 0.489089 0.872165 -0.000000 0.000000 0.000000 0.000000 1.000000
0.999324 0.036089 -0.007063 0.002700 -0.035645 0.903384 -0.427349 8.151000 -0.009042 0.427311 0.904059 0.000000 0.000000 0.000000 0.000000 1.000000
0.999456 0.032632 -0.004872 0.002700 -0.032116 0.928370 -0.370267 8.151000 -0.007560 0.370222 0.928913 0.000000 0.000000 0.000000 0.000000 1.000000
0.999557 0.029586 -0.003168 0.002700 -0.029041 0.946818 -0.320457 8.151000 -0.006481 0.320407 0.947258 0.000000 0.000000 0.000000 0.000000 1.000000
0.999630 0.027119 -0.001932 0.002700 -0.026573 0.959512 -0.280412 8.151000 -0.005751 0.280360 0.959878 0.000000 0.000000 0.000000 0.000000 1.000000</float_array>
        <technique_common>
          <accessor source="#mixamorig_LeftHandMiddle2-Matrix-animation-output-transform-array" count="19" stride="16">
            <param type="float4x4"/>
          </accessor>
        </technique_common>
      </source>
      <source id="mixamorig_LeftHandMiddle2-Interpolations">
        <Name_array id="mixamorig_LeftHandMiddle2-Interpolations-array" count="19">
 LINEAR LINEAR LINEAR LINEAR LINEAR LINEAR LINEAR LINEAR LINEAR LINEAR LINEAR
LINEAR LINEAR LINEAR LINEAR LINEAR LINEAR LINEAR LINEAR</Name_array>
        <technique_common>
          <accessor source="#mixamorig_LeftHandMiddle2-Interpolations-array" count="19">
            <param type="name"/>
          </accessor>
        </technique_common>
      </source>
      <sampler id="mixamorig_LeftHandMiddle2-Matrix-animation-transform">
        <input semantic="INPUT" source="#mixamorig_LeftHandMiddle2-Matrix-animation-input"/>
        <input semantic="OUTPUT" source="#mixamorig_LeftHandMiddle2-Matrix-animation-output-transform"/>
        <input semantic="INTERPOLATION" source="#mixamorig_LeftHandMiddle2-Interpolations"/>
      </sampler>
      <channel source="#mixamorig_LeftHandMiddle2-Matrix-animation-transform" target="mixamorig_LeftHandMiddle2/matrix"/>
    </animation>
    <animation id="mixamorig_LeftHandMiddle3-anim" name="mixamorig_LeftHandMiddle3">
      <source id="mixamorig_LeftHandMiddle3-Matrix-animation-input">
        <float_array id="mixamorig_LeftHandMiddle3-Matrix-animation-input-array" count="19">

0.000000 0.033333 0.066667 0.100000 0.133333 0.166667 0.200000 0.233333 0.266667 0.300000 0.333333 0.366667 0.400000 0.433333 0.466667 0.500000
0.533333 0.566667 0.600000</float_array>
        <technique_common>
          <accessor source="#mixamorig_LeftHandMiddle3-Matrix-animation-input-array" count="19">
            <param name="TIME" type="float"/>
          </accessor>
        </technique_common>
      </source>
      <source id="mixamorig_LeftHandMiddle3-Matrix-animation-output-transform">
        <float_array id="mixamorig_LeftHandMiddle3-Matrix-animation-output-transform-array" count="304">

0.998937 0.044797 -0.010910 -0.001100 -0.040658 0.744294 -0.666613 4.559900 -0.021742 0.666348 0.745324 0.000000 0.000000 0.000000 0.000000 1.000000
0.998789 0.047371 -0.013281 -0.001100 -0.042979 0.708773 -0.704126 4.559900 -0.023942 0.703844 0.709951 0.000000 0.000000 0.000000 0.000000 1.000000
0.998657 0.049478 -0.015399 -0.001100 -0.044867 0.676934 -0.734675 4.559900 -0.025926 0.734379 0.678244 0.000000 0.000000 0.000000 0.000000 1.000000
0.998560 0.050909 -0.016942 -0.001100 -0.046143 0.653686 -0.755357 4.559900 -0.027380 0.755051 0.655094 0.000000 0.000000 0.000000 0.000000 1.000000
0.998516 0.051522 -0.017630 -0.001100 -0.046687 0.643313 -0.764178 4.559900 -0.028030 0.763867 0.644764 0.000000 0.000000 0.000000 0.000000 1.000000
0.998512 0.051581 -0.017701 -0.001100 -0.046741 0.642271 -0.765051 4.559900 -0.028094 0.764740 0.643726 -0.000000 0.000000 0.000000 0.000000 1.000000
0.998533 0.051290 -0.017373 -0.001100 -0.046484 0.647239 -0.760869 4.559900 -0.027780 0.760560 0.648673 0.000000 0.000000 0.000000 0.000000 1.000000
0.998575 0.050684 -0.016703 -0.001100 -0.045947 0.657379 -0.752158 4.559900 -0.027142 0.751854 0.658771 0.000000 0.000000 0.000000 0.000000 1.000000
0.998635 0.049797 -0.015749 -0.001100 -0.045159 0.671783 -0.739370 4.559900 -0.026238 0.739072 0.673115 0.000000 0.000000 0.000000 0.000000 1.000000
0.998709 0.048659 -0.014574 -0.001100 -0.044144 0.689506 -0.722934 4.559900 -0.025129 0.722644 0.690764 0.000000 0.000000 0.000000 0.000000 1.000000
0.998793 0.047304 -0.013238 -0.001100 -0.042929 0.709602 -0.703294 4.559900 -0.023875 0.703013 0.710776 0.000000 0.000000 0.000000 0.000000 1.000000
0.998882 0.045767 -0.011802 -0.001100 -0.041546 0.731154 -0.680946 4.559900 -0.022536 0.680676 0.732238 0.000000 0.000000 0.000000 0.000000 1.000000
0.998974 0.044090 -0.010325 -0.001100 -0.040032 0.753297 -0.656461 4.559900 -0.021166 0.656201 0.754289 0.000000 0.000000 0.000000 0.000000 1.000000
0.999065 0.042316 -0.008855 -0.001100 -0.038424 0.775242 -0.630495 4.559900 -0.019816 0.630246 0.776143 -0.000000 0.000000 0.000000 0.000000 1.000000
0.999152 0.040497 -0.007441 -0.001100 -0.036771 0.796292 -0.603794 4.559900 -0.018527 0.603556 0.797106 0.000000 0.000000 0.000000 0.000000 1.000000
0.999233 0.038688 -0.006121 -0.001100 -0.035124 0.815855 -0.577189 4.559900 -0.017336 0.576961 0.816587 0.000000 0.000000 0.000000 0.000000 1.000000
0.999305 0.036953 -0.004931 -0.001100 -0.033542 0.833446 -0.551582 4.559900 -0.016273 0.551364 0.834106 0.000000 0.000000 0.000000 0.000000 1.000000
0.999367 0.035353 -0.003896 -0.001100 -0.032081 0.848679 -0.527935 4.559900 -0.015357 0.527726 0.849276 0.000000 0.000000 0.000000 0.000000 1.000000
0.999419 0.033956 -0.003039 -0.001100 -0.030804 0.861252 -0.507244 4.559900 -0.014607 0.507043 0.861797 -0.000000 0.000000 0.000000 0.000000 1.000000</float_array>
        <technique_common>
          <accessor source="#mixamorig_LeftHandMiddle3-Matrix-animation-output-transform-array" count="19" stride="16">
            <param type="float4x4"/>
          </accessor>
        </technique_common>
      </source>
      <source id="mixamorig_LeftHandMiddle3-Interpolations">
        <Name_array id="mixamorig_LeftHandMiddle3-Interpolations-array" count="19">
 LINEAR LINEAR LINEAR LINEAR LINEAR LINEAR LINEAR LINEAR LINEAR LINEAR LINEAR
LINEAR LINEAR LINEAR LINEAR LINEAR LINEAR LINEAR LINEAR</Name_array>
        <technique_common>
          <accessor source="#mixamorig_LeftHandMiddle3-Interpolations-array" count="19">
            <param type="name"/>
          </accessor>
        </technique_common>
      </source>
      <sampler id="mixamorig_LeftHandMiddle3-Matrix-animation-transform">
        <input semantic="INPUT" source="#mixamorig_LeftHandMiddle3-Matrix-animation-input"/>
        <input semantic="OUTPUT" source="#mixamorig_LeftHandMiddle3-Matrix-animation-output-transform"/>
        <input semantic="INTERPOLATION" source="#mixamorig_LeftHandMiddle3-Interpolations"/>
      </sampler>
      <channel source="#mixamorig_LeftHandMiddle3-Matrix-animation-transform" target="mixamorig_LeftHandMiddle3/matrix"/>
    </animation>
    <animation id="mixamorig_LeftHandRing1-anim" name="mixamorig_LeftHandRing1">
      <source id="mixamorig_LeftHandRing1-Matrix-animation-input">
        <float_array id="mixamorig_LeftHandRing1-Matrix-animation-input-array" count="19">

0.000000 0.033333 0.066667 0.100000 0.133333 0.166667 0.200000 0.233333 0.266667 0.300000 0.333333 0.366667 0.400000 0.433333 0.466667 0.500000
0.533333 0.566667 0.600000</float_array>
        <technique_common>
          <accessor source="#mixamorig_LeftHandRing1-Matrix-animation-input-array" count="19">
            <param name="TIME" type="float"/>
          </accessor>
        </technique_common>
      </source>
      <source id="mixamorig_LeftHandRing1-Matrix-animation-output-transform">
        <float_array id="mixamorig_LeftHandRing1-Matrix-animation-output-transform-array" count="304">

0.956988 0.272457 -0.099703 7.071600 -0.256614 0.634557 -0.729031 14.022100 -0.135362 0.723260 0.677180 -0.727900 0.000000 0.000000 0.000000 1.000000
0.957299 0.272769 -0.095786 7.071600 -0.255554 0.643511 -0.721517 14.022100 -0.135168 0.715186 0.685739 -0.727900 0.000000 0.000000 0.000000 1.000000
0.957868 0.273414 -0.087938 7.071600 -0.253684 0.661870 -0.705388 14.022100 -0.134660 0.697977 0.703345 -0.727900 0.000000 0.000000 0.000000 1.000000
0.958625 0.274069 -0.076971 7.071600 -0.251185 0.687116 -0.681746 14.022100 -0.133957 0.672873 0.727529 -0.727900 0.000000 0.000000 0.000000 1.000000
0.959517 0.274423 -0.063397 7.071600 -0.248199 0.717458 -0.650885 14.022100 -0.133133 0.640270 0.756525 -0.727900 0.000000 0.000000 0.000000 1.000000
0.960494 0.274174 -0.047746 7.071600 -0.244868 0.751048 -0.613161 14.022100 -0.132253 0.600629 0.788514 -0.727900 0.000000 0.000000 0.000000 1.000000
0.961512 0.273058 -0.030574 7.071600 -0.241329 0.786063 -0.569092 14.022100 -0.131362 0.554567 0.821705 -0.727900 0.000000 0.000000 0.000000 1.000000
0.962531 0.270884 -0.012444 7.071600 -0.237709 0.820787 -0.519426 14.022100 -0.130491 0.502921 0.854425 -0.727900 0.000000 0.000000 0.000000 1.000000
0.963525 0.267550 0.006082 7.071600 -0.234118 0.853701 -0.465170 14.022100 -0.129648 0.446779 0.885201 -0.727900 0.000000 0.000000 0.000000 1.000000
0.964470 0.263056 0.024462 7.071600 -0.230648 0.883554 -0.407595 14.022100 -0.128834 0.387471 0.912835 -0.727900 0.000000 0.000000 0.000000 1.000000
0.965354 0.257510 0.042196 7.071600 -0.227371 0.909426 -0.348204 14.022100 -0.128040 0.326546 0.936469 -0.727900 0.000000 0.000000 0.000000 1.000000
0.966166 0.251120 0.058839 7.071600 -0.224341 0.930773 -0.288674 14.022100 -0.127257 0.265707 0.955618 -0.727900 0.000000 0.000000 0.000000 1.000000
0.966901 0.244178 0.074019 7.071600 -0.221594 0.947433 -0.230798 14.022100 -0.126484 0.206757 0.970182 -0.727900 0.000000 0.000000 0.000000 1.000000
0.967554 0.237050 0.087441 7.071600 -0.219161 0.959608 -0.176413 14.022100 -0.125727 0.151526 0.980425 -0.727900 0.000000 0.000000 0.000000 1.000000
0.968119 0.230146 0.098884 7.071600 -0.217066 0.967815 -0.127342 14.022100 -0.125009 0.101818 0.986917 -0.727900 0.000000 0.000000 0.000000 1.000000
0.968590 0.223894 0.108192 7.071600 -0.215334 0.972804 -0.085349 14.022100 -0.124358 0.059370 0.990460 -0.727900 0.000000 0.000000 0.000000 1.000000
0.968955 0.218731 0.115248 7.071600 -0.213998 0.975443 -0.052113 14.022100 -0.123816 0.025833 0.991969 -0.727900 0.000000 0.000000 0.000000 1.000000
0.969205 0.215070 0.119946 7.071600 -0.213091 0.976595 -0.029244 14.022100 -0.123428 0.002784 0.992350 -0.727900 0.000000 0.000000 0.000000 1.000000
0.969324 0.213285 0.122154 7.071600 -0.212661 0.976955 -0.018275 14.022100 -0.123237 -0.008263 0.992343 -0.727900 0.000000 0.000000 0.000000 1.000000</float_array>
        <technique_common>
          <accessor source="#mixamorig_LeftHandRing1-Matrix-animation-output-transform-array" count="19" stride="16">
            <param type="float4x4"/>
          </accessor>
        </technique_common>
      </source>
      <source id="mixamorig_LeftHandRing1-Interpolations">
        <Name_array id="mixamorig_LeftHandRing1-Interpolations-array" count="19">
 LINEAR LINEAR LINEAR LINEAR LINEAR LINEAR LINEAR LINEAR LINEAR LINEAR LINEAR
LINEAR LINEAR LINEAR LINEAR LINEAR LINEAR LINEAR LINEAR</Name_array>
        <technique_common>
          <accessor source="#mixamorig_LeftHandRing1-Interpolations-array" count="19">
            <param type="name"/>
          </accessor>
        </technique_common>
      </source>
      <sampler id="mixamorig_LeftHandRing1-Matrix-animation-transform">
        <input semantic="INPUT" source="#mixamorig_LeftHandRing1-Matrix-animation-input"/>
        <input semantic="OUTPUT" source="#mixamorig_LeftHandRing1-Matrix-animation-output-transform"/>
        <input semantic="INTERPOLATION" source="#mixamorig_LeftHandRing1-Interpolations"/>
      </sampler>
      <channel source="#mixamorig_LeftHandRing1-Matrix-animation-transform" target="mixamorig_LeftHandRing1/matrix"/>
    </animation>
    <animation id="mixamorig_LeftHandRing2-anim" name="mixamorig_LeftHandRing2">
      <source id="mixamorig_LeftHandRing2-Matrix-animation-input">
        <float_array id="mixamorig_LeftHandRing2-Matrix-animation-input-array" count="19">

0.000000 0.033333 0.066667 0.100000 0.133333 0.166667 0.200000 0.233333 0.266667 0.300000 0.333333 0.366667 0.400000 0.433333 0.466667 0.500000
0.533333 0.566667 0.600000</float_array>
        <technique_common>
          <accessor source="#mixamorig_LeftHandRing2-Matrix-animation-input-array" count="19">
            <param name="TIME" type="float"/>
          </accessor>
        </technique_common>
      </source>
      <source id="mixamorig_LeftHandRing2-Matrix-animation-output-transform">
        <float_array id="mixamorig_LeftHandRing2-Matrix-animation-output-transform-array" count="304">

0.997820 0.053457 -0.038704 0.005000 -0.055422 0.360305 -0.931187 6.963300 -0.035833 0.931302 0.362482 -0.000000 0.000000 0.000000 0.000000 1.000000
0.997766 0.053753 -0.039662 0.005000 -0.055769 0.343447 -0.937515 6.963300 -0.036773 0.937632 0.345678 0.000000 0.000000 0.000000 0.000000 1.000000
0.997781 0.053674 -0.039403 0.005000 -0.055675 0.347946 -0.935860 6.963300 -0.036521 0.935977 0.350162 0.000000 0.000000 0.000000 0.000000 1.000000
0.997850 0.053279 -0.038160 0.005000 -0.055209 0.369675 -0.927519 6.963300 -0.035311 0.927632 0.371822 0.000000 0.000000 0.000000 0.000000 1.000000
0.997960 0.052591 -0.036202 0.005000 -0.054411 0.403884 -0.913190 6.963300 -0.033404 0.913297 0.405922 0.000000 0.000000 0.000000 0.000000 1.000000
0.998102 0.051572 -0.033659 0.005000 -0.053251 0.448201 -0.892345 6.963300 -0.030934 0.892444 0.450096 0.000000 0.000000 0.000000 0.000000 1.000000
0.998269 0.050182 -0.030669 0.005000 -0.051697 0.500108 -0.864419 6.963300 -0.028040 0.864508 0.501836 0.000000 0.000000 0.000000 0.000000 1.000000
0.998453 0.048393 -0.027380 0.005000 -0.049730 0.556985 -0.829032 6.963300 -0.024869 0.829112 0.558530 0.000000 0.000000 0.000000 0.000000 1.000000
0.998646 0.046193 -0.023937 0.005000 -0.047347 0.616204 -0.786162 6.963300 -0.021566 0.786231 0.617556 0.000000 0.000000 0.000000 0.000000 1.000000
0.998839 0.043602 -0.020482 0.005000 -0.044573 0.675243 -0.736248 6.963300 -0.018271 0.736306 0.676402 -0.000000 0.000000 0.000000 0.000000 1.000000
0.999026 0.040662 -0.017146 0.005000 -0.041461 0.731808 -0.680248 6.963300 -0.015113 0.680297 0.732781 -0.000000 0.000000 0.000000 0.000000 1.000000
0.999200 0.037452 -0.014043 0.005000 -0.038093 0.783963 -0.619638 6.963300 -0.012198 0.619677 0.784762 0.000000 0.000000 0.000000 0.000000 1.000000
0.999356 0.034073 -0.011260 0.005000 -0.034576 0.830238 -0.556336 6.963300 -0.009608 0.556367 0.830881 -0.000000 0.000000 0.000000 0.000000 1.000000
0.999491 0.030651 -0.008858 0.005000 -0.031036 0.869694 -0.492614 6.963300 -0.007396 0.492639 0.870203 0.000000 0.000000 0.000000 0.000000 1.000000
0.999603 0.027319 -0.006864 0.005000 -0.027609 0.901942 -0.430974 6.963300 -0.005583 0.430992 0.902338 0.000000 0.000000 0.000000 0.000000 1.000000
0.999692 0.024229 -0.005281 0.005000 -0.024445 0.927103 -0.374009 6.963300 -0.004166 0.374023 0.927410 0.000000 0.000000 0.000000 0.000000 1.000000
0.999760 0.021520 -0.004086 0.005000 -0.021682 0.945701 -0.324313 6.963300 -0.003115 0.324324 0.945941 0.000000 0.000000 0.000000 0.000000 1.000000
0.999808 0.019339 -0.003246 0.005000 -0.019463 0.958514 -0.284380 6.963300 -0.002389 0.284388 0.958706 -0.000000 0.000000 0.000000 0.000000 1.000000
0.999838 0.017814 -0.002721 0.005000 -0.017916 0.966359 -0.256572 6.963300 -0.001942 0.256579 0.966521 0.000000 0.000000 0.000000 0.000000 1.000000</float_array>
        <technique_common>
          <accessor source="#mixamorig_LeftHandRing2-Matrix-animation-output-transform-array" count="19" stride="16">
            <param type="float4x4"/>
          </accessor>
        </technique_common>
      </source>
      <source id="mixamorig_LeftHandRing2-Interpolations">
        <Name_array id="mixamorig_LeftHandRing2-Interpolations-array" count="19">
 LINEAR LINEAR LINEAR LINEAR LINEAR LINEAR LINEAR LINEAR LINEAR LINEAR LINEAR
LINEAR LINEAR LINEAR LINEAR LINEAR LINEAR LINEAR LINEAR</Name_array>
        <technique_common>
          <accessor source="#mixamorig_LeftHandRing2-Interpolations-array" count="19">
            <param type="name"/>
          </accessor>
        </technique_common>
      </source>
      <sampler id="mixamorig_LeftHandRing2-Matrix-animation-transform">
        <input semantic="INPUT" source="#mixamorig_LeftHandRing2-Matrix-animation-input"/>
        <input semantic="OUTPUT" source="#mixamorig_LeftHandRing2-Matrix-animation-output-transform"/>
        <input semantic="INTERPOLATION" source="#mixamorig_LeftHandRing2-Interpolations"/>
      </sampler>
      <channel source="#mixamorig_LeftHandRing2-Matrix-animation-transform" target="mixamorig_LeftHandRing2/matrix"/>
    </animation>
    <animation id="mixamorig_LeftHandRing3-anim" name="mixamorig_LeftHandRing3">
      <source id="mixamorig_LeftHandRing3-Matrix-animation-input">
        <float_array id="mixamorig_LeftHandRing3-Matrix-animation-input-array" count="19">

0.000000 0.033333 0.066667 0.100000 0.133333 0.166667 0.200000 0.233333 0.266667 0.300000 0.333333 0.366667 0.400000 0.433333 0.466667 0.500000
0.533333 0.566667 0.600000</float_array>
        <technique_common>
          <accessor source="#mixamorig_LeftHandRing3-Matrix-animation-input-array" count="19">
            <param name="TIME" type="float"/>
          </accessor>
        </technique_common>
      </source>
      <source id="mixamorig_LeftHandRing3-Matrix-animation-output-transform">
        <float_array id="mixamorig_LeftHandRing3-Matrix-animation-output-transform-array" count="304">

0.998632 0.049290 -0.017477 -0.001000 -0.048121 0.735198 -0.676142 3.798600 -0.020478 0.676058 0.736564 0.000000 0.000000 0.000000 0.000000 1.000000
0.998508 0.050958 -0.019646 -0.001000 -0.049886 0.704606 -0.707843 3.798600 -0.022228 0.707767 0.706096 -0.000000 0.000000 0.000000 0.000000 1.000000
0.998418 0.052078 -0.021210 -0.001000 -0.051080 0.682251 -0.729331 3.798600 -0.023511 0.729261 0.683832 0.000000 0.000000 0.000000 0.000000 1.000000
0.998378 0.052550 -0.021901 -0.001000 -0.051587 0.672319 -0.738462 3.798600 -0.024082 0.738394 0.673939 0.000000 0.000000 0.000000 0.000000 1.000000
0.998374 0.052595 -0.021969 -0.001000 -0.051636 0.671354 -0.739336 3.798600 -0.024137 0.739269 0.672978 0.000000 0.000000 0.000000 0.000000 1.000000
0.998394 0.052366 -0.021633 -0.001000 -0.051391 0.676196 -0.734927 3.798600 -0.023856 0.734858 0.677801 0.000000 0.000000 0.000000 0.000000 1.000000
0.998433 0.051891 -0.020953 -0.001000 -0.050886 0.686024 -0.725798 3.798600 -0.023288 0.725726 0.687589 -0.000000 0.000000 0.000000 0.000000 1.000000
0.998489 0.051194 -0.019981 -0.001000 -0.050144 0.699948 -0.712432 3.798600 -0.022486 0.712357 0.701457 0.000000 0.000000 0.000000 0.000000 1.000000
0.998558 0.050294 -0.018779 -0.001000 -0.049191 0.717040 -0.695294 3.798600 -0.021504 0.695215 0.718480 0.000000 0.000000 0.000000 0.000000 1.000000
0.998637 0.049215 -0.017406 -0.001000 -0.048052 0.736374 -0.674866 3.798600 -0.020396 0.674782 0.737735 -0.000000 0.000000 0.000000 0.000000 1.000000
0.998721 0.047981 -0.015920 -0.001000 -0.046759 0.757051 -0.651680 3.798600 -0.019216 0.651591 0.758327 0.000000 0.000000 0.000000 0.000000 1.000000
0.998809 0.046622 -0.014378 -0.001000 -0.045342 0.778230 -0.626340 3.798600 -0.018012 0.626246 0.779417 0.000000 0.000000 0.000000 0.000000 1.000000
0.998897 0.045173 -0.012832 -0.001000 -0.043841 0.799149 -0.599532 3.798600 -0.016828 0.599433 0.800248 -0.000000 0.000000 0.000000 0.000000 1.000000
0.998982 0.043676 -0.011329 -0.001000 -0.042300 0.819141 -0.572030 3.798600 -0.015704 0.571927 0.820154 0.000000 0.000000 0.000000 0.000000 1.000000
0.999061 0.042177 -0.009914 -0.001000 -0.040768 0.837647 -0.544688 3.798600 -0.014668 0.544581 0.838580 -0.000000 0.000000 0.000000 0.000000 1.000000
0.999133 0.040728 -0.008624 -0.001000 -0.039295 0.854218 -0.518427 3.798600 -0.013747 0.518317 0.855078 0.000000 0.000000 0.000000 0.000000 1.000000
0.999196 0.039384 -0.007491 -0.001000 -0.037939 0.868507 -0.494223 3.798600 -0.012958 0.494110 0.869303 0.000000 0.000000 0.000000 0.000000 1.000000
0.999248 0.038205 -0.006543 -0.001000 -0.036753 0.880251 -0.473083 3.798600 -0.012314 0.472968 0.880994 0.000000 0.000000 0.000000 0.000000 1.000000
0.999289 0.037250 -0.005807 -0.001000 -0.035798 0.889244 -0.456031 3.798600 -0.011824 0.455915 0.889945 0.000000 0.000000 0.000000 0.000000 1.000000</float_array>
        <technique_common>
          <accessor source="#mixamorig_LeftHandRing3-Matrix-animation-output-transform-array" count="19" stride="16">
            <param type="float4x4"/>
          </accessor>
        </technique_common>
      </source>
      <source id="mixamorig_LeftHandRing3-Interpolations">
        <Name_array id="mixamorig_LeftHandRing3-Interpolations-array" count="19">
 LINEAR LINEAR LINEAR LINEAR LINEAR LINEAR LINEAR LINEAR LINEAR LINEAR LINEAR
LINEAR LINEAR LINEAR LINEAR LINEAR LINEAR LINEAR LINEAR</Name_array>
        <technique_common>
          <accessor source="#mixamorig_LeftHandRing3-Interpolations-array" count="19">
            <param type="name"/>
          </accessor>
        </technique_common>
      </source>
      <sampler id="mixamorig_LeftHandRing3-Matrix-animation-transform">
        <input semantic="INPUT" source="#mixamorig_LeftHandRing3-Matrix-animation-input"/>
        <input semantic="OUTPUT" source="#mixamorig_LeftHandRing3-Matrix-animation-output-transform"/>
        <input semantic="INTERPOLATION" source="#mixamorig_LeftHandRing3-Interpolations"/>
      </sampler>
      <channel source="#mixamorig_LeftHandRing3-Matrix-animation-transform" target="mixamorig_LeftHandRing3/matrix"/>
    </animation>
    <animation id="mixamorig_LeftHandPinky1-anim" name="mixamorig_LeftHandPinky1">
      <source id="mixamorig_LeftHandPinky1-Matrix-animation-input">
        <float_array id="mixamorig_LeftHandPinky1-Matrix-animation-input-array" count="19">

0.000000 0.033333 0.066667 0.100000 0.133333 0.166667 0.200000 0.233333 0.266667 0.300000 0.333333 0.366667 0.400000 0.433333 0.466667 0.500000
0.533333 0.566667 0.600000</float_array>
        <technique_common>
          <accessor source="#mixamorig_LeftHandPinky1-Matrix-animation-input-array" count="19">
            <param name="TIME" type="float"/>
          </accessor>
        </technique_common>
      </source>
      <source id="mixamorig_LeftHandPinky1-Matrix-animation-output-transform">
        <float_array id="mixamorig_LeftHandPinky1-Matrix-animation-output-transform-array" count="304">

0.941934 0.172128 -0.288327 10.979800 -0.329751 0.636359 -0.697360 13.885000 0.063444 0.751944 0.656167 0.589700 0.000000 0.000000 0.000000 1.000000
0.943226 0.179011 -0.279786 10.979800 -0.326375 0.655922 -0.680621 13.885000 0.061679 0.733295 0.677107 0.589700 0.000000 0.000000 0.000000 1.000000
0.944773 0.188245 -0.268267 10.979800 -0.322262 0.682456 -0.656050 13.885000 0.059582 0.706271 0.705430 0.589700 0.000000 0.000000 0.000000 1.000000
0.946422 0.199129 -0.254229 10.979800 -0.317803 0.714071 -0.623782 13.885000 0.057324 0.671156 0.739096 0.589700 0.000000 0.000000 0.000000 1.000000
0.948033 0.210972 -0.238169 10.979800 -0.313361 0.748797 -0.584045 13.885000 0.055123 0.628326 0.775995 0.589700 0.000000 0.000000 0.000000 1.000000
0.949498 0.223123 -0.220613 10.979800 -0.309225 0.784675 -0.537275 13.885000 0.053231 0.578361 0.814042 0.589700 0.000000 0.000000 0.000000 1.000000
0.950746 0.235014 -0.202116 10.979800 -0.305594 0.819851 -0.484208 13.885000 0.051909 0.522124 0.851288 0.589700 0.000000 0.000000 0.000000 1.000000
0.951743 0.246183 -0.183245 10.979800 -0.302561 0.852676 -0.425911 13.885000 0.051396 0.460800 0.886014 0.589700 0.000000 0.000000 0.000000 1.000000
0.952491 0.256288 -0.164554 10.979800 -0.300118 0.881812 -0.363780 13.885000 0.051873 0.395883 0.916835 0.589700 0.000000 0.000000 0.000000 1.000000
0.953013 0.265113 -0.146564 10.979800 -0.298179 0.906306 -0.299496 13.885000 0.053431 0.329126 0.942773 0.589700 0.000000 0.000000 0.000000 1.000000
0.953352 0.272559 -0.129734 10.979800 -0.296610 0.925646 -0.234951 13.885000 0.056050 0.262472 0.963311 0.589700 0.000000 0.000000 0.000000 1.000000
0.953554 0.278634 -0.114449 10.979800 -0.295271 0.939774 -0.172164 13.885000 0.059585 0.197961 0.978397 0.589700 0.000000 0.000000 0.000000 1.000000
0.953662 0.283421 -0.101004 10.979800 -0.294044 0.949066 -0.113189 13.885000 0.063780 0.137643 0.988426 0.589700 0.000000 0.000000 0.000000 1.000000
0.953713 0.287057 -0.089611 10.979800 -0.292865 0.954267 -0.060038 13.885000 0.068278 0.083503 0.994166 0.589700 0.000000 0.000000 0.000000 1.000000
0.953733 0.289704 -0.080404 10.979800 -0.291743 0.956385 -0.014633 13.885000 0.072658 0.037413 0.996655 0.589700 0.000000 0.000000 0.000000 1.000000
0.953740 0.291516 -0.073471 10.979800 -0.290745 0.956565 0.021220 13.885000 0.076465 0.001123 0.997072 0.589700 0.000000 0.000000 0.000000 1.000000
0.953742 0.292629 -0.068883 10.979800 -0.289991 0.955931 0.045826 13.885000 0.079258 -0.023730 0.996572 0.589700 0.000000 0.000000 0.000000 1.000000
0.953742 0.293123 -0.066746 10.979800 -0.289608 0.955413 0.057558 13.885000 0.080641 -0.035565 0.996108 0.589700 0.000000 0.000000 0.000000 1.000000
0.953735 0.293102 -0.066934 10.979800 -0.289634 0.955445 0.056895 13.885000 0.080627 -0.034876 0.996134 0.589700 0.000000 0.000000 0.000000 1.000000</float_array>
        <technique_common>
          <accessor source="#mixamorig_LeftHandPinky1-Matrix-animation-output-transform-array" count="19" stride="16">
            <param type="float4x4"/>
          </accessor>
        </technique_common>
      </source>
      <source id="mixamorig_LeftHandPinky1-Interpolations">
        <Name_array id="mixamorig_LeftHandPinky1-Interpolations-array" count="19">
 LINEAR LINEAR LINEAR LINEAR LINEAR LINEAR LINEAR LINEAR LINEAR LINEAR LINEAR
LINEAR LINEAR LINEAR LINEAR LINEAR LINEAR LINEAR LINEAR</Name_array>
        <technique_common>
          <accessor source="#mixamorig_LeftHandPinky1-Interpolations-array" count="19">
            <param type="name"/>
          </accessor>
        </technique_common>
      </source>
      <sampler id="mixamorig_LeftHandPinky1-Matrix-animation-transform">
        <input semantic="INPUT" source="#mixamorig_LeftHandPinky1-Matrix-animation-input"/>
        <input semantic="OUTPUT" source="#mixamorig_LeftHandPinky1-Matrix-animation-output-transform"/>
        <input semantic="INTERPOLATION" source="#mixamorig_LeftHandPinky1-Interpolations"/>
      </sampler>
      <channel source="#mixamorig_LeftHandPinky1-Matrix-animation-transform" target="mixamorig_LeftHandPinky1/matrix"/>
    </animation>
    <animation id="mixamorig_LeftHandPinky2-anim" name="mixamorig_LeftHandPinky2">
      <source id="mixamorig_LeftHandPinky2-Matrix-animation-input">
        <float_array id="mixamorig_LeftHandPinky2-Matrix-animation-input-array" count="19">

0.000000 0.033333 0.066667 0.100000 0.133333 0.166667 0.200000 0.233333 0.266667 0.300000 0.333333 0.366667 0.400000 0.433333 0.466667 0.500000
0.533333 0.566667 0.600000</float_array>
        <technique_common>
          <accessor source="#mixamorig_LeftHandPinky2-Matrix-animation-input-array" count="19">
            <param name="TIME" type="float"/>
          </accessor>
        </technique_common>
      </source>
      <source id="mixamorig_LeftHandPinky2-Matrix-animation-output-transform">
        <float_array id="mixamorig_LeftHandPinky2-Matrix-animation-output-transform-array" count="304">

0.997107 0.056097 -0.051294 0.000300 -0.054819 0.063209 -0.996494 3.975700 -0.052658 0.996422 0.066101 0.000000 0.000000 0.000000 0.000000 1.000000
0.997122 0.056068 -0.051030 0.000300 -0.054814 0.068158 -0.996168 3.975700 -0.052375 0.996098 0.071035 0.000000 0.000000 0.000000 0.000000 1.000000
0.997193 0.055963 -0.049744 0.000300 -0.054733 0.091471 -0.994302 3.975700 -0.051094 0.994234 0.094278 0.000000 0.000000 0.000000 0.000000 1.000000
0.997305 0.055743 -0.047700 0.000300 -0.054540 0.128434 -0.990217 3.975700 -0.049072 0.990150 0.131128 0.000000 0.000000 0.000000 0.000000 1.000000
0.997452 0.055345 -0.045010 0.000300 -0.054163 0.176926 -0.982733 3.975700 -0.046426 0.982667 0.179473 0.000000 0.000000 0.000000 0.000000 1.000000
0.997628 0.054699 -0.041796 0.000300 -0.053531 0.234688 -0.970596 3.975700 -0.043282 0.970531 0.237059 0.000000 0.000000 0.000000 0.000000 1.000000
0.997824 0.053744 -0.038190 0.000300 -0.052584 0.299317 -0.952704 3.975700 -0.039771 0.952639 0.301492 0.000000 0.000000 0.000000 0.000000 1.000000
0.998034 0.052439 -0.034327 0.000300 -0.051280 0.368297 -0.928293 3.975700 -0.036036 0.928228 0.370262 0.000000 0.000000 0.000000 0.000000 1.000000
0.998249 0.050765 -0.030350 0.000300 -0.049603 0.439086 -0.897075 3.975700 -0.032214 0.897010 0.440835 -0.000000 0.000000 0.000000 0.000000 1.000000
0.998463 0.048736 -0.026390 0.000300 -0.047568 0.509212 -0.859326 3.975700 -0.028442 0.859260 0.510747 0.000000 0.000000 0.000000 0.000000 1.000000
0.998668 0.046399 -0.022578 0.000300 -0.045226 0.576402 -0.815914 3.975700 -0.024844 0.815848 0.577732 0.000000 0.000000 0.000000 0.000000 1.000000
0.998858 0.043828 -0.019021 0.000300 -0.042655 0.638703 -0.768270 3.975700 -0.021523 0.768204 0.639843 0.000000 0.000000 0.000000 0.000000 1.000000
0.999029 0.041127 -0.015811 0.000300 -0.039962 0.694575 -0.718310 3.975700 -0.018560 0.718244 0.695544 -0.000000 0.000000 0.000000 0.000000 1.000000
0.999177 0.038420 -0.013012 0.000300 -0.037271 0.742938 -0.668322 3.975700 -0.016010 0.668257 0.743758 0.000000 0.000000 0.000000 0.000000 1.000000
0.999300 0.035844 -0.010666 0.000300 -0.034719 0.783173 -0.620834 3.975700 -0.013900 0.620770 0.783870 0.000000 0.000000 0.000000 0.000000 1.000000
0.999399 0.033544 -0.008792 0.000300 -0.032446 0.815052 -0.578479 3.975700 -0.012238 0.578416 0.815650 0.000000 0.000000 0.000000 0.000000 1.000000
0.999471 0.031662 -0.007397 0.000300 -0.030591 0.838612 -0.543869 3.975700 -0.011017 0.543808 0.839138 0.000000 0.000000 0.000000 0.000000 1.000000
0.999519 0.030336 -0.006482 0.000300 -0.029287 0.853969 -0.519500 3.975700 -0.010224 0.519439 0.854446 0.000000 0.000000 0.000000 0.000000 1.000000
0.999541 0.029691 -0.006055 0.000300 -0.028653 0.861088 -0.507649 3.975700 -0.009859 0.507589 0.861543 0.000000 0.000000 0.000000 0.000000 1.000000</float_array>
        <technique_common>
          <accessor source="#mixamorig_LeftHandPinky2-Matrix-animation-output-transform-array" count="19" stride="16">
            <param type="float4x4"/>
          </accessor>
        </technique_common>
      </source>
      <source id="mixamorig_LeftHandPinky2-Interpolations">
        <Name_array id="mixamorig_LeftHandPinky2-Interpolations-array" count="19">
 LINEAR LINEAR LINEAR LINEAR LINEAR LINEAR LINEAR LINEAR LINEAR LINEAR LINEAR
LINEAR LINEAR LINEAR LINEAR LINEAR LINEAR LINEAR LINEAR</Name_array>
        <technique_common>
          <accessor source="#mixamorig_LeftHandPinky2-Interpolations-array" count="19">
            <param type="name"/>
          </accessor>
        </technique_common>
      </source>
      <sampler id="mixamorig_LeftHandPinky2-Matrix-animation-transform">
        <input semantic="INPUT" source="#mixamorig_LeftHandPinky2-Matrix-animation-input"/>
        <input semantic="OUTPUT" source="#mixamorig_LeftHandPinky2-Matrix-animation-output-transform"/>
        <input semantic="INTERPOLATION" source="#mixamorig_LeftHandPinky2-Interpolations"/>
      </sampler>
      <channel source="#mixamorig_LeftHandPinky2-Matrix-animation-transform" target="mixamorig_LeftHandPinky2/matrix"/>
    </animation>
    <animation id="mixamorig_LeftHandPinky3-anim" name="mixamorig_LeftHandPinky3">
      <source id="mixamorig_LeftHandPinky3-Matrix-animation-input">
        <float_array id="mixamorig_LeftHandPinky3-Matrix-animation-input-array" count="19">

0.000000 0.033333 0.066667 0.100000 0.133333 0.166667 0.200000 0.233333 0.266667 0.300000 0.333333 0.366667 0.400000 0.433333 0.466667 0.500000
0.533333 0.566667 0.600000</float_array>
        <technique_common>
          <accessor source="#mixamorig_LeftHandPinky3-Matrix-animation-input-array" count="19">
            <param name="TIME" type="float"/>
          </accessor>
        </technique_common>
      </source>
      <source id="mixamorig_LeftHandPinky3-Matrix-animation-output-transform">
        <float_array id="mixamorig_LeftHandPinky3-Matrix-animation-output-transform-array" count="304">

0.998909 0.043420 -0.017185 -0.000400 -0.041346 0.651332 -0.757665 2.799700 -0.021705 0.757549 0.652417 0.000000 0.000000 0.000000 0.000000 1.000000
0.998836 0.044534 -0.018532 -0.000400 -0.042404 0.627562 -0.777411 2.799700 -0.022992 0.777292 0.628720 0.000000 0.000000 0.000000 0.000000 1.000000
0.998804 0.045003 -0.019124 -0.000400 -0.042848 0.617091 -0.785724 2.799700 -0.023559 0.785604 0.618281 0.000000 0.000000 0.000000 0.000000 1.000000
0.998801 0.045045 -0.019180 -0.000400 -0.042889 0.616114 -0.786489 2.799700 -0.023611 0.786368 0.617307 -0.000000 0.000000 0.000000 0.000000 1.000000
0.998817 0.044814 -0.018887 -0.000400 -0.042671 0.621303 -0.782408 2.799700 -0.023328 0.782288 0.622480 0.000000 0.000000 0.000000 0.000000 1.000000
0.998849 0.044339 -0.018294 -0.000400 -0.042221 0.631801 -0.773980 2.799700 -0.022759 0.773861 0.632946 0.000000 0.000000 0.000000 0.000000 1.000000
0.998895 0.043641 -0.017452 -0.000400 -0.041560 0.646684 -0.761625 2.799700 -0.021952 0.761508 0.647783 0.000000 0.000000 0.000000 0.000000 1.000000
0.998951 0.042744 -0.016415 -0.000400 -0.040709 0.664994 -0.745739 2.799700 -0.020960 0.745625 0.666036 0.000000 0.000000 0.000000 0.000000 1.000000
0.999015 0.041674 -0.015236 -0.000400 -0.039690 0.685770 -0.726735 2.799700 -0.019837 0.726624 0.686749 0.000000 0.000000 0.000000 0.000000 1.000000
0.999084 0.040455 -0.013968 -0.000400 -0.038529 0.708080 -0.705081 2.799700 -0.018633 0.704973 0.708990 0.000000 0.000000 0.000000 0.000000 1.000000
0.999154 0.039117 -0.012659 -0.000400 -0.037252 0.731040 -0.681317 2.799700 -0.017397 0.681213 0.731879 0.000000 0.000000 0.000000 0.000000 1.000000
0.999225 0.037698 -0.011355 -0.000400 -0.035896 0.753840 -0.656077 2.799700 -0.016173 0.655976 0.754609 -0.000000 0.000000 0.000000 0.000000 1.000000
0.999292 0.036238 -0.010097 -0.000400 -0.034499 0.775762 -0.630082 2.799700 -0.015000 0.629984 0.776463 0.000000 0.000000 0.000000 0.000000 1.000000
0.999355 0.034782 -0.008922 -0.000400 -0.033104 0.796187 -0.604145 2.799700 -0.013910 0.604051 0.796824 0.000000 0.000000 0.000000 0.000000 1.000000
0.999412 0.033380 -0.007858 -0.000400 -0.031761 0.814600 -0.579154 2.799700 -0.012931 0.579062 0.815181 0.000000 0.000000 0.000000 0.000000 1.000000
0.999461 0.032084 -0.006931 -0.000400 -0.030518 0.830585 -0.556056 2.799700 -0.012084 0.555968 0.831116 0.000000 0.000000 0.000000 0.000000 1.000000
0.999502 0.030950 -0.006162 -0.000400 -0.029433 0.843807 -0.535840 2.799700 -0.011385 0.535754 0.844297 0.000000 0.000000 0.000000 0.000000 1.000000
0.999533 0.030034 -0.005567 -0.000400 -0.028555 0.853987 -0.519510 2.799700 -0.010849 0.519427 0.854446 0.000000 0.000000 0.000000 0.000000 1.000000
0.999555 0.029394 -0.005165 -0.000400 -0.027941 0.860864 -0.508068 2.799700 -0.010487 0.507986 0.861301 0.000000 0.000000 0.000000 0.000000 1.000000</float_array>
        <technique_common>
          <accessor source="#mixamorig_LeftHandPinky3-Matrix-animation-output-transform-array" count="19" stride="16">
            <param type="float4x4"/>
          </accessor>
        </technique_common>
      </source>
      <source id="mixamorig_LeftHandPinky3-Interpolations">
        <Name_array id="mixamorig_LeftHandPinky3-Interpolations-array" count="19">
 LINEAR LINEAR LINEAR LINEAR LINEAR LINEAR LINEAR LINEAR LINEAR LINEAR LINEAR
LINEAR LINEAR LINEAR LINEAR LINEAR LINEAR LINEAR LINEAR</Name_array>
        <technique_common>
          <accessor source="#mixamorig_LeftHandPinky3-Interpolations-array" count="19">
            <param type="name"/>
          </accessor>
        </technique_common>
      </source>
      <sampler id="mixamorig_LeftHandPinky3-Matrix-animation-transform">
        <input semantic="INPUT" source="#mixamorig_LeftHandPinky3-Matrix-animation-input"/>
        <input semantic="OUTPUT" source="#mixamorig_LeftHandPinky3-Matrix-animation-output-transform"/>
        <input semantic="INTERPOLATION" source="#mixamorig_LeftHandPinky3-Interpolations"/>
      </sampler>
      <channel source="#mixamorig_LeftHandPinky3-Matrix-animation-transform" target="mixamorig_LeftHandPinky3/matrix"/>
    </animation>
    <animation id="mixamorig_RightShoulder-anim" name="mixamorig_RightShoulder">
      <source id="mixamorig_RightShoulder-Matrix-animation-input">
        <float_array id="mixamorig_RightShoulder-Matrix-animation-input-array" count="19">

0.000000 0.033333 0.066667 0.100000 0.133333 0.166667 0.200000 0.233333 0.266667 0.300000 0.333333 0.366667 0.400000 0.433333 0.466667 0.500000
0.533333 0.566667 0.600000</float_array>
        <technique_common>
          <accessor source="#mixamorig_RightShoulder-Matrix-animation-input-array" count="19">
            <param name="TIME" type="float"/>
          </accessor>
        </technique_common>
      </source>
      <source id="mixamorig_RightShoulder-Matrix-animation-output-transform">
        <float_array id="mixamorig_RightShoulder-Matrix-animation-output-transform-array" count="304">

-0.140857 -0.883463 0.446825 -10.882400 -0.055292 -0.443601 -0.894517 13.272500 0.988485 -0.150705 0.013635 -1.553300 0.000000 0.000000 0.000000 1.000000
-0.144211 -0.889464 0.433656 -10.882400 -0.030454 -0.434040 -0.900379 13.272500 0.989078 -0.143051 0.035506 -1.553300 0.000000 0.000000 0.000000 1.000000
-0.145780 -0.896877 0.417565 -10.882400 0.002257 -0.422374 -0.906419 13.272500 0.989315 -0.131195 0.063598 -1.553300 0.000000 0.000000 0.000000 1.000000
-0.145668 -0.904333 0.401201 -10.882400 0.036156 -0.410122 -0.911314 13.272500 0.988673 -0.118243 0.092439 -1.553300 0.000000 0.000000 0.000000 1.000000
-0.144496 -0.910591 0.387228 -10.882400 0.064812 -0.399205 -0.914568 13.272500 0.987381 -0.107054 0.116701 -1.553300 0.000000 0.000000 0.000000 1.000000
-0.142724 -0.915695 0.375676 -10.882400 0.089776 -0.389974 -0.916439 13.272500 0.985683 -0.097071 0.137866 -1.553300 0.000000 0.000000 0.000000 1.000000
-0.141181 -0.918729 0.368788 -10.882400 0.105943 -0.384401 -0.917067 13.272500 0.984299 -0.090402 0.151603 -1.553300 0.000000 0.000000 0.000000 1.000000
-0.140061 -0.919172 0.368111 -10.882400 0.108586 -0.383792 -0.917013 13.272500 0.984171 -0.088466 0.153564 -1.553300 0.000000 0.000000 0.000000 1.000000
-0.138065 -0.917088 0.374015 -10.882400 0.094432 -0.388100 -0.916766 13.272500 0.985911 -0.091254 0.140186 -1.553300 0.000000 0.000000 0.000000 1.000000
-0.134439 -0.913328 0.384394 -10.882400 0.068823 -0.395585 -0.915847 13.272500 0.988529 -0.096670 0.116040 -1.553300 0.000000 0.000000 0.000000 1.000000
-0.128352 -0.909064 0.396394 -10.882400 0.039841 -0.404104 -0.913845 13.272500 0.990928 -0.101501 0.088086 -1.553300 0.000000 0.000000 0.000000 1.000000
-0.119909 -0.904691 0.408848 -10.882400 0.009975 -0.412897 -0.910723 13.272500 0.992735 -0.105125 0.058534 -1.553300 0.000000 0.000000 0.000000 1.000000
-0.108971 -0.900467 0.421052 -10.882400 -0.018971 -0.421614 -0.906577 13.272500 0.993864 -0.106778 0.028861 -1.553300 0.000000 0.000000 0.000000 1.000000
-0.096092 -0.896004 0.433525 -10.882400 -0.049680 -0.430680 -0.901136 13.272500 0.994132 -0.108129 -0.003129 -1.553300 0.000000 0.000000 0.000000 1.000000
-0.080999 -0.890598 0.447521 -10.882400 -0.087720 -0.440884 -0.893267 13.272500 0.992847 -0.111610 -0.042412 -1.553300 0.000000 0.000000 0.000000 1.000000
-0.064336 -0.885025 0.461077 -10.882400 -0.127470 -0.450961 -0.883394 13.272500 0.989754 -0.115607 -0.083801 -1.553300 0.000000 0.000000 0.000000 1.000000
-0.046397 -0.882597 0.467835 -10.882400 -0.142696 -0.457680 -0.877592 13.272500 0.988678 -0.107476 -0.104708 -1.553300 0.000000 0.000000 0.000000 1.000000
-0.027095 -0.882631 0.469285 -10.882400 -0.135325 -0.461897 -0.876549 13.272500 0.990431 -0.087256 -0.106927 -1.553300 0.000000 0.000000 0.000000 1.000000
-0.007804 -0.882538 0.470175 -10.882400 -0.123520 -0.465738 -0.876260 13.272500 0.992311 -0.064914 -0.105377 -1.553300 0.000000 0.000000 0.000000 1.000000</float_array>
        <technique_common>
          <accessor source="#mixamorig_RightShoulder-Matrix-animation-output-transform-array" count="19" stride="16">
            <param type="float4x4"/>
          </accessor>
        </technique_common>
      </source>
      <source id="mixamorig_RightShoulder-Interpolations">
        <Name_array id="mixamorig_RightShoulder-Interpolations-array" count="19">
 LINEAR LINEAR LINEAR LINEAR LINEAR LINEAR LINEAR LINEAR LINEAR LINEAR LINEAR
LINEAR LINEAR LINEAR LINEAR LINEAR LINEAR LINEAR LINEAR</Name_array>
        <technique_common>
          <accessor source="#mixamorig_RightShoulder-Interpolations-array" count="19">
            <param type="name"/>
          </accessor>
        </technique_common>
      </source>
      <sampler id="mixamorig_RightShoulder-Matrix-animation-transform">
        <input semantic="INPUT" source="#mixamorig_RightShoulder-Matrix-animation-input"/>
        <input semantic="OUTPUT" source="#mixamorig_RightShoulder-Matrix-animation-output-transform"/>
        <input semantic="INTERPOLATION" source="#mixamorig_RightShoulder-Interpolations"/>
      </sampler>
      <channel source="#mixamorig_RightShoulder-Matrix-animation-transform" target="mixamorig_RightShoulder/matrix"/>
    </animation>
    <animation id="mixamorig_RightArm-anim" name="mixamorig_RightArm">
      <source id="mixamorig_RightArm-Matrix-animation-input">
        <float_array id="mixamorig_RightArm-Matrix-animation-input-array" count="19">

0.000000 0.033333 0.066667 0.100000 0.133333 0.166667 0.200000 0.233333 0.266667 0.300000 0.333333 0.366667 0.400000 0.433333 0.466667 0.500000
0.533333 0.566667 0.600000</float_array>
        <technique_common>
          <accessor source="#mixamorig_RightArm-Matrix-animation-input-array" count="19">
            <param name="TIME" type="float"/>
          </accessor>
        </technique_common>
      </source>
      <source id="mixamorig_RightArm-Matrix-animation-output-transform">
        <float_array id="mixamorig_RightArm-Matrix-animation-output-transform-array" count="304">

0.706589 -0.174319 0.685817 -0.000000 0.628879 0.599017 -0.495671 16.507099 -0.324411 0.781532 0.532884 0.000000 0.000000 0.000000 0.000000 1.000000
0.671207 -0.181369 0.718739 0.000000 0.644410 0.621974 -0.444843 16.507099 -0.366357 0.761744 0.534349 0.000000 0.000000 0.000000 0.000000 1.000000
0.625565 -0.185846 0.757713 0.000000 0.652541 0.656969 -0.377599 16.507099 -0.427619 0.730652 0.532249 0.000000 0.000000 0.000000 0.000000 1.000000
0.594063 -0.194525 0.780544 -0.000000 0.642205 0.699013 -0.314569 16.507099 -0.484419 0.688143 0.540182 0.000000 0.000000 0.000000 0.000000 1.000000
0.621211 -0.204787 0.756412 0.000000 0.602568 0.741942 -0.293996 16.507099 -0.501007 0.638424 0.584301 0.000000 0.000000 0.000000 0.000000 1.000000
0.697548 -0.204876 0.686624 -0.000000 0.526028 0.797087 -0.296560 16.507099 -0.486541 0.568048 0.663776 0.000000 0.000000 0.000000 0.000000 1.000000
0.793439 -0.173901 0.583278 0.000000 0.425703 0.843474 -0.327611 16.507099 -0.435008 0.508242 0.743275 0.000000 0.000000 0.000000 0.000000 1.000000
0.866533 -0.111723 0.486456 0.000000 0.311058 0.883090 -0.351277 16.507099 -0.390339 0.455709 0.799978 0.000000 0.000000 0.000000 0.000000 1.000000
0.919120 -0.022154 0.393355 0.000000 0.190329 0.899152 -0.394083 16.507099 -0.344955 0.437076 0.830645 -0.000000 0.000000 0.000000 0.000000 1.000000
0.942236 0.092764 0.321847 0.000000 0.053642 0.906691 -0.418370 16.507099 -0.330626 0.411467 0.849342 -0.000000 0.000000 0.000000 0.000000 1.000000
0.933999 0.251234 0.254021 0.000000 -0.114949 0.884506 -0.452147 16.507099 -0.338278 0.393105 0.855007 0.000000 0.000000 0.000000 0.000000 1.000000
0.852300 0.482417 0.202133 0.000000 -0.349683 0.812924 -0.465701 16.507099 -0.388981 0.326234 0.861548 0.000000 0.000000 0.000000 0.000000 1.000000
0.758942 0.629065 0.168181 0.000000 -0.497893 0.727072 -0.472725 16.507099 -0.419654 0.275035 0.865012 0.000000 0.000000 0.000000 0.000000 1.000000
0.741109 0.655983 0.142983 0.000000 -0.523893 0.698219 -0.487879 16.507099 -0.419874 0.286664 0.861121 -0.000000 0.000000 0.000000 0.000000 1.000000
0.751593 0.644541 0.140265 0.000000 -0.510038 0.702702 -0.496056 16.507099 -0.418293 0.301291 0.856887 -0.000000 0.000000 0.000000 0.000000 1.000000
0.736885 0.661457 0.139554 -0.000000 -0.530266 0.693604 -0.487577 16.507099 -0.419306 0.285288 0.861854 0.000000 0.000000 0.000000 0.000000 1.000000
0.724308 0.675031 0.140396 0.000000 -0.544580 0.684991 -0.483963 16.507099 -0.422860 0.274081 0.863753 -0.000000 0.000000 0.000000 0.000000 1.000000
0.738694 0.657348 0.149079 0.000000 -0.518797 0.695681 -0.496867 16.507099 -0.430326 0.289691 0.854926 0.000000 0.000000 0.000000 0.000000 1.000000
0.772572 0.612575 0.166987 0.000000 -0.457172 0.719203 -0.523202 16.507099 -0.440598 0.327869 0.835688 0.000000 0.000000 0.000000 0.000000 1.000000</float_array>
        <technique_common>
          <accessor source="#mixamorig_RightArm-Matrix-animation-output-transform-array" count="19" stride="16">
            <param type="float4x4"/>
          </accessor>
        </technique_common>
      </source>
      <source id="mixamorig_RightArm-Interpolations">
        <Name_array id="mixamorig_RightArm-Interpolations-array" count="19">
 LINEAR LINEAR LINEAR LINEAR LINEAR LINEAR LINEAR LINEAR LINEAR LINEAR LINEAR
LINEAR LINEAR LINEAR LINEAR LINEAR LINEAR LINEAR LINEAR</Name_array>
        <technique_common>
          <accessor source="#mixamorig_RightArm-Interpolations-array" count="19">
            <param type="name"/>
          </accessor>
        </technique_common>
      </source>
      <sampler id="mixamorig_RightArm-Matrix-animation-transform">
        <input semantic="INPUT" source="#mixamorig_RightArm-Matrix-animation-input"/>
        <input semantic="OUTPUT" source="#mixamorig_RightArm-Matrix-animation-output-transform"/>
        <input semantic="INTERPOLATION" source="#mixamorig_RightArm-Interpolations"/>
      </sampler>
      <channel source="#mixamorig_RightArm-Matrix-animation-transform" target="mixamorig_RightArm/matrix"/>
    </animation>
    <animation id="mixamorig_RightForeArm-anim" name="mixamorig_RightForeArm">
      <source id="mixamorig_RightForeArm-Matrix-animation-input">
        <float_array id="mixamorig_RightForeArm-Matrix-animation-input-array" count="19">

0.000000 0.033333 0.066667 0.100000 0.133333 0.166667 0.200000 0.233333 0.266667 0.300000 0.333333 0.366667 0.400000 0.433333 0.466667 0.500000
0.533333 0.566667 0.600000</float_array>
        <technique_common>
          <accessor source="#mixamorig_RightForeArm-Matrix-animation-input-array" count="19">
            <param name="TIME" type="float"/>
          </accessor>
        </technique_common>
      </source>
      <source id="mixamorig_RightForeArm-Matrix-animation-output-transform">
        <float_array id="mixamorig_RightForeArm-Matrix-animation-output-transform-array" count="304">

-0.390546 0.918539 -0.061316 -0.000000 -0.906849 -0.395327 -0.146089 19.953800 -0.158428 -0.001450 0.987369 -0.000000 0.000000 0.000000 0.000000 1.000000
-0.441803 0.894027 -0.074340 -0.000000 -0.881125 -0.448011 -0.151344 19.953800 -0.168610 -0.001362 0.985682 -0.000000 0.000000 0.000000 0.000000 1.000000
-0.496864 0.862238 -0.098344 -0.000000 -0.845349 -0.506501 -0.169829 19.953800 -0.196244 -0.001246 0.980554 0.000000 0.000000 0.000000 0.000000 1.000000
-0.546242 0.833106 -0.086919 -0.000000 -0.822422 -0.553113 -0.132999 19.953800 -0.158878 -0.001166 0.987298 -0.000000 0.000000 0.000000 0.000000 1.000000
-0.556141 0.825964 -0.092145 -0.000000 -0.814497 -0.563722 -0.137159 19.953800 -0.165233 -0.001229 0.986254 -0.000000 0.000000 0.000000 0.000000 1.000000
-0.528707 0.838319 -0.133007 -0.000000 -0.812344 -0.545179 -0.207070 19.953800 -0.246103 -0.001432 0.969243 0.000000 0.000000 0.000000 0.000000 1.000000
-0.475089 0.874811 -0.094847 -0.000000 -0.857502 -0.484463 -0.173166 19.953800 -0.197437 -0.000937 0.980315 0.000000 0.000000 0.000000 0.000000 1.000000
-0.415622 0.908180 -0.049676 0.000000 -0.901406 -0.418578 -0.110726 19.953800 -0.121352 -0.001242 0.992609 0.000000 0.000000 0.000000 0.000000 1.000000
-0.302805 0.952123 -0.042088 0.000000 -0.942275 -0.305711 -0.136598 19.953800 -0.142925 -0.001704 0.989732 0.000000 0.000000 0.000000 0.000000 1.000000
-0.162258 0.986472 -0.023334 -0.000000 -0.974888 -0.163918 -0.150744 19.953800 -0.152530 -0.001712 0.988297 0.000000 0.000000 0.000000 0.000000 1.000000
0.082160 0.996552 0.011540 0.000000 -0.987850 0.082965 -0.131409 19.953800 -0.131913 -0.000603 0.991261 0.000000 0.000000 0.000000 0.000000 1.000000
0.422405 0.904000 0.066007 0.000000 -0.893686 0.427529 -0.136179 19.953800 -0.151326 -0.001467 0.988483 0.000000 0.000000 0.000000 0.000000 1.000000
0.632803 0.768306 0.096264 0.000000 -0.759774 0.640082 -0.114188 19.953800 -0.149348 -0.000881 0.988784 -0.000000 0.000000 0.000000 0.000000 1.000000
0.659823 0.742923 0.112691 0.000000 -0.732553 0.669377 -0.123698 19.953800 -0.167331 -0.000933 0.985900 0.000000 0.000000 0.000000 0.000000 1.000000
0.600651 0.792885 0.102721 0.000000 -0.781839 0.609370 -0.131896 19.953800 -0.167174 -0.001088 0.985927 -0.000000 0.000000 0.000000 0.000000 1.000000
0.587560 0.803324 0.097179 0.000000 -0.792859 0.595541 -0.129251 19.953800 -0.161705 -0.001106 0.986839 0.000000 0.000000 0.000000 0.000000 1.000000
0.599033 0.793914 0.104213 0.000000 -0.782473 0.608029 -0.134299 19.953800 -0.169986 -0.001095 0.985446 -0.000000 0.000000 0.000000 0.000000 1.000000
0.593103 0.796606 0.116828 0.000000 -0.781948 0.604498 -0.152116 19.953800 -0.191799 -0.001133 0.981434 0.000000 0.000000 0.000000 0.000000 1.000000
0.571675 0.814384 0.099833 -0.000000 -0.802586 0.580325 -0.138126 19.953800 -0.170423 -0.001161 0.985370 0.000000 0.000000 0.000000 0.000000 1.000000</float_array>
        <technique_common>
          <accessor source="#mixamorig_RightForeArm-Matrix-animation-output-transform-array" count="19" stride="16">
            <param type="float4x4"/>
          </accessor>
        </technique_common>
      </source>
      <source id="mixamorig_RightForeArm-Interpolations">
        <Name_array id="mixamorig_RightForeArm-Interpolations-array" count="19">
 LINEAR LINEAR LINEAR LINEAR LINEAR LINEAR LINEAR LINEAR LINEAR LINEAR LINEAR
LINEAR LINEAR LINEAR LINEAR LINEAR LINEAR LINEAR LINEAR</Name_array>
        <technique_common>
          <accessor source="#mixamorig_RightForeArm-Interpolations-array" count="19">
            <param type="name"/>
          </accessor>
        </technique_common>
      </source>
      <sampler id="mixamorig_RightForeArm-Matrix-animation-transform">
        <input semantic="INPUT" source="#mixamorig_RightForeArm-Matrix-animation-input"/>
        <input semantic="OUTPUT" source="#mixamorig_RightForeArm-Matrix-animation-output-transform"/>
        <input semantic="INTERPOLATION" source="#mixamorig_RightForeArm-Interpolations"/>
      </sampler>
      <channel source="#mixamorig_RightForeArm-Matrix-animation-transform" target="mixamorig_RightForeArm/matrix"/>
    </animation>
    <animation id="mixamorig_RightHand-anim" name="mixamorig_RightHand">
      <source id="mixamorig_RightHand-Matrix-animation-input">
        <float_array id="mixamorig_RightHand-Matrix-animation-input-array" count="19">

0.000000 0.033333 0.066667 0.100000 0.133333 0.166667 0.200000 0.233333 0.266667 0.300000 0.333333 0.366667 0.400000 0.433333 0.466667 0.500000
0.533333 0.566667 0.600000</float_array>
        <technique_common>
          <accessor source="#mixamorig_RightHand-Matrix-animation-input-array" count="19">
            <param name="TIME" type="float"/>
          </accessor>
        </technique_common>
      </source>
      <source id="mixamorig_RightHand-Matrix-animation-output-transform">
        <float_array id="mixamorig_RightHand-Matrix-animation-output-transform-array" count="304">

0.979079 0.163836 0.120676 0.000000 -0.184085 0.965873 0.182217 28.810400 -0.086704 -0.200619 0.975825 -0.000000 0.000000 0.000000 0.000000 1.000000
0.981629 0.156139 0.109656 0.000000 -0.176260 0.962147 0.207860 28.810400 -0.073051 -0.223370 0.971993 -0.000000 0.000000 0.000000 0.000000 1.000000
0.983332 0.149475 0.103511 0.000000 -0.169617 0.959202 0.226189 28.810400 -0.065478 -0.239977 0.968568 -0.000000 0.000000 0.000000 0.000000 1.000000
0.984433 0.143852 0.100986 0.000000 -0.164323 0.957165 0.238399 28.810400 -0.062366 -0.251282 0.965903 0.000000 0.000000 0.000000 0.000000 1.000000
0.985076 0.139531 0.100778 0.000000 -0.160544 0.955955 0.245716 28.810400 -0.062054 -0.258228 0.964089 0.000000 0.000000 0.000000 0.000000 1.000000
0.985371 0.136893 0.101513 0.000000 -0.158405 0.955402 0.249228 28.810400 -0.062868 -0.261662 0.963110 0.000000 0.000000 0.000000 0.000000 1.000000
0.985360 0.136306 0.102406 0.000000 -0.158361 0.954253 0.253621 28.810400 -0.063151 -0.266125 0.961868 0.000000 0.000000 0.000000 0.000000 1.000000
0.984583 0.137386 0.108264 0.000000 -0.163676 0.941935 0.293205 28.810400 -0.061695 -0.306405 0.949900 0.000000 0.000000 0.000000 0.000000 1.000000
0.982940 0.139367 0.120022 0.000000 -0.174627 0.912017 0.371120 28.810400 -0.057740 -0.385748 0.920796 0.000000 0.000000 0.000000 0.000000 1.000000
0.980624 0.141639 0.135332 0.000000 -0.189280 0.863104 0.468214 28.810400 -0.050488 -0.484757 0.873190 0.000000 0.000000 0.000000 0.000000 1.000000
0.977881 0.143718 0.151966 -0.000000 -0.205309 0.798344 0.566123 28.810400 -0.039960 -0.584801 0.810192 -0.000000 0.000000 0.000000 0.000000 1.000000
0.975063 0.145334 0.167722 -0.000000 -0.220206 0.727554 0.649749 28.810400 -0.027596 -0.670480 0.741414 0.000000 0.000000 0.000000 0.000000 1.000000
0.972708 0.146255 0.180135 -0.000000 -0.231455 0.666371 0.708787 28.810400 -0.016373 -0.731135 0.682036 0.000000 0.000000 0.000000 0.000000 1.000000
0.971419 0.146681 0.186626 0.000000 -0.237159 0.632962 0.736964 28.810400 -0.010029 -0.760161 0.649658 -0.000000 0.000000 0.000000 0.000000 1.000000
0.970289 0.152754 0.187629 0.000000 -0.241797 0.639521 0.729758 28.810400 -0.008519 -0.753445 0.657456 0.000000 0.000000 0.000000 0.000000 1.000000
0.966461 0.176894 0.186174 0.000000 -0.256778 0.677436 0.689308 28.810400 -0.004186 -0.713995 0.700138 0.000000 0.000000 0.000000 0.000000 1.000000
0.960914 0.214385 0.175166 0.000000 -0.276800 0.732333 0.622149 28.810400 0.005099 -0.646318 0.763051 0.000000 0.000000 0.000000 0.000000 1.000000
0.955409 0.255755 0.147593 0.000000 -0.294576 0.790849 0.536455 28.810400 0.020477 -0.556011 0.830923 -0.000000 0.000000 0.000000 0.000000 1.000000
0.951735 0.289662 0.101467 0.000000 -0.303952 0.843668 0.442535 28.810400 0.042581 -0.452017 0.890992 0.000000 0.000000 0.000000 0.000000 1.000000</float_array>
        <technique_common>
          <accessor source="#mixamorig_RightHand-Matrix-animation-output-transform-array" count="19" stride="16">
            <param type="float4x4"/>
          </accessor>
        </technique_common>
      </source>
      <source id="mixamorig_RightHand-Interpolations">
        <Name_array id="mixamorig_RightHand-Interpolations-array" count="19">
 LINEAR LINEAR LINEAR LINEAR LINEAR LINEAR LINEAR LINEAR LINEAR LINEAR LINEAR
LINEAR LINEAR LINEAR LINEAR LINEAR LINEAR LINEAR LINEAR</Name_array>
        <technique_common>
          <accessor source="#mixamorig_RightHand-Interpolations-array" count="19">
            <param type="name"/>
          </accessor>
        </technique_common>
      </source>
      <sampler id="mixamorig_RightHand-Matrix-animation-transform">
        <input semantic="INPUT" source="#mixamorig_RightHand-Matrix-animation-input"/>
        <input semantic="OUTPUT" source="#mixamorig_RightHand-Matrix-animation-output-transform"/>
        <input semantic="INTERPOLATION" source="#mixamorig_RightHand-Interpolations"/>
      </sampler>
      <channel source="#mixamorig_RightHand-Matrix-animation-transform" target="mixamorig_RightHand/matrix"/>
    </animation>
    <animation id="mixamorig_RightHandThumb1-anim" name="mixamorig_RightHandThumb1">
      <source id="mixamorig_RightHandThumb1-Matrix-animation-input">
        <float_array id="mixamorig_RightHandThumb1-Matrix-animation-input-array" count="19">

0.000000 0.033333 0.066667 0.100000 0.133333 0.166667 0.200000 0.233333 0.266667 0.300000 0.333333 0.366667 0.400000 0.433333 0.466667 0.500000
0.533333 0.566667 0.600000</float_array>
        <technique_common>
          <accessor source="#mixamorig_RightHandThumb1-Matrix-animation-input-array" count="19">
            <param name="TIME" type="float"/>
          </accessor>
        </technique_common>
      </source>
      <source id="mixamorig_RightHandThumb1-Matrix-animation-output-transform">
        <float_array id="mixamorig_RightHandThumb1-Matrix-animation-output-transform-array" count="304">

0.716874 0.634197 -0.289631 1.539600 -0.691229 0.700767 -0.176431 3.801100 0.091072 0.326680 0.940737 1.972600 0.000000 0.000000 0.000000 1.000000
0.719846 0.630813 -0.289650 1.539600 -0.688175 0.703125 -0.178973 3.801100 0.090761 0.328162 0.940251 1.972600 0.000000 0.000000 0.000000 1.000000
0.722957 0.627319 -0.289490 1.539600 -0.684987 0.705493 -0.181860 3.801100 0.090149 0.329774 0.939746 1.972600 0.000000 0.000000 0.000000 1.000000
0.726114 0.623805 -0.289183 1.539600 -0.681750 0.707818 -0.184962 3.801100 0.089308 0.331454 0.939235 1.972600 0.000000 0.000000 0.000000 1.000000
0.729222 0.620365 -0.288761 1.539600 -0.678555 0.710043 -0.188152 3.801100 0.088310 0.333145 0.938731 1.972600 0.000000 0.000000 0.000000 1.000000
0.732188 0.617095 -0.288261 1.539600 -0.675494 0.712118 -0.191300 3.801100 0.087226 0.334786 0.938248 1.972600 0.000000 0.000000 0.000000 1.000000
0.734921 0.614091 -0.287722 1.539600 -0.672662 0.713991 -0.194277 3.801100 0.086128 0.336318 0.937802 1.972600 0.000000 0.000000 0.000000 1.000000
0.737329 0.611448 -0.287189 1.539600 -0.670154 0.715612 -0.196958 3.801100 0.085086 0.337683 0.937406 1.972600 0.000000 0.000000 0.000000 1.000000
0.739321 0.609266 -0.286705 1.539600 -0.668071 0.716934 -0.199216 3.801100 0.084173 0.338824 0.937077 1.972600 0.000000 0.000000 0.000000 1.000000
0.740808 0.607639 -0.286318 1.539600 -0.666512 0.717907 -0.200926 3.801100 0.083460 0.339682 0.936830 1.972600 0.000000 0.000000 0.000000 1.000000
0.741698 0.606668 -0.286074 1.539600 -0.665577 0.718484 -0.201962 3.801100 0.083016 0.340199 0.936682 1.972600 0.000000 0.000000 0.000000 1.000000
0.741897 0.606473 -0.285972 1.539600 -0.665378 0.718585 -0.202257 3.801100 0.082832 0.340333 0.936649 1.972600 0.000000 0.000000 0.000000 1.000000
0.741312 0.607375 -0.285572 1.539600 -0.666118 0.717877 -0.202333 3.801100 0.082114 0.340217 0.936755 1.972600 0.000000 0.000000 0.000000 1.000000
0.739984 0.609408 -0.284685 1.539600 -0.667788 0.716282 -0.202482 3.801100 0.080521 0.339943 0.936993 1.972600 0.000000 0.000000 0.000000 1.000000
0.737997 0.612408 -0.283403 1.539600 -0.670256 0.713922 -0.202662 3.801100 0.078216 0.339517 0.937342 1.972600 0.000000 0.000000 0.000000 1.000000
0.735439 0.616205 -0.281816 1.539600 -0.673387 0.710920 -0.202835 3.801100 0.075360 0.338944 0.937783 1.972600 0.000000 0.000000 0.000000 1.000000
0.732396 0.620636 -0.280013 1.539600 -0.677049 0.707398 -0.202961 3.801100 0.072116 0.338230 0.938296 1.972600 0.000000 0.000000 0.000000 1.000000
0.728956 0.625533 -0.278086 1.539600 -0.681110 0.703479 -0.202994 3.801100 0.068648 0.337381 0.938862 1.972600 0.000000 0.000000 0.000000 1.000000
0.725212 0.630734 -0.276120 1.539600 -0.685439 0.699291 -0.202892 3.801100 0.065118 0.336403 0.939464 1.972600 0.000000 0.000000 0.000000 1.000000</float_array>
        <technique_common>
          <accessor source="#mixamorig_RightHandThumb1-Matrix-animation-output-transform-array" count="19" stride="16">
            <param type="float4x4"/>
          </accessor>
        </technique_common>
      </source>
      <source id="mixamorig_RightHandThumb1-Interpolations">
        <Name_array id="mixamorig_RightHandThumb1-Interpolations-array" count="19">
 LINEAR LINEAR LINEAR LINEAR LINEAR LINEAR LINEAR LINEAR LINEAR LINEAR LINEAR
LINEAR LINEAR LINEAR LINEAR LINEAR LINEAR LINEAR LINEAR</Name_array>
        <technique_common>
          <accessor source="#mixamorig_RightHandThumb1-Interpolations-array" count="19">
            <param type="name"/>
          </accessor>
        </technique_common>
      </source>
      <sampler id="mixamorig_RightHandThumb1-Matrix-animation-transform">
        <input semantic="INPUT" source="#mixamorig_RightHandThumb1-Matrix-animation-input"/>
        <input semantic="OUTPUT" source="#mixamorig_RightHandThumb1-Matrix-animation-output-transform"/>
        <input semantic="INTERPOLATION" source="#mixamorig_RightHandThumb1-Interpolations"/>
      </sampler>
      <channel source="#mixamorig_RightHandThumb1-Matrix-animation-transform" target="mixamorig_RightHandThumb1/matrix"/>
    </animation>
    <animation id="mixamorig_RightHandThumb2-anim" name="mixamorig_RightHandThumb2">
      <source id="mixamorig_RightHandThumb2-Matrix-animation-input">
        <float_array id="mixamorig_RightHandThumb2-Matrix-animation-input-array" count="19">

0.000000 0.033333 0.066667 0.100000 0.133333 0.166667 0.200000 0.233333 0.266667 0.300000 0.333333 0.366667 0.400000 0.433333 0.466667 0.500000
0.533333 0.566667 0.600000</float_array>
        <technique_common>
          <accessor source="#mixamorig_RightHandThumb2-Matrix-animation-input-array" count="19">
            <param name="TIME" type="float"/>
          </accessor>
        </technique_common>
      </source>
      <source id="mixamorig_RightHandThumb2-Matrix-animation-output-transform">
        <float_array id="mixamorig_RightHandThumb2-Matrix-animation-output-transform-array" count="304">

0.887015 -0.432725 0.161100 0.267800 0.445997 0.893262 -0.056299 4.847300 -0.119543 0.121788 0.985331 0.000000 0.000000 0.000000 0.000000 1.000000
0.904923 -0.393123 0.162999 0.267800 0.406863 0.911487 -0.060450 4.847300 -0.124807 0.121021 0.984773 -0.000000 0.000000 0.000000 0.000000 1.000000
0.922325 -0.349442 0.164947 0.267800 0.363686 0.929253 -0.064966 4.847300 -0.130575 0.119908 0.984161 -0.000000 0.000000 0.000000 0.000000 1.000000
0.938205 -0.303194 0.166866 0.267800 0.317962 0.945537 -0.069710 4.847300 -0.136643 0.118459 0.983512 0.000000 0.000000 0.000000 0.000000 1.000000
0.951838 -0.256024 0.168691 0.267800 0.271321 0.959598 -0.074536 4.847300 -0.142792 0.116716 0.982847 0.000000 0.000000 0.000000 0.000000 1.000000
0.962813 -0.209684 0.170364 0.267800 0.225499 0.971012 -0.079287 4.847300 -0.148800 0.114756 0.982186 -0.000000 0.000000 0.000000 0.000000 1.000000
0.971040 -0.165989 0.171839 0.267800 0.182292 0.979668 -0.083792 4.847300 -0.154437 0.112690 0.981555 -0.000000 0.000000 0.000000 0.000000 1.000000
0.976714 -0.126775 0.173082 0.267800 0.143517 0.985740 -0.087864 4.847300 -0.159474 0.110659 0.980980 0.000000 0.000000 0.000000 0.000000 1.000000
0.980250 -0.093866 0.174066 0.267800 0.110977 0.989620 -0.091308 4.847300 -0.163688 0.108822 0.980492 -0.000000 0.000000 0.000000 0.000000 1.000000
0.982184 -0.069050 0.174774 0.267800 0.086441 0.991820 -0.093925 4.847300 -0.166858 0.107359 0.980118 0.000000 0.000000 0.000000 0.000000 1.000000
0.983049 -0.054076 0.175186 0.267800 0.071635 0.992847 -0.095511 4.847300 -0.168768 0.106442 0.979892 0.000000 0.000000 0.000000 0.000000 1.000000
0.983219 -0.050568 0.175283 0.267800 0.068166 0.993057 -0.095875 4.847300 -0.169218 0.106215 0.979839 -0.000000 0.000000 0.000000 0.000000 1.000000
0.982806 -0.058585 0.175102 0.267800 0.076078 0.992574 -0.094911 4.847300 -0.168242 0.106601 0.979965 0.000000 0.000000 0.000000 0.000000 1.000000
0.981640 -0.076638 0.174671 0.267800 0.093891 0.991253 -0.092746 4.847300 -0.166035 0.107443 0.980249 -0.000000 0.000000 0.000000 0.000000 1.000000
0.979321 -0.103247 0.173984 0.267800 0.120148 0.988708 -0.089563 4.847300 -0.162773 0.108614 0.980667 0.000000 0.000000 0.000000 0.000000 1.000000
0.975356 -0.136898 0.173028 0.267800 0.153353 0.984461 -0.085556 4.847300 -0.158627 0.109982 0.981194 0.000000 0.000000 0.000000 0.000000 1.000000
0.969277 -0.176042 0.171790 0.267800 0.191978 0.978058 -0.080916 4.847300 -0.153775 0.111410 0.981805 0.000000 0.000000 0.000000 0.000000 1.000000
0.960730 -0.219103 0.170269 0.267800 0.234467 0.969162 -0.075837 4.847300 -0.148403 0.112781 0.982475 0.000000 0.000000 0.000000 0.000000 1.000000
0.949557 -0.264492 0.168479 0.267800 0.279249 0.957627 -0.070501 4.847300 -0.142693 0.113992 0.983181 0.000000 0.000000 0.000000 0.000000 1.000000</float_array>
        <technique_common>
          <accessor source="#mixamorig_RightHandThumb2-Matrix-animation-output-transform-array" count="19" stride="16">
            <param type="float4x4"/>
          </accessor>
        </technique_common>
      </source>
      <source id="mixamorig_RightHandThumb2-Interpolations">
        <Name_array id="mixamorig_RightHandThumb2-Interpolations-array" count="19">
 LINEAR LINEAR LINEAR LINEAR LINEAR LINEAR LINEAR LINEAR LINEAR LINEAR LINEAR
LINEAR LINEAR LINEAR LINEAR LINEAR LINEAR LINEAR LINEAR</Name_array>
        <technique_common>
          <accessor source="#mixamorig_RightHandThumb2-Interpolations-array" count="19">
            <param type="name"/>
          </accessor>
        </technique_common>
      </source>
      <sampler id="mixamorig_RightHandThumb2-Matrix-animation-transform">
        <input semantic="INPUT" source="#mixamorig_RightHandThumb2-Matrix-animation-input"/>
        <input semantic="OUTPUT" source="#mixamorig_RightHandThumb2-Matrix-animation-output-transform"/>
        <input semantic="INTERPOLATION" source="#mixamorig_RightHandThumb2-Interpolations"/>
      </sampler>
      <channel source="#mixamorig_RightHandThumb2-Matrix-animation-transform" target="mixamorig_RightHandThumb2/matrix"/>
    </animation>
    <animation id="mixamorig_RightHandThumb3-anim" name="mixamorig_RightHandThumb3">
      <source id="mixamorig_RightHandThumb3-Matrix-animation-input">
        <float_array id="mixamorig_RightHandThumb3-Matrix-animation-input-array" count="19">

0.000000 0.033333 0.066667 0.100000 0.133333 0.166667 0.200000 0.233333 0.266667 0.300000 0.333333 0.366667 0.400000 0.433333 0.466667 0.500000
0.533333 0.566667 0.600000</float_array>
        <technique_common>
          <accessor source="#mixamorig_RightHandThumb3-Matrix-animation-input-array" count="19">
            <param name="TIME" type="float"/>
          </accessor>
        </technique_common>
      </source>
      <source id="mixamorig_RightHandThumb3-Matrix-animation-output-transform">
        <float_array id="mixamorig_RightHandThumb3-Matrix-animation-output-transform-array" count="304">

0.849125 -0.527042 -0.034835 -0.081100 0.527981 0.845071 0.084208 4.705100 -0.014944 -0.089895 0.995839 0.000000 0.000000 0.000000 0.000000 1.000000
0.889631 -0.455845 -0.027619 -0.081100 0.456576 0.886506 0.075138 4.705100 -0.009767 -0.079455 0.996791 0.000000 0.000000 0.000000 0.000000 1.000000
0.926879 -0.374800 -0.020509 -0.081100 0.375325 0.924649 0.064470 4.705100 -0.005200 -0.067454 0.997709 -0.000000 0.000000 0.000000 0.000000 1.000000
0.957858 -0.286900 -0.014008 -0.081100 0.287237 0.956419 0.052515 4.705100 -0.001669 -0.054326 0.998522 -0.000000 0.000000 0.000000 0.000000 1.000000
0.980611 -0.195779 -0.008506 -0.081100 0.195963 0.979806 0.039725 4.705100 0.000557 -0.040621 0.999174 0.000000 0.000000 0.000000 0.000000 1.000000
0.994412 -0.105485 -0.004247 -0.081100 0.105561 0.994055 0.026658 4.705100 0.001410 -0.026957 0.999636 0.000000 0.000000 0.000000 0.000000 1.000000
0.999795 -0.020188 -0.001296 -0.081100 0.020204 0.999698 0.013962 4.705100 0.001014 -0.013985 0.999902 0.000000 0.000000 0.000000 0.000000 1.000000
0.998426 0.056085 0.000451 -0.081100 -0.056086 0.998423 0.002316 4.705100 -0.000320 -0.002338 0.999997 0.000000 0.000000 0.000000 0.000000 1.000000
0.992816 0.119643 0.001247 -0.081100 -0.119631 0.992789 -0.007606 4.705100 -0.002148 0.007403 0.999970 0.000000 0.000000 0.000000 0.000000 1.000000
0.985926 0.167177 0.001437 -0.081100 -0.167136 0.985817 -0.015159 4.705100 -0.003951 0.014705 0.999884 0.000000 0.000000 0.000000 0.000000 1.000000
0.980670 0.195663 0.001379 -0.081100 -0.195598 0.980485 -0.019741 4.705100 -0.005214 0.019089 0.999804 0.000000 0.000000 0.000000 0.000000 1.000000
0.979290 0.202459 0.001346 -0.081100 -0.202388 0.979084 -0.020851 4.705100 -0.005540 0.020146 0.999782 -0.000000 0.000000 0.000000 0.000000 1.000000
0.981966 0.189050 0.001421 -0.081100 -0.188991 0.981799 -0.018813 4.705100 -0.004952 0.018205 0.999822 -0.000000 0.000000 0.000000 0.000000 1.000000
0.987332 0.158661 0.001494 -0.081100 -0.158624 0.987237 -0.014222 4.705100 -0.003731 0.013805 0.999898 0.000000 0.000000 0.000000 0.000000 1.000000
0.993545 0.113432 0.001359 -0.081100 -0.113419 0.993519 -0.007455 4.705100 -0.002196 0.007252 0.999971 0.000000 0.000000 0.000000 0.000000 1.000000
0.998454 0.055585 0.000777 -0.081100 -0.055586 0.998453 0.001086 4.705100 -0.000716 -0.001128 0.999999 0.000000 0.000000 0.000000 0.000000 1.000000
0.999922 -0.012460 -0.000485 -0.081100 0.012464 0.999862 0.010973 4.705100 0.000349 -0.010978 0.999940 0.000000 0.000000 0.000000 0.000000 1.000000
0.996114 -0.088031 -0.002607 -0.081100 0.088067 0.995877 0.021762 4.705100 0.000681 -0.021907 0.999760 -0.000000 0.000000 0.000000 0.000000 1.000000
0.985731 -0.168231 -0.005690 -0.081100 0.168327 0.985179 0.033002 4.705100 0.000054 -0.033489 0.999439 -0.000000 0.000000 0.000000 0.000000 1.000000</float_array>
        <technique_common>
          <accessor source="#mixamorig_RightHandThumb3-Matrix-animation-output-transform-array" count="19" stride="16">
            <param type="float4x4"/>
          </accessor>
        </technique_common>
      </source>
      <source id="mixamorig_RightHandThumb3-Interpolations">
        <Name_array id="mixamorig_RightHandThumb3-Interpolations-array" count="19">
 LINEAR LINEAR LINEAR LINEAR LINEAR LINEAR LINEAR LINEAR LINEAR LINEAR LINEAR
LINEAR LINEAR LINEAR LINEAR LINEAR LINEAR LINEAR LINEAR</Name_array>
        <technique_common>
          <accessor source="#mixamorig_RightHandThumb3-Interpolations-array" count="19">
            <param type="name"/>
          </accessor>
        </technique_common>
      </source>
      <sampler id="mixamorig_RightHandThumb3-Matrix-animation-transform">
        <input semantic="INPUT" source="#mixamorig_RightHandThumb3-Matrix-animation-input"/>
        <input semantic="OUTPUT" source="#mixamorig_RightHandThumb3-Matrix-animation-output-transform"/>
        <input semantic="INTERPOLATION" source="#mixamorig_RightHandThumb3-Interpolations"/>
      </sampler>
      <channel source="#mixamorig_RightHandThumb3-Matrix-animation-transform" target="mixamorig_RightHandThumb3/matrix"/>
    </animation>
    <animation id="mixamorig_RightHandIndex1-anim" name="mixamorig_RightHandIndex1">
      <source id="mixamorig_RightHandIndex1-Matrix-animation-input">
        <float_array id="mixamorig_RightHandIndex1-Matrix-animation-input-array" count="19">

0.000000 0.033333 0.066667 0.100000 0.133333 0.166667 0.200000 0.233333 0.266667 0.300000 0.333333 0.366667 0.400000 0.433333 0.466667 0.500000
0.533333 0.566667 0.600000</float_array>
        <technique_common>
          <accessor source="#mixamorig_RightHandIndex1-Matrix-animation-input-array" count="19">
            <param name="TIME" type="float"/>
          </accessor>
        </technique_common>
      </source>
      <source id="mixamorig_RightHandIndex1-Matrix-animation-output-transform">
        <float_array id="mixamorig_RightHandIndex1-Matrix-animation-output-transform-array" count="304">

0.948695 -0.055772 -0.311236 5.382800 -0.130713 0.827098 -0.546646 13.307100 0.287910 0.559283 0.777374 -0.085200 0.000000 0.000000 0.000000 1.000000
0.952068 -0.028202 -0.304583 5.382800 -0.133791 0.857049 -0.497562 13.307100 0.275075 0.514463 0.812195 -0.085200 0.000000 0.000000 0.000000 1.000000
0.955131 0.002785 -0.296171 5.382800 -0.139108 0.887023 -0.440273 13.307100 0.261484 0.461718 0.847610 -0.085200 0.000000 0.000000 0.000000 1.000000
0.957555 0.036319 -0.285954 5.382800 -0.146965 0.914921 -0.375927 13.307100 0.247972 0.401996 0.881425 -0.085200 0.000000 0.000000 0.000000 1.000000
0.959072 0.071504 -0.273987 5.382800 -0.157420 0.938926 -0.306001 13.307100 0.235374 0.336607 0.911754 -0.085200 0.000000 0.000000 0.000000 1.000000
0.959495 0.107433 -0.260438 5.382800 -0.170271 0.957630 -0.232276 13.307100 0.224449 0.267213 0.937134 -0.085200 0.000000 0.000000 0.000000 1.000000
0.958735 0.143222 -0.245591 5.382800 -0.185083 0.970138 -0.156766 13.307100 0.215804 0.195752 0.956614 -0.085200 0.000000 0.000000 0.000000 1.000000
0.956806 0.178031 -0.229841 5.382800 -0.201233 0.976138 -0.081613 13.307100 0.209827 0.124339 0.969800 -0.085200 0.000000 0.000000 0.000000 1.000000
0.953825 0.211094 -0.213675 5.382800 -0.217992 0.975909 -0.008979 13.307100 0.206632 0.055144 0.976864 -0.085200 0.000000 0.000000 0.000000 1.000000
0.950001 0.241726 -0.197654 5.382800 -0.234603 0.970296 0.059057 13.307100 0.206058 -0.009734 0.978491 -0.085200 0.000000 0.000000 0.000000 1.000000
0.945618 0.269342 -0.182379 5.382800 -0.250358 0.960615 0.120578 13.307100 0.207673 -0.068360 0.975807 -0.085200 0.000000 0.000000 0.000000 1.000000
0.941014 0.293440 -0.168478 5.382800 -0.264658 0.948539 0.173867 13.307100 0.210827 -0.119023 0.970250 -0.085200 0.000000 0.000000 0.000000 1.000000
0.936562 0.313588 -0.156569 5.382800 -0.277034 0.935940 0.217413 13.307100 0.214717 -0.160246 0.963441 -0.085200 0.000000 0.000000 0.000000 1.000000
0.933365 0.326116 -0.149930 5.382800 -0.285801 0.927955 0.239203 13.307100 0.217136 -0.180413 0.959324 -0.085200 0.000000 0.000000 0.000000 1.000000
0.931279 0.333661 -0.146254 5.382800 -0.291469 0.923244 0.250332 13.307100 0.218554 -0.190500 0.957049 -0.085200 0.000000 0.000000 0.000000 1.000000
0.930258 0.337260 -0.144486 5.382800 -0.294171 0.920928 0.255648 13.307100 0.219282 -0.195315 0.955912 -0.085200 0.000000 0.000000 0.000000 1.000000
0.930543 0.336438 -0.144567 5.382800 -0.293551 0.921379 0.254730 13.307100 0.218902 -0.194600 0.956145 -0.085200 0.000000 0.000000 0.000000 1.000000
0.932174 0.331404 -0.145684 5.382800 -0.289749 0.924267 0.248547 13.307100 0.217020 -0.189478 0.957601 -0.085200 0.000000 0.000000 0.000000 1.000000
0.934908 0.322723 -0.147637 5.382800 -0.283153 0.929104 0.237888 13.307100 0.213942 -0.180599 0.960007 -0.085200 0.000000 0.000000 0.000000 1.000000</float_array>
        <technique_common>
          <accessor source="#mixamorig_RightHandIndex1-Matrix-animation-output-transform-array" count="19" stride="16">
            <param type="float4x4"/>
          </accessor>
        </technique_common>
      </source>
      <source id="mixamorig_RightHandIndex1-Interpolations">
        <Name_array id="mixamorig_RightHandIndex1-Interpolations-array" count="19">
 LINEAR LINEAR LINEAR LINEAR LINEAR LINEAR LINEAR LINEAR LINEAR LINEAR LINEAR
LINEAR LINEAR LINEAR LINEAR LINEAR LINEAR LINEAR LINEAR</Name_array>
        <technique_common>
          <accessor source="#mixamorig_RightHandIndex1-Interpolations-array" count="19">
            <param type="name"/>
          </accessor>
        </technique_common>
      </source>
      <sampler id="mixamorig_RightHandIndex1-Matrix-animation-transform">
        <input semantic="INPUT" source="#mixamorig_RightHandIndex1-Matrix-animation-input"/>
        <input semantic="OUTPUT" source="#mixamorig_RightHandIndex1-Matrix-animation-output-transform"/>
        <input semantic="INTERPOLATION" source="#mixamorig_RightHandIndex1-Interpolations"/>
      </sampler>
      <channel source="#mixamorig_RightHandIndex1-Matrix-animation-transform" target="mixamorig_RightHandIndex1/matrix"/>
    </animation>
    <animation id="mixamorig_RightHandIndex2-anim" name="mixamorig_RightHandIndex2">
      <source id="mixamorig_RightHandIndex2-Matrix-animation-input">
        <float_array id="mixamorig_RightHandIndex2-Matrix-animation-input-array" count="19">

0.000000 0.033333 0.066667 0.100000 0.133333 0.166667 0.200000 0.233333 0.266667 0.300000 0.333333 0.366667 0.400000 0.433333 0.466667 0.500000
0.533333 0.566667 0.600000</float_array>
        <technique_common>
          <accessor source="#mixamorig_RightHandIndex2-Matrix-animation-input-array" count="19">
            <param name="TIME" type="float"/>
          </accessor>
        </technique_common>
      </source>
      <source id="mixamorig_RightHandIndex2-Matrix-animation-output-transform">
        <float_array id="mixamorig_RightHandIndex2-Matrix-animation-output-transform-array" count="304">

0.999860 0.011718 0.011986 -0.001700 0.015214 -0.334323 -0.942336 3.921400 -0.007035 0.942386 -0.334454 0.000000 0.000000 0.000000 0.000000 1.000000
0.999875 0.010724 0.011656 -0.001700 0.013927 -0.244777 -0.969479 3.921400 -0.007544 0.969520 -0.244896 -0.000000 0.000000 0.000000 0.000000 1.000000
0.999891 0.009597 0.011237 -0.001700 0.012478 -0.140971 -0.989935 3.921400 -0.007916 0.989967 -0.141076 0.000000 0.000000 0.000000 0.000000 1.000000
0.999907 0.008373 0.010726 -0.001700 0.010939 -0.025805 -0.999607 3.921400 -0.008093 0.999632 -0.025894 0.000000 0.000000 0.000000 0.000000 1.000000
0.999924 0.007083 0.010121 -0.001700 0.009386 0.097001 -0.995240 3.921400 -0.008031 0.995259 0.096927 0.000000 0.000000 0.000000 0.000000 1.000000
0.999939 0.005766 0.009428 -0.001700 0.007905 0.223080 -0.974768 3.921400 -0.007724 0.974783 0.223021 0.000000 0.000000 0.000000 0.000000 1.000000
0.999953 0.004457 0.008661 -0.001700 0.006571 0.347768 -0.937558 3.921400 -0.007191 0.937570 0.347722 0.000000 0.000000 0.000000 0.000000 1.000000
0.999964 0.003190 0.007838 -0.001700 0.005445 0.466507 -0.884501 3.921400 -0.006478 0.884512 0.466473 0.000000 0.000000 0.000000 0.000000 1.000000
0.999974 0.001995 0.006984 -0.001700 0.004565 0.575285 -0.817941 3.921400 -0.005649 0.817951 0.575260 0.000000 0.000000 0.000000 0.000000 1.000000
0.999981 0.000896 0.006129 -0.001700 0.003943 0.671011 -0.741437 3.921400 -0.004777 0.741447 0.670994 0.000000 0.000000 0.000000 0.000000 1.000000
0.999986 -0.000087 0.005304 -0.001700 0.003564 0.751760 -0.659427 3.921400 -0.003930 0.659436 0.751750 0.000000 0.000000 0.000000 0.000000 1.000000
0.999989 -0.000943 0.004545 -0.001700 0.003392 0.816866 -0.576817 3.921400 -0.003168 0.576826 0.816861 -0.000000 0.000000 0.000000 0.000000 1.000000
0.999991 -0.001664 0.003880 -0.001700 0.003377 0.866825 -0.498602 3.921400 -0.002533 0.498610 0.866823 -0.000000 0.000000 0.000000 0.000000 1.000000
0.999992 -0.002200 0.003453 -0.001700 0.003487 0.899565 -0.436772 3.921400 -0.002145 0.436781 0.899565 -0.000000 0.000000 0.000000 0.000000 1.000000
0.999992 -0.002596 0.003156 -0.001700 0.003619 0.921373 -0.388663 3.921400 -0.001899 0.388671 0.921375 0.000000 0.000000 0.000000 0.000000 1.000000
0.999992 -0.002864 0.002946 -0.001700 0.003723 0.935046 -0.354508 3.921400 -0.001740 0.354516 0.935048 -0.000000 0.000000 0.000000 0.000000 1.000000
0.999991 -0.002991 0.002847 -0.001700 0.003777 0.941175 -0.337897 3.921400 -0.001668 0.337905 0.941179 0.000000 0.000000 0.000000 0.000000 1.000000
0.999992 -0.002960 0.002863 -0.001700 0.003759 0.939868 -0.341518 3.921400 -0.001680 0.341526 0.939871 0.000000 0.000000 0.000000 0.000000 1.000000
0.999992 -0.002764 0.002980 -0.001700 0.003660 0.931264 -0.364327 3.921400 -0.001769 0.364335 0.931266 0.000000 0.000000 0.000000 0.000000 1.000000</float_array>
        <technique_common>
          <accessor source="#mixamorig_RightHandIndex2-Matrix-animation-output-transform-array" count="19" stride="16">
            <param type="float4x4"/>
          </accessor>
        </technique_common>
      </source>
      <source id="mixamorig_RightHandIndex2-Interpolations">
        <Name_array id="mixamorig_RightHandIndex2-Interpolations-array" count="19">
 LINEAR LINEAR LINEAR LINEAR LINEAR LINEAR LINEAR LINEAR LINEAR LINEAR LINEAR
LINEAR LINEAR LINEAR LINEAR LINEAR LINEAR LINEAR LINEAR</Name_array>
        <technique_common>
          <accessor source="#mixamorig_RightHandIndex2-Interpolations-array" count="19">
            <param type="name"/>
          </accessor>
        </technique_common>
      </source>
      <sampler id="mixamorig_RightHandIndex2-Matrix-animation-transform">
        <input semantic="INPUT" source="#mixamorig_RightHandIndex2-Matrix-animation-input"/>
        <input semantic="OUTPUT" source="#mixamorig_RightHandIndex2-Matrix-animation-output-transform"/>
        <input semantic="INTERPOLATION" source="#mixamorig_RightHandIndex2-Interpolations"/>
      </sampler>
      <channel source="#mixamorig_RightHandIndex2-Matrix-animation-transform" target="mixamorig_RightHandIndex2/matrix"/>
    </animation>
    <animation id="mixamorig_RightHandIndex3-anim" name="mixamorig_RightHandIndex3">
      <source id="mixamorig_RightHandIndex3-Matrix-animation-input">
        <float_array id="mixamorig_RightHandIndex3-Matrix-animation-input-array" count="19">

0.000000 0.033333 0.066667 0.100000 0.133333 0.166667 0.200000 0.233333 0.266667 0.300000 0.333333 0.366667 0.400000 0.433333 0.466667 0.500000
0.533333 0.566667 0.600000</float_array>
        <technique_common>
          <accessor source="#mixamorig_RightHandIndex3-Matrix-animation-input-array" count="19">
            <param name="TIME" type="float"/>
          </accessor>
        </technique_common>
      </source>
      <source id="mixamorig_RightHandIndex3-Matrix-animation-output-transform">
        <float_array id="mixamorig_RightHandIndex3-Matrix-animation-output-transform-array" count="304">

0.999919 0.005536 0.011462 -0.000300 0.010665 0.127215 -0.991818 3.178700 -0.006948 0.991860 0.127146 -0.000000 0.000000 0.000000 0.000000 1.000000
0.999928 0.005001 0.010948 -0.000300 0.009824 0.186352 -0.982434 3.178700 -0.006954 0.982470 0.186290 -0.000000 0.000000 0.000000 0.000000 1.000000
0.999937 0.004403 0.010357 -0.000300 0.008908 0.252725 -0.967497 3.178700 -0.006877 0.967528 0.252670 0.000000 0.000000 0.000000 0.000000 1.000000
0.999946 0.003755 0.009701 -0.000300 0.007959 0.324268 -0.945932 3.178700 -0.006698 0.945958 0.324220 0.000000 0.000000 0.000000 0.000000 1.000000
0.999955 0.003075 0.008992 -0.000300 0.007020 0.398799 -0.917011 3.178700 -0.006406 0.917033 0.398759 0.000000 0.000000 0.000000 0.000000 1.000000
0.999963 0.002381 0.008245 -0.000300 0.006131 0.474099 -0.880450 3.178700 -0.006005 0.880468 0.474067 0.000000 0.000000 0.000000 0.000000 1.000000
0.999971 0.001685 0.007474 -0.000300 0.005328 0.548000 -0.836461 3.178700 -0.005505 0.836476 0.547975 0.000000 0.000000 0.000000 0.000000 1.000000
0.999977 0.001005 0.006696 -0.000300 0.004640 0.618502 -0.785769 3.178700 -0.004931 0.785782 0.618483 0.000000 0.000000 0.000000 0.000000 1.000000
0.999982 0.000354 0.005930 -0.000300 0.004084 0.683878 -0.729585 3.178700 -0.004313 0.729596 0.683864 0.000000 0.000000 0.000000 0.000000 1.000000
0.999986 -0.000260 0.005194 -0.000300 0.003671 0.742769 -0.669538 3.178700 -0.003684 0.669548 0.742760 0.000000 0.000000 0.000000 0.000000 1.000000
0.999989 -0.000824 0.004509 -0.000300 0.003394 0.794244 -0.607590 3.178700 -0.003080 0.607599 0.794238 -0.000000 0.000000 0.000000 0.000000 1.000000
0.999992 -0.001330 0.003892 -0.000300 0.003239 0.837831 -0.545920 3.178700 -0.002535 0.545928 0.837828 0.000000 0.000000 0.000000 0.000000 1.000000
0.999993 -0.001771 0.003365 -0.000300 0.003185 0.873496 -0.486821 3.178700 -0.002077 0.486828 0.873495 -0.000000 0.000000 0.000000 0.000000 1.000000
0.999993 -0.002129 0.003040 -0.000300 0.003234 0.901638 -0.432480 3.178700 -0.001820 0.432487 0.901638 0.000000 0.000000 0.000000 0.000000 1.000000
0.999993 -0.002423 0.002803 -0.000300 0.003314 0.923248 -0.384189 3.178700 -0.001657 0.384196 0.923250 0.000000 0.000000 0.000000 0.000000 1.000000
0.999993 -0.002652 0.002612 -0.000300 0.003390 0.938739 -0.344611 3.178700 -0.001538 0.344617 0.938742 0.000000 0.000000 0.000000 0.000000 1.000000
0.999993 -0.002808 0.002479 -0.000300 0.003449 0.948542 -0.316632 3.178700 -0.001462 0.316639 0.948545 0.000000 0.000000 0.000000 0.000000 1.000000
0.999993 -0.002883 0.002414 -0.000300 0.003479 0.952984 -0.303002 3.178700 -0.001427 0.303008 0.952987 -0.000000 0.000000 0.000000 0.000000 1.000000
0.999993 -0.002863 0.002423 -0.000300 0.003467 0.952104 -0.305755 3.178700 -0.001431 0.305761 0.952107 0.000000 0.000000 0.000000 0.000000 1.000000</float_array>
        <technique_common>
          <accessor source="#mixamorig_RightHandIndex3-Matrix-animation-output-transform-array" count="19" stride="16">
            <param type="float4x4"/>
          </accessor>
        </technique_common>
      </source>
      <source id="mixamorig_RightHandIndex3-Interpolations">
        <Name_array id="mixamorig_RightHandIndex3-Interpolations-array" count="19">
 LINEAR LINEAR LINEAR LINEAR LINEAR LINEAR LINEAR LINEAR LINEAR LINEAR LINEAR
LINEAR LINEAR LINEAR LINEAR LINEAR LINEAR LINEAR LINEAR</Name_array>
        <technique_common>
          <accessor source="#mixamorig_RightHandIndex3-Interpolations-array" count="19">
            <param type="name"/>
          </accessor>
        </technique_common>
      </source>
      <sampler id="mixamorig_RightHandIndex3-Matrix-animation-transform">
        <input semantic="INPUT" source="#mixamorig_RightHandIndex3-Matrix-animation-input"/>
        <input semantic="OUTPUT" source="#mixamorig_RightHandIndex3-Matrix-animation-output-transform"/>
        <input semantic="INTERPOLATION" source="#mixamorig_RightHandIndex3-Interpolations"/>
      </sampler>
      <channel source="#mixamorig_RightHandIndex3-Matrix-animation-transform" target="mixamorig_RightHandIndex3/matrix"/>
    </animation>
    <animation id="mixamorig_RightHandMiddle1-anim" name="mixamorig_RightHandMiddle1">
      <source id="mixamorig_RightHandMiddle1-Matrix-animation-input">
        <float_array id="mixamorig_RightHandMiddle1-Matrix-animation-input-array" count="19">

0.000000 0.033333 0.066667 0.100000 0.133333 0.166667 0.200000 0.233333 0.266667 0.300000 0.333333 0.366667 0.400000 0.433333 0.466667 0.500000
0.533333 0.566667 0.600000</float_array>
        <technique_common>
          <accessor source="#mixamorig_RightHandMiddle1-Matrix-animation-input-array" count="19">
            <param name="TIME" type="float"/>
          </accessor>
        </technique_common>
      </source>
      <source id="mixamorig_RightHandMiddle1-Matrix-animation-output-transform">
        <float_array id="mixamorig_RightHandMiddle1-Matrix-animation-output-transform-array" count="304">

0.989403 -0.009967 -0.144852 1.695500 -0.101142 0.668456 -0.736842 14.609200 0.104171 0.743685 0.660365 0.049800 0.000000 0.000000 0.000000 1.000000
0.988751 0.000101 -0.149571 1.695500 -0.103562 0.721985 -0.684114 14.609200 0.107919 0.691908 0.713874 0.049800 0.000000 0.000000 0.000000 1.000000
0.988070 0.011666 -0.153561 1.695500 -0.105602 0.777108 -0.620445 14.609200 0.112096 0.629260 0.769069 0.049800 0.000000 0.000000 0.000000 1.000000
0.987407 0.024377 -0.156313 1.695500 -0.107045 0.830472 -0.546678 14.609200 0.116487 0.556526 0.822623 0.049800 0.000000 0.000000 0.000000 1.000000
0.986803 0.037811 -0.157451 1.695500 -0.107770 0.879083 -0.464326 14.609200 0.120856 0.475166 0.871556 0.049800 0.000000 0.000000 0.000000 1.000000
0.986292 0.051498 -0.156768 1.695500 -0.107756 0.920515 -0.375554 14.609200 0.124967 0.387298 0.913446 0.049800 0.000000 0.000000 0.000000 1.000000
0.985896 0.064960 -0.154239 1.695500 -0.107084 0.953103 -0.283069 14.609200 0.128617 0.295594 0.946616 0.049800 0.000000 0.000000 0.000000 1.000000
0.985619 0.077754 -0.150029 1.695500 -0.105913 0.976065 -0.189944 14.609200 0.131669 0.203102 0.970264 0.049800 0.000000 0.000000 0.000000 1.000000
0.985452 0.089517 -0.144472 1.695500 -0.104461 0.989550 -0.099396 14.609200 0.134064 0.113041 0.984504 0.049800 0.000000 0.000000 0.000000 1.000000
0.985367 0.099985 -0.138041 1.695500 -0.102964 0.994578 -0.014587 14.609200 0.135834 0.028587 0.990319 0.049800 0.000000 0.000000 0.000000 1.000000
0.985329 0.109021 -0.131308 1.695500 -0.101658 0.992914 0.061550 14.609200 0.137088 -0.047298 0.989429 0.049800 0.000000 0.000000 0.000000 1.000000
0.985296 0.116593 -0.124894 1.695500 -0.100753 0.986848 0.126410 14.609200 0.137990 -0.111967 0.984084 0.049800 0.000000 0.000000 0.000000 1.000000
0.985224 0.122757 -0.119431 1.695500 -0.100430 0.978942 0.177727 14.609200 0.138733 -0.163106 0.976806 0.049800 0.000000 0.000000 0.000000 1.000000
0.984908 0.126794 -0.117812 1.695500 -0.102139 0.975313 0.195787 14.609200 0.139729 -0.180799 0.973544 0.049800 0.000000 0.000000 0.000000 1.000000
0.984795 0.127752 -0.117723 1.695500 -0.102772 0.974779 0.198098 14.609200 0.140062 -0.182988 0.973087 0.049800 0.000000 0.000000 0.000000 1.000000
0.985071 0.125313 -0.118035 1.695500 -0.100749 0.975620 0.194974 14.609200 0.139590 -0.180171 0.973680 0.049800 0.000000 0.000000 0.000000 1.000000
0.985681 0.119734 -0.118727 1.695500 -0.096120 0.977494 0.187794 14.609200 0.138540 -0.173693 0.975006 0.049800 0.000000 0.000000 0.000000 1.000000
0.986529 0.111486 -0.119713 1.695500 -0.089270 0.980132 0.177120 14.609200 0.137081 -0.164047 0.976881 0.049800 0.000000 0.000000 0.000000 1.000000
0.987510 0.101034 -0.120900 1.695500 -0.080579 0.983245 0.163512 14.609200 0.135394 -0.151728 0.979105 0.049800 0.000000 0.000000 0.000000 1.000000</float_array>
        <technique_common>
          <accessor source="#mixamorig_RightHandMiddle1-Matrix-animation-output-transform-array" count="19" stride="16">
            <param type="float4x4"/>
          </accessor>
        </technique_common>
      </source>
      <source id="mixamorig_RightHandMiddle1-Interpolations">
        <Name_array id="mixamorig_RightHandMiddle1-Interpolations-array" count="19">
 LINEAR LINEAR LINEAR LINEAR LINEAR LINEAR LINEAR LINEAR LINEAR LINEAR LINEAR
LINEAR LINEAR LINEAR LINEAR LINEAR LINEAR LINEAR LINEAR</Name_array>
        <technique_common>
          <accessor source="#mixamorig_RightHandMiddle1-Interpolations-array" count="19">
            <param type="name"/>
          </accessor>
        </technique_common>
      </source>
      <sampler id="mixamorig_RightHandMiddle1-Matrix-animation-transform">
        <input semantic="INPUT" source="#mixamorig_RightHandMiddle1-Matrix-animation-input"/>
        <input semantic="OUTPUT" source="#mixamorig_RightHandMiddle1-Matrix-animation-output-transform"/>
        <input semantic="INTERPOLATION" source="#mixamorig_RightHandMiddle1-Interpolations"/>
      </sampler>
      <channel source="#mixamorig_RightHandMiddle1-Matrix-animation-transform" target="mixamorig_RightHandMiddle1/matrix"/>
    </animation>
    <animation id="mixamorig_RightHandMiddle2-anim" name="mixamorig_RightHandMiddle2">
      <source id="mixamorig_RightHandMiddle2-Matrix-animation-input">
        <float_array id="mixamorig_RightHandMiddle2-Matrix-animation-input-array" count="19">

0.000000 0.033333 0.066667 0.100000 0.133333 0.166667 0.200000 0.233333 0.266667 0.300000 0.333333 0.366667 0.400000 0.433333 0.466667 0.500000
0.533333 0.566667 0.600000</float_array>
        <technique_common>
          <accessor source="#mixamorig_RightHandMiddle2-Matrix-animation-input-array" count="19">
            <param name="TIME" type="float"/>
          </accessor>
        </technique_common>
      </source>
      <source id="mixamorig_RightHandMiddle2-Matrix-animation-output-transform">
        <float_array id="mixamorig_RightHandMiddle2-Matrix-animation-output-transform-array" count="304">

0.999725 -0.020011 0.012247 -0.000200 0.007852 -0.206531 -0.978409 4.318300 0.022108 0.978235 -0.206317 0.000000 0.000000 0.000000 0.000000 1.000000
0.999724 -0.020280 0.011847 -0.000200 0.009526 -0.110901 -0.993786 4.318300 0.021468 0.993625 -0.110677 0.000000 0.000000 0.000000 0.000000 1.000000
0.999726 -0.020490 0.011281 -0.000200 0.011242 -0.002016 -0.999935 4.318300 0.020511 0.999788 -0.001785 0.000000 0.000000 0.000000 0.000000 1.000000
0.999732 -0.020588 0.010544 -0.000200 0.012870 0.116341 -0.993126 4.318300 0.019220 0.992996 0.116575 0.000000 0.000000 0.000000 0.000000 1.000000
0.999743 -0.020536 0.009642 -0.000200 0.014286 0.239665 -0.970751 4.318300 0.017624 0.970638 0.239897 0.000000 0.000000 0.000000 0.000000 1.000000
0.999757 -0.020293 0.008604 -0.000200 0.015387 0.363031 -0.931650 4.318300 0.015782 0.931556 0.363255 0.000000 0.000000 0.000000 0.000000 1.000000
0.999775 -0.019843 0.007469 -0.000200 0.016104 0.481522 -0.876286 4.318300 0.013791 0.876209 0.481733 0.000000 0.000000 0.000000 0.000000 1.000000
0.999796 -0.019185 0.006291 -0.000200 0.016411 0.590698 -0.806726 4.318300 0.011761 0.806665 0.590892 0.000000 0.000000 0.000000 0.000000 1.000000
0.999819 -0.018345 0.005123 -0.000200 0.016328 0.687037 -0.726439 4.318300 0.009807 0.726391 0.687212 0.000000 0.000000 0.000000 0.000000 1.000000
0.999841 -0.017363 0.004019 -0.000200 0.015914 0.768263 -0.639937 4.318300 0.008024 0.639899 0.768417 -0.000000 0.000000 0.000000 0.000000 1.000000
0.999862 -0.016306 0.003028 -0.000200 0.015265 0.833474 -0.552347 4.318300 0.006483 0.552318 0.833609 0.000000 0.000000 0.000000 0.000000 1.000000
0.999881 -0.015247 0.002181 -0.000200 0.014489 0.883097 -0.468966 4.318300 0.005224 0.468942 0.883214 -0.000000 0.000000 0.000000 0.000000 1.000000
0.999897 -0.014274 0.001502 -0.000200 0.013707 0.918624 -0.394896 4.318300 0.004257 0.394876 0.918725 0.000000 0.000000 0.000000 0.000000 1.000000
0.999905 -0.013720 0.001149 -0.000200 0.013255 0.936687 -0.349916 4.318300 0.003725 0.349898 0.936780 0.000000 0.000000 0.000000 0.000000 1.000000
0.999909 -0.013445 0.000981 -0.000200 0.013029 0.945152 -0.326370 4.318300 0.003461 0.326353 0.945241 0.000000 0.000000 0.000000 0.000000 1.000000
0.999910 -0.013373 0.000940 -0.000200 0.012970 0.947209 -0.320354 4.318300 0.003394 0.320337 0.947298 0.000000 0.000000 0.000000 0.000000 1.000000
0.999908 -0.013515 0.001033 -0.000200 0.013093 0.943309 -0.331657 4.318300 0.003508 0.331640 0.943399 0.000000 0.000000 0.000000 0.000000 1.000000
0.999903 -0.013837 0.001253 -0.000200 0.013370 0.933812 -0.357515 4.318300 0.003777 0.357497 0.933907 -0.000000 0.000000 0.000000 0.000000 1.000000
0.999897 -0.014296 0.001582 -0.000200 0.013757 0.918434 -0.395334 4.318300 0.004198 0.395315 0.918536 0.000000 0.000000 0.000000 0.000000 1.000000</float_array>
        <technique_common>
          <accessor source="#mixamorig_RightHandMiddle2-Matrix-animation-output-transform-array" count="19" stride="16">
            <param type="float4x4"/>
          </accessor>
        </technique_common>
      </source>
      <source id="mixamorig_RightHandMiddle2-Interpolations">
        <Name_array id="mixamorig_RightHandMiddle2-Interpolations-array" count="19">
 LINEAR LINEAR LINEAR LINEAR LINEAR LINEAR LINEAR LINEAR LINEAR LINEAR LINEAR
LINEAR LINEAR LINEAR LINEAR LINEAR LINEAR LINEAR LINEAR</Name_array>
        <technique_common>
          <accessor source="#mixamorig_RightHandMiddle2-Interpolations-array" count="19">
            <param type="name"/>
          </accessor>
        </technique_common>
      </source>
      <sampler id="mixamorig_RightHandMiddle2-Matrix-animation-transform">
        <input semantic="INPUT" source="#mixamorig_RightHandMiddle2-Matrix-animation-input"/>
        <input semantic="OUTPUT" source="#mixamorig_RightHandMiddle2-Matrix-animation-output-transform"/>
        <input semantic="INTERPOLATION" source="#mixamorig_RightHandMiddle2-Interpolations"/>
      </sampler>
      <channel source="#mixamorig_RightHandMiddle2-Matrix-animation-transform" target="mixamorig_RightHandMiddle2/matrix"/>
    </animation>
    <animation id="mixamorig_RightHandMiddle3-anim" name="mixamorig_RightHandMiddle3">
      <source id="mixamorig_RightHandMiddle3-Matrix-animation-input">
        <float_array id="mixamorig_RightHandMiddle3-Matrix-animation-input-array" count="19">

0.000000 0.033333 0.066667 0.100000 0.133333 0.166667 0.200000 0.233333 0.266667 0.300000 0.333333 0.366667 0.400000 0.433333 0.466667 0.500000
0.533333 0.566667 0.600000</float_array>
        <technique_common>
          <accessor source="#mixamorig_RightHandMiddle3-Matrix-animation-input-array" count="19">
            <param name="TIME" type="float"/>
          </accessor>
        </technique_common>
      </source>
      <source id="mixamorig_RightHandMiddle3-Matrix-animation-output-transform">
        <float_array id="mixamorig_RightHandMiddle3-Matrix-animation-output-transform-array" count="304">

0.999845 -0.017556 -0.001575 0.001500 0.000728 0.130407 -0.991460 3.241000 0.017611 0.991305 0.130399 0.000000 0.000000 0.000000 0.000000 1.000000
0.999854 -0.016969 -0.001769 0.001500 0.001459 0.188294 -0.982112 3.241000 0.016999 0.981966 0.188292 0.000000 0.000000 0.000000 0.000000 1.000000
0.999866 -0.016270 -0.001979 0.001500 0.002205 0.253163 -0.967421 3.241000 0.016241 0.967287 0.253165 -0.000000 0.000000 0.000000 0.000000 1.000000
0.999878 -0.015462 -0.002198 0.001500 0.002915 0.322983 -0.946400 3.241000 0.015343 0.946278 0.322989 0.000000 0.000000 0.000000 0.000000 1.000000
0.999891 -0.014552 -0.002412 0.001500 0.003542 0.395618 -0.918408 3.241000 0.014319 0.918300 0.395627 -0.000000 0.000000 0.000000 0.000000 1.000000
0.999905 -0.013554 -0.002611 0.001500 0.004050 0.468916 -0.883234 3.241000 0.013195 0.883139 0.468926 0.000000 0.000000 0.000000 0.000000 1.000000
0.999918 -0.012482 -0.002785 0.001500 0.004408 0.540782 -0.841151 3.241000 0.012005 0.841070 0.540793 0.000000 0.000000 0.000000 0.000000 1.000000
0.999931 -0.011359 -0.002925 0.001500 0.004602 0.609305 -0.792923 3.241000 0.010789 0.792855 0.609315 0.000000 0.000000 0.000000 0.000000 1.000000
0.999943 -0.010209 -0.003027 0.001500 0.004630 0.672837 -0.739776 3.241000 0.009589 0.739720 0.672846 -0.000000 0.000000 0.000000 0.000000 1.000000
0.999954 -0.009062 -0.003089 0.001500 0.004506 0.730091 -0.683335 3.241000 0.008447 0.683290 0.730098 0.000000 0.000000 0.000000 0.000000 1.000000
0.999964 -0.007947 -0.003112 0.001500 0.004254 0.780186 -0.625534 3.241000 0.007399 0.625498 0.780191 0.000000 0.000000 0.000000 0.000000 1.000000
0.999971 -0.006900 -0.003103 0.001500 0.003913 0.822667 -0.568510 3.241000 0.006475 0.568481 0.822671 0.000000 0.000000 0.000000 0.000000 1.000000
0.999978 -0.005953 -0.003073 0.001500 0.003524 0.857481 -0.514504 3.241000 0.005698 0.514481 0.857483 0.000000 0.000000 0.000000 0.000000 1.000000
0.999982 -0.005219 -0.003066 0.001500 0.003179 0.883873 -0.467717 3.241000 0.005151 0.467698 0.883873 0.000000 0.000000 0.000000 0.000000 1.000000
0.999984 -0.004683 -0.003058 0.001500 0.002904 0.902001 -0.431724 3.241000 0.004780 0.431709 0.902000 0.000000 0.000000 0.000000 0.000000 1.000000
0.999986 -0.004353 -0.003046 0.001500 0.002724 0.912352 -0.409397 3.241000 0.004561 0.409383 0.912351 0.000000 0.000000 0.000000 0.000000 1.000000
0.999986 -0.004268 -0.003039 0.001500 0.002679 0.914931 -0.403602 3.241000 0.004504 0.403589 0.914929 0.000000 0.000000 0.000000 0.000000 1.000000
0.999986 -0.004440 -0.003018 0.001500 0.002791 0.910105 -0.414369 3.241000 0.004586 0.414354 0.910104 0.000000 0.000000 0.000000 0.000000 1.000000
0.999984 -0.004837 -0.002964 0.001500 0.003044 0.898424 -0.439119 3.241000 0.004787 0.439102 0.898424 0.000000 0.000000 0.000000 0.000000 1.000000</float_array>
        <technique_common>
          <accessor source="#mixamorig_RightHandMiddle3-Matrix-animation-output-transform-array" count="19" stride="16">
            <param type="float4x4"/>
          </accessor>
        </technique_common>
      </source>
      <source id="mixamorig_RightHandMiddle3-Interpolations">
        <Name_array id="mixamorig_RightHandMiddle3-Interpolations-array" count="19">
 LINEAR LINEAR LINEAR LINEAR LINEAR LINEAR LINEAR LINEAR LINEAR LINEAR LINEAR
LINEAR LINEAR LINEAR LINEAR LINEAR LINEAR LINEAR LINEAR</Name_array>
        <technique_common>
          <accessor source="#mixamorig_RightHandMiddle3-Interpolations-array" count="19">
            <param type="name"/>
          </accessor>
        </technique_common>
      </source>
      <sampler id="mixamorig_RightHandMiddle3-Matrix-animation-transform">
        <input semantic="INPUT" source="#mixamorig_RightHandMiddle3-Matrix-animation-input"/>
        <input semantic="OUTPUT" source="#mixamorig_RightHandMiddle3-Matrix-animation-output-transform"/>
        <input semantic="INTERPOLATION" source="#mixamorig_RightHandMiddle3-Interpolations"/>
      </sampler>
      <channel source="#mixamorig_RightHandMiddle3-Matrix-animation-transform" target="mixamorig_RightHandMiddle3/matrix"/>
    </animation>
    <animation id="mixamorig_RightHandRing1-anim" name="mixamorig_RightHandRing1">
      <source id="mixamorig_RightHandRing1-Matrix-animation-input">
        <float_array id="mixamorig_RightHandRing1-Matrix-animation-input-array" count="19">

0.000000 0.033333 0.066667 0.100000 0.133333 0.166667 0.200000 0.233333 0.266667 0.300000 0.333333 0.366667 0.400000 0.433333 0.466667 0.500000
0.533333 0.566667 0.600000</float_array>
        <technique_common>
          <accessor source="#mixamorig_RightHandRing1-Matrix-animation-input-array" count="19">
            <param name="TIME" type="float"/>
          </accessor>
        </technique_common>
      </source>
      <source id="mixamorig_RightHandRing1-Matrix-animation-output-transform">
        <float_array id="mixamorig_RightHandRing1-Matrix-animation-output-transform-array" count="304">

0.999174 -0.010784 -0.039170 -1.709700 -0.024534 0.608329 -0.793306 14.370000 0.032383 0.793612 0.607562 -0.144700 0.000000 0.000000 0.000000 1.000000
0.998426 -0.014495 -0.054176 -1.709700 -0.030761 0.666201 -0.745137 14.370000 0.046893 0.745631 0.664707 -0.144700 0.000000 0.000000 0.000000 1.000000
0.997399 -0.018327 -0.069704 -1.709700 -0.034613 0.726500 -0.686294 14.370000 0.063217 0.686922 0.723976 -0.144700 0.000000 0.000000 0.000000 1.000000
0.996139 -0.022213 -0.084935 -1.709700 -0.035129 0.785778 -0.617511 14.370000 0.080457 0.618110 0.781963 -0.144700 0.000000 0.000000 0.000000 1.000000
0.994725 -0.026174 -0.099184 -1.709700 -0.031743 0.840900 -0.540258 14.370000 0.097545 0.540557 0.835634 -0.144700 0.000000 0.000000 0.000000 1.000000
0.993254 -0.030284 -0.111933 -1.709700 -0.024353 0.889286 -0.456702 14.370000 0.113371 0.456347 0.882550 -0.144700 0.000000 0.000000 0.000000 1.000000
0.991821 -0.034636 -0.122846 -1.709700 -0.013328 0.929108 -0.369567 14.370000 0.126938 0.368182 0.921048 -0.144700 0.000000 0.000000 0.000000 1.000000
0.990500 -0.039297 -0.131779 -1.709700 0.000554 0.959433 -0.281936 14.370000 0.137512 0.279184 0.950340 -0.144700 0.000000 0.000000 0.000000 1.000000
0.989338 -0.044262 -0.138751 -1.709700 0.016225 0.980265 -0.197021 14.370000 0.144733 0.192669 0.970531 -0.144700 0.000000 0.000000 0.000000 1.000000
0.988353 -0.049433 -0.143923 -1.709700 0.032461 0.992487 -0.117967 14.370000 0.148673 0.111921 0.982532 -0.144700 0.000000 0.000000 0.000000 1.000000
0.987546 -0.054597 -0.147551 -1.709700 0.048034 0.997707 -0.047686 14.370000 0.149816 0.040004 0.987904 -0.144700 0.000000 0.000000 0.000000 1.000000
0.986907 -0.059441 -0.149937 -1.709700 0.061814 0.998025 0.011211 14.370000 0.148974 -0.020333 0.988632 -0.144700 0.000000 0.000000 0.000000 1.000000
0.986427 -0.063581 -0.151391 -1.709700 0.072840 0.995747 0.056413 14.370000 0.147161 -0.066675 0.986863 -0.144700 0.000000 0.000000 0.000000 1.000000
0.986258 -0.065277 -0.151768 -1.709700 0.076036 0.994905 0.066198 14.370000 0.146674 -0.076828 0.986197 -0.144700 0.000000 0.000000 0.000000 1.000000
0.986045 -0.067906 -0.152001 -1.709700 0.078102 0.995007 0.062143 14.370000 0.147022 -0.073147 0.986425 -0.144700 0.000000 0.000000 0.000000 1.000000
0.985677 -0.072398 -0.152312 -1.709700 0.081616 0.995136 0.055160 14.370000 0.147578 -0.066801 0.986792 -0.144700 0.000000 0.000000 0.000000 1.000000
0.985172 -0.078454 -0.152584 -1.709700 0.086326 0.995220 0.045659 14.370000 0.148273 -0.058154 0.987235 -0.144700 0.000000 0.000000 0.000000 1.000000
0.984543 -0.085779 -0.152702 -1.709700 0.091988 0.995178 0.034055 14.370000 0.149045 -0.047575 0.987685 -0.144700 0.000000 0.000000 0.000000 1.000000
0.983808 -0.094074 -0.152551 -1.709700 0.098358 0.994935 0.020762 14.370000 0.149825 -0.035431 0.988077 -0.144700 0.000000 0.000000 0.000000 1.000000</float_array>
        <technique_common>
          <accessor source="#mixamorig_RightHandRing1-Matrix-animation-output-transform-array" count="19" stride="16">
            <param type="float4x4"/>
          </accessor>
        </technique_common>
      </source>
      <source id="mixamorig_RightHandRing1-Interpolations">
        <Name_array id="mixamorig_RightHandRing1-Interpolations-array" count="19">
 LINEAR LINEAR LINEAR LINEAR LINEAR LINEAR LINEAR LINEAR LINEAR LINEAR LINEAR
LINEAR LINEAR LINEAR LINEAR LINEAR LINEAR LINEAR LINEAR</Name_array>
        <technique_common>
          <accessor source="#mixamorig_RightHandRing1-Interpolations-array" count="19">
            <param type="name"/>
          </accessor>
        </technique_common>
      </source>
      <sampler id="mixamorig_RightHandRing1-Matrix-animation-transform">
        <input semantic="INPUT" source="#mixamorig_RightHandRing1-Matrix-animation-input"/>
        <input semantic="OUTPUT" source="#mixamorig_RightHandRing1-Matrix-animation-output-transform"/>
        <input semantic="INTERPOLATION" source="#mixamorig_RightHandRing1-Interpolations"/>
      </sampler>
      <channel source="#mixamorig_RightHandRing1-Matrix-animation-transform" target="mixamorig_RightHandRing1/matrix"/>
    </animation>
    <animation id="mixamorig_RightHandRing2-anim" name="mixamorig_RightHandRing2">
      <source id="mixamorig_RightHandRing2-Matrix-animation-input">
        <float_array id="mixamorig_RightHandRing2-Matrix-animation-input-array" count="19">

0.000000 0.033333 0.066667 0.100000 0.133333 0.166667 0.200000 0.233333 0.266667 0.300000 0.333333 0.366667 0.400000 0.433333 0.466667 0.500000
0.533333 0.566667 0.600000</float_array>
        <technique_common>
          <accessor source="#mixamorig_RightHandRing2-Matrix-animation-input-array" count="19">
            <param name="TIME" type="float"/>
          </accessor>
        </technique_common>
      </source>
      <source id="mixamorig_RightHandRing2-Matrix-animation-output-transform">
        <float_array id="mixamorig_RightHandRing2-Matrix-animation-output-transform-array" count="304">

0.999932 -0.011695 -0.000479 0.001300 -0.001974 -0.128156 -0.991752 3.380800 0.011537 0.991685 -0.128170 0.000000 0.000000 0.000000 0.000000 1.000000
0.999936 -0.011320 -0.000470 0.001300 -0.000830 -0.031864 -0.999492 3.380800 0.011299 0.999428 -0.031871 0.000000 0.000000 0.000000 0.000000 1.000000
0.999941 -0.010859 -0.000481 0.001300 0.000350 0.076479 -0.997071 3.380800 0.010864 0.997012 0.076479 0.000000 0.000000 0.000000 0.000000 1.000000
0.999947 -0.010314 -0.000515 0.001300 0.001482 0.192700 -0.981257 3.380800 0.010220 0.981204 0.192705 -0.000000 0.000000 0.000000 0.000000 1.000000
0.999953 -0.009681 -0.000568 0.001300 0.002482 0.312064 -0.950058 3.380800 0.009374 0.950012 0.312073 0.000000 0.000000 0.000000 0.000000 1.000000
0.999960 -0.008971 -0.000632 0.001300 0.003284 0.429617 -0.903005 3.380800 0.008372 0.902967 0.429629 0.000000 0.000000 0.000000 0.000000 1.000000
0.999966 -0.008194 -0.000700 0.001300 0.003841 0.540626 -0.841254 3.380800 0.007271 0.841223 0.540639 0.000000 0.000000 0.000000 0.000000 1.000000
0.999973 -0.007370 -0.000760 0.001300 0.004141 0.641042 -0.767495 3.380800 0.006144 0.767470 0.641055 0.000000 0.000000 0.000000 0.000000 1.000000
0.999978 -0.006529 -0.000806 0.001300 0.004200 0.727896 -0.685674 3.380800 0.005064 0.685656 0.727908 0.000000 0.000000 0.000000 0.000000 1.000000
0.999983 -0.005698 -0.000833 0.001300 0.004056 0.799535 -0.600606 3.380800 0.004088 0.600593 0.799545 -0.000000 0.000000 0.000000 0.000000 1.000000
0.999988 -0.004918 -0.000840 0.001300 0.003773 0.855660 -0.517525 3.380800 0.003264 0.517515 0.855668 0.000000 0.000000 0.000000 0.000000 1.000000
0.999991 -0.004224 -0.000830 0.001300 0.003423 0.897169 -0.441674 3.380800 0.002611 0.441667 0.897175 0.000000 0.000000 0.000000 0.000000 1.000000
0.999993 -0.003656 -0.000813 0.001300 0.003078 0.925804 -0.377991 3.380800 0.002135 0.377986 0.925809 0.000000 0.000000 0.000000 0.000000 1.000000
0.999994 -0.003469 -0.000813 0.001300 0.002959 0.935700 -0.352785 3.380800 0.001985 0.352781 0.935704 0.000000 0.000000 0.000000 0.000000 1.000000
0.999994 -0.003491 -0.000809 0.001300 0.002973 0.934312 -0.356443 3.380800 0.002000 0.356438 0.934317 0.000000 0.000000 0.000000 0.000000 1.000000
0.999993 -0.003614 -0.000782 0.001300 0.003050 0.925758 -0.378105 3.380800 0.002090 0.378100 0.925763 0.000000 0.000000 0.000000 0.000000 1.000000
0.999992 -0.003819 -0.000732 0.001300 0.003171 0.909934 -0.414740 3.380800 0.002250 0.414734 0.909940 0.000000 0.000000 0.000000 0.000000 1.000000
0.999991 -0.004085 -0.000659 0.001300 0.003316 0.886280 -0.463138 3.380800 0.002476 0.463132 0.886286 0.000000 0.000000 0.000000 0.000000 1.000000
0.999990 -0.004392 -0.000563 0.001300 0.003459 0.854227 -0.519889 3.380800 0.002764 0.519882 0.854233 0.000000 0.000000 0.000000 0.000000 1.000000</float_array>
        <technique_common>
          <accessor source="#mixamorig_RightHandRing2-Matrix-animation-output-transform-array" count="19" stride="16">
            <param type="float4x4"/>
          </accessor>
        </technique_common>
      </source>
      <source id="mixamorig_RightHandRing2-Interpolations">
        <Name_array id="mixamorig_RightHandRing2-Interpolations-array" count="19">
 LINEAR LINEAR LINEAR LINEAR LINEAR LINEAR LINEAR LINEAR LINEAR LINEAR LINEAR
LINEAR LINEAR LINEAR LINEAR LINEAR LINEAR LINEAR LINEAR</Name_array>
        <technique_common>
          <accessor source="#mixamorig_RightHandRing2-Interpolations-array" count="19">
            <param type="name"/>
          </accessor>
        </technique_common>
      </source>
      <sampler id="mixamorig_RightHandRing2-Matrix-animation-transform">
        <input semantic="INPUT" source="#mixamorig_RightHandRing2-Matrix-animation-input"/>
        <input semantic="OUTPUT" source="#mixamorig_RightHandRing2-Matrix-animation-output-transform"/>
        <input semantic="INTERPOLATION" source="#mixamorig_RightHandRing2-Interpolations"/>
      </sampler>
      <channel source="#mixamorig_RightHandRing2-Matrix-animation-transform" target="mixamorig_RightHandRing2/matrix"/>
    </animation>
    <animation id="mixamorig_RightHandRing3-anim" name="mixamorig_RightHandRing3">
      <source id="mixamorig_RightHandRing3-Matrix-animation-input">
        <float_array id="mixamorig_RightHandRing3-Matrix-animation-input-array" count="19">

0.000000 0.033333 0.066667 0.100000 0.133333 0.166667 0.200000 0.233333 0.266667 0.300000 0.333333 0.366667 0.400000 0.433333 0.466667 0.500000
0.533333 0.566667 0.600000</float_array>
        <technique_common>
          <accessor source="#mixamorig_RightHandRing3-Matrix-animation-input-array" count="19">
            <param name="TIME" type="float"/>
          </accessor>
        </technique_common>
      </source>
      <source id="mixamorig_RightHandRing3-Matrix-animation-output-transform">
        <float_array id="mixamorig_RightHandRing3-Matrix-animation-output-transform-array" count="304">

0.999909 -0.010489 0.008530 -0.000200 0.007547 -0.090448 -0.995873 2.845800 0.011217 0.995846 -0.090361 0.000000 0.000000 0.000000 0.000000 1.000000
0.999905 -0.010889 0.008508 -0.000200 0.008410 -0.008927 -0.999925 2.845800 0.010964 0.999901 -0.008835 -0.000000 0.000000 0.000000 0.000000 1.000000
0.999901 -0.011314 0.008396 -0.000200 0.009306 0.082957 -0.996510 2.845800 0.010578 0.996489 0.083054 0.000000 0.000000 0.000000 0.000000 1.000000
0.999898 -0.011737 0.008176 -0.000200 0.010177 0.182069 -0.983233 2.845800 0.010051 0.983216 0.182170 0.000000 0.000000 0.000000 0.000000 1.000000
0.999896 -0.012126 0.007836 -0.000200 0.010967 0.284918 -0.958489 2.845800 0.009390 0.958475 0.285021 0.000000 0.000000 0.000000 0.000000 1.000000
0.999895 -0.012456 0.007377 -0.000200 0.011632 0.387824 -0.921660 2.845800 0.008619 0.921649 0.387928 0.000000 0.000000 0.000000 0.000000 1.000000
0.999896 -0.012703 0.006812 -0.000200 0.012138 0.487188 -0.873213 2.845800 0.007774 0.873205 0.487292 0.000000 0.000000 0.000000 0.000000 1.000000
0.999898 -0.012850 0.006164 -0.000200 0.012473 0.579765 -0.814688 2.845800 0.006895 0.814682 0.579867 -0.000000 0.000000 0.000000 0.000000 1.000000
0.999902 -0.012895 0.005462 -0.000200 0.012638 0.662927 -0.748578 2.845800 0.006032 0.748573 0.663025 0.000000 0.000000 0.000000 0.000000 1.000000
0.999906 -0.012841 0.004744 -0.000200 0.012654 0.734843 -0.678119 2.845800 0.005222 0.678115 0.734937 0.000000 0.000000 0.000000 0.000000 1.000000
0.999911 -0.012708 0.004048 -0.000200 0.012556 0.794578 -0.607032 2.845800 0.004497 0.607029 0.794667 0.000000 0.000000 0.000000 0.000000 1.000000
0.999916 -0.012522 0.003412 -0.000200 0.012385 0.842055 -0.539249 2.845800 0.003880 0.539246 0.842139 0.000000 0.000000 0.000000 0.000000 1.000000
0.999920 -0.012320 0.002871 -0.000200 0.012192 0.877907 -0.478676 2.845800 0.003377 0.478673 0.877987 0.000000 0.000000 0.000000 0.000000 1.000000
0.999922 -0.012227 0.002598 -0.000200 0.012119 0.897335 -0.441185 2.845800 0.003063 0.441182 0.897413 0.000000 0.000000 0.000000 0.000000 1.000000
0.999922 -0.012198 0.002499 -0.000200 0.012102 0.904984 -0.425274 2.845800 0.002926 0.425271 0.905061 0.000000 0.000000 0.000000 0.000000 1.000000
0.999922 -0.012208 0.002530 -0.000200 0.012114 0.903349 -0.428736 2.845800 0.002949 0.428733 0.903426 -0.000000 0.000000 0.000000 0.000000 1.000000
0.999921 -0.012258 0.002702 -0.000200 0.012164 0.893064 -0.449766 2.845800 0.003100 0.449763 0.893142 0.000000 0.000000 0.000000 0.000000 1.000000
0.999920 -0.012330 0.002992 -0.000200 0.012233 0.874255 -0.485313 2.845800 0.003368 0.485311 0.874335 0.000000 0.000000 0.000000 0.000000 1.000000
0.999917 -0.012397 0.003376 -0.000200 0.012293 0.846602 -0.532085 2.845800 0.003738 0.532083 0.846684 -0.000000 0.000000 0.000000 0.000000 1.000000</float_array>
        <technique_common>
          <accessor source="#mixamorig_RightHandRing3-Matrix-animation-output-transform-array" count="19" stride="16">
            <param type="float4x4"/>
          </accessor>
        </technique_common>
      </source>
      <source id="mixamorig_RightHandRing3-Interpolations">
        <Name_array id="mixamorig_RightHandRing3-Interpolations-array" count="19">
 LINEAR LINEAR LINEAR LINEAR LINEAR LINEAR LINEAR LINEAR LINEAR LINEAR LINEAR
LINEAR LINEAR LINEAR LINEAR LINEAR LINEAR LINEAR LINEAR</Name_array>
        <technique_common>
          <accessor source="#mixamorig_RightHandRing3-Interpolations-array" count="19">
            <param type="name"/>
          </accessor>
        </technique_common>
      </source>
      <sampler id="mixamorig_RightHandRing3-Matrix-animation-transform">
        <input semantic="INPUT" source="#mixamorig_RightHandRing3-Matrix-animation-input"/>
        <input semantic="OUTPUT" source="#mixamorig_RightHandRing3-Matrix-animation-output-transform"/>
        <input semantic="INTERPOLATION" source="#mixamorig_RightHandRing3-Interpolations"/>
      </sampler>
      <channel source="#mixamorig_RightHandRing3-Matrix-animation-transform" target="mixamorig_RightHandRing3/matrix"/>
    </animation>
    <animation id="mixamorig_RightHandPinky1-anim" name="mixamorig_RightHandPinky1">
      <source id="mixamorig_RightHandPinky1-Matrix-animation-input">
        <float_array id="mixamorig_RightHandPinky1-Matrix-animation-input-array" count="19">

0.000000 0.033333 0.066667 0.100000 0.133333 0.166667 0.200000 0.233333 0.266667 0.300000 0.333333 0.366667 0.400000 0.433333 0.466667 0.500000
0.533333 0.566667 0.600000</float_array>
        <technique_common>
          <accessor source="#mixamorig_RightHandPinky1-Matrix-animation-input-array" count="19">
            <param name="TIME" type="float"/>
          </accessor>
        </technique_common>
      </source>
      <source id="mixamorig_RightHandPinky1-Matrix-animation-output-transform">
        <float_array id="mixamorig_RightHandPinky1-Matrix-animation-output-transform-array" count="304">

0.984160 0.143233 0.104468 -4.848000 0.013063 0.529080 -0.848471 14.008100 -0.176801 0.836396 0.518828 -0.068600 0.000000 0.000000 0.000000 1.000000
0.989949 0.117496 0.078715 -4.848000 -0.006758 0.595247 -0.803515 14.008100 -0.141265 0.794906 0.590058 -0.068600 0.000000 0.000000 0.000000 1.000000
0.994739 0.089021 0.050681 -4.848000 -0.021479 0.665017 -0.746519 14.008100 -0.100160 0.741503 0.663431 -0.068600 0.000000 0.000000 0.000000 1.000000
0.998052 0.058558 0.021500 -4.848000 -0.028473 0.734307 -0.678220 14.008100 -0.055503 0.676287 0.734545 -0.068600 0.000000 0.000000 0.000000 1.000000
0.999611 0.026773 -0.007758 -4.848000 -0.026066 0.799219 -0.600474 14.008100 -0.009876 0.600443 0.799606 -0.068600 0.000000 0.000000 0.000000 1.000000
0.999330 -0.005740 -0.036134 -4.848000 -0.013742 0.856419 -0.516099 14.008100 0.033909 0.516250 0.855767 -0.068600 0.000000 0.000000 0.000000 1.000000
0.997285 -0.038405 -0.062824 -4.848000 0.007795 0.903478 -0.428565 14.008100 0.073219 0.426912 0.901324 -0.068600 0.000000 0.000000 0.000000 1.000000
0.993683 -0.070629 -0.087209 -4.848000 0.036769 0.939120 -0.341615 14.008100 0.106028 0.336250 0.935785 -0.068600 0.000000 0.000000 0.000000 1.000000
0.988836 -0.101756 -0.108853 -4.848000 0.070629 0.963317 -0.258906 14.008100 0.131205 0.248328 0.959749 -0.068600 0.000000 0.000000 0.000000 1.000000
0.983146 -0.131040 -0.127485 -4.848000 0.106422 0.977199 -0.183732 14.008100 0.148654 0.167068 0.974674 -0.068600 0.000000 0.000000 0.000000 1.000000
0.977092 -0.157640 -0.142972 -4.848000 0.141169 0.982821 -0.118886 14.008100 0.159257 0.095979 0.982561 -0.068600 0.000000 0.000000 0.000000 1.000000
0.971216 -0.180639 -0.155269 -4.848000 0.172140 0.982815 -0.066656 14.008100 0.164641 0.038010 0.985621 -0.068600 0.000000 0.000000 0.000000 1.000000
0.966101 -0.199073 -0.164375 -4.848000 0.197008 0.979975 -0.028939 14.008100 0.166844 -0.004425 0.985973 -0.068600 0.000000 0.000000 0.000000 1.000000
0.964310 -0.205662 -0.166762 -4.848000 0.203651 0.978606 -0.029258 14.008100 0.169211 -0.005747 0.985563 -0.068600 0.000000 0.000000 0.000000 1.000000
0.963429 -0.209555 -0.167006 -4.848000 0.204696 0.977744 -0.045998 14.008100 0.172929 0.010130 0.984882 -0.068600 0.000000 0.000000 0.000000 1.000000
0.962343 -0.214510 -0.166978 -4.848000 0.205943 0.976251 -0.067239 14.008100 0.177436 0.030319 0.983665 -0.068600 0.000000 0.000000 0.000000 1.000000
0.961116 -0.220324 -0.166475 -4.848000 0.207316 0.973932 -0.092066 14.008100 0.182420 0.053973 0.981738 -0.068600 0.000000 0.000000 0.000000 1.000000
0.959813 -0.226792 -0.165302 -4.848000 0.208759 0.970632 -0.119551 14.008100 0.187561 0.080239 0.978970 -0.068600 0.000000 0.000000 0.000000 1.000000
0.958503 -0.233698 -0.163273 -4.848000 0.210249 0.966263 -0.148765 14.008100 0.192530 0.108264 0.975300 -0.068600 0.000000 0.000000 0.000000 1.000000</float_array>
        <technique_common>
          <accessor source="#mixamorig_RightHandPinky1-Matrix-animation-output-transform-array" count="19" stride="16">
            <param type="float4x4"/>
          </accessor>
        </technique_common>
      </source>
      <source id="mixamorig_RightHandPinky1-Interpolations">
        <Name_array id="mixamorig_RightHandPinky1-Interpolations-array" count="19">
 LINEAR LINEAR LINEAR LINEAR LINEAR LINEAR LINEAR LINEAR LINEAR LINEAR LINEAR
LINEAR LINEAR LINEAR LINEAR LINEAR LINEAR LINEAR LINEAR</Name_array>
        <technique_common>
          <accessor source="#mixamorig_RightHandPinky1-Interpolations-array" count="19">
            <param type="name"/>
          </accessor>
        </technique_common>
      </source>
      <sampler id="mixamorig_RightHandPinky1-Matrix-animation-transform">
        <input semantic="INPUT" source="#mixamorig_RightHandPinky1-Matrix-animation-input"/>
        <input semantic="OUTPUT" source="#mixamorig_RightHandPinky1-Matrix-animation-output-transform"/>
        <input semantic="INTERPOLATION" source="#mixamorig_RightHandPinky1-Interpolations"/>
      </sampler>
      <channel source="#mixamorig_RightHandPinky1-Matrix-animation-transform" target="mixamorig_RightHandPinky1/matrix"/>
    </animation>
    <animation id="mixamorig_RightHandPinky2-anim" name="mixamorig_RightHandPinky2">
      <source id="mixamorig_RightHandPinky2-Matrix-animation-input">
        <float_array id="mixamorig_RightHandPinky2-Matrix-animation-input-array" count="19">

0.000000 0.033333 0.066667 0.100000 0.133333 0.166667 0.200000 0.233333 0.266667 0.300000 0.333333 0.366667 0.400000 0.433333 0.466667 0.500000
0.533333 0.566667 0.600000</float_array>
        <technique_common>
          <accessor source="#mixamorig_RightHandPinky2-Matrix-animation-input-array" count="19">
            <param name="TIME" type="float"/>
          </accessor>
        </technique_common>
      </source>
      <source id="mixamorig_RightHandPinky2-Matrix-animation-output-transform">
        <float_array id="mixamorig_RightHandPinky2-Matrix-animation-output-transform-array" count="304">

0.999473 0.008925 -0.031222 0.005700 -0.023470 -0.465912 -0.884520 2.332400 -0.022441 0.884786 -0.465457 0.000000 0.000000 0.000000 0.000000 1.000000
0.999525 0.010542 -0.028970 0.005700 -0.023435 -0.350731 -0.936183 2.332400 -0.020029 0.936417 -0.350317 0.000000 0.000000 0.000000 0.000000 1.000000
0.999581 0.012029 -0.026324 0.005700 -0.023113 -0.215638 -0.976200 2.332400 -0.017419 0.976399 -0.215270 -0.000000 0.000000 0.000000 0.000000 1.000000
0.999639 0.013237 -0.023371 0.005700 -0.022455 -0.065561 -0.997596 2.332400 -0.014737 0.997761 -0.065240 0.000000 0.000000 0.000000 0.000000 1.000000
0.999696 0.014049 -0.020239 0.005700 -0.021457 0.092768 -0.995457 2.332400 -0.012107 0.995589 0.093041 0.000000 0.000000 0.000000 0.000000 1.000000
0.999750 0.014406 -0.017077 0.005700 -0.020152 0.251491 -0.967650 2.332400 -0.009645 0.967752 0.251719 0.000000 0.000000 0.000000 0.000000 1.000000
0.999799 0.014302 -0.014037 0.005700 -0.018608 0.402633 -0.915172 2.332400 -0.007437 0.915250 0.402819 0.000000 0.000000 0.000000 0.000000 1.000000
0.999842 0.013786 -0.011255 0.005700 -0.016913 0.539171 -0.842027 2.332400 -0.005540 0.842084 0.539319 0.000000 0.000000 0.000000 0.000000 1.000000
0.999877 0.012955 -0.008838 0.005700 -0.015169 0.655952 -0.754650 2.332400 -0.003979 0.754692 0.656068 0.000000 0.000000 0.000000 0.000000 1.000000
0.999905 0.011934 -0.006848 0.005700 -0.013482 0.750224 -0.661046 2.332400 -0.002751 0.661076 0.750314 0.000000 0.000000 0.000000 0.000000 1.000000
0.999927 0.010865 -0.005301 0.005700 -0.011950 0.821690 -0.569810 2.332400 -0.001835 0.569831 0.821760 0.000000 0.000000 0.000000 0.000000 1.000000
0.999942 0.009885 -0.004182 0.005700 -0.010667 0.872055 -0.489292 2.332400 -0.001190 0.489308 0.872110 0.000000 0.000000 0.000000 0.000000 1.000000
0.999953 0.009115 -0.003447 0.005700 -0.009714 0.904195 -0.427010 2.332400 -0.000776 0.427023 0.904240 0.000000 0.000000 0.000000 0.000000 1.000000
0.999952 0.009171 -0.003452 0.005700 -0.009767 0.904166 -0.427070 2.332400 -0.000795 0.427083 0.904212 0.000000 0.000000 0.000000 0.000000 1.000000
0.999945 0.009759 -0.003884 0.005700 -0.010447 0.885933 -0.463696 2.332400 -0.001084 0.463711 0.885986 0.000000 0.000000 0.000000 0.000000 1.000000
0.999933 0.010597 -0.004572 0.005700 -0.011436 0.856287 -0.516373 2.332400 -0.001557 0.516391 0.856352 0.000000 0.000000 0.000000 0.000000 1.000000
0.999917 0.011610 -0.005527 0.005700 -0.012662 0.814200 -0.580447 2.332400 -0.002239 0.580469 0.814279 0.000000 0.000000 0.000000 0.000000 1.000000
0.999896 0.012710 -0.006750 0.005700 -0.014042 0.758984 -0.650958 2.332400 -0.003150 0.650986 0.759083 0.000000 0.000000 0.000000 0.000000 1.000000
0.999871 0.013811 -0.008234 0.005700 -0.015495 0.690770 -0.722908 2.332400 -0.004296 0.722942 0.690895 0.000000 0.000000 0.000000 0.000000 1.000000</float_array>
        <technique_common>
          <accessor source="#mixamorig_RightHandPinky2-Matrix-animation-output-transform-array" count="19" stride="16">
            <param type="float4x4"/>
          </accessor>
        </technique_common>
      </source>
      <source id="mixamorig_RightHandPinky2-Interpolations">
        <Name_array id="mixamorig_RightHandPinky2-Interpolations-array" count="19">
 LINEAR LINEAR LINEAR LINEAR LINEAR LINEAR LINEAR LINEAR LINEAR LINEAR LINEAR
LINEAR LINEAR LINEAR LINEAR LINEAR LINEAR LINEAR LINEAR</Name_array>
        <technique_common>
          <accessor source="#mixamorig_RightHandPinky2-Interpolations-array" count="19">
            <param type="name"/>
          </accessor>
        </technique_common>
      </source>
      <sampler id="mixamorig_RightHandPinky2-Matrix-animation-transform">
        <input semantic="INPUT" source="#mixamorig_RightHandPinky2-Matrix-animation-input"/>
        <input semantic="OUTPUT" source="#mixamorig_RightHandPinky2-Matrix-animation-output-transform"/>
        <input semantic="INTERPOLATION" source="#mixamorig_RightHandPinky2-Interpolations"/>
      </sampler>
      <channel source="#mixamorig_RightHandPinky2-Matrix-animation-transform" target="mixamorig_RightHandPinky2/matrix"/>
    </animation>
    <animation id="mixamorig_RightHandPinky3-anim" name="mixamorig_RightHandPinky3">
      <source id="mixamorig_RightHandPinky3-Matrix-animation-input">
        <float_array id="mixamorig_RightHandPinky3-Matrix-animation-input-array" count="19">

0.000000 0.033333 0.066667 0.100000 0.133333 0.166667 0.200000 0.233333 0.266667 0.300000 0.333333 0.366667 0.400000 0.433333 0.466667 0.500000
0.533333 0.566667 0.600000</float_array>
        <technique_common>
          <accessor source="#mixamorig_RightHandPinky3-Matrix-animation-input-array" count="19">
            <param name="TIME" type="float"/>
          </accessor>
        </technique_common>
      </source>
      <source id="mixamorig_RightHandPinky3-Matrix-animation-output-transform">
        <float_array id="mixamorig_RightHandPinky3-Matrix-animation-output-transform-array" count="304">

0.999813 0.013201 -0.014150 -0.003000 -0.018056 0.373349 -0.927515 2.529300 -0.006961 0.927597 0.373518 -0.000000 0.000000 0.000000 0.000000 1.000000
0.999834 0.012846 -0.012941 -0.003000 -0.017205 0.429599 -0.902856 2.529300 -0.006039 0.902929 0.429748 0.000000 0.000000 0.000000 0.000000 1.000000
0.999856 0.012377 -0.011629 -0.003000 -0.016207 0.490694 -0.871181 2.529300 -0.005076 0.871244 0.490824 0.000000 0.000000 0.000000 0.000000 1.000000
0.999878 0.011791 -0.010272 -0.003000 -0.015084 0.554112 -0.832305 2.529300 -0.004122 0.832359 0.554222 -0.000000 0.000000 0.000000 0.000000 1.000000
0.999899 0.011092 -0.008918 -0.003000 -0.013864 0.617406 -0.786523 2.529300 -0.003218 0.786567 0.617497 0.000000 0.000000 0.000000 0.000000 1.000000
0.999918 0.010296 -0.007615 -0.003000 -0.012579 0.678329 -0.734651 2.529300 -0.002398 0.734686 0.678403 -0.000000 0.000000 0.000000 0.000000 1.000000
0.999935 0.009422 -0.006400 -0.003000 -0.011265 0.734951 -0.678027 2.529300 -0.001684 0.678055 0.735009 -0.000000 0.000000 0.000000 0.000000 1.000000
0.999950 0.008501 -0.005307 -0.003000 -0.009962 0.785765 -0.618445 2.529300 -0.001087 0.618467 0.785810 0.000000 0.000000 0.000000 0.000000 1.000000
0.999962 0.007567 -0.004353 -0.003000 -0.008708 0.829751 -0.558067 2.529300 -0.000611 0.558083 0.829785 0.000000 0.000000 0.000000 0.000000 1.000000
0.999972 0.006661 -0.003551 -0.003000 -0.007544 0.866400 -0.499293 2.529300 -0.000249 0.499306 0.866426 0.000000 0.000000 0.000000 0.000000 1.000000
0.999979 0.005818 -0.002903 -0.003000 -0.006503 0.895679 -0.444653 2.529300 0.000013 0.444663 0.895698 0.000000 0.000000 0.000000 0.000000 1.000000
0.999984 0.005081 -0.002403 -0.003000 -0.005618 0.917938 -0.396684 2.529300 0.000190 0.396691 0.917952 0.000000 0.000000 0.000000 0.000000 1.000000
0.999988 0.004485 -0.002041 -0.003000 -0.004919 0.933766 -0.357849 2.529300 0.000301 0.357855 0.933777 0.000000 0.000000 0.000000 0.000000 1.000000
0.999989 0.004307 -0.001941 -0.003000 -0.004713 0.938059 -0.346444 2.529300 0.000328 0.346450 0.938069 0.000000 0.000000 0.000000 0.000000 1.000000
0.999988 0.004521 -0.002051 -0.003000 -0.004956 0.933004 -0.359833 2.529300 0.000287 0.359839 0.933014 -0.000000 0.000000 0.000000 0.000000 1.000000
0.999985 0.005007 -0.002316 -0.003000 -0.005514 0.920767 -0.390074 2.529300 0.000179 0.390081 0.920781 0.000000 0.000000 0.000000 0.000000 1.000000
0.999980 0.005717 -0.002744 -0.003000 -0.006341 0.900855 -0.434074 2.529300 -0.000010 0.434083 0.900873 0.000000 0.000000 0.000000 0.000000 1.000000
0.999973 0.006599 -0.003348 -0.003000 -0.007394 0.872542 -0.488483 2.529300 -0.000303 0.488494 0.872567 0.000000 0.000000 0.000000 0.000000 1.000000
0.999963 0.007601 -0.004138 -0.003000 -0.008624 0.835271 -0.549771 2.529300 -0.000723 0.549786 0.835305 0.000000 0.000000 0.000000 0.000000 1.000000</float_array>
        <technique_common>
          <accessor source="#mixamorig_RightHandPinky3-Matrix-animation-output-transform-array" count="19" stride="16">
            <param type="float4x4"/>
          </accessor>
        </technique_common>
      </source>
      <source id="mixamorig_RightHandPinky3-Interpolations">
        <Name_array id="mixamorig_RightHandPinky3-Interpolations-array" count="19">
 LINEAR LINEAR LINEAR LINEAR LINEAR LINEAR LINEAR LINEAR LINEAR LINEAR LINEAR
LINEAR LINEAR LINEAR LINEAR LINEAR LINEAR LINEAR LINEAR</Name_array>
        <technique_common>
          <accessor source="#mixamorig_RightHandPinky3-Interpolations-array" count="19">
            <param type="name"/>
          </accessor>
        </technique_common>
      </source>
      <sampler id="mixamorig_RightHandPinky3-Matrix-animation-transform">
        <input semantic="INPUT" source="#mixamorig_RightHandPinky3-Matrix-animation-input"/>
        <input semantic="OUTPUT" source="#mixamorig_RightHandPinky3-Matrix-animation-output-transform"/>
        <input semantic="INTERPOLATION" source="#mixamorig_RightHandPinky3-Interpolations"/>
      </sampler>
      <channel source="#mixamorig_RightHandPinky3-Matrix-animation-transform" target="mixamorig_RightHandPinky3/matrix"/>
    </animation>
    <animation id="mixamorig_LeftUpLeg-anim" name="mixamorig_LeftUpLeg">
      <source id="mixamorig_LeftUpLeg-Matrix-animation-input">
        <float_array id="mixamorig_LeftUpLeg-Matrix-animation-input-array" count="19">

0.000000 0.033333 0.066667 0.100000 0.133333 0.166667 0.200000 0.233333 0.266667 0.300000 0.333333 0.366667 0.400000 0.433333 0.466667 0.500000
0.533333 0.566667 0.600000</float_array>
        <technique_common>
          <accessor source="#mixamorig_LeftUpLeg-Matrix-animation-input-array" count="19">
            <param name="TIME" type="float"/>
          </accessor>
        </technique_common>
      </source>
      <source id="mixamorig_LeftUpLeg-Matrix-animation-output-transform">
        <float_array id="mixamorig_LeftUpLeg-Matrix-animation-output-transform-array" count="304">

-0.970677 0.178908 0.160556 13.280500 0.212679 0.327837 0.920484 -6.012500 0.112045 0.927639 -0.356274 -0.531400 0.000000 0.000000 0.000000 1.000000
-0.906798 0.158231 -0.390743 13.280500 -0.352841 0.222354 0.908880 -6.012500 0.230696 0.962040 -0.145800 -0.531400 0.000000 0.000000 0.000000 1.000000
-0.819213 0.181136 -0.544132 13.280500 -0.543929 0.055280 0.837309 -6.012500 0.181747 0.981903 0.053239 -0.531400 0.000000 0.000000 0.000000 1.000000
-0.822593 0.195762 -0.533871 13.280500 -0.564877 -0.173626 0.806702 -6.012500 0.065228 0.965159 0.253405 -0.531400 0.000000 0.000000 0.000000 1.000000
-0.884722 0.208259 -0.417008 13.280500 -0.465963 -0.418331 0.779665 -6.012500 -0.012075 0.884097 0.467148 -0.531400 0.000000 0.000000 0.000000 1.000000
-0.949435 0.196987 -0.244478 13.280500 -0.313725 -0.625641 0.714248 -6.012500 -0.012258 0.754831 0.655805 -0.531400 0.000000 0.000000 0.000000 1.000000
-0.979417 0.172732 -0.104436 13.280500 -0.198688 -0.733797 0.649665 -6.012500 0.035584 0.657043 0.753013 -0.531400 0.000000 0.000000 0.000000 1.000000
-0.979449 0.180731 -0.089529 13.280500 -0.196580 -0.756142 0.624184 -6.012500 0.045112 0.628956 0.776131 -0.531400 0.000000 0.000000 0.000000 1.000000
-0.969674 0.204811 -0.133362 13.280500 -0.234705 -0.628165 0.741837 -6.012500 0.068163 0.750641 0.657185 -0.531400 0.000000 0.000000 0.000000 1.000000
-0.953618 0.229562 -0.194714 13.280500 -0.280749 -0.444931 0.850421 -6.012500 0.108590 0.865643 0.488744 -0.531400 0.000000 0.000000 0.000000 1.000000
-0.934394 0.255885 -0.247850 13.280500 -0.319814 -0.296060 0.900038 -6.012500 0.156928 0.920256 0.358473 -0.531400 0.000000 0.000000 0.000000 1.000000
-0.913472 0.286485 -0.288956 13.280500 -0.349039 -0.186686 0.918325 -6.012500 0.209142 0.939721 0.270527 -0.531400 0.000000 0.000000 0.000000 1.000000
-0.903346 0.298378 -0.308118 13.280500 -0.350434 -0.099229 0.931316 -6.012500 0.247310 0.949276 0.194200 -0.531400 0.000000 0.000000 0.000000 1.000000
-0.903218 0.292691 -0.313895 13.280500 -0.333610 -0.018683 0.942526 -6.012500 0.270005 0.956024 0.114519 -0.531400 0.000000 0.000000 0.000000 1.000000
-0.906547 0.281928 -0.314148 13.280500 -0.314429 0.045495 0.948190 -6.012500 0.281613 0.958356 0.047403 -0.531400 0.000000 0.000000 0.000000 1.000000
-0.911722 0.275012 -0.305174 13.280500 -0.297954 0.068743 0.952102 -6.012500 0.282818 0.958980 0.019267 -0.531400 0.000000 0.000000 0.000000 1.000000
-0.915523 0.276526 -0.292149 13.280500 -0.285788 0.063989 0.956154 -6.012500 0.283096 0.958874 0.020444 -0.531400 0.000000 0.000000 0.000000 1.000000
-0.916318 0.285479 -0.280825 13.280500 -0.278466 0.049714 0.959159 -6.012500 0.287781 0.957095 0.033942 -0.531400 0.000000 0.000000 0.000000 1.000000
-0.915327 0.298145 -0.270712 13.280500 -0.274079 0.031313 0.961197 -6.012500 0.295053 0.954007 0.053054 -0.531400 0.000000 0.000000 0.000000 1.000000</float_array>
        <technique_common>
          <accessor source="#mixamorig_LeftUpLeg-Matrix-animation-output-transform-array" count="19" stride="16">
            <param type="float4x4"/>
          </accessor>
        </technique_common>
      </source>
      <source id="mixamorig_LeftUpLeg-Interpolations">
        <Name_array id="mixamorig_LeftUpLeg-Interpolations-array" count="19">
 LINEAR LINEAR LINEAR LINEAR LINEAR LINEAR LINEAR LINEAR LINEAR LINEAR LINEAR
LINEAR LINEAR LINEAR LINEAR LINEAR LINEAR LINEAR LINEAR</Name_array>
        <technique_common>
          <accessor source="#mixamorig_LeftUpLeg-Interpolations-array" count="19">
            <param type="name"/>
          </accessor>
        </technique_common>
      </source>
      <sampler id="mixamorig_LeftUpLeg-Matrix-animation-transform">
        <input semantic="INPUT" source="#mixamorig_LeftUpLeg-Matrix-animation-input"/>
        <input semantic="OUTPUT" source="#mixamorig_LeftUpLeg-Matrix-animation-output-transform"/>
        <input semantic="INTERPOLATION" source="#mixamorig_LeftUpLeg-Interpolations"/>
      </sampler>
      <channel source="#mixamorig_LeftUpLeg-Matrix-animation-transform" target="mixamorig_LeftUpLeg/matrix"/>
    </animation>
    <animation id="mixamorig_LeftLeg-anim" name="mixamorig_LeftLeg">
      <source id="mixamorig_LeftLeg-Matrix-animation-input">
        <float_array id="mixamorig_LeftLeg-Matrix-animation-input-array" count="19">

0.000000 0.033333 0.066667 0.100000 0.133333 0.166667 0.200000 0.233333 0.266667 0.300000 0.333333 0.366667 0.400000 0.433333 0.466667 0.500000
0.533333 0.566667 0.600000</float_array>
        <technique_common>
          <accessor source="#mixamorig_LeftLeg-Matrix-animation-input-array" count="19">
            <param name="TIME" type="float"/>
          </accessor>
        </technique_common>
      </source>
      <source id="mixamorig_LeftLeg-Matrix-animation-output-transform">
        <float_array id="mixamorig_LeftLeg-Matrix-animation-output-transform-array" count="304">

0.987236 -0.133437 -0.086944 0.000000 -0.012133 -0.607343 0.794347 52.183899 -0.158800 -0.783153 -0.601210 0.000000 0.000000 0.000000 0.000000 1.000000
0.939321 0.330327 0.092521 0.000000 0.071399 -0.452066 0.889122 52.183899 0.335527 -0.828565 -0.448220 -0.000000 0.000000 0.000000 0.000000 1.000000
0.852022 0.517560 0.078676 0.000000 0.032408 -0.202143 0.978820 52.183899 0.522502 -0.831426 -0.189004 0.000000 0.000000 0.000000 0.000000 1.000000
0.828559 0.559366 -0.024505 0.000000 -0.037933 0.099746 0.994290 52.183899 0.558616 -0.822898 0.103864 0.000000 0.000000 0.000000 0.000000 1.000000
0.868541 0.479958 -0.123600 0.000000 -0.087477 0.393925 0.914971 52.183899 0.487837 -0.783877 0.384125 0.000000 0.000000 0.000000 0.000000 1.000000
0.931873 0.318932 -0.172899 0.000000 -0.066484 0.618651 0.782848 52.183899 0.356640 -0.718020 0.597709 0.000000 0.000000 0.000000 0.000000 1.000000
0.965390 0.158168 -0.207377 0.000000 0.021418 0.744360 0.667435 52.183899 0.259930 -0.648777 0.715210 -0.000000 0.000000 0.000000 0.000000 1.000000
0.969390 0.125024 -0.211310 -0.000000 0.039729 0.769428 0.637497 52.183899 0.242290 -0.626378 0.740909 0.000000 0.000000 0.000000 0.000000 1.000000
0.953480 0.175464 -0.245128 0.000000 0.120850 0.522461 0.844056 52.183899 0.276171 -0.834414 0.476951 0.000000 0.000000 0.000000 0.000000 1.000000
0.956468 0.203691 -0.208994 0.000000 0.147123 0.281929 0.948088 52.183899 0.252038 -0.937564 0.239689 0.000000 0.000000 0.000000 0.000000 1.000000
0.958746 0.213507 -0.187671 0.000000 0.164814 0.120398 0.978949 52.183899 0.231607 -0.969494 0.080242 0.000000 0.000000 0.000000 0.000000 1.000000
0.966167 0.216355 -0.140399 -0.000000 0.147535 -0.017109 0.988909 52.183899 0.211553 -0.976165 -0.048450 0.000000 0.000000 0.000000 0.000000 1.000000
0.970930 0.215704 -0.103763 0.000000 0.129012 -0.106441 0.985914 52.183899 0.201621 -0.970640 -0.131175 0.000000 0.000000 0.000000 0.000000 1.000000
0.972794 0.214653 -0.087153 0.000000 0.123676 -0.163069 0.978832 52.183899 0.195897 -0.962981 -0.185180 0.000000 0.000000 0.000000 0.000000 1.000000
0.974177 0.213826 -0.072513 0.000000 0.113546 -0.186357 0.975899 52.183899 0.195159 -0.958932 -0.205824 0.000000 0.000000 0.000000 0.000000 1.000000
0.974882 0.213610 -0.063056 -0.000000 0.103881 -0.185658 0.977108 52.183899 0.197013 -0.959115 -0.203184 0.000000 0.000000 0.000000 0.000000 1.000000
0.975442 0.213541 -0.053967 0.000000 0.093192 -0.178129 0.979584 52.183899 0.199568 -0.960557 -0.193655 -0.000000 0.000000 0.000000 0.000000 1.000000
0.975978 0.213449 -0.043667 0.000000 0.080928 -0.169084 0.982273 52.183899 0.202282 -0.962211 -0.182297 0.000000 0.000000 0.000000 0.000000 1.000000
0.976269 0.213476 -0.036426 0.000000 0.071190 -0.157500 0.984950 52.183899 0.204526 -0.964169 -0.168960 0.000000 0.000000 0.000000 0.000000 1.000000</float_array>
        <technique_common>
          <accessor source="#mixamorig_LeftLeg-Matrix-animation-output-transform-array" count="19" stride="16">
            <param type="float4x4"/>
          </accessor>
        </technique_common>
      </source>
      <source id="mixamorig_LeftLeg-Interpolations">
        <Name_array id="mixamorig_LeftLeg-Interpolations-array" count="19">
 LINEAR LINEAR LINEAR LINEAR LINEAR LINEAR LINEAR LINEAR LINEAR LINEAR LINEAR
LINEAR LINEAR LINEAR LINEAR LINEAR LINEAR LINEAR LINEAR</Name_array>
        <technique_common>
          <accessor source="#mixamorig_LeftLeg-Interpolations-array" count="19">
            <param type="name"/>
          </accessor>
        </technique_common>
      </source>
      <sampler id="mixamorig_LeftLeg-Matrix-animation-transform">
        <input semantic="INPUT" source="#mixamorig_LeftLeg-Matrix-animation-input"/>
        <input semantic="OUTPUT" source="#mixamorig_LeftLeg-Matrix-animation-output-transform"/>
        <input semantic="INTERPOLATION" source="#mixamorig_LeftLeg-Interpolations"/>
      </sampler>
      <channel source="#mixamorig_LeftLeg-Matrix-animation-transform" target="mixamorig_LeftLeg/matrix"/>
    </animation>
    <animation id="mixamorig_LeftFoot-anim" name="mixamorig_LeftFoot">
      <source id="mixamorig_LeftFoot-Matrix-animation-input">
        <float_array id="mixamorig_LeftFoot-Matrix-animation-input-array" count="19">

0.000000 0.033333 0.066667 0.100000 0.133333 0.166667 0.200000 0.233333 0.266667 0.300000 0.333333 0.366667 0.400000 0.433333 0.466667 0.500000
0.533333 0.566667 0.600000</float_array>
        <technique_common>
          <accessor source="#mixamorig_LeftFoot-Matrix-animation-input-array" count="19">
            <param name="TIME" type="float"/>
          </accessor>
        </technique_common>
      </source>
      <source id="mixamorig_LeftFoot-Matrix-animation-output-transform">
        <float_array id="mixamorig_LeftFoot-Matrix-animation-output-transform-array" count="304">

0.981927 -0.152006 -0.112755 0.000000 -0.008143 0.561286 -0.827582 50.974098 0.189085 0.813543 0.549904 0.000000 0.000000 0.000000 0.000000 1.000000
0.991393 -0.077362 -0.105622 0.000000 -0.042158 0.575149 -0.816961 50.974098 0.123950 0.814382 0.566937 -0.000000 0.000000 0.000000 0.000000 1.000000
0.986783 0.010862 -0.161684 0.000000 -0.128100 0.663365 -0.737249 50.974098 0.099248 0.748217 0.655989 -0.000000 0.000000 0.000000 0.000000 1.000000
0.971900 0.072309 -0.224012 0.000000 -0.193626 0.786752 -0.586115 50.974098 0.133860 0.613020 0.778645 -0.000000 0.000000 0.000000 0.000000 1.000000
0.957616 0.103573 -0.268783 0.000000 -0.219720 0.866050 -0.449089 50.974098 0.186266 0.489112 0.852100 0.000000 0.000000 0.000000 0.000000 1.000000
0.959715 0.089746 -0.266257 0.000000 -0.210324 0.857806 -0.468969 50.974098 0.186309 0.506077 0.842125 -0.000000 0.000000 0.000000 0.000000 1.000000
0.965959 0.044003 -0.254924 0.000000 -0.175545 0.835317 -0.520989 50.974098 0.190017 0.548004 0.814607 -0.000000 0.000000 0.000000 0.000000 1.000000
0.962541 0.006720 -0.271053 0.000000 -0.185461 0.745562 -0.640111 50.974098 0.197785 0.666403 0.718880 0.000000 0.000000 0.000000 0.000000 1.000000
0.968963 -0.006757 -0.247113 -0.000000 -0.224961 0.390313 -0.892776 50.974098 0.102484 0.920657 0.376679 0.000000 0.000000 0.000000 0.000000 1.000000
0.947266 0.048170 -0.316807 0.000000 -0.320422 0.155008 -0.934506 50.974098 0.004093 0.986738 0.162269 -0.000000 0.000000 0.000000 0.000000 1.000000
0.929402 0.087915 -0.358445 0.000000 -0.360840 0.012508 -0.932544 50.974098 -0.077501 0.996049 0.043349 -0.000000 0.000000 0.000000 0.000000 1.000000
0.927444 0.110164 -0.357367 0.000000 -0.357901 -0.015575 -0.933630 50.974098 -0.108418 0.993791 0.024983 0.000000 0.000000 0.000000 0.000000 1.000000
0.929142 0.128159 -0.346800 0.000000 -0.347019 -0.021343 -0.937615 50.974098 -0.127566 0.991524 0.024643 0.000000 0.000000 0.000000 0.000000 1.000000
0.929078 0.144367 -0.340547 0.000000 -0.341713 -0.017413 -0.939643 50.974098 -0.141583 0.989371 0.033154 -0.000000 0.000000 0.000000 0.000000 1.000000
0.929960 0.145408 -0.337686 -0.000000 -0.340768 -0.003931 -0.940139 50.974098 -0.138031 0.989364 0.045895 0.000000 0.000000 0.000000 0.000000 1.000000
0.933324 0.143744 -0.329005 -0.000000 -0.334146 0.012518 -0.942438 50.974098 -0.131351 0.989536 0.059714 0.000000 0.000000 0.000000 0.000000 1.000000
0.938424 0.140399 -0.315671 -0.000000 -0.321913 0.023620 -0.946475 50.974098 -0.125428 0.989813 0.067362 0.000000 0.000000 0.000000 0.000000 1.000000
0.943548 0.133948 -0.302945 0.000000 -0.309584 0.031378 -0.950354 50.974098 -0.117792 0.990491 0.071075 0.000000 0.000000 0.000000 0.000000 1.000000
0.948494 0.129682 -0.289036 -0.000000 -0.295681 0.034884 -0.954650 50.974098 -0.113718 0.990942 0.071432 0.000000 0.000000 0.000000 0.000000 1.000000</float_array>
        <technique_common>
          <accessor source="#mixamorig_LeftFoot-Matrix-animation-output-transform-array" count="19" stride="16">
            <param type="float4x4"/>
          </accessor>
        </technique_common>
      </source>
      <source id="mixamorig_LeftFoot-Interpolations">
        <Name_array id="mixamorig_LeftFoot-Interpolations-array" count="19">
 LINEAR LINEAR LINEAR LINEAR LINEAR LINEAR LINEAR LINEAR LINEAR LINEAR LINEAR
LINEAR LINEAR LINEAR LINEAR LINEAR LINEAR LINEAR LINEAR</Name_array>
        <technique_common>
          <accessor source="#mixamorig_LeftFoot-Interpolations-array" count="19">
            <param type="name"/>
          </accessor>
        </technique_common>
      </source>
      <sampler id="mixamorig_LeftFoot-Matrix-animation-transform">
        <input semantic="INPUT" source="#mixamorig_LeftFoot-Matrix-animation-input"/>
        <input semantic="OUTPUT" source="#mixamorig_LeftFoot-Matrix-animation-output-transform"/>
        <input semantic="INTERPOLATION" source="#mixamorig_LeftFoot-Interpolations"/>
      </sampler>
      <channel source="#mixamorig_LeftFoot-Matrix-animation-transform" target="mixamorig_LeftFoot/matrix"/>
    </animation>
    <animation id="mixamorig_LeftToeBase-anim" name="mixamorig_LeftToeBase">
      <source id="mixamorig_LeftToeBase-Matrix-animation-input">
        <float_array id="mixamorig_LeftToeBase-Matrix-animation-input-array" count="19">

0.000000 0.033333 0.066667 0.100000 0.133333 0.166667 0.200000 0.233333 0.266667 0.300000 0.333333 0.366667 0.400000 0.433333 0.466667 0.500000
0.533333 0.566667 0.600000</float_array>
        <technique_common>
          <accessor source="#mixamorig_LeftToeBase-Matrix-animation-input-array" count="19">
            <param name="TIME" type="float"/>
          </accessor>
        </technique_common>
      </source>
      <source id="mixamorig_LeftToeBase-Matrix-animation-output-transform">
        <float_array id="mixamorig_LeftToeBase-Matrix-animation-output-transform-array" count="304">

0.987689 0.072069 0.138840 -0.000000 0.003995 0.875639 -0.482949 21.993700 -0.156380 0.477558 0.864571 0.000000 0.000000 0.000000 0.000000 1.000000
0.987692 0.072032 0.138839 0.000000 0.004027 0.875643 -0.482943 21.993700 -0.156361 0.477558 0.864575 0.000000 0.000000 0.000000 0.000000 1.000000
0.987694 0.071994 0.138841 0.000000 0.004061 0.875645 -0.482939 21.993700 -0.156344 0.477560 0.864577 -0.000000 0.000000 0.000000 0.000000 1.000000
0.987697 0.071960 0.138842 0.000000 0.004090 0.875647 -0.482934 21.993700 -0.156328 0.477560 0.864579 -0.000000 0.000000 0.000000 0.000000 1.000000
0.987699 0.071932 0.138843 0.000000 0.004115 0.875648 -0.482932 21.993700 -0.156316 0.477563 0.864580 -0.000000 0.000000 0.000000 0.000000 1.000000
0.987700 0.071911 0.138842 0.000000 0.004133 0.875650 -0.482929 21.993700 -0.156305 0.477563 0.864582 0.000000 0.000000 0.000000 0.000000 1.000000
0.987700 0.071901 0.138846 0.000000 0.004143 0.875651 -0.482926 21.993700 -0.156303 0.477561 0.864583 0.000000 0.000000 0.000000 0.000000 1.000000
0.993756 0.068087 0.088388 0.000000 0.020649 0.666286 -0.745411 21.993700 -0.109644 0.742582 0.660720 0.000000 0.000000 0.000000 0.000000 1.000000
0.997361 0.052267 0.050397 0.000000 -0.004494 0.737216 -0.675642 21.993700 -0.072468 0.673632 0.735505 -0.000000 0.000000 0.000000 0.000000 1.000000
0.995370 0.055857 0.078215 0.000000 -0.002485 0.828470 -0.560027 21.993700 -0.096080 0.557240 0.824774 -0.000000 0.000000 0.000000 0.000000 1.000000
0.987861 0.053364 0.145886 0.000000 0.024352 0.874330 -0.484720 21.993700 -0.153419 0.482388 0.862417 0.000000 0.000000 0.000000 0.000000 1.000000
0.987451 0.053384 0.148632 0.000000 0.025372 0.875287 -0.482938 21.993700 -0.155876 0.480649 0.862948 -0.000000 0.000000 0.000000 0.000000 1.000000
0.987287 0.053390 0.149712 0.000000 0.025771 0.875668 -0.482226 21.993700 -0.156844 0.479954 0.863160 0.000000 0.000000 0.000000 0.000000 1.000000
0.987462 0.053385 0.148555 -0.000000 0.025337 0.875277 -0.482957 21.993700 -0.155809 0.480666 0.862951 0.000000 0.000000 0.000000 0.000000 1.000000
0.987397 0.053390 0.148984 0.000000 0.025518 0.875354 -0.482809 21.993700 -0.156191 0.480526 0.862959 0.000000 0.000000 0.000000 0.000000 1.000000
0.987245 0.053398 0.149986 0.000000 0.025909 0.875634 -0.482280 21.993700 -0.157085 0.480015 0.863082 0.000000 0.000000 0.000000 0.000000 1.000000
0.987169 0.053400 0.150483 0.000000 0.026093 0.875808 -0.481953 21.993700 -0.157530 0.479696 0.863178 0.000000 0.000000 0.000000 0.000000 1.000000
0.987180 0.053400 0.150412 0.000000 0.026056 0.875815 -0.481943 21.993700 -0.157468 0.479684 0.863196 0.000000 0.000000 0.000000 0.000000 1.000000
0.987196 0.053397 0.150312 0.000000 0.026003 0.875836 -0.481908 21.993700 -0.157381 0.479646 0.863233 -0.000000 0.000000 0.000000 0.000000 1.000000</float_array>
        <technique_common>
          <accessor source="#mixamorig_LeftToeBase-Matrix-animation-output-transform-array" count="19" stride="16">
            <param type="float4x4"/>
          </accessor>
        </technique_common>
      </source>
      <source id="mixamorig_LeftToeBase-Interpolations">
        <Name_array id="mixamorig_LeftToeBase-Interpolations-array" count="19">
 LINEAR LINEAR LINEAR LINEAR LINEAR LINEAR LINEAR LINEAR LINEAR LINEAR LINEAR
LINEAR LINEAR LINEAR LINEAR LINEAR LINEAR LINEAR LINEAR</Name_array>
        <technique_common>
          <accessor source="#mixamorig_LeftToeBase-Interpolations-array" count="19">
            <param type="name"/>
          </accessor>
        </technique_common>
      </source>
      <sampler id="mixamorig_LeftToeBase-Matrix-animation-transform">
        <input semantic="INPUT" source="#mixamorig_LeftToeBase-Matrix-animation-input"/>
        <input semantic="OUTPUT" source="#mixamorig_LeftToeBase-Matrix-animation-output-transform"/>
        <input semantic="INTERPOLATION" source="#mixamorig_LeftToeBase-Interpolations"/>
      </sampler>
      <channel source="#mixamorig_LeftToeBase-Matrix-animation-transform" target="mixamorig_LeftToeBase/matrix"/>
    </animation>
    <animation id="mixamorig_RightUpLeg-anim" name="mixamorig_RightUpLeg">
      <source id="mixamorig_RightUpLeg-Matrix-animation-input">
        <float_array id="mixamorig_RightUpLeg-Matrix-animation-input-array" count="19">

0.000000 0.033333 0.066667 0.100000 0.133333 0.166667 0.200000 0.233333 0.266667 0.300000 0.333333 0.366667 0.400000 0.433333 0.466667 0.500000
0.533333 0.566667 0.600000</float_array>
        <technique_common>
          <accessor source="#mixamorig_RightUpLeg-Matrix-animation-input-array" count="19">
            <param name="TIME" type="float"/>
          </accessor>
        </technique_common>
      </source>
      <source id="mixamorig_RightUpLeg-Matrix-animation-output-transform">
        <float_array id="mixamorig_RightUpLeg-Matrix-animation-output-transform-array" count="304">

-0.966498 -0.209913 0.147710 -13.293700 0.132507 0.084811 0.987547 -6.012500 -0.219826 0.974035 -0.054155 -0.531400 0.000000 0.000000 0.000000 1.000000
-0.947675 -0.270204 0.170005 -13.293700 0.176383 0.000690 0.984321 -6.012500 -0.266085 0.962803 0.047005 -0.531400 0.000000 0.000000 0.000000 1.000000
-0.933064 -0.327759 0.148211 -13.293700 0.204277 -0.143668 0.968313 -6.012500 -0.296080 0.933774 0.201005 -0.531400 0.000000 0.000000 0.000000 1.000000
-0.921069 -0.372805 0.112467 -13.293700 0.246916 -0.335821 0.908986 -6.012500 -0.301106 0.865009 0.401366 -0.531400 0.000000 0.000000 0.000000 1.000000
-0.915832 -0.395936 0.066974 -13.293700 0.283550 -0.519530 0.806032 -6.012500 -0.284342 0.757181 0.588070 -0.531400 0.000000 0.000000 0.000000 1.000000
-0.911340 -0.406130 0.067208 -13.293700 0.345699 -0.666418 0.660590 -6.012500 -0.223497 0.625256 0.747733 -0.531400 0.000000 0.000000 0.000000 1.000000
-0.912445 -0.401563 0.078685 -13.293700 0.376584 -0.748818 0.545395 -6.012500 -0.160090 0.527274 0.834478 -0.531400 0.000000 0.000000 0.000000 1.000000
-0.913323 -0.396101 0.094584 -13.293700 0.377454 -0.736190 0.561741 -6.012500 -0.152875 0.548752 0.821888 -0.531400 0.000000 0.000000 0.000000 1.000000
-0.914337 -0.367523 0.170042 -13.293700 0.373083 -0.601227 0.706637 -6.012500 -0.157471 0.709544 0.686841 -0.531400 0.000000 0.000000 0.000000 1.000000
-0.911410 -0.329306 0.246758 -13.293700 0.373624 -0.410937 0.831586 -6.012500 -0.172444 0.850111 0.497569 -0.531400 0.000000 0.000000 0.000000 1.000000
-0.913992 -0.299025 0.274231 -13.293700 0.358279 -0.277639 0.891377 -6.012500 -0.190407 0.912963 0.360894 -0.531400 0.000000 0.000000 0.000000 1.000000
-0.917490 -0.293364 0.268607 -13.293700 0.336099 -0.210640 0.917970 -6.012500 -0.212720 0.932506 0.291860 -0.531400 0.000000 0.000000 0.000000 1.000000
-0.911765 -0.306074 0.273869 -13.293700 0.327818 -0.140619 0.934217 -6.012500 -0.247428 0.941565 0.228548 -0.531400 0.000000 0.000000 0.000000 1.000000
-0.898838 -0.324783 0.294290 -13.293700 0.329876 -0.059224 0.942165 -6.012500 -0.288570 0.943932 0.160371 -0.531400 0.000000 0.000000 0.000000 1.000000
-0.885406 -0.337582 0.319524 -13.293700 0.336491 0.008731 0.941646 -6.012500 -0.320673 0.941256 0.105863 -0.531400 0.000000 0.000000 0.000000 1.000000
-0.876297 -0.351081 0.329919 -13.293700 0.338639 0.038230 0.940139 -6.012500 -0.342677 0.935564 0.085389 -0.531400 0.000000 0.000000 0.000000 1.000000
-0.871535 -0.365938 0.326370 -13.293700 0.336222 0.038485 0.940996 -6.012500 -0.356906 0.929843 0.089495 -0.531400 0.000000 0.000000 0.000000 1.000000
-0.871208 -0.374356 0.317576 -13.293700 0.332153 0.026847 0.942843 -6.012500 -0.361485 0.926896 0.100954 -0.531400 0.000000 0.000000 0.000000 1.000000
-0.874862 -0.378314 0.302482 -13.293700 0.324953 0.004688 0.945718 -6.012500 -0.359196 0.925666 0.118833 -0.531400 0.000000 0.000000 0.000000 1.000000</float_array>
        <technique_common>
          <accessor source="#mixamorig_RightUpLeg-Matrix-animation-output-transform-array" count="19" stride="16">
            <param type="float4x4"/>
          </accessor>
        </technique_common>
      </source>
      <source id="mixamorig_RightUpLeg-Interpolations">
        <Name_array id="mixamorig_RightUpLeg-Interpolations-array" count="19">
 LINEAR LINEAR LINEAR LINEAR LINEAR LINEAR LINEAR LINEAR LINEAR LINEAR LINEAR
LINEAR LINEAR LINEAR LINEAR LINEAR LINEAR LINEAR LINEAR</Name_array>
        <technique_common>
          <accessor source="#mixamorig_RightUpLeg-Interpolations-array" count="19">
            <param type="name"/>
          </accessor>
        </technique_common>
      </source>
      <sampler id="mixamorig_RightUpLeg-Matrix-animation-transform">
        <input semantic="INPUT" source="#mixamorig_RightUpLeg-Matrix-animation-input"/>
        <input semantic="OUTPUT" source="#mixamorig_RightUpLeg-Matrix-animation-output-transform"/>
        <input semantic="INTERPOLATION" source="#mixamorig_RightUpLeg-Interpolations"/>
      </sampler>
      <channel source="#mixamorig_RightUpLeg-Matrix-animation-transform" target="mixamorig_RightUpLeg/matrix"/>
    </animation>
    <animation id="mixamorig_RightLeg-anim" name="mixamorig_RightLeg">
      <source id="mixamorig_RightLeg-Matrix-animation-input">
        <float_array id="mixamorig_RightLeg-Matrix-animation-input-array" count="19">

0.000000 0.033333 0.066667 0.100000 0.133333 0.166667 0.200000 0.233333 0.266667 0.300000 0.333333 0.366667 0.400000 0.433333 0.466667 0.500000
0.533333 0.566667 0.600000</float_array>
        <technique_common>
          <accessor source="#mixamorig_RightLeg-Matrix-animation-input-array" count="19">
            <param name="TIME" type="float"/>
          </accessor>
        </technique_common>
      </source>
      <source id="mixamorig_RightLeg-Matrix-animation-output-transform">
        <float_array id="mixamorig_RightLeg-Matrix-animation-output-transform-array" count="304">

0.998768 0.014564 0.047445 0.000000 -0.029122 -0.602116 0.797877 52.153900 0.040187 -0.798276 -0.600950 -0.000000 0.000000 0.000000 0.000000 1.000000
0.995705 -0.007525 0.092279 0.000000 -0.087049 -0.415564 0.905389 52.153900 0.031534 -0.909533 -0.414434 0.000000 0.000000 0.000000 0.000000 1.000000
0.996400 -0.008303 0.084365 -0.000000 -0.084757 -0.116944 0.989515 52.153900 0.001650 -0.993104 -0.117227 0.000000 0.000000 0.000000 0.000000 1.000000
0.998252 0.018656 0.056084 0.000000 -0.058801 0.217282 0.974336 52.153900 0.005991 -0.975931 0.217999 0.000000 0.000000 0.000000 0.000000 1.000000
0.996647 0.075928 -0.030491 0.000000 -0.011835 0.502509 0.864491 52.153900 0.080962 -0.861232 0.501722 -0.000000 0.000000 0.000000 0.000000 1.000000
0.988898 0.090032 -0.118212 -0.000000 0.020326 0.706106 0.707815 52.153900 0.147196 -0.702360 0.696437 0.000000 0.000000 0.000000 0.000000 1.000000
0.992291 0.088320 -0.086933 0.000000 -0.021633 0.814165 0.580231 52.153900 0.122024 -0.573877 0.809799 0.000000 0.000000 0.000000 0.000000 1.000000
0.993860 0.093967 -0.058417 -0.000000 -0.039058 0.791925 0.609368 52.153900 0.103522 -0.603345 0.790733 -0.000000 0.000000 0.000000 0.000000 1.000000
0.990778 0.130613 -0.036043 0.000000 -0.036065 0.510627 0.859046 52.153900 0.130607 -0.849824 0.510628 0.000000 0.000000 0.000000 0.000000 1.000000
0.988924 0.147687 -0.014783 0.000000 -0.017349 0.213934 0.976694 52.153900 0.147407 -0.965619 0.214127 0.000000 0.000000 0.000000 0.000000 1.000000
0.988492 0.151219 0.003943 0.000000 -0.007753 0.024615 0.999667 52.153900 0.151072 -0.988194 0.025504 -0.000000 0.000000 0.000000 0.000000 1.000000
0.988526 0.150847 0.007789 0.000000 0.006879 -0.096473 0.995312 52.153900 0.150891 -0.983839 -0.096404 0.000000 0.000000 0.000000 0.000000 1.000000
0.988764 0.149184 0.009509 0.000000 0.019276 -0.190316 0.981534 52.153900 0.148239 -0.970322 -0.191053 0.000000 0.000000 0.000000 0.000000 1.000000
0.989055 0.147111 0.011337 0.000000 0.027628 -0.260128 0.965179 52.153900 0.144938 -0.954302 -0.261346 0.000000 0.000000 0.000000 0.000000 1.000000
0.989237 0.146321 0.000441 0.000000 0.042956 -0.293291 0.955058 52.153900 0.139875 -0.944760 -0.296419 -0.000000 0.000000 0.000000 0.000000 1.000000
0.989162 0.146549 -0.009015 0.000000 0.053388 -0.301797 0.951876 52.153900 0.136776 -0.942041 -0.306350 0.000000 0.000000 0.000000 0.000000 1.000000
0.988902 0.147419 -0.018479 0.000000 0.062012 -0.296521 0.953011 52.153900 0.135012 -0.943580 -0.302372 -0.000000 0.000000 0.000000 0.000000 1.000000
0.988490 0.148659 -0.028066 0.000000 0.069784 -0.283449 0.956445 52.153900 0.134229 -0.947395 -0.290560 0.000000 0.000000 0.000000 0.000000 1.000000
0.988124 0.150027 -0.033214 -0.000000 0.072413 -0.264003 0.961800 52.153900 0.135527 -0.952783 -0.271731 0.000000 0.000000 0.000000 0.000000 1.000000</float_array>
        <technique_common>
          <accessor source="#mixamorig_RightLeg-Matrix-animation-output-transform-array" count="19" stride="16">
            <param type="float4x4"/>
          </accessor>
        </technique_common>
      </source>
      <source id="mixamorig_RightLeg-Interpolations">
        <Name_array id="mixamorig_RightLeg-Interpolations-array" count="19">
 LINEAR LINEAR LINEAR LINEAR LINEAR LINEAR LINEAR LINEAR LINEAR LINEAR LINEAR
LINEAR LINEAR LINEAR LINEAR LINEAR LINEAR LINEAR LINEAR</Name_array>
        <technique_common>
          <accessor source="#mixamorig_RightLeg-Interpolations-array" count="19">
            <param type="name"/>
          </accessor>
        </technique_common>
      </source>
      <sampler id="mixamorig_RightLeg-Matrix-animation-transform">
        <input semantic="INPUT" source="#mixamorig_RightLeg-Matrix-animation-input"/>
        <input semantic="OUTPUT" source="#mixamorig_RightLeg-Matrix-animation-output-transform"/>
        <input semantic="INTERPOLATION" source="#mixamorig_RightLeg-Interpolations"/>
      </sampler>
      <channel source="#mixamorig_RightLeg-Matrix-animation-transform" target="mixamorig_RightLeg/matrix"/>
    </animation>
    <animation id="mixamorig_RightFoot-anim" name="mixamorig_RightFoot">
      <source id="mixamorig_RightFoot-Matrix-animation-input">
        <float_array id="mixamorig_RightFoot-Matrix-animation-input-array" count="19">

0.000000 0.033333 0.066667 0.100000 0.133333 0.166667 0.200000 0.233333 0.266667 0.300000 0.333333 0.366667 0.400000 0.433333 0.466667 0.500000
0.533333 0.566667 0.600000</float_array>
        <technique_common>
          <accessor source="#mixamorig_RightFoot-Matrix-animation-input-array" count="19">
            <param name="TIME" type="float"/>
          </accessor>
        </technique_common>
      </source>
      <source id="mixamorig_RightFoot-Matrix-animation-output-transform">
        <float_array id="mixamorig_RightFoot-Matrix-animation-output-transform-array" count="304">

0.980438 0.084603 0.177716 0.000000 0.115875 0.481753 -0.868612 51.002602 -0.159102 0.872214 0.462525 0.000000 0.000000 0.000000 0.000000 1.000000
0.981040 0.061512 0.183783 0.000000 0.127937 0.506758 -0.852543 51.002602 -0.145575 0.859891 0.489280 0.000000 0.000000 0.000000 0.000000 1.000000
0.967170 0.000260 0.254130 -0.000000 0.204343 0.593718 -0.778295 51.002602 -0.151084 0.804673 0.574173 0.000000 0.000000 0.000000 0.000000 1.000000
0.938815 -0.082521 0.334390 0.000000 0.289577 0.714751 -0.636613 51.002602 -0.186472 0.694493 0.694916 0.000000 0.000000 0.000000 0.000000 1.000000
0.932946 -0.119164 0.339722 0.000000 0.292658 0.800597 -0.522873 51.002602 -0.209672 0.587235 0.781788 -0.000000 0.000000 0.000000 0.000000 1.000000
0.932306 -0.131203 0.337033 -0.000000 0.288984 0.830576 -0.476059 51.002602 -0.217471 0.541230 0.812266 0.000000 0.000000 0.000000 0.000000 1.000000
0.923525 -0.143444 0.355703 0.000000 0.313914 0.815553 -0.486139 51.002602 -0.220361 0.560622 0.798213 0.000000 0.000000 0.000000 0.000000 1.000000
0.921726 -0.118189 0.369394 0.000000 0.332875 0.729855 -0.597081 51.002602 -0.199036 0.673307 0.712069 0.000000 0.000000 0.000000 0.000000 1.000000
0.902958 -0.019759 0.429274 0.000000 0.403941 0.379866 -0.832186 51.002602 -0.146623 0.924831 0.350984 -0.000000 0.000000 0.000000 0.000000 1.000000
0.896728 0.045360 0.440251 0.000000 0.429770 0.148364 -0.890666 51.002602 -0.105718 0.987892 0.113548 0.000000 0.000000 0.000000 0.000000 1.000000
0.897656 0.089027 0.431610 -0.000000 0.432489 0.010169 -0.901582 51.002602 -0.084654 0.995977 -0.029375 -0.000000 0.000000 0.000000 0.000000 1.000000
0.907915 0.114899 0.403099 -0.000000 0.412418 -0.073164 -0.908052 51.002602 -0.074842 0.990679 -0.113813 -0.000000 0.000000 0.000000 0.000000 1.000000
0.918279 0.133002 0.372927 0.000000 0.389215 -0.130443 -0.911864 51.002602 -0.072634 0.982494 -0.171550 -0.000000 0.000000 0.000000 0.000000 1.000000
0.925015 0.145731 0.350869 0.000000 0.373397 -0.178178 -0.910400 51.002602 -0.070156 0.973147 -0.219233 0.000000 0.000000 0.000000 0.000000 1.000000
0.918420 0.136807 0.371200 0.000000 0.391882 -0.186142 -0.900988 51.002602 -0.054165 0.972952 -0.224569 0.000000 0.000000 0.000000 0.000000 1.000000
0.916889 0.128831 0.377779 0.000000 0.396306 -0.181221 -0.900056 51.002602 -0.047494 0.974968 -0.217216 -0.000000 0.000000 0.000000 0.000000 1.000000
0.918406 0.121311 0.376581 0.000000 0.393227 -0.174950 -0.902643 51.002602 -0.043618 0.977075 -0.208378 0.000000 0.000000 0.000000 0.000000 1.000000
0.917373 0.111545 0.382078 0.000000 0.396256 -0.165476 -0.903105 51.002602 -0.037512 0.979885 -0.196004 -0.000000 0.000000 0.000000 0.000000 1.000000
0.917612 0.105783 0.383141 0.000000 0.395912 -0.157822 -0.904625 51.002602 -0.035226 0.981785 -0.186700 0.000000 0.000000 0.000000 0.000000 1.000000</float_array>
        <technique_common>
          <accessor source="#mixamorig_RightFoot-Matrix-animation-output-transform-array" count="19" stride="16">
            <param type="float4x4"/>
          </accessor>
        </technique_common>
      </source>
      <source id="mixamorig_RightFoot-Interpolations">
        <Name_array id="mixamorig_RightFoot-Interpolations-array" count="19">
 LINEAR LINEAR LINEAR LINEAR LINEAR LINEAR LINEAR LINEAR LINEAR LINEAR LINEAR
LINEAR LINEAR LINEAR LINEAR LINEAR LINEAR LINEAR LINEAR</Name_array>
        <technique_common>
          <accessor source="#mixamorig_RightFoot-Interpolations-array" count="19">
            <param type="name"/>
          </accessor>
        </technique_common>
      </source>
      <sampler id="mixamorig_RightFoot-Matrix-animation-transform">
        <input semantic="INPUT" source="#mixamorig_RightFoot-Matrix-animation-input"/>
        <input semantic="OUTPUT" source="#mixamorig_RightFoot-Matrix-animation-output-transform"/>
        <input semantic="INTERPOLATION" source="#mixamorig_RightFoot-Interpolations"/>
      </sampler>
      <channel source="#mixamorig_RightFoot-Matrix-animation-transform" target="mixamorig_RightFoot/matrix"/>
    </animation>
    <animation id="mixamorig_RightToeBase-anim" name="mixamorig_RightToeBase">
      <source id="mixamorig_RightToeBase-Matrix-animation-input">
        <float_array id="mixamorig_RightToeBase-Matrix-animation-input-array" count="19">

0.000000 0.033333 0.066667 0.100000 0.133333 0.166667 0.200000 0.233333 0.266667 0.300000 0.333333 0.366667 0.400000 0.433333 0.466667 0.500000
0.533333 0.566667 0.600000</float_array>
        <technique_common>
          <accessor source="#mixamorig_RightToeBase-Matrix-animation-input-array" count="19">
            <param name="TIME" type="float"/>
          </accessor>
        </technique_common>
      </source>
      <source id="mixamorig_RightToeBase-Matrix-animation-output-transform">
        <float_array id="mixamorig_RightToeBase-Matrix-animation-output-transform-array" count="304">

0.988866 -0.066664 -0.133042 -0.000000 -0.004124 0.881423 -0.472309 22.030199 0.148753 0.467599 0.871334 0.000000 0.000000 0.000000 0.000000 1.000000
0.988866 -0.066660 -0.133041 0.000000 -0.004127 0.881423 -0.472310 22.030199 0.148750 0.467600 0.871334 0.000000 0.000000 0.000000 0.000000 1.000000
0.988866 -0.066660 -0.133043 0.000000 -0.004128 0.881422 -0.472311 22.030199 0.148751 0.467601 0.871334 0.000000 0.000000 0.000000 0.000000 1.000000
0.988866 -0.066659 -0.133042 -0.000000 -0.004128 0.881423 -0.472309 22.030199 0.148750 0.467600 0.871335 0.000000 0.000000 0.000000 0.000000 1.000000
0.988866 -0.066656 -0.133042 -0.000000 -0.004131 0.881424 -0.472308 22.030199 0.148749 0.467599 0.871335 -0.000000 0.000000 0.000000 0.000000 1.000000
0.988866 -0.066656 -0.133044 0.000000 -0.004131 0.881424 -0.472308 22.030199 0.148750 0.467599 0.871335 0.000000 0.000000 0.000000 0.000000 1.000000
0.991546 -0.065407 -0.112066 0.000000 -0.000615 0.861281 -0.508128 22.030199 0.129756 0.503901 0.853960 0.000000 0.000000 0.000000 0.000000 1.000000
0.998519 -0.040889 -0.035884 0.000000 -0.006413 0.566530 -0.824016 22.030199 0.054023 0.823026 0.565429 0.000000 0.000000 0.000000 0.000000 1.000000
0.998379 -0.038925 -0.041514 0.000000 -0.003802 0.682234 -0.731124 22.030199 0.056782 0.730097 0.680981 0.000000 0.000000 0.000000 0.000000 1.000000
0.998538 -0.047885 -0.025073 0.000000 0.022218 0.786493 -0.617199 22.030199 0.049275 0.615740 0.786407 0.000000 0.000000 0.000000 0.000000 1.000000
0.998278 -0.056935 -0.014158 -0.000000 0.040481 0.843128 -0.536188 22.030199 0.042465 0.534691 0.843980 0.000000 0.000000 0.000000 0.000000 1.000000
0.997984 -0.063360 0.003769 0.000000 0.057608 0.879253 -0.472859 22.030199 0.026646 0.472123 0.881130 0.000000 0.000000 0.000000 0.000000 1.000000
0.997726 -0.067261 0.004393 0.000000 0.062458 0.898051 -0.435435 22.030199 0.025342 0.434719 0.900210 -0.000000 0.000000 0.000000 0.000000 1.000000
0.997725 -0.066655 -0.010142 0.000000 0.055553 0.897969 -0.436538 22.030199 0.038205 0.434981 0.899629 -0.000000 0.000000 0.000000 0.000000 1.000000
0.997505 -0.064683 -0.028272 0.000000 0.045577 0.895963 -0.441783 22.030199 0.053906 0.439393 0.896676 0.000000 0.000000 0.000000 0.000000 1.000000
0.996688 -0.062064 -0.052552 0.000000 0.031973 0.893216 -0.448491 22.030199 0.074775 0.445325 0.892241 0.000000 0.000000 0.000000 0.000000 1.000000
0.995069 -0.059180 -0.079592 0.000000 0.016498 0.890064 -0.455537 22.030199 0.097800 0.451978 0.886652 -0.000000 0.000000 0.000000 0.000000 1.000000
0.992767 -0.056375 -0.105998 0.000000 0.001032 0.886872 -0.462015 22.030199 0.120052 0.458564 0.880515 -0.000000 0.000000 0.000000 0.000000 1.000000
0.990251 -0.053996 -0.128401 0.000000 -0.012386 0.884025 -0.467275 22.030199 0.138740 0.464310 0.874738 -0.000000 0.000000 0.000000 0.000000 1.000000</float_array>
        <technique_common>
          <accessor source="#mixamorig_RightToeBase-Matrix-animation-output-transform-array" count="19" stride="16">
            <param type="float4x4"/>
          </accessor>
        </technique_common>
      </source>
      <source id="mixamorig_RightToeBase-Interpolations">
        <Name_array id="mixamorig_RightToeBase-Interpolations-array" count="19">
 LINEAR LINEAR LINEAR LINEAR LINEAR LINEAR LINEAR LINEAR LINEAR LINEAR LINEAR
LINEAR LINEAR LINEAR LINEAR LINEAR LINEAR LINEAR LINEAR</Name_array>
        <technique_common>
          <accessor source="#mixamorig_RightToeBase-Interpolations-array" count="19">
            <param type="name"/>
          </accessor>
        </technique_common>
      </source>
      <sampler id="mixamorig_RightToeBase-Matrix-animation-transform">
        <input semantic="INPUT" source="#mixamorig_RightToeBase-Matrix-animation-input"/>
        <input semantic="OUTPUT" source="#mixamorig_RightToeBase-Matrix-animation-output-transform"/>
        <input semantic="INTERPOLATION" source="#mixamorig_RightToeBase-Interpolations"/>
      </sampler>
      <channel source="#mixamorig_RightToeBase-Matrix-animation-transform" target="mixamorig_RightToeBase/matrix"/>
    </animation>
    <animation id="mixamorig_F_skirt1-anim" name="mixamorig_F_skirt1">
      <source id="mixamorig_F_skirt1-Matrix-animation-input">
        <float_array id="mixamorig_F_skirt1-Matrix-animation-input-array" count="19">

0.000000 0.033333 0.066667 0.100000 0.133333 0.166667 0.200000 0.233333 0.266667 0.300000 0.333333 0.366667 0.400000 0.433333 0.466667 0.500000
0.533333 0.566667 0.600000</float_array>
        <technique_common>
          <accessor source="#mixamorig_F_skirt1-Matrix-animation-input-array" count="19">
            <param name="TIME" type="float"/>
          </accessor>
        </technique_common>
      </source>
      <source id="mixamorig_F_skirt1-Matrix-animation-output-transform">
        <float_array id="mixamorig_F_skirt1-Matrix-animation-output-transform-array" count="304">

0.000000 1.000000 -0.000000 -0.580400 -1.000000 0.000000 -0.000000 -7.794500 0.000000 0.000000 1.000000 17.818100 0.000000 0.000000 0.000000 1.000000
0.000000 1.000000 0.000000 -0.580400 -1.000000 0.000000 -0.000000 -7.794500 0.000000 0.000000 1.000000 17.818100 0.000000 0.000000 0.000000 1.000000
0.000000 1.000000 0.000000 -0.580400 -1.000000 0.000000 -0.000000 -7.794500 -0.000000 0.000000 1.000000 17.818100 0.000000 0.000000 0.000000 1.000000
0.000000 1.000000 0.000000 -0.580400 -1.000000 0.000000 -0.000000 -7.794500 -0.000000 -0.000000 1.000000 17.818100 0.000000 0.000000 0.000000 1.000000
0.000000 1.000000 -0.000000 -0.580400 -1.000000 0.000000 0.000000 -7.794500 -0.000000 -0.000000 1.000000 17.818100 0.000000 0.000000 0.000000 1.000000
0.000000 1.000000 -0.000000 -0.580400 -1.000000 0.000000 0.000000 -7.794500 -0.000000 0.000000 1.000000 17.818100 0.000000 0.000000 0.000000 1.000000
0.000000 1.000000 0.000000 -0.580400 -1.000000 0.000000 -0.000000 -7.794500 -0.000000 -0.000000 1.000000 17.818100 0.000000 0.000000 0.000000 1.000000
0.000000 1.000000 0.000000 -0.580400 -1.000000 0.000000 -0.000000 -7.794500 -0.000000 -0.000000 1.000000 17.818100 0.000000 0.000000 0.000000 1.000000
0.000000 1.000000 0.000000 -0.580400 -1.000000 0.000000 0.000000 -7.794500 0.000000 0.000000 1.000000 17.818100 0.000000 0.000000 0.000000 1.000000
0.000000 1.000000 0.000000 -0.580400 -1.000000 0.000000 -0.000000 -7.794500 0.000000 -0.000000 1.000000 17.818100 0.000000 0.000000 0.000000 1.000000
0.000000 1.000000 0.000000 -0.580400 -1.000000 0.000000 -0.000000 -7.794500 0.000000 0.000000 1.000000 17.818100 0.000000 0.000000 0.000000 1.000000
0.000000 1.000000 -0.000000 -0.580400 -1.000000 0.000000 -0.000000 -7.794500 -0.000000 0.000000 1.000000 17.818100 0.000000 0.000000 0.000000 1.000000
0.000000 1.000000 0.000000 -0.580400 -1.000000 0.000000 0.000000 -7.794500 0.000000 -0.000000 1.000000 17.818100 0.000000 0.000000 0.000000 1.000000
0.000000 1.000000 0.000000 -0.580400 -1.000000 0.000000 0.000000 -7.794500 0.000000 0.000000 1.000000 17.818100 0.000000 0.000000 0.000000 1.000000
0.000000 1.000000 0.000000 -0.580400 -1.000000 0.000000 -0.000000 -7.794500 -0.000000 0.000000 1.000000 17.818100 0.000000 0.000000 0.000000 1.000000
0.000000 1.000000 0.000000 -0.580400 -1.000000 -0.000000 -0.000000 -7.794500 -0.000000 -0.000000 1.000000 17.818100 0.000000 0.000000 0.000000 1.000000
0.000000 1.000000 -0.000000 -0.580400 -1.000000 0.000000 0.000000 -7.794500 -0.000000 0.000000 1.000000 17.818100 0.000000 0.000000 0.000000 1.000000
0.000000 1.000000 0.000000 -0.580400 -1.000000 0.000000 -0.000000 -7.794500 -0.000000 0.000000 1.000000 17.818100 0.000000 0.000000 0.000000 1.000000
0.000000 1.000000 -0.000000 -0.580400 -1.000000 0.000000 0.000000 -7.794500 0.000000 -0.000000 1.000000 17.818100 0.000000 0.000000 0.000000 1.000000</float_array>
        <technique_common>
          <accessor source="#mixamorig_F_skirt1-Matrix-animation-output-transform-array" count="19" stride="16">
            <param type="float4x4"/>
          </accessor>
        </technique_common>
      </source>
      <source id="mixamorig_F_skirt1-Interpolations">
        <Name_array id="mixamorig_F_skirt1-Interpolations-array" count="19">
 LINEAR LINEAR LINEAR LINEAR LINEAR LINEAR LINEAR LINEAR LINEAR LINEAR LINEAR
LINEAR LINEAR LINEAR LINEAR LINEAR LINEAR LINEAR LINEAR</Name_array>
        <technique_common>
          <accessor source="#mixamorig_F_skirt1-Interpolations-array" count="19">
            <param type="name"/>
          </accessor>
        </technique_common>
      </source>
      <sampler id="mixamorig_F_skirt1-Matrix-animation-transform">
        <input semantic="INPUT" source="#mixamorig_F_skirt1-Matrix-animation-input"/>
        <input semantic="OUTPUT" source="#mixamorig_F_skirt1-Matrix-animation-output-transform"/>
        <input semantic="INTERPOLATION" source="#mixamorig_F_skirt1-Interpolations"/>
      </sampler>
      <channel source="#mixamorig_F_skirt1-Matrix-animation-transform" target="mixamorig_F_skirt1/matrix"/>
    </animation>
    <animation id="mixamorig_F_skirt2-anim" name="mixamorig_F_skirt2">
      <source id="mixamorig_F_skirt2-Matrix-animation-input">
        <float_array id="mixamorig_F_skirt2-Matrix-animation-input-array" count="19">

0.000000 0.033333 0.066667 0.100000 0.133333 0.166667 0.200000 0.233333 0.266667 0.300000 0.333333 0.366667 0.400000 0.433333 0.466667 0.500000
0.533333 0.566667 0.600000</float_array>
        <technique_common>
          <accessor source="#mixamorig_F_skirt2-Matrix-animation-input-array" count="19">
            <param name="TIME" type="float"/>
          </accessor>
        </technique_common>
      </source>
      <source id="mixamorig_F_skirt2-Matrix-animation-output-transform">
        <float_array id="mixamorig_F_skirt2-Matrix-animation-output-transform-array" count="304">

1.000000 -0.000000 0.000000 27.000000 0.000000 1.000000 0.000000 -0.000000 0.000000 0.000000 1.000000 0.000000 0.000000 0.000000 0.000000 1.000000
1.000000 0.000000 0.000000 27.000000 -0.000000 1.000000 0.000000 0.000000 -0.000000 0.000000 1.000000 -0.000000 0.000000 0.000000 0.000000 1.000000
1.000000 -0.000000 0.000000 27.000000 0.000000 1.000000 -0.000000 0.000000 -0.000000 0.000000 1.000000 0.000000 0.000000 0.000000 0.000000 1.000000
1.000000 -0.000000 0.000000 27.000000 -0.000000 1.000000 0.000000 0.000000 0.000000 0.000000 1.000000 0.000000 0.000000 0.000000 0.000000 1.000000
1.000000 0.000000 0.000000 27.000000 -0.000000 1.000000 0.000000 0.000000 -0.000000 -0.000000 1.000000 -0.000000 0.000000 0.000000 0.000000 1.000000
1.000000 -0.000000 0.000000 27.000000 0.000000 1.000000 -0.000000 0.000000 0.000000 0.000000 1.000000 0.000000 0.000000 0.000000 0.000000 1.000000
1.000000 -0.000000 -0.000000 27.000000 -0.000000 1.000000 0.000000 0.000000 -0.000000 -0.000000 1.000000 0.000000 0.000000 0.000000 0.000000 1.000000
1.000000 -0.000000 0.000000 27.000000 -0.000000 1.000000 0.000000 0.000000 0.000000 0.000000 1.000000 0.000000 0.000000 0.000000 0.000000 1.000000
1.000000 -0.000000 -0.000000 27.000000 -0.000000 1.000000 0.000000 0.000000 -0.000000 -0.000000 1.000000 0.000000 0.000000 0.000000 0.000000 1.000000
1.000000 -0.000000 -0.000000 27.000000 0.000000 1.000000 0.000000 0.000000 -0.000000 0.000000 1.000000 0.000000 0.000000 0.000000 0.000000 1.000000
1.000000 0.000000 0.000000 27.000000 -0.000000 1.000000 0.000000 0.000000 -0.000000 0.000000 1.000000 0.000000 0.000000 0.000000 0.000000 1.000000
1.000000 -0.000000 -0.000000 27.000000 -0.000000 1.000000 0.000000 0.000000 0.000000 0.000000 1.000000 -0.000000 0.000000 0.000000 0.000000 1.000000
1.000000 0.000000 0.000000 27.000000 -0.000000 1.000000 0.000000 0.000000 0.000000 -0.000000 1.000000 0.000000 0.000000 0.000000 0.000000 1.000000
1.000000 0.000000 0.000000 27.000000 -0.000000 1.000000 0.000000 -0.000000 0.000000 0.000000 1.000000 0.000000 0.000000 0.000000 0.000000 1.000000
1.000000 -0.000000 0.000000 27.000000 -0.000000 1.000000 0.000000 -0.000000 0.000000 -0.000000 1.000000 0.000000 0.000000 0.000000 0.000000 1.000000
1.000000 0.000000 -0.000000 27.000000 0.000000 1.000000 0.000000 0.000000 0.000000 0.000000 1.000000 0.000000 0.000000 0.000000 0.000000 1.000000
1.000000 0.000000 -0.000000 27.000000 0.000000 1.000000 0.000000 -0.000000 -0.000000 0.000000 1.000000 -0.000000 0.000000 0.000000 0.000000 1.000000
1.000000 0.000000 -0.000000 27.000000 -0.000000 1.000000 -0.000000 0.000000 -0.000000 0.000000 1.000000 0.000000 0.000000 0.000000 0.000000 1.000000
1.000000 -0.000000 0.000000 27.000000 0.000000 1.000000 -0.000000 0.000000 -0.000000 0.000000 1.000000 0.000000 0.000000 0.000000 0.000000 1.000000</float_array>
        <technique_common>
          <accessor source="#mixamorig_F_skirt2-Matrix-animation-output-transform-array" count="19" stride="16">
            <param type="float4x4"/>
          </accessor>
        </technique_common>
      </source>
      <source id="mixamorig_F_skirt2-Interpolations">
        <Name_array id="mixamorig_F_skirt2-Interpolations-array" count="19">
 LINEAR LINEAR LINEAR LINEAR LINEAR LINEAR LINEAR LINEAR LINEAR LINEAR LINEAR
LINEAR LINEAR LINEAR LINEAR LINEAR LINEAR LINEAR LINEAR</Name_array>
        <technique_common>
          <accessor source="#mixamorig_F_skirt2-Interpolations-array" count="19">
            <param type="name"/>
          </accessor>
        </technique_common>
      </source>
      <sampler id="mixamorig_F_skirt2-Matrix-animation-transform">
        <input semantic="INPUT" source="#mixamorig_F_skirt2-Matrix-animation-input"/>
        <input semantic="OUTPUT" source="#mixamorig_F_skirt2-Matrix-animation-output-transform"/>
        <input semantic="INTERPOLATION" source="#mixamorig_F_skirt2-Interpolations"/>
      </sampler>
      <channel source="#mixamorig_F_skirt2-Matrix-animation-transform" target="mixamorig_F_skirt2/matrix"/>
    </animation>
    <animation id="mixamorig_F_skirt3-anim" name="mixamorig_F_skirt3">
      <source id="mixamorig_F_skirt3-Matrix-animation-input">
        <float_array id="mixamorig_F_skirt3-Matrix-animation-input-array" count="19">

0.000000 0.033333 0.066667 0.100000 0.133333 0.166667 0.200000 0.233333 0.266667 0.300000 0.333333 0.366667 0.400000 0.433333 0.466667 0.500000
0.533333 0.566667 0.600000</float_array>
        <technique_common>
          <accessor source="#mixamorig_F_skirt3-Matrix-animation-input-array" count="19">
            <param name="TIME" type="float"/>
          </accessor>
        </technique_common>
      </source>
      <source id="mixamorig_F_skirt3-Matrix-animation-output-transform">
        <float_array id="mixamorig_F_skirt3-Matrix-animation-output-transform-array" count="304">

1.000000 -0.000000 0.000000 27.000000 0.000000 1.000000 -0.000000 0.000000 0.000000 0.000000 1.000000 0.000000 0.000000 0.000000 0.000000 1.000000
1.000000 0.000000 0.000000 27.000000 0.000000 1.000000 -0.000000 0.000000 -0.000000 0.000000 1.000000 0.000000 0.000000 0.000000 0.000000 1.000000
1.000000 0.000000 0.000000 27.000000 -0.000000 1.000000 0.000000 0.000000 -0.000000 -0.000000 1.000000 -0.000000 0.000000 0.000000 0.000000 1.000000
1.000000 0.000000 0.000000 27.000000 -0.000000 1.000000 0.000000 0.000000 0.000000 0.000000 1.000000 -0.000000 0.000000 0.000000 0.000000 1.000000
1.000000 -0.000000 0.000000 27.000000 -0.000000 1.000000 0.000000 0.000000 -0.000000 -0.000000 1.000000 -0.000000 0.000000 0.000000 0.000000 1.000000
1.000000 0.000000 -0.000000 27.000000 -0.000000 1.000000 -0.000000 0.000000 0.000000 0.000000 1.000000 0.000000 0.000000 0.000000 0.000000 1.000000
1.000000 -0.000000 0.000000 27.000000 -0.000000 1.000000 0.000000 0.000000 0.000000 -0.000000 1.000000 0.000000 0.000000 0.000000 0.000000 1.000000
1.000000 -0.000000 0.000000 27.000000 -0.000000 1.000000 0.000000 0.000000 0.000000 0.000000 1.000000 -0.000000 0.000000 0.000000 0.000000 1.000000
1.000000 0.000000 -0.000000 27.000000 0.000000 1.000000 0.000000 0.000000 -0.000000 0.000000 1.000000 -0.000000 0.000000 0.000000 0.000000 1.000000
1.000000 -0.000000 0.000000 27.000000 -0.000000 1.000000 0.000000 0.000000 0.000000 0.000000 1.000000 0.000000 0.000000 0.000000 0.000000 1.000000
1.000000 0.000000 0.000000 27.000000 -0.000000 1.000000 0.000000 -0.000000 0.000000 0.000000 1.000000 0.000000 0.000000 0.000000 0.000000 1.000000
1.000000 0.000000 0.000000 27.000000 0.000000 1.000000 0.000000 0.000000 0.000000 0.000000 1.000000 0.000000 0.000000 0.000000 0.000000 1.000000
1.000000 0.000000 -0.000000 27.000000 -0.000000 1.000000 0.000000 0.000000 0.000000 0.000000 1.000000 0.000000 0.000000 0.000000 0.000000 1.000000
1.000000 -0.000000 0.000000 27.000000 -0.000000 1.000000 0.000000 0.000000 -0.000000 0.000000 1.000000 0.000000 0.000000 0.000000 0.000000 1.000000
1.000000 -0.000000 0.000000 27.000000 -0.000000 1.000000 0.000000 0.000000 -0.000000 0.000000 1.000000 -0.000000 0.000000 0.000000 0.000000 1.000000
1.000000 -0.000000 0.000000 27.000000 0.000000 1.000000 -0.000000 0.000000 -0.000000 0.000000 1.000000 0.000000 0.000000 0.000000 0.000000 1.000000
1.000000 0.000000 -0.000000 27.000000 -0.000000 1.000000 0.000000 -0.000000 -0.000000 0.000000 1.000000 0.000000 0.000000 0.000000 0.000000 1.000000
1.000000 0.000000 -0.000000 27.000000 0.000000 1.000000 0.000000 0.000000 0.000000 0.000000 1.000000 0.000000 0.000000 0.000000 0.000000 1.000000
1.000000 -0.000000 0.000000 27.000000 -0.000000 1.000000 -0.000000 0.000000 -0.000000 0.000000 1.000000 0.000000 0.000000 0.000000 0.000000 1.000000</float_array>
        <technique_common>
          <accessor source="#mixamorig_F_skirt3-Matrix-animation-output-transform-array" count="19" stride="16">
            <param type="float4x4"/>
          </accessor>
        </technique_common>
      </source>
      <source id="mixamorig_F_skirt3-Interpolations">
        <Name_array id="mixamorig_F_skirt3-Interpolations-array" count="19">
 LINEAR LINEAR LINEAR LINEAR LINEAR LINEAR LINEAR LINEAR LINEAR LINEAR LINEAR
LINEAR LINEAR LINEAR LINEAR LINEAR LINEAR LINEAR LINEAR</Name_array>
        <technique_common>
          <accessor source="#mixamorig_F_skirt3-Interpolations-array" count="19">
            <param type="name"/>
          </accessor>
        </technique_common>
      </source>
      <sampler id="mixamorig_F_skirt3-Matrix-animation-transform">
        <input semantic="INPUT" source="#mixamorig_F_skirt3-Matrix-animation-input"/>
        <input semantic="OUTPUT" source="#mixamorig_F_skirt3-Matrix-animation-output-transform"/>
        <input semantic="INTERPOLATION" source="#mixamorig_F_skirt3-Interpolations"/>
      </sampler>
      <channel source="#mixamorig_F_skirt3-Matrix-animation-transform" target="mixamorig_F_skirt3/matrix"/>
    </animation>
    <animation id="mixamorig_L_A_skirt1-anim" name="mixamorig_L_A_skirt1">
      <source id="mixamorig_L_A_skirt1-Matrix-animation-input">
        <float_array id="mixamorig_L_A_skirt1-Matrix-animation-input-array" count="19">

0.000000 0.033333 0.066667 0.100000 0.133333 0.166667 0.200000 0.233333 0.266667 0.300000 0.333333 0.366667 0.400000 0.433333 0.466667 0.500000
0.533333 0.566667 0.600000</float_array>
        <technique_common>
          <accessor source="#mixamorig_L_A_skirt1-Matrix-animation-input-array" count="19">
            <param name="TIME" type="float"/>
          </accessor>
        </technique_common>
      </source>
      <source id="mixamorig_L_A_skirt1-Matrix-animation-output-transform">
        <float_array id="mixamorig_L_A_skirt1-Matrix-animation-output-transform-array" count="304">

0.122996 0.897244 0.424058 9.424300 -0.992244 0.103429 0.068955 -5.518500 0.018009 -0.429250 0.903006 15.946100 0.000000 0.000000 0.000000 1.000000
0.122996 0.897244 0.424058 9.424300 -0.992244 0.103429 0.068955 -5.518500 0.018009 -0.429250 0.903006 15.946100 0.000000 0.000000 0.000000 1.000000
0.122996 0.897244 0.424058 9.424300 -0.992244 0.103429 0.068955 -5.518500 0.018009 -0.429250 0.903006 15.946100 0.000000 0.000000 0.000000 1.000000
0.122996 0.897244 0.424058 9.424300 -0.992244 0.103429 0.068955 -5.518500 0.018009 -0.429250 0.903006 15.946100 0.000000 0.000000 0.000000 1.000000
0.122996 0.897244 0.424058 9.424300 -0.992244 0.103429 0.068955 -5.518500 0.018009 -0.429250 0.903006 15.946100 0.000000 0.000000 0.000000 1.000000
0.122996 0.897244 0.424058 9.424300 -0.992244 0.103429 0.068955 -5.518500 0.018009 -0.429250 0.903006 15.946100 0.000000 0.000000 0.000000 1.000000
0.122996 0.897244 0.424058 9.424300 -0.992244 0.103429 0.068955 -5.518500 0.018009 -0.429250 0.903006 15.946100 0.000000 0.000000 0.000000 1.000000
0.122996 0.897244 0.424058 9.424300 -0.992244 0.103429 0.068955 -5.518500 0.018009 -0.429250 0.903006 15.946100 0.000000 0.000000 0.000000 1.000000
0.122996 0.897244 0.424058 9.424300 -0.992244 0.103429 0.068955 -5.518500 0.018009 -0.429250 0.903006 15.946100 0.000000 0.000000 0.000000 1.000000
0.122996 0.897244 0.424058 9.424300 -0.992244 0.103429 0.068955 -5.518500 0.018009 -0.429250 0.903006 15.946100 0.000000 0.000000 0.000000 1.000000
0.122996 0.897244 0.424058 9.424300 -0.992244 0.103429 0.068955 -5.518500 0.018009 -0.429250 0.903006 15.946100 0.000000 0.000000 0.000000 1.000000
0.122996 0.897244 0.424058 9.424300 -0.992244 0.103429 0.068955 -5.518500 0.018009 -0.429250 0.903006 15.946100 0.000000 0.000000 0.000000 1.000000
0.122996 0.897244 0.424058 9.424300 -0.992244 0.103429 0.068955 -5.518500 0.018009 -0.429250 0.903006 15.946100 0.000000 0.000000 0.000000 1.000000
0.122996 0.897244 0.424058 9.424300 -0.992244 0.103429 0.068955 -5.518500 0.018009 -0.429250 0.903006 15.946100 0.000000 0.000000 0.000000 1.000000
0.122996 0.897244 0.424058 9.424300 -0.992244 0.103429 0.068955 -5.518500 0.018009 -0.429250 0.903006 15.946100 0.000000 0.000000 0.000000 1.000000
0.122996 0.897244 0.424058 9.424300 -0.992244 0.103429 0.068955 -5.518500 0.018009 -0.429250 0.903006 15.946100 0.000000 0.000000 0.000000 1.000000
0.122996 0.897244 0.424058 9.424300 -0.992244 0.103429 0.068955 -5.518500 0.018009 -0.429250 0.903006 15.946100 0.000000 0.000000 0.000000 1.000000
0.122996 0.897244 0.424058 9.424300 -0.992244 0.103429 0.068955 -5.518500 0.018009 -0.429250 0.903006 15.946100 0.000000 0.000000 0.000000 1.000000
0.122996 0.897244 0.424058 9.424300 -0.992244 0.103429 0.068955 -5.518500 0.018009 -0.429250 0.903006 15.946100 0.000000 0.000000 0.000000 1.000000</float_array>
        <technique_common>
          <accessor source="#mixamorig_L_A_skirt1-Matrix-animation-output-transform-array" count="19" stride="16">
            <param type="float4x4"/>
          </accessor>
        </technique_common>
      </source>
      <source id="mixamorig_L_A_skirt1-Interpolations">
        <Name_array id="mixamorig_L_A_skirt1-Interpolations-array" count="19">
 LINEAR LINEAR LINEAR LINEAR LINEAR LINEAR LINEAR LINEAR LINEAR LINEAR LINEAR
LINEAR LINEAR LINEAR LINEAR LINEAR LINEAR LINEAR LINEAR</Name_array>
        <technique_common>
          <accessor source="#mixamorig_L_A_skirt1-Interpolations-array" count="19">
            <param type="name"/>
          </accessor>
        </technique_common>
      </source>
      <sampler id="mixamorig_L_A_skirt1-Matrix-animation-transform">
        <input semantic="INPUT" source="#mixamorig_L_A_skirt1-Matrix-animation-input"/>
        <input semantic="OUTPUT" source="#mixamorig_L_A_skirt1-Matrix-animation-output-transform"/>
        <input semantic="INTERPOLATION" source="#mixamorig_L_A_skirt1-Interpolations"/>
      </sampler>
      <channel source="#mixamorig_L_A_skirt1-Matrix-animation-transform" target="mixamorig_L_A_skirt1/matrix"/>
    </animation>
    <animation id="mixamorig_L_A_skirt2-anim" name="mixamorig_L_A_skirt2">
      <source id="mixamorig_L_A_skirt2-Matrix-animation-input">
        <float_array id="mixamorig_L_A_skirt2-Matrix-animation-input-array" count="19">

0.000000 0.033333 0.066667 0.100000 0.133333 0.166667 0.200000 0.233333 0.266667 0.300000 0.333333 0.366667 0.400000 0.433333 0.466667 0.500000
0.533333 0.566667 0.600000</float_array>
        <technique_common>
          <accessor source="#mixamorig_L_A_skirt2-Matrix-animation-input-array" count="19">
            <param name="TIME" type="float"/>
          </accessor>
        </technique_common>
      </source>
      <source id="mixamorig_L_A_skirt2-Matrix-animation-output-transform">
        <float_array id="mixamorig_L_A_skirt2-Matrix-animation-output-transform-array" count="304">

1.000000 0.000000 0.000000 27.000000 -0.000000 1.000000 0.000000 0.000000 0.000000 -0.000000 1.000000 0.000000 0.000000 0.000000 0.000000 1.000000
1.000000 0.000000 -0.000000 27.000000 0.000000 1.000000 -0.000000 -0.000000 -0.000000 0.000000 1.000000 -0.000000 0.000000 0.000000 0.000000 1.000000
1.000000 0.000000 0.000000 27.000000 -0.000000 1.000000 0.000000 0.000000 0.000000 -0.000000 1.000000 -0.000000 0.000000 0.000000 0.000000 1.000000
1.000000 -0.000000 -0.000000 27.000000 0.000000 1.000000 0.000000 0.000000 -0.000000 0.000000 1.000000 0.000000 0.000000 0.000000 0.000000 1.000000
1.000000 -0.000000 -0.000000 27.000000 -0.000000 1.000000 0.000000 0.000000 0.000000 0.000000 1.000000 0.000000 0.000000 0.000000 0.000000 1.000000
1.000000 0.000000 -0.000000 27.000000 0.000000 1.000000 0.000000 0.000000 0.000000 -0.000000 1.000000 0.000000 0.000000 0.000000 0.000000 1.000000
1.000000 0.000000 0.000000 27.000000 0.000000 1.000000 0.000000 0.000000 0.000000 -0.000000 1.000000 0.000000 0.000000 0.000000 0.000000 1.000000
1.000000 0.000000 0.000000 27.000000 0.000000 1.000000 0.000000 0.000000 -0.000000 -0.000000 1.000000 -0.000000 0.000000 0.000000 0.000000 1.000000
1.000000 0.000000 0.000000 27.000000 -0.000000 1.000000 0.000000 0.000000 0.000000 0.000000 1.000000 -0.000000 0.000000 0.000000 0.000000 1.000000
1.000000 -0.000000 -0.000000 27.000000 -0.000000 1.000000 0.000000 0.000000 0.000000 0.000000 1.000000 0.000000 0.000000 0.000000 0.000000 1.000000
1.000000 -0.000000 0.000000 27.000000 -0.000000 1.000000 0.000000 0.000000 -0.000000 -0.000000 1.000000 -0.000000 0.000000 0.000000 0.000000 1.000000
1.000000 0.000000 -0.000000 27.000000 0.000000 1.000000 0.000000 0.000000 -0.000000 -0.000000 1.000000 0.000000 0.000000 0.000000 0.000000 1.000000
1.000000 0.000000 -0.000000 27.000000 -0.000000 1.000000 0.000000 0.000000 -0.000000 -0.000000 1.000000 0.000000 0.000000 0.000000 0.000000 1.000000
1.000000 -0.000000 -0.000000 27.000000 0.000000 1.000000 -0.000000 0.000000 0.000000 0.000000 1.000000 0.000000 0.000000 0.000000 0.000000 1.000000
1.000000 0.000000 -0.000000 27.000000 0.000000 1.000000 0.000000 0.000000 -0.000000 0.000000 1.000000 0.000000 0.000000 0.000000 0.000000 1.000000
1.000000 0.000000 0.000000 27.000000 0.000000 1.000000 -0.000000 -0.000000 0.000000 0.000000 1.000000 0.000000 0.000000 0.000000 0.000000 1.000000
1.000000 -0.000000 -0.000000 27.000000 -0.000000 1.000000 -0.000000 0.000000 -0.000000 -0.000000 1.000000 -0.000000 0.000000 0.000000 0.000000 1.000000
1.000000 -0.000000 0.000000 27.000000 -0.000000 1.000000 0.000000 0.000000 0.000000 0.000000 1.000000 0.000000 0.000000 0.000000 0.000000 1.000000
1.000000 0.000000 0.000000 27.000000 0.000000 1.000000 -0.000000 0.000000 0.000000 -0.000000 1.000000 0.000000 0.000000 0.000000 0.000000 1.000000</float_array>
        <technique_common>
          <accessor source="#mixamorig_L_A_skirt2-Matrix-animation-output-transform-array" count="19" stride="16">
            <param type="float4x4"/>
          </accessor>
        </technique_common>
      </source>
      <source id="mixamorig_L_A_skirt2-Interpolations">
        <Name_array id="mixamorig_L_A_skirt2-Interpolations-array" count="19">
 LINEAR LINEAR LINEAR LINEAR LINEAR LINEAR LINEAR LINEAR LINEAR LINEAR LINEAR
LINEAR LINEAR LINEAR LINEAR LINEAR LINEAR LINEAR LINEAR</Name_array>
        <technique_common>
          <accessor source="#mixamorig_L_A_skirt2-Interpolations-array" count="19">
            <param type="name"/>
          </accessor>
        </technique_common>
      </source>
      <sampler id="mixamorig_L_A_skirt2-Matrix-animation-transform">
        <input semantic="INPUT" source="#mixamorig_L_A_skirt2-Matrix-animation-input"/>
        <input semantic="OUTPUT" source="#mixamorig_L_A_skirt2-Matrix-animation-output-transform"/>
        <input semantic="INTERPOLATION" source="#mixamorig_L_A_skirt2-Interpolations"/>
      </sampler>
      <channel source="#mixamorig_L_A_skirt2-Matrix-animation-transform" target="mixamorig_L_A_skirt2/matrix"/>
    </animation>
    <animation id="mixamorig_L_A_skirt3-anim" name="mixamorig_L_A_skirt3">
      <source id="mixamorig_L_A_skirt3-Matrix-animation-input">
        <float_array id="mixamorig_L_A_skirt3-Matrix-animation-input-array" count="19">

0.000000 0.033333 0.066667 0.100000 0.133333 0.166667 0.200000 0.233333 0.266667 0.300000 0.333333 0.366667 0.400000 0.433333 0.466667 0.500000
0.533333 0.566667 0.600000</float_array>
        <technique_common>
          <accessor source="#mixamorig_L_A_skirt3-Matrix-animation-input-array" count="19">
            <param name="TIME" type="float"/>
          </accessor>
        </technique_common>
      </source>
      <source id="mixamorig_L_A_skirt3-Matrix-animation-output-transform">
        <float_array id="mixamorig_L_A_skirt3-Matrix-animation-output-transform-array" count="304">

1.000000 -0.000000 0.000000 27.000000 -0.000000 1.000000 0.000000 0.000000 0.000000 0.000000 1.000000 0.000000 0.000000 0.000000 0.000000 1.000000
1.000000 0.000000 -0.000000 27.000000 0.000000 1.000000 -0.000000 0.000000 -0.000000 0.000000 1.000000 0.000000 0.000000 0.000000 0.000000 1.000000
1.000000 -0.000000 0.000000 27.000000 -0.000000 1.000000 0.000000 0.000000 -0.000000 0.000000 1.000000 0.000000 0.000000 0.000000 0.000000 1.000000
1.000000 0.000000 -0.000000 27.000000 0.000000 1.000000 0.000000 0.000000 0.000000 0.000000 1.000000 0.000000 0.000000 0.000000 0.000000 1.000000
1.000000 0.000000 -0.000000 27.000000 0.000000 1.000000 -0.000000 0.000000 0.000000 0.000000 1.000000 0.000000 0.000000 0.000000 0.000000 1.000000
1.000000 0.000000 -0.000000 27.000000 0.000000 1.000000 0.000000 0.000000 -0.000000 -0.000000 1.000000 0.000000 0.000000 0.000000 0.000000 1.000000
1.000000 -0.000000 0.000000 27.000000 0.000000 1.000000 0.000000 0.000000 0.000000 0.000000 1.000000 0.000000 0.000000 0.000000 0.000000 1.000000
1.000000 0.000000 0.000000 27.000000 0.000000 1.000000 0.000000 -0.000000 0.000000 -0.000000 1.000000 -0.000000 0.000000 0.000000 0.000000 1.000000
1.000000 0.000000 0.000000 27.000000 0.000000 1.000000 0.000000 0.000000 -0.000000 0.000000 1.000000 -0.000000 0.000000 0.000000 0.000000 1.000000
1.000000 -0.000000 0.000000 27.000000 0.000000 1.000000 0.000000 0.000000 0.000000 0.000000 1.000000 0.000000 0.000000 0.000000 0.000000 1.000000
1.000000 0.000000 -0.000000 27.000000 0.000000 1.000000 0.000000 -0.000000 -0.000000 0.000000 1.000000 0.000000 0.000000 0.000000 0.000000 1.000000
1.000000 0.000000 -0.000000 27.000000 0.000000 1.000000 0.000000 0.000000 -0.000000 -0.000000 1.000000 0.000000 0.000000 0.000000 0.000000 1.000000
1.000000 -0.000000 0.000000 27.000000 0.000000 1.000000 0.000000 0.000000 -0.000000 0.000000 1.000000 0.000000 0.000000 0.000000 0.000000 1.000000
1.000000 0.000000 -0.000000 27.000000 -0.000000 1.000000 0.000000 -0.000000 -0.000000 -0.000000 1.000000 -0.000000 0.000000 0.000000 0.000000 1.000000
1.000000 0.000000 -0.000000 27.000000 -0.000000 1.000000 0.000000 0.000000 -0.000000 0.000000 1.000000 -0.000000 0.000000 0.000000 0.000000 1.000000
1.000000 -0.000000 0.000000 27.000000 0.000000 1.000000 -0.000000 0.000000 0.000000 0.000000 1.000000 0.000000 0.000000 0.000000 0.000000 1.000000
1.000000 -0.000000 0.000000 27.000000 -0.000000 1.000000 0.000000 -0.000000 -0.000000 0.000000 1.000000 0.000000 0.000000 0.000000 0.000000 1.000000
1.000000 0.000000 0.000000 27.000000 0.000000 1.000000 0.000000 0.000000 -0.000000 -0.000000 1.000000 -0.000000 0.000000 0.000000 0.000000 1.000000
1.000000 0.000000 -0.000000 27.000000 0.000000 1.000000 -0.000000 0.000000 0.000000 -0.000000 1.000000 0.000000 0.000000 0.000000 0.000000 1.000000</float_array>
        <technique_common>
          <accessor source="#mixamorig_L_A_skirt3-Matrix-animation-output-transform-array" count="19" stride="16">
            <param type="float4x4"/>
          </accessor>
        </technique_common>
      </source>
      <source id="mixamorig_L_A_skirt3-Interpolations">
        <Name_array id="mixamorig_L_A_skirt3-Interpolations-array" count="19">
 LINEAR LINEAR LINEAR LINEAR LINEAR LINEAR LINEAR LINEAR LINEAR LINEAR LINEAR
LINEAR LINEAR LINEAR LINEAR LINEAR LINEAR LINEAR LINEAR</Name_array>
        <technique_common>
          <accessor source="#mixamorig_L_A_skirt3-Interpolations-array" count="19">
            <param type="name"/>
          </accessor>
        </technique_common>
      </source>
      <sampler id="mixamorig_L_A_skirt3-Matrix-animation-transform">
        <input semantic="INPUT" source="#mixamorig_L_A_skirt3-Matrix-animation-input"/>
        <input semantic="OUTPUT" source="#mixamorig_L_A_skirt3-Matrix-animation-output-transform"/>
        <input semantic="INTERPOLATION" source="#mixamorig_L_A_skirt3-Interpolations"/>
      </sampler>
      <channel source="#mixamorig_L_A_skirt3-Matrix-animation-transform" target="mixamorig_L_A_skirt3/matrix"/>
    </animation>
    <animation id="mixamorig_L_B_skirt1-anim" name="mixamorig_L_B_skirt1">
      <source id="mixamorig_L_B_skirt1-Matrix-animation-input">
        <float_array id="mixamorig_L_B_skirt1-Matrix-animation-input-array" count="19">

0.000000 0.033333 0.066667 0.100000 0.133333 0.166667 0.200000 0.233333 0.266667 0.300000 0.333333 0.366667 0.400000 0.433333 0.466667 0.500000
0.533333 0.566667 0.600000</float_array>
        <technique_common>
          <accessor source="#mixamorig_L_B_skirt1-Matrix-animation-input-array" count="19">
            <param name="TIME" type="float"/>
          </accessor>
        </technique_common>
      </source>
      <source id="mixamorig_L_B_skirt1-Matrix-animation-output-transform">
        <float_array id="mixamorig_L_B_skirt1-Matrix-animation-output-transform-array" count="304">

0.111759 0.000000 0.993735 18.448999 -0.993735 0.000000 0.111759 -4.216000 -0.000000 -1.000000 0.000000 -0.295100 0.000000 0.000000 0.000000 1.000000
0.111759 -0.000000 0.993735 18.448999 -0.993735 0.000000 0.111759 -4.216000 -0.000000 -1.000000 -0.000000 -0.295100 0.000000 0.000000 0.000000 1.000000
0.111759 0.000000 0.993735 18.448999 -0.993735 0.000000 0.111759 -4.216000 -0.000000 -1.000000 0.000000 -0.295100 0.000000 0.000000 0.000000 1.000000
0.111759 -0.000000 0.993735 18.448999 -0.993735 0.000000 0.111759 -4.216000 -0.000000 -1.000000 0.000000 -0.295100 0.000000 0.000000 0.000000 1.000000
0.111759 0.000000 0.993735 18.448999 -0.993735 0.000000 0.111759 -4.216000 -0.000000 -1.000000 0.000000 -0.295100 0.000000 0.000000 0.000000 1.000000
0.111759 0.000000 0.993735 18.448999 -0.993735 -0.000000 0.111759 -4.216000 -0.000000 -1.000000 0.000000 -0.295100 0.000000 0.000000 0.000000 1.000000
0.111759 -0.000000 0.993735 18.448999 -0.993735 0.000000 0.111759 -4.216000 0.000000 -1.000000 0.000000 -0.295100 0.000000 0.000000 0.000000 1.000000
0.111759 0.000000 0.993735 18.448999 -0.993735 -0.000000 0.111759 -4.216000 0.000000 -1.000000 0.000000 -0.295100 0.000000 0.000000 0.000000 1.000000
0.111759 0.000000 0.993735 18.448999 -0.993735 -0.000000 0.111759 -4.216000 0.000000 -1.000000 0.000000 -0.295100 0.000000 0.000000 0.000000 1.000000
0.111759 -0.000000 0.993735 18.448999 -0.993735 0.000000 0.111759 -4.216000 0.000000 -1.000000 0.000000 -0.295100 0.000000 0.000000 0.000000 1.000000
0.111759 0.000000 0.993735 18.448999 -0.993735 0.000000 0.111759 -4.216000 0.000000 -1.000000 0.000000 -0.295100 0.000000 0.000000 0.000000 1.000000
0.111759 0.000000 0.993735 18.448999 -0.993735 -0.000000 0.111759 -4.216000 -0.000000 -1.000000 0.000000 -0.295100 0.000000 0.000000 0.000000 1.000000
0.111759 0.000000 0.993735 18.448999 -0.993735 -0.000000 0.111759 -4.216000 0.000000 -1.000000 0.000000 -0.295100 0.000000 0.000000 0.000000 1.000000
0.111759 0.000000 0.993735 18.448999 -0.993735 0.000000 0.111759 -4.216000 -0.000000 -1.000000 0.000000 -0.295100 0.000000 0.000000 0.000000 1.000000
0.111759 0.000000 0.993735 18.448999 -0.993735 -0.000000 0.111759 -4.216000 -0.000000 -1.000000 0.000000 -0.295100 0.000000 0.000000 0.000000 1.000000
0.111759 -0.000000 0.993735 18.448999 -0.993735 -0.000000 0.111759 -4.216000 0.000000 -1.000000 0.000000 -0.295100 0.000000 0.000000 0.000000 1.000000
0.111759 0.000000 0.993735 18.448999 -0.993735 -0.000000 0.111759 -4.216000 0.000000 -1.000000 0.000000 -0.295100 0.000000 0.000000 0.000000 1.000000
0.111759 0.000000 0.993735 18.448999 -0.993735 0.000000 0.111759 -4.216000 -0.000000 -1.000000 0.000000 -0.295100 0.000000 0.000000 0.000000 1.000000
0.111759 0.000000 0.993735 18.448999 -0.993735 -0.000000 0.111759 -4.216000 0.000000 -1.000000 0.000000 -0.295100 0.000000 0.000000 0.000000 1.000000</float_array>
        <technique_common>
          <accessor source="#mixamorig_L_B_skirt1-Matrix-animation-output-transform-array" count="19" stride="16">
            <param type="float4x4"/>
          </accessor>
        </technique_common>
      </source>
      <source id="mixamorig_L_B_skirt1-Interpolations">
        <Name_array id="mixamorig_L_B_skirt1-Interpolations-array" count="19">
 LINEAR LINEAR LINEAR LINEAR LINEAR LINEAR LINEAR LINEAR LINEAR LINEAR LINEAR
LINEAR LINEAR LINEAR LINEAR LINEAR LINEAR LINEAR LINEAR</Name_array>
        <technique_common>
          <accessor source="#mixamorig_L_B_skirt1-Interpolations-array" count="19">
            <param type="name"/>
          </accessor>
        </technique_common>
      </source>
      <sampler id="mixamorig_L_B_skirt1-Matrix-animation-transform">
        <input semantic="INPUT" source="#mixamorig_L_B_skirt1-Matrix-animation-input"/>
        <input semantic="OUTPUT" source="#mixamorig_L_B_skirt1-Matrix-animation-output-transform"/>
        <input semantic="INTERPOLATION" source="#mixamorig_L_B_skirt1-Interpolations"/>
      </sampler>
      <channel source="#mixamorig_L_B_skirt1-Matrix-animation-transform" target="mixamorig_L_B_skirt1/matrix"/>
    </animation>
    <animation id="mixamorig_L_B_skirt2-anim" name="mixamorig_L_B_skirt2">
      <source id="mixamorig_L_B_skirt2-Matrix-animation-input">
        <float_array id="mixamorig_L_B_skirt2-Matrix-animation-input-array" count="19">

0.000000 0.033333 0.066667 0.100000 0.133333 0.166667 0.200000 0.233333 0.266667 0.300000 0.333333 0.366667 0.400000 0.433333 0.466667 0.500000
0.533333 0.566667 0.600000</float_array>
        <technique_common>
          <accessor source="#mixamorig_L_B_skirt2-Matrix-animation-input-array" count="19">
            <param name="TIME" type="float"/>
          </accessor>
        </technique_common>
      </source>
      <source id="mixamorig_L_B_skirt2-Matrix-animation-output-transform">
        <float_array id="mixamorig_L_B_skirt2-Matrix-animation-output-transform-array" count="304">

1.000000 -0.000000 -0.000000 27.000000 -0.000000 1.000000 -0.000000 0.000000 0.000000 -0.000000 1.000000 0.000000 0.000000 0.000000 0.000000 1.000000
1.000000 0.000000 -0.000000 27.000000 0.000000 1.000000 0.000000 -0.000000 0.000000 -0.000000 1.000000 0.000000 0.000000 0.000000 0.000000 1.000000
1.000000 -0.000000 -0.000000 27.000000 0.000000 1.000000 -0.000000 -0.000000 -0.000000 0.000000 1.000000 0.000000 0.000000 0.000000 0.000000 1.000000
1.000000 0.000000 -0.000000 27.000000 -0.000000 1.000000 -0.000000 -0.000000 0.000000 -0.000000 1.000000 0.000000 0.000000 0.000000 0.000000 1.000000
1.000000 0.000000 -0.000000 27.000000 -0.000000 1.000000 0.000000 -0.000000 0.000000 -0.000000 1.000000 0.000000 0.000000 0.000000 0.000000 1.000000
1.000000 0.000000 0.000000 27.000000 -0.000000 1.000000 0.000000 0.000000 -0.000000 0.000000 1.000000 -0.000000 0.000000 0.000000 0.000000 1.000000
1.000000 0.000000 0.000000 27.000000 -0.000000 1.000000 -0.000000 0.000000 -0.000000 -0.000000 1.000000 0.000000 0.000000 0.000000 0.000000 1.000000
1.000000 0.000000 0.000000 27.000000 -0.000000 1.000000 0.000000 -0.000000 -0.000000 0.000000 1.000000 0.000000 0.000000 0.000000 0.000000 1.000000
1.000000 0.000000 0.000000 27.000000 0.000000 1.000000 0.000000 0.000000 0.000000 0.000000 1.000000 0.000000 0.000000 0.000000 0.000000 1.000000
1.000000 -0.000000 -0.000000 27.000000 0.000000 1.000000 0.000000 0.000000 -0.000000 0.000000 1.000000 0.000000 0.000000 0.000000 0.000000 1.000000
1.000000 0.000000 -0.000000 27.000000 -0.000000 1.000000 -0.000000 0.000000 0.000000 0.000000 1.000000 0.000000 0.000000 0.000000 0.000000 1.000000
1.000000 0.000000 0.000000 27.000000 0.000000 1.000000 0.000000 0.000000 0.000000 0.000000 1.000000 0.000000 0.000000 0.000000 0.000000 1.000000
1.000000 0.000000 -0.000000 27.000000 -0.000000 1.000000 0.000000 0.000000 0.000000 0.000000 1.000000 -0.000000 0.000000 0.000000 0.000000 1.000000
1.000000 -0.000000 -0.000000 27.000000 0.000000 1.000000 -0.000000 0.000000 -0.000000 0.000000 1.000000 0.000000 0.000000 0.000000 0.000000 1.000000
1.000000 0.000000 -0.000000 27.000000 0.000000 1.000000 0.000000 0.000000 0.000000 -0.000000 1.000000 0.000000 0.000000 0.000000 0.000000 1.000000
1.000000 -0.000000 0.000000 27.000000 0.000000 1.000000 -0.000000 0.000000 0.000000 0.000000 1.000000 0.000000 0.000000 0.000000 0.000000 1.000000
1.000000 0.000000 -0.000000 27.000000 -0.000000 1.000000 0.000000 0.000000 -0.000000 -0.000000 1.000000 0.000000 0.000000 0.000000 0.000000 1.000000
1.000000 -0.000000 -0.000000 27.000000 0.000000 1.000000 -0.000000 0.000000 0.000000 0.000000 1.000000 0.000000 0.000000 0.000000 0.000000 1.000000
1.000000 0.000000 0.000000 27.000000 0.000000 1.000000 0.000000 -0.000000 0.000000 0.000000 1.000000 0.000000 0.000000 0.000000 0.000000 1.000000</float_array>
        <technique_common>
          <accessor source="#mixamorig_L_B_skirt2-Matrix-animation-output-transform-array" count="19" stride="16">
            <param type="float4x4"/>
          </accessor>
        </technique_common>
      </source>
      <source id="mixamorig_L_B_skirt2-Interpolations">
        <Name_array id="mixamorig_L_B_skirt2-Interpolations-array" count="19">
 LINEAR LINEAR LINEAR LINEAR LINEAR LINEAR LINEAR LINEAR LINEAR LINEAR LINEAR
LINEAR LINEAR LINEAR LINEAR LINEAR LINEAR LINEAR LINEAR</Name_array>
        <technique_common>
          <accessor source="#mixamorig_L_B_skirt2-Interpolations-array" count="19">
            <param type="name"/>
          </accessor>
        </technique_common>
      </source>
      <sampler id="mixamorig_L_B_skirt2-Matrix-animation-transform">
        <input semantic="INPUT" source="#mixamorig_L_B_skirt2-Matrix-animation-input"/>
        <input semantic="OUTPUT" source="#mixamorig_L_B_skirt2-Matrix-animation-output-transform"/>
        <input semantic="INTERPOLATION" source="#mixamorig_L_B_skirt2-Interpolations"/>
      </sampler>
      <channel source="#mixamorig_L_B_skirt2-Matrix-animation-transform" target="mixamorig_L_B_skirt2/matrix"/>
    </animation>
    <animation id="mixamorig_L_B_skirt3-anim" name="mixamorig_L_B_skirt3">
      <source id="mixamorig_L_B_skirt3-Matrix-animation-input">
        <float_array id="mixamorig_L_B_skirt3-Matrix-animation-input-array" count="19">

0.000000 0.033333 0.066667 0.100000 0.133333 0.166667 0.200000 0.233333 0.266667 0.300000 0.333333 0.366667 0.400000 0.433333 0.466667 0.500000
0.533333 0.566667 0.600000</float_array>
        <technique_common>
          <accessor source="#mixamorig_L_B_skirt3-Matrix-animation-input-array" count="19">
            <param name="TIME" type="float"/>
          </accessor>
        </technique_common>
      </source>
      <source id="mixamorig_L_B_skirt3-Matrix-animation-output-transform">
        <float_array id="mixamorig_L_B_skirt3-Matrix-animation-output-transform-array" count="304">

1.000000 0.000000 0.000000 27.000000 0.000000 1.000000 0.000000 0.000000 0.000000 0.000000 1.000000 0.000000 0.000000 0.000000 0.000000 1.000000
1.000000 0.000000 -0.000000 27.000000 0.000000 1.000000 0.000000 0.000000 0.000000 -0.000000 1.000000 0.000000 0.000000 0.000000 0.000000 1.000000
1.000000 -0.000000 -0.000000 27.000000 0.000000 1.000000 -0.000000 0.000000 0.000000 0.000000 1.000000 0.000000 0.000000 0.000000 0.000000 1.000000
1.000000 -0.000000 -0.000000 27.000000 -0.000000 1.000000 -0.000000 0.000000 0.000000 0.000000 1.000000 -0.000000 0.000000 0.000000 0.000000 1.000000
1.000000 -0.000000 -0.000000 27.000000 -0.000000 1.000000 0.000000 0.000000 0.000000 0.000000 1.000000 0.000000 0.000000 0.000000 0.000000 1.000000
1.000000 0.000000 0.000000 27.000000 0.000000 1.000000 0.000000 0.000000 0.000000 0.000000 1.000000 0.000000 0.000000 0.000000 0.000000 1.000000
1.000000 0.000000 0.000000 27.000000 -0.000000 1.000000 0.000000 0.000000 -0.000000 -0.000000 1.000000 0.000000 0.000000 0.000000 0.000000 1.000000
1.000000 -0.000000 0.000000 27.000000 -0.000000 1.000000 0.000000 0.000000 -0.000000 0.000000 1.000000 0.000000 0.000000 0.000000 0.000000 1.000000
1.000000 -0.000000 -0.000000 27.000000 0.000000 1.000000 0.000000 -0.000000 -0.000000 0.000000 1.000000 0.000000 0.000000 0.000000 0.000000 1.000000
1.000000 0.000000 -0.000000 27.000000 -0.000000 1.000000 0.000000 0.000000 -0.000000 0.000000 1.000000 0.000000 0.000000 0.000000 0.000000 1.000000
1.000000 -0.000000 0.000000 27.000000 0.000000 1.000000 -0.000000 0.000000 0.000000 -0.000000 1.000000 -0.000000 0.000000 0.000000 0.000000 1.000000
1.000000 -0.000000 -0.000000 27.000000 0.000000 1.000000 -0.000000 0.000000 -0.000000 0.000000 1.000000 0.000000 0.000000 0.000000 0.000000 1.000000
1.000000 0.000000 0.000000 27.000000 0.000000 1.000000 0.000000 0.000000 0.000000 0.000000 1.000000 0.000000 0.000000 0.000000 0.000000 1.000000
1.000000 -0.000000 -0.000000 27.000000 -0.000000 1.000000 -0.000000 0.000000 0.000000 0.000000 1.000000 0.000000 0.000000 0.000000 0.000000 1.000000
1.000000 0.000000 0.000000 27.000000 0.000000 1.000000 0.000000 -0.000000 0.000000 -0.000000 1.000000 0.000000 0.000000 0.000000 0.000000 1.000000
1.000000 0.000000 -0.000000 27.000000 0.000000 1.000000 0.000000 0.000000 -0.000000 -0.000000 1.000000 0.000000 0.000000 0.000000 0.000000 1.000000
1.000000 -0.000000 -0.000000 27.000000 0.000000 1.000000 0.000000 0.000000 -0.000000 -0.000000 1.000000 0.000000 0.000000 0.000000 0.000000 1.000000
1.000000 -0.000000 -0.000000 27.000000 0.000000 1.000000 -0.000000 -0.000000 -0.000000 -0.000000 1.000000 0.000000 0.000000 0.000000 0.000000 1.000000
1.000000 -0.000000 0.000000 27.000000 0.000000 1.000000 -0.000000 -0.000000 -0.000000 -0.000000 1.000000 0.000000 0.000000 0.000000 0.000000 1.000000</float_array>
        <technique_common>
          <accessor source="#mixamorig_L_B_skirt3-Matrix-animation-output-transform-array" count="19" stride="16">
            <param type="float4x4"/>
          </accessor>
        </technique_common>
      </source>
      <source id="mixamorig_L_B_skirt3-Interpolations">
        <Name_array id="mixamorig_L_B_skirt3-Interpolations-array" count="19">
 LINEAR LINEAR LINEAR LINEAR LINEAR LINEAR LINEAR LINEAR LINEAR LINEAR LINEAR
LINEAR LINEAR LINEAR LINEAR LINEAR LINEAR LINEAR LINEAR</Name_array>
        <technique_common>
          <accessor source="#mixamorig_L_B_skirt3-Interpolations-array" count="19">
            <param type="name"/>
          </accessor>
        </technique_common>
      </source>
      <sampler id="mixamorig_L_B_skirt3-Matrix-animation-transform">
        <input semantic="INPUT" source="#mixamorig_L_B_skirt3-Matrix-animation-input"/>
        <input semantic="OUTPUT" source="#mixamorig_L_B_skirt3-Matrix-animation-output-transform"/>
        <input semantic="INTERPOLATION" source="#mixamorig_L_B_skirt3-Interpolations"/>
      </sampler>
      <channel source="#mixamorig_L_B_skirt3-Matrix-animation-transform" target="mixamorig_L_B_skirt3/matrix"/>
    </animation>
    <animation id="mixamorig_L_C_skirt1-anim" name="mixamorig_L_C_skirt1">
      <source id="mixamorig_L_C_skirt1-Matrix-animation-input">
        <float_array id="mixamorig_L_C_skirt1-Matrix-animation-input-array" count="19">

0.000000 0.033333 0.066667 0.100000 0.133333 0.166667 0.200000 0.233333 0.266667 0.300000 0.333333 0.366667 0.400000 0.433333 0.466667 0.500000
0.533333 0.566667 0.600000</float_array>
        <technique_common>
          <accessor source="#mixamorig_L_C_skirt1-Matrix-animation-input-array" count="19">
            <param name="TIME" type="float"/>
          </accessor>
        </technique_common>
      </source>
      <source id="mixamorig_L_C_skirt1-Matrix-animation-output-transform">
        <float_array id="mixamorig_L_C_skirt1-Matrix-animation-output-transform-array" count="304">

0.023939 -0.971540 0.235663 7.049900 -0.998221 -0.010354 0.058718 -6.149500 -0.054607 -0.236649 -0.970059 -15.762800 0.000000 0.000000 0.000000 1.000000
0.023939 -0.971540 0.235663 7.049900 -0.998221 -0.010354 0.058718 -6.149500 -0.054607 -0.236649 -0.970059 -15.762800 0.000000 0.000000 0.000000 1.000000
0.023939 -0.971540 0.235663 7.049900 -0.998221 -0.010354 0.058718 -6.149500 -0.054607 -0.236649 -0.970059 -15.762800 0.000000 0.000000 0.000000 1.000000
0.023939 -0.971540 0.235663 7.049900 -0.998221 -0.010354 0.058718 -6.149500 -0.054607 -0.236649 -0.970059 -15.762800 0.000000 0.000000 0.000000 1.000000
0.023939 -0.971540 0.235663 7.049900 -0.998221 -0.010354 0.058718 -6.149500 -0.054607 -0.236649 -0.970059 -15.762800 0.000000 0.000000 0.000000 1.000000
0.023939 -0.971540 0.235663 7.049900 -0.998221 -0.010354 0.058718 -6.149500 -0.054607 -0.236649 -0.970059 -15.762800 0.000000 0.000000 0.000000 1.000000
0.023939 -0.971540 0.235663 7.049900 -0.998221 -0.010354 0.058718 -6.149500 -0.054607 -0.236649 -0.970059 -15.762800 0.000000 0.000000 0.000000 1.000000
0.023939 -0.971540 0.235663 7.049900 -0.998221 -0.010354 0.058718 -6.149500 -0.054607 -0.236649 -0.970059 -15.762800 0.000000 0.000000 0.000000 1.000000
0.023939 -0.971540 0.235663 7.049900 -0.998221 -0.010354 0.058718 -6.149500 -0.054607 -0.236649 -0.970059 -15.762800 0.000000 0.000000 0.000000 1.000000
0.023939 -0.971540 0.235663 7.049900 -0.998221 -0.010354 0.058718 -6.149500 -0.054607 -0.236649 -0.970059 -15.762800 0.000000 0.000000 0.000000 1.000000
0.023939 -0.971540 0.235663 7.049900 -0.998221 -0.010354 0.058718 -6.149500 -0.054607 -0.236649 -0.970059 -15.762800 0.000000 0.000000 0.000000 1.000000
0.023939 -0.971540 0.235663 7.049900 -0.998221 -0.010354 0.058718 -6.149500 -0.054607 -0.236649 -0.970059 -15.762800 0.000000 0.000000 0.000000 1.000000
0.023939 -0.971540 0.235663 7.049900 -0.998221 -0.010354 0.058718 -6.149500 -0.054607 -0.236649 -0.970059 -15.762800 0.000000 0.000000 0.000000 1.000000
0.023939 -0.971540 0.235663 7.049900 -0.998221 -0.010354 0.058718 -6.149500 -0.054607 -0.236649 -0.970059 -15.762800 0.000000 0.000000 0.000000 1.000000
0.023939 -0.971540 0.235663 7.049900 -0.998221 -0.010354 0.058718 -6.149500 -0.054607 -0.236649 -0.970059 -15.762800 0.000000 0.000000 0.000000 1.000000
0.023939 -0.971540 0.235663 7.049900 -0.998221 -0.010354 0.058718 -6.149500 -0.054607 -0.236649 -0.970059 -15.762800 0.000000 0.000000 0.000000 1.000000
0.023939 -0.971540 0.235663 7.049900 -0.998221 -0.010354 0.058718 -6.149500 -0.054607 -0.236649 -0.970059 -15.762800 0.000000 0.000000 0.000000 1.000000
0.023939 -0.971540 0.235663 7.049900 -0.998221 -0.010354 0.058718 -6.149500 -0.054607 -0.236649 -0.970059 -15.762800 0.000000 0.000000 0.000000 1.000000
0.023939 -0.971540 0.235663 7.049900 -0.998221 -0.010354 0.058718 -6.149500 -0.054607 -0.236649 -0.970059 -15.762800 0.000000 0.000000 0.000000 1.000000</float_array>
        <technique_common>
          <accessor source="#mixamorig_L_C_skirt1-Matrix-animation-output-transform-array" count="19" stride="16">
            <param type="float4x4"/>
          </accessor>
        </technique_common>
      </source>
      <source id="mixamorig_L_C_skirt1-Interpolations">
        <Name_array id="mixamorig_L_C_skirt1-Interpolations-array" count="19">
 LINEAR LINEAR LINEAR LINEAR LINEAR LINEAR LINEAR LINEAR LINEAR LINEAR LINEAR
LINEAR LINEAR LINEAR LINEAR LINEAR LINEAR LINEAR LINEAR</Name_array>
        <technique_common>
          <accessor source="#mixamorig_L_C_skirt1-Interpolations-array" count="19">
            <param type="name"/>
          </accessor>
        </technique_common>
      </source>
      <sampler id="mixamorig_L_C_skirt1-Matrix-animation-transform">
        <input semantic="INPUT" source="#mixamorig_L_C_skirt1-Matrix-animation-input"/>
        <input semantic="OUTPUT" source="#mixamorig_L_C_skirt1-Matrix-animation-output-transform"/>
        <input semantic="INTERPOLATION" source="#mixamorig_L_C_skirt1-Interpolations"/>
      </sampler>
      <channel source="#mixamorig_L_C_skirt1-Matrix-animation-transform" target="mixamorig_L_C_skirt1/matrix"/>
    </animation>
    <animation id="mixamorig_L_C_skirt2-anim" name="mixamorig_L_C_skirt2">
      <source id="mixamorig_L_C_skirt2-Matrix-animation-input">
        <float_array id="mixamorig_L_C_skirt2-Matrix-animation-input-array" count="19">

0.000000 0.033333 0.066667 0.100000 0.133333 0.166667 0.200000 0.233333 0.266667 0.300000 0.333333 0.366667 0.400000 0.433333 0.466667 0.500000
0.533333 0.566667 0.600000</float_array>
        <technique_common>
          <accessor source="#mixamorig_L_C_skirt2-Matrix-animation-input-array" count="19">
            <param name="TIME" type="float"/>
          </accessor>
        </technique_common>
      </source>
      <source id="mixamorig_L_C_skirt2-Matrix-animation-output-transform">
        <float_array id="mixamorig_L_C_skirt2-Matrix-animation-output-transform-array" count="304">

1.000000 -0.000000 -0.000000 28.000000 0.000000 1.000000 -0.000000 0.000000 -0.000000 -0.000000 1.000000 -0.000000 0.000000 0.000000 0.000000 1.000000
1.000000 -0.000000 -0.000000 28.000000 0.000000 1.000000 0.000000 -0.000000 0.000000 0.000000 1.000000 -0.000000 0.000000 0.000000 0.000000 1.000000
1.000000 0.000000 0.000000 28.000000 0.000000 1.000000 -0.000000 0.000000 0.000000 0.000000 1.000000 -0.000000 0.000000 0.000000 0.000000 1.000000
1.000000 0.000000 0.000000 28.000000 -0.000000 1.000000 0.000000 -0.000000 -0.000000 0.000000 1.000000 0.000000 0.000000 0.000000 0.000000 1.000000
1.000000 -0.000000 0.000000 28.000000 0.000000 1.000000 0.000000 0.000000 -0.000000 -0.000000 1.000000 0.000000 0.000000 0.000000 0.000000 1.000000
1.000000 0.000000 -0.000000 28.000000 0.000000 1.000000 0.000000 0.000000 0.000000 0.000000 1.000000 0.000000 0.000000 0.000000 0.000000 1.000000
1.000000 0.000000 0.000000 28.000000 0.000000 1.000000 -0.000000 -0.000000 0.000000 0.000000 1.000000 0.000000 0.000000 0.000000 0.000000 1.000000
1.000000 0.000000 0.000000 28.000000 -0.000000 1.000000 -0.000000 0.000000 0.000000 -0.000000 1.000000 0.000000 0.000000 0.000000 0.000000 1.000000
1.000000 0.000000 -0.000000 28.000000 -0.000000 1.000000 0.000000 -0.000000 -0.000000 0.000000 1.000000 0.000000 0.000000 0.000000 0.000000 1.000000
1.000000 -0.000000 0.000000 28.000000 -0.000000 1.000000 -0.000000 0.000000 -0.000000 0.000000 1.000000 0.000000 0.000000 0.000000 0.000000 1.000000
1.000000 0.000000 -0.000000 28.000000 0.000000 1.000000 0.000000 -0.000000 0.000000 -0.000000 1.000000 0.000000 0.000000 0.000000 0.000000 1.000000
1.000000 0.000000 0.000000 28.000000 -0.000000 1.000000 -0.000000 -0.000000 0.000000 0.000000 1.000000 0.000000 0.000000 0.000000 0.000000 1.000000
1.000000 0.000000 -0.000000 28.000000 -0.000000 1.000000 -0.000000 -0.000000 0.000000 0.000000 1.000000 0.000000 0.000000 0.000000 0.000000 1.000000
1.000000 0.000000 0.000000 28.000000 0.000000 1.000000 0.000000 0.000000 0.000000 0.000000 1.000000 -0.000000 0.000000 0.000000 0.000000 1.000000
1.000000 -0.000000 0.000000 28.000000 0.000000 1.000000 -0.000000 0.000000 0.000000 0.000000 1.000000 0.000000 0.000000 0.000000 0.000000 1.000000
1.000000 -0.000000 -0.000000 28.000000 0.000000 1.000000 0.000000 0.000000 0.000000 -0.000000 1.000000 0.000000 0.000000 0.000000 0.000000 1.000000
1.000000 -0.000000 -0.000000 28.000000 0.000000 1.000000 0.000000 0.000000 -0.000000 -0.000000 1.000000 0.000000 0.000000 0.000000 0.000000 1.000000
1.000000 0.000000 0.000000 28.000000 -0.000000 1.000000 -0.000000 -0.000000 -0.000000 0.000000 1.000000 0.000000 0.000000 0.000000 0.000000 1.000000
1.000000 -0.000000 0.000000 28.000000 -0.000000 1.000000 0.000000 0.000000 0.000000 -0.000000 1.000000 -0.000000 0.000000 0.000000 0.000000 1.000000</float_array>
        <technique_common>
          <accessor source="#mixamorig_L_C_skirt2-Matrix-animation-output-transform-array" count="19" stride="16">
            <param type="float4x4"/>
          </accessor>
        </technique_common>
      </source>
      <source id="mixamorig_L_C_skirt2-Interpolations">
        <Name_array id="mixamorig_L_C_skirt2-Interpolations-array" count="19">
 LINEAR LINEAR LINEAR LINEAR LINEAR LINEAR LINEAR LINEAR LINEAR LINEAR LINEAR
LINEAR LINEAR LINEAR LINEAR LINEAR LINEAR LINEAR LINEAR</Name_array>
        <technique_common>
          <accessor source="#mixamorig_L_C_skirt2-Interpolations-array" count="19">
            <param type="name"/>
          </accessor>
        </technique_common>
      </source>
      <sampler id="mixamorig_L_C_skirt2-Matrix-animation-transform">
        <input semantic="INPUT" source="#mixamorig_L_C_skirt2-Matrix-animation-input"/>
        <input semantic="OUTPUT" source="#mixamorig_L_C_skirt2-Matrix-animation-output-transform"/>
        <input semantic="INTERPOLATION" source="#mixamorig_L_C_skirt2-Interpolations"/>
      </sampler>
      <channel source="#mixamorig_L_C_skirt2-Matrix-animation-transform" target="mixamorig_L_C_skirt2/matrix"/>
    </animation>
    <animation id="mixamorig_L_C_skirt3-anim" name="mixamorig_L_C_skirt3">
      <source id="mixamorig_L_C_skirt3-Matrix-animation-input">
        <float_array id="mixamorig_L_C_skirt3-Matrix-animation-input-array" count="19">

0.000000 0.033333 0.066667 0.100000 0.133333 0.166667 0.200000 0.233333 0.266667 0.300000 0.333333 0.366667 0.400000 0.433333 0.466667 0.500000
0.533333 0.566667 0.600000</float_array>
        <technique_common>
          <accessor source="#mixamorig_L_C_skirt3-Matrix-animation-input-array" count="19">
            <param name="TIME" type="float"/>
          </accessor>
        </technique_common>
      </source>
      <source id="mixamorig_L_C_skirt3-Matrix-animation-output-transform">
        <float_array id="mixamorig_L_C_skirt3-Matrix-animation-output-transform-array" count="304">

1.000000 0.000000 -0.000000 28.000000 0.000000 1.000000 -0.000000 0.000000 -0.000000 -0.000000 1.000000 0.000000 0.000000 0.000000 0.000000 1.000000
1.000000 -0.000000 -0.000000 28.000000 0.000000 1.000000 0.000000 0.000000 0.000000 0.000000 1.000000 -0.000000 0.000000 0.000000 0.000000 1.000000
1.000000 -0.000000 0.000000 28.000000 0.000000 1.000000 0.000000 0.000000 -0.000000 0.000000 1.000000 -0.000000 0.000000 0.000000 0.000000 1.000000
1.000000 0.000000 0.000000 28.000000 0.000000 1.000000 0.000000 -0.000000 -0.000000 0.000000 1.000000 0.000000 0.000000 0.000000 0.000000 1.000000
1.000000 -0.000000 0.000000 28.000000 0.000000 1.000000 0.000000 0.000000 0.000000 -0.000000 1.000000 -0.000000 0.000000 0.000000 0.000000 1.000000
1.000000 -0.000000 0.000000 28.000000 0.000000 1.000000 -0.000000 0.000000 0.000000 0.000000 1.000000 0.000000 0.000000 0.000000 0.000000 1.000000
1.000000 -0.000000 -0.000000 28.000000 0.000000 1.000000 -0.000000 0.000000 -0.000000 0.000000 1.000000 0.000000 0.000000 0.000000 0.000000 1.000000
1.000000 -0.000000 0.000000 28.000000 0.000000 1.000000 0.000000 -0.000000 0.000000 0.000000 1.000000 0.000000 0.000000 0.000000 0.000000 1.000000
1.000000 0.000000 -0.000000 28.000000 -0.000000 1.000000 0.000000 0.000000 0.000000 -0.000000 1.000000 -0.000000 0.000000 0.000000 0.000000 1.000000
1.000000 -0.000000 0.000000 28.000000 0.000000 1.000000 -0.000000 0.000000 -0.000000 0.000000 1.000000 0.000000 0.000000 0.000000 0.000000 1.000000
1.000000 -0.000000 0.000000 28.000000 0.000000 1.000000 0.000000 -0.000000 -0.000000 0.000000 1.000000 0.000000 0.000000 0.000000 0.000000 1.000000
1.000000 -0.000000 0.000000 28.000000 -0.000000 1.000000 -0.000000 -0.000000 0.000000 0.000000 1.000000 0.000000 0.000000 0.000000 0.000000 1.000000
1.000000 0.000000 0.000000 28.000000 0.000000 1.000000 -0.000000 0.000000 0.000000 -0.000000 1.000000 0.000000 0.000000 0.000000 0.000000 1.000000
1.000000 0.000000 0.000000 28.000000 -0.000000 1.000000 0.000000 0.000000 -0.000000 0.000000 1.000000 -0.000000 0.000000 0.000000 0.000000 1.000000
1.000000 -0.000000 0.000000 28.000000 -0.000000 1.000000 -0.000000 -0.000000 0.000000 0.000000 1.000000 0.000000 0.000000 0.000000 0.000000 1.000000
1.000000 -0.000000 -0.000000 28.000000 -0.000000 1.000000 0.000000 0.000000 -0.000000 -0.000000 1.000000 -0.000000 0.000000 0.000000 0.000000 1.000000
1.000000 -0.000000 -0.000000 28.000000 -0.000000 1.000000 0.000000 -0.000000 -0.000000 0.000000 1.000000 0.000000 0.000000 0.000000 0.000000 1.000000
1.000000 -0.000000 0.000000 28.000000 -0.000000 1.000000 -0.000000 -0.000000 -0.000000 0.000000 1.000000 0.000000 0.000000 0.000000 0.000000 1.000000
1.000000 -0.000000 0.000000 28.000000 -0.000000 1.000000 0.000000 0.000000 -0.000000 -0.000000 1.000000 0.000000 0.000000 0.000000 0.000000 1.000000</float_array>
        <technique_common>
          <accessor source="#mixamorig_L_C_skirt3-Matrix-animation-output-transform-array" count="19" stride="16">
            <param type="float4x4"/>
          </accessor>
        </technique_common>
      </source>
      <source id="mixamorig_L_C_skirt3-Interpolations">
        <Name_array id="mixamorig_L_C_skirt3-Interpolations-array" count="19">
 LINEAR LINEAR LINEAR LINEAR LINEAR LINEAR LINEAR LINEAR LINEAR LINEAR LINEAR
LINEAR LINEAR LINEAR LINEAR LINEAR LINEAR LINEAR LINEAR</Name_array>
        <technique_common>
          <accessor source="#mixamorig_L_C_skirt3-Interpolations-array" count="19">
            <param type="name"/>
          </accessor>
        </technique_common>
      </source>
      <sampler id="mixamorig_L_C_skirt3-Matrix-animation-transform">
        <input semantic="INPUT" source="#mixamorig_L_C_skirt3-Matrix-animation-input"/>
        <input semantic="OUTPUT" source="#mixamorig_L_C_skirt3-Matrix-animation-output-transform"/>
        <input semantic="INTERPOLATION" source="#mixamorig_L_C_skirt3-Interpolations"/>
      </sampler>
      <channel source="#mixamorig_L_C_skirt3-Matrix-animation-transform" target="mixamorig_L_C_skirt3/matrix"/>
    </animation>
    <animation id="mixamorig_R_A_skirt1-anim" name="mixamorig_R_A_skirt1">
      <source id="mixamorig_R_A_skirt1-Matrix-animation-input">
        <float_array id="mixamorig_R_A_skirt1-Matrix-animation-input-array" count="19">

0.000000 0.033333 0.066667 0.100000 0.133333 0.166667 0.200000 0.233333 0.266667 0.300000 0.333333 0.366667 0.400000 0.433333 0.466667 0.500000
0.533333 0.566667 0.600000</float_array>
        <technique_common>
          <accessor source="#mixamorig_R_A_skirt1-Matrix-animation-input-array" count="19">
            <param name="TIME" type="float"/>
          </accessor>
        </technique_common>
      </source>
      <source id="mixamorig_R_A_skirt1-Matrix-animation-output-transform">
        <float_array id="mixamorig_R_A_skirt1-Matrix-animation-output-transform-array" count="304">

-0.122996 0.897244 -0.424058 -9.424300 -0.992244 -0.103429 0.068955 -5.518900 0.018009 0.429250 0.903006 15.946100 0.000000 0.000000 0.000000 1.000000
-0.122996 0.897244 -0.424058 -9.424300 -0.992244 -0.103429 0.068955 -5.518900 0.018009 0.429250 0.903006 15.946100 0.000000 0.000000 0.000000 1.000000
-0.122996 0.897244 -0.424058 -9.424300 -0.992244 -0.103429 0.068955 -5.518900 0.018009 0.429250 0.903006 15.946100 0.000000 0.000000 0.000000 1.000000
-0.122996 0.897244 -0.424058 -9.424300 -0.992244 -0.103429 0.068955 -5.518900 0.018009 0.429250 0.903006 15.946100 0.000000 0.000000 0.000000 1.000000
-0.122996 0.897244 -0.424058 -9.424300 -0.992244 -0.103429 0.068955 -5.518900 0.018009 0.429250 0.903006 15.946100 0.000000 0.000000 0.000000 1.000000
-0.122996 0.897244 -0.424058 -9.424300 -0.992244 -0.103429 0.068955 -5.518900 0.018009 0.429250 0.903006 15.946100 0.000000 0.000000 0.000000 1.000000
-0.122996 0.897244 -0.424058 -9.424300 -0.992244 -0.103429 0.068955 -5.518900 0.018009 0.429250 0.903006 15.946100 0.000000 0.000000 0.000000 1.000000
-0.122996 0.897244 -0.424058 -9.424300 -0.992244 -0.103429 0.068955 -5.518900 0.018009 0.429250 0.903006 15.946100 0.000000 0.000000 0.000000 1.000000
-0.122996 0.897244 -0.424058 -9.424300 -0.992244 -0.103429 0.068955 -5.518900 0.018009 0.429250 0.903006 15.946100 0.000000 0.000000 0.000000 1.000000
-0.122996 0.897244 -0.424058 -9.424300 -0.992244 -0.103429 0.068955 -5.518900 0.018009 0.429250 0.903006 15.946100 0.000000 0.000000 0.000000 1.000000
-0.122996 0.897244 -0.424058 -9.424300 -0.992244 -0.103429 0.068955 -5.518900 0.018009 0.429250 0.903006 15.946100 0.000000 0.000000 0.000000 1.000000
-0.122996 0.897244 -0.424058 -9.424300 -0.992244 -0.103429 0.068955 -5.518900 0.018009 0.429250 0.903006 15.946100 0.000000 0.000000 0.000000 1.000000
-0.122996 0.897244 -0.424058 -9.424300 -0.992244 -0.103429 0.068955 -5.518900 0.018009 0.429250 0.903006 15.946100 0.000000 0.000000 0.000000 1.000000
-0.122996 0.897244 -0.424058 -9.424300 -0.992244 -0.103429 0.068955 -5.518900 0.018009 0.429250 0.903006 15.946100 0.000000 0.000000 0.000000 1.000000
-0.122996 0.897244 -0.424058 -9.424300 -0.992244 -0.103429 0.068955 -5.518900 0.018009 0.429250 0.903006 15.946100 0.000000 0.000000 0.000000 1.000000
-0.122996 0.897244 -0.424058 -9.424300 -0.992244 -0.103429 0.068955 -5.518900 0.018009 0.429250 0.903006 15.946100 0.000000 0.000000 0.000000 1.000000
-0.122996 0.897244 -0.424058 -9.424300 -0.992244 -0.103429 0.068955 -5.518900 0.018009 0.429250 0.903006 15.946100 0.000000 0.000000 0.000000 1.000000
-0.122996 0.897244 -0.424058 -9.424300 -0.992244 -0.103429 0.068955 -5.518900 0.018009 0.429250 0.903006 15.946100 0.000000 0.000000 0.000000 1.000000
-0.122996 0.897244 -0.424058 -9.424300 -0.992244 -0.103429 0.068955 -5.518900 0.018009 0.429250 0.903006 15.946100 0.000000 0.000000 0.000000 1.000000</float_array>
        <technique_common>
          <accessor source="#mixamorig_R_A_skirt1-Matrix-animation-output-transform-array" count="19" stride="16">
            <param type="float4x4"/>
          </accessor>
        </technique_common>
      </source>
      <source id="mixamorig_R_A_skirt1-Interpolations">
        <Name_array id="mixamorig_R_A_skirt1-Interpolations-array" count="19">
 LINEAR LINEAR LINEAR LINEAR LINEAR LINEAR LINEAR LINEAR LINEAR LINEAR LINEAR
LINEAR LINEAR LINEAR LINEAR LINEAR LINEAR LINEAR LINEAR</Name_array>
        <technique_common>
          <accessor source="#mixamorig_R_A_skirt1-Interpolations-array" count="19">
            <param type="name"/>
          </accessor>
        </technique_common>
      </source>
      <sampler id="mixamorig_R_A_skirt1-Matrix-animation-transform">
        <input semantic="INPUT" source="#mixamorig_R_A_skirt1-Matrix-animation-input"/>
        <input semantic="OUTPUT" source="#mixamorig_R_A_skirt1-Matrix-animation-output-transform"/>
        <input semantic="INTERPOLATION" source="#mixamorig_R_A_skirt1-Interpolations"/>
      </sampler>
      <channel source="#mixamorig_R_A_skirt1-Matrix-animation-transform" target="mixamorig_R_A_skirt1/matrix"/>
    </animation>
    <animation id="mixamorig_R_A_skirt2-anim" name="mixamorig_R_A_skirt2">
      <source id="mixamorig_R_A_skirt2-Matrix-animation-input">
        <float_array id="mixamorig_R_A_skirt2-Matrix-animation-input-array" count="19">

0.000000 0.033333 0.066667 0.100000 0.133333 0.166667 0.200000 0.233333 0.266667 0.300000 0.333333 0.366667 0.400000 0.433333 0.466667 0.500000
0.533333 0.566667 0.600000</float_array>
        <technique_common>
          <accessor source="#mixamorig_R_A_skirt2-Matrix-animation-input-array" count="19">
            <param name="TIME" type="float"/>
          </accessor>
        </technique_common>
      </source>
      <source id="mixamorig_R_A_skirt2-Matrix-animation-output-transform">
        <float_array id="mixamorig_R_A_skirt2-Matrix-animation-output-transform-array" count="304">

1.000000 0.000000 0.000000 26.999599 0.000000 1.000000 0.000000 -0.000000 0.000000 0.000000 1.000000 0.000100 0.000000 0.000000 0.000000 1.000000
1.000000 -0.000000 -0.000000 26.999599 -0.000000 1.000000 0.000000 0.000000 -0.000000 -0.000000 1.000000 0.000100 0.000000 0.000000 0.000000 1.000000
1.000000 -0.000000 0.000000 26.999599 -0.000000 1.000000 0.000000 0.000000 0.000000 -0.000000 1.000000 0.000100 0.000000 0.000000 0.000000 1.000000
1.000000 -0.000000 -0.000000 26.999599 0.000000 1.000000 0.000000 0.000000 0.000000 -0.000000 1.000000 0.000100 0.000000 0.000000 0.000000 1.000000
1.000000 -0.000000 -0.000000 26.999599 -0.000000 1.000000 0.000000 0.000000 0.000000 -0.000000 1.000000 0.000100 0.000000 0.000000 0.000000 1.000000
1.000000 0.000000 0.000000 26.999599 0.000000 1.000000 0.000000 -0.000000 -0.000000 0.000000 1.000000 0.000100 0.000000 0.000000 0.000000 1.000000
1.000000 -0.000000 0.000000 26.999599 0.000000 1.000000 0.000000 0.000000 0.000000 0.000000 1.000000 0.000100 0.000000 0.000000 0.000000 1.000000
1.000000 0.000000 0.000000 26.999599 0.000000 1.000000 0.000000 0.000000 -0.000000 0.000000 1.000000 0.000100 0.000000 0.000000 0.000000 1.000000
1.000000 0.000000 0.000000 26.999599 0.000000 1.000000 -0.000000 -0.000000 0.000000 0.000000 1.000000 0.000100 0.000000 0.000000 0.000000 1.000000
1.000000 -0.000000 0.000000 26.999599 -0.000000 1.000000 0.000000 -0.000000 0.000000 0.000000 1.000000 0.000100 0.000000 0.000000 0.000000 1.000000
1.000000 0.000000 -0.000000 26.999599 0.000000 1.000000 0.000000 0.000000 0.000000 0.000000 1.000000 0.000100 0.000000 0.000000 0.000000 1.000000
1.000000 0.000000 -0.000000 26.999599 0.000000 1.000000 -0.000000 0.000000 0.000000 0.000000 1.000000 0.000100 0.000000 0.000000 0.000000 1.000000
1.000000 0.000000 0.000000 26.999599 0.000000 1.000000 -0.000000 0.000000 0.000000 0.000000 1.000000 0.000100 0.000000 0.000000 0.000000 1.000000
1.000000 -0.000000 -0.000000 26.999599 0.000000 1.000000 -0.000000 0.000000 -0.000000 -0.000000 1.000000 0.000100 0.000000 0.000000 0.000000 1.000000
1.000000 -0.000000 0.000000 26.999599 -0.000000 1.000000 -0.000000 -0.000000 -0.000000 -0.000000 1.000000 0.000100 0.000000 0.000000 0.000000 1.000000
1.000000 -0.000000 -0.000000 26.999599 0.000000 1.000000 0.000000 0.000000 0.000000 0.000000 1.000000 0.000100 0.000000 0.000000 0.000000 1.000000
1.000000 0.000000 0.000000 26.999599 0.000000 1.000000 0.000000 -0.000000 0.000000 0.000000 1.000000 0.000100 0.000000 0.000000 0.000000 1.000000
1.000000 0.000000 0.000000 26.999599 -0.000000 1.000000 0.000000 -0.000000 0.000000 0.000000 1.000000 0.000100 0.000000 0.000000 0.000000 1.000000
1.000000 -0.000000 -0.000000 26.999599 0.000000 1.000000 0.000000 0.000000 0.000000 0.000000 1.000000 0.000100 0.000000 0.000000 0.000000 1.000000</float_array>
        <technique_common>
          <accessor source="#mixamorig_R_A_skirt2-Matrix-animation-output-transform-array" count="19" stride="16">
            <param type="float4x4"/>
          </accessor>
        </technique_common>
      </source>
      <source id="mixamorig_R_A_skirt2-Interpolations">
        <Name_array id="mixamorig_R_A_skirt2-Interpolations-array" count="19">
 LINEAR LINEAR LINEAR LINEAR LINEAR LINEAR LINEAR LINEAR LINEAR LINEAR LINEAR
LINEAR LINEAR LINEAR LINEAR LINEAR LINEAR LINEAR LINEAR</Name_array>
        <technique_common>
          <accessor source="#mixamorig_R_A_skirt2-Interpolations-array" count="19">
            <param type="name"/>
          </accessor>
        </technique_common>
      </source>
      <sampler id="mixamorig_R_A_skirt2-Matrix-animation-transform">
        <input semantic="INPUT" source="#mixamorig_R_A_skirt2-Matrix-animation-input"/>
        <input semantic="OUTPUT" source="#mixamorig_R_A_skirt2-Matrix-animation-output-transform"/>
        <input semantic="INTERPOLATION" source="#mixamorig_R_A_skirt2-Interpolations"/>
      </sampler>
      <channel source="#mixamorig_R_A_skirt2-Matrix-animation-transform" target="mixamorig_R_A_skirt2/matrix"/>
    </animation>
    <animation id="mixamorig_R_A_skirt3-anim" name="mixamorig_R_A_skirt3">
      <source id="mixamorig_R_A_skirt3-Matrix-animation-input">
        <float_array id="mixamorig_R_A_skirt3-Matrix-animation-input-array" count="19">

0.000000 0.033333 0.066667 0.100000 0.133333 0.166667 0.200000 0.233333 0.266667 0.300000 0.333333 0.366667 0.400000 0.433333 0.466667 0.500000
0.533333 0.566667 0.600000</float_array>
        <technique_common>
          <accessor source="#mixamorig_R_A_skirt3-Matrix-animation-input-array" count="19">
            <param name="TIME" type="float"/>
          </accessor>
        </technique_common>
      </source>
      <source id="mixamorig_R_A_skirt3-Matrix-animation-output-transform">
        <float_array id="mixamorig_R_A_skirt3-Matrix-animation-output-transform-array" count="304">

1.000000 -0.000000 -0.000000 27.000000 0.000000 1.000000 0.000000 0.000000 -0.000000 0.000000 1.000000 0.000000 0.000000 0.000000 0.000000 1.000000
1.000000 0.000000 0.000000 27.000000 -0.000000 1.000000 0.000000 0.000000 -0.000000 -0.000000 1.000000 0.000000 0.000000 0.000000 0.000000 1.000000
1.000000 -0.000000 0.000000 27.000000 -0.000000 1.000000 0.000000 0.000000 0.000000 0.000000 1.000000 -0.000000 0.000000 0.000000 0.000000 1.000000
1.000000 -0.000000 -0.000000 27.000000 0.000000 1.000000 -0.000000 0.000000 -0.000000 -0.000000 1.000000 0.000000 0.000000 0.000000 0.000000 1.000000
1.000000 0.000000 -0.000000 27.000000 0.000000 1.000000 0.000000 0.000000 -0.000000 -0.000000 1.000000 0.000000 0.000000 0.000000 0.000000 1.000000
1.000000 0.000000 0.000000 27.000000 -0.000000 1.000000 0.000000 0.000000 -0.000000 -0.000000 1.000000 0.000000 0.000000 0.000000 0.000000 1.000000
1.000000 -0.000000 0.000000 27.000000 0.000000 1.000000 -0.000000 0.000000 -0.000000 -0.000000 1.000000 0.000000 0.000000 0.000000 0.000000 1.000000
1.000000 0.000000 -0.000000 27.000000 0.000000 1.000000 0.000000 0.000000 -0.000000 -0.000000 1.000000 0.000000 0.000000 0.000000 0.000000 1.000000
1.000000 0.000000 -0.000000 27.000000 -0.000000 1.000000 -0.000000 0.000000 0.000000 0.000000 1.000000 0.000000 0.000000 0.000000 0.000000 1.000000
1.000000 -0.000000 0.000000 27.000000 0.000000 1.000000 0.000000 0.000000 -0.000000 -0.000000 1.000000 0.000000 0.000000 0.000000 0.000000 1.000000
1.000000 0.000000 -0.000000 27.000000 -0.000000 1.000000 -0.000000 -0.000000 0.000000 0.000000 1.000000 0.000000 0.000000 0.000000 0.000000 1.000000
1.000000 0.000000 -0.000000 27.000000 0.000000 1.000000 -0.000000 0.000000 0.000000 0.000000 1.000000 0.000000 0.000000 0.000000 0.000000 1.000000
1.000000 0.000000 0.000000 27.000000 0.000000 1.000000 -0.000000 0.000000 0.000000 -0.000000 1.000000 0.000000 0.000000 0.000000 0.000000 1.000000
1.000000 -0.000000 -0.000000 27.000000 0.000000 1.000000 -0.000000 -0.000000 -0.000000 -0.000000 1.000000 0.000000 0.000000 0.000000 0.000000 1.000000
1.000000 -0.000000 -0.000000 27.000000 -0.000000 1.000000 -0.000000 0.000000 0.000000 -0.000000 1.000000 0.000000 0.000000 0.000000 0.000000 1.000000
1.000000 -0.000000 -0.000000 27.000000 0.000000 1.000000 0.000000 -0.000000 0.000000 0.000000 1.000000 0.000000 0.000000 0.000000 0.000000 1.000000
1.000000 0.000000 0.000000 27.000000 0.000000 1.000000 0.000000 0.000000 -0.000000 0.000000 1.000000 0.000000 0.000000 0.000000 0.000000 1.000000
1.000000 -0.000000 0.000000 27.000000 -0.000000 1.000000 -0.000000 0.000000 0.000000 0.000000 1.000000 0.000000 0.000000 0.000000 0.000000 1.000000
1.000000 -0.000000 -0.000000 27.000000 0.000000 1.000000 0.000000 0.000000 -0.000000 -0.000000 1.000000 0.000000 0.000000 0.000000 0.000000 1.000000</float_array>
        <technique_common>
          <accessor source="#mixamorig_R_A_skirt3-Matrix-animation-output-transform-array" count="19" stride="16">
            <param type="float4x4"/>
          </accessor>
        </technique_common>
      </source>
      <source id="mixamorig_R_A_skirt3-Interpolations">
        <Name_array id="mixamorig_R_A_skirt3-Interpolations-array" count="19">
 LINEAR LINEAR LINEAR LINEAR LINEAR LINEAR LINEAR LINEAR LINEAR LINEAR LINEAR
LINEAR LINEAR LINEAR LINEAR LINEAR LINEAR LINEAR LINEAR</Name_array>
        <technique_common>
          <accessor source="#mixamorig_R_A_skirt3-Interpolations-array" count="19">
            <param type="name"/>
          </accessor>
        </technique_common>
      </source>
      <sampler id="mixamorig_R_A_skirt3-Matrix-animation-transform">
        <input semantic="INPUT" source="#mixamorig_R_A_skirt3-Matrix-animation-input"/>
        <input semantic="OUTPUT" source="#mixamorig_R_A_skirt3-Matrix-animation-output-transform"/>
        <input semantic="INTERPOLATION" source="#mixamorig_R_A_skirt3-Interpolations"/>
      </sampler>
      <channel source="#mixamorig_R_A_skirt3-Matrix-animation-transform" target="mixamorig_R_A_skirt3/matrix"/>
    </animation>
    <animation id="mixamorig_R_B_skirt1-anim" name="mixamorig_R_B_skirt1">
      <source id="mixamorig_R_B_skirt1-Matrix-animation-input">
        <float_array id="mixamorig_R_B_skirt1-Matrix-animation-input-array" count="19">

0.000000 0.033333 0.066667 0.100000 0.133333 0.166667 0.200000 0.233333 0.266667 0.300000 0.333333 0.366667 0.400000 0.433333 0.466667 0.500000
0.533333 0.566667 0.600000</float_array>
        <technique_common>
          <accessor source="#mixamorig_R_B_skirt1-Matrix-animation-input-array" count="19">
            <param name="TIME" type="float"/>
          </accessor>
        </technique_common>
      </source>
      <source id="mixamorig_R_B_skirt1-Matrix-animation-output-transform">
        <float_array id="mixamorig_R_B_skirt1-Matrix-animation-output-transform-array" count="304">

-0.111759 0.000000 -0.993735 -18.448900 -0.993735 -0.000000 0.111759 -4.216300 0.000000 1.000000 -0.000000 -0.295100 0.000000 0.000000 0.000000 1.000000
-0.111759 0.000000 -0.993735 -18.448900 -0.993735 -0.000000 0.111759 -4.216300 -0.000000 1.000000 0.000000 -0.295100 0.000000 0.000000 0.000000 1.000000
-0.111759 0.000000 -0.993735 -18.448900 -0.993735 -0.000000 0.111759 -4.216300 -0.000000 1.000000 0.000000 -0.295100 0.000000 0.000000 0.000000 1.000000
-0.111759 0.000000 -0.993735 -18.448900 -0.993735 -0.000000 0.111759 -4.216300 0.000000 1.000000 0.000000 -0.295100 0.000000 0.000000 0.000000 1.000000
-0.111759 -0.000000 -0.993735 -18.448900 -0.993735 -0.000000 0.111759 -4.216300 -0.000000 1.000000 0.000000 -0.295100 0.000000 0.000000 0.000000 1.000000
-0.111759 -0.000000 -0.993735 -18.448900 -0.993735 -0.000000 0.111759 -4.216300 -0.000000 1.000000 0.000000 -0.295100 0.000000 0.000000 0.000000 1.000000
-0.111759 0.000000 -0.993735 -18.448900 -0.993735 0.000000 0.111759 -4.216300 0.000000 1.000000 0.000000 -0.295100 0.000000 0.000000 0.000000 1.000000
-0.111759 0.000000 -0.993735 -18.448900 -0.993735 -0.000000 0.111759 -4.216300 -0.000000 1.000000 -0.000000 -0.295100 0.000000 0.000000 0.000000 1.000000
-0.111759 0.000000 -0.993735 -18.448900 -0.993735 0.000000 0.111759 -4.216300 0.000000 1.000000 -0.000000 -0.295100 0.000000 0.000000 0.000000 1.000000
-0.111759 0.000000 -0.993735 -18.448900 -0.993735 -0.000000 0.111759 -4.216300 0.000000 1.000000 0.000000 -0.295100 0.000000 0.000000 0.000000 1.000000
-0.111759 0.000000 -0.993735 -18.448900 -0.993735 -0.000000 0.111759 -4.216300 -0.000000 1.000000 0.000000 -0.295100 0.000000 0.000000 0.000000 1.000000
-0.111759 0.000000 -0.993735 -18.448900 -0.993735 0.000000 0.111759 -4.216300 0.000000 1.000000 0.000000 -0.295100 0.000000 0.000000 0.000000 1.000000
-0.111759 0.000000 -0.993735 -18.448900 -0.993735 0.000000 0.111759 -4.216300 0.000000 1.000000 0.000000 -0.295100 0.000000 0.000000 0.000000 1.000000
-0.111759 -0.000000 -0.993735 -18.448900 -0.993735 0.000000 0.111759 -4.216300 0.000000 1.000000 0.000000 -0.295100 0.000000 0.000000 0.000000 1.000000
-0.111759 0.000000 -0.993735 -18.448900 -0.993735 -0.000000 0.111759 -4.216300 -0.000000 1.000000 0.000000 -0.295100 0.000000 0.000000 0.000000 1.000000
-0.111759 0.000000 -0.993735 -18.448900 -0.993735 -0.000000 0.111759 -4.216300 -0.000000 1.000000 -0.000000 -0.295100 0.000000 0.000000 0.000000 1.000000
-0.111759 -0.000000 -0.993735 -18.448900 -0.993735 0.000000 0.111759 -4.216300 0.000000 1.000000 0.000000 -0.295100 0.000000 0.000000 0.000000 1.000000
-0.111759 0.000000 -0.993735 -18.448900 -0.993735 -0.000000 0.111759 -4.216300 -0.000000 1.000000 0.000000 -0.295100 0.000000 0.000000 0.000000 1.000000
-0.111759 0.000000 -0.993735 -18.448900 -0.993735 0.000000 0.111759 -4.216300 0.000000 1.000000 0.000000 -0.295100 0.000000 0.000000 0.000000 1.000000</float_array>
        <technique_common>
          <accessor source="#mixamorig_R_B_skirt1-Matrix-animation-output-transform-array" count="19" stride="16">
            <param type="float4x4"/>
          </accessor>
        </technique_common>
      </source>
      <source id="mixamorig_R_B_skirt1-Interpolations">
        <Name_array id="mixamorig_R_B_skirt1-Interpolations-array" count="19">
 LINEAR LINEAR LINEAR LINEAR LINEAR LINEAR LINEAR LINEAR LINEAR LINEAR LINEAR
LINEAR LINEAR LINEAR LINEAR LINEAR LINEAR LINEAR LINEAR</Name_array>
        <technique_common>
          <accessor source="#mixamorig_R_B_skirt1-Interpolations-array" count="19">
            <param type="name"/>
          </accessor>
        </technique_common>
      </source>
      <sampler id="mixamorig_R_B_skirt1-Matrix-animation-transform">
        <input semantic="INPUT" source="#mixamorig_R_B_skirt1-Matrix-animation-input"/>
        <input semantic="OUTPUT" source="#mixamorig_R_B_skirt1-Matrix-animation-output-transform"/>
        <input semantic="INTERPOLATION" source="#mixamorig_R_B_skirt1-Interpolations"/>
      </sampler>
      <channel source="#mixamorig_R_B_skirt1-Matrix-animation-transform" target="mixamorig_R_B_skirt1/matrix"/>
    </animation>
    <animation id="mixamorig_R_B_skirt2-anim" name="mixamorig_R_B_skirt2">
      <source id="mixamorig_R_B_skirt2-Matrix-animation-input">
        <float_array id="mixamorig_R_B_skirt2-Matrix-animation-input-array" count="19">

0.000000 0.033333 0.066667 0.100000 0.133333 0.166667 0.200000 0.233333 0.266667 0.300000 0.333333 0.366667 0.400000 0.433333 0.466667 0.500000
0.533333 0.566667 0.600000</float_array>
        <technique_common>
          <accessor source="#mixamorig_R_B_skirt2-Matrix-animation-input-array" count="19">
            <param name="TIME" type="float"/>
          </accessor>
        </technique_common>
      </source>
      <source id="mixamorig_R_B_skirt2-Matrix-animation-output-transform">
        <float_array id="mixamorig_R_B_skirt2-Matrix-animation-output-transform-array" count="304">

1.000000 -0.000000 -0.000000 26.999701 0.000000 1.000000 0.000000 0.000000 0.000000 -0.000000 1.000000 0.000100 0.000000 0.000000 0.000000 1.000000
1.000000 0.000000 0.000000 26.999701 -0.000000 1.000000 0.000000 0.000000 -0.000000 0.000000 1.000000 0.000100 0.000000 0.000000 0.000000 1.000000
1.000000 0.000000 0.000000 26.999701 0.000000 1.000000 -0.000000 0.000000 0.000000 -0.000000 1.000000 0.000100 0.000000 0.000000 0.000000 1.000000
1.000000 0.000000 0.000000 26.999701 -0.000000 1.000000 0.000000 0.000000 -0.000000 0.000000 1.000000 0.000100 0.000000 0.000000 0.000000 1.000000
1.000000 -0.000000 0.000000 26.999701 0.000000 1.000000 0.000000 0.000000 0.000000 0.000000 1.000000 0.000100 0.000000 0.000000 0.000000 1.000000
1.000000 0.000000 0.000000 26.999701 -0.000000 1.000000 -0.000000 0.000000 0.000000 0.000000 1.000000 0.000100 0.000000 0.000000 0.000000 1.000000
1.000000 -0.000000 0.000000 26.999701 -0.000000 1.000000 0.000000 0.000000 -0.000000 0.000000 1.000000 0.000100 0.000000 0.000000 0.000000 1.000000
1.000000 0.000000 0.000000 26.999701 0.000000 1.000000 -0.000000 0.000000 -0.000000 -0.000000 1.000000 0.000100 0.000000 0.000000 0.000000 1.000000
1.000000 0.000000 0.000000 26.999701 -0.000000 1.000000 0.000000 0.000000 0.000000 -0.000000 1.000000 0.000100 0.000000 0.000000 0.000000 1.000000
1.000000 0.000000 0.000000 26.999701 0.000000 1.000000 -0.000000 0.000000 0.000000 -0.000000 1.000000 0.000100 0.000000 0.000000 0.000000 1.000000
1.000000 0.000000 0.000000 26.999701 -0.000000 1.000000 0.000000 0.000000 -0.000000 0.000000 1.000000 0.000100 0.000000 0.000000 0.000000 1.000000
1.000000 -0.000000 0.000000 26.999701 -0.000000 1.000000 -0.000000 0.000000 -0.000000 0.000000 1.000000 0.000100 0.000000 0.000000 0.000000 1.000000
1.000000 -0.000000 0.000000 26.999701 -0.000000 1.000000 0.000000 -0.000000 0.000000 0.000000 1.000000 0.000100 0.000000 0.000000 0.000000 1.000000
1.000000 -0.000000 0.000000 26.999701 0.000000 1.000000 -0.000000 0.000000 -0.000000 0.000000 1.000000 0.000100 0.000000 0.000000 0.000000 1.000000
1.000000 0.000000 0.000000 26.999701 0.000000 1.000000 0.000000 0.000000 0.000000 0.000000 1.000000 0.000100 0.000000 0.000000 0.000000 1.000000
1.000000 -0.000000 0.000000 26.999701 0.000000 1.000000 -0.000000 0.000000 0.000000 0.000000 1.000000 0.000100 0.000000 0.000000 0.000000 1.000000
1.000000 -0.000000 0.000000 26.999701 -0.000000 1.000000 0.000000 0.000000 -0.000000 0.000000 1.000000 0.000100 0.000000 0.000000 0.000000 1.000000
1.000000 -0.000000 0.000000 26.999701 -0.000000 1.000000 -0.000000 -0.000000 -0.000000 0.000000 1.000000 0.000100 0.000000 0.000000 0.000000 1.000000
1.000000 -0.000000 -0.000000 26.999701 0.000000 1.000000 0.000000 0.000000 0.000000 -0.000000 1.000000 0.000100 0.000000 0.000000 0.000000 1.000000</float_array>
        <technique_common>
          <accessor source="#mixamorig_R_B_skirt2-Matrix-animation-output-transform-array" count="19" stride="16">
            <param type="float4x4"/>
          </accessor>
        </technique_common>
      </source>
      <source id="mixamorig_R_B_skirt2-Interpolations">
        <Name_array id="mixamorig_R_B_skirt2-Interpolations-array" count="19">
 LINEAR LINEAR LINEAR LINEAR LINEAR LINEAR LINEAR LINEAR LINEAR LINEAR LINEAR
LINEAR LINEAR LINEAR LINEAR LINEAR LINEAR LINEAR LINEAR</Name_array>
        <technique_common>
          <accessor source="#mixamorig_R_B_skirt2-Interpolations-array" count="19">
            <param type="name"/>
          </accessor>
        </technique_common>
      </source>
      <sampler id="mixamorig_R_B_skirt2-Matrix-animation-transform">
        <input semantic="INPUT" source="#mixamorig_R_B_skirt2-Matrix-animation-input"/>
        <input semantic="OUTPUT" source="#mixamorig_R_B_skirt2-Matrix-animation-output-transform"/>
        <input semantic="INTERPOLATION" source="#mixamorig_R_B_skirt2-Interpolations"/>
      </sampler>
      <channel source="#mixamorig_R_B_skirt2-Matrix-animation-transform" target="mixamorig_R_B_skirt2/matrix"/>
    </animation>
    <animation id="mixamorig_R_B_skirt3-anim" name="mixamorig_R_B_skirt3">
      <source id="mixamorig_R_B_skirt3-Matrix-animation-input">
        <float_array id="mixamorig_R_B_skirt3-Matrix-animation-input-array" count="19">

0.000000 0.033333 0.066667 0.100000 0.133333 0.166667 0.200000 0.233333 0.266667 0.300000 0.333333 0.366667 0.400000 0.433333 0.466667 0.500000
0.533333 0.566667 0.600000</float_array>
        <technique_common>
          <accessor source="#mixamorig_R_B_skirt3-Matrix-animation-input-array" count="19">
            <param name="TIME" type="float"/>
          </accessor>
        </technique_common>
      </source>
      <source id="mixamorig_R_B_skirt3-Matrix-animation-output-transform">
        <float_array id="mixamorig_R_B_skirt3-Matrix-animation-output-transform-array" count="304">

1.000000 0.000000 -0.000000 26.999901 0.000000 1.000000 0.000000 0.000000 -0.000000 0.000000 1.000000 -0.000000 0.000000 0.000000 0.000000 1.000000
1.000000 -0.000000 0.000000 26.999901 -0.000000 1.000000 0.000000 0.000000 0.000000 0.000000 1.000000 0.000000 0.000000 0.000000 0.000000 1.000000
1.000000 0.000000 -0.000000 26.999901 0.000000 1.000000 -0.000000 -0.000000 -0.000000 0.000000 1.000000 0.000000 0.000000 0.000000 0.000000 1.000000
1.000000 0.000000 0.000000 26.999901 0.000000 1.000000 0.000000 0.000000 0.000000 0.000000 1.000000 -0.000000 0.000000 0.000000 0.000000 1.000000
1.000000 0.000000 0.000000 26.999901 0.000000 1.000000 0.000000 0.000000 -0.000000 -0.000000 1.000000 -0.000000 0.000000 0.000000 0.000000 1.000000
1.000000 0.000000 -0.000000 26.999901 -0.000000 1.000000 0.000000 0.000000 -0.000000 0.000000 1.000000 0.000000 0.000000 0.000000 0.000000 1.000000
1.000000 -0.000000 -0.000000 26.999901 -0.000000 1.000000 0.000000 0.000000 0.000000 -0.000000 1.000000 -0.000000 0.000000 0.000000 0.000000 1.000000
1.000000 0.000000 0.000000 26.999901 0.000000 1.000000 0.000000 0.000000 -0.000000 0.000000 1.000000 0.000000 0.000000 0.000000 0.000000 1.000000
1.000000 0.000000 -0.000000 26.999901 -0.000000 1.000000 0.000000 0.000000 0.000000 -0.000000 1.000000 0.000000 0.000000 0.000000 0.000000 1.000000
1.000000 -0.000000 -0.000000 26.999901 0.000000 1.000000 -0.000000 0.000000 0.000000 -0.000000 1.000000 0.000000 0.000000 0.000000 0.000000 1.000000
1.000000 -0.000000 0.000000 26.999901 -0.000000 1.000000 0.000000 0.000000 0.000000 -0.000000 1.000000 0.000000 0.000000 0.000000 0.000000 1.000000
1.000000 -0.000000 0.000000 26.999901 0.000000 1.000000 -0.000000 0.000000 -0.000000 0.000000 1.000000 0.000000 0.000000 0.000000 0.000000 1.000000
1.000000 -0.000000 0.000000 26.999901 -0.000000 1.000000 0.000000 0.000000 -0.000000 0.000000 1.000000 0.000000 0.000000 0.000000 0.000000 1.000000
1.000000 -0.000000 0.000000 26.999901 -0.000000 1.000000 -0.000000 0.000000 -0.000000 0.000000 1.000000 0.000000 0.000000 0.000000 0.000000 1.000000
1.000000 -0.000000 0.000000 26.999901 -0.000000 1.000000 0.000000 0.000000 -0.000000 -0.000000 1.000000 -0.000000 0.000000 0.000000 0.000000 1.000000
1.000000 -0.000000 -0.000000 26.999901 -0.000000 1.000000 0.000000 0.000000 -0.000000 0.000000 1.000000 0.000000 0.000000 0.000000 0.000000 1.000000
1.000000 -0.000000 0.000000 26.999901 0.000000 1.000000 0.000000 0.000000 0.000000 -0.000000 1.000000 -0.000000 0.000000 0.000000 0.000000 1.000000
1.000000 0.000000 0.000000 26.999901 -0.000000 1.000000 -0.000000 0.000000 0.000000 -0.000000 1.000000 0.000000 0.000000 0.000000 0.000000 1.000000
1.000000 -0.000000 -0.000000 26.999901 0.000000 1.000000 -0.000000 0.000000 -0.000000 0.000000 1.000000 -0.000000 0.000000 0.000000 0.000000 1.000000</float_array>
        <technique_common>
          <accessor source="#mixamorig_R_B_skirt3-Matrix-animation-output-transform-array" count="19" stride="16">
            <param type="float4x4"/>
          </accessor>
        </technique_common>
      </source>
      <source id="mixamorig_R_B_skirt3-Interpolations">
        <Name_array id="mixamorig_R_B_skirt3-Interpolations-array" count="19">
 LINEAR LINEAR LINEAR LINEAR LINEAR LINEAR LINEAR LINEAR LINEAR LINEAR LINEAR
LINEAR LINEAR LINEAR LINEAR LINEAR LINEAR LINEAR LINEAR</Name_array>
        <technique_common>
          <accessor source="#mixamorig_R_B_skirt3-Interpolations-array" count="19">
            <param type="name"/>
          </accessor>
        </technique_common>
      </source>
      <sampler id="mixamorig_R_B_skirt3-Matrix-animation-transform">
        <input semantic="INPUT" source="#mixamorig_R_B_skirt3-Matrix-animation-input"/>
        <input semantic="OUTPUT" source="#mixamorig_R_B_skirt3-Matrix-animation-output-transform"/>
        <input semantic="INTERPOLATION" source="#mixamorig_R_B_skirt3-Interpolations"/>
      </sampler>
      <channel source="#mixamorig_R_B_skirt3-Matrix-animation-transform" target="mixamorig_R_B_skirt3/matrix"/>
    </animation>
    <animation id="mixamorig_R_bag1-anim" name="mixamorig_R_bag1">
      <source id="mixamorig_R_bag1-Matrix-animation-input">
        <float_array id="mixamorig_R_bag1-Matrix-animation-input-array" count="19">

0.000000 0.033333 0.066667 0.100000 0.133333 0.166667 0.200000 0.233333 0.266667 0.300000 0.333333 0.366667 0.400000 0.433333 0.466667 0.500000
0.533333 0.566667 0.600000</float_array>
        <technique_common>
          <accessor source="#mixamorig_R_bag1-Matrix-animation-input-array" count="19">
            <param name="TIME" type="float"/>
          </accessor>
        </technique_common>
      </source>
      <source id="mixamorig_R_bag1-Matrix-animation-output-transform">
        <float_array id="mixamorig_R_bag1-Matrix-animation-output-transform-array" count="304">

0.973707 -0.116729 -0.195624 6.766800 -0.197277 -0.002660 -0.980344 2.209500 0.113914 0.993160 -0.025618 5.400800 0.000000 0.000000 0.000000 1.000000
0.973707 -0.116729 -0.195624 6.766800 -0.197277 -0.002660 -0.980344 2.209500 0.113914 0.993160 -0.025618 5.400800 0.000000 0.000000 0.000000 1.000000
0.973707 -0.116729 -0.195624 6.766800 -0.197277 -0.002660 -0.980344 2.209500 0.113914 0.993160 -0.025618 5.400800 0.000000 0.000000 0.000000 1.000000
0.973707 -0.116729 -0.195624 6.766800 -0.197277 -0.002660 -0.980344 2.209500 0.113914 0.993160 -0.025618 5.400800 0.000000 0.000000 0.000000 1.000000
0.973707 -0.116729 -0.195624 6.766800 -0.197277 -0.002660 -0.980344 2.209500 0.113914 0.993160 -0.025618 5.400800 0.000000 0.000000 0.000000 1.000000
0.973707 -0.116729 -0.195624 6.766800 -0.197277 -0.002660 -0.980344 2.209500 0.113914 0.993160 -0.025618 5.400800 0.000000 0.000000 0.000000 1.000000
0.973707 -0.116729 -0.195624 6.766800 -0.197277 -0.002660 -0.980344 2.209500 0.113914 0.993160 -0.025618 5.400800 0.000000 0.000000 0.000000 1.000000
0.973707 -0.116729 -0.195624 6.766800 -0.197277 -0.002660 -0.980344 2.209500 0.113914 0.993160 -0.025618 5.400800 0.000000 0.000000 0.000000 1.000000
0.973707 -0.116729 -0.195624 6.766800 -0.197277 -0.002660 -0.980344 2.209500 0.113914 0.993160 -0.025618 5.400800 0.000000 0.000000 0.000000 1.000000
0.973707 -0.116729 -0.195624 6.766800 -0.197277 -0.002660 -0.980344 2.209500 0.113914 0.993160 -0.025618 5.400800 0.000000 0.000000 0.000000 1.000000
0.973707 -0.116729 -0.195624 6.766800 -0.197277 -0.002660 -0.980344 2.209500 0.113914 0.993160 -0.025618 5.400800 0.000000 0.000000 0.000000 1.000000
0.973707 -0.116729 -0.195624 6.766800 -0.197277 -0.002660 -0.980344 2.209500 0.113914 0.993160 -0.025618 5.400800 0.000000 0.000000 0.000000 1.000000
0.973707 -0.116729 -0.195624 6.766800 -0.197277 -0.002660 -0.980344 2.209500 0.113914 0.993160 -0.025618 5.400800 0.000000 0.000000 0.000000 1.000000
0.973707 -0.116729 -0.195624 6.766800 -0.197277 -0.002660 -0.980344 2.209500 0.113914 0.993160 -0.025618 5.400800 0.000000 0.000000 0.000000 1.000000
0.973707 -0.116729 -0.195624 6.766800 -0.197277 -0.002660 -0.980344 2.209500 0.113914 0.993160 -0.025618 5.400800 0.000000 0.000000 0.000000 1.000000
0.973707 -0.116729 -0.195624 6.766800 -0.197277 -0.002660 -0.980344 2.209500 0.113914 0.993160 -0.025618 5.400800 0.000000 0.000000 0.000000 1.000000
0.973707 -0.116729 -0.195624 6.766800 -0.197277 -0.002660 -0.980344 2.209500 0.113914 0.993160 -0.025618 5.400800 0.000000 0.000000 0.000000 1.000000
0.973707 -0.116729 -0.195624 6.766800 -0.197277 -0.002660 -0.980344 2.209500 0.113914 0.993160 -0.025618 5.400800 0.000000 0.000000 0.000000 1.000000
0.973707 -0.116729 -0.195624 6.766800 -0.197277 -0.002660 -0.980344 2.209500 0.113914 0.993160 -0.025618 5.400800 0.000000 0.000000 0.000000 1.000000</float_array>
        <technique_common>
          <accessor source="#mixamorig_R_bag1-Matrix-animation-output-transform-array" count="19" stride="16">
            <param type="float4x4"/>
          </accessor>
        </technique_common>
      </source>
      <source id="mixamorig_R_bag1-Interpolations">
        <Name_array id="mixamorig_R_bag1-Interpolations-array" count="19">
 LINEAR LINEAR LINEAR LINEAR LINEAR LINEAR LINEAR LINEAR LINEAR LINEAR LINEAR
LINEAR LINEAR LINEAR LINEAR LINEAR LINEAR LINEAR LINEAR</Name_array>
        <technique_common>
          <accessor source="#mixamorig_R_bag1-Interpolations-array" count="19">
            <param type="name"/>
          </accessor>
        </technique_common>
      </source>
      <sampler id="mixamorig_R_bag1-Matrix-animation-transform">
        <input semantic="INPUT" source="#mixamorig_R_bag1-Matrix-animation-input"/>
        <input semantic="OUTPUT" source="#mixamorig_R_bag1-Matrix-animation-output-transform"/>
        <input semantic="INTERPOLATION" source="#mixamorig_R_bag1-Interpolations"/>
      </sampler>
      <channel source="#mixamorig_R_bag1-Matrix-animation-transform" target="mixamorig_R_bag1/matrix"/>
    </animation>
    <animation id="mixamorig_R_C_skirt1-anim" name="mixamorig_R_C_skirt1">
      <source id="mixamorig_R_C_skirt1-Matrix-animation-input">
        <float_array id="mixamorig_R_C_skirt1-Matrix-animation-input-array" count="19">

0.000000 0.033333 0.066667 0.100000 0.133333 0.166667 0.200000 0.233333 0.266667 0.300000 0.333333 0.366667 0.400000 0.433333 0.466667 0.500000
0.533333 0.566667 0.600000</float_array>
        <technique_common>
          <accessor source="#mixamorig_R_C_skirt1-Matrix-animation-input-array" count="19">
            <param name="TIME" type="float"/>
          </accessor>
        </technique_common>
      </source>
      <source id="mixamorig_R_C_skirt1-Matrix-animation-output-transform">
        <float_array id="mixamorig_R_C_skirt1-Matrix-animation-output-transform-array" count="304">

-0.023939 -0.971540 -0.235663 -7.049900 -0.998221 0.010354 0.058718 -6.149900 -0.054607 0.236649 -0.970059 -15.762700 0.000000 0.000000 0.000000 1.000000
-0.023939 -0.971540 -0.235663 -7.049900 -0.998221 0.010354 0.058718 -6.149900 -0.054607 0.236649 -0.970059 -15.762700 0.000000 0.000000 0.000000 1.000000
-0.023939 -0.971540 -0.235663 -7.049900 -0.998221 0.010354 0.058718 -6.149900 -0.054607 0.236649 -0.970059 -15.762700 0.000000 0.000000 0.000000 1.000000
-0.023939 -0.971540 -0.235663 -7.049900 -0.998221 0.010354 0.058718 -6.149900 -0.054607 0.236649 -0.970059 -15.762700 0.000000 0.000000 0.000000 1.000000
-0.023939 -0.971540 -0.235663 -7.049900 -0.998221 0.010354 0.058718 -6.149900 -0.054607 0.236649 -0.970059 -15.762700 0.000000 0.000000 0.000000 1.000000
-0.023939 -0.971540 -0.235663 -7.049900 -0.998221 0.010354 0.058718 -6.149900 -0.054607 0.236649 -0.970059 -15.762700 0.000000 0.000000 0.000000 1.000000
-0.023939 -0.971540 -0.235663 -7.049900 -0.998221 0.010354 0.058718 -6.149900 -0.054607 0.236649 -0.970059 -15.762700 0.000000 0.000000 0.000000 1.000000
-0.023939 -0.971540 -0.235663 -7.049900 -0.998221 0.010354 0.058718 -6.149900 -0.054607 0.236649 -0.970059 -15.762700 0.000000 0.000000 0.000000 1.000000
-0.023939 -0.971540 -0.235663 -7.049900 -0.998221 0.010354 0.058718 -6.149900 -0.054607 0.236649 -0.970059 -15.762700 0.000000 0.000000 0.000000 1.000000
-0.023939 -0.971540 -0.235663 -7.049900 -0.998221 0.010354 0.058718 -6.149900 -0.054607 0.236649 -0.970059 -15.762700 0.000000 0.000000 0.000000 1.000000
-0.023939 -0.971540 -0.235663 -7.049900 -0.998221 0.010354 0.058718 -6.149900 -0.054607 0.236649 -0.970059 -15.762700 0.000000 0.000000 0.000000 1.000000
-0.023939 -0.971540 -0.235663 -7.049900 -0.998221 0.010354 0.058718 -6.149900 -0.054607 0.236649 -0.970059 -15.762700 0.000000 0.000000 0.000000 1.000000
-0.023939 -0.971540 -0.235663 -7.049900 -0.998221 0.010354 0.058718 -6.149900 -0.054607 0.236649 -0.970059 -15.762700 0.000000 0.000000 0.000000 1.000000
-0.023939 -0.971540 -0.235663 -7.049900 -0.998221 0.010354 0.058718 -6.149900 -0.054607 0.236649 -0.970059 -15.762700 0.000000 0.000000 0.000000 1.000000
-0.023939 -0.971540 -0.235663 -7.049900 -0.998221 0.010354 0.058718 -6.149900 -0.054607 0.236649 -0.970059 -15.762700 0.000000 0.000000 0.000000 1.000000
-0.023939 -0.971540 -0.235663 -7.049900 -0.998221 0.010354 0.058718 -6.149900 -0.054607 0.236649 -0.970059 -15.762700 0.000000 0.000000 0.000000 1.000000
-0.023939 -0.971540 -0.235663 -7.049900 -0.998221 0.010354 0.058718 -6.149900 -0.054607 0.236649 -0.970059 -15.762700 0.000000 0.000000 0.000000 1.000000
-0.023939 -0.971540 -0.235663 -7.049900 -0.998221 0.010354 0.058718 -6.149900 -0.054607 0.236649 -0.970059 -15.762700 0.000000 0.000000 0.000000 1.000000
-0.023939 -0.971540 -0.235663 -7.049900 -0.998221 0.010354 0.058718 -6.149900 -0.054607 0.236649 -0.970059 -15.762700 0.000000 0.000000 0.000000 1.000000</float_array>
        <technique_common>
          <accessor source="#mixamorig_R_C_skirt1-Matrix-animation-output-transform-array" count="19" stride="16">
            <param type="float4x4"/>
          </accessor>
        </technique_common>
      </source>
      <source id="mixamorig_R_C_skirt1-Interpolations">
        <Name_array id="mixamorig_R_C_skirt1-Interpolations-array" count="19">
 LINEAR LINEAR LINEAR LINEAR LINEAR LINEAR LINEAR LINEAR LINEAR LINEAR LINEAR
LINEAR LINEAR LINEAR LINEAR LINEAR LINEAR LINEAR LINEAR</Name_array>
        <technique_common>
          <accessor source="#mixamorig_R_C_skirt1-Interpolations-array" count="19">
            <param type="name"/>
          </accessor>
        </technique_common>
      </source>
      <sampler id="mixamorig_R_C_skirt1-Matrix-animation-transform">
        <input semantic="INPUT" source="#mixamorig_R_C_skirt1-Matrix-animation-input"/>
        <input semantic="OUTPUT" source="#mixamorig_R_C_skirt1-Matrix-animation-output-transform"/>
        <input semantic="INTERPOLATION" source="#mixamorig_R_C_skirt1-Interpolations"/>
      </sampler>
      <channel source="#mixamorig_R_C_skirt1-Matrix-animation-transform" target="mixamorig_R_C_skirt1/matrix"/>
    </animation>
    <animation id="mixamorig_R_C_skirt2-anim" name="mixamorig_R_C_skirt2">
      <source id="mixamorig_R_C_skirt2-Matrix-animation-input">
        <float_array id="mixamorig_R_C_skirt2-Matrix-animation-input-array" count="19">

0.000000 0.033333 0.066667 0.100000 0.133333 0.166667 0.200000 0.233333 0.266667 0.300000 0.333333 0.366667 0.400000 0.433333 0.466667 0.500000
0.533333 0.566667 0.600000</float_array>
        <technique_common>
          <accessor source="#mixamorig_R_C_skirt2-Matrix-animation-input-array" count="19">
            <param name="TIME" type="float"/>
          </accessor>
        </technique_common>
      </source>
      <source id="mixamorig_R_C_skirt2-Matrix-animation-output-transform">
        <float_array id="mixamorig_R_C_skirt2-Matrix-animation-output-transform-array" count="304">

1.000000 -0.000000 0.000000 27.999701 -0.000000 1.000000 0.000000 0.000000 -0.000000 0.000000 1.000000 0.000000 0.000000 0.000000 0.000000 1.000000
1.000000 0.000000 -0.000000 27.999701 -0.000000 1.000000 -0.000000 0.000000 -0.000000 0.000000 1.000000 0.000000 0.000000 0.000000 0.000000 1.000000
1.000000 0.000000 -0.000000 27.999701 0.000000 1.000000 0.000000 0.000000 -0.000000 0.000000 1.000000 -0.000000 0.000000 0.000000 0.000000 1.000000
1.000000 -0.000000 0.000000 27.999701 -0.000000 1.000000 -0.000000 -0.000000 -0.000000 0.000000 1.000000 0.000000 0.000000 0.000000 0.000000 1.000000
1.000000 -0.000000 -0.000000 27.999701 0.000000 1.000000 0.000000 0.000000 -0.000000 0.000000 1.000000 0.000000 0.000000 0.000000 0.000000 1.000000
1.000000 -0.000000 0.000000 27.999701 -0.000000 1.000000 -0.000000 0.000000 0.000000 0.000000 1.000000 0.000000 0.000000 0.000000 0.000000 1.000000
1.000000 -0.000000 -0.000000 27.999701 0.000000 1.000000 -0.000000 -0.000000 0.000000 0.000000 1.000000 0.000000 0.000000 0.000000 0.000000 1.000000
1.000000 -0.000000 0.000000 27.999701 -0.000000 1.000000 0.000000 0.000000 -0.000000 0.000000 1.000000 0.000000 0.000000 0.000000 0.000000 1.000000
1.000000 0.000000 0.000000 27.999701 -0.000000 1.000000 0.000000 0.000000 0.000000 -0.000000 1.000000 0.000000 0.000000 0.000000 0.000000 1.000000
1.000000 -0.000000 0.000000 27.999701 -0.000000 1.000000 -0.000000 0.000000 -0.000000 -0.000000 1.000000 0.000000 0.000000 0.000000 0.000000 1.000000
1.000000 -0.000000 0.000000 27.999701 0.000000 1.000000 0.000000 0.000000 0.000000 -0.000000 1.000000 -0.000000 0.000000 0.000000 0.000000 1.000000
1.000000 -0.000000 0.000000 27.999701 0.000000 1.000000 0.000000 -0.000000 -0.000000 -0.000000 1.000000 0.000000 0.000000 0.000000 0.000000 1.000000
1.000000 0.000000 -0.000000 27.999701 0.000000 1.000000 -0.000000 -0.000000 -0.000000 -0.000000 1.000000 0.000000 0.000000 0.000000 0.000000 1.000000
1.000000 0.000000 0.000000 27.999701 -0.000000 1.000000 -0.000000 0.000000 -0.000000 0.000000 1.000000 -0.000000 0.000000 0.000000 0.000000 1.000000
1.000000 -0.000000 -0.000000 27.999701 -0.000000 1.000000 -0.000000 0.000000 -0.000000 0.000000 1.000000 0.000000 0.000000 0.000000 0.000000 1.000000
1.000000 -0.000000 -0.000000 27.999701 0.000000 1.000000 0.000000 0.000000 -0.000000 -0.000000 1.000000 0.000000 0.000000 0.000000 0.000000 1.000000
1.000000 0.000000 0.000000 27.999701 0.000000 1.000000 0.000000 -0.000000 0.000000 0.000000 1.000000 0.000000 0.000000 0.000000 0.000000 1.000000
1.000000 0.000000 -0.000000 27.999701 0.000000 1.000000 0.000000 0.000000 0.000000 0.000000 1.000000 0.000000 0.000000 0.000000 0.000000 1.000000
1.000000 0.000000 -0.000000 27.999701 -0.000000 1.000000 0.000000 -0.000000 0.000000 -0.000000 1.000000 0.000000 0.000000 0.000000 0.000000 1.000000</float_array>
        <technique_common>
          <accessor source="#mixamorig_R_C_skirt2-Matrix-animation-output-transform-array" count="19" stride="16">
            <param type="float4x4"/>
          </accessor>
        </technique_common>
      </source>
      <source id="mixamorig_R_C_skirt2-Interpolations">
        <Name_array id="mixamorig_R_C_skirt2-Interpolations-array" count="19">
 LINEAR LINEAR LINEAR LINEAR LINEAR LINEAR LINEAR LINEAR LINEAR LINEAR LINEAR
LINEAR LINEAR LINEAR LINEAR LINEAR LINEAR LINEAR LINEAR</Name_array>
        <technique_common>
          <accessor source="#mixamorig_R_C_skirt2-Interpolations-array" count="19">
            <param type="name"/>
          </accessor>
        </technique_common>
      </source>
      <sampler id="mixamorig_R_C_skirt2-Matrix-animation-transform">
        <input semantic="INPUT" source="#mixamorig_R_C_skirt2-Matrix-animation-input"/>
        <input semantic="OUTPUT" source="#mixamorig_R_C_skirt2-Matrix-animation-output-transform"/>
        <input semantic="INTERPOLATION" source="#mixamorig_R_C_skirt2-Interpolations"/>
      </sampler>
      <channel source="#mixamorig_R_C_skirt2-Matrix-animation-transform" target="mixamorig_R_C_skirt2/matrix"/>
    </animation>
    <animation id="mixamorig_R_C_skirt3-anim" name="mixamorig_R_C_skirt3">
      <source id="mixamorig_R_C_skirt3-Matrix-animation-input">
        <float_array id="mixamorig_R_C_skirt3-Matrix-animation-input-array" count="19">

0.000000 0.033333 0.066667 0.100000 0.133333 0.166667 0.200000 0.233333 0.266667 0.300000 0.333333 0.366667 0.400000 0.433333 0.466667 0.500000
0.533333 0.566667 0.600000</float_array>
        <technique_common>
          <accessor source="#mixamorig_R_C_skirt3-Matrix-animation-input-array" count="19">
            <param name="TIME" type="float"/>
          </accessor>
        </technique_common>
      </source>
      <source id="mixamorig_R_C_skirt3-Matrix-animation-output-transform">
        <float_array id="mixamorig_R_C_skirt3-Matrix-animation-output-transform-array" count="304">

1.000000 0.000000 -0.000000 27.999901 0.000000 1.000000 0.000000 0.000000 -0.000000 -0.000000 1.000000 0.000000 0.000000 0.000000 0.000000 1.000000
1.000000 0.000000 0.000000 27.999901 -0.000000 1.000000 -0.000000 -0.000000 -0.000000 0.000000 1.000000 -0.000000 0.000000 0.000000 0.000000 1.000000
1.000000 -0.000000 -0.000000 27.999901 0.000000 1.000000 -0.000000 0.000000 -0.000000 0.000000 1.000000 0.000000 0.000000 0.000000 0.000000 1.000000
1.000000 0.000000 -0.000000 27.999901 -0.000000 1.000000 0.000000 0.000000 -0.000000 0.000000 1.000000 0.000000 0.000000 0.000000 0.000000 1.000000
1.000000 -0.000000 -0.000000 27.999901 0.000000 1.000000 0.000000 -0.000000 -0.000000 0.000000 1.000000 0.000000 0.000000 0.000000 0.000000 1.000000
1.000000 0.000000 0.000000 27.999901 0.000000 1.000000 -0.000000 -0.000000 0.000000 0.000000 1.000000 0.000000 0.000000 0.000000 0.000000 1.000000
1.000000 0.000000 0.000000 27.999901 0.000000 1.000000 0.000000 -0.000000 0.000000 0.000000 1.000000 0.000000 0.000000 0.000000 0.000000 1.000000
1.000000 0.000000 -0.000000 27.999901 -0.000000 1.000000 -0.000000 -0.000000 -0.000000 -0.000000 1.000000 0.000000 0.000000 0.000000 0.000000 1.000000
1.000000 0.000000 -0.000000 27.999901 0.000000 1.000000 -0.000000 0.000000 0.000000 -0.000000 1.000000 0.000000 0.000000 0.000000 0.000000 1.000000
1.000000 0.000000 -0.000000 27.999901 -0.000000 1.000000 -0.000000 0.000000 -0.000000 -0.000000 1.000000 0.000000 0.000000 0.000000 0.000000 1.000000
1.000000 0.000000 -0.000000 27.999901 0.000000 1.000000 0.000000 -0.000000 0.000000 0.000000 1.000000 0.000000 0.000000 0.000000 0.000000 1.000000
1.000000 0.000000 0.000000 27.999901 0.000000 1.000000 0.000000 0.000000 -0.000000 -0.000000 1.000000 0.000000 0.000000 0.000000 0.000000 1.000000
1.000000 0.000000 -0.000000 27.999901 0.000000 1.000000 0.000000 0.000000 0.000000 -0.000000 1.000000 0.000000 0.000000 0.000000 0.000000 1.000000
1.000000 0.000000 0.000000 27.999901 0.000000 1.000000 -0.000000 -0.000000 0.000000 0.000000 1.000000 0.000000 0.000000 0.000000 0.000000 1.000000
1.000000 0.000000 -0.000000 27.999901 -0.000000 1.000000 -0.000000 -0.000000 0.000000 0.000000 1.000000 0.000000 0.000000 0.000000 0.000000 1.000000
1.000000 -0.000000 -0.000000 27.999901 0.000000 1.000000 0.000000 -0.000000 -0.000000 -0.000000 1.000000 0.000000 0.000000 0.000000 0.000000 1.000000
1.000000 -0.000000 0.000000 27.999901 -0.000000 1.000000 0.000000 0.000000 0.000000 0.000000 1.000000 0.000000 0.000000 0.000000 0.000000 1.000000
1.000000 0.000000 0.000000 27.999901 0.000000 1.000000 0.000000 0.000000 -0.000000 -0.000000 1.000000 0.000000 0.000000 0.000000 0.000000 1.000000
1.000000 0.000000 0.000000 27.999901 -0.000000 1.000000 0.000000 0.000000 0.000000 0.000000 1.000000 0.000000 0.000000 0.000000 0.000000 1.000000</float_array>
        <technique_common>
          <accessor source="#mixamorig_R_C_skirt3-Matrix-animation-output-transform-array" count="19" stride="16">
            <param type="float4x4"/>
          </accessor>
        </technique_common>
      </source>
      <source id="mixamorig_R_C_skirt3-Interpolations">
        <Name_array id="mixamorig_R_C_skirt3-Interpolations-array" count="19">
 LINEAR LINEAR LINEAR LINEAR LINEAR LINEAR LINEAR LINEAR LINEAR LINEAR LINEAR
LINEAR LINEAR LINEAR LINEAR LINEAR LINEAR LINEAR LINEAR</Name_array>
        <technique_common>
          <accessor source="#mixamorig_R_C_skirt3-Interpolations-array" count="19">
            <param type="name"/>
          </accessor>
        </technique_common>
      </source>
      <sampler id="mixamorig_R_C_skirt3-Matrix-animation-transform">
        <input semantic="INPUT" source="#mixamorig_R_C_skirt3-Matrix-animation-input"/>
        <input semantic="OUTPUT" source="#mixamorig_R_C_skirt3-Matrix-animation-output-transform"/>
        <input semantic="INTERPOLATION" source="#mixamorig_R_C_skirt3-Interpolations"/>
      </sampler>
      <channel source="#mixamorig_R_C_skirt3-Matrix-animation-transform" target="mixamorig_R_C_skirt3/matrix"/>
    </animation>
    <animation id="L_horn1-anim" name="L_horn1">
      <source id="L_horn1-Matrix-animation-input">
        <float_array id="L_horn1-Matrix-animation-input-array" count="19">

0.000000 0.033333 0.066667 0.100000 0.133333 0.166667 0.200000 0.233333 0.266667 0.300000 0.333333 0.366667 0.400000 0.433333 0.466667 0.500000
0.533333 0.566667 0.600000</float_array>
        <technique_common>
          <accessor source="#L_horn1-Matrix-animation-input-array" count="19">
            <param name="TIME" type="float"/>
          </accessor>
        </technique_common>
      </source>
      <source id="L_horn1-Matrix-animation-output-transform">
        <float_array id="L_horn1-Matrix-animation-output-transform-array" count="304">

0.406838 0.870118 0.278168 18.209600 -0.904436 0.426462 -0.011194 1.020800 -0.128368 -0.247031 0.960467 -3.906100 0.000000 0.000000 0.000000 1.000000
0.406838 0.870118 0.278168 18.209600 -0.904436 0.426462 -0.011194 1.020800 -0.128368 -0.247031 0.960467 -3.906100 0.000000 0.000000 0.000000 1.000000
0.406838 0.870118 0.278168 18.209600 -0.904436 0.426462 -0.011194 1.020800 -0.128368 -0.247031 0.960467 -3.906100 0.000000 0.000000 0.000000 1.000000
0.406838 0.870118 0.278168 18.209600 -0.904436 0.426462 -0.011194 1.020800 -0.128368 -0.247031 0.960467 -3.906100 0.000000 0.000000 0.000000 1.000000
0.406838 0.870118 0.278168 18.209600 -0.904436 0.426462 -0.011194 1.020800 -0.128368 -0.247031 0.960467 -3.906100 0.000000 0.000000 0.000000 1.000000
0.406838 0.870118 0.278168 18.209600 -0.904436 0.426462 -0.011194 1.020800 -0.128368 -0.247031 0.960467 -3.906100 0.000000 0.000000 0.000000 1.000000
0.406838 0.870118 0.278168 18.209600 -0.904436 0.426462 -0.011194 1.020800 -0.128368 -0.247031 0.960467 -3.906100 0.000000 0.000000 0.000000 1.000000
0.406838 0.870118 0.278168 18.209600 -0.904436 0.426462 -0.011194 1.020800 -0.128368 -0.247031 0.960467 -3.906100 0.000000 0.000000 0.000000 1.000000
0.406838 0.870118 0.278168 18.209600 -0.904436 0.426462 -0.011194 1.020800 -0.128368 -0.247031 0.960467 -3.906100 0.000000 0.000000 0.000000 1.000000
0.406838 0.870118 0.278168 18.209600 -0.904436 0.426462 -0.011194 1.020800 -0.128368 -0.247031 0.960467 -3.906100 0.000000 0.000000 0.000000 1.000000
0.406838 0.870118 0.278168 18.209600 -0.904436 0.426462 -0.011194 1.020800 -0.128368 -0.247031 0.960467 -3.906100 0.000000 0.000000 0.000000 1.000000
0.406838 0.870118 0.278168 18.209600 -0.904436 0.426462 -0.011194 1.020800 -0.128368 -0.247031 0.960467 -3.906100 0.000000 0.000000 0.000000 1.000000
0.406838 0.870118 0.278168 18.209600 -0.904436 0.426462 -0.011194 1.020800 -0.128368 -0.247031 0.960467 -3.906100 0.000000 0.000000 0.000000 1.000000
0.406838 0.870118 0.278168 18.209600 -0.904436 0.426462 -0.011194 1.020800 -0.128368 -0.247031 0.960467 -3.906100 0.000000 0.000000 0.000000 1.000000
0.406838 0.870118 0.278168 18.209600 -0.904436 0.426462 -0.011194 1.020800 -0.128368 -0.247031 0.960467 -3.906100 0.000000 0.000000 0.000000 1.000000
0.406838 0.870118 0.278168 18.209600 -0.904436 0.426462 -0.011194 1.020800 -0.128368 -0.247031 0.960467 -3.906100 0.000000 0.000000 0.000000 1.000000
0.406838 0.870118 0.278168 18.209600 -0.904436 0.426462 -0.011194 1.020800 -0.128368 -0.247031 0.960467 -3.906100 0.000000 0.000000 0.000000 1.000000
0.406838 0.870118 0.278168 18.209600 -0.904436 0.426462 -0.011194 1.020800 -0.128368 -0.247031 0.960467 -3.906100 0.000000 0.000000 0.000000 1.000000
0.406838 0.870118 0.278168 18.209600 -0.904436 0.426462 -0.011194 1.020800 -0.128368 -0.247031 0.960467 -3.906100 0.000000 0.000000 0.000000 1.000000</float_array>
        <technique_common>
          <accessor source="#L_horn1-Matrix-animation-output-transform-array" count="19" stride="16">
            <param type="float4x4"/>
          </accessor>
        </technique_common>
      </source>
      <source id="L_horn1-Interpolations">
        <Name_array id="L_horn1-Interpolations-array" count="19">
 LINEAR LINEAR LINEAR LINEAR LINEAR LINEAR LINEAR LINEAR LINEAR LINEAR LINEAR
LINEAR LINEAR LINEAR LINEAR LINEAR LINEAR LINEAR LINEAR</Name_array>
        <technique_common>
          <accessor source="#L_horn1-Interpolations-array" count="19">
            <param type="name"/>
          </accessor>
        </technique_common>
      </source>
      <sampler id="L_horn1-Matrix-animation-transform">
        <input semantic="INPUT" source="#L_horn1-Matrix-animation-input"/>
        <input semantic="OUTPUT" source="#L_horn1-Matrix-animation-output-transform"/>
        <input semantic="INTERPOLATION" source="#L_horn1-Interpolations"/>
      </sampler>
      <channel source="#L_horn1-Matrix-animation-transform" target="L_horn1/matrix"/>
    </animation>
  </library_animations>
  <library_visual_scenes>
    <visual_scene id="RootNode" name="RootNode">
      <node id="mixamorig_Hips" name="mixamorig_Hips" sid="mixamorig_Hips" type="JOINT">
        <matrix sid="matrix">0.519728 -0.370870 -0.769636 5.280032 0.139813 0.925640 -0.351630 173.148697 0.842814 0.075147 0.532933 -2.808837 0.000000 0.000000 0.000000 1.000000</matrix>
        <node id="mixamorig_Spine" name="mixamorig_Spine" sid="mixamorig_Spine" type="JOINT">
          <matrix sid="matrix">0.988507 0.151075 -0.005568 -0.006600 -0.143991 0.929659 -0.339118 10.822600 -0.046056 0.336022 0.940727 -0.430700 0.000000 0.000000 0.000000 1.000000</matrix>
          <node id="mixamorig_Spine1" name="mixamorig_Spine1" sid="mixamorig_Spine1" type="JOINT">
            <matrix sid="matrix">0.990613 0.133716 0.028394 0.000000 -0.126540 0.975577 -0.179547 12.655100 -0.051709 0.174269 0.983340 0.000000 0.000000 0.000000 0.000000 1.000000</matrix>
            <node id="mixamorig_Spine2" name="mixamorig_Spine2" sid="mixamorig_Spine2" type="JOINT">
              <matrix sid="matrix">0.991569 0.125374 0.032732 0.000000 -0.118849 0.980623 -0.155732 14.459700 -0.051622 0.150529 0.987257 -0.000000 0.000000 0.000000 0.000000 1.000000</matrix>
              <node id="mixamorig_Neck" name="mixamorig_Neck" sid="mixamorig_Neck" type="JOINT">
                <matrix sid="matrix">0.921074 -0.149986 0.359342 0.000000 -0.025820 0.897283 0.440701 16.135700 -0.388530 -0.415196 0.822591 0.000000 0.000000 0.000000 0.000000 1.000000</matrix>
                <node id="mixamorig_Head" name="mixamorig_Head" sid="mixamorig_Head" type="JOINT">
                  <matrix sid="matrix">0.890926 0.185540 0.414518 0.000000 -0.157523 0.982324 -0.101127 6.791300 -0.425954 0.024801 0.904405 0.000000 0.000000 0.000000 0.000000 1.000000</matrix>
                  <node id="mixamorig_HeadTop_End" name="mixamorig_HeadTop_End" sid="mixamorig_HeadTop_End" type="JOINT">
                    <matrix sid="matrix">1.000000 -0.000000 -0.000000 0.000000 0.000000 1.000000 -0.000000 23.104200 0.000000 0.000000 1.000000 0.000000 0.000000 0.000000 0.000000 1.000000</matrix>
                  </node>
                  <node id="mixamorig_LeftEye" name="mixamorig_LeftEye" sid="mixamorig_LeftEye" type="JOINT">
                    <matrix sid="matrix">0.999998 0.002177 0.000049 3.472400 -0.002171 0.994739 0.102423 10.009700 0.000174 -0.102423 0.994741 8.325400 0.000000 0.000000 0.000000 1.000000</matrix>
                  </node>
                  <node id="mixamorig_RightEye" name="mixamorig_RightEye" sid="mixamorig_RightEye" type="JOINT">
                    <matrix sid="matrix">0.999998 0.002177 0.000049 -3.952600 -0.002171 0.994739 0.102423 9.961800 0.000174 -0.102423 0.994741 8.315900 0.000000 0.000000 0.000000 1.000000</matrix>
                  </node>
                </node>
              </node>
              <node id="mixamorig_LeftShoulder" name="mixamorig_LeftShoulder" sid="mixamorig_LeftShoulder" type="JOINT">
                <matrix sid="matrix">0.318913 0.693646 -0.645872 11.022900 -0.004038 -0.680454 -0.732780 13.234400 -0.947775 0.236301 -0.214205 -1.554100 0.000000 0.000000 0.000000 1.000000</matrix>
                <node id="mixamorig_LeftArm" name="mixamorig_LeftArm" sid="mixamorig_LeftArm" type="JOINT">
                  <matrix sid="matrix">0.739506 -0.000345 -0.673149 0.000000 0.155641 0.972991 0.170485 16.551600 0.654909 -0.230844 0.719586 0.000000 0.000000 0.000000 0.000000 1.000000</matrix>
                  <node id="mixamorig_LeftForeArm" name="mixamorig_LeftForeArm" sid="mixamorig_LeftForeArm" type="JOINT">
                    <matrix sid="matrix">-0.257948 -0.966105 0.010167 -0.000000 0.966131 -0.257848 0.010216 27.198299 -0.007248 0.012458 0.999896 0.000000 0.000000 0.000000 0.000000 1.000000</matrix>
                    <node id="mixamorig_LeftHand" name="mixamorig_LeftHand" sid="mixamorig_LeftHand" type="JOINT">
                      <matrix sid="matrix">0.899714 -0.418076 -0.125405 0.000000 0.394674 0.656541 0.642796 21.535400 -0.186404 -0.627827 0.755703 0.000000 0.000000 0.000000 0.000000 1.000000</matrix>
                      <node id="mixamorig_LeftHandThumb1" name="mixamorig_LeftHandThumb1" sid="mixamorig_LeftHandThumb1" type="JOINT">
                        <matrix sid="matrix">0.879850 -0.221466 0.420496 -1.897200 0.355521 0.893877 -0.273109 4.226700 -0.315387 0.389790 0.865214 4.940900 0.000000 0.000000 0.000000 1.000000</matrix>
                        <node id="mixamorig_LeftHandThumb2" name="mixamorig_LeftHandThumb2" sid="mixamorig_LeftHandThumb2" type="JOINT">
                          <matrix sid="matrix">0.979006 0.170741 -0.111332 -0.788100 -0.183596 0.975921 -0.117770 4.746200 0.088543 0.135738 0.986780 0.000000 0.000000 0.000000 0.000000 1.000000</matrix>
                          <node id="mixamorig_LeftHandThumb3" name="mixamorig_LeftHandThumb3" sid="mixamorig_LeftHandThumb3" type="JOINT">
                            <matrix sid="matrix">0.964590 0.262990 0.020050 -0.314700 -0.263359 0.964516 0.018715 7.341200 -0.014417 -0.023333 0.999624 0.000000 0.000000 0.000000 0.000000 1.000000</matrix>
                            <node id="mixamorig_LeftHandThumb4" name="mixamorig_LeftHandThumb4" sid="mixamorig_LeftHandThumb4" type="JOINT">
                              <matrix sid="matrix">1.000000 0.000000 0.000000 1.102800 0.000000 1.000000 -0.000000 7.800700 0.000000 -0.000000 1.000000 0.000000 0.000000 0.000000 0.000000 1.000000</matrix>
                            </node>
                          </node>
                        </node>
                      </node>
                      <node id="mixamorig_LeftHandIndex1" name="mixamorig_LeftHandIndex1" sid="mixamorig_LeftHandIndex1" type="JOINT">
                        <matrix sid="matrix">0.958644 0.168917 0.229062 -2.959300 -0.144869 0.982373 -0.118139 12.531300 -0.244980 0.080069 0.966216 1.173500 0.000000 0.000000 0.000000 1.000000</matrix>
                        <node id="mixamorig_LeftHandIndex2" name="mixamorig_LeftHandIndex2" sid="mixamorig_LeftHandIndex2" type="JOINT">
                          <matrix sid="matrix">0.998274 0.046693 -0.035620 -0.006300 -0.052001 0.420909 -0.905611 8.298100 -0.027293 0.905900 0.422611 -0.000000 0.000000 0.000000 0.000000 1.000000</matrix>
                          <node id="mixamorig_LeftHandIndex3" name="mixamorig_LeftHandIndex3" sid="mixamorig_LeftHandIndex3" type="JOINT">
                            <matrix sid="matrix">0.999578 0.027158 -0.010280 0.002000 -0.028884 0.893370 -0.448392 4.720200 -0.002994 0.448500 0.893778 0.000000 0.000000 0.000000 0.000000 1.000000</matrix>
                            <node id="mixamorig_LeftHandIndex4" name="mixamorig_LeftHandIndex4" sid="mixamorig_LeftHandIndex4" type="JOINT">
                              <matrix sid="matrix">1.000000 0.000000 0.000000 0.000600 -0.000000 1.000000 -0.000000 7.237800 0.000000 -0.000000 1.000000 -0.000000 0.000000 0.000000 0.000000 1.000000</matrix>
                            </node>
                          </node>
                        </node>
                      </node>
                      <node id="mixamorig_LeftHandMiddle1" name="mixamorig_LeftHandMiddle1" sid="mixamorig_LeftHandMiddle1" type="JOINT">
                        <matrix sid="matrix">0.969717 0.237849 0.055467 2.392400 -0.185328 0.864531 -0.467162 14.502300 -0.159067 0.442736 0.882430 -0.033500 0.000000 0.000000 0.000000 1.000000</matrix>
                        <node id="mixamorig_LeftHandMiddle2" name="mixamorig_LeftHandMiddle2" sid="mixamorig_LeftHandMiddle2" type="JOINT">
                          <matrix sid="matrix">0.997014 0.063423 -0.044054 0.002700 -0.065704 0.397000 -0.915464 8.151000 -0.040572 0.915625 0.399982 -0.000000 0.000000 0.000000 0.000000 1.000000</matrix>
                          <node id="mixamorig_LeftHandMiddle3" name="mixamorig_LeftHandMiddle3" sid="mixamorig_LeftHandMiddle3" type="JOINT">
                            <matrix sid="matrix">0.998937 0.044797 -0.010910 -0.001100 -0.040658 0.744294 -0.666613 4.559900 -0.021742 0.666348 0.745324 0.000000 0.000000 0.000000 0.000000 1.000000</matrix>
                            <node id="mixamorig_LeftHandMiddle4" name="mixamorig_LeftHandMiddle4" sid="mixamorig_LeftHandMiddle4" type="JOINT">
                              <matrix sid="matrix">1.000000 0.000000 0.000000 0.000100 0.000000 1.000000 -0.000000 7.733900 0.000000 -0.000000 1.000000 0.000000 0.000000 0.000000 0.000000 1.000000</matrix>
                            </node>
                          </node>
                        </node>
                      </node>
                      <node id="mixamorig_LeftHandRing1" name="mixamorig_LeftHandRing1" sid="mixamorig_LeftHandRing1" type="JOINT">
                        <matrix sid="matrix">0.956988 0.272457 -0.099703 7.071600 -0.256614 0.634557 -0.729031 14.022100 -0.135362 0.723260 0.677180 -0.727900 0.000000 0.000000 0.000000 1.000000</matrix>
                        <node id="mixamorig_LeftHandRing2" name="mixamorig_LeftHandRing2" sid="mixamorig_LeftHandRing2" type="JOINT">
                          <matrix sid="matrix">0.997820 0.053457 -0.038704 0.005000 -0.055422 0.360305 -0.931187 6.963300 -0.035833 0.931302 0.362482 -0.000000 0.000000 0.000000 0.000000 1.000000</matrix>
                          <node id="mixamorig_LeftHandRing3" name="mixamorig_LeftHandRing3" sid="mixamorig_LeftHandRing3" type="JOINT">
                            <matrix sid="matrix">0.998632 0.049290 -0.017477 -0.001000 -0.048121 0.735198 -0.676142 3.798600 -0.020478 0.676058 0.736564 0.000000 0.000000 0.000000 0.000000 1.000000</matrix>
                            <node id="mixamorig_LeftHandRing4" name="mixamorig_LeftHandRing4" sid="mixamorig_LeftHandRing4" type="JOINT">
                              <matrix sid="matrix">1.000000 -0.000000 0.000000 -0.002900 -0.000000 1.000000 0.000000 6.663500 -0.000000 -0.000000 1.000000 0.000000 0.000000 0.000000 0.000000 1.000000</matrix>
                            </node>
                          </node>
                        </node>
                      </node>
                      <node id="mixamorig_LeftHandPinky1" name="mixamorig_LeftHandPinky1" sid="mixamorig_LeftHandPinky1" type="JOINT">
                        <matrix sid="matrix">0.941934 0.172128 -0.288327 10.979800 -0.329751 0.636359 -0.697360 13.885000 0.063444 0.751944 0.656167 0.589700 0.000000 0.000000 0.000000 1.000000</matrix>
                        <node id="mixamorig_LeftHandPinky2" name="mixamorig_LeftHandPinky2" sid="mixamorig_LeftHandPinky2" type="JOINT">
                          <matrix sid="matrix">0.997107 0.056097 -0.051294 0.000300 -0.054819 0.063209 -0.996494 3.975700 -0.052658 0.996422 0.066101 0.000000 0.000000 0.000000 0.000000 1.000000</matrix>
                          <node id="mixamorig_LeftHandPinky3" name="mixamorig_LeftHandPinky3" sid="mixamorig_LeftHandPinky3" type="JOINT">
                            <matrix sid="matrix">0.998909 0.043420 -0.017185 -0.000400 -0.041346 0.651332 -0.757665 2.799700 -0.021705 0.757549 0.652417 0.000000 0.000000 0.000000 0.000000 1.000000</matrix>
                            <node id="mixamorig_LeftHandPinky4" name="mixamorig_LeftHandPinky4" sid="mixamorig_LeftHandPinky4" type="JOINT">
                              <matrix sid="matrix">1.000000 0.000000 0.000000 -0.000400 0.000000 1.000000 0.000000 5.669600 0.000000 0.000000 1.000000 0.000000 0.000000 0.000000 0.000000 1.000000</matrix>
                            </node>
                          </node>
                        </node>
                      </node>
                    </node>
                  </node>
                </node>
              </node>
              <node id="mixamorig_RightShoulder" name="mixamorig_RightShoulder" sid="mixamorig_RightShoulder" type="JOINT">
                <matrix sid="matrix">-0.140857 -0.883463 0.446825 -10.882400 -0.055292 -0.443601 -0.894517 13.272500 0.988485 -0.150705 0.013635 -1.553300 0.000000 0.000000 0.000000 1.000000</matrix>
                <node id="mixamorig_RightArm" name="mixamorig_RightArm" sid="mixamorig_RightArm" type="JOINT">
                  <matrix sid="matrix">0.706589 -0.174319 0.685817 -0.000000 0.628879 0.599017 -0.495671 16.507099 -0.324411 0.781532 0.532884 0.000000 0.000000 0.000000 0.000000 1.000000</matrix>
                  <node id="mixamorig_RightForeArm" name="mixamorig_RightForeArm" sid="mixamorig_RightForeArm" type="JOINT">
                    <matrix sid="matrix">-0.390546 0.918539 -0.061316 -0.000000 -0.906849 -0.395327 -0.146089 19.953800 -0.158428 -0.001450 0.987369 -0.000000 0.000000 0.000000 0.000000 1.000000</matrix>
                    <node id="mixamorig_RightHand" name="mixamorig_RightHand" sid="mixamorig_RightHand" type="JOINT">
                      <matrix sid="matrix">0.979079 0.163836 0.120676 0.000000 -0.184085 0.965873 0.182217 28.810400 -0.086704 -0.200619 0.975825 -0.000000 0.000000 0.000000 0.000000 1.000000</matrix>
                      <node id="mixamorig_RightHandThumb1" name="mixamorig_RightHandThumb1" sid="mixamorig_RightHandThumb1" type="JOINT">
                        <matrix sid="matrix">0.716874 0.634197 -0.289631 1.539600 -0.691229 0.700767 -0.176431 3.801100 0.091072 0.326680 0.940737 1.972600 0.000000 0.000000 0.000000 1.000000</matrix>
                        <node id="mixamorig_RightHandThumb2" name="mixamorig_RightHandThumb2" sid="mixamorig_RightHandThumb2" type="JOINT">
                          <matrix sid="matrix">0.887015 -0.432725 0.161100 0.267800 0.445997 0.893262 -0.056299 4.847300 -0.119543 0.121788 0.985331 0.000000 0.000000 0.000000 0.000000 1.000000</matrix>
                          <node id="mixamorig_RightHandThumb3" name="mixamorig_RightHandThumb3" sid="mixamorig_RightHandThumb3" type="JOINT">
                            <matrix sid="matrix">0.849125 -0.527042 -0.034835 -0.081100 0.527981 0.845071 0.084208 4.705100 -0.014944 -0.089895 0.995839 0.000000 0.000000 0.000000 0.000000 1.000000</matrix>
                            <node id="mixamorig_RightHandThumb4" name="mixamorig_RightHandThumb4" sid="mixamorig_RightHandThumb4" type="JOINT">
                              <matrix sid="matrix">1.000000 0.000000 0.000000 -0.186700 -0.000000 1.000000 0.000000 5.139200 -0.000000 0.000000 1.000000 0.000000 0.000000 0.000000 0.000000 1.000000</matrix>
                            </node>
                          </node>
                        </node>
                      </node>
                      <node id="mixamorig_RightHandIndex1" name="mixamorig_RightHandIndex1" sid="mixamorig_RightHandIndex1" type="JOINT">
                        <matrix sid="matrix">0.948695 -0.055772 -0.311236 5.382800 -0.130713 0.827098 -0.546646 13.307100 0.287910 0.559283 0.777374 -0.085200 0.000000 0.000000 0.000000 1.000000</matrix>
                        <node id="mixamorig_RightHandIndex2" name="mixamorig_RightHandIndex2" sid="mixamorig_RightHandIndex2" type="JOINT">
                          <matrix sid="matrix">0.999860 0.011718 0.011986 -0.001700 0.015214 -0.334323 -0.942336 3.921400 -0.007035 0.942386 -0.334454 0.000000 0.000000 0.000000 0.000000 1.000000</matrix>
                          <node id="mixamorig_RightHandIndex3" name="mixamorig_RightHandIndex3" sid="mixamorig_RightHandIndex3" type="JOINT">
                            <matrix sid="matrix">0.999919 0.005536 0.011462 -0.000300 0.010665 0.127215 -0.991818 3.178700 -0.006948 0.991860 0.127146 -0.000000 0.000000 0.000000 0.000000 1.000000</matrix>
                            <node id="mixamorig_RightHandIndex4" name="mixamorig_RightHandIndex4" sid="mixamorig_RightHandIndex4" type="JOINT">
                              <matrix sid="matrix">1.000000 0.000000 0.000000 0.001900 -0.000000 1.000000 -0.000000 5.164400 0.000000 0.000000 1.000000 0.000000 0.000000 0.000000 0.000000 1.000000</matrix>
                            </node>
                          </node>
                        </node>
                      </node>
                      <node id="mixamorig_RightHandMiddle1" name="mixamorig_RightHandMiddle1" sid="mixamorig_RightHandMiddle1" type="JOINT">
                        <matrix sid="matrix">0.989403 -0.009967 -0.144852 1.695500 -0.101142 0.668456 -0.736842 14.609200 0.104171 0.743685 0.660365 0.049800 0.000000 0.000000 0.000000 1.000000</matrix>
                        <node id="mixamorig_RightHandMiddle2" name="mixamorig_RightHandMiddle2" sid="mixamorig_RightHandMiddle2" type="JOINT">
                          <matrix sid="matrix">0.999725 -0.020011 0.012247 -0.000200 0.007852 -0.206531 -0.978409 4.318300 0.022108 0.978235 -0.206317 0.000000 0.000000 0.000000 0.000000 1.000000</matrix>
                          <node id="mixamorig_RightHandMiddle3" name="mixamorig_RightHandMiddle3" sid="mixamorig_RightHandMiddle3" type="JOINT">
                            <matrix sid="matrix">0.999845 -0.017556 -0.001575 0.001500 0.000728 0.130407 -0.991460 3.241000 0.017611 0.991305 0.130399 0.000000 0.000000 0.000000 0.000000 1.000000</matrix>
                            <node id="mixamorig_RightHandMiddle4" name="mixamorig_RightHandMiddle4" sid="mixamorig_RightHandMiddle4" type="JOINT">
                              <matrix sid="matrix">1.000000 0.000000 0.000000 -0.001900 0.000000 1.000000 -0.000000 4.879200 -0.000000 0.000000 1.000000 0.000000 0.000000 0.000000 0.000000 1.000000</matrix>
                            </node>
                          </node>
                        </node>
                      </node>
                      <node id="mixamorig_RightHandRing1" name="mixamorig_RightHandRing1" sid="mixamorig_RightHandRing1" type="JOINT">
                        <matrix sid="matrix">0.999174 -0.010784 -0.039170 -1.709700 -0.024534 0.608329 -0.793306 14.370000 0.032383 0.793612 0.607562 -0.144700 0.000000 0.000000 0.000000 1.000000</matrix>
                        <node id="mixamorig_RightHandRing2" name="mixamorig_RightHandRing2" sid="mixamorig_RightHandRing2" type="JOINT">
                          <matrix sid="matrix">0.999932 -0.011695 -0.000479 0.001300 -0.001974 -0.128156 -0.991752 3.380800 0.011537 0.991685 -0.128170 0.000000 0.000000 0.000000 0.000000 1.000000</matrix>
                          <node id="mixamorig_RightHandRing3" name="mixamorig_RightHandRing3" sid="mixamorig_RightHandRing3" type="JOINT">
                            <matrix sid="matrix">0.999909 -0.010489 0.008530 -0.000200 0.007547 -0.090448 -0.995873 2.845800 0.011217 0.995846 -0.090361 0.000000 0.000000 0.000000 0.000000 1.000000</matrix>
                            <node id="mixamorig_RightHandRing4" name="mixamorig_RightHandRing4" sid="mixamorig_RightHandRing4" type="JOINT">
                              <matrix sid="matrix">1.000000 0.000000 0.000000 -0.001200 -0.000000 1.000000 0.000000 4.826200 0.000000 -0.000000 1.000000 0.000000 0.000000 0.000000 0.000000 1.000000</matrix>
                            </node>
                          </node>
                        </node>
                      </node>
                      <node id="mixamorig_RightHandPinky1" name="mixamorig_RightHandPinky1" sid="mixamorig_RightHandPinky1" type="JOINT">
                        <matrix sid="matrix">0.984160 0.143233 0.104468 -4.848000 0.013063 0.529080 -0.848471 14.008100 -0.176801 0.836396 0.518828 -0.068600 0.000000 0.000000 0.000000 1.000000</matrix>
                        <node id="mixamorig_RightHandPinky2" name="mixamorig_RightHandPinky2" sid="mixamorig_RightHandPinky2" type="JOINT">
                          <matrix sid="matrix">0.999473 0.008925 -0.031222 0.005700 -0.023470 -0.465912 -0.884520 2.332400 -0.022441 0.884786 -0.465457 0.000000 0.000000 0.000000 0.000000 1.000000</matrix>
                          <node id="mixamorig_RightHandPinky3" name="mixamorig_RightHandPinky3" sid="mixamorig_RightHandPinky3" type="JOINT">
                            <matrix sid="matrix">0.999813 0.013201 -0.014150 -0.003000 -0.018056 0.373349 -0.927515 2.529300 -0.006961 0.927597 0.373518 -0.000000 0.000000 0.000000 0.000000 1.000000</matrix>
                            <node id="mixamorig_RightHandPinky4" name="mixamorig_RightHandPinky4" sid="mixamorig_RightHandPinky4" type="JOINT">
                              <matrix sid="matrix">1.000000 0.000000 0.000000 -0.002700 0.000000 1.000000 0.000000 3.288700 0.000000 0.000000 1.000000 0.000000 0.000000 0.000000 0.000000 1.000000</matrix>
                            </node>
                          </node>
                        </node>
                      </node>
                    </node>
                  </node>
                </node>
              </node>
            </node>
          </node>
        </node>
        <node id="mixamorig_LeftUpLeg" name="mixamorig_LeftUpLeg" sid="mixamorig_LeftUpLeg" type="JOINT">
          <matrix sid="matrix">-0.970677 0.178908 0.160556 13.280500 0.212679 0.327837 0.920484 -6.012500 0.112045 0.927639 -0.356274 -0.531400 0.000000 0.000000 0.000000 1.000000</matrix>
          <node id="mixamorig_LeftLeg" name="mixamorig_LeftLeg" sid="mixamorig_LeftLeg" type="JOINT">
            <matrix sid="matrix">0.987236 -0.133437 -0.086944 0.000000 -0.012133 -0.607343 0.794347 52.183899 -0.158800 -0.783153 -0.601210 0.000000 0.000000 0.000000 0.000000 1.000000</matrix>
            <node id="mixamorig_LeftFoot" name="mixamorig_LeftFoot" sid="mixamorig_LeftFoot" type="JOINT">
              <matrix sid="matrix">0.981927 -0.152006 -0.112755 0.000000 -0.008143 0.561286 -0.827582 50.974098 0.189085 0.813543 0.549904 0.000000 0.000000 0.000000 0.000000 1.000000</matrix>
              <node id="mixamorig_LeftToeBase" name="mixamorig_LeftToeBase" sid="mixamorig_LeftToeBase" type="JOINT">
                <matrix sid="matrix">0.987689 0.072069 0.138840 -0.000000 0.003995 0.875639 -0.482949 21.993700 -0.156380 0.477558 0.864571 0.000000 0.000000 0.000000 0.000000 1.000000</matrix>
                <node id="mixamorig_LeftToe_End" name="mixamorig_LeftToe_End" sid="mixamorig_LeftToe_End" type="JOINT">
                  <matrix sid="matrix">1.000000 0.000000 -0.000000 0.000000 0.000000 1.000000 -0.000000 9.003600 -0.000000 -0.000000 1.000000 0.000000 0.000000 0.000000 0.000000 1.000000</matrix>
                </node>
              </node>
            </node>
          </node>
        </node>
        <node id="mixamorig_RightUpLeg" name="mixamorig_RightUpLeg" sid="mixamorig_RightUpLeg" type="JOINT">
          <matrix sid="matrix">-0.966498 -0.209913 0.147710 -13.293700 0.132507 0.084811 0.987547 -6.012500 -0.219826 0.974035 -0.054155 -0.531400 0.000000 0.000000 0.000000 1.000000</matrix>
          <node id="mixamorig_RightLeg" name="mixamorig_RightLeg" sid="mixamorig_RightLeg" type="JOINT">
            <matrix sid="matrix">0.998768 0.014564 0.047445 0.000000 -0.029122 -0.602116 0.797877 52.153900 0.040187 -0.798276 -0.600950 -0.000000 0.000000 0.000000 0.000000 1.000000</matrix>
            <node id="mixamorig_RightFoot" name="mixamorig_RightFoot" sid="mixamorig_RightFoot" type="JOINT">
              <matrix sid="matrix">0.980438 0.084603 0.177716 0.000000 0.115875 0.481753 -0.868612 51.002602 -0.159102 0.872214 0.462525 0.000000 0.000000 0.000000 0.000000 1.000000</matrix>
              <node id="mixamorig_RightToeBase" name="mixamorig_RightToeBase" sid="mixamorig_RightToeBase" type="JOINT">
                <matrix sid="matrix">0.988866 -0.066664 -0.133042 -0.000000 -0.004124 0.881423 -0.472309 22.030199 0.148753 0.467599 0.871334 0.000000 0.000000 0.000000 0.000000 1.000000</matrix>
                <node id="mixamorig_RightToe_End" name="mixamorig_RightToe_End" sid="mixamorig_RightToe_End" type="JOINT">
                  <matrix sid="matrix">1.000000 -0.000000 0.000000 0.000000 -0.000000 1.000000 0.000000 9.032300 -0.000000 -0.000000 1.000000 -0.000000 0.000000 0.000000 0.000000 1.000000</matrix>
                </node>
              </node>
            </node>
          </node>
        </node>
        <node id="mixamorig_F_skirt1" name="mixamorig_F_skirt1" sid="mixamorig_F_skirt1" type="JOINT">
          <matrix sid="matrix">0.000000 1.000000 -0.000000 -0.580400 -1.000000 0.000000 -0.000000 -7.794500 0.000000 0.000000 1.000000 17.818100 0.000000 0.000000 0.000000 1.000000</matrix>
          <node id="mixamorig_F_skirt2" name="mixamorig_F_skirt2" sid="mixamorig_F_skirt2" type="JOINT">
            <matrix sid="matrix">1.000000 -0.000000 0.000000 27.000000 0.000000 1.000000 0.000000 -0.000000 0.000000 0.000000 1.000000 0.000000 0.000000 0.000000 0.000000 1.000000</matrix>
            <node id="mixamorig_F_skirt3" name="mixamorig_F_skirt3" sid="mixamorig_F_skirt3" type="JOINT">
              <matrix sid="matrix">1.000000 -0.000000 0.000000 27.000000 0.000000 1.000000 -0.000000 0.000000 0.000000 0.000000 1.000000 0.000000 0.000000 0.000000 0.000000 1.000000</matrix>
              <node id="mixamorig_F_skirt_end" name="mixamorig_F_skirt_end" sid="mixamorig_F_skirt_end" type="JOINT">
                <matrix sid="matrix">1.000000 -0.000000 0.000000 24.000000 -0.000000 1.000000 0.000000 0.000000 -0.000000 -0.000000 1.000000 0.000000 0.000000 0.000000 0.000000 1.000000</matrix>
              </node>
            </node>
          </node>
        </node>
        <node id="mixamorig_L_A_skirt1" name="mixamorig_L_A_skirt1" sid="mixamorig_L_A_skirt1" type="JOINT">
          <matrix sid="matrix">0.122996 0.897244 0.424058 9.424300 -0.992244 0.103429 0.068955 -5.518500 0.018009 -0.429250 0.903006 15.946100 0.000000 0.000000 0.000000 1.000000</matrix>
          <node id="mixamorig_L_A_skirt2" name="mixamorig_L_A_skirt2" sid="mixamorig_L_A_skirt2" type="JOINT">
            <matrix sid="matrix">1.000000 0.000000 0.000000 27.000000 -0.000000 1.000000 0.000000 0.000000 0.000000 -0.000000 1.000000 0.000000 0.000000 0.000000 0.000000 1.000000</matrix>
            <node id="mixamorig_L_A_skirt3" name="mixamorig_L_A_skirt3" sid="mixamorig_L_A_skirt3" type="JOINT">
              <matrix sid="matrix">1.000000 -0.000000 0.000000 27.000000 -0.000000 1.000000 0.000000 0.000000 0.000000 0.000000 1.000000 0.000000 0.000000 0.000000 0.000000 1.000000</matrix>
              <node id="mixamorig_L_A_skirt_end" name="mixamorig_L_A_skirt_end" sid="mixamorig_L_A_skirt_end" type="JOINT">
                <matrix sid="matrix">1.000000 0.000000 0.000000 27.000000 -0.000000 1.000000 -0.000000 -0.000000 0.000000 0.000000 1.000000 0.000000 0.000000 0.000000 0.000000 1.000000</matrix>
              </node>
            </node>
          </node>
        </node>
        <node id="mixamorig_L_B_skirt1" name="mixamorig_L_B_skirt1" sid="mixamorig_L_B_skirt1" type="JOINT">
          <matrix sid="matrix">0.111759 0.000000 0.993735 18.448999 -0.993735 0.000000 0.111759 -4.216000 -0.000000 -1.000000 0.000000 -0.295100 0.000000 0.000000 0.000000 1.000000</matrix>
          <node id="mixamorig_L_B_skirt2" name="mixamorig_L_B_skirt2" sid="mixamorig_L_B_skirt2" type="JOINT">
            <matrix sid="matrix">1.000000 -0.000000 -0.000000 27.000000 -0.000000 1.000000 -0.000000 0.000000 0.000000 -0.000000 1.000000 0.000000 0.000000 0.000000 0.000000 1.000000</matrix>
            <node id="mixamorig_L_B_skirt3" name="mixamorig_L_B_skirt3" sid="mixamorig_L_B_skirt3" type="JOINT">
              <matrix sid="matrix">1.000000 0.000000 0.000000 27.000000 0.000000 1.000000 0.000000 0.000000 0.000000 0.000000 1.000000 0.000000 0.000000 0.000000 0.000000 1.000000</matrix>
              <node id="mixamorig_L_B_skirt_end" name="mixamorig_L_B_skirt_end" sid="mixamorig_L_B_skirt_end" type="JOINT">
                <matrix sid="matrix">1.000000 0.000000 -0.000000 27.000000 -0.000000 1.000000 -0.000000 0.000000 0.000000 0.000000 1.000000 0.000000 0.000000 0.000000 0.000000 1.000000</matrix>
              </node>
            </node>
          </node>
        </node>
        <node id="mixamorig_L_C_skirt1" name="mixamorig_L_C_skirt1" sid="mixamorig_L_C_skirt1" type="JOINT">
          <matrix sid="matrix">0.023939 -0.971540 0.235663 7.049900 -0.998221 -0.010354 0.058718 -6.149500 -0.054607 -0.236649 -0.970059 -15.762800 0.000000 0.000000 0.000000 1.000000</matrix>
          <node id="mixamorig_L_C_skirt2" name="mixamorig_L_C_skirt2" sid="mixamorig_L_C_skirt2" type="JOINT">
            <matrix sid="matrix">1.000000 -0.000000 -0.000000 28.000000 0.000000 1.000000 -0.000000 0.000000 -0.000000 -0.000000 1.000000 -0.000000 0.000000 0.000000 0.000000 1.000000</matrix>
            <node id="mixamorig_L_C_skirt3" name="mixamorig_L_C_skirt3" sid="mixamorig_L_C_skirt3" type="JOINT">
              <matrix sid="matrix">1.000000 0.000000 -0.000000 28.000000 0.000000 1.000000 -0.000000 0.000000 -0.000000 -0.000000 1.000000 0.000000 0.000000 0.000000 0.000000 1.000000</matrix>
              <node id="mixamorig_L_C_skirt_end" name="mixamorig_L_C_skirt_end" sid="mixamorig_L_C_skirt_end" type="JOINT">
                <matrix sid="matrix">1.000000 0.000000 -0.000000 28.000000 0.000000 1.000000 0.000000 -0.000000 -0.000000 -0.000000 1.000000 0.000000 0.000000 0.000000 0.000000 1.000000</matrix>
              </node>
            </node>
          </node>
        </node>
        <node id="mixamorig_R_A_skirt1" name="mixamorig_R_A_skirt1" sid="mixamorig_R_A_skirt1" type="JOINT">
          <matrix sid="matrix">-0.122996 0.897244 -0.424058 -9.424300 -0.992244 -0.103429 0.068955 -5.518900 0.018009 0.429250 0.903006 15.946100 0.000000 0.000000 0.000000 1.000000</matrix>
          <node id="mixamorig_R_A_skirt2" name="mixamorig_R_A_skirt2" sid="mixamorig_R_A_skirt2" type="JOINT">
            <matrix sid="matrix">1.000000 0.000000 0.000000 26.999599 0.000000 1.000000 0.000000 -0.000000 0.000000 0.000000 1.000000 0.000100 0.000000 0.000000 0.000000 1.000000</matrix>
            <node id="mixamorig_R_A_skirt3" name="mixamorig_R_A_skirt3" sid="mixamorig_R_A_skirt3" type="JOINT">
              <matrix sid="matrix">1.000000 -0.000000 -0.000000 27.000000 0.000000 1.000000 0.000000 0.000000 -0.000000 0.000000 1.000000 0.000000 0.000000 0.000000 0.000000 1.000000</matrix>
              <node id="mixamorig_R_A_skirt_end" name="mixamorig_R_A_skirt_end" sid="mixamorig_R_A_skirt_end" type="JOINT">
                <matrix sid="matrix">1.000000 0.000000 0.000000 27.000000 0.000000 1.000000 0.000000 0.000000 -0.000000 0.000000 1.000000 0.000000 0.000000 0.000000 0.000000 1.000000</matrix>
              </node>
            </node>
          </node>
        </node>
        <node id="mixamorig_R_B_skirt1" name="mixamorig_R_B_skirt1" sid="mixamorig_R_B_skirt1" type="JOINT">
          <matrix sid="matrix">-0.111759 0.000000 -0.993735 -18.448900 -0.993735 -0.000000 0.111759 -4.216300 0.000000 1.000000 -0.000000 -0.295100 0.000000 0.000000 0.000000 1.000000</matrix>
          <node id="mixamorig_R_B_skirt2" name="mixamorig_R_B_skirt2" sid="mixamorig_R_B_skirt2" type="JOINT">
            <matrix sid="matrix">1.000000 -0.000000 -0.000000 26.999701 0.000000 1.000000 0.000000 0.000000 0.000000 -0.000000 1.000000 0.000100 0.000000 0.000000 0.000000 1.000000</matrix>
            <node id="mixamorig_R_B_skirt3" name="mixamorig_R_B_skirt3" sid="mixamorig_R_B_skirt3" type="JOINT">
              <matrix sid="matrix">1.000000 0.000000 -0.000000 26.999901 0.000000 1.000000 0.000000 0.000000 -0.000000 0.000000 1.000000 -0.000000 0.000000 0.000000 0.000000 1.000000</matrix>
              <node id="mixamorig_R_B_skirt_end" name="mixamorig_R_B_skirt_end" sid="mixamorig_R_B_skirt_end" type="JOINT">
                <matrix sid="matrix">1.000000 0.000000 0.000000 27.000000 0.000000 1.000000 0.000000 0.000000 0.000000 0.000000 1.000000 0.000000 0.000000 0.000000 0.000000 1.000000</matrix>
              </node>
            </node>
          </node>
          <node id="mixamorig_R_bag1" name="mixamorig_R_bag1" sid="mixamorig_R_bag1" type="JOINT">
            <matrix sid="matrix">0.973707 -0.116729 -0.195624 6.766800 -0.197277 -0.002660 -0.980344 2.209500 0.113914 0.993160 -0.025618 5.400800 0.000000 0.000000 0.000000 1.000000</matrix>
            <node id="mixamorig_R_bag_end" name="mixamorig_R_bag_end" sid="mixamorig_R_bag_end" type="JOINT">
              <matrix sid="matrix">1.000000 0.000000 -0.000000 20.721201 0.000000 1.000000 0.000000 0.000000 0.000000 0.000000 1.000000 -0.000000 0.000000 0.000000 0.000000 1.000000</matrix>
            </node>
          </node>
        </node>
        <node id="mixamorig_R_C_skirt1" name="mixamorig_R_C_skirt1" sid="mixamorig_R_C_skirt1" type="JOINT">
          <matrix sid="matrix">-0.023939 -0.971540 -0.235663 -7.049900 -0.998221 0.010354 0.058718 -6.149900 -0.054607 0.236649 -0.970059 -15.762700 0.000000 0.000000 0.000000 1.000000</matrix>
          <node id="mixamorig_R_C_skirt2" name="mixamorig_R_C_skirt2" sid="mixamorig_R_C_skirt2" type="JOINT">
            <matrix sid="matrix">1.000000 -0.000000 0.000000 27.999701 -0.000000 1.000000 0.000000 0.000000 -0.000000 0.000000 1.000000 0.000000 0.000000 0.000000 0.000000 1.000000</matrix>
            <node id="mixamorig_R_C_skirt3" name="mixamorig_R_C_skirt3" sid="mixamorig_R_C_skirt3" type="JOINT">
              <matrix sid="matrix">1.000000 0.000000 -0.000000 27.999901 0.000000 1.000000 0.000000 0.000000 -0.000000 -0.000000 1.000000 0.000000 0.000000 0.000000 0.000000 1.000000</matrix>
              <node id="mixamorig_R_C_skirt_end" name="mixamorig_R_C_skirt_end" sid="mixamorig_R_C_skirt_end" type="JOINT">
                <matrix sid="matrix">1.000000 0.000000 0.000000 28.000000 0.000000 1.000000 -0.000000 0.000000 0.000000 0.000000 1.000000 0.000000 0.000000 0.000000 0.000000 1.000000</matrix>
              </node>
            </node>
          </node>
        </node>
        <node id="L_horn1" name="L_horn1" sid="L_horn1" type="JOINT">
          <matrix sid="matrix">0.406838 0.870118 0.278168 18.209600 -0.904436 0.426462 -0.011194 1.020800 -0.128368 -0.247031 0.960467 -3.906100 0.000000 0.000000 0.000000 1.000000</matrix>
          <node id="L_horn_end" name="L_horn_end" sid="L_horn_end" type="JOINT">
            <matrix sid="matrix">1.000000 0.000000 -0.000000 13.278900 -0.000000 1.000000 -0.000000 0.000000 0.000000 -0.000000 1.000000 0.000000 0.000000 0.000000 0.000000 1.000000</matrix>
          </node>
        </node>
      </node>
    </visual_scene>
  </library_visual_scenes>
  <scene>
    <instance_visual_scene url="#RootNode"/>
  </scene>
</COLLADA>
