<?xml version="1.0" encoding="utf-8"?>
<COLLADA xmlns="http://www.collada.org/2005/11/COLLADASchema" version="1.4.1">
  <asset>
    <contributor>
      <author>Mixamo</author>
      <authoring_tool>COLLADA Mixamo exporter</authoring_tool>
      <comments/>
    </contributor>
    <created>2025-11-20T18:08:44Z</created>
    <modified>2025-11-20T18:08:44Z</modified>
    <revision/>
    <title/>
    <unit meter="0.010000"/>
    <up_axis>Y_UP</up_axis>
  </asset>
  <library_animations>
    <animation id="mixamorig_Hips-anim" name="mixamorig_Hips">
      <source id="mixamorig_Hips-Matrix-animation-input">
        <float_array id="mixamorig_Hips-Matrix-animation-input-array" count="23">

0.000000 0.033333 0.066667 0.100000 0.133333 0.166667 0.200000 0.233333 0.266667 0.300000 0.333333 0.366667 0.400000 0.433333 0.466667 0.500000
0.533333 0.566667 0.600000 0.633333 0.666667 0.700000 0.733333</float_array>
        <technique_common>
          <accessor source="#mixamorig_Hips-Matrix-animation-input-array" count="23">
            <param name="TIME" type="float"/>
          </accessor>
        </technique_common>
      </source>
      <source id="mixamorig_Hips-Matrix-animation-output-transform">
        <float_array id="mixamorig_Hips-Matrix-animation-output-transform-array" count="368">

0.918014 0.005328 -0.396513 -0.461983 -0.088777 0.977292 -0.192405 104.245636 0.386483 0.211832 0.897640 -0.500942 0.000000 0.000000 0.000000 1.000000
0.909548 -0.029479 -0.414553 -0.519709 -0.074181 0.969948 -0.231729 103.206436 0.408926 0.241521 0.880027 -0.148766 0.000000 0.000000 0.000000 1.000000
0.903327 -0.064601 -0.424060 -0.500847 -0.059039 0.960462 -0.272080 103.699371 0.424870 0.270813 0.863797 0.682714 0.000000 0.000000 0.000000 1.000000
0.914680 -0.092558 -0.393437 -0.326427 -0.035872 0.950994 -0.307122 105.287575 0.402583 0.295032 0.866535 1.693051 0.000000 0.000000 0.000000 1.000000
0.931676 -0.107335 -0.347072 -0.097770 -0.015006 0.943172 -0.331966 107.355438 0.362980 0.314493 0.877120 2.907460 0.000000 0.000000 0.000000 1.000000
0.934831 -0.071433 -0.347834 0.298573 -0.047198 0.945869 -0.321097 108.793953 0.351942 0.316589 0.880857 3.901412 0.000000 0.000000 0.000000 1.000000
0.926053 -0.020676 -0.376827 0.720020 -0.091912 0.956077 -0.278333 108.536591 0.366030 0.292387 0.883477 3.519001 0.000000 0.000000 0.000000 1.000000
0.924339 -0.021966 -0.380940 0.936934 -0.079110 0.965617 -0.247639 106.982620 0.373282 0.259038 0.890820 2.763952 0.000000 0.000000 0.000000 1.000000
0.936596 -0.068474 -0.343655 1.312642 -0.017136 0.970598 -0.240096 105.120590 0.349992 0.230762 0.907885 0.854429 0.000000 0.000000 0.000000 1.000000
0.940098 -0.119811 -0.319158 1.910145 0.042985 0.970395 -0.237667 103.536507 0.338184 0.209711 0.917416 -1.359384 0.000000 0.000000 0.000000 1.000000
0.931657 -0.135867 -0.336979 2.532982 0.040164 0.960280 -0.276133 102.828171 0.361111 0.243727 0.900109 -2.020923 0.000000 0.000000 0.000000 1.000000
0.918884 -0.120261 -0.375751 2.804994 0.011826 0.960377 -0.278453 103.387161 0.394350 0.251422 0.883898 -2.332861 0.000000 0.000000 0.000000 1.000000
0.920015 -0.072587 -0.385102 2.680620 -0.027215 0.968489 -0.247563 104.694946 0.390937 0.238243 0.889049 -1.790630 0.000000 0.000000 0.000000 1.000000
0.926251 -0.012664 -0.376695 2.429279 -0.072447 0.974817 -0.210909 106.410156 0.369880 0.222645 0.902008 -0.104311 0.000000 0.000000 0.000000 1.000000
0.925920 0.024642 -0.376915 2.303554 -0.104894 0.975395 -0.193911 108.398788 0.362862 0.219083 0.905723 1.840480 0.000000 0.000000 0.000000 1.000000
0.924020 0.027533 -0.381351 2.151260 -0.112076 0.973096 -0.201305 109.838448 0.365549 0.228751 0.902246 3.676515 0.000000 0.000000 0.000000 1.000000
0.927098 -0.000984 -0.374818 2.065409 -0.089898 0.970225 -0.224906 110.568794 0.363879 0.242205 0.899405 5.482946 0.000000 0.000000 0.000000 1.000000
0.930913 -0.034801 -0.363578 1.817975 -0.057982 0.968746 -0.241184 110.382713 0.360608 0.245603 0.899800 6.711835 0.000000 0.000000 0.000000 1.000000
0.935399 -0.043328 -0.350929 1.496372 -0.036325 0.975438 -0.217259 109.571938 0.351723 0.215972 0.910850 7.060375 0.000000 0.000000 0.000000 1.000000
0.939843 -0.012719 -0.341371 0.900880 -0.047698 0.984632 -0.168004 108.386208 0.338261 0.174180 0.924792 7.160367 0.000000 0.000000 0.000000 1.000000
0.936606 0.019864 -0.349822 0.290954 -0.075909 0.986184 -0.147238 107.266624 0.342064 0.164459 0.925173 5.477390 0.000000 0.000000 0.000000 1.000000
0.927760 0.015637 -0.372849 -0.186392 -0.083457 0.982510 -0.166460 105.809044 0.363725 0.185552 0.912839 1.901043 0.000000 0.000000 0.000000 1.000000
0.918014 0.005328 -0.396513 -0.461973 -0.088777 0.977292 -0.192405 104.245605 0.386484 0.211832 0.897640 -0.500941 0.000000 0.000000 0.000000 1.000000</float_array>
        <technique_common>
          <accessor source="#mixamorig_Hips-Matrix-animation-output-transform-array" count="23" stride="16">
            <param type="float4x4"/>
          </accessor>
        </technique_common>
      </source>
      <source id="mixamorig_Hips-Interpolations">
        <Name_array id="mixamorig_Hips-Interpolations-array" count="23">
 LINEAR LINEAR LINEAR LINEAR LINEAR LINEAR LINEAR LINEAR LINEAR LINEAR LINEAR
LINEAR LINEAR LINEAR LINEAR LINEAR LINEAR LINEAR LINEAR LINEAR LINEAR LINEAR LINEAR</Name_array>
        <technique_common>
          <accessor source="#mixamorig_Hips-Interpolations-array" count="23">
            <param type="name"/>
          </accessor>
        </technique_common>
      </source>
      <sampler id="mixamorig_Hips-Matrix-animation-transform">
        <input semantic="INPUT" source="#mixamorig_Hips-Matrix-animation-input"/>
        <input semantic="OUTPUT" source="#mixamorig_Hips-Matrix-animation-output-transform"/>
        <input semantic="INTERPOLATION" source="#mixamorig_Hips-Interpolations"/>
      </sampler>
      <channel source="#mixamorig_Hips-Matrix-animation-transform" target="mixamorig_Hips/matrix"/>
    </animation>
    <animation id="mixamorig_Spine-anim" name="mixamorig_Spine">
      <source id="mixamorig_Spine-Matrix-animation-input">
        <float_array id="mixamorig_Spine-Matrix-animation-input-array" count="23">

0.000000 0.033333 0.066667 0.100000 0.133333 0.166667 0.200000 0.233333 0.266667 0.300000 0.333333 0.366667 0.400000 0.433333 0.466667 0.500000
0.533333 0.566667 0.600000 0.633333 0.666667 0.700000 0.733333</float_array>
        <technique_common>
          <accessor source="#mixamorig_Spine-Matrix-animation-input-array" count="23">
            <param name="TIME" type="float"/>
          </accessor>
        </technique_common>
      </source>
      <source id="mixamorig_Spine-Matrix-animation-output-transform">
        <float_array id="mixamorig_Spine-Matrix-animation-output-transform-array" count="368">

0.996605 0.008207 -0.081926 -0.006600 -0.033987 0.947301 -0.318537 10.822600 0.074994 0.320240 0.944363 -0.430700 0.000000 0.000000 0.000000 1.000000
0.996266 0.044022 -0.074272 -0.006600 -0.064905 0.949158 -0.308036 10.822600 0.056935 0.311706 0.948471 -0.430700 0.000000 0.000000 0.000000 1.000000
0.994231 0.077930 -0.073693 -0.006600 -0.095048 0.958516 -0.268723 10.822600 0.049695 0.274178 0.960394 -0.430700 0.000000 0.000000 0.000000 1.000000
0.990817 0.111058 -0.077121 -0.006600 -0.125379 0.968181 -0.216578 10.822600 0.050615 0.224259 0.973214 -0.430700 0.000000 0.000000 0.000000 1.000000
0.988143 0.132822 -0.077015 -0.006600 -0.144117 0.975379 -0.166934 10.822600 0.052946 0.176054 0.982956 -0.430700 0.000000 0.000000 0.000000 1.000000
0.992635 0.103725 -0.062582 -0.006600 -0.111797 0.983320 -0.143470 10.822600 0.046657 0.149409 0.987674 -0.430700 0.000000 0.000000 0.000000 1.000000
0.995670 0.077732 -0.050984 -0.006600 -0.084660 0.984760 -0.151923 10.822600 0.038397 0.155581 0.987077 -0.430700 0.000000 0.000000 0.000000 1.000000
0.991026 0.118340 -0.062150 -0.006600 -0.127145 0.978041 -0.165138 10.822600 0.041242 0.171558 0.984310 -0.430700 0.000000 0.000000 0.000000 1.000000
0.976576 0.194985 -0.090991 -0.006600 -0.209429 0.958384 -0.194007 10.822600 0.049376 0.208519 0.976771 -0.430700 0.000000 0.000000 0.000000 1.000000
0.960518 0.253159 -0.115395 -0.006600 -0.273539 0.935051 -0.225513 10.822600 0.050810 0.248174 0.967382 -0.430700 0.000000 0.000000 0.000000 1.000000
0.963639 0.243248 -0.110594 -0.006600 -0.259586 0.950358 -0.171565 10.822600 0.063371 0.194035 0.978946 -0.430700 0.000000 0.000000 0.000000 1.000000
0.971342 0.212870 -0.105745 -0.006600 -0.226883 0.962986 -0.145543 10.822600 0.070850 0.165363 0.983685 -0.430700 0.000000 0.000000 0.000000 1.000000
0.982533 0.149250 -0.111142 -0.006600 -0.165688 0.973535 -0.157405 10.822600 0.084708 0.173071 0.981260 -0.430700 0.000000 0.000000 0.000000 1.000000
0.990770 0.060001 -0.121548 -0.006600 -0.080783 0.981424 -0.174015 10.822600 0.108849 0.182228 0.977213 -0.430700 0.000000 0.000000 0.000000 1.000000
0.991433 -0.007924 -0.130373 -0.006600 -0.014616 0.985158 -0.171028 10.822600 0.129794 0.171469 0.976602 -0.430700 0.000000 0.000000 0.000000 1.000000
0.989235 -0.044910 -0.139277 -0.006600 0.023424 0.988067 -0.152233 10.822600 0.144452 0.147332 0.978482 -0.430700 0.000000 0.000000 0.000000 1.000000
0.988031 -0.047102 -0.146887 -0.006600 0.032632 0.994511 -0.099410 10.822600 0.150763 0.093427 0.984145 -0.430700 0.000000 0.000000 0.000000 1.000000
0.988365 -0.026621 -0.149756 -0.006600 0.019549 0.998632 -0.048501 10.822600 0.150842 0.045009 0.987533 -0.430700 0.000000 0.000000 0.000000 1.000000
0.989432 -0.023153 -0.143135 -0.006600 0.013623 0.997646 -0.067206 10.822600 0.144354 0.064546 0.987419 -0.430700 0.000000 0.000000 0.000000 1.000000
0.990116 -0.048463 -0.131608 -0.006600 0.028894 0.988756 -0.146721 10.822600 0.137239 0.141469 0.980384 -0.430700 0.000000 0.000000 0.000000 1.000000
0.990928 -0.074995 -0.111527 -0.006600 0.046960 0.970734 -0.235521 10.822600 0.125926 0.228147 0.965449 -0.430700 0.000000 0.000000 0.000000 1.000000
0.994357 -0.045843 -0.095667 -0.006600 0.016354 0.957271 -0.288728 10.822600 0.104815 0.285534 0.952620 -0.430700 0.000000 0.000000 0.000000 1.000000
0.996605 0.008207 -0.081926 -0.006600 -0.033987 0.947301 -0.318538 10.822600 0.074995 0.320240 0.944363 -0.430700 0.000000 0.000000 0.000000 1.000000</float_array>
        <technique_common>
          <accessor source="#mixamorig_Spine-Matrix-animation-output-transform-array" count="23" stride="16">
            <param type="float4x4"/>
          </accessor>
        </technique_common>
      </source>
      <source id="mixamorig_Spine-Interpolations">
        <Name_array id="mixamorig_Spine-Interpolations-array" count="23">
 LINEAR LINEAR LINEAR LINEAR LINEAR LINEAR LINEAR LINEAR LINEAR LINEAR LINEAR
LINEAR LINEAR LINEAR LINEAR LINEAR LINEAR LINEAR LINEAR LINEAR LINEAR LINEAR LINEAR</Name_array>
        <technique_common>
          <accessor source="#mixamorig_Spine-Interpolations-array" count="23">
            <param type="name"/>
          </accessor>
        </technique_common>
      </source>
      <sampler id="mixamorig_Spine-Matrix-animation-transform">
        <input semantic="INPUT" source="#mixamorig_Spine-Matrix-animation-input"/>
        <input semantic="OUTPUT" source="#mixamorig_Spine-Matrix-animation-output-transform"/>
        <input semantic="INTERPOLATION" source="#mixamorig_Spine-Interpolations"/>
      </sampler>
      <channel source="#mixamorig_Spine-Matrix-animation-transform" target="mixamorig_Spine/matrix"/>
    </animation>
    <animation id="mixamorig_Spine1-anim" name="mixamorig_Spine1">
      <source id="mixamorig_Spine1-Matrix-animation-input">
        <float_array id="mixamorig_Spine1-Matrix-animation-input-array" count="23">

0.000000 0.033333 0.066667 0.100000 0.133333 0.166667 0.200000 0.233333 0.266667 0.300000 0.333333 0.366667 0.400000 0.433333 0.466667 0.500000
0.533333 0.566667 0.600000 0.633333 0.666667 0.700000 0.733333</float_array>
        <technique_common>
          <accessor source="#mixamorig_Spine1-Matrix-animation-input-array" count="23">
            <param name="TIME" type="float"/>
          </accessor>
        </technique_common>
      </source>
      <source id="mixamorig_Spine1-Matrix-animation-output-transform">
        <float_array id="mixamorig_Spine1-Matrix-animation-output-transform-array" count="368">

0.995425 -0.040771 -0.086414 -0.000000 0.038490 0.998869 -0.027903 12.655100 0.087454 0.024450 0.995868 0.000000 0.000000 0.000000 0.000000 1.000000
0.996894 -0.029540 -0.073009 0.000000 0.027714 0.999280 -0.025898 12.655100 0.073722 0.023794 0.996995 0.000000 0.000000 0.000000 0.000000 1.000000
0.997616 -0.023757 -0.064797 0.000000 0.022642 0.999584 -0.017886 12.655100 0.065195 0.016376 0.997738 -0.000000 0.000000 0.000000 0.000000 1.000000
0.997467 -0.035185 -0.061817 0.000000 0.034613 0.999348 -0.010298 12.655100 0.062139 0.008132 0.998034 0.000000 0.000000 0.000000 0.000000 1.000000
0.997121 -0.040131 -0.064336 -0.000000 0.039848 0.999190 -0.005676 12.655100 0.064511 0.003096 0.997912 0.000000 0.000000 0.000000 0.000000 1.000000
0.997600 -0.040069 -0.056466 0.000000 0.039490 0.999156 -0.011333 12.655100 0.056873 0.009076 0.998340 0.000000 0.000000 0.000000 0.000000 1.000000
0.997874 -0.044561 -0.047565 0.000000 0.043620 0.998835 -0.020645 12.655100 0.048430 0.018527 0.998655 0.000000 0.000000 0.000000 0.000000 1.000000
0.997221 -0.051717 -0.053618 -0.000000 0.050477 0.998431 -0.024231 12.655100 0.054787 0.021457 0.998267 -0.000000 0.000000 0.000000 0.000000 1.000000
0.995362 -0.065611 -0.070351 -0.000000 0.064618 0.997777 -0.016304 12.655100 0.071265 0.011682 0.997389 -0.000000 0.000000 0.000000 0.000000 1.000000
0.994163 -0.069069 -0.082878 0.000000 0.068148 0.997579 -0.013887 12.655100 0.083637 0.008158 0.996463 0.000000 0.000000 0.000000 0.000000 1.000000
0.994196 -0.062871 -0.087303 0.000000 0.060288 0.997671 -0.031916 12.655100 0.089106 0.026468 0.995670 0.000000 0.000000 0.000000 0.000000 1.000000
0.994143 -0.059492 -0.090227 0.000000 0.055729 0.997491 -0.043663 12.655100 0.092599 0.038379 0.994964 0.000000 0.000000 0.000000 0.000000 1.000000
0.993388 -0.052718 -0.101989 0.000000 0.047791 0.997597 -0.050164 12.655100 0.104389 0.044958 0.993520 0.000000 0.000000 0.000000 0.000000 1.000000
0.991968 -0.042026 -0.119305 0.000000 0.035955 0.997968 -0.052596 12.655100 0.121273 0.047884 0.991464 -0.000000 0.000000 0.000000 0.000000 1.000000
0.990494 -0.039399 -0.131795 -0.000000 0.033084 0.998213 -0.049769 12.655100 0.133521 0.044936 0.990027 0.000000 0.000000 0.000000 0.000000 1.000000
0.989089 -0.042112 -0.141174 -0.000000 0.035633 0.998206 -0.048111 12.655100 0.142947 0.042555 0.988815 0.000000 0.000000 0.000000 0.000000 1.000000
0.988055 -0.048449 -0.146289 -0.000000 0.040718 0.997634 -0.055390 12.655100 0.148626 0.048772 0.987690 0.000000 0.000000 0.000000 0.000000 1.000000
0.988146 -0.051385 -0.144664 0.000000 0.042375 0.997005 -0.064694 12.655100 0.147555 0.057797 0.987364 0.000000 0.000000 0.000000 0.000000 1.000000
0.989330 -0.039612 -0.140204 0.000000 0.031130 0.997579 -0.062186 12.655100 0.142328 0.057158 0.988168 -0.000000 0.000000 0.000000 0.000000 1.000000
0.990422 -0.031583 -0.134414 0.000000 0.025746 0.998658 -0.044948 12.655100 0.135653 0.041057 0.989905 -0.000000 0.000000 0.000000 0.000000 1.000000
0.991761 -0.023275 -0.125973 0.000000 0.021057 0.999599 -0.018915 12.655100 0.126363 0.016107 0.991853 0.000000 0.000000 0.000000 0.000000 1.000000
0.993855 -0.020780 -0.108721 -0.000000 0.019513 0.999729 -0.012704 12.655100 0.108956 0.010504 0.993991 0.000000 0.000000 0.000000 0.000000 1.000000
0.995425 -0.040771 -0.086414 -0.000000 0.038490 0.998869 -0.027903 12.655100 0.087454 0.024450 0.995868 0.000000 0.000000 0.000000 0.000000 1.000000</float_array>
        <technique_common>
          <accessor source="#mixamorig_Spine1-Matrix-animation-output-transform-array" count="23" stride="16">
            <param type="float4x4"/>
          </accessor>
        </technique_common>
      </source>
      <source id="mixamorig_Spine1-Interpolations">
        <Name_array id="mixamorig_Spine1-Interpolations-array" count="23">
 LINEAR LINEAR LINEAR LINEAR LINEAR LINEAR LINEAR LINEAR LINEAR LINEAR LINEAR
LINEAR LINEAR LINEAR LINEAR LINEAR LINEAR LINEAR LINEAR LINEAR LINEAR LINEAR LINEAR</Name_array>
        <technique_common>
          <accessor source="#mixamorig_Spine1-Interpolations-array" count="23">
            <param type="name"/>
          </accessor>
        </technique_common>
      </source>
      <sampler id="mixamorig_Spine1-Matrix-animation-transform">
        <input semantic="INPUT" source="#mixamorig_Spine1-Matrix-animation-input"/>
        <input semantic="OUTPUT" source="#mixamorig_Spine1-Matrix-animation-output-transform"/>
        <input semantic="INTERPOLATION" source="#mixamorig_Spine1-Interpolations"/>
      </sampler>
      <channel source="#mixamorig_Spine1-Matrix-animation-transform" target="mixamorig_Spine1/matrix"/>
    </animation>
    <animation id="mixamorig_Spine2-anim" name="mixamorig_Spine2">
      <source id="mixamorig_Spine2-Matrix-animation-input">
        <float_array id="mixamorig_Spine2-Matrix-animation-input-array" count="23">

0.000000 0.033333 0.066667 0.100000 0.133333 0.166667 0.200000 0.233333 0.266667 0.300000 0.333333 0.366667 0.400000 0.433333 0.466667 0.500000
0.533333 0.566667 0.600000 0.633333 0.666667 0.700000 0.733333</float_array>
        <technique_common>
          <accessor source="#mixamorig_Spine2-Matrix-animation-input-array" count="23">
            <param name="TIME" type="float"/>
          </accessor>
        </technique_common>
      </source>
      <source id="mixamorig_Spine2-Matrix-animation-output-transform">
        <float_array id="mixamorig_Spine2-Matrix-animation-output-transform-array" count="368">

0.995422 -0.044572 -0.084549 -0.000000 0.044236 0.999004 -0.005851 14.459700 0.084725 0.002084 0.996402 0.000000 0.000000 0.000000 0.000000 1.000000
0.996875 -0.034398 -0.071109 0.000000 0.034174 0.999406 -0.004365 14.459700 0.071217 0.001921 0.997459 0.000000 0.000000 0.000000 0.000000 1.000000
0.997559 -0.029026 -0.063506 0.000000 0.029277 0.999567 0.003022 14.459700 0.063390 -0.004873 0.997977 0.000000 0.000000 0.000000 0.000000 1.000000
0.997241 -0.039325 -0.062956 -0.000000 0.040024 0.999150 0.009881 14.459700 0.062514 -0.012374 0.997967 0.000000 0.000000 0.000000 0.000000 1.000000
0.996973 -0.042435 -0.065146 0.000000 0.043443 0.998956 0.014130 14.459700 0.064478 -0.016917 0.997776 0.000000 0.000000 0.000000 0.000000 1.000000
0.997554 -0.041113 -0.056527 -0.000000 0.041686 0.999090 0.008986 14.459700 0.056106 -0.011321 0.998361 0.000000 0.000000 0.000000 0.000000 1.000000
0.997850 -0.045871 -0.046800 0.000000 0.045916 0.998945 -0.000114 14.459700 0.046756 -0.002035 0.998904 0.000000 0.000000 0.000000 0.000000 1.000000
0.997223 -0.052898 -0.052417 0.000000 0.052722 0.998598 -0.004731 14.459700 0.052594 0.001955 0.998614 0.000000 0.000000 0.000000 0.000000 1.000000
0.995324 -0.068104 -0.068504 0.000000 0.068213 0.997670 -0.000754 14.459700 0.068396 -0.003922 0.997651 -0.000000 0.000000 0.000000 0.000000 1.000000
0.994088 -0.073273 -0.080125 -0.000000 0.073318 0.997306 -0.002383 14.459700 0.080084 -0.003506 0.996782 -0.000000 0.000000 0.000000 0.000000 1.000000
0.994338 -0.064565 -0.084394 0.000000 0.063088 0.997806 -0.020055 14.459700 0.085504 0.014617 0.996231 -0.000000 0.000000 0.000000 0.000000 1.000000
0.994388 -0.059867 -0.087232 -0.000000 0.057389 0.997881 -0.030648 14.459700 0.088882 0.025470 0.995716 0.000000 0.000000 0.000000 0.000000 1.000000
0.993721 -0.052056 -0.099038 -0.000000 0.048815 0.998199 -0.034865 14.459700 0.100674 0.029812 0.994473 0.000000 0.000000 0.000000 0.000000 1.000000
0.992221 -0.042157 -0.117137 0.000000 0.038394 0.998677 -0.034197 14.459700 0.118424 0.029434 0.992527 0.000000 0.000000 0.000000 0.000000 1.000000
0.990607 -0.040924 -0.130471 -0.000000 0.037522 0.998891 -0.028434 14.459700 0.131490 0.023272 0.991044 -0.000000 0.000000 0.000000 0.000000 1.000000
0.989070 -0.043652 -0.140835 0.000000 0.040550 0.998869 -0.024821 14.459700 0.141759 0.018839 0.989722 0.000000 0.000000 0.000000 0.000000 1.000000
0.988022 -0.046481 -0.147149 -0.000000 0.042304 0.998611 -0.031392 14.459700 0.148404 0.024791 0.988616 0.000000 0.000000 0.000000 0.000000 1.000000
0.988136 -0.046431 -0.146393 0.000000 0.040970 0.998355 -0.040100 14.459700 0.148014 0.033627 0.988413 0.000000 0.000000 0.000000 0.000000 1.000000
0.989297 -0.036318 -0.141321 0.000000 0.031327 0.998810 -0.037382 14.459700 0.142510 0.032555 0.989258 0.000000 0.000000 0.000000 0.000000 1.000000
0.990486 -0.032858 -0.133633 -0.000000 0.030214 0.999306 -0.021773 14.459700 0.134255 0.017529 0.990792 0.000000 0.000000 0.000000 0.000000 1.000000
0.992113 -0.029497 -0.121822 -0.000000 0.030398 0.999523 0.005541 14.459700 0.121601 -0.009200 0.992536 -0.000000 0.000000 0.000000 0.000000 1.000000
0.994096 -0.028929 -0.104575 0.000000 0.030352 0.999467 0.012040 14.459700 0.104171 -0.015143 0.994444 0.000000 0.000000 0.000000 0.000000 1.000000
0.995422 -0.044572 -0.084549 -0.000000 0.044236 0.999004 -0.005851 14.459700 0.084726 0.002084 0.996402 0.000000 0.000000 0.000000 0.000000 1.000000</float_array>
        <technique_common>
          <accessor source="#mixamorig_Spine2-Matrix-animation-output-transform-array" count="23" stride="16">
            <param type="float4x4"/>
          </accessor>
        </technique_common>
      </source>
      <source id="mixamorig_Spine2-Interpolations">
        <Name_array id="mixamorig_Spine2-Interpolations-array" count="23">
 LINEAR LINEAR LINEAR LINEAR LINEAR LINEAR LINEAR LINEAR LINEAR LINEAR LINEAR
LINEAR LINEAR LINEAR LINEAR LINEAR LINEAR LINEAR LINEAR LINEAR LINEAR LINEAR LINEAR</Name_array>
        <technique_common>
          <accessor source="#mixamorig_Spine2-Interpolations-array" count="23">
            <param type="name"/>
          </accessor>
        </technique_common>
      </source>
      <sampler id="mixamorig_Spine2-Matrix-animation-transform">
        <input semantic="INPUT" source="#mixamorig_Spine2-Matrix-animation-input"/>
        <input semantic="OUTPUT" source="#mixamorig_Spine2-Matrix-animation-output-transform"/>
        <input semantic="INTERPOLATION" source="#mixamorig_Spine2-Interpolations"/>
      </sampler>
      <channel source="#mixamorig_Spine2-Matrix-animation-transform" target="mixamorig_Spine2/matrix"/>
    </animation>
    <animation id="mixamorig_Neck-anim" name="mixamorig_Neck">
      <source id="mixamorig_Neck-Matrix-animation-input">
        <float_array id="mixamorig_Neck-Matrix-animation-input-array" count="23">

0.000000 0.033333 0.066667 0.100000 0.133333 0.166667 0.200000 0.233333 0.266667 0.300000 0.333333 0.366667 0.400000 0.433333 0.466667 0.500000
0.533333 0.566667 0.600000 0.633333 0.666667 0.700000 0.733333</float_array>
        <technique_common>
          <accessor source="#mixamorig_Neck-Matrix-animation-input-array" count="23">
            <param name="TIME" type="float"/>
          </accessor>
        </technique_common>
      </source>
      <source id="mixamorig_Neck-Matrix-animation-output-transform">
        <float_array id="mixamorig_Neck-Matrix-animation-output-transform-array" count="368">

0.940341 0.064438 0.334074 0.000000 -0.117727 0.982871 0.141791 16.135700 -0.319215 -0.172662 0.931821 -0.000000 0.000000 0.000000 0.000000 1.000000
0.948875 0.031937 0.314032 -0.000000 -0.092554 0.979291 0.180064 16.135700 -0.301778 -0.199923 0.932181 0.000000 0.000000 0.000000 0.000000 1.000000
0.955742 -0.004716 0.294168 0.000000 -0.060449 0.975391 0.212034 16.135700 -0.287929 -0.220432 0.931937 0.000000 0.000000 0.000000 0.000000 1.000000
0.959669 -0.044519 0.277584 0.000000 -0.020592 0.973598 0.227337 16.135700 -0.280376 -0.223884 0.933416 0.000000 0.000000 0.000000 0.000000 1.000000
0.960635 -0.081034 0.265733 -0.000000 0.021377 0.975239 0.220117 16.135700 -0.276990 -0.205772 0.938581 0.000000 0.000000 0.000000 0.000000 1.000000
0.959716 -0.100409 0.262418 -0.000000 0.047682 0.978621 0.200069 16.135700 -0.276896 -0.179497 0.943986 0.000000 0.000000 0.000000 0.000000 1.000000
0.956664 -0.091077 0.276584 -0.000000 0.043305 0.983765 0.174160 16.135700 -0.287955 -0.154635 0.945077 0.000000 0.000000 0.000000 0.000000 1.000000
0.952730 -0.060711 0.297690 -0.000000 0.015601 0.988315 0.151625 16.135700 -0.303417 -0.139814 0.942545 0.000000 0.000000 0.000000 0.000000 1.000000
0.954717 -0.030109 0.295988 0.000000 -0.012142 0.990094 0.139881 16.135700 -0.297267 -0.137140 0.944894 0.000000 0.000000 0.000000 0.000000 1.000000
0.957148 -0.004396 0.289565 0.000000 -0.036405 0.990127 0.135366 16.135700 -0.287301 -0.140107 0.947538 0.000000 0.000000 0.000000 0.000000 1.000000
0.957009 0.017084 0.289554 0.000000 -0.058227 0.989259 0.134079 16.135700 -0.284153 -0.145175 0.947724 0.000000 0.000000 0.000000 0.000000 1.000000
0.952724 0.029437 0.302408 0.000000 -0.072831 0.988405 0.133236 16.135700 -0.294979 -0.148961 0.943821 0.000000 0.000000 0.000000 0.000000 1.000000
0.946853 0.030153 0.320250 0.000000 -0.075398 0.988664 0.129838 16.135700 -0.312705 -0.147084 0.938393 0.000000 0.000000 0.000000 0.000000 1.000000
0.941078 0.024620 0.337293 0.000000 -0.065323 0.991798 0.109863 16.135700 -0.331821 -0.125423 0.934967 0.000000 0.000000 0.000000 0.000000 1.000000
0.933602 0.040093 0.356061 -0.000000 -0.072519 0.994298 0.078187 16.135700 -0.350895 -0.098817 0.931186 0.000000 0.000000 0.000000 0.000000 1.000000
0.920972 0.092195 0.378563 0.000000 -0.117053 0.992189 0.043132 16.135700 -0.371630 -0.084035 0.924570 0.000000 0.000000 0.000000 0.000000 1.000000
0.905012 0.154859 0.396197 0.000000 -0.175284 0.984394 0.015629 16.135700 -0.387593 -0.083591 0.918033 -0.000000 0.000000 0.000000 0.000000 1.000000
0.896728 0.185778 0.401703 0.000000 -0.199850 0.979801 -0.007006 16.135700 -0.394891 -0.073998 0.915743 0.000000 0.000000 0.000000 0.000000 1.000000
0.903815 0.169141 0.393077 0.000000 -0.180965 0.983464 -0.007084 16.135700 -0.387775 -0.064731 0.919478 0.000000 0.000000 0.000000 0.000000 1.000000
0.916260 0.139437 0.375533 -0.000000 -0.157109 0.987440 0.016687 16.135700 -0.368490 -0.074290 0.926659 -0.000000 0.000000 0.000000 0.000000 1.000000
0.929038 0.101343 0.355833 0.000000 -0.125584 0.991033 0.045634 16.135700 -0.348017 -0.087083 0.933435 0.000000 0.000000 0.000000 0.000000 1.000000
0.936863 0.065596 0.343490 0.000000 -0.099977 0.991493 0.083341 16.135700 -0.335101 -0.112420 0.935451 0.000000 0.000000 0.000000 0.000000 1.000000
0.940340 0.064448 0.334075 0.000000 -0.117731 0.982873 0.141773 16.135700 -0.319217 -0.172646 0.931823 -0.000000 0.000000 0.000000 0.000000 1.000000</float_array>
        <technique_common>
          <accessor source="#mixamorig_Neck-Matrix-animation-output-transform-array" count="23" stride="16">
            <param type="float4x4"/>
          </accessor>
        </technique_common>
      </source>
      <source id="mixamorig_Neck-Interpolations">
        <Name_array id="mixamorig_Neck-Interpolations-array" count="23">
 LINEAR LINEAR LINEAR LINEAR LINEAR LINEAR LINEAR LINEAR LINEAR LINEAR LINEAR
LINEAR LINEAR LINEAR LINEAR LINEAR LINEAR LINEAR LINEAR LINEAR LINEAR LINEAR LINEAR</Name_array>
        <technique_common>
          <accessor source="#mixamorig_Neck-Interpolations-array" count="23">
            <param type="name"/>
          </accessor>
        </technique_common>
      </source>
      <sampler id="mixamorig_Neck-Matrix-animation-transform">
        <input semantic="INPUT" source="#mixamorig_Neck-Matrix-animation-input"/>
        <input semantic="OUTPUT" source="#mixamorig_Neck-Matrix-animation-output-transform"/>
        <input semantic="INTERPOLATION" source="#mixamorig_Neck-Interpolations"/>
      </sampler>
      <channel source="#mixamorig_Neck-Matrix-animation-transform" target="mixamorig_Neck/matrix"/>
    </animation>
    <animation id="mixamorig_Head-anim" name="mixamorig_Head">
      <source id="mixamorig_Head-Matrix-animation-input">
        <float_array id="mixamorig_Head-Matrix-animation-input-array" count="23">

0.000000 0.033333 0.066667 0.100000 0.133333 0.166667 0.200000 0.233333 0.266667 0.300000 0.333333 0.366667 0.400000 0.433333 0.466667 0.500000
0.533333 0.566667 0.600000 0.633333 0.666667 0.700000 0.733333</float_array>
        <technique_common>
          <accessor source="#mixamorig_Head-Matrix-animation-input-array" count="23">
            <param name="TIME" type="float"/>
          </accessor>
        </technique_common>
      </source>
      <source id="mixamorig_Head-Matrix-animation-output-transform">
        <float_array id="mixamorig_Head-Matrix-animation-output-transform-array" count="368">

0.939170 -0.058294 0.338468 0.000000 0.030883 0.995832 0.085818 6.791300 -0.342060 -0.070145 0.937056 0.000000 0.000000 0.000000 0.000000 1.000000
0.937903 -0.044466 0.344035 0.000000 0.021007 0.997211 0.071619 6.791300 -0.346260 -0.059945 0.936221 0.000000 0.000000 0.000000 0.000000 1.000000
0.931686 -0.020059 0.362709 -0.000000 0.014596 0.999735 0.017797 6.791300 -0.362970 -0.011287 0.931732 0.000000 0.000000 0.000000 0.000000 1.000000
0.933702 0.031324 0.356679 0.000000 -0.011877 0.998327 -0.056583 6.791300 -0.357854 0.048595 0.932512 0.000000 0.000000 0.000000 0.000000 1.000000
0.941695 0.060493 0.330985 0.000000 -0.027309 0.994201 -0.104010 6.791300 -0.335357 0.088907 0.937887 0.000000 0.000000 0.000000 0.000000 1.000000
0.951089 0.069563 0.300981 0.000000 -0.034219 0.992044 -0.121152 6.791300 -0.307015 0.104927 0.945903 0.000000 0.000000 0.000000 0.000000 1.000000
0.959136 0.044494 0.279425 -0.000000 -0.013416 0.993599 -0.112163 6.791300 -0.282627 0.103831 0.953594 -0.000000 0.000000 0.000000 0.000000 1.000000
0.961788 -0.022549 0.272866 0.000000 0.046543 0.995563 -0.081783 6.791300 -0.269811 0.091358 0.958570 0.000000 0.000000 0.000000 0.000000 1.000000
0.958753 -0.073968 0.274449 0.000000 0.089898 0.994892 -0.045908 6.791300 -0.269651 0.068686 0.960505 0.000000 0.000000 0.000000 0.000000 1.000000
0.957540 -0.103821 0.268959 -0.000000 0.106411 0.994310 0.004975 6.791300 -0.267945 0.023857 0.963139 0.000000 0.000000 0.000000 0.000000 1.000000
0.953852 -0.113491 0.278005 -0.000000 0.106582 0.993503 0.039891 6.791300 -0.280726 -0.008420 0.959751 0.000000 0.000000 0.000000 0.000000 1.000000
0.949921 -0.106171 0.293902 0.000000 0.096066 0.994185 0.048651 6.791300 -0.297358 -0.017980 0.954597 0.000000 0.000000 0.000000 0.000000 1.000000
0.947342 -0.093825 0.306169 0.000000 0.084835 0.995485 0.042570 6.791300 -0.308781 -0.014355 0.951025 0.000000 0.000000 0.000000 0.000000 1.000000
0.942176 -0.071070 0.327496 0.000000 0.064691 0.997444 0.030348 6.791300 -0.328816 -0.007407 0.944365 0.000000 0.000000 0.000000 0.000000 1.000000
0.935461 -0.049899 0.349890 0.000000 0.049295 0.998728 0.010637 6.791300 -0.349975 0.007297 0.936730 -0.000000 0.000000 0.000000 0.000000 1.000000
0.929542 -0.051513 0.365101 0.000000 0.049767 0.998660 0.014199 6.791300 -0.365343 0.004971 0.930860 0.000000 0.000000 0.000000 0.000000 1.000000
0.929347 -0.066863 0.363101 0.000000 0.061981 0.997762 0.025094 6.791300 -0.363967 -0.000816 0.931412 0.000000 0.000000 0.000000 0.000000 1.000000
0.932473 -0.071000 0.354193 -0.000000 0.062431 0.997415 0.035577 6.791300 -0.355803 -0.011062 0.934495 0.000000 0.000000 0.000000 0.000000 1.000000
0.934707 -0.065504 0.349330 -0.000000 0.057531 0.997793 0.033162 6.791300 -0.350732 -0.010899 0.936413 0.000000 0.000000 0.000000 0.000000 1.000000
0.933848 -0.058186 0.352906 0.000000 0.057214 0.998275 0.013194 6.791300 -0.353065 0.007870 0.935566 0.000000 0.000000 0.000000 0.000000 1.000000
0.930881 -0.048989 0.362024 0.000000 0.045602 0.998799 0.017897 6.791300 -0.362466 -0.000151 0.931997 0.000000 0.000000 0.000000 0.000000 1.000000
0.933057 -0.050077 0.356226 -0.000000 0.030709 0.997737 0.059823 6.791300 -0.358415 -0.044879 0.932483 -0.000000 0.000000 0.000000 0.000000 1.000000
0.939171 -0.058298 0.338466 -0.000000 0.030882 0.995831 0.085833 6.791300 -0.342059 -0.070159 0.937056 -0.000000 0.000000 0.000000 0.000000 1.000000</float_array>
        <technique_common>
          <accessor source="#mixamorig_Head-Matrix-animation-output-transform-array" count="23" stride="16">
            <param type="float4x4"/>
          </accessor>
        </technique_common>
      </source>
      <source id="mixamorig_Head-Interpolations">
        <Name_array id="mixamorig_Head-Interpolations-array" count="23">
 LINEAR LINEAR LINEAR LINEAR LINEAR LINEAR LINEAR LINEAR LINEAR LINEAR LINEAR
LINEAR LINEAR LINEAR LINEAR LINEAR LINEAR LINEAR LINEAR LINEAR LINEAR LINEAR LINEAR</Name_array>
        <technique_common>
          <accessor source="#mixamorig_Head-Interpolations-array" count="23">
            <param type="name"/>
          </accessor>
        </technique_common>
      </source>
      <sampler id="mixamorig_Head-Matrix-animation-transform">
        <input semantic="INPUT" source="#mixamorig_Head-Matrix-animation-input"/>
        <input semantic="OUTPUT" source="#mixamorig_Head-Matrix-animation-output-transform"/>
        <input semantic="INTERPOLATION" source="#mixamorig_Head-Interpolations"/>
      </sampler>
      <channel source="#mixamorig_Head-Matrix-animation-transform" target="mixamorig_Head/matrix"/>
    </animation>
    <animation id="mixamorig_LeftShoulder-anim" name="mixamorig_LeftShoulder">
      <source id="mixamorig_LeftShoulder-Matrix-animation-input">
        <float_array id="mixamorig_LeftShoulder-Matrix-animation-input-array" count="23">

0.000000 0.033333 0.066667 0.100000 0.133333 0.166667 0.200000 0.233333 0.266667 0.300000 0.333333 0.366667 0.400000 0.433333 0.466667 0.500000
0.533333 0.566667 0.600000 0.633333 0.666667 0.700000 0.733333</float_array>
        <technique_common>
          <accessor source="#mixamorig_LeftShoulder-Matrix-animation-input-array" count="23">
            <param name="TIME" type="float"/>
          </accessor>
        </technique_common>
      </source>
      <source id="mixamorig_LeftShoulder-Matrix-animation-output-transform">
        <float_array id="mixamorig_LeftShoulder-Matrix-animation-output-transform-array" count="368">

0.329971 0.710957 -0.621015 11.022900 -0.147832 -0.610826 -0.777842 13.234400 -0.932344 0.348471 -0.096453 -1.554100 0.000000 0.000000 0.000000 1.000000
0.317663 0.743669 -0.588258 11.022900 -0.133234 -0.579229 -0.804203 13.234400 -0.938797 0.333841 -0.084917 -1.554100 0.000000 0.000000 0.000000 1.000000
0.310053 0.769904 -0.557777 11.022900 -0.122206 -0.549548 -0.826476 13.234400 -0.942832 0.324415 -0.076302 -1.554100 0.000000 0.000000 0.000000 1.000000
0.329868 0.759088 -0.561223 11.022900 -0.121688 -0.555349 -0.822666 13.234400 -0.936151 0.339666 -0.090820 -1.554100 0.000000 0.000000 0.000000 1.000000
0.367595 0.727435 -0.579407 11.022900 -0.128243 -0.577425 -0.806309 13.234400 -0.921101 0.370700 -0.118970 -1.554100 0.000000 0.000000 0.000000 1.000000
0.395733 0.712757 -0.579114 11.022900 -0.130520 -0.580540 -0.803703 13.234400 -0.909043 0.393638 -0.136710 -1.554100 0.000000 0.000000 0.000000 1.000000
0.387140 0.712031 -0.585777 11.022900 -0.135927 -0.584302 -0.800072 13.234400 -0.911946 0.389363 -0.129423 -1.554100 0.000000 0.000000 0.000000 1.000000
0.378798 0.712734 -0.590357 11.022900 -0.139550 -0.586612 -0.797754 13.234400 -0.914898 0.384572 -0.122746 -1.554100 0.000000 0.000000 0.000000 1.000000
0.396007 0.709882 -0.582448 11.022900 -0.133349 -0.583121 -0.801366 13.234400 -0.908513 0.395015 -0.136258 -1.554100 0.000000 0.000000 0.000000 1.000000
0.416615 0.714524 -0.562038 11.022900 -0.124025 -0.567793 -0.813775 13.234400 -0.900583 0.408738 -0.147932 -1.554100 0.000000 0.000000 0.000000 1.000000
0.426566 0.724599 -0.541292 11.022900 -0.116600 -0.549422 -0.827369 13.234400 -0.896909 0.416042 -0.149877 -1.554100 0.000000 0.000000 0.000000 1.000000
0.421096 0.728605 -0.540198 11.022900 -0.115740 -0.547543 -0.828734 13.234400 -0.899601 0.411499 -0.146239 -1.554100 0.000000 0.000000 0.000000 1.000000
0.420308 0.724860 -0.545819 11.022900 -0.116519 -0.553436 -0.824701 13.234400 -0.899869 0.410227 -0.148154 -1.554100 0.000000 0.000000 0.000000 1.000000
0.417774 0.719043 -0.555376 11.022900 -0.123336 -0.560735 -0.818758 13.234400 -0.900141 0.410553 -0.145577 -1.554100 0.000000 0.000000 0.000000 1.000000
0.404140 0.712090 -0.574107 11.022900 -0.132149 -0.575608 -0.806977 13.234400 -0.905101 0.401999 -0.138525 -1.554100 0.000000 0.000000 0.000000 1.000000
0.382283 0.696961 -0.606716 11.022900 -0.143852 -0.603695 -0.784129 13.234400 -0.912779 0.387037 -0.130524 -1.554100 0.000000 0.000000 0.000000 1.000000
0.373963 0.681478 -0.629078 11.022900 -0.152011 -0.624081 -0.766430 13.234400 -0.914901 0.382244 -0.129791 -1.554100 0.000000 0.000000 0.000000 1.000000
0.368435 0.670320 -0.644148 11.022900 -0.157185 -0.637998 -0.753825 13.234400 -0.916269 0.378986 -0.129697 -1.554100 0.000000 0.000000 0.000000 1.000000
0.365515 0.667251 -0.648980 11.022900 -0.159113 -0.642171 -0.749866 13.234400 -0.917105 0.377348 -0.128554 -1.554100 0.000000 0.000000 0.000000 1.000000
0.365457 0.669643 -0.646544 11.022900 -0.159782 -0.639150 -0.752301 13.234400 -0.917012 0.378240 -0.126585 -1.554100 0.000000 0.000000 0.000000 1.000000
0.355873 0.679210 -0.641894 11.022900 -0.157856 -0.633301 -0.757635 13.234400 -0.921106 0.370949 -0.118157 -1.554100 0.000000 0.000000 0.000000 1.000000
0.342662 0.692381 -0.634973 11.022900 -0.154903 -0.625001 -0.765100 13.234400 -0.926600 0.360530 -0.106912 -1.554100 0.000000 0.000000 0.000000 1.000000
0.329971 0.710957 -0.621014 11.022900 -0.147832 -0.610825 -0.777842 13.234400 -0.932344 0.348471 -0.096452 -1.554100 0.000000 0.000000 0.000000 1.000000</float_array>
        <technique_common>
          <accessor source="#mixamorig_LeftShoulder-Matrix-animation-output-transform-array" count="23" stride="16">
            <param type="float4x4"/>
          </accessor>
        </technique_common>
      </source>
      <source id="mixamorig_LeftShoulder-Interpolations">
        <Name_array id="mixamorig_LeftShoulder-Interpolations-array" count="23">
 LINEAR LINEAR LINEAR LINEAR LINEAR LINEAR LINEAR LINEAR LINEAR LINEAR LINEAR
LINEAR LINEAR LINEAR LINEAR LINEAR LINEAR LINEAR LINEAR LINEAR LINEAR LINEAR LINEAR</Name_array>
        <technique_common>
          <accessor source="#mixamorig_LeftShoulder-Interpolations-array" count="23">
            <param type="name"/>
          </accessor>
        </technique_common>
      </source>
      <sampler id="mixamorig_LeftShoulder-Matrix-animation-transform">
        <input semantic="INPUT" source="#mixamorig_LeftShoulder-Matrix-animation-input"/>
        <input semantic="OUTPUT" source="#mixamorig_LeftShoulder-Matrix-animation-output-transform"/>
        <input semantic="INTERPOLATION" source="#mixamorig_LeftShoulder-Interpolations"/>
      </sampler>
      <channel source="#mixamorig_LeftShoulder-Matrix-animation-transform" target="mixamorig_LeftShoulder/matrix"/>
    </animation>
    <animation id="mixamorig_LeftArm-anim" name="mixamorig_LeftArm">
      <source id="mixamorig_LeftArm-Matrix-animation-input">
        <float_array id="mixamorig_LeftArm-Matrix-animation-input-array" count="23">

0.000000 0.033333 0.066667 0.100000 0.133333 0.166667 0.200000 0.233333 0.266667 0.300000 0.333333 0.366667 0.400000 0.433333 0.466667 0.500000
0.533333 0.566667 0.600000 0.633333 0.666667 0.700000 0.733333</float_array>
        <technique_common>
          <accessor source="#mixamorig_LeftArm-Matrix-animation-input-array" count="23">
            <param name="TIME" type="float"/>
          </accessor>
        </technique_common>
      </source>
      <source id="mixamorig_LeftArm-Matrix-animation-output-transform">
        <float_array id="mixamorig_LeftArm-Matrix-animation-output-transform-array" count="368">

0.951900 -0.223413 -0.209698 -0.000000 0.259328 0.951937 0.162990 16.551600 0.163205 -0.209531 0.964086 0.000000 0.000000 0.000000 0.000000 1.000000
0.948601 -0.227862 -0.219624 0.000000 0.267740 0.947824 0.173048 16.551600 0.168734 -0.222955 0.960115 0.000000 0.000000 0.000000 0.000000 1.000000
0.964113 -0.202532 -0.171662 0.000000 0.232437 0.956349 0.177114 16.551600 0.128297 -0.210658 0.969104 0.000000 0.000000 0.000000 0.000000 1.000000
0.980892 -0.169993 -0.094619 0.000000 0.185963 0.962146 0.199231 16.551600 0.057170 -0.213020 0.975374 0.000000 0.000000 0.000000 0.000000 1.000000
0.990223 -0.137808 -0.021623 0.000000 0.138973 0.961218 0.238216 16.551600 -0.012043 -0.238892 0.970972 0.000000 0.000000 0.000000 0.000000 1.000000
0.990127 -0.139243 0.016143 0.000000 0.131444 0.962283 0.238189 16.551600 -0.048700 -0.233716 0.971085 0.000000 0.000000 0.000000 0.000000 1.000000
0.985142 -0.169662 0.026636 0.000000 0.157931 0.955901 0.247610 16.551600 -0.067472 -0.239724 0.968494 0.000000 0.000000 0.000000 0.000000 1.000000
0.980482 -0.195663 0.019241 0.000000 0.182582 0.942467 0.280037 16.551600 -0.072927 -0.271058 0.959796 0.000000 0.000000 0.000000 0.000000 1.000000
0.977169 -0.211951 -0.014750 0.000000 0.206540 0.931355 0.299865 16.551600 -0.049819 -0.296066 0.953868 0.000000 0.000000 0.000000 0.000000 1.000000
0.971329 -0.225409 -0.075564 0.000000 0.237737 0.920459 0.310219 16.551600 -0.000372 -0.319289 0.947657 0.000000 0.000000 0.000000 0.000000 1.000000
0.965709 -0.221685 -0.135133 -0.000000 0.253192 0.919301 0.301295 16.551600 0.057435 -0.325178 0.943907 0.000000 0.000000 0.000000 0.000000 1.000000
0.964564 -0.215819 -0.151782 0.000000 0.252232 0.923057 0.290422 16.551600 0.077425 -0.318415 0.944784 0.000000 0.000000 0.000000 0.000000 1.000000
0.970312 -0.207540 -0.124188 -0.000000 0.234805 0.931450 0.277970 16.551600 0.057984 -0.298877 0.952528 0.000000 0.000000 0.000000 0.000000 1.000000
0.978880 -0.188243 -0.079745 -0.000000 0.202836 0.943003 0.263824 16.551600 0.025537 -0.274427 0.961269 -0.000000 0.000000 0.000000 0.000000 1.000000
0.983900 -0.176653 -0.027107 0.000000 0.177794 0.952046 0.248995 16.551600 -0.018179 -0.249806 0.968125 0.000000 0.000000 0.000000 0.000000 1.000000
0.989067 -0.146946 0.012407 0.000000 0.139025 0.957187 0.253899 16.551600 -0.049185 -0.249398 0.967151 -0.000000 0.000000 0.000000 0.000000 1.000000
0.991423 -0.126991 0.030886 -0.000000 0.115270 0.961028 0.251271 16.551600 -0.061591 -0.245556 0.967424 0.000000 0.000000 0.000000 0.000000 1.000000
0.991000 -0.129771 0.032833 -0.000000 0.119170 0.967010 0.225146 16.551600 -0.060967 -0.219207 0.973772 0.000000 0.000000 0.000000 0.000000 1.000000
0.988516 -0.148746 0.026659 0.000000 0.140481 0.969547 0.200610 16.551600 -0.055687 -0.194561 0.979308 0.000000 0.000000 0.000000 0.000000 1.000000
0.986459 -0.163979 -0.003065 0.000000 0.162395 0.973979 0.158092 16.551600 -0.022938 -0.156449 0.987420 -0.000000 0.000000 0.000000 0.000000 1.000000
0.984241 -0.165666 -0.061846 0.000000 0.172476 0.976525 0.129039 16.551600 0.039017 -0.137672 0.989709 0.000000 0.000000 0.000000 0.000000 1.000000
0.972598 -0.187121 -0.137980 -0.000000 0.206676 0.967679 0.144510 16.551600 0.106480 -0.169067 0.979836 0.000000 0.000000 0.000000 0.000000 1.000000
0.951899 -0.223415 -0.209699 -0.000000 0.259329 0.951936 0.162990 16.551600 0.163206 -0.209531 0.964085 0.000000 0.000000 0.000000 0.000000 1.000000</float_array>
        <technique_common>
          <accessor source="#mixamorig_LeftArm-Matrix-animation-output-transform-array" count="23" stride="16">
            <param type="float4x4"/>
          </accessor>
        </technique_common>
      </source>
      <source id="mixamorig_LeftArm-Interpolations">
        <Name_array id="mixamorig_LeftArm-Interpolations-array" count="23">
 LINEAR LINEAR LINEAR LINEAR LINEAR LINEAR LINEAR LINEAR LINEAR LINEAR LINEAR
LINEAR LINEAR LINEAR LINEAR LINEAR LINEAR LINEAR LINEAR LINEAR LINEAR LINEAR LINEAR</Name_array>
        <technique_common>
          <accessor source="#mixamorig_LeftArm-Interpolations-array" count="23">
            <param type="name"/>
          </accessor>
        </technique_common>
      </source>
      <sampler id="mixamorig_LeftArm-Matrix-animation-transform">
        <input semantic="INPUT" source="#mixamorig_LeftArm-Matrix-animation-input"/>
        <input semantic="OUTPUT" source="#mixamorig_LeftArm-Matrix-animation-output-transform"/>
        <input semantic="INTERPOLATION" source="#mixamorig_LeftArm-Interpolations"/>
      </sampler>
      <channel source="#mixamorig_LeftArm-Matrix-animation-transform" target="mixamorig_LeftArm/matrix"/>
    </animation>
    <animation id="mixamorig_LeftForeArm-anim" name="mixamorig_LeftForeArm">
      <source id="mixamorig_LeftForeArm-Matrix-animation-input">
        <float_array id="mixamorig_LeftForeArm-Matrix-animation-input-array" count="23">

0.000000 0.033333 0.066667 0.100000 0.133333 0.166667 0.200000 0.233333 0.266667 0.300000 0.333333 0.366667 0.400000 0.433333 0.466667 0.500000
0.533333 0.566667 0.600000 0.633333 0.666667 0.700000 0.733333</float_array>
        <technique_common>
          <accessor source="#mixamorig_LeftForeArm-Matrix-animation-input-array" count="23">
            <param name="TIME" type="float"/>
          </accessor>
        </technique_common>
      </source>
      <source id="mixamorig_LeftForeArm-Matrix-animation-output-transform">
        <float_array id="mixamorig_LeftForeArm-Matrix-animation-output-transform-array" count="368">

0.481436 -0.862939 0.153476 0.000000 0.839108 0.504374 0.203725 27.198299 -0.253212 0.030702 0.966924 0.000000 0.000000 0.000000 0.000000 1.000000
0.483539 -0.863295 0.144609 -0.000000 0.841506 0.503947 0.194690 27.198299 -0.240950 0.027549 0.970146 0.000000 0.000000 0.000000 0.000000 1.000000
0.477633 -0.864310 0.157592 0.000000 0.827690 0.502830 0.249180 27.198299 -0.294611 0.011421 0.955549 0.000000 0.000000 0.000000 0.000000 1.000000
0.490270 -0.862195 0.127495 -0.000000 0.829423 0.506482 0.235656 27.198299 -0.267755 -0.009788 0.963437 -0.000000 0.000000 0.000000 0.000000 1.000000
0.505881 -0.858241 0.086642 0.000000 0.835054 0.512430 0.200250 27.198299 -0.216261 -0.028952 0.975906 0.000000 0.000000 0.000000 0.000000 1.000000
0.514010 -0.854127 0.079128 0.000000 0.830193 0.518564 0.204625 27.198299 -0.215808 -0.039488 0.975637 0.000000 0.000000 0.000000 0.000000 1.000000
0.515423 -0.854672 0.062245 0.000000 0.838282 0.517945 0.170343 27.198299 -0.177827 -0.035620 0.983417 0.000000 0.000000 0.000000 0.000000 1.000000
0.530635 -0.845419 0.060775 -0.000000 0.835593 0.533797 0.129787 27.198299 -0.142166 -0.018086 0.989678 0.000000 0.000000 0.000000 0.000000 1.000000
0.544908 -0.835155 0.074776 0.000000 0.828408 0.549999 0.106028 27.198299 -0.129676 0.004170 0.991548 0.000000 0.000000 0.000000 0.000000 1.000000
0.551556 -0.828132 0.099917 0.000000 0.821644 0.560037 0.106108 27.198299 -0.143829 0.023572 0.989322 0.000000 0.000000 0.000000 0.000000 1.000000
0.544515 -0.832220 0.104468 0.000000 0.826865 0.553513 0.099586 27.198299 -0.140702 0.032155 0.989530 0.000000 0.000000 0.000000 0.000000 1.000000
0.556177 -0.826364 0.088262 0.000000 0.821226 0.562778 0.094180 27.198299 -0.127498 0.020102 0.991635 0.000000 0.000000 0.000000 0.000000 1.000000
0.568546 -0.821095 0.050576 -0.000000 0.813330 0.570269 0.115271 27.198299 -0.123491 -0.024402 0.992046 0.000000 0.000000 0.000000 0.000000 1.000000
0.574954 -0.818020 0.016488 -0.000000 0.807843 0.570765 0.147028 27.198299 -0.129683 -0.071214 0.988995 0.000000 0.000000 0.000000 0.000000 1.000000
0.580152 -0.814495 0.004645 -0.000000 0.801370 0.571805 0.175628 27.198299 -0.145705 -0.098168 0.984446 0.000000 0.000000 0.000000 0.000000 1.000000
0.542139 -0.840142 -0.015689 -0.000000 0.824395 0.528178 0.203470 27.198299 -0.162657 -0.123243 0.978955 0.000000 0.000000 0.000000 0.000000 1.000000
0.506985 -0.861385 -0.031342 0.000000 0.842432 0.487480 0.229501 27.198299 -0.182410 -0.142758 0.972804 0.000000 0.000000 0.000000 0.000000 1.000000
0.508027 -0.861093 -0.020681 -0.000000 0.832743 0.484882 0.267261 27.198299 -0.220109 -0.152998 0.963402 0.000000 0.000000 0.000000 0.000000 1.000000
0.530007 -0.847966 0.006779 -0.000000 0.809254 0.508167 0.294744 27.198299 -0.253378 -0.150730 0.955552 0.000000 0.000000 0.000000 0.000000 1.000000
0.544977 -0.836638 0.055118 -0.000000 0.783971 0.531773 0.320322 27.198299 -0.297303 -0.131357 0.945704 0.000000 0.000000 0.000000 0.000000 1.000000
0.531814 -0.845363 0.050339 -0.000000 0.819472 0.528700 0.221229 27.198299 -0.213633 -0.076402 0.973922 0.000000 0.000000 0.000000 0.000000 1.000000
0.503456 -0.852753 0.139084 0.000000 0.817277 0.522237 0.243570 27.198299 -0.280340 -0.008957 0.959859 0.000000 0.000000 0.000000 0.000000 1.000000
0.481438 -0.862938 0.153476 0.000000 0.839108 0.504376 0.203724 27.198299 -0.253211 0.030702 0.966924 0.000000 0.000000 0.000000 0.000000 1.000000</float_array>
        <technique_common>
          <accessor source="#mixamorig_LeftForeArm-Matrix-animation-output-transform-array" count="23" stride="16">
            <param type="float4x4"/>
          </accessor>
        </technique_common>
      </source>
      <source id="mixamorig_LeftForeArm-Interpolations">
        <Name_array id="mixamorig_LeftForeArm-Interpolations-array" count="23">
 LINEAR LINEAR LINEAR LINEAR LINEAR LINEAR LINEAR LINEAR LINEAR LINEAR LINEAR
LINEAR LINEAR LINEAR LINEAR LINEAR LINEAR LINEAR LINEAR LINEAR LINEAR LINEAR LINEAR</Name_array>
        <technique_common>
          <accessor source="#mixamorig_LeftForeArm-Interpolations-array" count="23">
            <param type="name"/>
          </accessor>
        </technique_common>
      </source>
      <sampler id="mixamorig_LeftForeArm-Matrix-animation-transform">
        <input semantic="INPUT" source="#mixamorig_LeftForeArm-Matrix-animation-input"/>
        <input semantic="OUTPUT" source="#mixamorig_LeftForeArm-Matrix-animation-output-transform"/>
        <input semantic="INTERPOLATION" source="#mixamorig_LeftForeArm-Interpolations"/>
      </sampler>
      <channel source="#mixamorig_LeftForeArm-Matrix-animation-transform" target="mixamorig_LeftForeArm/matrix"/>
    </animation>
    <animation id="mixamorig_LeftHand-anim" name="mixamorig_LeftHand">
      <source id="mixamorig_LeftHand-Matrix-animation-input">
        <float_array id="mixamorig_LeftHand-Matrix-animation-input-array" count="23">

0.000000 0.033333 0.066667 0.100000 0.133333 0.166667 0.200000 0.233333 0.266667 0.300000 0.333333 0.366667 0.400000 0.433333 0.466667 0.500000
0.533333 0.566667 0.600000 0.633333 0.666667 0.700000 0.733333</float_array>
        <technique_common>
          <accessor source="#mixamorig_LeftHand-Matrix-animation-input-array" count="23">
            <param name="TIME" type="float"/>
          </accessor>
        </technique_common>
      </source>
      <source id="mixamorig_LeftHand-Matrix-animation-output-transform">
        <float_array id="mixamorig_LeftHand-Matrix-animation-output-transform-array" count="368">

0.958059 -0.189240 -0.215201 -0.000000 0.244558 0.931356 0.269754 21.535400 0.149381 -0.311070 0.938574 0.000000 0.000000 0.000000 0.000000 1.000000
0.942472 -0.242376 -0.230219 0.000000 0.296853 0.923486 0.243006 21.535400 0.153705 -0.297367 0.942310 0.000000 0.000000 0.000000 0.000000 1.000000
0.905330 -0.273683 -0.324770 0.000000 0.354967 0.907449 0.224801 21.535400 0.233188 -0.318801 0.918689 0.000000 0.000000 0.000000 0.000000 1.000000
0.878242 -0.331911 -0.344277 0.000000 0.414773 0.887008 0.202927 21.535400 0.238022 -0.321016 0.916676 0.000000 0.000000 0.000000 0.000000 1.000000
0.856239 -0.400866 -0.325825 0.000000 0.469529 0.866922 0.167299 21.535400 0.215401 -0.296232 0.930510 0.000000 0.000000 0.000000 0.000000 1.000000
0.835059 -0.433691 -0.338509 0.000000 0.498303 0.857008 0.131271 21.535400 0.233174 -0.278299 0.931762 0.000000 0.000000 0.000000 0.000000 1.000000
0.830209 -0.461294 -0.312986 -0.000000 0.507863 0.857384 0.083475 21.535400 0.229843 -0.228256 0.946082 -0.000000 0.000000 0.000000 0.000000 1.000000
0.818141 -0.496472 -0.290106 0.000000 0.527002 0.849227 0.032900 21.535400 0.230032 -0.179803 0.956429 0.000000 0.000000 0.000000 0.000000 1.000000
0.798184 -0.534032 -0.278770 0.000000 0.553712 0.832652 -0.009681 21.535400 0.237288 -0.146631 0.960309 0.000000 0.000000 0.000000 0.000000 1.000000
0.772472 -0.569355 -0.281287 0.000000 0.579329 0.813229 -0.055107 21.535400 0.260127 -0.120389 0.958040 0.000000 0.000000 0.000000 0.000000 1.000000
0.763521 -0.588572 -0.265744 0.000000 0.585708 0.804464 -0.098911 21.535400 0.271998 -0.080128 0.958956 0.000000 0.000000 0.000000 0.000000 1.000000
0.752141 -0.611796 -0.244929 0.000000 0.598890 0.789654 -0.133333 21.535400 0.274982 -0.046400 0.960329 0.000000 0.000000 0.000000 0.000000 1.000000
0.742718 -0.624717 -0.241038 0.000000 0.605039 0.780335 -0.158129 21.535400 0.286876 -0.028393 0.957547 0.000000 0.000000 0.000000 0.000000 1.000000
0.734045 -0.626827 -0.261277 0.000000 0.602968 0.778584 -0.173885 21.535400 0.312422 -0.029903 0.949473 0.000000 0.000000 0.000000 0.000000 1.000000
0.728900 -0.611518 -0.307816 0.000000 0.594779 0.788286 -0.157617 21.535400 0.339033 -0.068195 0.938299 0.000000 0.000000 0.000000 0.000000 1.000000
0.743957 -0.565110 -0.356621 0.000000 0.559324 0.818629 -0.130396 21.535400 0.365628 -0.102458 0.925105 0.000000 0.000000 0.000000 0.000000 1.000000
0.775637 -0.490505 -0.397231 0.000000 0.500716 0.861340 -0.085890 21.535400 0.384280 -0.132281 0.913691 0.000000 0.000000 0.000000 0.000000 1.000000
0.807338 -0.420089 -0.414404 -0.000000 0.448079 0.893396 -0.032708 21.535400 0.383967 -0.159279 0.909505 -0.000000 0.000000 0.000000 0.000000 1.000000
0.839456 -0.355976 -0.410603 0.000000 0.401481 0.915465 0.027135 21.535400 0.366233 -0.187628 0.911410 0.000000 0.000000 0.000000 0.000000 1.000000
0.870295 -0.290027 -0.398085 -0.000000 0.352408 0.931321 0.091917 21.535400 0.344086 -0.220284 0.912732 0.000000 0.000000 0.000000 0.000000 1.000000
0.936187 -0.252911 -0.244109 0.000000 0.297405 0.940108 0.166577 21.535400 0.187360 -0.228546 0.955334 0.000000 0.000000 0.000000 0.000000 1.000000
0.946929 -0.198898 -0.252516 -0.000000 0.259085 0.937248 0.233327 21.535400 0.190262 -0.286367 0.939039 0.000000 0.000000 0.000000 0.000000 1.000000
0.958058 -0.189241 -0.215202 0.000000 0.244560 0.931356 0.269754 21.535400 0.149381 -0.311070 0.938574 0.000000 0.000000 0.000000 0.000000 1.000000</float_array>
        <technique_common>
          <accessor source="#mixamorig_LeftHand-Matrix-animation-output-transform-array" count="23" stride="16">
            <param type="float4x4"/>
          </accessor>
        </technique_common>
      </source>
      <source id="mixamorig_LeftHand-Interpolations">
        <Name_array id="mixamorig_LeftHand-Interpolations-array" count="23">
 LINEAR LINEAR LINEAR LINEAR LINEAR LINEAR LINEAR LINEAR LINEAR LINEAR LINEAR
LINEAR LINEAR LINEAR LINEAR LINEAR LINEAR LINEAR LINEAR LINEAR LINEAR LINEAR LINEAR</Name_array>
        <technique_common>
          <accessor source="#mixamorig_LeftHand-Interpolations-array" count="23">
            <param type="name"/>
          </accessor>
        </technique_common>
      </source>
      <sampler id="mixamorig_LeftHand-Matrix-animation-transform">
        <input semantic="INPUT" source="#mixamorig_LeftHand-Matrix-animation-input"/>
        <input semantic="OUTPUT" source="#mixamorig_LeftHand-Matrix-animation-output-transform"/>
        <input semantic="INTERPOLATION" source="#mixamorig_LeftHand-Interpolations"/>
      </sampler>
      <channel source="#mixamorig_LeftHand-Matrix-animation-transform" target="mixamorig_LeftHand/matrix"/>
    </animation>
    <animation id="mixamorig_LeftHandThumb1-anim" name="mixamorig_LeftHandThumb1">
      <source id="mixamorig_LeftHandThumb1-Matrix-animation-input">
        <float_array id="mixamorig_LeftHandThumb1-Matrix-animation-input-array" count="23">

0.000000 0.033333 0.066667 0.100000 0.133333 0.166667 0.200000 0.233333 0.266667 0.300000 0.333333 0.366667 0.400000 0.433333 0.466667 0.500000
0.533333 0.566667 0.600000 0.633333 0.666667 0.700000 0.733333</float_array>
        <technique_common>
          <accessor source="#mixamorig_LeftHandThumb1-Matrix-animation-input-array" count="23">
            <param name="TIME" type="float"/>
          </accessor>
        </technique_common>
      </source>
      <source id="mixamorig_LeftHandThumb1-Matrix-animation-output-transform">
        <float_array id="mixamorig_LeftHandThumb1-Matrix-animation-output-transform-array" count="368">

0.870244 -0.284543 0.402132 -1.897200 0.367948 0.918226 -0.146544 4.226700 -0.327550 0.275492 0.903778 4.940900 0.000000 0.000000 0.000000 1.000000
0.870244 -0.284544 0.402133 -1.897200 0.367949 0.918226 -0.146543 4.226700 -0.327551 0.275493 0.903778 4.940900 0.000000 0.000000 0.000000 1.000000
0.870244 -0.284543 0.402132 -1.897200 0.367948 0.918226 -0.146544 4.226700 -0.327550 0.275492 0.903778 4.940900 0.000000 0.000000 0.000000 1.000000
0.870244 -0.284543 0.402132 -1.897200 0.367948 0.918226 -0.146544 4.226700 -0.327550 0.275493 0.903778 4.940900 0.000000 0.000000 0.000000 1.000000
0.870244 -0.284543 0.402133 -1.897200 0.367948 0.918226 -0.146543 4.226700 -0.327551 0.275492 0.903778 4.940900 0.000000 0.000000 0.000000 1.000000
0.870244 -0.284542 0.402132 -1.897200 0.367948 0.918226 -0.146544 4.226700 -0.327551 0.275493 0.903778 4.940900 0.000000 0.000000 0.000000 1.000000
0.870244 -0.284542 0.402132 -1.897200 0.367947 0.918226 -0.146544 4.226700 -0.327551 0.275492 0.903778 4.940900 0.000000 0.000000 0.000000 1.000000
0.870244 -0.284543 0.402132 -1.897200 0.367948 0.918226 -0.146544 4.226700 -0.327550 0.275493 0.903778 4.940900 0.000000 0.000000 0.000000 1.000000
0.870244 -0.284543 0.402132 -1.897200 0.367948 0.918226 -0.146543 4.226700 -0.327551 0.275492 0.903778 4.940900 0.000000 0.000000 0.000000 1.000000
0.870244 -0.284542 0.402132 -1.897200 0.367947 0.918226 -0.146543 4.226700 -0.327551 0.275492 0.903778 4.940900 0.000000 0.000000 0.000000 1.000000
0.870244 -0.284543 0.402133 -1.897200 0.367948 0.918226 -0.146544 4.226700 -0.327551 0.275493 0.903778 4.940900 0.000000 0.000000 0.000000 1.000000
0.870244 -0.284544 0.402132 -1.897200 0.367949 0.918226 -0.146543 4.226700 -0.327551 0.275492 0.903778 4.940900 0.000000 0.000000 0.000000 1.000000
0.870244 -0.284542 0.402134 -1.897200 0.367948 0.918226 -0.146543 4.226700 -0.327552 0.275493 0.903777 4.940900 0.000000 0.000000 0.000000 1.000000
0.870244 -0.284543 0.402133 -1.897200 0.367948 0.918226 -0.146544 4.226700 -0.327551 0.275493 0.903778 4.940900 0.000000 0.000000 0.000000 1.000000
0.870244 -0.284543 0.402133 -1.897200 0.367948 0.918226 -0.146543 4.226700 -0.327551 0.275492 0.903778 4.940900 0.000000 0.000000 0.000000 1.000000
0.870244 -0.284543 0.402133 -1.897200 0.367948 0.918226 -0.146543 4.226700 -0.327551 0.275492 0.903778 4.940900 0.000000 0.000000 0.000000 1.000000
0.870244 -0.284542 0.402133 -1.897200 0.367947 0.918226 -0.146544 4.226700 -0.327551 0.275492 0.903778 4.940900 0.000000 0.000000 0.000000 1.000000
0.870244 -0.284543 0.402132 -1.897200 0.367948 0.918226 -0.146544 4.226700 -0.327550 0.275493 0.903778 4.940900 0.000000 0.000000 0.000000 1.000000
0.870244 -0.284542 0.402132 -1.897200 0.367947 0.918226 -0.146543 4.226700 -0.327551 0.275492 0.903778 4.940900 0.000000 0.000000 0.000000 1.000000
0.870244 -0.284543 0.402132 -1.897200 0.367948 0.918226 -0.146544 4.226700 -0.327550 0.275493 0.903778 4.940900 0.000000 0.000000 0.000000 1.000000
0.870244 -0.284543 0.402133 -1.897200 0.367948 0.918226 -0.146543 4.226700 -0.327551 0.275492 0.903778 4.940900 0.000000 0.000000 0.000000 1.000000
0.870244 -0.284543 0.402133 -1.897200 0.367948 0.918226 -0.146543 4.226700 -0.327551 0.275492 0.903778 4.940900 0.000000 0.000000 0.000000 1.000000
0.870244 -0.284542 0.402133 -1.897200 0.367947 0.918226 -0.146544 4.226700 -0.327551 0.275492 0.903778 4.940900 0.000000 0.000000 0.000000 1.000000</float_array>
        <technique_common>
          <accessor source="#mixamorig_LeftHandThumb1-Matrix-animation-output-transform-array" count="23" stride="16">
            <param type="float4x4"/>
          </accessor>
        </technique_common>
      </source>
      <source id="mixamorig_LeftHandThumb1-Interpolations">
        <Name_array id="mixamorig_LeftHandThumb1-Interpolations-array" count="23">
 LINEAR LINEAR LINEAR LINEAR LINEAR LINEAR LINEAR LINEAR LINEAR LINEAR LINEAR
LINEAR LINEAR LINEAR LINEAR LINEAR LINEAR LINEAR LINEAR LINEAR LINEAR LINEAR LINEAR</Name_array>
        <technique_common>
          <accessor source="#mixamorig_LeftHandThumb1-Interpolations-array" count="23">
            <param type="name"/>
          </accessor>
        </technique_common>
      </source>
      <sampler id="mixamorig_LeftHandThumb1-Matrix-animation-transform">
        <input semantic="INPUT" source="#mixamorig_LeftHandThumb1-Matrix-animation-input"/>
        <input semantic="OUTPUT" source="#mixamorig_LeftHandThumb1-Matrix-animation-output-transform"/>
        <input semantic="INTERPOLATION" source="#mixamorig_LeftHandThumb1-Interpolations"/>
      </sampler>
      <channel source="#mixamorig_LeftHandThumb1-Matrix-animation-transform" target="mixamorig_LeftHandThumb1/matrix"/>
    </animation>
    <animation id="mixamorig_LeftHandThumb2-anim" name="mixamorig_LeftHandThumb2">
      <source id="mixamorig_LeftHandThumb2-Matrix-animation-input">
        <float_array id="mixamorig_LeftHandThumb2-Matrix-animation-input-array" count="23">

0.000000 0.033333 0.066667 0.100000 0.133333 0.166667 0.200000 0.233333 0.266667 0.300000 0.333333 0.366667 0.400000 0.433333 0.466667 0.500000
0.533333 0.566667 0.600000 0.633333 0.666667 0.700000 0.733333</float_array>
        <technique_common>
          <accessor source="#mixamorig_LeftHandThumb2-Matrix-animation-input-array" count="23">
            <param name="TIME" type="float"/>
          </accessor>
        </technique_common>
      </source>
      <source id="mixamorig_LeftHandThumb2-Matrix-animation-output-transform">
        <float_array id="mixamorig_LeftHandThumb2-Matrix-animation-output-transform-array" count="368">

0.979096 0.181082 -0.092631 -0.788100 -0.191577 0.974005 -0.120879 4.746200 0.068334 0.136098 0.988336 0.000000 0.000000 0.000000 0.000000 1.000000
0.976820 0.193017 -0.092560 -0.788100 -0.203469 0.971535 -0.121326 4.746200 0.066507 0.137346 0.988288 0.000000 0.000000 0.000000 0.000000 1.000000
0.973814 0.207686 -0.092477 -0.788100 -0.218082 0.968290 -0.121878 4.746200 0.064233 0.138854 0.988228 0.000000 0.000000 0.000000 0.000000 1.000000
0.970575 0.222364 -0.092404 -0.788100 -0.232700 0.964812 -0.122432 4.746200 0.061928 0.140332 0.988166 -0.000000 0.000000 0.000000 0.000000 1.000000
0.967682 0.234656 -0.092348 -0.788100 -0.244938 0.961718 -0.122898 4.746200 0.059974 0.141546 0.988113 0.000000 0.000000 0.000000 0.000000 1.000000
0.965827 0.242191 -0.092316 -0.788100 -0.252439 0.959740 -0.123186 4.746200 0.058765 0.142280 0.988081 0.000000 0.000000 0.000000 0.000000 1.000000
0.965705 0.242678 -0.092314 -0.788100 -0.252924 0.959610 -0.123204 4.746200 0.058686 0.142327 0.988078 0.000000 0.000000 0.000000 0.000000 1.000000
0.967364 0.235966 -0.092342 -0.788100 -0.246242 0.961379 -0.122948 4.746200 0.059764 0.141673 0.988108 0.000000 0.000000 0.000000 0.000000 1.000000
0.970262 0.223730 -0.092396 -0.788100 -0.234060 0.964476 -0.122483 4.746200 0.061710 0.140467 0.988160 0.000000 0.000000 0.000000 0.000000 1.000000
0.973833 0.207601 -0.092478 -0.788100 -0.217997 0.968310 -0.121874 4.746200 0.064246 0.138844 0.988228 -0.000000 0.000000 0.000000 0.000000 1.000000
0.977559 0.189228 -0.092581 -0.788100 -0.199694 0.972336 -0.121184 4.746200 0.067088 0.136952 0.988303 -0.000000 0.000000 0.000000 0.000000 1.000000
0.981024 0.170289 -0.092702 -0.788100 -0.180821 0.976109 -0.120477 4.746200 0.069971 0.134953 0.988378 0.000000 0.000000 0.000000 0.000000 1.000000
0.983928 0.152538 -0.092827 -0.788100 -0.163125 0.979303 -0.119818 4.746200 0.072629 0.133035 0.988447 0.000000 0.000000 0.000000 0.000000 1.000000
0.986129 0.137520 -0.092941 -0.788100 -0.148150 0.981747 -0.119264 4.746200 0.074843 0.131379 0.988503 0.000000 0.000000 0.000000 0.000000 1.000000
0.987513 0.127138 -0.093025 -0.788100 -0.137794 0.983300 -0.118883 4.746200 0.076357 0.130217 0.988541 0.000000 0.000000 0.000000 0.000000 1.000000
0.988040 0.122954 -0.093060 -0.788100 -0.133621 0.983895 -0.118730 4.746200 0.076963 0.129745 0.988556 0.000000 0.000000 0.000000 0.000000 1.000000
0.987860 0.124401 -0.093048 -0.788100 -0.135064 0.983691 -0.118783 4.746200 0.076754 0.129908 0.988551 0.000000 0.000000 0.000000 0.000000 1.000000
0.987137 0.130047 -0.093000 -0.788100 -0.140696 0.982876 -0.118990 4.746200 0.075934 0.130544 0.988530 0.000000 0.000000 0.000000 0.000000 1.000000
0.985957 0.138751 -0.092931 -0.788100 -0.149377 0.981556 -0.119310 4.746200 0.074663 0.131516 0.988498 0.000000 0.000000 0.000000 0.000000 1.000000
0.984413 0.149367 -0.092850 -0.788100 -0.159963 0.979838 -0.119701 4.746200 0.073098 0.132688 0.988459 0.000000 0.000000 0.000000 0.000000 1.000000
0.982626 0.160748 -0.092767 -0.788100 -0.171309 0.977867 -0.120123 4.746200 0.071404 0.133928 0.988415 0.000000 0.000000 0.000000 0.000000 1.000000
0.980769 0.171757 -0.092692 -0.788100 -0.182283 0.975830 -0.120531 4.746200 0.069750 0.135110 0.988373 0.000000 0.000000 0.000000 0.000000 1.000000
0.979096 0.181082 -0.092631 -0.788100 -0.191577 0.974005 -0.120879 4.746200 0.068334 0.136098 0.988336 -0.000000 0.000000 0.000000 0.000000 1.000000</float_array>
        <technique_common>
          <accessor source="#mixamorig_LeftHandThumb2-Matrix-animation-output-transform-array" count="23" stride="16">
            <param type="float4x4"/>
          </accessor>
        </technique_common>
      </source>
      <source id="mixamorig_LeftHandThumb2-Interpolations">
        <Name_array id="mixamorig_LeftHandThumb2-Interpolations-array" count="23">
 LINEAR LINEAR LINEAR LINEAR LINEAR LINEAR LINEAR LINEAR LINEAR LINEAR LINEAR
LINEAR LINEAR LINEAR LINEAR LINEAR LINEAR LINEAR LINEAR LINEAR LINEAR LINEAR LINEAR</Name_array>
        <technique_common>
          <accessor source="#mixamorig_LeftHandThumb2-Interpolations-array" count="23">
            <param type="name"/>
          </accessor>
        </technique_common>
      </source>
      <sampler id="mixamorig_LeftHandThumb2-Matrix-animation-transform">
        <input semantic="INPUT" source="#mixamorig_LeftHandThumb2-Matrix-animation-input"/>
        <input semantic="OUTPUT" source="#mixamorig_LeftHandThumb2-Matrix-animation-output-transform"/>
        <input semantic="INTERPOLATION" source="#mixamorig_LeftHandThumb2-Interpolations"/>
      </sampler>
      <channel source="#mixamorig_LeftHandThumb2-Matrix-animation-transform" target="mixamorig_LeftHandThumb2/matrix"/>
    </animation>
    <animation id="mixamorig_LeftHandThumb3-anim" name="mixamorig_LeftHandThumb3">
      <source id="mixamorig_LeftHandThumb3-Matrix-animation-input">
        <float_array id="mixamorig_LeftHandThumb3-Matrix-animation-input-array" count="23">

0.000000 0.033333 0.066667 0.100000 0.133333 0.166667 0.200000 0.233333 0.266667 0.300000 0.333333 0.366667 0.400000 0.433333 0.466667 0.500000
0.533333 0.566667 0.600000 0.633333 0.666667 0.700000 0.733333</float_array>
        <technique_common>
          <accessor source="#mixamorig_LeftHandThumb3-Matrix-animation-input-array" count="23">
            <param name="TIME" type="float"/>
          </accessor>
        </technique_common>
      </source>
      <source id="mixamorig_LeftHandThumb3-Matrix-animation-output-transform">
        <float_array id="mixamorig_LeftHandThumb3-Matrix-animation-output-transform-array" count="368">

0.989886 -0.140300 0.021005 -0.314700 0.139812 0.989908 0.023122 7.341200 -0.024037 -0.019952 0.999512 0.000000 0.000000 0.000000 0.000000 1.000000
0.991794 -0.126072 0.021207 -0.314700 0.125590 0.991823 0.022682 7.341200 -0.023893 -0.019832 0.999518 -0.000000 0.000000 0.000000 0.000000 1.000000
0.997018 -0.073999 0.021891 -0.314700 0.073541 0.997070 0.021051 7.341200 -0.023385 -0.019378 0.999539 0.000000 0.000000 0.000000 0.000000 1.000000
0.999737 0.002968 0.022741 -0.314700 -0.003391 0.999821 0.018590 7.341200 -0.022682 -0.018663 0.999569 -0.000000 0.000000 0.000000 0.000000 1.000000
0.995577 0.090969 0.023477 -0.314700 -0.091350 0.995695 0.015705 7.341200 -0.021947 -0.017780 0.999601 0.000000 0.000000 0.000000 0.000000 1.000000
0.984135 0.175800 0.023945 -0.314700 -0.176139 0.984281 0.012851 7.341200 -0.021310 -0.016865 0.999631 0.000000 0.000000 0.000000 0.000000 1.000000
0.969536 0.243757 0.024146 -0.314700 -0.244061 0.969703 0.010510 7.341200 -0.020853 -0.016083 0.999653 0.000000 0.000000 0.000000 0.000000 1.000000
0.958580 0.283796 0.024187 -0.314700 -0.284078 0.958758 0.009108 7.341200 -0.020604 -0.015602 0.999666 0.000000 0.000000 0.000000 0.000000 1.000000
0.950731 0.309072 0.024184 -0.314700 -0.309341 0.950916 0.008213 7.341200 -0.020458 -0.015290 0.999674 0.000000 0.000000 0.000000 0.000000 1.000000
0.944805 0.326741 0.024167 -0.314700 -0.327000 0.944994 0.007584 7.341200 -0.020359 -0.015068 0.999679 -0.000000 0.000000 0.000000 0.000000 1.000000
0.941293 0.336898 0.021608 -0.314700 -0.337229 0.941318 0.014013 7.341200 -0.015619 -0.020478 0.999668 0.000000 0.000000 0.000000 0.000000 1.000000
0.940202 0.339749 0.024304 -0.314700 -0.339995 0.940404 0.006696 7.341200 -0.020580 -0.014558 0.999682 0.000000 0.000000 0.000000 0.000000 1.000000
0.941798 0.335309 0.024155 -0.314700 -0.335564 0.941989 0.007278 7.341200 -0.020313 -0.014960 0.999682 0.000000 0.000000 0.000000 0.000000 1.000000
0.945731 0.324051 0.024170 -0.314700 -0.324311 0.945919 0.007681 7.341200 -0.020374 -0.015103 0.999678 0.000000 0.000000 0.000000 0.000000 1.000000
0.951845 0.305625 0.024185 -0.314700 -0.305895 0.952029 0.008337 7.341200 -0.020477 -0.015334 0.999673 0.000000 0.000000 0.000000 0.000000 1.000000
0.960006 0.278933 0.024185 -0.314700 -0.279218 0.960183 0.009280 7.341200 -0.020633 -0.015662 0.999664 0.000000 0.000000 0.000000 0.000000 1.000000
0.972711 0.230764 0.024119 -0.314700 -0.231075 0.972874 0.010963 7.341200 -0.020935 -0.016237 0.999649 0.000000 0.000000 0.000000 0.000000 1.000000
0.986330 0.163039 0.023889 -0.314700 -0.163385 0.986473 0.013286 7.341200 -0.021400 -0.017008 0.999626 0.000000 0.000000 0.000000 0.000000 1.000000
0.996121 0.084818 0.023432 -0.314700 -0.085202 0.996237 0.015910 7.341200 -0.021994 -0.017845 0.999599 -0.000000 0.000000 0.000000 0.000000 1.000000
0.999725 0.005679 0.022766 -0.314700 -0.006101 0.999810 0.018503 7.341200 -0.022657 -0.018637 0.999570 0.000000 0.000000 0.000000 0.000000 1.000000
0.997673 -0.064539 0.022005 -0.314700 0.064084 0.997729 0.020752 7.341200 -0.023294 -0.019294 0.999542 0.000000 0.000000 0.000000 0.000000 1.000000
0.992992 -0.116237 0.021343 -0.314700 0.115760 0.993025 0.022376 7.341200 -0.023795 -0.019749 0.999522 0.000000 0.000000 0.000000 0.000000 1.000000
0.989886 -0.140300 0.021005 -0.314700 0.139813 0.989908 0.023123 7.341200 -0.024037 -0.019952 0.999512 0.000000 0.000000 0.000000 0.000000 1.000000</float_array>
        <technique_common>
          <accessor source="#mixamorig_LeftHandThumb3-Matrix-animation-output-transform-array" count="23" stride="16">
            <param type="float4x4"/>
          </accessor>
        </technique_common>
      </source>
      <source id="mixamorig_LeftHandThumb3-Interpolations">
        <Name_array id="mixamorig_LeftHandThumb3-Interpolations-array" count="23">
 LINEAR LINEAR LINEAR LINEAR LINEAR LINEAR LINEAR LINEAR LINEAR LINEAR LINEAR
LINEAR LINEAR LINEAR LINEAR LINEAR LINEAR LINEAR LINEAR LINEAR LINEAR LINEAR LINEAR</Name_array>
        <technique_common>
          <accessor source="#mixamorig_LeftHandThumb3-Interpolations-array" count="23">
            <param type="name"/>
          </accessor>
        </technique_common>
      </source>
      <sampler id="mixamorig_LeftHandThumb3-Matrix-animation-transform">
        <input semantic="INPUT" source="#mixamorig_LeftHandThumb3-Matrix-animation-input"/>
        <input semantic="OUTPUT" source="#mixamorig_LeftHandThumb3-Matrix-animation-output-transform"/>
        <input semantic="INTERPOLATION" source="#mixamorig_LeftHandThumb3-Interpolations"/>
      </sampler>
      <channel source="#mixamorig_LeftHandThumb3-Matrix-animation-transform" target="mixamorig_LeftHandThumb3/matrix"/>
    </animation>
    <animation id="mixamorig_LeftHandIndex1-anim" name="mixamorig_LeftHandIndex1">
      <source id="mixamorig_LeftHandIndex1-Matrix-animation-input">
        <float_array id="mixamorig_LeftHandIndex1-Matrix-animation-input-array" count="23">

0.000000 0.033333 0.066667 0.100000 0.133333 0.166667 0.200000 0.233333 0.266667 0.300000 0.333333 0.366667 0.400000 0.433333 0.466667 0.500000
0.533333 0.566667 0.600000 0.633333 0.666667 0.700000 0.733333</float_array>
        <technique_common>
          <accessor source="#mixamorig_LeftHandIndex1-Matrix-animation-input-array" count="23">
            <param name="TIME" type="float"/>
          </accessor>
        </technique_common>
      </source>
      <source id="mixamorig_LeftHandIndex1-Matrix-animation-output-transform">
        <float_array id="mixamorig_LeftHandIndex1-Matrix-animation-output-transform-array" count="368">

0.962577 0.077990 0.259545 -2.959300 -0.124483 0.977927 0.167816 12.531300 -0.240728 -0.193844 0.951039 1.173500 0.000000 0.000000 0.000000 1.000000
0.962860 0.089252 0.254823 -2.959300 -0.124788 0.984040 0.126857 12.531300 -0.239434 -0.153944 0.958631 1.173500 0.000000 0.000000 0.000000 1.000000
0.962916 0.101219 0.250094 -2.959300 -0.125785 0.988474 0.084241 12.531300 -0.238685 -0.112575 0.964550 1.173500 0.000000 0.000000 0.000000 1.000000
0.962761 0.113688 0.245287 -2.959300 -0.127794 0.990897 0.042329 12.531300 -0.238242 -0.072099 0.968526 1.173500 0.000000 0.000000 0.000000 1.000000
0.962436 0.125769 0.240622 -2.959300 -0.130367 0.991461 0.003223 12.531300 -0.238162 -0.034471 0.970614 1.173500 0.000000 0.000000 0.000000 1.000000
0.962007 0.136627 0.236381 -2.959300 -0.133077 0.990621 -0.030988 12.531300 -0.238397 -0.001646 0.971166 1.173500 0.000000 0.000000 0.000000 1.000000
0.961562 0.145461 0.232892 -2.959300 -0.135513 0.989062 -0.058249 12.531300 -0.238818 0.024450 0.970757 1.173500 0.000000 0.000000 0.000000 1.000000
0.961207 0.151495 0.230501 -2.959300 -0.137295 0.987569 -0.076540 12.531300 -0.239231 0.041924 0.970057 1.173500 0.000000 0.000000 0.000000 1.000000
0.961048 0.153970 0.229523 -2.959300 -0.138077 0.986864 -0.083865 12.531300 -0.239421 0.048907 0.969683 1.173500 0.000000 0.000000 0.000000 1.000000
0.961170 0.151226 0.230831 -2.959300 -0.136567 0.987531 -0.078309 12.531300 -0.239795 0.043745 0.969837 1.173500 0.000000 0.000000 0.000000 1.000000
0.961509 0.142661 0.234837 -2.959300 -0.131967 0.989392 -0.060728 12.531300 -0.241009 0.027399 0.970136 1.173500 0.000000 0.000000 0.000000 1.000000
0.961892 0.129496 0.240821 -2.959300 -0.125084 0.991577 -0.033588 12.531300 -0.243143 0.002185 0.969988 1.173500 0.000000 0.000000 0.000000 1.000000
0.962143 0.112943 0.248041 -2.959300 -0.116759 0.993160 0.000678 12.531300 -0.246268 -0.029613 0.968749 1.173500 0.000000 0.000000 0.000000 1.000000
0.962131 0.094377 0.255730 -2.959300 -0.107887 0.993386 0.039296 12.531300 -0.250330 -0.065398 0.965949 1.173500 0.000000 0.000000 0.000000 1.000000
0.961801 0.075048 0.263261 -2.959300 -0.099258 0.991850 0.079883 12.531300 -0.255121 -0.102963 0.961412 1.173500 0.000000 0.000000 0.000000 1.000000
0.961194 0.056385 0.270050 -2.959300 -0.091635 0.988566 0.119750 12.531300 -0.260210 -0.139849 0.955371 1.173500 0.000000 0.000000 0.000000 1.000000
0.960442 0.039836 0.275618 -2.959300 -0.085668 0.983986 0.156310 12.531300 -0.264977 -0.173738 0.948474 1.173500 0.000000 0.000000 0.000000 1.000000
0.959745 0.026879 0.279584 -2.959300 -0.081904 0.978931 0.187044 12.531300 -0.268666 -0.202413 0.941726 1.173500 0.000000 0.000000 0.000000 1.000000
0.959334 0.019010 0.281633 -2.959300 -0.080818 0.974460 0.209515 12.531300 -0.270457 -0.223756 0.936369 1.173500 0.000000 0.000000 0.000000 1.000000
0.959395 0.017555 0.281520 -2.959300 -0.082743 0.971669 0.221390 12.531300 -0.269658 -0.235694 0.933666 1.173500 0.000000 0.000000 0.000000 1.000000
0.960420 0.029694 0.276968 -2.959300 -0.093124 0.971320 0.218783 12.531300 -0.262528 -0.235916 0.935640 1.173500 0.000000 0.000000 0.000000 1.000000
0.961877 0.055877 0.267712 -2.959300 -0.112202 0.973355 0.199978 12.531300 -0.249404 -0.222392 0.942518 1.173500 0.000000 0.000000 0.000000 1.000000
0.962576 0.077991 0.259545 -2.959300 -0.124484 0.977927 0.167816 12.531300 -0.240728 -0.193845 0.951038 1.173500 0.000000 0.000000 0.000000 1.000000</float_array>
        <technique_common>
          <accessor source="#mixamorig_LeftHandIndex1-Matrix-animation-output-transform-array" count="23" stride="16">
            <param type="float4x4"/>
          </accessor>
        </technique_common>
      </source>
      <source id="mixamorig_LeftHandIndex1-Interpolations">
        <Name_array id="mixamorig_LeftHandIndex1-Interpolations-array" count="23">
 LINEAR LINEAR LINEAR LINEAR LINEAR LINEAR LINEAR LINEAR LINEAR LINEAR LINEAR
LINEAR LINEAR LINEAR LINEAR LINEAR LINEAR LINEAR LINEAR LINEAR LINEAR LINEAR LINEAR</Name_array>
        <technique_common>
          <accessor source="#mixamorig_LeftHandIndex1-Interpolations-array" count="23">
            <param type="name"/>
          </accessor>
        </technique_common>
      </source>
      <sampler id="mixamorig_LeftHandIndex1-Matrix-animation-transform">
        <input semantic="INPUT" source="#mixamorig_LeftHandIndex1-Matrix-animation-input"/>
        <input semantic="OUTPUT" source="#mixamorig_LeftHandIndex1-Matrix-animation-output-transform"/>
        <input semantic="INTERPOLATION" source="#mixamorig_LeftHandIndex1-Interpolations"/>
      </sampler>
      <channel source="#mixamorig_LeftHandIndex1-Matrix-animation-transform" target="mixamorig_LeftHandIndex1/matrix"/>
    </animation>
    <animation id="mixamorig_LeftHandIndex2-anim" name="mixamorig_LeftHandIndex2">
      <source id="mixamorig_LeftHandIndex2-Matrix-animation-input">
        <float_array id="mixamorig_LeftHandIndex2-Matrix-animation-input-array" count="23">

0.000000 0.033333 0.066667 0.100000 0.133333 0.166667 0.200000 0.233333 0.266667 0.300000 0.333333 0.366667 0.400000 0.433333 0.466667 0.500000
0.533333 0.566667 0.600000 0.633333 0.666667 0.700000 0.733333</float_array>
        <technique_common>
          <accessor source="#mixamorig_LeftHandIndex2-Matrix-animation-input-array" count="23">
            <param name="TIME" type="float"/>
          </accessor>
        </technique_common>
      </source>
      <source id="mixamorig_LeftHandIndex2-Matrix-animation-output-transform">
        <float_array id="mixamorig_LeftHandIndex2-Matrix-animation-output-transform-array" count="368">

0.999516 0.028622 -0.012160 -0.006300 -0.030813 0.858758 -0.511454 8.298100 -0.004197 0.511581 0.859225 0.000000 0.000000 0.000000 0.000000 1.000000
0.999462 0.030041 -0.013167 -0.006300 -0.032396 0.841343 -0.539530 8.298100 -0.005130 0.539667 0.841863 -0.000000 0.000000 0.000000 0.000000 1.000000
0.999399 0.031559 -0.014338 -0.006300 -0.034098 0.820631 -0.570441 8.298100 -0.006236 0.570587 0.821214 0.000000 0.000000 0.000000 0.000000 1.000000
0.999333 0.033035 -0.015585 -0.006300 -0.035765 0.798209 -0.601318 8.298100 -0.007425 0.601474 0.798858 0.000000 0.000000 0.000000 0.000000 1.000000
0.999266 0.034406 -0.016847 -0.006300 -0.037324 0.775210 -0.630600 8.298100 -0.008636 0.630766 0.775925 0.000000 0.000000 0.000000 0.000000 1.000000
0.999203 0.035612 -0.018056 -0.006300 -0.038707 0.752985 -0.656898 8.298100 -0.009797 0.657073 0.753763 0.000000 0.000000 0.000000 0.000000 1.000000
0.999147 0.036608 -0.019131 -0.006300 -0.039860 0.733061 -0.678994 8.298100 -0.010833 0.679178 0.733894 0.000000 0.000000 0.000000 0.000000 1.000000
0.999102 0.037354 -0.019988 -0.006300 -0.040730 0.717075 -0.695805 8.298100 -0.011658 0.695994 0.717953 0.000000 0.000000 0.000000 0.000000 1.000000
0.999074 0.037813 -0.020542 -0.006300 -0.041270 0.706700 -0.706309 8.298100 -0.012191 0.706502 0.707606 0.000000 0.000000 0.000000 0.000000 1.000000
0.999065 0.037948 -0.020709 -0.006300 -0.041429 0.703578 -0.709410 8.298100 -0.012350 0.709605 0.704492 -0.000000 0.000000 0.000000 0.000000 1.000000
0.999084 0.037649 -0.020350 -0.006300 -0.041077 0.710129 -0.702872 8.298100 -0.012011 0.703064 0.711025 0.000000 0.000000 0.000000 0.000000 1.000000
0.999128 0.036914 -0.019501 -0.006300 -0.040217 0.725613 -0.686927 8.298100 -0.011207 0.687112 0.726465 0.000000 0.000000 0.000000 0.000000 1.000000
0.999191 0.035818 -0.018306 -0.006300 -0.038943 0.747405 -0.663226 8.298100 -0.010074 0.663402 0.748195 -0.000000 0.000000 0.000000 0.000000 1.000000
0.999263 0.034446 -0.016918 -0.006300 -0.037363 0.772602 -0.633790 8.298100 -0.008760 0.633956 0.773320 -0.000000 0.000000 0.000000 0.000000 1.000000
0.999340 0.032876 -0.015462 -0.006300 -0.035572 0.798935 -0.600365 8.298100 -0.007385 0.600518 0.799577 0.000000 0.000000 0.000000 0.000000 1.000000
0.999414 0.031219 -0.014060 -0.006300 -0.033698 0.824165 -0.565346 8.298100 -0.006062 0.565489 0.824734 0.000000 0.000000 0.000000 0.000000 1.000000
0.999480 0.029600 -0.012811 -0.006300 -0.031882 0.846543 -0.531364 8.298100 -0.004883 0.531496 0.847047 0.000000 0.000000 0.000000 0.000000 1.000000
0.999534 0.028161 -0.011791 -0.006300 -0.030277 0.864738 -0.501310 8.298100 -0.003921 0.501433 0.865187 -0.000000 0.000000 0.000000 0.000000 1.000000
0.999573 0.027050 -0.011061 -0.006300 -0.029045 0.877754 -0.478230 8.298100 -0.003228 0.478347 0.878165 0.000000 0.000000 0.000000 0.000000 1.000000
0.999594 0.026416 -0.010666 -0.006300 -0.028345 0.884804 -0.465101 8.298100 -0.002849 0.465215 0.885193 0.000000 0.000000 0.000000 0.000000 1.000000
0.999589 0.026572 -0.010775 -0.006300 -0.028522 0.882943 -0.468612 8.298100 -0.002938 0.468727 0.883338 0.000000 0.000000 0.000000 0.000000 1.000000
0.999556 0.027519 -0.011404 -0.006300 -0.029581 0.871924 -0.488747 8.298100 -0.003506 0.488868 0.872351 -0.000000 0.000000 0.000000 0.000000 1.000000
0.999516 0.028621 -0.012160 -0.006300 -0.030812 0.858758 -0.511454 8.298100 -0.004196 0.511581 0.859225 -0.000000 0.000000 0.000000 0.000000 1.000000</float_array>
        <technique_common>
          <accessor source="#mixamorig_LeftHandIndex2-Matrix-animation-output-transform-array" count="23" stride="16">
            <param type="float4x4"/>
          </accessor>
        </technique_common>
      </source>
      <source id="mixamorig_LeftHandIndex2-Interpolations">
        <Name_array id="mixamorig_LeftHandIndex2-Interpolations-array" count="23">
 LINEAR LINEAR LINEAR LINEAR LINEAR LINEAR LINEAR LINEAR LINEAR LINEAR LINEAR
LINEAR LINEAR LINEAR LINEAR LINEAR LINEAR LINEAR LINEAR LINEAR LINEAR LINEAR LINEAR</Name_array>
        <technique_common>
          <accessor source="#mixamorig_LeftHandIndex2-Interpolations-array" count="23">
            <param type="name"/>
          </accessor>
        </technique_common>
      </source>
      <sampler id="mixamorig_LeftHandIndex2-Matrix-animation-transform">
        <input semantic="INPUT" source="#mixamorig_LeftHandIndex2-Matrix-animation-input"/>
        <input semantic="OUTPUT" source="#mixamorig_LeftHandIndex2-Matrix-animation-output-transform"/>
        <input semantic="INTERPOLATION" source="#mixamorig_LeftHandIndex2-Interpolations"/>
      </sampler>
      <channel source="#mixamorig_LeftHandIndex2-Matrix-animation-transform" target="mixamorig_LeftHandIndex2/matrix"/>
    </animation>
    <animation id="mixamorig_LeftHandIndex3-anim" name="mixamorig_LeftHandIndex3">
      <source id="mixamorig_LeftHandIndex3-Matrix-animation-input">
        <float_array id="mixamorig_LeftHandIndex3-Matrix-animation-input-array" count="23">

0.000000 0.033333 0.066667 0.100000 0.133333 0.166667 0.200000 0.233333 0.266667 0.300000 0.333333 0.366667 0.400000 0.433333 0.466667 0.500000
0.533333 0.566667 0.600000 0.633333 0.666667 0.700000 0.733333</float_array>
        <technique_common>
          <accessor source="#mixamorig_LeftHandIndex3-Matrix-animation-input-array" count="23">
            <param name="TIME" type="float"/>
          </accessor>
        </technique_common>
      </source>
      <source id="mixamorig_LeftHandIndex3-Matrix-animation-output-transform">
        <float_array id="mixamorig_LeftHandIndex3-Matrix-animation-output-transform-array" count="368">

0.999463 0.030288 -0.012511 0.002000 -0.032407 0.856801 -0.514627 4.720200 -0.004867 0.514756 0.857323 -0.000000 0.000000 0.000000 0.000000 1.000000
0.999324 0.033567 -0.015005 0.002000 -0.036048 0.814053 -0.579671 4.720200 -0.007243 0.579820 0.814713 -0.000000 0.000000 0.000000 0.000000 1.000000
0.999214 0.035815 -0.016985 0.002000 -0.038568 0.779552 -0.625149 4.720200 -0.009149 0.625313 0.780321 0.000000 0.000000 0.000000 0.000000 1.000000
0.999126 0.037438 -0.018608 0.002000 -0.040414 0.750955 -0.659115 4.720200 -0.010702 0.659291 0.751812 0.000000 0.000000 0.000000 0.000000 1.000000
0.999059 0.038565 -0.019870 0.002000 -0.041721 0.728531 -0.683741 4.720200 -0.011893 0.683926 0.729454 0.000000 0.000000 0.000000 0.000000 1.000000
0.999011 0.039303 -0.020792 0.002000 -0.042599 0.712011 -0.700875 4.720200 -0.012743 0.701068 0.712981 0.000000 0.000000 0.000000 0.000000 1.000000
0.998980 0.039745 -0.021414 0.002000 -0.043144 0.700758 -0.712094 4.720200 -0.013296 0.712291 0.701758 0.000000 0.000000 0.000000 0.000000 1.000000
0.998963 0.039970 -0.021789 0.002000 -0.043441 0.693895 -0.718765 4.720200 -0.013610 0.718966 0.694912 0.000000 0.000000 0.000000 0.000000 1.000000
0.998956 0.040053 -0.021976 0.002000 -0.043567 0.690396 -0.722119 4.720200 -0.013751 0.722322 0.691420 -0.000000 0.000000 0.000000 0.000000 1.000000
0.998954 0.040060 -0.022040 0.002000 -0.043595 0.689154 -0.723302 4.720200 -0.013786 0.723507 0.690180 0.000000 0.000000 0.000000 0.000000 1.000000
0.998959 0.039987 -0.021954 0.002000 -0.043510 0.690639 -0.721890 4.720200 -0.013704 0.722093 0.691660 0.000000 0.000000 0.000000 0.000000 1.000000
0.999023 0.039033 -0.020706 0.002000 -0.042354 0.712470 -0.700424 4.720200 -0.012587 0.700617 0.713427 0.000000 0.000000 0.000000 0.000000 1.000000
0.999147 0.037013 -0.018310 0.002000 -0.039949 0.754118 -0.655522 4.720200 -0.010455 0.655695 0.754954 0.000000 0.000000 0.000000 0.000000 1.000000
0.999300 0.034119 -0.015356 0.002000 -0.036583 0.804922 -0.592252 4.720200 -0.007847 0.592399 0.805607 0.000000 0.000000 0.000000 0.000000 1.000000
0.999458 0.030538 -0.012314 0.002000 -0.032516 0.856419 -0.515257 4.720200 -0.005189 0.515378 0.856947 0.000000 0.000000 0.000000 0.000000 1.000000
0.999599 0.026621 -0.009605 0.002000 -0.028157 0.901300 -0.432280 4.720200 -0.002851 0.432378 0.901688 0.000000 0.000000 0.000000 0.000000 1.000000
0.999712 0.022815 -0.007485 0.002000 -0.023989 0.935438 -0.352677 4.720200 -0.001044 0.352755 0.935715 0.000000 0.000000 0.000000 0.000000 1.000000
0.999789 0.019639 -0.006055 0.002000 -0.020550 0.957743 -0.286891 4.720200 0.000165 0.286955 0.957944 0.000000 0.000000 0.000000 0.000000 1.000000
0.999831 0.017624 -0.005299 0.002000 -0.018386 0.969203 -0.245576 4.720200 0.000808 0.245632 0.969363 0.000000 0.000000 0.000000 0.000000 1.000000
0.999837 0.017266 -0.005200 0.002000 -0.018008 0.970972 -0.238515 4.720200 0.000931 0.238570 0.971125 0.000000 0.000000 0.000000 0.000000 1.000000
0.999788 0.019631 -0.006197 0.002000 -0.020584 0.956974 -0.289444 4.720200 0.000249 0.289510 0.957175 0.000000 0.000000 0.000000 0.000000 1.000000
0.999656 0.024679 -0.008827 0.002000 -0.026153 0.917004 -0.398019 4.720200 -0.001728 0.398113 0.917335 0.000000 0.000000 0.000000 0.000000 1.000000
0.999463 0.030288 -0.012511 0.002000 -0.032407 0.856801 -0.514628 4.720200 -0.004867 0.514757 0.857323 0.000000 0.000000 0.000000 0.000000 1.000000</float_array>
        <technique_common>
          <accessor source="#mixamorig_LeftHandIndex3-Matrix-animation-output-transform-array" count="23" stride="16">
            <param type="float4x4"/>
          </accessor>
        </technique_common>
      </source>
      <source id="mixamorig_LeftHandIndex3-Interpolations">
        <Name_array id="mixamorig_LeftHandIndex3-Interpolations-array" count="23">
 LINEAR LINEAR LINEAR LINEAR LINEAR LINEAR LINEAR LINEAR LINEAR LINEAR LINEAR
LINEAR LINEAR LINEAR LINEAR LINEAR LINEAR LINEAR LINEAR LINEAR LINEAR LINEAR LINEAR</Name_array>
        <technique_common>
          <accessor source="#mixamorig_LeftHandIndex3-Interpolations-array" count="23">
            <param type="name"/>
          </accessor>
        </technique_common>
      </source>
      <sampler id="mixamorig_LeftHandIndex3-Matrix-animation-transform">
        <input semantic="INPUT" source="#mixamorig_LeftHandIndex3-Matrix-animation-input"/>
        <input semantic="OUTPUT" source="#mixamorig_LeftHandIndex3-Matrix-animation-output-transform"/>
        <input semantic="INTERPOLATION" source="#mixamorig_LeftHandIndex3-Interpolations"/>
      </sampler>
      <channel source="#mixamorig_LeftHandIndex3-Matrix-animation-transform" target="mixamorig_LeftHandIndex3/matrix"/>
    </animation>
    <animation id="mixamorig_LeftHandMiddle1-anim" name="mixamorig_LeftHandMiddle1">
      <source id="mixamorig_LeftHandMiddle1-Matrix-animation-input">
        <float_array id="mixamorig_LeftHandMiddle1-Matrix-animation-input-array" count="23">

0.000000 0.033333 0.066667 0.100000 0.133333 0.166667 0.200000 0.233333 0.266667 0.300000 0.333333 0.366667 0.400000 0.433333 0.466667 0.500000
0.533333 0.566667 0.600000 0.633333 0.666667 0.700000 0.733333</float_array>
        <technique_common>
          <accessor source="#mixamorig_LeftHandMiddle1-Matrix-animation-input-array" count="23">
            <param name="TIME" type="float"/>
          </accessor>
        </technique_common>
      </source>
      <source id="mixamorig_LeftHandMiddle1-Matrix-animation-output-transform">
        <float_array id="mixamorig_LeftHandMiddle1-Matrix-animation-output-transform-array" count="368">

0.973223 0.166758 0.158204 2.392400 -0.164569 0.985998 -0.026935 14.502300 -0.160480 0.000179 0.987039 -0.033500 0.000000 0.000000 0.000000 1.000000
0.972790 0.174454 0.152466 2.392400 -0.167255 0.984151 -0.058930 14.502300 -0.160330 0.031826 0.986550 -0.033500 0.000000 0.000000 0.000000 1.000000
0.972315 0.183327 0.144894 2.392400 -0.169865 0.980331 -0.100481 14.502300 -0.160465 0.073087 0.984332 -0.033500 0.000000 0.000000 0.000000 1.000000
0.971778 0.192599 0.136212 2.392400 -0.172665 0.974162 -0.145584 14.502300 -0.160731 0.117957 0.979924 -0.033500 0.000000 0.000000 0.000000 1.000000
0.971229 0.201283 0.127273 2.392400 -0.175375 0.966080 -0.189559 14.502300 -0.161111 0.161784 0.973586 -0.033500 0.000000 0.000000 0.000000 1.000000
0.970731 0.208562 0.119094 2.392400 -0.177727 0.957335 -0.227867 14.502300 -0.161538 0.200032 0.966381 -0.033500 0.000000 0.000000 0.000000 1.000000
0.970350 0.213760 0.112814 2.392400 -0.179459 0.949830 -0.256157 14.502300 -0.161911 0.228317 0.960029 -0.033500 0.000000 0.000000 0.000000 1.000000
0.970155 0.216291 0.109624 2.392400 -0.180329 0.945777 -0.270161 14.502300 -0.162114 0.242329 0.956554 -0.033500 0.000000 0.000000 0.000000 1.000000
0.970300 0.215324 0.110242 2.392400 -0.179554 0.946463 -0.268270 14.502300 -0.162105 0.240508 0.957015 -0.033500 0.000000 0.000000 0.000000 1.000000
0.970965 0.210402 0.113833 2.392400 -0.175969 0.950540 -0.255947 14.502300 -0.162055 0.228485 0.959965 -0.033500 0.000000 0.000000 0.000000 1.000000
0.971996 0.202222 0.119710 2.392400 -0.170096 0.956908 -0.235360 14.502300 -0.162147 0.208407 0.964508 -0.033500 0.000000 0.000000 0.000000 1.000000
0.973207 0.191531 0.127215 2.392400 -0.162582 0.964459 -0.208292 14.502300 -0.162588 0.182029 0.969758 -0.033500 0.000000 0.000000 0.000000 1.000000
0.974430 0.179082 0.135704 2.392400 -0.154081 0.972161 -0.176529 14.502300 -0.163539 0.151105 0.974896 -0.033500 0.000000 0.000000 0.000000 1.000000
0.975526 0.165714 0.144524 2.392400 -0.145278 0.979136 -0.142082 14.502300 -0.165054 0.117609 0.979247 -0.033500 0.000000 0.000000 0.000000 1.000000
0.976406 0.152266 0.153123 2.392400 -0.136828 0.984820 -0.106808 14.502300 -0.167062 0.083337 0.982418 -0.033500 0.000000 0.000000 0.000000 1.000000
0.977027 0.139677 0.160963 2.392400 -0.129388 0.988920 -0.072771 14.502300 -0.169344 0.050273 0.984274 -0.033500 0.000000 0.000000 0.000000 1.000000
0.977393 0.128922 0.167578 2.392400 -0.123569 0.991445 -0.042029 14.502300 -0.171563 0.020371 0.984963 -0.033500 0.000000 0.000000 0.000000 1.000000
0.977538 0.121016 0.172554 2.392400 -0.119948 0.992641 -0.016641 14.502300 -0.173298 -0.004431 0.984859 -0.033500 0.000000 0.000000 0.000000 1.000000
0.977501 0.116991 0.175513 2.392400 -0.119076 0.992884 0.001356 14.502300 -0.174106 -0.022225 0.984476 -0.033500 0.000000 0.000000 0.000000 1.000000
0.977302 0.117818 0.176065 2.392400 -0.121388 0.992559 0.009611 14.502300 -0.173623 -0.030766 0.984332 -0.033500 0.000000 0.000000 0.000000 1.000000
0.976522 0.129342 0.172268 2.392400 -0.132149 0.991218 0.004881 14.502300 -0.170124 -0.027531 0.985038 -0.033500 0.000000 0.000000 0.000000 1.000000
0.974750 0.150813 0.164674 2.392400 -0.151414 0.988430 -0.008967 14.502300 -0.164120 -0.016194 0.986307 -0.033500 0.000000 0.000000 0.000000 1.000000
0.973223 0.166759 0.158204 2.392400 -0.164569 0.985998 -0.026936 14.502300 -0.160480 0.000179 0.987039 -0.033500 0.000000 0.000000 0.000000 1.000000</float_array>
        <technique_common>
          <accessor source="#mixamorig_LeftHandMiddle1-Matrix-animation-output-transform-array" count="23" stride="16">
            <param type="float4x4"/>
          </accessor>
        </technique_common>
      </source>
      <source id="mixamorig_LeftHandMiddle1-Interpolations">
        <Name_array id="mixamorig_LeftHandMiddle1-Interpolations-array" count="23">
 LINEAR LINEAR LINEAR LINEAR LINEAR LINEAR LINEAR LINEAR LINEAR LINEAR LINEAR
LINEAR LINEAR LINEAR LINEAR LINEAR LINEAR LINEAR LINEAR LINEAR LINEAR LINEAR LINEAR</Name_array>
        <technique_common>
          <accessor source="#mixamorig_LeftHandMiddle1-Interpolations-array" count="23">
            <param type="name"/>
          </accessor>
        </technique_common>
      </source>
      <sampler id="mixamorig_LeftHandMiddle1-Matrix-animation-transform">
        <input semantic="INPUT" source="#mixamorig_LeftHandMiddle1-Matrix-animation-input"/>
        <input semantic="OUTPUT" source="#mixamorig_LeftHandMiddle1-Matrix-animation-output-transform"/>
        <input semantic="INTERPOLATION" source="#mixamorig_LeftHandMiddle1-Interpolations"/>
      </sampler>
      <channel source="#mixamorig_LeftHandMiddle1-Matrix-animation-transform" target="mixamorig_LeftHandMiddle1/matrix"/>
    </animation>
    <animation id="mixamorig_LeftHandMiddle2-anim" name="mixamorig_LeftHandMiddle2">
      <source id="mixamorig_LeftHandMiddle2-Matrix-animation-input">
        <float_array id="mixamorig_LeftHandMiddle2-Matrix-animation-input-array" count="23">

0.000000 0.033333 0.066667 0.100000 0.133333 0.166667 0.200000 0.233333 0.266667 0.300000 0.333333 0.366667 0.400000 0.433333 0.466667 0.500000
0.533333 0.566667 0.600000 0.633333 0.666667 0.700000 0.733333</float_array>
        <technique_common>
          <accessor source="#mixamorig_LeftHandMiddle2-Matrix-animation-input-array" count="23">
            <param name="TIME" type="float"/>
          </accessor>
        </technique_common>
      </source>
      <source id="mixamorig_LeftHandMiddle2-Matrix-animation-output-transform">
        <float_array id="mixamorig_LeftHandMiddle2-Matrix-animation-output-transform-array" count="368">

0.999134 0.040748 -0.008442 0.002700 -0.039625 0.869626 -0.492118 8.151000 -0.012711 0.492026 0.870488 0.000000 0.000000 0.000000 0.000000 1.000000
0.999053 0.042402 -0.009783 0.002700 -0.041288 0.852644 -0.520858 8.151000 -0.013744 0.520769 0.853587 0.000000 0.000000 0.000000 0.000000 1.000000
0.998951 0.044336 -0.011451 0.002700 -0.043256 0.831611 -0.553672 8.151000 -0.015025 0.553586 0.832656 -0.000000 0.000000 0.000000 0.000000 1.000000
0.998836 0.046365 -0.013327 0.002700 -0.045340 0.807848 -0.587644 8.151000 -0.016480 0.587564 0.809010 -0.000000 0.000000 0.000000 0.000000 1.000000
0.998715 0.048322 -0.015268 0.002700 -0.047367 0.783024 -0.620186 8.151000 -0.018013 0.620112 0.784306 -0.000000 0.000000 0.000000 0.000000 1.000000
0.998599 0.050061 -0.017116 0.002700 -0.049183 0.759196 -0.649001 8.151000 -0.019496 0.648934 0.760595 0.000000 0.000000 0.000000 0.000000 1.000000
0.998500 0.051457 -0.018688 0.002700 -0.050649 0.738740 -0.672084 8.151000 -0.020778 0.672023 0.740239 0.000000 0.000000 0.000000 0.000000 1.000000
0.998430 0.052398 -0.019799 0.002700 -0.051644 0.724214 -0.687638 8.151000 -0.021692 0.687581 0.725783 0.000000 0.000000 0.000000 0.000000 1.000000
0.998401 0.052777 -0.020258 0.002700 -0.052045 0.718193 -0.693895 8.151000 -0.022073 0.693839 0.719792 0.000000 0.000000 0.000000 0.000000 1.000000
0.998419 0.052544 -0.019970 0.002700 -0.051799 0.722065 -0.689883 8.151000 -0.021830 0.689827 0.723645 -0.000000 0.000000 0.000000 0.000000 1.000000
0.998476 0.051790 -0.019062 0.002700 -0.051008 0.734229 -0.676983 8.151000 -0.021064 0.676923 0.735752 -0.000000 0.000000 0.000000 0.000000 1.000000
0.998563 0.050596 -0.017686 0.002700 -0.049761 0.752517 -0.656691 8.151000 -0.019917 0.656627 0.753953 0.000000 0.000000 0.000000 0.000000 1.000000
0.998669 0.049044 -0.015995 0.002700 -0.048145 0.774762 -0.630417 8.151000 -0.018526 0.630348 0.776092 0.000000 0.000000 0.000000 0.000000 1.000000
0.998784 0.047227 -0.014149 0.002700 -0.046266 0.798714 -0.599929 8.151000 -0.017031 0.599854 0.799928 -0.000000 0.000000 0.000000 0.000000 1.000000
0.998901 0.045244 -0.012278 0.002700 -0.044227 0.822616 -0.566875 8.151000 -0.015548 0.566795 0.823712 0.000000 0.000000 0.000000 0.000000 1.000000
0.999010 0.043220 -0.010506 0.002700 -0.042159 0.844826 -0.533377 8.151000 -0.014176 0.533292 0.845812 -0.000000 0.000000 0.000000 0.000000 1.000000
0.999107 0.041295 -0.008941 0.002700 -0.040205 0.864090 -0.501729 8.151000 -0.012993 0.501641 0.864979 0.000000 0.000000 0.000000 0.000000 1.000000
0.999185 0.039624 -0.007666 0.002700 -0.038516 0.879469 -0.474395 8.151000 -0.012055 0.474303 0.880279 0.000000 0.000000 0.000000 0.000000 1.000000
0.999241 0.038367 -0.006754 0.002700 -0.037251 0.890259 -0.453928 8.151000 -0.011403 0.453835 0.891013 0.000000 0.000000 0.000000 0.000000 1.000000
0.999270 0.037684 -0.006272 0.002700 -0.036564 0.895876 -0.442797 8.151000 -0.011068 0.442704 0.896600 -0.000000 0.000000 0.000000 0.000000 1.000000
0.999259 0.037948 -0.006435 0.002700 -0.036824 0.893925 -0.446701 8.151000 -0.011199 0.446607 0.894660 0.000000 0.000000 0.000000 0.000000 1.000000
0.999204 0.039209 -0.007300 0.002700 -0.038084 0.883660 -0.466577 8.151000 -0.011843 0.466484 0.884450 0.000000 0.000000 0.000000 0.000000 1.000000
0.999134 0.040749 -0.008441 0.002700 -0.039624 0.869627 -0.492117 8.151000 -0.012712 0.492025 0.870488 0.000000 0.000000 0.000000 0.000000 1.000000</float_array>
        <technique_common>
          <accessor source="#mixamorig_LeftHandMiddle2-Matrix-animation-output-transform-array" count="23" stride="16">
            <param type="float4x4"/>
          </accessor>
        </technique_common>
      </source>
      <source id="mixamorig_LeftHandMiddle2-Interpolations">
        <Name_array id="mixamorig_LeftHandMiddle2-Interpolations-array" count="23">
 LINEAR LINEAR LINEAR LINEAR LINEAR LINEAR LINEAR LINEAR LINEAR LINEAR LINEAR
LINEAR LINEAR LINEAR LINEAR LINEAR LINEAR LINEAR LINEAR LINEAR LINEAR LINEAR LINEAR</Name_array>
        <technique_common>
          <accessor source="#mixamorig_LeftHandMiddle2-Interpolations-array" count="23">
            <param type="name"/>
          </accessor>
        </technique_common>
      </source>
      <sampler id="mixamorig_LeftHandMiddle2-Matrix-animation-transform">
        <input semantic="INPUT" source="#mixamorig_LeftHandMiddle2-Matrix-animation-input"/>
        <input semantic="OUTPUT" source="#mixamorig_LeftHandMiddle2-Matrix-animation-output-transform"/>
        <input semantic="INTERPOLATION" source="#mixamorig_LeftHandMiddle2-Interpolations"/>
      </sampler>
      <channel source="#mixamorig_LeftHandMiddle2-Matrix-animation-transform" target="mixamorig_LeftHandMiddle2/matrix"/>
    </animation>
    <animation id="mixamorig_LeftHandMiddle3-anim" name="mixamorig_LeftHandMiddle3">
      <source id="mixamorig_LeftHandMiddle3-Matrix-animation-input">
        <float_array id="mixamorig_LeftHandMiddle3-Matrix-animation-input-array" count="23">

0.000000 0.033333 0.066667 0.100000 0.133333 0.166667 0.200000 0.233333 0.266667 0.300000 0.333333 0.366667 0.400000 0.433333 0.466667 0.500000
0.533333 0.566667 0.600000 0.633333 0.666667 0.700000 0.733333</float_array>
        <technique_common>
          <accessor source="#mixamorig_LeftHandMiddle3-Matrix-animation-input-array" count="23">
            <param name="TIME" type="float"/>
          </accessor>
        </technique_common>
      </source>
      <source id="mixamorig_LeftHandMiddle3-Matrix-animation-output-transform">
        <float_array id="mixamorig_LeftHandMiddle3-Matrix-animation-output-transform-array" count="368">

0.998910 0.044974 -0.012477 -0.001100 -0.041279 0.726553 -0.685870 4.559900 -0.021782 0.685637 0.727617 0.000000 0.000000 0.000000 0.000000 1.000000
0.998763 0.047450 -0.014895 -0.001100 -0.043476 0.687603 -0.724784 4.559900 -0.024149 0.724535 0.688815 0.000000 0.000000 0.000000 0.000000 1.000000
0.998635 0.049386 -0.016986 -0.001100 -0.045209 0.654635 -0.754592 4.559900 -0.026146 0.754330 0.655975 0.000000 0.000000 0.000000 0.000000 1.000000
0.998512 0.051118 -0.019008 -0.001100 -0.046774 0.623449 -0.780464 4.559900 -0.028045 0.780191 0.624912 0.000000 0.000000 0.000000 0.000000 1.000000
0.998396 0.052627 -0.020891 -0.001100 -0.048148 0.594928 -0.802335 4.559900 -0.029796 0.802054 0.596508 -0.000000 0.000000 0.000000 0.000000 1.000000
0.998292 0.053897 -0.022565 -0.001100 -0.049311 0.569950 -0.820198 4.559900 -0.031345 0.819910 0.571634 -0.000000 0.000000 0.000000 0.000000 1.000000
0.998204 0.054910 -0.023963 -0.001100 -0.050243 0.549370 -0.834067 4.559900 -0.032635 0.833773 0.551142 0.000000 0.000000 0.000000 0.000000 1.000000
0.998137 0.055650 -0.025020 -0.001100 -0.050928 0.533998 -0.843950 4.559900 -0.033606 0.843652 0.535838 0.000000 0.000000 0.000000 0.000000 1.000000
0.998095 0.056100 -0.025673 -0.001100 -0.051344 0.524599 -0.849800 4.559900 -0.034206 0.849499 0.526480 -0.000000 0.000000 0.000000 0.000000 1.000000
0.998084 0.056217 -0.025845 -0.001100 -0.051455 0.522165 -0.851291 4.559900 -0.034362 0.850989 0.524058 0.000000 0.000000 0.000000 0.000000 1.000000
0.998170 0.055278 -0.024495 -0.001100 -0.050649 0.543218 -0.838063 4.559900 -0.033021 0.837770 0.545024 0.000000 0.000000 0.000000 0.000000 1.000000
0.998368 0.052946 -0.021404 -0.001100 -0.048618 0.591339 -0.804956 4.559900 -0.029962 0.804683 0.592948 0.000000 0.000000 0.000000 0.000000 1.000000
0.998630 0.049393 -0.017286 -0.001100 -0.045462 0.655263 -0.754031 4.559900 -0.025917 0.753784 0.656611 0.000000 0.000000 0.000000 0.000000 1.000000
0.998908 0.044906 -0.012872 -0.001100 -0.041404 0.723479 -0.689104 4.559900 -0.021632 0.688885 0.724548 -0.000000 0.000000 0.000000 0.000000 1.000000
0.999166 0.039879 -0.008734 -0.001100 -0.036794 0.786996 -0.615860 4.559900 -0.017686 0.615668 0.787807 0.000000 0.000000 0.000000 0.000000 1.000000
0.999376 0.034915 -0.005313 -0.001100 -0.032198 0.838944 -0.543264 4.559900 -0.014511 0.543096 0.839545 0.000000 0.000000 0.000000 0.000000 1.000000
0.999524 0.030723 -0.002850 -0.001100 -0.028290 0.875658 -0.482103 4.559900 -0.012316 0.481954 0.876110 0.000000 0.000000 0.000000 0.000000 1.000000
0.999605 0.028060 -0.001453 -0.001100 -0.025789 0.895703 -0.443905 4.559900 -0.011154 0.443767 0.896073 0.000000 0.000000 0.000000 0.000000 1.000000
0.999617 0.027660 -0.001224 -0.001100 -0.025379 0.897709 -0.439858 4.559900 -0.011068 0.439720 0.898067 0.000000 0.000000 0.000000 0.000000 1.000000
0.999552 0.029830 -0.002285 -0.001100 -0.027344 0.879933 -0.474309 4.559900 -0.012138 0.474160 0.880355 -0.000000 0.000000 0.000000 0.000000 1.000000
0.999406 0.034133 -0.004679 -0.001100 -0.031324 0.843702 -0.535897 4.559900 -0.014344 0.535725 0.844270 0.000000 0.000000 0.000000 0.000000 1.000000
0.999178 0.039677 -0.008265 -0.001100 -0.036470 0.791262 -0.610389 4.559900 -0.017679 0.610189 0.792059 0.000000 0.000000 0.000000 0.000000 1.000000
0.998910 0.044974 -0.012477 -0.001100 -0.041279 0.726553 -0.685870 4.559900 -0.021781 0.685637 0.727617 0.000000 0.000000 0.000000 0.000000 1.000000</float_array>
        <technique_common>
          <accessor source="#mixamorig_LeftHandMiddle3-Matrix-animation-output-transform-array" count="23" stride="16">
            <param type="float4x4"/>
          </accessor>
        </technique_common>
      </source>
      <source id="mixamorig_LeftHandMiddle3-Interpolations">
        <Name_array id="mixamorig_LeftHandMiddle3-Interpolations-array" count="23">
 LINEAR LINEAR LINEAR LINEAR LINEAR LINEAR LINEAR LINEAR LINEAR LINEAR LINEAR
LINEAR LINEAR LINEAR LINEAR LINEAR LINEAR LINEAR LINEAR LINEAR LINEAR LINEAR LINEAR</Name_array>
        <technique_common>
          <accessor source="#mixamorig_LeftHandMiddle3-Interpolations-array" count="23">
            <param type="name"/>
          </accessor>
        </technique_common>
      </source>
      <sampler id="mixamorig_LeftHandMiddle3-Matrix-animation-transform">
        <input semantic="INPUT" source="#mixamorig_LeftHandMiddle3-Matrix-animation-input"/>
        <input semantic="OUTPUT" source="#mixamorig_LeftHandMiddle3-Matrix-animation-output-transform"/>
        <input semantic="INTERPOLATION" source="#mixamorig_LeftHandMiddle3-Interpolations"/>
      </sampler>
      <channel source="#mixamorig_LeftHandMiddle3-Matrix-animation-transform" target="mixamorig_LeftHandMiddle3/matrix"/>
    </animation>
    <animation id="mixamorig_LeftHandRing1-anim" name="mixamorig_LeftHandRing1">
      <source id="mixamorig_LeftHandRing1-Matrix-animation-input">
        <float_array id="mixamorig_LeftHandRing1-Matrix-animation-input-array" count="23">

0.000000 0.033333 0.066667 0.100000 0.133333 0.166667 0.200000 0.233333 0.266667 0.300000 0.333333 0.366667 0.400000 0.433333 0.466667 0.500000
0.533333 0.566667 0.600000 0.633333 0.666667 0.700000 0.733333</float_array>
        <technique_common>
          <accessor source="#mixamorig_LeftHandRing1-Matrix-animation-input-array" count="23">
            <param name="TIME" type="float"/>
          </accessor>
        </technique_common>
      </source>
      <source id="mixamorig_LeftHandRing1-Matrix-animation-output-transform">
        <float_array id="mixamorig_LeftHandRing1-Matrix-animation-output-transform-array" count="368">

0.963998 0.258763 0.061233 7.071600 -0.233893 0.934689 -0.267678 14.022100 -0.126499 0.243719 0.961561 -0.727900 0.000000 0.000000 0.000000 1.000000
0.963084 0.263850 0.053415 7.071600 -0.236774 0.924641 -0.298290 14.022100 -0.128093 0.274631 0.952979 -0.727900 0.000000 0.000000 0.000000 1.000000
0.962261 0.268950 0.041476 7.071600 -0.239344 0.908968 -0.341309 14.022100 -0.129496 0.318501 0.939036 -0.727900 0.000000 0.000000 0.000000 1.000000
0.961517 0.273390 0.027261 7.071600 -0.241783 0.889107 -0.388625 14.022100 -0.130485 0.367078 0.920993 -0.727900 0.000000 0.000000 0.000000 1.000000
0.960874 0.276682 0.012961 7.071600 -0.243999 0.867663 -0.433157 14.022100 -0.131093 0.413047 0.901225 -0.727900 0.000000 0.000000 0.000000 1.000000
0.960376 0.278706 0.000975 7.071600 -0.245791 0.848595 -0.468480 14.022100 -0.131395 0.449677 0.883474 -0.727900 0.000000 0.000000 0.000000 1.000000
0.960091 0.279619 -0.006171 7.071600 -0.246848 0.836781 -0.488736 14.022100 -0.131496 0.470755 0.872410 -0.727900 0.000000 0.000000 0.000000 1.000000
0.960132 0.279468 -0.006628 7.071600 -0.246713 0.835972 -0.490187 14.022100 -0.131451 0.472280 0.871592 -0.727900 0.000000 0.000000 0.000000 1.000000
0.960686 0.277624 -0.002760 7.071600 -0.244733 0.842093 -0.480609 14.022100 -0.131105 0.462390 0.876931 -0.727900 0.000000 0.000000 0.000000 1.000000
0.961657 0.274222 0.004195 7.071600 -0.241177 0.852858 -0.463106 14.022100 -0.130571 0.444337 0.886293 -0.727900 0.000000 0.000000 0.000000 1.000000
0.962903 0.269513 0.013473 7.071600 -0.236450 0.866731 -0.439169 14.022100 -0.130039 0.419691 0.898304 -0.727900 0.000000 0.000000 0.000000 1.000000
0.964280 0.263766 0.024303 7.071600 -0.230969 0.882190 -0.410359 14.022100 -0.129679 0.390088 0.911600 -0.727900 0.000000 0.000000 0.000000 1.000000
0.965664 0.257298 0.035929 7.071600 -0.225156 0.897864 -0.378345 14.022100 -0.129607 0.357265 0.924967 -0.727900 0.000000 0.000000 0.000000 1.000000
0.966947 0.250492 0.047613 7.071600 -0.219428 0.912605 -0.344969 14.022100 -0.129863 0.323119 0.937406 -0.727900 0.000000 0.000000 0.000000 1.000000
0.968046 0.243813 0.058677 7.071600 -0.214193 0.925568 -0.312161 14.022100 -0.130418 0.289618 0.948215 -0.727900 0.000000 0.000000 0.000000 1.000000
0.968899 0.237795 0.068479 7.071600 -0.209836 0.936187 -0.281997 14.022100 -0.131166 0.258858 0.956968 -0.727900 0.000000 0.000000 0.000000 1.000000
0.969463 0.233028 0.076422 7.071600 -0.206714 0.944149 -0.256618 14.022100 -0.131953 0.232984 0.963487 -0.727900 0.000000 0.000000 0.000000 1.000000
0.969704 0.230128 0.081951 7.071600 -0.205157 0.949304 -0.238186 14.022100 -0.132609 0.214157 0.967756 -0.727900 0.000000 0.000000 0.000000 1.000000
0.969580 0.229723 0.084509 7.071600 -0.205496 0.951520 -0.228868 14.022100 -0.132989 0.204540 0.969782 -0.727900 0.000000 0.000000 0.000000 1.000000
0.969071 0.232111 0.083825 7.071600 -0.207882 0.950828 -0.229587 14.022100 -0.132992 0.205061 0.969672 -0.727900 0.000000 0.000000 0.000000 1.000000
0.967823 0.239039 0.078604 7.071600 -0.214662 0.947308 -0.237756 14.022100 -0.131295 0.213233 0.968139 -0.727900 0.000000 0.000000 0.000000 1.000000
0.965730 0.250130 0.069281 7.071600 -0.225818 0.941330 -0.250807 14.022100 -0.127951 0.226567 0.965555 -0.727900 0.000000 0.000000 0.000000 1.000000
0.963998 0.258764 0.061234 7.071600 -0.233894 0.934688 -0.267678 14.022100 -0.126500 0.243719 0.961561 -0.727900 0.000000 0.000000 0.000000 1.000000</float_array>
        <technique_common>
          <accessor source="#mixamorig_LeftHandRing1-Matrix-animation-output-transform-array" count="23" stride="16">
            <param type="float4x4"/>
          </accessor>
        </technique_common>
      </source>
      <source id="mixamorig_LeftHandRing1-Interpolations">
        <Name_array id="mixamorig_LeftHandRing1-Interpolations-array" count="23">
 LINEAR LINEAR LINEAR LINEAR LINEAR LINEAR LINEAR LINEAR LINEAR LINEAR LINEAR
LINEAR LINEAR LINEAR LINEAR LINEAR LINEAR LINEAR LINEAR LINEAR LINEAR LINEAR LINEAR</Name_array>
        <technique_common>
          <accessor source="#mixamorig_LeftHandRing1-Interpolations-array" count="23">
            <param type="name"/>
          </accessor>
        </technique_common>
      </source>
      <sampler id="mixamorig_LeftHandRing1-Matrix-animation-transform">
        <input semantic="INPUT" source="#mixamorig_LeftHandRing1-Matrix-animation-input"/>
        <input semantic="OUTPUT" source="#mixamorig_LeftHandRing1-Matrix-animation-output-transform"/>
        <input semantic="INTERPOLATION" source="#mixamorig_LeftHandRing1-Interpolations"/>
      </sampler>
      <channel source="#mixamorig_LeftHandRing1-Matrix-animation-transform" target="mixamorig_LeftHandRing1/matrix"/>
    </animation>
    <animation id="mixamorig_LeftHandRing2-anim" name="mixamorig_LeftHandRing2">
      <source id="mixamorig_LeftHandRing2-Matrix-animation-input">
        <float_array id="mixamorig_LeftHandRing2-Matrix-animation-input-array" count="23">

0.000000 0.033333 0.066667 0.100000 0.133333 0.166667 0.200000 0.233333 0.266667 0.300000 0.333333 0.366667 0.400000 0.433333 0.466667 0.500000
0.533333 0.566667 0.600000 0.633333 0.666667 0.700000 0.733333</float_array>
        <technique_common>
          <accessor source="#mixamorig_LeftHandRing2-Matrix-animation-input-array" count="23">
            <param name="TIME" type="float"/>
          </accessor>
        </technique_common>
      </source>
      <source id="mixamorig_LeftHandRing2-Matrix-animation-output-transform">
        <float_array id="mixamorig_LeftHandRing2-Matrix-animation-output-transform-array" count="368">

0.999484 0.030830 -0.008995 0.005000 -0.031235 0.868001 -0.495579 6.963300 -0.007471 0.495604 0.868517 0.000000 0.000000 0.000000 0.000000 1.000000
0.999422 0.032452 -0.010086 0.005000 -0.032907 0.850116 -0.525567 6.963300 -0.008482 0.525595 0.850693 0.000000 0.000000 0.000000 0.000000 1.000000
0.999343 0.034370 -0.011492 0.005000 -0.034894 0.826903 -0.561262 6.963300 -0.009788 0.561294 0.827559 0.000000 0.000000 0.000000 0.000000 1.000000
0.999252 0.036377 -0.013113 0.005000 -0.036983 0.800020 -0.598832 6.963300 -0.011293 0.598869 0.800767 0.000000 0.000000 0.000000 0.000000 1.000000
0.999158 0.038266 -0.014791 0.005000 -0.038959 0.772050 -0.634367 6.963300 -0.012855 0.634409 0.772891 0.000000 0.000000 0.000000 0.000000 1.000000
0.999072 0.039857 -0.016331 0.005000 -0.040631 0.746222 -0.664456 6.963300 -0.014297 0.664503 0.747149 0.000000 0.000000 0.000000 0.000000 1.000000
0.999006 0.040999 -0.017518 0.005000 -0.041837 0.726253 -0.686154 6.963300 -0.015409 0.686204 0.727246 0.000000 0.000000 0.000000 0.000000 1.000000
0.998972 0.041554 -0.018121 0.005000 -0.042425 0.716079 -0.696729 6.963300 -0.015976 0.696782 0.717105 -0.000000 0.000000 0.000000 0.000000 1.000000
0.998977 0.041470 -0.018030 0.005000 -0.042337 0.717625 -0.695142 6.963300 -0.015889 0.695194 0.718647 0.000000 0.000000 0.000000 0.000000 1.000000
0.999009 0.040941 -0.017460 0.005000 -0.041778 0.727257 -0.685092 6.963300 -0.015351 0.685143 0.728247 0.000000 0.000000 0.000000 0.000000 1.000000
0.999061 0.040044 -0.016528 0.005000 -0.040831 0.742957 -0.668092 6.963300 -0.014474 0.668140 0.743895 0.000000 0.000000 0.000000 0.000000 1.000000
0.999128 0.038838 -0.015342 0.005000 -0.039564 0.762869 -0.645342 6.963300 -0.013360 0.645386 0.763740 -0.000000 0.000000 0.000000 0.000000 1.000000
0.999203 0.037390 -0.014008 0.005000 -0.038047 0.785194 -0.618080 6.963300 -0.012111 0.618120 0.785991 0.000000 0.000000 0.000000 0.000000 1.000000
0.999280 0.035778 -0.012628 0.005000 -0.036363 0.808164 -0.587834 6.963300 -0.010826 0.587870 0.808883 0.000000 0.000000 0.000000 0.000000 1.000000
0.999355 0.034081 -0.011286 0.005000 -0.034599 0.830383 -0.556118 6.963300 -0.009582 0.556150 0.831026 -0.000000 0.000000 0.000000 0.000000 1.000000
0.999424 0.032401 -0.010056 0.005000 -0.032856 0.850602 -0.524782 6.963300 -0.008450 0.524811 0.851177 0.000000 0.000000 0.000000 0.000000 1.000000
0.999484 0.030840 -0.008998 0.005000 -0.031243 0.867873 -0.495803 6.963300 -0.007481 0.495828 0.868388 0.000000 0.000000 0.000000 0.000000 1.000000
0.999531 0.029518 -0.008160 0.005000 -0.029879 0.881479 -0.471278 6.963300 -0.006718 0.471301 0.881947 0.000000 0.000000 0.000000 0.000000 1.000000
0.999564 0.028549 -0.007579 0.005000 -0.028882 0.890862 -0.453354 6.963300 -0.006191 0.453375 0.891298 0.000000 0.000000 0.000000 0.000000 1.000000
0.999580 0.028048 -0.007289 0.005000 -0.028367 0.895537 -0.444082 6.963300 -0.005928 0.444103 0.895956 -0.000000 0.000000 0.000000 0.000000 1.000000
0.999572 0.028290 -0.007431 0.005000 -0.028616 0.893287 -0.448576 6.963300 -0.006053 0.448596 0.893714 0.000000 0.000000 0.000000 0.000000 1.000000
0.999536 0.029363 -0.008074 0.005000 -0.029723 0.882987 -0.468456 6.963300 -0.006626 0.468479 0.883450 0.000000 0.000000 0.000000 0.000000 1.000000
0.999484 0.030830 -0.008996 0.005000 -0.031235 0.868001 -0.495579 6.963300 -0.007471 0.495604 0.868516 0.000000 0.000000 0.000000 0.000000 1.000000</float_array>
        <technique_common>
          <accessor source="#mixamorig_LeftHandRing2-Matrix-animation-output-transform-array" count="23" stride="16">
            <param type="float4x4"/>
          </accessor>
        </technique_common>
      </source>
      <source id="mixamorig_LeftHandRing2-Interpolations">
        <Name_array id="mixamorig_LeftHandRing2-Interpolations-array" count="23">
 LINEAR LINEAR LINEAR LINEAR LINEAR LINEAR LINEAR LINEAR LINEAR LINEAR LINEAR
LINEAR LINEAR LINEAR LINEAR LINEAR LINEAR LINEAR LINEAR LINEAR LINEAR LINEAR LINEAR</Name_array>
        <technique_common>
          <accessor source="#mixamorig_LeftHandRing2-Interpolations-array" count="23">
            <param type="name"/>
          </accessor>
        </technique_common>
      </source>
      <sampler id="mixamorig_LeftHandRing2-Matrix-animation-transform">
        <input semantic="INPUT" source="#mixamorig_LeftHandRing2-Matrix-animation-input"/>
        <input semantic="OUTPUT" source="#mixamorig_LeftHandRing2-Matrix-animation-output-transform"/>
        <input semantic="INTERPOLATION" source="#mixamorig_LeftHandRing2-Interpolations"/>
      </sampler>
      <channel source="#mixamorig_LeftHandRing2-Matrix-animation-transform" target="mixamorig_LeftHandRing2/matrix"/>
    </animation>
    <animation id="mixamorig_LeftHandRing3-anim" name="mixamorig_LeftHandRing3">
      <source id="mixamorig_LeftHandRing3-Matrix-animation-input">
        <float_array id="mixamorig_LeftHandRing3-Matrix-animation-input-array" count="23">

0.000000 0.033333 0.066667 0.100000 0.133333 0.166667 0.200000 0.233333 0.266667 0.300000 0.333333 0.366667 0.400000 0.433333 0.466667 0.500000
0.533333 0.566667 0.600000 0.633333 0.666667 0.700000 0.733333</float_array>
        <technique_common>
          <accessor source="#mixamorig_LeftHandRing3-Matrix-animation-input-array" count="23">
            <param name="TIME" type="float"/>
          </accessor>
        </technique_common>
      </source>
      <source id="mixamorig_LeftHandRing3-Matrix-animation-output-transform">
        <float_array id="mixamorig_LeftHandRing3-Matrix-animation-output-transform-array" count="368">

0.998699 0.048357 -0.016179 -0.001000 -0.047083 0.752645 -0.656741 3.798600 -0.019581 0.656649 0.753942 0.000000 0.000000 0.000000 0.000000 1.000000
0.998551 0.050395 -0.018883 -0.001000 -0.049209 0.712960 -0.699476 3.798600 -0.021787 0.699392 0.714406 -0.000000 0.000000 0.000000 0.000000 1.000000
0.998421 0.052005 -0.021253 -0.001000 -0.050941 0.678529 -0.732805 3.798600 -0.023689 0.732730 0.680107 0.000000 0.000000 0.000000 0.000000 1.000000
0.998294 0.053436 -0.023517 -0.001000 -0.052518 0.645998 -0.761530 3.798600 -0.025502 0.761467 0.647702 0.000000 0.000000 0.000000 0.000000 1.000000
0.998177 0.054663 -0.025581 -0.001000 -0.053896 0.616596 -0.785433 3.798600 -0.027160 0.785380 0.618418 0.000000 0.000000 0.000000 0.000000 1.000000
0.998075 0.055663 -0.027355 -0.001000 -0.055038 0.591558 -0.804382 3.798600 -0.028592 0.804339 0.593483 -0.000000 0.000000 0.000000 0.000000 1.000000
0.997993 0.056416 -0.028745 -0.001000 -0.055909 0.572092 -0.818281 3.798600 -0.029720 0.818247 0.574099 0.000000 0.000000 0.000000 0.000000 1.000000
0.997939 0.056902 -0.029663 -0.001000 -0.056476 0.559341 -0.827012 3.798600 -0.030467 0.826983 0.561401 0.000000 0.000000 0.000000 0.000000 1.000000
0.997917 0.057098 -0.030035 -0.001000 -0.056704 0.554181 -0.830463 3.798600 -0.030773 0.830436 0.556264 0.000000 0.000000 0.000000 0.000000 1.000000
0.997961 0.056711 -0.029294 -0.001000 -0.056284 0.565349 -0.822929 3.798600 -0.030108 0.822900 0.567388 0.000000 0.000000 0.000000 0.000000 1.000000
0.998094 0.055469 -0.027051 -0.001000 -0.054935 0.598836 -0.798986 3.798600 -0.028120 0.798949 0.600741 0.000000 0.000000 0.000000 0.000000 1.000000
0.998290 0.053423 -0.023734 -0.001000 -0.052730 0.647625 -0.760133 3.798600 -0.025238 0.760084 0.649334 0.000000 0.000000 0.000000 0.000000 1.000000
0.998521 0.050637 -0.019792 -0.001000 -0.049753 0.704288 -0.708168 3.798600 -0.021920 0.708106 0.705766 0.000000 0.000000 0.000000 0.000000 1.000000
0.998759 0.047262 -0.015686 -0.001000 -0.046192 0.761595 -0.646405 3.798600 -0.018604 0.646328 0.762833 0.000000 0.000000 0.000000 0.000000 1.000000
0.998983 0.043531 -0.011787 -0.001000 -0.042307 0.814032 -0.579277 3.798600 -0.015622 0.579186 0.815045 -0.000000 0.000000 0.000000 0.000000 1.000000
0.999173 0.039794 -0.008410 -0.001000 -0.038469 0.857491 -0.513058 3.798600 -0.013205 0.512957 0.858313 -0.000000 0.000000 0.000000 0.000000 1.000000
0.999318 0.036473 -0.005772 -0.001000 -0.035104 0.889802 -0.454995 3.798600 -0.011459 0.454887 0.890475 0.000000 0.000000 0.000000 0.000000 1.000000
0.999413 0.034035 -0.004017 -0.001000 -0.032658 0.910244 -0.412782 3.798600 -0.010393 0.412670 0.910821 0.000000 0.000000 0.000000 0.000000 1.000000
0.999452 0.032942 -0.003255 -0.001000 -0.031560 0.918578 -0.393979 3.798600 -0.009989 0.393865 0.919114 0.000000 0.000000 0.000000 0.000000 1.000000
0.999425 0.033713 -0.003726 -0.001000 -0.032303 0.912545 -0.407700 3.798600 -0.010345 0.407585 0.913108 0.000000 0.000000 0.000000 0.000000 1.000000
0.999269 0.037678 -0.006477 -0.001000 -0.036239 0.879572 -0.474384 3.798600 -0.012177 0.474272 0.880294 0.000000 0.000000 0.000000 0.000000 1.000000
0.998993 0.043457 -0.011150 -0.001000 -0.042076 0.821235 -0.569037 3.798600 -0.015572 0.568933 0.822236 0.000000 0.000000 0.000000 0.000000 1.000000
0.998699 0.048357 -0.016179 -0.001000 -0.047082 0.752645 -0.656742 3.798600 -0.019581 0.656649 0.753942 0.000000 0.000000 0.000000 0.000000 1.000000</float_array>
        <technique_common>
          <accessor source="#mixamorig_LeftHandRing3-Matrix-animation-output-transform-array" count="23" stride="16">
            <param type="float4x4"/>
          </accessor>
        </technique_common>
      </source>
      <source id="mixamorig_LeftHandRing3-Interpolations">
        <Name_array id="mixamorig_LeftHandRing3-Interpolations-array" count="23">
 LINEAR LINEAR LINEAR LINEAR LINEAR LINEAR LINEAR LINEAR LINEAR LINEAR LINEAR
LINEAR LINEAR LINEAR LINEAR LINEAR LINEAR LINEAR LINEAR LINEAR LINEAR LINEAR LINEAR</Name_array>
        <technique_common>
          <accessor source="#mixamorig_LeftHandRing3-Interpolations-array" count="23">
            <param type="name"/>
          </accessor>
        </technique_common>
      </source>
      <sampler id="mixamorig_LeftHandRing3-Matrix-animation-transform">
        <input semantic="INPUT" source="#mixamorig_LeftHandRing3-Matrix-animation-input"/>
        <input semantic="OUTPUT" source="#mixamorig_LeftHandRing3-Matrix-animation-output-transform"/>
        <input semantic="INTERPOLATION" source="#mixamorig_LeftHandRing3-Interpolations"/>
      </sampler>
      <channel source="#mixamorig_LeftHandRing3-Matrix-animation-transform" target="mixamorig_LeftHandRing3/matrix"/>
    </animation>
    <animation id="mixamorig_LeftHandPinky1-anim" name="mixamorig_LeftHandPinky1">
      <source id="mixamorig_LeftHandPinky1-Matrix-animation-input">
        <float_array id="mixamorig_LeftHandPinky1-Matrix-animation-input-array" count="23">

0.000000 0.033333 0.066667 0.100000 0.133333 0.166667 0.200000 0.233333 0.266667 0.300000 0.333333 0.366667 0.400000 0.433333 0.466667 0.500000
0.533333 0.566667 0.600000 0.633333 0.666667 0.700000 0.733333</float_array>
        <technique_common>
          <accessor source="#mixamorig_LeftHandPinky1-Matrix-animation-input-array" count="23">
            <param name="TIME" type="float"/>
          </accessor>
        </technique_common>
      </source>
      <source id="mixamorig_LeftHandPinky1-Matrix-animation-output-transform">
        <float_array id="mixamorig_LeftHandPinky1-Matrix-animation-output-transform-array" count="368">

0.948609 0.281158 -0.145229 10.979800 -0.306013 0.931911 -0.194673 13.885000 0.080607 0.229111 0.970057 0.589700 0.000000 0.000000 0.000000 1.000000
0.946544 0.283537 -0.153823 10.979800 -0.313342 0.921451 -0.229663 13.885000 0.076622 0.265585 0.961038 0.589700 0.000000 0.000000 0.000000 1.000000
0.945457 0.279157 -0.167879 10.979800 -0.317271 0.905950 -0.280346 13.885000 0.073830 0.318318 0.945105 0.589700 0.000000 0.000000 0.000000 1.000000
0.944994 0.270236 -0.184277 10.979800 -0.318859 0.886675 -0.334868 13.885000 0.072901 0.375207 0.924070 0.589700 0.000000 0.000000 0.000000 1.000000
0.944784 0.259927 -0.199550 10.979800 -0.319319 0.867041 -0.382460 13.885000 0.073607 0.425062 0.902166 0.589700 0.000000 0.000000 0.000000 1.000000
0.944669 0.251994 -0.209999 10.979800 -0.319369 0.852658 -0.413494 13.885000 0.074860 0.457682 0.885959 0.589700 0.000000 0.000000 0.000000 1.000000
0.944665 0.250014 -0.212371 10.979800 -0.319283 0.849334 -0.420345 13.885000 0.075282 0.464892 0.882161 0.589700 0.000000 0.000000 0.000000 1.000000
0.944944 0.250484 -0.210567 10.979800 -0.318378 0.852420 -0.414747 13.885000 0.075604 0.458953 0.885238 0.589700 0.000000 0.000000 0.000000 1.000000
0.945516 0.251356 -0.206929 10.979800 -0.316512 0.858572 -0.403328 13.885000 0.076285 0.446849 0.891351 0.589700 0.000000 0.000000 0.000000 1.000000
0.946309 0.252565 -0.201767 10.979800 -0.313900 0.867064 -0.386867 13.885000 0.077236 0.429430 0.899791 0.589700 0.000000 0.000000 0.000000 1.000000
0.947255 0.253993 -0.195437 10.979800 -0.310747 0.877089 -0.366267 13.885000 0.078386 0.407679 0.909754 0.589700 0.000000 0.000000 0.000000 1.000000
0.948285 0.255538 -0.188296 10.979800 -0.307259 0.887868 -0.342464 13.885000 0.079669 0.382610 0.920469 0.589700 0.000000 0.000000 0.000000 1.000000
0.949335 0.257126 -0.180690 10.979800 -0.303642 0.898704 -0.316439 13.885000 0.081022 0.355272 0.931245 0.589700 0.000000 0.000000 0.000000 1.000000
0.950347 0.258695 -0.172964 10.979800 -0.300087 0.908991 -0.289279 13.885000 0.082387 0.326820 0.941489 0.589700 0.000000 0.000000 0.000000 1.000000
0.951266 0.260248 -0.165422 10.979800 -0.296795 0.918276 -0.262071 13.885000 0.083700 0.298395 0.950765 0.589700 0.000000 0.000000 0.000000 1.000000
0.952041 0.261799 -0.158362 10.979800 -0.293955 0.926227 -0.235995 13.885000 0.084896 0.271228 0.958764 0.589700 0.000000 0.000000 0.000000 1.000000
0.952627 0.263399 -0.152059 10.979800 -0.291756 0.932642 -0.212266 13.885000 0.085906 0.246575 0.965309 0.589700 0.000000 0.000000 0.000000 1.000000
0.952980 0.265122 -0.146763 10.979800 -0.290382 0.937426 -0.192120 13.885000 0.086644 0.225704 0.970335 0.589700 0.000000 0.000000 0.000000 1.000000
0.953056 0.267051 -0.142715 10.979800 -0.290021 0.940548 -0.176799 13.885000 0.087016 0.209889 0.973845 0.589700 0.000000 0.000000 0.000000 1.000000
0.952817 0.269260 -0.140142 10.979800 -0.290838 0.941996 -0.167500 13.885000 0.086912 0.200355 0.975861 0.589700 0.000000 0.000000 0.000000 1.000000
0.952045 0.272278 -0.139550 10.979800 -0.293636 0.941260 -0.166755 13.885000 0.085949 0.199735 0.976073 0.589700 0.000000 0.000000 0.000000 1.000000
0.950562 0.276498 -0.141350 10.979800 -0.299023 0.937787 -0.176469 13.885000 0.083763 0.210011 0.974104 0.589700 0.000000 0.000000 0.000000 1.000000
0.948609 0.281158 -0.145230 10.979800 -0.306013 0.931911 -0.194674 13.885000 0.080607 0.229111 0.970057 0.589700 0.000000 0.000000 0.000000 1.000000</float_array>
        <technique_common>
          <accessor source="#mixamorig_LeftHandPinky1-Matrix-animation-output-transform-array" count="23" stride="16">
            <param type="float4x4"/>
          </accessor>
        </technique_common>
      </source>
      <source id="mixamorig_LeftHandPinky1-Interpolations">
        <Name_array id="mixamorig_LeftHandPinky1-Interpolations-array" count="23">
 LINEAR LINEAR LINEAR LINEAR LINEAR LINEAR LINEAR LINEAR LINEAR LINEAR LINEAR
LINEAR LINEAR LINEAR LINEAR LINEAR LINEAR LINEAR LINEAR LINEAR LINEAR LINEAR LINEAR</Name_array>
        <technique_common>
          <accessor source="#mixamorig_LeftHandPinky1-Interpolations-array" count="23">
            <param type="name"/>
          </accessor>
        </technique_common>
      </source>
      <sampler id="mixamorig_LeftHandPinky1-Matrix-animation-transform">
        <input semantic="INPUT" source="#mixamorig_LeftHandPinky1-Matrix-animation-input"/>
        <input semantic="OUTPUT" source="#mixamorig_LeftHandPinky1-Matrix-animation-output-transform"/>
        <input semantic="INTERPOLATION" source="#mixamorig_LeftHandPinky1-Interpolations"/>
      </sampler>
      <channel source="#mixamorig_LeftHandPinky1-Matrix-animation-transform" target="mixamorig_LeftHandPinky1/matrix"/>
    </animation>
    <animation id="mixamorig_LeftHandPinky2-anim" name="mixamorig_LeftHandPinky2">
      <source id="mixamorig_LeftHandPinky2-Matrix-animation-input">
        <float_array id="mixamorig_LeftHandPinky2-Matrix-animation-input-array" count="23">

0.000000 0.033333 0.066667 0.100000 0.133333 0.166667 0.200000 0.233333 0.266667 0.300000 0.333333 0.366667 0.400000 0.433333 0.466667 0.500000
0.533333 0.566667 0.600000 0.633333 0.666667 0.700000 0.733333</float_array>
        <technique_common>
          <accessor source="#mixamorig_LeftHandPinky2-Matrix-animation-input-array" count="23">
            <param name="TIME" type="float"/>
          </accessor>
        </technique_common>
      </source>
      <source id="mixamorig_LeftHandPinky2-Matrix-animation-output-transform">
        <float_array id="mixamorig_LeftHandPinky2-Matrix-animation-output-transform-array" count="368">

0.999016 0.041442 -0.015785 0.000300 -0.040095 0.692042 -0.720743 3.975700 -0.018945 0.720667 0.693022 -0.000000 0.000000 0.000000 0.000000 1.000000
0.998916 0.043069 -0.017672 0.000300 -0.041677 0.658217 -0.751674 3.975700 -0.020742 0.751595 0.659298 0.000000 0.000000 0.000000 0.000000 1.000000
0.998794 0.044854 -0.019943 0.000300 -0.043428 0.618047 -0.784941 3.975700 -0.022882 0.784861 0.619250 0.000000 0.000000 0.000000 0.000000 1.000000
0.998668 0.046535 -0.022305 0.000300 -0.045088 0.576609 -0.815775 3.975700 -0.025101 0.815694 0.577939 0.000000 0.000000 0.000000 0.000000 1.000000
0.998549 0.047953 -0.024496 0.000300 -0.046493 0.538289 -0.841477 3.975700 -0.027165 0.841395 0.539738 0.000000 0.000000 0.000000 0.000000 1.000000
0.998455 0.048990 -0.026237 0.000300 -0.047522 0.507916 -0.860095 3.975700 -0.028810 0.860012 0.509459 0.000000 0.000000 0.000000 0.000000 1.000000
0.998400 0.049553 -0.027236 0.000300 -0.048082 0.490509 -0.870108 3.975700 -0.029757 0.870026 0.492107 0.000000 0.000000 0.000000 0.000000 1.000000
0.998397 0.049588 -0.027300 0.000300 -0.048118 0.489432 -0.870713 3.975700 -0.029816 0.870630 0.491034 0.000000 0.000000 0.000000 0.000000 1.000000
0.998425 0.049301 -0.026776 0.000300 -0.047837 0.498726 -0.865438 3.975700 -0.029313 0.865356 0.500299 0.000000 0.000000 0.000000 0.000000 1.000000
0.998476 0.048763 -0.025830 0.000300 -0.047311 0.515528 -0.855566 3.975700 -0.028404 0.855484 0.517050 0.000000 0.000000 0.000000 0.000000 1.000000
0.998545 0.048004 -0.024559 0.000300 -0.046566 0.538066 -0.841615 3.975700 -0.027187 0.841535 0.539519 0.000000 0.000000 0.000000 0.000000 1.000000
0.998626 0.047052 -0.023062 0.000300 -0.045632 0.564539 -0.824144 3.975700 -0.025758 0.824064 0.565910 0.000000 0.000000 0.000000 0.000000 1.000000
0.998714 0.045944 -0.021438 0.000300 -0.044544 0.593210 -0.803815 3.975700 -0.024213 0.803736 0.594493 0.000000 0.000000 0.000000 0.000000 1.000000
0.998803 0.044729 -0.019782 0.000300 -0.043350 0.622370 -0.781522 3.975700 -0.022645 0.781444 0.623564 0.000000 0.000000 0.000000 0.000000 1.000000
0.998890 0.043462 -0.018176 0.000300 -0.042104 0.650557 -0.758289 3.975700 -0.021132 0.758213 0.651665 -0.000000 0.000000 0.000000 0.000000 1.000000
0.998969 0.042213 -0.016700 0.000300 -0.040876 0.676400 -0.735399 3.975700 -0.019748 0.735323 0.677429 0.000000 0.000000 0.000000 0.000000 1.000000
0.999038 0.041061 -0.015419 0.000300 -0.039742 0.698717 -0.714293 3.975700 -0.018556 0.714219 0.699677 0.000000 0.000000 0.000000 0.000000 1.000000
0.999092 0.040092 -0.014398 0.000300 -0.038789 0.716468 -0.696541 3.975700 -0.017610 0.696467 0.717373 0.000000 0.000000 0.000000 0.000000 1.000000
0.999130 0.039397 -0.013692 0.000300 -0.038104 0.728706 -0.683766 3.975700 -0.016961 0.683693 0.729573 0.000000 0.000000 0.000000 0.000000 1.000000
0.999148 0.039055 -0.013351 0.000300 -0.037765 0.734564 -0.677488 3.975700 -0.016652 0.677415 0.735413 0.000000 0.000000 0.000000 0.000000 1.000000
0.999134 0.039322 -0.013602 0.000300 -0.038026 0.730251 -0.682120 3.975700 -0.016889 0.682046 0.731114 0.000000 0.000000 0.000000 0.000000 1.000000
0.999083 0.040275 -0.014547 0.000300 -0.038959 0.713919 -0.699143 3.975700 -0.017773 0.699069 0.714834 0.000000 0.000000 0.000000 0.000000 1.000000
0.999016 0.041442 -0.015785 0.000300 -0.040096 0.692042 -0.720743 3.975700 -0.018945 0.720667 0.693023 0.000000 0.000000 0.000000 0.000000 1.000000</float_array>
        <technique_common>
          <accessor source="#mixamorig_LeftHandPinky2-Matrix-animation-output-transform-array" count="23" stride="16">
            <param type="float4x4"/>
          </accessor>
        </technique_common>
      </source>
      <source id="mixamorig_LeftHandPinky2-Interpolations">
        <Name_array id="mixamorig_LeftHandPinky2-Interpolations-array" count="23">
 LINEAR LINEAR LINEAR LINEAR LINEAR LINEAR LINEAR LINEAR LINEAR LINEAR LINEAR
LINEAR LINEAR LINEAR LINEAR LINEAR LINEAR LINEAR LINEAR LINEAR LINEAR LINEAR LINEAR</Name_array>
        <technique_common>
          <accessor source="#mixamorig_LeftHandPinky2-Interpolations-array" count="23">
            <param type="name"/>
          </accessor>
        </technique_common>
      </source>
      <sampler id="mixamorig_LeftHandPinky2-Matrix-animation-transform">
        <input semantic="INPUT" source="#mixamorig_LeftHandPinky2-Matrix-animation-input"/>
        <input semantic="OUTPUT" source="#mixamorig_LeftHandPinky2-Matrix-animation-output-transform"/>
        <input semantic="INTERPOLATION" source="#mixamorig_LeftHandPinky2-Interpolations"/>
      </sampler>
      <channel source="#mixamorig_LeftHandPinky2-Matrix-animation-transform" target="mixamorig_LeftHandPinky2/matrix"/>
    </animation>
    <animation id="mixamorig_LeftHandPinky3-anim" name="mixamorig_LeftHandPinky3">
      <source id="mixamorig_LeftHandPinky3-Matrix-animation-input">
        <float_array id="mixamorig_LeftHandPinky3-Matrix-animation-input-array" count="23">

0.000000 0.033333 0.066667 0.100000 0.133333 0.166667 0.200000 0.233333 0.266667 0.300000 0.333333 0.366667 0.400000 0.433333 0.466667 0.500000
0.533333 0.566667 0.600000 0.633333 0.666667 0.700000 0.733333</float_array>
        <technique_common>
          <accessor source="#mixamorig_LeftHandPinky3-Matrix-animation-input-array" count="23">
            <param name="TIME" type="float"/>
          </accessor>
        </technique_common>
      </source>
      <source id="mixamorig_LeftHandPinky3-Matrix-animation-output-transform">
        <float_array id="mixamorig_LeftHandPinky3-Matrix-animation-output-transform-array" count="368">

0.999065 0.040809 -0.014245 -0.000400 -0.038833 0.702714 -0.710412 2.799700 -0.018981 0.710301 0.703642 -0.000000 0.000000 0.000000 0.000000 1.000000
0.998952 0.042749 -0.016379 -0.000400 -0.040660 0.664113 -0.746526 2.799700 -0.021035 0.746409 0.665155 0.000000 0.000000 0.000000 0.000000 1.000000
0.998843 0.044416 -0.018408 -0.000400 -0.042249 0.628078 -0.777003 2.799700 -0.022950 0.776882 0.629228 0.000000 0.000000 0.000000 0.000000 1.000000
0.998731 0.046000 -0.020509 -0.000400 -0.043768 0.591218 -0.805323 2.799700 -0.024919 0.805199 0.592481 0.000000 0.000000 0.000000 0.000000 1.000000
0.998623 0.047390 -0.022518 -0.000400 -0.045108 0.556266 -0.829779 2.799700 -0.026797 0.829652 0.557638 0.000000 0.000000 0.000000 0.000000 1.000000
0.998528 0.048505 -0.024253 -0.000400 -0.046185 0.526221 -0.849093 2.799700 -0.028423 0.848964 0.527686 0.000000 0.000000 0.000000 0.000000 1.000000
0.998459 0.049276 -0.025528 -0.000400 -0.046931 0.504220 -0.862299 2.799700 -0.029619 0.862168 0.505756 0.000000 0.000000 0.000000 0.000000 1.000000
0.998424 0.049647 -0.026162 -0.000400 -0.047289 0.493306 -0.868570 2.799700 -0.030216 0.868438 0.494876 0.000000 0.000000 0.000000 0.000000 1.000000
0.998446 0.049419 -0.025775 -0.000400 -0.047081 0.500270 -0.864589 2.799700 -0.029832 0.864458 0.501819 -0.000000 0.000000 0.000000 0.000000 1.000000
0.998545 0.048302 -0.023963 -0.000400 -0.046045 0.532643 -0.845087 2.799700 -0.028055 0.844961 0.534092 0.000000 0.000000 0.000000 0.000000 1.000000
0.998702 0.046352 -0.021113 -0.000400 -0.044222 0.583424 -0.810963 2.799700 -0.025272 0.810844 0.584717 0.000000 0.000000 0.000000 0.000000 1.000000
0.998890 0.043652 -0.017676 -0.000400 -0.041672 0.644387 -0.763564 2.799700 -0.021941 0.763453 0.645491 -0.000000 0.000000 0.000000 0.000000 1.000000
0.999086 0.040351 -0.014085 -0.000400 -0.038528 0.707697 -0.705465 2.799700 -0.018499 0.705363 0.708605 0.000000 0.000000 0.000000 0.000000 1.000000
0.999269 0.036696 -0.010711 -0.000400 -0.035026 0.766667 -0.641089 2.799700 -0.015314 0.640996 0.767392 -0.000000 0.000000 0.000000 0.000000 1.000000
0.999423 0.033036 -0.007836 -0.000400 -0.031507 0.816364 -0.576678 2.799700 -0.012654 0.576593 0.816934 0.000000 0.000000 0.000000 0.000000 1.000000
0.999540 0.029792 -0.005636 -0.000400 -0.028380 0.853805 -0.519818 2.799700 -0.010674 0.519739 0.854258 0.000000 0.000000 0.000000 0.000000 1.000000
0.999615 0.027426 -0.004208 -0.000400 -0.026093 0.877581 -0.478717 2.799700 -0.009436 0.478643 0.877959 -0.000000 0.000000 0.000000 0.000000 1.000000
0.999645 0.026387 -0.003613 -0.000400 -0.025076 0.886792 -0.461487 2.799700 -0.008973 0.461414 0.887140 -0.000000 0.000000 0.000000 0.000000 1.000000
0.999627 0.027032 -0.003953 -0.000400 -0.025671 0.879913 -0.474441 2.799700 -0.009347 0.474365 0.880278 0.000000 0.000000 0.000000 0.000000 1.000000
0.999560 0.029201 -0.005219 -0.000400 -0.027726 0.857148 -0.514324 2.799700 -0.010545 0.514242 0.857580 0.000000 0.000000 0.000000 0.000000 1.000000
0.999441 0.032594 -0.007438 -0.000400 -0.030979 0.819265 -0.572578 2.799700 -0.012569 0.572489 0.819816 0.000000 0.000000 0.000000 0.000000 1.000000
0.999269 0.036741 -0.010543 -0.000400 -0.034969 0.767325 -0.640305 2.799700 -0.015435 0.640205 0.768049 0.000000 0.000000 0.000000 0.000000 1.000000
0.999065 0.040809 -0.014245 -0.000400 -0.038833 0.702714 -0.710412 2.799700 -0.018981 0.710301 0.703642 0.000000 0.000000 0.000000 0.000000 1.000000</float_array>
        <technique_common>
          <accessor source="#mixamorig_LeftHandPinky3-Matrix-animation-output-transform-array" count="23" stride="16">
            <param type="float4x4"/>
          </accessor>
        </technique_common>
      </source>
      <source id="mixamorig_LeftHandPinky3-Interpolations">
        <Name_array id="mixamorig_LeftHandPinky3-Interpolations-array" count="23">
 LINEAR LINEAR LINEAR LINEAR LINEAR LINEAR LINEAR LINEAR LINEAR LINEAR LINEAR
LINEAR LINEAR LINEAR LINEAR LINEAR LINEAR LINEAR LINEAR LINEAR LINEAR LINEAR LINEAR</Name_array>
        <technique_common>
          <accessor source="#mixamorig_LeftHandPinky3-Interpolations-array" count="23">
            <param type="name"/>
          </accessor>
        </technique_common>
      </source>
      <sampler id="mixamorig_LeftHandPinky3-Matrix-animation-transform">
        <input semantic="INPUT" source="#mixamorig_LeftHandPinky3-Matrix-animation-input"/>
        <input semantic="OUTPUT" source="#mixamorig_LeftHandPinky3-Matrix-animation-output-transform"/>
        <input semantic="INTERPOLATION" source="#mixamorig_LeftHandPinky3-Interpolations"/>
      </sampler>
      <channel source="#mixamorig_LeftHandPinky3-Matrix-animation-transform" target="mixamorig_LeftHandPinky3/matrix"/>
    </animation>
    <animation id="mixamorig_RightShoulder-anim" name="mixamorig_RightShoulder">
      <source id="mixamorig_RightShoulder-Matrix-animation-input">
        <float_array id="mixamorig_RightShoulder-Matrix-animation-input-array" count="23">

0.000000 0.033333 0.066667 0.100000 0.133333 0.166667 0.200000 0.233333 0.266667 0.300000 0.333333 0.366667 0.400000 0.433333 0.466667 0.500000
0.533333 0.566667 0.600000 0.633333 0.666667 0.700000 0.733333</float_array>
        <technique_common>
          <accessor source="#mixamorig_RightShoulder-Matrix-animation-input-array" count="23">
            <param name="TIME" type="float"/>
          </accessor>
        </technique_common>
      </source>
      <source id="mixamorig_RightShoulder-Matrix-animation-output-transform">
        <float_array id="mixamorig_RightShoulder-Matrix-animation-output-transform-array" count="368">

0.151561 -0.856816 0.492845 -10.882400 0.115170 -0.479901 -0.869730 13.272500 0.981715 0.188578 0.025945 -1.553300 0.000000 0.000000 0.000000 1.000000
0.154896 -0.823344 0.545996 -10.882400 0.120923 -0.532709 -0.837615 13.272500 0.980502 0.195767 0.017047 -1.553300 0.000000 0.000000 0.000000 1.000000
0.160481 -0.794735 0.585357 -10.882400 0.123192 -0.572279 -0.810753 13.272500 0.979321 0.202221 0.006065 -1.553300 0.000000 0.000000 0.000000 1.000000
0.148060 -0.807923 0.570385 -10.882400 0.121363 -0.557540 -0.821231 13.272500 0.981504 0.190815 0.015502 -1.553300 0.000000 0.000000 0.000000 1.000000
0.128287 -0.841462 0.524866 -10.882400 0.118769 -0.512395 -0.850497 13.272500 0.984600 0.171445 0.034206 -1.553300 0.000000 0.000000 0.000000 1.000000
0.114069 -0.851381 0.511995 -10.882400 0.120975 -0.499621 -0.857755 13.272500 0.986080 0.159782 0.046005 -1.553300 0.000000 0.000000 0.000000 1.000000
0.128360 -0.847350 0.515287 -10.882400 0.123878 -0.501817 -0.856057 13.272500 0.983960 0.173716 0.040555 -1.553300 0.000000 0.000000 0.000000 1.000000
0.145982 -0.849821 0.506453 -10.882400 0.120007 -0.492944 -0.861745 13.272500 0.981981 0.186577 0.030023 -1.553300 0.000000 0.000000 0.000000 1.000000
0.122895 -0.865104 0.486304 -10.882400 0.118835 -0.473665 -0.872651 13.272500 0.985279 0.165034 0.044593 -1.553300 0.000000 0.000000 0.000000 1.000000
0.088912 -0.883698 0.459534 -10.882400 0.118497 -0.448700 -0.885791 13.272500 0.988966 0.133211 0.064821 -1.553300 0.000000 0.000000 0.000000 1.000000
0.050807 -0.890719 0.451706 -10.882400 0.121085 -0.443460 -0.888078 13.272500 0.991341 0.099815 0.085322 -1.553300 0.000000 0.000000 0.000000 1.000000
0.062944 -0.888827 0.453898 -10.882400 0.122726 -0.444455 -0.887355 13.272500 0.990443 0.111559 0.081106 -1.553300 0.000000 0.000000 0.000000 1.000000
0.069239 -0.884654 0.461079 -10.882400 0.124041 -0.450967 -0.883879 13.272500 0.989858 0.118392 0.078508 -1.553300 0.000000 0.000000 0.000000 1.000000
0.071502 -0.879997 0.469566 -10.882400 0.124619 -0.459201 -0.879548 13.272500 0.989625 0.121406 0.076830 -1.553300 0.000000 0.000000 0.000000 1.000000
0.073754 -0.882781 0.463959 -10.882400 0.123634 -0.453544 -0.882617 13.272500 0.989583 0.122458 0.075691 -1.553300 0.000000 0.000000 0.000000 1.000000
0.079513 -0.884526 0.459664 -10.882400 0.123037 -0.448890 -0.885076 13.272500 0.989212 0.126930 0.073137 -1.553300 0.000000 0.000000 0.000000 1.000000
0.068656 -0.886143 0.458298 -10.882400 0.124601 -0.448169 -0.885223 13.272500 0.989829 0.117881 0.079644 -1.553300 0.000000 0.000000 0.000000 1.000000
0.044900 -0.888469 0.456735 -10.882400 0.126055 -0.448503 -0.884848 13.272500 0.991007 0.097304 0.091858 -1.553300 0.000000 0.000000 0.000000 1.000000
0.039990 -0.889554 0.455076 -10.882400 0.126672 -0.447253 -0.885392 13.272500 0.991138 0.093052 0.094796 -1.553300 0.000000 0.000000 0.000000 1.000000
0.061954 -0.890449 0.450847 -10.882400 0.123827 -0.441367 -0.888742 13.272500 0.990368 0.110889 0.082917 -1.553300 0.000000 0.000000 0.000000 1.000000
0.107205 -0.883628 0.455751 -10.882400 0.117265 -0.443955 -0.888343 13.272500 0.987297 0.148678 0.056025 -1.553300 0.000000 0.000000 0.000000 1.000000
0.143917 -0.871888 0.468080 -10.882400 0.114415 -0.455172 -0.883022 13.272500 0.982953 0.180637 0.034250 -1.553300 0.000000 0.000000 0.000000 1.000000
0.151562 -0.856816 0.492844 -10.882400 0.115169 -0.479900 -0.869731 13.272500 0.981715 0.188579 0.025944 -1.553300 0.000000 0.000000 0.000000 1.000000</float_array>
        <technique_common>
          <accessor source="#mixamorig_RightShoulder-Matrix-animation-output-transform-array" count="23" stride="16">
            <param type="float4x4"/>
          </accessor>
        </technique_common>
      </source>
      <source id="mixamorig_RightShoulder-Interpolations">
        <Name_array id="mixamorig_RightShoulder-Interpolations-array" count="23">
 LINEAR LINEAR LINEAR LINEAR LINEAR LINEAR LINEAR LINEAR LINEAR LINEAR LINEAR
LINEAR LINEAR LINEAR LINEAR LINEAR LINEAR LINEAR LINEAR LINEAR LINEAR LINEAR LINEAR</Name_array>
        <technique_common>
          <accessor source="#mixamorig_RightShoulder-Interpolations-array" count="23">
            <param type="name"/>
          </accessor>
        </technique_common>
      </source>
      <sampler id="mixamorig_RightShoulder-Matrix-animation-transform">
        <input semantic="INPUT" source="#mixamorig_RightShoulder-Matrix-animation-input"/>
        <input semantic="OUTPUT" source="#mixamorig_RightShoulder-Matrix-animation-output-transform"/>
        <input semantic="INTERPOLATION" source="#mixamorig_RightShoulder-Interpolations"/>
      </sampler>
      <channel source="#mixamorig_RightShoulder-Matrix-animation-transform" target="mixamorig_RightShoulder/matrix"/>
    </animation>
    <animation id="mixamorig_RightArm-anim" name="mixamorig_RightArm">
      <source id="mixamorig_RightArm-Matrix-animation-input">
        <float_array id="mixamorig_RightArm-Matrix-animation-input-array" count="23">

0.000000 0.033333 0.066667 0.100000 0.133333 0.166667 0.200000 0.233333 0.266667 0.300000 0.333333 0.366667 0.400000 0.433333 0.466667 0.500000
0.533333 0.566667 0.600000 0.633333 0.666667 0.700000 0.733333</float_array>
        <technique_common>
          <accessor source="#mixamorig_RightArm-Matrix-animation-input-array" count="23">
            <param name="TIME" type="float"/>
          </accessor>
        </technique_common>
      </source>
      <source id="mixamorig_RightArm-Matrix-animation-output-transform">
        <float_array id="mixamorig_RightArm-Matrix-animation-output-transform-array" count="368">

0.036897 -0.451719 0.891397 0.000000 0.108619 0.888533 0.445771 16.507099 -0.993399 0.080375 0.081849 0.000000 0.000000 0.000000 0.000000 1.000000
0.034959 -0.434725 0.899885 -0.000000 -0.004627 0.900355 0.435132 16.507099 -0.999378 -0.019376 0.029464 0.000000 0.000000 0.000000 0.000000 1.000000
0.004561 -0.456734 0.889592 -0.000000 -0.115382 0.883419 0.454156 16.507099 -0.993311 -0.104714 -0.048669 -0.000000 0.000000 0.000000 0.000000 1.000000
-0.036937 -0.498671 0.866004 0.000000 -0.178706 0.855922 0.485244 16.507099 -0.983209 -0.136836 -0.120731 0.000000 0.000000 0.000000 0.000000 1.000000
-0.081496 -0.545680 0.834021 0.000000 -0.189208 0.830058 0.524599 16.507099 -0.978549 -0.115051 -0.170893 0.000000 0.000000 0.000000 0.000000 1.000000
-0.089169 -0.564142 0.820849 0.000000 -0.242812 0.811580 0.531395 16.507099 -0.965967 -0.151928 -0.209348 0.000000 0.000000 0.000000 0.000000 1.000000
-0.053583 -0.567553 0.821592 -0.000000 -0.261466 0.802042 0.536995 16.507099 -0.963724 -0.186045 -0.191371 0.000000 0.000000 0.000000 0.000000 1.000000
0.008466 -0.587209 0.809391 0.000000 -0.182863 0.794862 0.578581 16.507099 -0.983102 -0.152906 -0.100650 0.000000 0.000000 0.000000 0.000000 1.000000
0.043450 -0.601560 0.797645 0.000000 -0.071491 0.794480 0.603067 16.507099 -0.996494 -0.083228 -0.008486 0.000000 0.000000 0.000000 0.000000 1.000000
0.032127 -0.608471 0.792926 0.000000 0.063590 0.792972 0.605930 16.507099 -0.997459 0.030956 0.064169 0.000000 0.000000 0.000000 0.000000 1.000000
0.034091 -0.573228 0.818687 0.000000 0.117021 0.815818 0.566346 16.507099 -0.992544 0.076496 0.094892 -0.000000 0.000000 0.000000 0.000000 1.000000
0.027778 -0.582355 0.812460 -0.000000 0.139085 0.807119 0.573772 16.507099 -0.989891 0.097063 0.103417 -0.000000 0.000000 0.000000 0.000000 1.000000
0.048510 -0.618992 0.783898 0.000000 0.161407 0.779365 0.605424 16.507099 -0.985695 0.097158 0.137717 0.000000 0.000000 0.000000 0.000000 1.000000
0.071159 -0.645149 0.760736 -0.000000 0.163569 0.759892 0.629133 16.507099 -0.983962 0.079665 0.159599 -0.000000 0.000000 0.000000 0.000000 1.000000
0.095872 -0.655049 0.749479 0.000000 0.142033 0.754246 0.641046 16.507099 -0.985208 0.044993 0.165350 0.000000 0.000000 0.000000 0.000000 1.000000
0.118436 -0.675915 0.727400 0.000000 0.088020 0.736819 0.670336 16.507099 -0.989053 -0.015366 0.146760 0.000000 0.000000 0.000000 0.000000 1.000000
0.131128 -0.684841 0.716797 0.000000 0.018153 0.724578 0.688954 16.507099 -0.991199 -0.077330 0.107444 -0.000000 0.000000 0.000000 0.000000 1.000000
0.142938 -0.678706 0.720366 0.000000 -0.011616 0.726639 0.686921 16.507099 -0.989663 -0.106556 0.095981 0.000000 0.000000 0.000000 0.000000 1.000000
0.125220 -0.679858 0.722574 0.000000 0.035102 0.730887 0.681596 16.507099 -0.991508 -0.059986 0.115386 0.000000 0.000000 0.000000 0.000000 1.000000
0.086916 -0.656551 0.749257 -0.000000 0.078661 0.754278 0.651826 16.507099 -0.993105 0.002283 0.117204 0.000000 0.000000 0.000000 0.000000 1.000000
0.032528 -0.601952 0.797869 0.000000 0.116970 0.795099 0.595093 16.507099 -0.992603 0.073969 0.096273 0.000000 0.000000 0.000000 0.000000 1.000000
0.017224 -0.541927 0.840249 -0.000000 0.161051 0.830904 0.532599 16.507099 -0.986796 0.126149 0.101590 -0.000000 0.000000 0.000000 0.000000 1.000000
0.036896 -0.451718 0.891397 0.000000 0.108619 0.888533 0.445771 16.507099 -0.993399 0.080375 0.081848 0.000000 0.000000 0.000000 0.000000 1.000000</float_array>
        <technique_common>
          <accessor source="#mixamorig_RightArm-Matrix-animation-output-transform-array" count="23" stride="16">
            <param type="float4x4"/>
          </accessor>
        </technique_common>
      </source>
      <source id="mixamorig_RightArm-Interpolations">
        <Name_array id="mixamorig_RightArm-Interpolations-array" count="23">
 LINEAR LINEAR LINEAR LINEAR LINEAR LINEAR LINEAR LINEAR LINEAR LINEAR LINEAR
LINEAR LINEAR LINEAR LINEAR LINEAR LINEAR LINEAR LINEAR LINEAR LINEAR LINEAR LINEAR</Name_array>
        <technique_common>
          <accessor source="#mixamorig_RightArm-Interpolations-array" count="23">
            <param type="name"/>
          </accessor>
        </technique_common>
      </source>
      <sampler id="mixamorig_RightArm-Matrix-animation-transform">
        <input semantic="INPUT" source="#mixamorig_RightArm-Matrix-animation-input"/>
        <input semantic="OUTPUT" source="#mixamorig_RightArm-Matrix-animation-output-transform"/>
        <input semantic="INTERPOLATION" source="#mixamorig_RightArm-Interpolations"/>
      </sampler>
      <channel source="#mixamorig_RightArm-Matrix-animation-transform" target="mixamorig_RightArm/matrix"/>
    </animation>
    <animation id="mixamorig_RightForeArm-anim" name="mixamorig_RightForeArm">
      <source id="mixamorig_RightForeArm-Matrix-animation-input">
        <float_array id="mixamorig_RightForeArm-Matrix-animation-input-array" count="23">

0.000000 0.033333 0.066667 0.100000 0.133333 0.166667 0.200000 0.233333 0.266667 0.300000 0.333333 0.366667 0.400000 0.433333 0.466667 0.500000
0.533333 0.566667 0.600000 0.633333 0.666667 0.700000 0.733333</float_array>
        <technique_common>
          <accessor source="#mixamorig_RightForeArm-Matrix-animation-input-array" count="23">
            <param name="TIME" type="float"/>
          </accessor>
        </technique_common>
      </source>
      <source id="mixamorig_RightForeArm-Matrix-animation-output-transform">
        <float_array id="mixamorig_RightForeArm-Matrix-animation-output-transform-array" count="368">

-0.312631 0.903884 -0.291985 0.000000 -0.867830 -0.396771 -0.299071 19.953800 -0.386177 0.159895 0.908461 0.000000 0.000000 0.000000 0.000000 1.000000
-0.297979 0.897624 -0.324777 0.000000 -0.862054 -0.399166 -0.312298 19.953800 -0.409966 0.186917 0.892743 0.000000 0.000000 0.000000 0.000000 1.000000
-0.301091 0.888889 -0.345284 0.000000 -0.873270 -0.402474 -0.274616 19.953800 -0.383070 0.218842 0.897421 -0.000000 0.000000 0.000000 0.000000 1.000000
-0.276025 0.881590 -0.382897 0.000000 -0.866814 -0.400444 -0.297117 19.953800 -0.415264 0.249889 0.874707 -0.000000 0.000000 0.000000 0.000000 1.000000
-0.229050 0.880261 -0.415544 0.000000 -0.854621 -0.386219 -0.347070 19.953800 -0.466003 0.275636 0.840753 0.000000 0.000000 0.000000 0.000000 1.000000
-0.196747 0.881818 -0.428587 -0.000000 -0.849796 -0.371398 -0.374045 19.953800 -0.489016 0.290620 0.822437 0.000000 0.000000 0.000000 0.000000 1.000000
-0.178478 0.885321 -0.429362 -0.000000 -0.843070 -0.362590 -0.397193 19.953800 -0.507326 0.291092 0.811102 -0.000000 0.000000 0.000000 0.000000 1.000000
-0.196513 0.885430 -0.421184 -0.000000 -0.842914 -0.371993 -0.388738 19.953800 -0.500878 0.278630 0.819443 -0.000000 0.000000 0.000000 0.000000 1.000000
-0.211856 0.881230 -0.422552 0.000000 -0.822847 -0.394120 -0.409381 19.953800 -0.527295 0.260965 0.808614 0.000000 0.000000 0.000000 0.000000 1.000000
-0.237000 0.874020 -0.424169 0.000000 -0.804229 -0.421443 -0.419049 19.953800 -0.545020 0.241815 0.802794 0.000000 0.000000 0.000000 0.000000 1.000000
-0.269992 0.881774 -0.386753 0.000000 -0.827712 -0.417765 -0.374654 19.953800 -0.491932 0.218967 0.842648 0.000000 0.000000 0.000000 0.000000 1.000000
-0.274821 0.886078 -0.373281 0.000000 -0.820748 -0.418421 -0.388969 19.953800 -0.500845 0.199473 0.842238 0.000000 0.000000 0.000000 0.000000 1.000000
-0.266485 0.883622 -0.384965 0.000000 -0.787421 -0.429923 -0.441739 19.953800 -0.555836 0.185413 0.810351 0.000000 0.000000 0.000000 0.000000 1.000000
-0.270879 0.886353 -0.375504 -0.000000 -0.789437 -0.427766 -0.440234 19.953800 -0.550830 0.177187 0.815592 0.000000 0.000000 0.000000 0.000000 1.000000
-0.267425 0.895266 -0.356346 0.000000 -0.809152 -0.409453 -0.421451 19.953800 -0.523218 0.175631 0.833905 0.000000 0.000000 0.000000 0.000000 1.000000
-0.218997 0.907479 -0.358500 0.000000 -0.797177 -0.378270 -0.470552 19.953800 -0.562626 0.182738 0.806262 0.000000 0.000000 0.000000 0.000000 1.000000
-0.188620 0.919813 -0.344044 0.000000 -0.818260 -0.340917 -0.462846 19.953800 -0.543022 0.194215 0.816950 -0.000000 0.000000 0.000000 0.000000 1.000000
-0.167668 0.929625 -0.328153 -0.000000 -0.845096 -0.306937 -0.437724 19.953800 -0.507642 0.203928 0.837086 -0.000000 0.000000 0.000000 0.000000 1.000000
-0.179908 0.927320 -0.328194 -0.000000 -0.852125 -0.313601 -0.418972 19.953800 -0.491443 0.204286 0.846611 -0.000000 0.000000 0.000000 0.000000 1.000000
-0.215390 0.922219 -0.321122 -0.000000 -0.856228 -0.336473 -0.391995 19.953800 -0.469554 0.190522 0.862102 -0.000000 0.000000 0.000000 0.000000 1.000000
-0.249662 0.919007 -0.305116 -0.000000 -0.860178 -0.355186 -0.365973 19.953800 -0.444704 0.171084 0.879186 0.000000 0.000000 0.000000 0.000000 1.000000
-0.301436 0.908147 -0.290525 0.000000 -0.865385 -0.388497 -0.316510 19.953800 -0.400306 0.156009 0.903004 -0.000000 0.000000 0.000000 0.000000 1.000000
-0.312632 0.903884 -0.291985 0.000000 -0.867830 -0.396772 -0.299072 19.953800 -0.386178 0.159894 0.908461 0.000000 0.000000 0.000000 0.000000 1.000000</float_array>
        <technique_common>
          <accessor source="#mixamorig_RightForeArm-Matrix-animation-output-transform-array" count="23" stride="16">
            <param type="float4x4"/>
          </accessor>
        </technique_common>
      </source>
      <source id="mixamorig_RightForeArm-Interpolations">
        <Name_array id="mixamorig_RightForeArm-Interpolations-array" count="23">
 LINEAR LINEAR LINEAR LINEAR LINEAR LINEAR LINEAR LINEAR LINEAR LINEAR LINEAR
LINEAR LINEAR LINEAR LINEAR LINEAR LINEAR LINEAR LINEAR LINEAR LINEAR LINEAR LINEAR</Name_array>
        <technique_common>
          <accessor source="#mixamorig_RightForeArm-Interpolations-array" count="23">
            <param type="name"/>
          </accessor>
        </technique_common>
      </source>
      <sampler id="mixamorig_RightForeArm-Matrix-animation-transform">
        <input semantic="INPUT" source="#mixamorig_RightForeArm-Matrix-animation-input"/>
        <input semantic="OUTPUT" source="#mixamorig_RightForeArm-Matrix-animation-output-transform"/>
        <input semantic="INTERPOLATION" source="#mixamorig_RightForeArm-Interpolations"/>
      </sampler>
      <channel source="#mixamorig_RightForeArm-Matrix-animation-transform" target="mixamorig_RightForeArm/matrix"/>
    </animation>
    <animation id="mixamorig_RightHand-anim" name="mixamorig_RightHand">
      <source id="mixamorig_RightHand-Matrix-animation-input">
        <float_array id="mixamorig_RightHand-Matrix-animation-input-array" count="23">

0.000000 0.033333 0.066667 0.100000 0.133333 0.166667 0.200000 0.233333 0.266667 0.300000 0.333333 0.366667 0.400000 0.433333 0.466667 0.500000
0.533333 0.566667 0.600000 0.633333 0.666667 0.700000 0.733333</float_array>
        <technique_common>
          <accessor source="#mixamorig_RightHand-Matrix-animation-input-array" count="23">
            <param name="TIME" type="float"/>
          </accessor>
        </technique_common>
      </source>
      <source id="mixamorig_RightHand-Matrix-animation-output-transform">
        <float_array id="mixamorig_RightHand-Matrix-animation-output-transform-array" count="368">

0.987219 0.043244 0.153390 -0.000000 -0.082311 0.962525 0.258400 28.810400 -0.136468 -0.267723 0.953782 0.000000 0.000000 0.000000 0.000000 1.000000
0.988406 0.023570 0.149992 0.000000 -0.069483 0.948583 0.308809 28.810400 -0.135001 -0.315651 0.939223 0.000000 0.000000 0.000000 0.000000 1.000000
0.974766 -0.013163 0.222841 -0.000000 -0.059100 0.947421 0.314484 28.810400 -0.215264 -0.319718 0.922736 0.000000 0.000000 0.000000 0.000000 1.000000
0.968089 -0.018906 0.249892 0.000000 -0.055966 0.955657 0.289115 28.810400 -0.244277 -0.293874 0.924103 -0.000000 0.000000 0.000000 0.000000 1.000000
0.966458 -0.000991 0.256823 0.000000 -0.062876 0.968647 0.240351 28.810400 -0.249010 -0.248437 0.936095 0.000000 0.000000 0.000000 0.000000 1.000000
0.964241 -0.005804 0.264963 0.000000 -0.051844 0.976314 0.210054 28.810400 -0.259907 -0.216279 0.941101 0.000000 0.000000 0.000000 0.000000 1.000000
0.969535 0.010396 0.244733 0.000000 -0.062755 0.976296 0.207140 28.810400 -0.236779 -0.216188 0.947206 0.000000 0.000000 0.000000 0.000000 1.000000
0.964381 0.041601 0.261224 0.000000 -0.103959 0.967697 0.229685 28.810400 -0.243230 -0.248660 0.937554 0.000000 0.000000 0.000000 0.000000 1.000000
0.964392 0.080661 0.251876 0.000000 -0.141929 0.961448 0.235527 28.810400 -0.223168 -0.262889 0.938661 0.000000 0.000000 0.000000 0.000000 1.000000
0.957086 0.129290 0.259365 0.000000 -0.189557 0.956256 0.222804 28.810400 -0.219213 -0.262407 0.939728 -0.000000 0.000000 0.000000 0.000000 1.000000
0.934038 0.130312 0.332553 0.000000 -0.199153 0.962912 0.182040 28.810400 -0.296497 -0.236261 0.925349 -0.000000 0.000000 0.000000 0.000000 1.000000
0.926119 0.137724 0.351192 -0.000000 -0.200209 0.968486 0.148161 28.810400 -0.319720 -0.207526 0.924506 0.000000 0.000000 0.000000 0.000000 1.000000
0.931209 0.154623 0.330062 -0.000000 -0.213916 0.965043 0.151434 28.810400 -0.295108 -0.211623 0.931733 0.000000 0.000000 0.000000 0.000000 1.000000
0.920683 0.157243 0.357236 -0.000000 -0.220923 0.964476 0.144842 28.810400 -0.321770 -0.212275 0.922715 0.000000 0.000000 0.000000 0.000000 1.000000
0.914070 0.142903 0.379546 -0.000000 -0.208187 0.968484 0.136738 28.810400 -0.348044 -0.204005 0.915012 0.000000 0.000000 0.000000 0.000000 1.000000
0.933964 0.135548 0.330663 -0.000000 -0.194269 0.969191 0.151421 28.810400 -0.299951 -0.205659 0.931522 0.000000 0.000000 0.000000 0.000000 1.000000
0.947208 0.103608 0.303418 0.000000 -0.162277 0.971105 0.174990 28.810400 -0.276521 -0.214990 0.936651 0.000000 0.000000 0.000000 0.000000 1.000000
0.957188 0.091615 0.274586 -0.000000 -0.147950 0.970169 0.192052 28.810400 -0.248800 -0.224455 0.942188 0.000000 0.000000 0.000000 0.000000 1.000000
0.963318 0.110464 0.244571 -0.000000 -0.161061 0.966951 0.197650 28.810400 -0.214655 -0.229790 0.949273 0.000000 0.000000 0.000000 0.000000 1.000000
0.972048 0.110261 0.207283 -0.000000 -0.148689 0.972355 0.180047 28.810400 -0.181701 -0.205835 0.961570 -0.000000 0.000000 0.000000 0.000000 1.000000
0.980553 0.105853 0.165263 0.000000 -0.129784 0.981401 0.141448 28.810400 -0.147217 -0.160146 0.976054 -0.000000 0.000000 0.000000 0.000000 1.000000
0.981325 0.080990 0.174479 -0.000000 -0.112714 0.977118 0.180378 28.810400 -0.155877 -0.196676 0.967998 0.000000 0.000000 0.000000 0.000000 1.000000
0.987219 0.043245 0.153390 -0.000000 -0.082312 0.962525 0.258398 28.810400 -0.136468 -0.267722 0.953783 -0.000000 0.000000 0.000000 0.000000 1.000000</float_array>
        <technique_common>
          <accessor source="#mixamorig_RightHand-Matrix-animation-output-transform-array" count="23" stride="16">
            <param type="float4x4"/>
          </accessor>
        </technique_common>
      </source>
      <source id="mixamorig_RightHand-Interpolations">
        <Name_array id="mixamorig_RightHand-Interpolations-array" count="23">
 LINEAR LINEAR LINEAR LINEAR LINEAR LINEAR LINEAR LINEAR LINEAR LINEAR LINEAR
LINEAR LINEAR LINEAR LINEAR LINEAR LINEAR LINEAR LINEAR LINEAR LINEAR LINEAR LINEAR</Name_array>
        <technique_common>
          <accessor source="#mixamorig_RightHand-Interpolations-array" count="23">
            <param type="name"/>
          </accessor>
        </technique_common>
      </source>
      <sampler id="mixamorig_RightHand-Matrix-animation-transform">
        <input semantic="INPUT" source="#mixamorig_RightHand-Matrix-animation-input"/>
        <input semantic="OUTPUT" source="#mixamorig_RightHand-Matrix-animation-output-transform"/>
        <input semantic="INTERPOLATION" source="#mixamorig_RightHand-Interpolations"/>
      </sampler>
      <channel source="#mixamorig_RightHand-Matrix-animation-transform" target="mixamorig_RightHand/matrix"/>
    </animation>
    <animation id="mixamorig_RightHandThumb1-anim" name="mixamorig_RightHandThumb1">
      <source id="mixamorig_RightHandThumb1-Matrix-animation-input">
        <float_array id="mixamorig_RightHandThumb1-Matrix-animation-input-array" count="23">

0.000000 0.033333 0.066667 0.100000 0.133333 0.166667 0.200000 0.233333 0.266667 0.300000 0.333333 0.366667 0.400000 0.433333 0.466667 0.500000
0.533333 0.566667 0.600000 0.633333 0.666667 0.700000 0.733333</float_array>
        <technique_common>
          <accessor source="#mixamorig_RightHandThumb1-Matrix-animation-input-array" count="23">
            <param name="TIME" type="float"/>
          </accessor>
        </technique_common>
      </source>
      <source id="mixamorig_RightHandThumb1-Matrix-animation-output-transform">
        <float_array id="mixamorig_RightHandThumb1-Matrix-animation-output-transform-array" count="368">

0.708841 0.640911 -0.294580 1.539600 -0.687720 0.720787 -0.086642 3.801100 0.156800 0.264005 0.951691 1.972600 0.000000 0.000000 0.000000 1.000000
0.710497 0.638837 -0.295095 1.539600 -0.686003 0.722241 -0.088137 3.801100 0.156825 0.265057 0.951394 1.972600 0.000000 0.000000 0.000000 1.000000
0.715462 0.633123 -0.295416 1.539600 -0.681300 0.725906 -0.094296 3.801100 0.154743 0.268732 0.950704 1.972600 0.000000 0.000000 0.000000 1.000000
0.722149 0.625693 -0.294975 1.539600 -0.675147 0.730366 -0.103643 3.801100 0.150591 0.273997 0.949867 1.972600 0.000000 0.000000 0.000000 1.000000
0.728742 0.618960 -0.292956 1.539600 -0.669489 0.733897 -0.114804 3.801100 0.143940 0.279793 0.949209 1.972600 0.000000 0.000000 0.000000 1.000000
0.733440 0.615401 -0.288699 1.539600 -0.666343 0.734852 -0.126409 3.801100 0.134359 0.285086 0.949038 1.972600 0.000000 0.000000 0.000000 1.000000
0.734380 0.617502 -0.281740 1.539600 -0.667782 0.731620 -0.137108 3.801100 0.121462 0.288830 0.949644 1.972600 0.000000 0.000000 0.000000 1.000000
0.729942 0.627725 -0.270457 1.539600 -0.675797 0.722076 -0.148001 3.801100 0.102386 0.290807 0.951288 1.972600 0.000000 0.000000 0.000000 1.000000
0.720342 0.645407 -0.254081 1.539600 -0.689582 0.705836 -0.162088 3.801100 0.074727 0.291969 0.953504 1.972600 0.000000 0.000000 0.000000 1.000000
0.706579 0.667414 -0.235171 1.539600 -0.706393 0.684921 -0.178580 3.801100 0.041887 0.292304 0.955408 1.972600 0.000000 0.000000 0.000000 1.000000
0.690054 0.690714 -0.216194 1.539600 -0.723718 0.661635 -0.196142 3.801100 0.007563 0.291812 0.956446 1.972600 0.000000 0.000000 0.000000 1.000000
0.672723 0.712554 -0.199275 1.539600 -0.739490 0.638606 -0.212922 3.801100 -0.024460 0.290599 0.956532 1.972600 0.000000 0.000000 0.000000 1.000000
0.657150 0.730392 -0.186230 1.539600 -0.752089 0.618922 -0.226490 3.801100 -0.050165 0.288899 0.956044 1.972600 0.000000 0.000000 0.000000 1.000000
0.645839 0.742391 -0.178180 1.539600 -0.760589 0.605363 -0.234606 3.801100 -0.066306 0.287039 0.955621 1.972600 0.000000 0.000000 0.000000 1.000000
0.641847 0.746179 -0.176776 1.539600 -0.763777 0.601511 -0.234156 3.801100 -0.068390 0.285310 0.955992 1.972600 0.000000 0.000000 0.000000 1.000000
0.645389 0.741676 -0.182731 1.539600 -0.761922 0.608062 -0.223014 3.801100 -0.054292 0.283157 0.957535 1.972600 0.000000 0.000000 0.000000 1.000000
0.654297 0.730685 -0.194922 1.539600 -0.755743 0.622457 -0.203469 3.801100 -0.027341 0.280441 0.959482 1.972600 0.000000 0.000000 0.000000 1.000000
0.666213 0.715007 -0.211957 1.539600 -0.745718 0.641773 -0.178976 3.801100 0.008059 0.277296 0.960751 1.972600 0.000000 0.000000 0.000000 1.000000
0.678913 0.696550 -0.232153 1.539600 -0.732683 0.663176 -0.152886 3.801100 0.047465 0.273890 0.960589 1.972600 0.000000 0.000000 0.000000 1.000000
0.690571 0.677444 -0.253339 1.539600 -0.718083 0.684040 -0.128241 3.801100 0.086418 0.270478 0.958840 1.972600 0.000000 0.000000 0.000000 1.000000
0.699913 0.660056 -0.272852 1.539600 -0.703988 0.702011 -0.107618 3.801100 0.120511 0.267408 0.956018 1.972600 0.000000 0.000000 0.000000 1.000000
0.706185 0.646950 -0.287676 1.539600 -0.692930 0.714966 -0.093124 3.801100 0.145432 0.265102 0.953190 1.972600 0.000000 0.000000 0.000000 1.000000
0.708840 0.640911 -0.294581 1.539600 -0.687720 0.720787 -0.086643 3.801100 0.156799 0.264005 0.951691 1.972600 0.000000 0.000000 0.000000 1.000000</float_array>
        <technique_common>
          <accessor source="#mixamorig_RightHandThumb1-Matrix-animation-output-transform-array" count="23" stride="16">
            <param type="float4x4"/>
          </accessor>
        </technique_common>
      </source>
      <source id="mixamorig_RightHandThumb1-Interpolations">
        <Name_array id="mixamorig_RightHandThumb1-Interpolations-array" count="23">
 LINEAR LINEAR LINEAR LINEAR LINEAR LINEAR LINEAR LINEAR LINEAR LINEAR LINEAR
LINEAR LINEAR LINEAR LINEAR LINEAR LINEAR LINEAR LINEAR LINEAR LINEAR LINEAR LINEAR</Name_array>
        <technique_common>
          <accessor source="#mixamorig_RightHandThumb1-Interpolations-array" count="23">
            <param type="name"/>
          </accessor>
        </technique_common>
      </source>
      <sampler id="mixamorig_RightHandThumb1-Matrix-animation-transform">
        <input semantic="INPUT" source="#mixamorig_RightHandThumb1-Matrix-animation-input"/>
        <input semantic="OUTPUT" source="#mixamorig_RightHandThumb1-Matrix-animation-output-transform"/>
        <input semantic="INTERPOLATION" source="#mixamorig_RightHandThumb1-Interpolations"/>
      </sampler>
      <channel source="#mixamorig_RightHandThumb1-Matrix-animation-transform" target="mixamorig_RightHandThumb1/matrix"/>
    </animation>
    <animation id="mixamorig_RightHandThumb2-anim" name="mixamorig_RightHandThumb2">
      <source id="mixamorig_RightHandThumb2-Matrix-animation-input">
        <float_array id="mixamorig_RightHandThumb2-Matrix-animation-input-array" count="23">

0.000000 0.033333 0.066667 0.100000 0.133333 0.166667 0.200000 0.233333 0.266667 0.300000 0.333333 0.366667 0.400000 0.433333 0.466667 0.500000
0.533333 0.566667 0.600000 0.633333 0.666667 0.700000 0.733333</float_array>
        <technique_common>
          <accessor source="#mixamorig_RightHandThumb2-Matrix-animation-input-array" count="23">
            <param name="TIME" type="float"/>
          </accessor>
        </technique_common>
      </source>
      <source id="mixamorig_RightHandThumb2-Matrix-animation-output-transform">
        <float_array id="mixamorig_RightHandThumb2-Matrix-animation-output-transform-array" count="368">

0.971742 -0.194577 0.133628 0.267800 0.204582 0.976648 -0.065612 4.847300 -0.117741 0.091096 0.988857 -0.000000 0.000000 0.000000 0.000000 1.000000
0.971877 -0.193907 0.133621 0.267800 0.203912 0.976786 -0.065648 4.847300 -0.117789 0.091048 0.988856 0.000000 0.000000 0.000000 0.000000 1.000000
0.971858 -0.194074 0.133517 0.267800 0.204049 0.976769 -0.065474 4.847300 -0.117709 0.090875 0.988881 0.000000 0.000000 0.000000 0.000000 1.000000
0.971358 -0.196721 0.133286 0.267800 0.206625 0.976263 -0.064934 4.847300 -0.117348 0.090614 0.988948 0.000000 0.000000 0.000000 0.000000 1.000000
0.969924 -0.203939 0.132876 0.267800 0.213709 0.974811 -0.063818 4.847300 -0.116514 0.090295 0.989076 0.000000 0.000000 0.000000 0.000000 1.000000
0.966898 -0.218246 0.132201 0.267800 0.227798 0.971741 -0.061867 4.847300 -0.114963 0.089934 0.989290 0.000000 0.000000 0.000000 0.000000 1.000000
0.964347 -0.229535 0.131714 0.267800 0.238932 0.969155 -0.060421 4.847300 -0.113782 0.089738 0.989445 -0.000000 0.000000 0.000000 0.000000 1.000000
0.960473 -0.245562 0.131112 0.267800 0.254769 0.965228 -0.058541 4.847300 -0.112178 0.089630 0.989638 0.000000 0.000000 0.000000 0.000000 1.000000
0.954202 -0.269339 0.130213 0.267800 0.278276 0.958878 -0.055816 4.847300 -0.109825 0.089495 0.989914 -0.000000 0.000000 0.000000 0.000000 1.000000
0.945924 -0.297599 0.129083 0.267800 0.306219 0.950506 -0.052609 4.847300 -0.107038 0.089292 0.990237 -0.000000 0.000000 0.000000 0.000000 1.000000
0.936351 -0.326967 0.127825 0.267800 0.335262 0.940835 -0.049292 4.847300 -0.104146 0.089010 0.990571 -0.000000 0.000000 0.000000 0.000000 1.000000
0.926570 -0.354182 0.126583 0.267800 0.362177 0.930962 -0.046229 4.847300 -0.101470 0.088680 0.990878 0.000000 0.000000 0.000000 0.000000 1.000000
0.918093 -0.375958 0.125539 0.267800 0.383715 0.922413 -0.043793 4.847300 -0.099334 0.088377 0.991122 -0.000000 0.000000 0.000000 0.000000 1.000000
0.912414 -0.389755 0.124868 0.267800 0.397365 0.916687 -0.042267 4.847300 -0.097991 0.088183 0.991273 0.000000 0.000000 0.000000 0.000000 1.000000
0.911344 -0.392278 0.124783 0.267800 0.399868 0.915608 -0.042031 4.847300 -0.097765 0.088201 0.991293 0.000000 0.000000 0.000000 0.000000 1.000000
0.917814 -0.376569 0.125750 0.267800 0.384365 0.922133 -0.043971 4.847300 -0.099400 0.088691 0.991087 0.000000 0.000000 0.000000 0.000000 1.000000
0.927665 -0.351095 0.127164 0.267800 0.359212 0.932069 -0.047050 4.847300 -0.102006 0.089325 0.990765 -0.000000 0.000000 0.000000 0.000000 1.000000
0.938642 -0.319968 0.128729 0.267800 0.328468 0.943150 -0.050772 4.847300 -0.105165 0.089940 0.990379 0.000000 0.000000 0.000000 0.000000 1.000000
0.949234 -0.286339 0.130251 0.267800 0.295247 0.953850 -0.054771 4.847300 -0.108557 0.090446 0.989967 0.000000 0.000000 0.000000 0.000000 1.000000
0.958341 -0.253513 0.131584 0.267800 0.262816 0.963061 -0.058659 4.847300 -0.111853 0.090797 0.989568 0.000000 0.000000 0.000000 0.000000 1.000000
0.965308 -0.224919 0.132631 0.267800 0.234563 0.970119 -0.062035 4.847300 -0.114715 0.090993 0.989222 -0.000000 0.000000 0.000000 0.000000 1.000000
0.969838 -0.204054 0.133328 0.267800 0.213946 0.974714 -0.064495 4.847300 -0.116796 0.091075 0.988971 0.000000 0.000000 0.000000 0.000000 1.000000
0.971742 -0.194578 0.133628 0.267800 0.204582 0.976648 -0.065612 4.847300 -0.117741 0.091096 0.988857 -0.000000 0.000000 0.000000 0.000000 1.000000</float_array>
        <technique_common>
          <accessor source="#mixamorig_RightHandThumb2-Matrix-animation-output-transform-array" count="23" stride="16">
            <param type="float4x4"/>
          </accessor>
        </technique_common>
      </source>
      <source id="mixamorig_RightHandThumb2-Interpolations">
        <Name_array id="mixamorig_RightHandThumb2-Interpolations-array" count="23">
 LINEAR LINEAR LINEAR LINEAR LINEAR LINEAR LINEAR LINEAR LINEAR LINEAR LINEAR
LINEAR LINEAR LINEAR LINEAR LINEAR LINEAR LINEAR LINEAR LINEAR LINEAR LINEAR LINEAR</Name_array>
        <technique_common>
          <accessor source="#mixamorig_RightHandThumb2-Interpolations-array" count="23">
            <param type="name"/>
          </accessor>
        </technique_common>
      </source>
      <sampler id="mixamorig_RightHandThumb2-Matrix-animation-transform">
        <input semantic="INPUT" source="#mixamorig_RightHandThumb2-Matrix-animation-input"/>
        <input semantic="OUTPUT" source="#mixamorig_RightHandThumb2-Matrix-animation-output-transform"/>
        <input semantic="INTERPOLATION" source="#mixamorig_RightHandThumb2-Interpolations"/>
      </sampler>
      <channel source="#mixamorig_RightHandThumb2-Matrix-animation-transform" target="mixamorig_RightHandThumb2/matrix"/>
    </animation>
    <animation id="mixamorig_RightHandThumb3-anim" name="mixamorig_RightHandThumb3">
      <source id="mixamorig_RightHandThumb3-Matrix-animation-input">
        <float_array id="mixamorig_RightHandThumb3-Matrix-animation-input-array" count="23">

0.000000 0.033333 0.066667 0.100000 0.133333 0.166667 0.200000 0.233333 0.266667 0.300000 0.333333 0.366667 0.400000 0.433333 0.466667 0.500000
0.533333 0.566667 0.600000 0.633333 0.666667 0.700000 0.733333</float_array>
        <technique_common>
          <accessor source="#mixamorig_RightHandThumb3-Matrix-animation-input-array" count="23">
            <param name="TIME" type="float"/>
          </accessor>
        </technique_common>
      </source>
      <source id="mixamorig_RightHandThumb3-Matrix-animation-output-transform">
        <float_array id="mixamorig_RightHandThumb3-Matrix-animation-output-transform-array" count="368">

0.967314 -0.251916 -0.029032 -0.081100 0.253323 0.965150 0.065675 4.705100 0.011476 -0.070883 0.997419 -0.000000 0.000000 0.000000 0.000000 1.000000
0.971287 -0.236245 -0.028105 -0.081100 0.237597 0.969278 0.063617 4.705100 0.012213 -0.068468 0.997579 0.000000 0.000000 0.000000 0.000000 1.000000
0.981191 -0.191339 -0.025575 -0.081100 0.192527 0.979612 0.057390 4.705100 0.014072 -0.061235 0.998024 0.000000 0.000000 0.000000 0.000000 1.000000
0.991262 -0.129960 -0.022589 -0.081100 0.130928 0.990200 0.048600 4.705100 0.016051 -0.051133 0.998563 0.000000 0.000000 0.000000 0.000000 1.000000
0.997434 -0.068691 -0.020156 -0.081100 0.069443 0.996809 0.039356 4.705100 0.017388 -0.040654 0.999022 0.000000 0.000000 0.000000 0.000000 1.000000
0.999521 -0.024640 -0.018738 -0.081100 0.025231 0.999171 0.031949 4.705100 0.017935 -0.032407 0.999314 0.000000 0.000000 0.000000 0.000000 1.000000
0.999710 -0.015552 -0.018377 -0.081100 0.016078 0.999455 0.028831 4.705100 0.017919 -0.029118 0.999415 0.000000 0.000000 0.000000 0.000000 1.000000
0.999130 -0.037316 -0.018626 -0.081100 0.037846 0.998862 0.029017 4.705100 0.017522 -0.029697 0.999405 0.000000 0.000000 0.000000 0.000000 1.000000
0.996604 -0.080093 -0.019145 -0.081100 0.080657 0.996265 0.030818 4.705100 0.016606 -0.032257 0.999342 -0.000000 0.000000 0.000000 0.000000 1.000000
0.990377 -0.136972 -0.019802 -0.081100 0.137584 0.989912 0.033835 4.705100 0.014968 -0.036234 0.999231 -0.000000 0.000000 0.000000 0.000000 1.000000
0.979569 -0.200059 -0.020506 -0.081100 0.200715 0.978928 0.037595 4.705100 0.012553 -0.040943 0.999083 0.000000 0.000000 0.000000 0.000000 1.000000
0.964956 -0.261551 -0.021213 -0.081100 0.262236 0.964106 0.041623 4.705100 0.009565 -0.045727 0.998908 -0.000000 0.000000 0.000000 0.000000 1.000000
0.949252 -0.313752 -0.021899 -0.081100 0.314448 0.948188 0.045405 4.705100 0.006519 -0.049987 0.998729 -0.000000 0.000000 0.000000 0.000000 1.000000
0.936079 -0.351067 -0.022552 -0.081100 0.351767 0.934830 0.048512 4.705100 0.004051 -0.053344 0.998568 0.000000 0.000000 0.000000 0.000000 1.000000
0.932915 -0.359376 -0.022783 -0.081100 0.360081 0.931613 0.049390 4.705100 0.003475 -0.054280 0.998520 0.000000 0.000000 0.000000 0.000000 1.000000
0.933646 -0.357423 -0.023533 -0.081100 0.358178 0.932260 0.050989 4.705100 0.003714 -0.056035 0.998422 0.000000 0.000000 0.000000 0.000000 1.000000
0.936721 -0.349201 -0.024733 -0.081100 0.350047 0.935206 0.053449 4.705100 0.004467 -0.058724 0.998264 0.000000 0.000000 0.000000 0.000000 1.000000
0.941435 -0.336182 -0.026122 -0.081100 0.337149 0.939759 0.056419 4.705100 0.005581 -0.061922 0.998065 0.000000 0.000000 0.000000 0.000000 1.000000
0.947073 -0.319842 -0.027450 -0.081100 0.320943 0.945225 0.059545 4.705100 0.006901 -0.065204 0.997848 0.000000 0.000000 0.000000 0.000000 1.000000
0.952982 -0.301683 -0.028516 -0.081100 0.302915 0.950969 0.062449 4.705100 0.008278 -0.068150 0.997641 0.000000 0.000000 0.000000 0.000000 1.000000
0.958602 -0.283250 -0.029181 -0.081100 0.284588 0.956462 0.064728 4.705100 0.009577 -0.070353 0.997476 0.000000 0.000000 0.000000 0.000000 1.000000
0.963493 -0.266118 -0.029366 -0.081100 0.267520 0.961292 0.065956 4.705100 0.010677 -0.071404 0.997390 0.000000 0.000000 0.000000 0.000000 1.000000
0.967314 -0.251916 -0.029032 -0.081100 0.253323 0.965150 0.065675 4.705100 0.011476 -0.070883 0.997419 0.000000 0.000000 0.000000 0.000000 1.000000</float_array>
        <technique_common>
          <accessor source="#mixamorig_RightHandThumb3-Matrix-animation-output-transform-array" count="23" stride="16">
            <param type="float4x4"/>
          </accessor>
        </technique_common>
      </source>
      <source id="mixamorig_RightHandThumb3-Interpolations">
        <Name_array id="mixamorig_RightHandThumb3-Interpolations-array" count="23">
 LINEAR LINEAR LINEAR LINEAR LINEAR LINEAR LINEAR LINEAR LINEAR LINEAR LINEAR
LINEAR LINEAR LINEAR LINEAR LINEAR LINEAR LINEAR LINEAR LINEAR LINEAR LINEAR LINEAR</Name_array>
        <technique_common>
          <accessor source="#mixamorig_RightHandThumb3-Interpolations-array" count="23">
            <param type="name"/>
          </accessor>
        </technique_common>
      </source>
      <sampler id="mixamorig_RightHandThumb3-Matrix-animation-transform">
        <input semantic="INPUT" source="#mixamorig_RightHandThumb3-Matrix-animation-input"/>
        <input semantic="OUTPUT" source="#mixamorig_RightHandThumb3-Matrix-animation-output-transform"/>
        <input semantic="INTERPOLATION" source="#mixamorig_RightHandThumb3-Interpolations"/>
      </sampler>
      <channel source="#mixamorig_RightHandThumb3-Matrix-animation-transform" target="mixamorig_RightHandThumb3/matrix"/>
    </animation>
    <animation id="mixamorig_RightHandIndex1-anim" name="mixamorig_RightHandIndex1">
      <source id="mixamorig_RightHandIndex1-Matrix-animation-input">
        <float_array id="mixamorig_RightHandIndex1-Matrix-animation-input-array" count="23">

0.000000 0.033333 0.066667 0.100000 0.133333 0.166667 0.200000 0.233333 0.266667 0.300000 0.333333 0.366667 0.400000 0.433333 0.466667 0.500000
0.533333 0.566667 0.600000 0.633333 0.666667 0.700000 0.733333</float_array>
        <technique_common>
          <accessor source="#mixamorig_RightHandIndex1-Matrix-animation-input-array" count="23">
            <param name="TIME" type="float"/>
          </accessor>
        </technique_common>
      </source>
      <source id="mixamorig_RightHandIndex1-Matrix-animation-output-transform">
        <float_array id="mixamorig_RightHandIndex1-Matrix-animation-output-transform-array" count="368">

0.893815 0.372218 -0.250098 5.382800 -0.305344 0.913614 0.268467 13.307100 0.328421 -0.163594 0.930256 -0.085200 0.000000 0.000000 0.000000 1.000000
0.893817 0.372181 -0.250146 5.382800 -0.305399 0.913680 0.268179 13.307100 0.328364 -0.163309 0.930326 -0.085200 0.000000 0.000000 0.000000 1.000000
0.893825 0.372019 -0.250357 5.382800 -0.305641 0.913969 0.266916 13.307100 0.328116 -0.162057 0.930633 -0.085200 0.000000 0.000000 0.000000 1.000000
0.893839 0.371768 -0.250680 5.382800 -0.306013 0.914411 0.264970 13.307100 0.327732 -0.160129 0.931102 -0.085200 0.000000 0.000000 0.000000 1.000000
0.893857 0.371431 -0.251114 5.382800 -0.306509 0.914996 0.262363 13.307100 0.327218 -0.157547 0.931723 -0.085200 0.000000 0.000000 0.000000 1.000000
0.893878 0.371056 -0.251593 5.382800 -0.307058 0.915637 0.259469 13.307100 0.326645 -0.154680 0.932404 -0.085200 0.000000 0.000000 0.000000 1.000000
0.893902 0.370645 -0.252114 5.382800 -0.307652 0.916326 0.256313 13.307100 0.326020 -0.151555 0.933136 -0.085200 0.000000 0.000000 0.000000 1.000000
0.893931 0.370157 -0.252728 5.382800 -0.308353 0.917126 0.252583 13.307100 0.325279 -0.147862 0.933986 -0.085200 0.000000 0.000000 0.000000 1.000000
0.893962 0.369636 -0.253380 5.382800 -0.309098 0.917963 0.248601 13.307100 0.324485 -0.143921 0.934878 -0.085200 0.000000 0.000000 0.000000 1.000000
0.893997 0.369076 -0.254073 5.382800 -0.309887 0.918838 0.244350 13.307100 0.323636 -0.139714 0.935810 -0.085200 0.000000 0.000000 0.000000 1.000000
0.894023 0.368644 -0.254605 5.382800 -0.310492 0.919497 0.241079 13.307100 0.322981 -0.136477 0.936513 -0.085200 0.000000 0.000000 0.000000 1.000000
0.894028 0.368574 -0.254691 5.382800 -0.310591 0.919604 0.240544 13.307100 0.322873 -0.135948 0.936628 -0.085200 0.000000 0.000000 0.000000 1.000000
0.894027 0.368582 -0.254681 5.382800 -0.310579 0.919591 0.240609 13.307100 0.322886 -0.136012 0.936614 -0.085200 0.000000 0.000000 0.000000 1.000000
0.894023 0.368648 -0.254600 5.382800 -0.310487 0.919491 0.241109 13.307100 0.322986 -0.136507 0.936507 -0.085200 0.000000 0.000000 0.000000 1.000000
0.894015 0.368780 -0.254438 5.382800 -0.310303 0.919292 0.242105 13.307100 0.323186 -0.137493 0.936294 -0.085200 0.000000 0.000000 0.000000 1.000000
0.894002 0.368981 -0.254191 5.382800 -0.310021 0.918984 0.243629 13.307100 0.323491 -0.139000 0.935966 -0.085200 0.000000 0.000000 0.000000 1.000000
0.893985 0.369256 -0.253851 5.382800 -0.309634 0.918559 0.245716 13.307100 0.323909 -0.141066 0.935512 -0.085200 0.000000 0.000000 0.000000 1.000000
0.893964 0.369601 -0.253423 5.382800 -0.309146 0.918018 0.248338 13.307100 0.324433 -0.143660 0.934936 -0.085200 0.000000 0.000000 0.000000 1.000000
0.893926 0.370235 -0.252630 5.382800 -0.308242 0.917000 0.253175 13.307100 0.325396 -0.148448 0.933852 -0.085200 0.000000 0.000000 0.000000 1.000000
0.893886 0.370925 -0.251759 5.382800 -0.307247 0.915858 0.258463 13.307100 0.326446 -0.153685 0.932638 -0.085200 0.000000 0.000000 0.000000 1.000000
0.893851 0.371543 -0.250968 5.382800 -0.306342 0.914801 0.263237 13.307100 0.327390 -0.158412 0.931516 -0.085200 0.000000 0.000000 0.000000 1.000000
0.893826 0.372005 -0.250374 5.382800 -0.305663 0.913994 0.266806 13.307100 0.328094 -0.161948 0.930660 -0.085200 0.000000 0.000000 0.000000 1.000000
0.893815 0.372219 -0.250098 5.382800 -0.305344 0.913614 0.268468 13.307100 0.328421 -0.163594 0.930256 -0.085200 0.000000 0.000000 0.000000 1.000000</float_array>
        <technique_common>
          <accessor source="#mixamorig_RightHandIndex1-Matrix-animation-output-transform-array" count="23" stride="16">
            <param type="float4x4"/>
          </accessor>
        </technique_common>
      </source>
      <source id="mixamorig_RightHandIndex1-Interpolations">
        <Name_array id="mixamorig_RightHandIndex1-Interpolations-array" count="23">
 LINEAR LINEAR LINEAR LINEAR LINEAR LINEAR LINEAR LINEAR LINEAR LINEAR LINEAR
LINEAR LINEAR LINEAR LINEAR LINEAR LINEAR LINEAR LINEAR LINEAR LINEAR LINEAR LINEAR</Name_array>
        <technique_common>
          <accessor source="#mixamorig_RightHandIndex1-Interpolations-array" count="23">
            <param type="name"/>
          </accessor>
        </technique_common>
      </source>
      <sampler id="mixamorig_RightHandIndex1-Matrix-animation-transform">
        <input semantic="INPUT" source="#mixamorig_RightHandIndex1-Matrix-animation-input"/>
        <input semantic="OUTPUT" source="#mixamorig_RightHandIndex1-Matrix-animation-output-transform"/>
        <input semantic="INTERPOLATION" source="#mixamorig_RightHandIndex1-Interpolations"/>
      </sampler>
      <channel source="#mixamorig_RightHandIndex1-Matrix-animation-transform" target="mixamorig_RightHandIndex1/matrix"/>
    </animation>
    <animation id="mixamorig_RightHandIndex2-anim" name="mixamorig_RightHandIndex2">
      <source id="mixamorig_RightHandIndex2-Matrix-animation-input">
        <float_array id="mixamorig_RightHandIndex2-Matrix-animation-input-array" count="23">

0.000000 0.033333 0.066667 0.100000 0.133333 0.166667 0.200000 0.233333 0.266667 0.300000 0.333333 0.366667 0.400000 0.433333 0.466667 0.500000
0.533333 0.566667 0.600000 0.633333 0.666667 0.700000 0.733333</float_array>
        <technique_common>
          <accessor source="#mixamorig_RightHandIndex2-Matrix-animation-input-array" count="23">
            <param name="TIME" type="float"/>
          </accessor>
        </technique_common>
      </source>
      <source id="mixamorig_RightHandIndex2-Matrix-animation-output-transform">
        <float_array id="mixamorig_RightHandIndex2-Matrix-animation-output-transform-array" count="368">

0.999980 -0.004991 0.003863 -0.001700 0.005946 0.950219 -0.311525 3.921400 -0.002116 0.311542 0.950230 0.000000 0.000000 0.000000 0.000000 1.000000
0.999980 -0.004991 0.003870 -0.001700 0.005952 0.949655 -0.313241 3.921400 -0.002112 0.313257 0.949666 -0.000000 0.000000 0.000000 0.000000 1.000000
0.999980 -0.004985 0.003936 -0.001700 0.005998 0.945040 -0.326900 3.921400 -0.002090 0.326917 0.945051 -0.000000 0.000000 0.000000 0.000000 1.000000
0.999979 -0.004974 0.004042 -0.001700 0.006071 0.937186 -0.348777 3.921400 -0.002053 0.348794 0.937197 -0.000000 0.000000 0.000000 0.000000 1.000000
0.999979 -0.004947 0.004226 -0.001700 0.006196 0.922271 -0.386494 3.921400 -0.001985 0.386512 0.922282 0.000000 0.000000 0.000000 0.000000 1.000000
0.999978 -0.004905 0.004449 -0.001700 0.006346 0.901849 -0.432004 3.921400 -0.001893 0.432023 0.901861 -0.000000 0.000000 0.000000 0.000000 1.000000
0.999977 -0.004847 0.004688 -0.001700 0.006502 0.877352 -0.479803 3.921400 -0.001787 0.479823 0.877364 -0.000000 0.000000 0.000000 0.000000 1.000000
0.999976 -0.004778 0.004916 -0.001700 0.006647 0.851177 -0.524837 3.921400 -0.001677 0.524857 0.851189 0.000000 0.000000 0.000000 0.000000 1.000000
0.999975 -0.004638 0.005288 -0.001700 0.006878 0.802425 -0.596714 3.921400 -0.001475 0.596735 0.802437 0.000000 0.000000 0.000000 0.000000 1.000000
0.999974 -0.004394 0.005776 -0.001700 0.007163 0.725486 -0.688200 3.921400 -0.001166 0.688223 0.725498 0.000000 0.000000 0.000000 0.000000 1.000000
0.999972 -0.004121 0.006195 -0.001700 0.007391 0.645860 -0.763420 3.921400 -0.000855 0.763445 0.645872 0.000000 0.000000 0.000000 0.000000 1.000000
0.999972 -0.003963 0.006398 -0.001700 0.007495 0.602057 -0.798418 3.921400 -0.000688 0.798444 0.602069 0.000000 0.000000 0.000000 0.000000 1.000000
0.999971 -0.003893 0.006483 -0.001700 0.007537 0.582603 -0.812722 3.921400 -0.000613 0.812748 0.582615 0.000000 0.000000 0.000000 0.000000 1.000000
0.999971 -0.003848 0.006530 -0.001700 0.007559 0.570959 -0.820944 3.921400 -0.000569 0.820969 0.570972 -0.000000 0.000000 0.000000 0.000000 1.000000
0.999971 -0.003850 0.006530 -0.001700 0.007559 0.571170 -0.820797 3.921400 -0.000570 0.820823 0.571182 0.000000 0.000000 0.000000 0.000000 1.000000
0.999971 -0.003899 0.006475 -0.001700 0.007532 0.584387 -0.811440 3.921400 -0.000620 0.811466 0.584399 0.000000 0.000000 0.000000 0.000000 1.000000
0.999972 -0.003997 0.006356 -0.001700 0.007473 0.611476 -0.791228 3.921400 -0.000724 0.791253 0.611489 0.000000 0.000000 0.000000 0.000000 1.000000
0.999972 -0.004138 0.006171 -0.001700 0.007378 0.651033 -0.759013 3.921400 -0.000876 0.759038 0.651046 0.000000 0.000000 0.000000 0.000000 1.000000
0.999974 -0.004436 0.005702 -0.001700 0.007121 0.738143 -0.674607 3.921400 -0.001217 0.674630 0.738155 -0.000000 0.000000 0.000000 0.000000 1.000000
0.999976 -0.004708 0.005114 -0.001700 0.006771 0.826168 -0.563383 3.921400 -0.001572 0.563404 0.826180 0.000000 0.000000 0.000000 0.000000 1.000000
0.999978 -0.004886 0.004534 -0.001700 0.006402 0.893390 -0.449236 3.921400 -0.001856 0.449255 0.893401 0.000000 0.000000 0.000000 0.000000 1.000000
0.999979 -0.004969 0.004079 -0.001700 0.006097 0.934270 -0.356515 3.921400 -0.002040 0.356532 0.934281 -0.000000 0.000000 0.000000 0.000000 1.000000
0.999980 -0.004991 0.003862 -0.001700 0.005946 0.950219 -0.311525 3.921400 -0.002115 0.311542 0.950230 0.000000 0.000000 0.000000 0.000000 1.000000</float_array>
        <technique_common>
          <accessor source="#mixamorig_RightHandIndex2-Matrix-animation-output-transform-array" count="23" stride="16">
            <param type="float4x4"/>
          </accessor>
        </technique_common>
      </source>
      <source id="mixamorig_RightHandIndex2-Interpolations">
        <Name_array id="mixamorig_RightHandIndex2-Interpolations-array" count="23">
 LINEAR LINEAR LINEAR LINEAR LINEAR LINEAR LINEAR LINEAR LINEAR LINEAR LINEAR
LINEAR LINEAR LINEAR LINEAR LINEAR LINEAR LINEAR LINEAR LINEAR LINEAR LINEAR LINEAR</Name_array>
        <technique_common>
          <accessor source="#mixamorig_RightHandIndex2-Interpolations-array" count="23">
            <param type="name"/>
          </accessor>
        </technique_common>
      </source>
      <sampler id="mixamorig_RightHandIndex2-Matrix-animation-transform">
        <input semantic="INPUT" source="#mixamorig_RightHandIndex2-Matrix-animation-input"/>
        <input semantic="OUTPUT" source="#mixamorig_RightHandIndex2-Matrix-animation-output-transform"/>
        <input semantic="INTERPOLATION" source="#mixamorig_RightHandIndex2-Interpolations"/>
      </sampler>
      <channel source="#mixamorig_RightHandIndex2-Matrix-animation-transform" target="mixamorig_RightHandIndex2/matrix"/>
    </animation>
    <animation id="mixamorig_RightHandIndex3-anim" name="mixamorig_RightHandIndex3">
      <source id="mixamorig_RightHandIndex3-Matrix-animation-input">
        <float_array id="mixamorig_RightHandIndex3-Matrix-animation-input-array" count="23">

0.000000 0.033333 0.066667 0.100000 0.133333 0.166667 0.200000 0.233333 0.266667 0.300000 0.333333 0.366667 0.400000 0.433333 0.466667 0.500000
0.533333 0.566667 0.600000 0.633333 0.666667 0.700000 0.733333</float_array>
        <technique_common>
          <accessor source="#mixamorig_RightHandIndex3-Matrix-animation-input-array" count="23">
            <param name="TIME" type="float"/>
          </accessor>
        </technique_common>
      </source>
      <source id="mixamorig_RightHandIndex3-Matrix-animation-output-transform">
        <float_array id="mixamorig_RightHandIndex3-Matrix-animation-output-transform-array" count="368">

0.999985 -0.004384 0.003422 -0.000300 0.005381 0.918098 -0.396316 3.178700 -0.001404 0.396328 0.918108 0.000000 0.000000 0.000000 0.000000 1.000000
0.999985 -0.004384 0.003424 -0.000300 0.005383 0.917839 -0.396916 3.178700 -0.001403 0.396928 0.917849 -0.000000 0.000000 0.000000 0.000000 1.000000
0.999984 -0.004381 0.003452 -0.000300 0.005403 0.914410 -0.404754 3.178700 -0.001384 0.404766 0.914419 0.000000 0.000000 0.000000 0.000000 1.000000
0.999984 -0.004376 0.003497 -0.000300 0.005436 0.908688 -0.417440 3.178700 -0.001351 0.417453 0.908698 0.000000 0.000000 0.000000 0.000000 1.000000
0.999984 -0.004365 0.003577 -0.000300 0.005494 0.897972 -0.440018 3.178700 -0.001291 0.440031 0.897982 -0.000000 0.000000 0.000000 0.000000 1.000000
0.999984 -0.004350 0.003677 -0.000300 0.005564 0.883900 -0.467642 3.178700 -0.001215 0.467655 0.883910 -0.000000 0.000000 0.000000 0.000000 1.000000
0.999983 -0.004330 0.003784 -0.000300 0.005638 0.867755 -0.496960 3.178700 -0.001132 0.496973 0.867765 0.000000 0.000000 0.000000 0.000000 1.000000
0.999983 -0.004306 0.003888 -0.000300 0.005706 0.850957 -0.525204 3.178700 -0.001047 0.525217 0.850968 0.000000 0.000000 0.000000 0.000000 1.000000
0.999983 -0.004271 0.004020 -0.000300 0.005790 0.828023 -0.560664 3.178700 -0.000934 0.560678 0.828034 -0.000000 0.000000 0.000000 0.000000 1.000000
0.999982 -0.004219 0.004181 -0.000300 0.005887 0.797755 -0.602953 3.178700 -0.000792 0.602967 0.797766 0.000000 0.000000 0.000000 0.000000 1.000000
0.999982 -0.004154 0.004353 -0.000300 0.005984 0.762479 -0.646985 3.178700 -0.000631 0.646999 0.762491 0.000000 0.000000 0.000000 0.000000 1.000000
0.999981 -0.004081 0.004520 -0.000300 0.006072 0.724919 -0.688807 3.178700 -0.000465 0.688822 0.724930 0.000000 0.000000 0.000000 0.000000 1.000000
0.999981 -0.004006 0.004668 -0.000300 0.006143 0.688710 -0.725011 3.178700 -0.000311 0.725026 0.688721 0.000000 0.000000 0.000000 0.000000 1.000000
0.999981 -0.003937 0.004787 -0.000300 0.006196 0.657552 -0.753384 3.178700 -0.000182 0.753399 0.657564 0.000000 0.000000 0.000000 0.000000 1.000000
0.999981 -0.003889 0.004867 -0.000300 0.006229 0.635560 -0.772026 3.178700 -0.000091 0.772041 0.635572 0.000000 0.000000 0.000000 0.000000 1.000000
0.999981 -0.003908 0.004836 -0.000300 0.006217 0.644218 -0.764817 3.178700 -0.000127 0.764832 0.644230 0.000000 0.000000 0.000000 0.000000 1.000000
0.999981 -0.003954 0.004760 -0.000300 0.006185 0.664828 -0.746971 3.178700 -0.000211 0.746986 0.664840 0.000000 0.000000 0.000000 0.000000 1.000000
0.999981 -0.004012 0.004656 -0.000300 0.006138 0.691893 -0.721974 3.178700 -0.000325 0.721988 0.691905 0.000000 0.000000 0.000000 0.000000 1.000000
0.999982 -0.004130 0.004413 -0.000300 0.006017 0.749357 -0.662138 3.178700 -0.000572 0.662153 0.749369 0.000000 0.000000 0.000000 0.000000 1.000000
0.999983 -0.004247 0.004100 -0.000300 0.005840 0.813236 -0.581905 3.178700 -0.000863 0.581919 0.813246 0.000000 0.000000 0.000000 0.000000 1.000000
0.999983 -0.004329 0.003789 -0.000300 0.005641 0.866850 -0.498537 3.178700 -0.001127 0.498550 0.866860 0.000000 0.000000 0.000000 0.000000 1.000000
0.999984 -0.004371 0.003541 -0.000300 0.005469 0.902828 -0.429968 3.178700 -0.001317 0.429981 0.902837 -0.000000 0.000000 0.000000 0.000000 1.000000
0.999985 -0.004384 0.003422 -0.000300 0.005381 0.918098 -0.396316 3.178700 -0.001405 0.396329 0.918108 -0.000000 0.000000 0.000000 0.000000 1.000000</float_array>
        <technique_common>
          <accessor source="#mixamorig_RightHandIndex3-Matrix-animation-output-transform-array" count="23" stride="16">
            <param type="float4x4"/>
          </accessor>
        </technique_common>
      </source>
      <source id="mixamorig_RightHandIndex3-Interpolations">
        <Name_array id="mixamorig_RightHandIndex3-Interpolations-array" count="23">
 LINEAR LINEAR LINEAR LINEAR LINEAR LINEAR LINEAR LINEAR LINEAR LINEAR LINEAR
LINEAR LINEAR LINEAR LINEAR LINEAR LINEAR LINEAR LINEAR LINEAR LINEAR LINEAR LINEAR</Name_array>
        <technique_common>
          <accessor source="#mixamorig_RightHandIndex3-Interpolations-array" count="23">
            <param type="name"/>
          </accessor>
        </technique_common>
      </source>
      <sampler id="mixamorig_RightHandIndex3-Matrix-animation-transform">
        <input semantic="INPUT" source="#mixamorig_RightHandIndex3-Matrix-animation-input"/>
        <input semantic="OUTPUT" source="#mixamorig_RightHandIndex3-Matrix-animation-output-transform"/>
        <input semantic="INTERPOLATION" source="#mixamorig_RightHandIndex3-Interpolations"/>
      </sampler>
      <channel source="#mixamorig_RightHandIndex3-Matrix-animation-transform" target="mixamorig_RightHandIndex3/matrix"/>
    </animation>
    <animation id="mixamorig_RightHandMiddle1-anim" name="mixamorig_RightHandMiddle1">
      <source id="mixamorig_RightHandMiddle1-Matrix-animation-input">
        <float_array id="mixamorig_RightHandMiddle1-Matrix-animation-input-array" count="23">

0.000000 0.033333 0.066667 0.100000 0.133333 0.166667 0.200000 0.233333 0.266667 0.300000 0.333333 0.366667 0.400000 0.433333 0.466667 0.500000
0.533333 0.566667 0.600000 0.633333 0.666667 0.700000 0.733333</float_array>
        <technique_common>
          <accessor source="#mixamorig_RightHandMiddle1-Matrix-animation-input-array" count="23">
            <param name="TIME" type="float"/>
          </accessor>
        </technique_common>
      </source>
      <source id="mixamorig_RightHandMiddle1-Matrix-animation-output-transform">
        <float_array id="mixamorig_RightHandMiddle1-Matrix-animation-output-transform-array" count="368">

0.985718 0.155089 -0.065627 1.695500 -0.148301 0.984069 0.098059 14.609200 0.079789 -0.086926 0.993014 0.049800 0.000000 0.000000 0.000000 1.000000
0.985813 0.154162 -0.066386 1.695500 -0.147791 0.984723 0.092074 14.609200 0.079567 -0.080957 0.993537 0.049800 0.000000 0.000000 0.000000 1.000000
0.986104 0.151256 -0.068708 1.695500 -0.146200 0.986522 0.073477 14.609200 0.078896 -0.062411 0.994927 0.049800 0.000000 0.000000 0.000000 1.000000
0.986505 0.147116 -0.071864 1.695500 -0.143952 0.988448 0.047409 14.609200 0.078009 -0.036424 0.996287 0.049800 0.000000 0.000000 0.000000 1.000000
0.986697 0.145079 -0.073355 1.695500 -0.142854 0.989134 0.034747 14.609200 0.077599 -0.023806 0.996700 0.049800 0.000000 0.000000 0.000000 1.000000
0.986737 0.144655 -0.073661 1.695500 -0.142626 0.989255 0.032135 14.609200 0.077518 -0.021203 0.996765 0.049800 0.000000 0.000000 0.000000 1.000000
0.986647 0.145612 -0.072969 1.695500 -0.143141 0.988970 0.038057 14.609200 0.077706 -0.027104 0.996608 0.049800 0.000000 0.000000 0.000000 1.000000
0.986287 0.149384 -0.070157 1.695500 -0.145182 0.987484 0.061627 14.609200 0.078485 -0.050596 0.995630 0.049800 0.000000 0.000000 0.000000 1.000000
0.985769 0.154592 -0.066036 1.695500 -0.148028 0.984424 0.094850 14.609200 0.079670 -0.083725 0.993299 0.049800 0.000000 0.000000 0.000000 1.000000
0.984989 0.161975 -0.059676 1.695500 -0.152125 0.977908 0.143363 14.609200 0.081579 -0.132133 0.987869 0.049800 0.000000 0.000000 0.000000 1.000000
0.984194 0.168968 -0.053025 1.695500 -0.156082 0.969091 0.191053 14.609200 0.083667 -0.179757 0.980146 0.049800 0.000000 0.000000 0.000000 1.000000
0.983964 0.170905 -0.051062 1.695500 -0.157193 0.966143 0.204593 14.609200 0.084299 -0.193285 0.977514 0.049800 0.000000 0.000000 0.000000 1.000000
0.983883 0.171576 -0.050368 1.695500 -0.157578 0.965066 0.209327 14.609200 0.084524 -0.198016 0.976548 0.049800 0.000000 0.000000 0.000000 1.000000
0.983894 0.171481 -0.050467 1.695500 -0.157524 0.965220 0.208657 14.609200 0.084493 -0.197346 0.976686 0.049800 0.000000 0.000000 0.000000 1.000000
0.983983 0.170747 -0.051223 1.695500 -0.157101 0.966391 0.203488 14.609200 0.084247 -0.192181 0.977737 0.049800 0.000000 0.000000 0.000000 1.000000
0.984125 0.169550 -0.052440 1.695500 -0.156415 0.968229 0.195109 14.609200 0.083855 -0.183810 0.979379 0.049800 0.000000 0.000000 0.000000 1.000000
0.984301 0.168054 -0.053932 1.695500 -0.155560 0.970403 0.184712 14.609200 0.083377 -0.173423 0.981312 0.049800 0.000000 0.000000 0.000000 1.000000
0.984485 0.166468 -0.055478 1.695500 -0.154658 0.972562 0.173794 14.609200 0.082887 -0.162517 0.983218 0.049800 0.000000 0.000000 0.000000 1.000000
0.984786 0.163811 -0.057992 1.695500 -0.153156 0.975857 0.155712 14.609200 0.082099 -0.144461 0.986099 0.049800 0.000000 0.000000 0.000000 1.000000
0.985112 0.160843 -0.060692 1.695500 -0.151492 0.979084 0.135809 14.609200 0.081267 -0.124592 0.988874 0.049800 0.000000 0.000000 0.000000 1.000000
0.985404 0.158111 -0.063083 1.695500 -0.149971 0.981654 0.117748 14.609200 0.080543 -0.106569 0.991038 0.049800 0.000000 0.000000 0.000000 1.000000
0.985621 0.156036 -0.064842 1.695500 -0.148823 0.983360 0.104190 14.609200 0.080020 -0.093042 0.992441 0.049800 0.000000 0.000000 0.000000 1.000000
0.985718 0.155090 -0.065627 1.695500 -0.148302 0.984069 0.098059 14.609200 0.079789 -0.086926 0.993014 0.049800 0.000000 0.000000 0.000000 1.000000</float_array>
        <technique_common>
          <accessor source="#mixamorig_RightHandMiddle1-Matrix-animation-output-transform-array" count="23" stride="16">
            <param type="float4x4"/>
          </accessor>
        </technique_common>
      </source>
      <source id="mixamorig_RightHandMiddle1-Interpolations">
        <Name_array id="mixamorig_RightHandMiddle1-Interpolations-array" count="23">
 LINEAR LINEAR LINEAR LINEAR LINEAR LINEAR LINEAR LINEAR LINEAR LINEAR LINEAR
LINEAR LINEAR LINEAR LINEAR LINEAR LINEAR LINEAR LINEAR LINEAR LINEAR LINEAR LINEAR</Name_array>
        <technique_common>
          <accessor source="#mixamorig_RightHandMiddle1-Interpolations-array" count="23">
            <param type="name"/>
          </accessor>
        </technique_common>
      </source>
      <sampler id="mixamorig_RightHandMiddle1-Matrix-animation-transform">
        <input semantic="INPUT" source="#mixamorig_RightHandMiddle1-Matrix-animation-input"/>
        <input semantic="OUTPUT" source="#mixamorig_RightHandMiddle1-Matrix-animation-output-transform"/>
        <input semantic="INTERPOLATION" source="#mixamorig_RightHandMiddle1-Interpolations"/>
      </sampler>
      <channel source="#mixamorig_RightHandMiddle1-Matrix-animation-transform" target="mixamorig_RightHandMiddle1/matrix"/>
    </animation>
    <animation id="mixamorig_RightHandMiddle2-anim" name="mixamorig_RightHandMiddle2">
      <source id="mixamorig_RightHandMiddle2-Matrix-animation-input">
        <float_array id="mixamorig_RightHandMiddle2-Matrix-animation-input-array" count="23">

0.000000 0.033333 0.066667 0.100000 0.133333 0.166667 0.200000 0.233333 0.266667 0.300000 0.333333 0.366667 0.400000 0.433333 0.466667 0.500000
0.533333 0.566667 0.600000 0.633333 0.666667 0.700000 0.733333</float_array>
        <technique_common>
          <accessor source="#mixamorig_RightHandMiddle2-Matrix-animation-input-array" count="23">
            <param name="TIME" type="float"/>
          </accessor>
        </technique_common>
      </source>
      <source id="mixamorig_RightHandMiddle2-Matrix-animation-output-transform">
        <float_array id="mixamorig_RightHandMiddle2-Matrix-animation-output-transform-array" count="368">

0.999926 -0.012094 -0.001374 -0.000200 0.010158 0.891362 -0.453178 4.318300 0.006705 0.453131 0.891419 0.000000 0.000000 0.000000 0.000000 1.000000
0.999926 -0.012088 -0.001391 -0.000200 0.010154 0.891960 -0.452000 4.318300 0.006705 0.451952 0.892017 0.000000 0.000000 0.000000 0.000000 1.000000
0.999926 -0.012087 -0.001392 -0.000200 0.010153 0.892007 -0.451907 4.318300 0.006704 0.451860 0.892064 0.000000 0.000000 0.000000 0.000000 1.000000
0.999926 -0.012094 -0.001375 -0.000200 0.010158 0.891421 -0.453062 4.318300 0.006705 0.453014 0.891478 0.000000 0.000000 0.000000 0.000000 1.000000
0.999925 -0.012166 -0.001161 -0.000200 0.010207 0.883625 -0.468085 4.318300 0.006721 0.468038 0.883683 0.000000 0.000000 0.000000 0.000000 1.000000
0.999924 -0.012271 -0.000822 -0.000200 0.010283 0.870844 -0.491452 4.318300 0.006747 0.491407 0.870904 -0.000000 0.000000 0.000000 0.000000 1.000000
0.999923 -0.012383 -0.000426 -0.000200 0.010371 0.855301 -0.518027 4.318300 0.006779 0.517983 0.855364 0.000000 0.000000 0.000000 0.000000 1.000000
0.999922 -0.012479 -0.000041 -0.000200 0.010455 0.839483 -0.543285 4.318300 0.006814 0.543242 0.839548 0.000000 0.000000 0.000000 0.000000 1.000000
0.999920 -0.012631 0.000715 -0.000200 0.010613 0.806690 -0.590879 4.318300 0.006887 0.590839 0.806760 0.000000 0.000000 0.000000 0.000000 1.000000
0.999917 -0.012776 0.001818 -0.000200 0.010836 0.754698 -0.655983 4.318300 0.007009 0.655948 0.754774 0.000000 0.000000 0.000000 0.000000 1.000000
0.999914 -0.012827 0.002850 -0.000200 0.011032 0.701706 -0.712381 4.318300 0.007138 0.712351 0.701787 0.000000 0.000000 0.000000 0.000000 1.000000
0.999912 -0.012822 0.003387 -0.000200 0.011130 0.672486 -0.740026 4.318300 0.007211 0.739999 0.672569 0.000000 0.000000 0.000000 0.000000 1.000000
0.999912 -0.012817 0.003507 -0.000200 0.011150 0.665776 -0.746068 4.318300 0.007228 0.746041 0.665860 -0.000000 0.000000 0.000000 0.000000 1.000000
0.999912 -0.012816 0.003527 -0.000200 0.011154 0.664622 -0.747096 4.318300 0.007231 0.747069 0.664707 0.000000 0.000000 0.000000 0.000000 1.000000
0.999912 -0.012820 0.003435 -0.000200 0.011138 0.669788 -0.742469 4.318300 0.007218 0.742442 0.669871 0.000000 0.000000 0.000000 0.000000 1.000000
0.999913 -0.012826 0.003224 -0.000200 0.011101 0.681433 -0.731796 4.318300 0.007189 0.731768 0.681516 -0.000000 0.000000 0.000000 0.000000 1.000000
0.999914 -0.012828 0.002888 -0.000200 0.011039 0.699646 -0.714404 4.318300 0.007143 0.714374 0.699728 0.000000 0.000000 0.000000 0.000000 1.000000
0.999915 -0.012816 0.002435 -0.000200 0.010954 0.723521 -0.690216 4.318300 0.007084 0.690184 0.723599 0.000000 0.000000 0.000000 0.000000 1.000000
0.999918 -0.012744 0.001496 -0.000200 0.010772 0.770387 -0.637485 4.318300 0.006972 0.637449 0.770461 -0.000000 0.000000 0.000000 0.000000 1.000000
0.999921 -0.012590 0.000481 -0.000200 0.010565 0.817132 -0.576353 4.318300 0.006863 0.576313 0.817201 0.000000 0.000000 0.000000 0.000000 1.000000
0.999923 -0.012386 -0.000417 -0.000200 0.010374 0.854908 -0.518676 4.318300 0.006781 0.518632 0.854971 0.000000 0.000000 0.000000 0.000000 1.000000
0.999925 -0.012194 -0.001074 -0.000200 0.010227 0.880389 -0.474142 4.318300 0.006727 0.474096 0.880448 0.000000 0.000000 0.000000 0.000000 1.000000
0.999926 -0.012094 -0.001373 -0.000200 0.010158 0.891362 -0.453178 4.318300 0.006705 0.453131 0.891419 0.000000 0.000000 0.000000 0.000000 1.000000</float_array>
        <technique_common>
          <accessor source="#mixamorig_RightHandMiddle2-Matrix-animation-output-transform-array" count="23" stride="16">
            <param type="float4x4"/>
          </accessor>
        </technique_common>
      </source>
      <source id="mixamorig_RightHandMiddle2-Interpolations">
        <Name_array id="mixamorig_RightHandMiddle2-Interpolations-array" count="23">
 LINEAR LINEAR LINEAR LINEAR LINEAR LINEAR LINEAR LINEAR LINEAR LINEAR LINEAR
LINEAR LINEAR LINEAR LINEAR LINEAR LINEAR LINEAR LINEAR LINEAR LINEAR LINEAR LINEAR</Name_array>
        <technique_common>
          <accessor source="#mixamorig_RightHandMiddle2-Interpolations-array" count="23">
            <param type="name"/>
          </accessor>
        </technique_common>
      </source>
      <sampler id="mixamorig_RightHandMiddle2-Matrix-animation-transform">
        <input semantic="INPUT" source="#mixamorig_RightHandMiddle2-Matrix-animation-input"/>
        <input semantic="OUTPUT" source="#mixamorig_RightHandMiddle2-Matrix-animation-output-transform"/>
        <input semantic="INTERPOLATION" source="#mixamorig_RightHandMiddle2-Interpolations"/>
      </sampler>
      <channel source="#mixamorig_RightHandMiddle2-Matrix-animation-transform" target="mixamorig_RightHandMiddle2/matrix"/>
    </animation>
    <animation id="mixamorig_RightHandMiddle3-anim" name="mixamorig_RightHandMiddle3">
      <source id="mixamorig_RightHandMiddle3-Matrix-animation-input">
        <float_array id="mixamorig_RightHandMiddle3-Matrix-animation-input-array" count="23">

0.000000 0.033333 0.066667 0.100000 0.133333 0.166667 0.200000 0.233333 0.266667 0.300000 0.333333 0.366667 0.400000 0.433333 0.466667 0.500000
0.533333 0.566667 0.600000 0.633333 0.666667 0.700000 0.733333</float_array>
        <technique_common>
          <accessor source="#mixamorig_RightHandMiddle3-Matrix-animation-input-array" count="23">
            <param name="TIME" type="float"/>
          </accessor>
        </technique_common>
      </source>
      <source id="mixamorig_RightHandMiddle3-Matrix-animation-output-transform">
        <float_array id="mixamorig_RightHandMiddle3-Matrix-animation-output-transform-array" count="368">

0.999961 -0.004603 -0.007506 0.001500 -0.001164 0.775916 -0.630835 3.241000 0.008728 0.630819 0.775881 0.000000 0.000000 0.000000 0.000000 1.000000
0.999961 -0.004603 -0.007507 0.001500 -0.001163 0.776009 -0.630721 3.241000 0.008728 0.630705 0.775974 -0.000000 0.000000 0.000000 0.000000 1.000000
0.999961 -0.004635 -0.007483 0.001500 -0.001160 0.773318 -0.634017 3.241000 0.008726 0.634001 0.773283 -0.000000 0.000000 0.000000 0.000000 1.000000
0.999961 -0.004692 -0.007443 0.001500 -0.001156 0.768528 -0.639815 3.241000 0.008722 0.639799 0.768493 0.000000 0.000000 0.000000 0.000000 1.000000
0.999961 -0.004846 -0.007329 0.001500 -0.001142 0.755350 -0.655321 3.241000 0.008711 0.655304 0.755315 -0.000000 0.000000 0.000000 0.000000 1.000000
0.999962 -0.005054 -0.007167 0.001500 -0.001123 0.736739 -0.676176 3.241000 0.008697 0.676158 0.736705 0.000000 0.000000 0.000000 0.000000 1.000000
0.999962 -0.005280 -0.006980 0.001500 -0.001100 0.715384 -0.698730 3.241000 0.008683 0.698711 0.715351 0.000000 0.000000 0.000000 0.000000 1.000000
0.999962 -0.005496 -0.006790 0.001500 -0.001078 0.693687 -0.720276 3.241000 0.008669 0.720256 0.693654 0.000000 0.000000 0.000000 0.000000 1.000000
0.999962 -0.005733 -0.006566 0.001500 -0.001053 0.668317 -0.743876 3.241000 0.008653 0.743854 0.668286 0.000000 0.000000 0.000000 0.000000 1.000000
0.999962 -0.006001 -0.006295 0.001500 -0.001022 0.637749 -0.770244 3.241000 0.008637 0.770221 0.637718 0.000000 0.000000 0.000000 0.000000 1.000000
0.999962 -0.006272 -0.005997 0.001500 -0.000989 0.604206 -0.796828 3.241000 0.008622 0.796803 0.604177 -0.000000 0.000000 0.000000 0.000000 1.000000
0.999963 -0.006527 -0.005692 0.001500 -0.000956 0.570045 -0.821613 3.241000 0.008607 0.821588 0.570017 -0.000000 0.000000 0.000000 0.000000 1.000000
0.999963 -0.006747 -0.005404 0.001500 -0.000925 0.538031 -0.842924 3.241000 0.008595 0.842898 0.538005 0.000000 0.000000 0.000000 0.000000 1.000000
0.999963 -0.006922 -0.005158 0.001500 -0.000900 0.510716 -0.859749 3.241000 0.008586 0.859722 0.510690 0.000000 0.000000 0.000000 0.000000 1.000000
0.999963 -0.007043 -0.004979 0.001500 -0.000881 0.490849 -0.871244 3.241000 0.008580 0.871216 0.490824 0.000000 0.000000 0.000000 0.000000 1.000000
0.999963 -0.007015 -0.005021 0.001500 -0.000885 0.495516 -0.868598 3.241000 0.008582 0.868570 0.495492 0.000000 0.000000 0.000000 0.000000 1.000000
0.999963 -0.006912 -0.005173 0.001500 -0.000901 0.512296 -0.858808 3.241000 0.008587 0.858781 0.512271 0.000000 0.000000 0.000000 0.000000 1.000000
0.999963 -0.006746 -0.005407 0.001500 -0.000925 0.538325 -0.842737 3.241000 0.008596 0.842711 0.538298 0.000000 0.000000 0.000000 0.000000 1.000000
0.999962 -0.006310 -0.005955 0.001500 -0.000985 0.599394 -0.800454 3.241000 0.008620 0.800429 0.599365 0.000000 0.000000 0.000000 0.000000 1.000000
0.999962 -0.005769 -0.006532 0.001500 -0.001048 0.664443 -0.747338 3.241000 0.008652 0.747317 0.664412 0.000000 0.000000 0.000000 0.000000 1.000000
0.999962 -0.005235 -0.007018 0.001500 -0.001104 0.719751 -0.694231 3.241000 0.008686 0.694212 0.719718 0.000000 0.000000 0.000000 0.000000 1.000000
0.999961 -0.004809 -0.007358 0.001500 -0.001145 0.758653 -0.651494 3.241000 0.008715 0.651477 0.758618 0.000000 0.000000 0.000000 0.000000 1.000000
0.999961 -0.004603 -0.007506 0.001500 -0.001164 0.775916 -0.630835 3.241000 0.008728 0.630820 0.775880 0.000000 0.000000 0.000000 0.000000 1.000000</float_array>
        <technique_common>
          <accessor source="#mixamorig_RightHandMiddle3-Matrix-animation-output-transform-array" count="23" stride="16">
            <param type="float4x4"/>
          </accessor>
        </technique_common>
      </source>
      <source id="mixamorig_RightHandMiddle3-Interpolations">
        <Name_array id="mixamorig_RightHandMiddle3-Interpolations-array" count="23">
 LINEAR LINEAR LINEAR LINEAR LINEAR LINEAR LINEAR LINEAR LINEAR LINEAR LINEAR
LINEAR LINEAR LINEAR LINEAR LINEAR LINEAR LINEAR LINEAR LINEAR LINEAR LINEAR LINEAR</Name_array>
        <technique_common>
          <accessor source="#mixamorig_RightHandMiddle3-Interpolations-array" count="23">
            <param type="name"/>
          </accessor>
        </technique_common>
      </source>
      <sampler id="mixamorig_RightHandMiddle3-Matrix-animation-transform">
        <input semantic="INPUT" source="#mixamorig_RightHandMiddle3-Matrix-animation-input"/>
        <input semantic="OUTPUT" source="#mixamorig_RightHandMiddle3-Matrix-animation-output-transform"/>
        <input semantic="INTERPOLATION" source="#mixamorig_RightHandMiddle3-Interpolations"/>
      </sampler>
      <channel source="#mixamorig_RightHandMiddle3-Matrix-animation-transform" target="mixamorig_RightHandMiddle3/matrix"/>
    </animation>
    <animation id="mixamorig_RightHandRing1-anim" name="mixamorig_RightHandRing1">
      <source id="mixamorig_RightHandRing1-Matrix-animation-input">
        <float_array id="mixamorig_RightHandRing1-Matrix-animation-input-array" count="23">

0.000000 0.033333 0.066667 0.100000 0.133333 0.166667 0.200000 0.233333 0.266667 0.300000 0.333333 0.366667 0.400000 0.433333 0.466667 0.500000
0.533333 0.566667 0.600000 0.633333 0.666667 0.700000 0.733333</float_array>
        <technique_common>
          <accessor source="#mixamorig_RightHandRing1-Matrix-animation-input-array" count="23">
            <param name="TIME" type="float"/>
          </accessor>
        </technique_common>
      </source>
      <source id="mixamorig_RightHandRing1-Matrix-animation-output-transform">
        <float_array id="mixamorig_RightHandRing1-Matrix-animation-output-transform-array" count="368">

0.990966 -0.063617 0.118068 -1.709700 0.075468 0.992243 -0.098782 14.370000 -0.110868 0.106800 0.988080 -0.144700 0.000000 0.000000 0.000000 1.000000
0.990962 -0.065178 0.117243 -1.709700 0.077872 0.991187 -0.107164 14.370000 -0.109225 0.115326 0.987304 -0.144700 0.000000 0.000000 0.000000 1.000000
0.990920 -0.069935 0.114832 -1.709700 0.085044 0.987536 -0.132439 14.370000 -0.104139 0.141003 0.984517 -0.144700 0.000000 0.000000 0.000000 1.000000
0.990784 -0.076629 0.111689 -1.709700 0.094765 0.981329 -0.167368 14.370000 -0.096778 0.176410 0.979548 -0.144700 0.000000 0.000000 0.000000 1.000000
0.990709 -0.079189 0.110561 -1.709700 0.098372 0.978635 -0.180544 14.370000 -0.093902 0.189743 0.977333 -0.144700 0.000000 0.000000 0.000000 1.000000
0.990725 -0.078687 0.110779 -1.709700 0.097669 0.979177 -0.177967 14.370000 -0.094469 0.187136 0.977781 -0.144700 0.000000 0.000000 0.000000 1.000000
0.990811 -0.075578 0.112164 -1.709700 0.093267 0.982384 -0.161934 14.370000 -0.097949 0.170908 0.980406 -0.144700 0.000000 0.000000 0.000000 1.000000
0.990950 -0.067135 0.116233 -1.709700 0.080850 0.989763 -0.117609 14.370000 -0.107148 0.125942 0.986234 -0.144700 0.000000 0.000000 0.000000 1.000000
0.990910 -0.056112 0.122270 -1.709700 0.063560 0.996297 -0.057893 14.370000 -0.118568 0.065138 0.990807 -0.144700 0.000000 0.000000 0.000000 1.000000
0.990420 -0.041417 0.131730 -1.709700 0.038408 0.998942 0.025304 14.370000 -0.132639 -0.020002 0.990963 -0.144700 0.000000 0.000000 0.000000 1.000000
0.989499 -0.028324 0.141736 -1.709700 0.013651 0.994542 0.103445 14.370000 -0.143892 -0.100423 0.984485 -0.144700 0.000000 0.000000 0.000000 1.000000
0.989190 -0.025078 0.144480 -1.709700 0.007121 0.992321 0.123487 14.370000 -0.146468 -0.121123 0.981772 -0.144700 0.000000 0.000000 0.000000 1.000000
0.989096 -0.024164 0.145274 -1.709700 0.005251 0.991606 0.129188 14.370000 -0.147177 -0.127016 0.980921 -0.144700 0.000000 0.000000 0.000000 1.000000
0.989150 -0.024681 0.144824 -1.709700 0.006310 0.992015 0.125960 14.370000 -0.146777 -0.123680 0.981407 -0.144700 0.000000 0.000000 0.000000 1.000000
0.989324 -0.026440 0.143316 -1.709700 0.009880 0.993311 0.115046 14.370000 -0.145399 -0.112402 0.982967 -0.144700 0.000000 0.000000 0.000000 1.000000
0.989573 -0.029162 0.141046 -1.709700 0.015309 0.995037 0.098320 14.370000 -0.143214 -0.095136 0.985109 -0.144700 0.000000 0.000000 0.000000 1.000000
0.989855 -0.032595 0.138292 -1.709700 0.021995 0.996750 0.077498 14.370000 -0.140369 -0.073670 0.987355 -0.144700 0.000000 0.000000 0.000000 1.000000
0.990124 -0.036379 0.135390 -1.709700 0.029166 0.998066 0.054888 14.370000 -0.137125 -0.050397 0.989271 -0.144700 0.000000 0.000000 0.000000 1.000000
0.990488 -0.042772 0.130784 -1.709700 0.040836 0.999013 0.017448 14.370000 -0.131402 -0.011942 0.991257 -0.144700 0.000000 0.000000 0.000000 1.000000
0.990766 -0.049871 0.126079 -1.709700 0.053190 0.998317 -0.023092 14.370000 -0.124715 0.029585 0.991751 -0.144700 0.000000 0.000000 0.000000 1.000000
0.990914 -0.056397 0.122102 -1.709700 0.064024 0.996175 -0.059464 14.370000 -0.118282 0.066741 0.990735 -0.144700 0.000000 0.000000 0.000000 1.000000
0.990962 -0.061347 0.119297 -1.709700 0.071930 0.993649 -0.086526 14.370000 -0.113231 0.094325 0.989081 -0.144700 0.000000 0.000000 0.000000 1.000000
0.990966 -0.063616 0.118068 -1.709700 0.075468 0.992243 -0.098781 14.370000 -0.110869 0.106799 0.988080 -0.144700 0.000000 0.000000 0.000000 1.000000</float_array>
        <technique_common>
          <accessor source="#mixamorig_RightHandRing1-Matrix-animation-output-transform-array" count="23" stride="16">
            <param type="float4x4"/>
          </accessor>
        </technique_common>
      </source>
      <source id="mixamorig_RightHandRing1-Interpolations">
        <Name_array id="mixamorig_RightHandRing1-Interpolations-array" count="23">
 LINEAR LINEAR LINEAR LINEAR LINEAR LINEAR LINEAR LINEAR LINEAR LINEAR LINEAR
LINEAR LINEAR LINEAR LINEAR LINEAR LINEAR LINEAR LINEAR LINEAR LINEAR LINEAR LINEAR</Name_array>
        <technique_common>
          <accessor source="#mixamorig_RightHandRing1-Interpolations-array" count="23">
            <param type="name"/>
          </accessor>
        </technique_common>
      </source>
      <sampler id="mixamorig_RightHandRing1-Matrix-animation-transform">
        <input semantic="INPUT" source="#mixamorig_RightHandRing1-Matrix-animation-input"/>
        <input semantic="OUTPUT" source="#mixamorig_RightHandRing1-Matrix-animation-output-transform"/>
        <input semantic="INTERPOLATION" source="#mixamorig_RightHandRing1-Interpolations"/>
      </sampler>
      <channel source="#mixamorig_RightHandRing1-Matrix-animation-transform" target="mixamorig_RightHandRing1/matrix"/>
    </animation>
    <animation id="mixamorig_RightHandRing2-anim" name="mixamorig_RightHandRing2">
      <source id="mixamorig_RightHandRing2-Matrix-animation-input">
        <float_array id="mixamorig_RightHandRing2-Matrix-animation-input-array" count="23">

0.000000 0.033333 0.066667 0.100000 0.133333 0.166667 0.200000 0.233333 0.266667 0.300000 0.333333 0.366667 0.400000 0.433333 0.466667 0.500000
0.533333 0.566667 0.600000 0.633333 0.666667 0.700000 0.733333</float_array>
        <technique_common>
          <accessor source="#mixamorig_RightHandRing2-Matrix-animation-input-array" count="23">
            <param name="TIME" type="float"/>
          </accessor>
        </technique_common>
      </source>
      <source id="mixamorig_RightHandRing2-Matrix-animation-output-transform">
        <float_array id="mixamorig_RightHandRing2-Matrix-animation-output-transform-array" count="368">

0.999999 -0.000763 -0.001474 0.001300 0.000032 0.896873 -0.442289 3.380800 0.001659 0.442288 0.896871 0.000000 0.000000 0.000000 0.000000 1.000000
0.999999 -0.000757 -0.001482 0.001300 0.000027 0.897989 -0.440017 3.380800 0.001663 0.440017 0.897988 0.000000 0.000000 0.000000 0.000000 1.000000
0.999999 -0.000752 -0.001488 0.001300 0.000023 0.898788 -0.438384 3.380800 0.001667 0.438384 0.898786 0.000000 0.000000 0.000000 0.000000 1.000000
0.999999 -0.000750 -0.001489 0.001300 0.000022 0.898954 -0.438042 3.380800 0.001667 0.438041 0.898953 -0.000000 0.000000 0.000000 0.000000 1.000000
0.999999 -0.000807 -0.001412 0.001300 0.000069 0.888556 -0.458769 3.380800 0.001625 0.458768 0.888554 0.000000 0.000000 0.000000 0.000000 1.000000
0.999999 -0.000895 -0.001284 0.001300 0.000148 0.870581 -0.492026 3.380800 0.001558 0.492025 0.870580 0.000000 0.000000 0.000000 0.000000 1.000000
0.999999 -0.000993 -0.001129 0.001300 0.000243 0.847899 -0.530157 3.380800 0.001483 0.530156 0.847899 -0.000000 0.000000 0.000000 0.000000 1.000000
0.999999 -0.001080 -0.000973 0.001300 0.000339 0.824059 -0.566503 3.380800 0.001414 0.566502 0.824059 0.000000 0.000000 0.000000 0.000000 1.000000
0.999999 -0.001242 -0.000640 0.001300 0.000548 0.769936 -0.638121 3.380800 0.001285 0.638120 0.769936 0.000000 0.000000 0.000000 0.000000 1.000000
0.999999 -0.001422 -0.000130 0.001300 0.000872 0.679833 -0.733367 3.380800 0.001131 0.733366 0.679833 -0.000000 0.000000 0.000000 0.000000 1.000000
0.999999 -0.001529 0.000362 0.001300 0.001188 0.585261 -0.810844 3.380800 0.001028 0.810844 0.585262 -0.000000 0.000000 0.000000 0.000000 1.000000
0.999999 -0.001562 0.000622 0.001300 0.001358 0.532500 -0.846429 3.380800 0.000990 0.846428 0.532502 -0.000000 0.000000 0.000000 0.000000 1.000000
0.999999 -0.001566 0.000685 0.001300 0.001399 0.519417 -0.854520 3.380800 0.000982 0.854519 0.519418 0.000000 0.000000 0.000000 0.000000 1.000000
0.999999 -0.001567 0.000702 0.001300 0.001410 0.516065 -0.856548 3.380800 0.000980 0.856548 0.516067 0.000000 0.000000 0.000000 0.000000 1.000000
0.999999 -0.001564 0.000664 0.001300 0.001385 0.523995 -0.851720 3.380800 0.000984 0.851720 0.523996 0.000000 0.000000 0.000000 0.000000 1.000000
0.999999 -0.001555 0.000569 0.001300 0.001323 0.543519 -0.839396 3.380800 0.000997 0.839395 0.543521 -0.000000 0.000000 0.000000 0.000000 1.000000
0.999999 -0.001536 0.000415 0.001300 0.001222 0.574789 -0.818301 3.380800 0.001019 0.818300 0.574790 0.000000 0.000000 0.000000 0.000000 1.000000
0.999999 -0.001503 0.000205 0.001300 0.001088 0.616113 -0.787657 3.380800 0.001057 0.787656 0.616114 -0.000000 0.000000 0.000000 0.000000 1.000000
0.999999 -0.001394 -0.000228 0.001300 0.000809 0.697763 -0.716328 3.380800 0.001158 0.716327 0.697764 0.000000 0.000000 0.000000 0.000000 1.000000
0.999999 -0.001222 -0.000686 0.001300 0.000519 0.777585 -0.628778 3.380800 0.001301 0.628777 0.777585 0.000000 0.000000 0.000000 0.000000 1.000000
0.999999 -0.001023 -0.001076 0.001300 0.000276 0.839887 -0.542762 3.380800 0.001459 0.542761 0.839886 -0.000000 0.000000 0.000000 0.000000 1.000000
0.999999 -0.000850 -0.001351 0.001300 0.000107 0.880148 -0.474699 3.380800 0.001593 0.474698 0.880147 0.000000 0.000000 0.000000 0.000000 1.000000
0.999999 -0.000762 -0.001474 0.001300 0.000032 0.896872 -0.442289 3.380800 0.001659 0.442289 0.896871 0.000000 0.000000 0.000000 0.000000 1.000000</float_array>
        <technique_common>
          <accessor source="#mixamorig_RightHandRing2-Matrix-animation-output-transform-array" count="23" stride="16">
            <param type="float4x4"/>
          </accessor>
        </technique_common>
      </source>
      <source id="mixamorig_RightHandRing2-Interpolations">
        <Name_array id="mixamorig_RightHandRing2-Interpolations-array" count="23">
 LINEAR LINEAR LINEAR LINEAR LINEAR LINEAR LINEAR LINEAR LINEAR LINEAR LINEAR
LINEAR LINEAR LINEAR LINEAR LINEAR LINEAR LINEAR LINEAR LINEAR LINEAR LINEAR LINEAR</Name_array>
        <technique_common>
          <accessor source="#mixamorig_RightHandRing2-Interpolations-array" count="23">
            <param type="name"/>
          </accessor>
        </technique_common>
      </source>
      <sampler id="mixamorig_RightHandRing2-Matrix-animation-transform">
        <input semantic="INPUT" source="#mixamorig_RightHandRing2-Matrix-animation-input"/>
        <input semantic="OUTPUT" source="#mixamorig_RightHandRing2-Matrix-animation-output-transform"/>
        <input semantic="INTERPOLATION" source="#mixamorig_RightHandRing2-Interpolations"/>
      </sampler>
      <channel source="#mixamorig_RightHandRing2-Matrix-animation-transform" target="mixamorig_RightHandRing2/matrix"/>
    </animation>
    <animation id="mixamorig_RightHandRing3-anim" name="mixamorig_RightHandRing3">
      <source id="mixamorig_RightHandRing3-Matrix-animation-input">
        <float_array id="mixamorig_RightHandRing3-Matrix-animation-input-array" count="23">

0.000000 0.033333 0.066667 0.100000 0.133333 0.166667 0.200000 0.233333 0.266667 0.300000 0.333333 0.366667 0.400000 0.433333 0.466667 0.500000
0.533333 0.566667 0.600000 0.633333 0.666667 0.700000 0.733333</float_array>
        <technique_common>
          <accessor source="#mixamorig_RightHandRing3-Matrix-animation-input-array" count="23">
            <param name="TIME" type="float"/>
          </accessor>
        </technique_common>
      </source>
      <source id="mixamorig_RightHandRing3-Matrix-animation-output-transform">
        <float_array id="mixamorig_RightHandRing3-Matrix-animation-output-transform-array" count="368">

0.999950 -0.009691 -0.002409 -0.000200 0.006769 0.835177 -0.549939 2.845800 0.007342 0.549896 0.835201 -0.000000 0.000000 0.000000 0.000000 1.000000
0.999950 -0.009690 -0.002404 -0.000200 0.006768 0.834933 -0.550311 2.845800 0.007339 0.550267 0.834957 0.000000 0.000000 0.000000 0.000000 1.000000
0.999951 -0.009663 -0.002310 -0.000200 0.006735 0.830209 -0.557411 2.845800 0.007304 0.557368 0.830233 0.000000 0.000000 0.000000 0.000000 1.000000
0.999951 -0.009617 -0.002150 -0.000200 0.006682 0.822082 -0.569329 2.845800 0.007243 0.569287 0.822107 0.000000 0.000000 0.000000 0.000000 1.000000
0.999953 -0.009501 -0.001788 -0.000200 0.006562 0.802800 -0.596212 2.845800 0.007100 0.596172 0.802825 -0.000000 0.000000 0.000000 0.000000 1.000000
0.999956 -0.009330 -0.001313 -0.000200 0.006410 0.775855 -0.630879 2.845800 0.006905 0.630843 0.775880 0.000000 0.000000 0.000000 0.000000 1.000000
0.999958 -0.009116 -0.000800 -0.000200 0.006252 0.744460 -0.667637 2.845800 0.006682 0.667604 0.744486 0.000000 0.000000 0.000000 0.000000 1.000000
0.999961 -0.008882 -0.000304 -0.000200 0.006108 0.711722 -0.702435 2.845800 0.006455 0.702405 0.711748 -0.000000 0.000000 0.000000 0.000000 1.000000
0.999963 -0.008609 0.000205 -0.000200 0.005967 0.675524 -0.737314 2.845800 0.006209 0.737288 0.675550 0.000000 0.000000 0.000000 0.000000 1.000000
0.999965 -0.008275 0.000759 -0.000200 0.005826 0.633032 -0.774104 2.845800 0.005926 0.774081 0.633059 0.000000 0.000000 0.000000 0.000000 1.000000
0.999968 -0.007895 0.001313 -0.000200 0.005695 0.586686 -0.809795 2.845800 0.005623 0.809776 0.586712 0.000000 0.000000 0.000000 0.000000 1.000000
0.999970 -0.007492 0.001831 -0.000200 0.005584 0.539475 -0.841983 2.845800 0.005320 0.841969 0.539500 0.000000 0.000000 0.000000 0.000000 1.000000
0.999972 -0.007102 0.002284 -0.000200 0.005500 0.495005 -0.868873 2.845800 0.005040 0.868861 0.495030 0.000000 0.000000 0.000000 0.000000 1.000000
0.999974 -0.006755 0.002647 -0.000200 0.005439 0.456606 -0.889652 2.845800 0.004801 0.889643 0.456631 0.000000 0.000000 0.000000 0.000000 1.000000
0.999975 -0.006491 0.002903 -0.000200 0.005402 0.427842 -0.903837 2.845800 0.004625 0.903830 0.427866 -0.000000 0.000000 0.000000 0.000000 1.000000
0.999975 -0.006532 0.002865 -0.000200 0.005407 0.432233 -0.901746 2.845800 0.004652 0.901738 0.432257 0.000000 0.000000 0.000000 0.000000 1.000000
0.999974 -0.006741 0.002661 -0.000200 0.005437 0.455056 -0.890446 2.845800 0.004792 0.890437 0.455080 0.000000 0.000000 0.000000 0.000000 1.000000
0.999972 -0.007084 0.002302 -0.000200 0.005495 0.493059 -0.869978 2.845800 0.005028 0.869967 0.493084 -0.000000 0.000000 0.000000 0.000000 1.000000
0.999968 -0.007885 0.001326 -0.000200 0.005692 0.585523 -0.810636 2.845800 0.005615 0.810617 0.585549 -0.000000 0.000000 0.000000 0.000000 1.000000
0.999963 -0.008657 0.000124 -0.000200 0.005991 0.681537 -0.731759 2.845800 0.006250 0.731732 0.681563 0.000000 0.000000 0.000000 0.000000 1.000000
0.999957 -0.009223 -0.001049 -0.000200 0.006328 0.759969 -0.649929 2.845800 0.006791 0.649894 0.759995 -0.000000 0.000000 0.000000 0.000000 1.000000
0.999952 -0.009561 -0.001970 -0.000200 0.006622 0.812643 -0.582725 2.845800 0.007173 0.582684 0.812667 0.000000 0.000000 0.000000 0.000000 1.000000
0.999950 -0.009691 -0.002409 -0.000200 0.006769 0.835177 -0.549939 2.845800 0.007341 0.549895 0.835201 0.000000 0.000000 0.000000 0.000000 1.000000</float_array>
        <technique_common>
          <accessor source="#mixamorig_RightHandRing3-Matrix-animation-output-transform-array" count="23" stride="16">
            <param type="float4x4"/>
          </accessor>
        </technique_common>
      </source>
      <source id="mixamorig_RightHandRing3-Interpolations">
        <Name_array id="mixamorig_RightHandRing3-Interpolations-array" count="23">
 LINEAR LINEAR LINEAR LINEAR LINEAR LINEAR LINEAR LINEAR LINEAR LINEAR LINEAR
LINEAR LINEAR LINEAR LINEAR LINEAR LINEAR LINEAR LINEAR LINEAR LINEAR LINEAR LINEAR</Name_array>
        <technique_common>
          <accessor source="#mixamorig_RightHandRing3-Interpolations-array" count="23">
            <param type="name"/>
          </accessor>
        </technique_common>
      </source>
      <sampler id="mixamorig_RightHandRing3-Matrix-animation-transform">
        <input semantic="INPUT" source="#mixamorig_RightHandRing3-Matrix-animation-input"/>
        <input semantic="OUTPUT" source="#mixamorig_RightHandRing3-Matrix-animation-output-transform"/>
        <input semantic="INTERPOLATION" source="#mixamorig_RightHandRing3-Interpolations"/>
      </sampler>
      <channel source="#mixamorig_RightHandRing3-Matrix-animation-transform" target="mixamorig_RightHandRing3/matrix"/>
    </animation>
    <animation id="mixamorig_RightHandPinky1-anim" name="mixamorig_RightHandPinky1">
      <source id="mixamorig_RightHandPinky1-Matrix-animation-input">
        <float_array id="mixamorig_RightHandPinky1-Matrix-animation-input-array" count="23">

0.000000 0.033333 0.066667 0.100000 0.133333 0.166667 0.200000 0.233333 0.266667 0.300000 0.333333 0.366667 0.400000 0.433333 0.466667 0.500000
0.533333 0.566667 0.600000 0.633333 0.666667 0.700000 0.733333</float_array>
        <technique_common>
          <accessor source="#mixamorig_RightHandPinky1-Matrix-animation-input-array" count="23">
            <param name="TIME" type="float"/>
          </accessor>
        </technique_common>
      </source>
      <source id="mixamorig_RightHandPinky1-Matrix-animation-output-transform">
        <float_array id="mixamorig_RightHandPinky1-Matrix-animation-output-transform-array" count="368">

0.926704 -0.188308 0.325207 -4.848000 0.243708 0.959887 -0.138651 14.008100 -0.286053 0.207743 0.935423 -0.068600 0.000000 0.000000 0.000000 1.000000
0.926698 -0.188432 0.325152 -4.848000 0.244006 0.959724 -0.139249 14.008100 -0.285817 0.208381 0.935353 -0.068600 0.000000 0.000000 0.000000 1.000000
0.926686 -0.188705 0.325030 -4.848000 0.244663 0.959365 -0.140567 14.008100 -0.285296 0.209785 0.935199 -0.068600 0.000000 0.000000 0.000000 1.000000
0.926676 -0.188904 0.324941 -4.848000 0.245142 0.959101 -0.141532 14.008100 -0.284915 0.210811 0.935084 -0.068600 0.000000 0.000000 0.000000 1.000000
0.926713 -0.188108 0.325297 -4.848000 0.243225 0.960148 -0.137683 14.008100 -0.286434 0.206713 0.935535 -0.068600 0.000000 0.000000 0.000000 1.000000
0.926773 -0.186718 0.325926 -4.848000 0.239852 0.961939 -0.130940 14.008100 -0.289072 0.199526 0.936284 -0.068600 0.000000 0.000000 0.000000 1.000000
0.926838 -0.185019 0.326710 -4.848000 0.235689 0.964056 -0.122668 14.008100 -0.292271 0.190695 0.937130 -0.068600 0.000000 0.000000 0.000000 1.000000
0.926904 -0.182927 0.327699 -4.848000 0.230503 0.966554 -0.112436 14.008100 -0.296171 0.179753 0.938068 -0.068600 0.000000 0.000000 0.000000 1.000000
0.926955 -0.180863 0.328699 -4.848000 0.225317 0.968902 -0.102283 14.008100 -0.299978 0.168873 0.938880 -0.068600 0.000000 0.000000 0.000000 1.000000
0.926984 -0.179319 0.329463 -4.848000 0.221394 0.970580 -0.094654 14.008100 -0.302797 0.160684 0.939412 -0.068600 0.000000 0.000000 0.000000 1.000000
0.926983 -0.179379 0.329433 -4.848000 0.221546 0.970517 -0.094948 14.008100 -0.302689 0.161000 0.939393 -0.068600 0.000000 0.000000 0.000000 1.000000
0.926971 -0.180034 0.329108 -4.848000 0.223215 0.969811 -0.098190 14.008100 -0.301495 0.164481 0.939174 -0.068600 0.000000 0.000000 0.000000 1.000000
0.926961 -0.180572 0.328842 -4.848000 0.224581 0.969223 -0.100848 14.008100 -0.300511 0.167334 0.938985 -0.068600 0.000000 0.000000 0.000000 1.000000
0.926951 -0.181063 0.328601 -4.848000 0.225823 0.968679 -0.103272 14.008100 -0.299610 0.169934 0.938806 -0.068600 0.000000 0.000000 0.000000 1.000000
0.926940 -0.181558 0.328359 -4.848000 0.227073 0.968123 -0.105716 14.008100 -0.298698 0.172554 0.938618 -0.068600 0.000000 0.000000 0.000000 1.000000
0.926926 -0.182115 0.328089 -4.848000 0.228472 0.967491 -0.108450 14.008100 -0.297673 0.175484 0.938401 -0.068600 0.000000 0.000000 0.000000 1.000000
0.926908 -0.182785 0.327767 -4.848000 0.230147 0.966720 -0.111738 14.008100 -0.296435 0.179005 0.938128 -0.068600 0.000000 0.000000 0.000000 1.000000
0.926884 -0.183612 0.327372 -4.848000 0.232208 0.965749 -0.115792 14.008100 -0.294899 0.183344 0.937774 -0.068600 0.000000 0.000000 0.000000 1.000000
0.926842 -0.184896 0.326767 -4.848000 0.235388 0.964205 -0.122073 14.008100 -0.292500 0.190060 0.937188 -0.068600 0.000000 0.000000 0.000000 1.000000
0.926796 -0.186155 0.326184 -4.848000 0.238479 0.962648 -0.128207 14.008100 -0.290133 0.196610 0.936572 -0.068600 0.000000 0.000000 0.000000 1.000000
0.926753 -0.187217 0.325698 -4.848000 0.241066 0.961302 -0.133363 14.008100 -0.288127 0.202109 0.936021 -0.068600 0.000000 0.000000 0.000000 1.000000
0.926719 -0.187973 0.325357 -4.848000 0.242898 0.960325 -0.137029 14.008100 -0.286691 0.206016 0.935610 -0.068600 0.000000 0.000000 0.000000 1.000000
0.926704 -0.188308 0.325207 -4.848000 0.243707 0.959887 -0.138651 14.008100 -0.286052 0.207743 0.935423 -0.068600 0.000000 0.000000 0.000000 1.000000</float_array>
        <technique_common>
          <accessor source="#mixamorig_RightHandPinky1-Matrix-animation-output-transform-array" count="23" stride="16">
            <param type="float4x4"/>
          </accessor>
        </technique_common>
      </source>
      <source id="mixamorig_RightHandPinky1-Interpolations">
        <Name_array id="mixamorig_RightHandPinky1-Interpolations-array" count="23">
 LINEAR LINEAR LINEAR LINEAR LINEAR LINEAR LINEAR LINEAR LINEAR LINEAR LINEAR
LINEAR LINEAR LINEAR LINEAR LINEAR LINEAR LINEAR LINEAR LINEAR LINEAR LINEAR LINEAR</Name_array>
        <technique_common>
          <accessor source="#mixamorig_RightHandPinky1-Interpolations-array" count="23">
            <param type="name"/>
          </accessor>
        </technique_common>
      </source>
      <sampler id="mixamorig_RightHandPinky1-Matrix-animation-transform">
        <input semantic="INPUT" source="#mixamorig_RightHandPinky1-Matrix-animation-input"/>
        <input semantic="OUTPUT" source="#mixamorig_RightHandPinky1-Matrix-animation-output-transform"/>
        <input semantic="INTERPOLATION" source="#mixamorig_RightHandPinky1-Interpolations"/>
      </sampler>
      <channel source="#mixamorig_RightHandPinky1-Matrix-animation-transform" target="mixamorig_RightHandPinky1/matrix"/>
    </animation>
    <animation id="mixamorig_RightHandPinky2-anim" name="mixamorig_RightHandPinky2">
      <source id="mixamorig_RightHandPinky2-Matrix-animation-input">
        <float_array id="mixamorig_RightHandPinky2-Matrix-animation-input-array" count="23">

0.000000 0.033333 0.066667 0.100000 0.133333 0.166667 0.200000 0.233333 0.266667 0.300000 0.333333 0.366667 0.400000 0.433333 0.466667 0.500000
0.533333 0.566667 0.600000 0.633333 0.666667 0.700000 0.733333</float_array>
        <technique_common>
          <accessor source="#mixamorig_RightHandPinky2-Matrix-animation-input-array" count="23">
            <param name="TIME" type="float"/>
          </accessor>
        </technique_common>
      </source>
      <source id="mixamorig_RightHandPinky2-Matrix-animation-output-transform">
        <float_array id="mixamorig_RightHandPinky2-Matrix-animation-output-transform-array" count="368">

0.999872 0.013648 -0.008296 0.005700 -0.015895 0.799574 -0.600358 2.332400 -0.001561 0.600413 0.799689 0.000000 0.000000 0.000000 0.000000 1.000000
0.999871 0.013738 -0.008370 0.005700 -0.016001 0.795762 -0.605398 2.332400 -0.001657 0.605454 0.795879 0.000000 0.000000 0.000000 0.000000 1.000000
0.999863 0.014115 -0.008692 0.005700 -0.016446 0.779142 -0.626631 2.332400 -0.002073 0.626688 0.779267 0.000000 0.000000 0.000000 0.000000 1.000000
0.999850 0.014675 -0.009203 0.005700 -0.017105 0.752605 -0.658250 2.332400 -0.002734 0.658308 0.752743 0.000000 0.000000 0.000000 0.000000 1.000000
0.999825 0.015682 -0.010241 0.005700 -0.018283 0.698466 -0.715410 2.332400 -0.004066 0.715472 0.698630 -0.000000 0.000000 0.000000 0.000000 1.000000
0.999790 0.016845 -0.011676 0.005700 -0.019630 0.623080 -0.781912 2.332400 -0.005896 0.781977 0.623280 0.000000 0.000000 0.000000 0.000000 1.000000
0.999750 0.017940 -0.013363 0.005700 -0.020879 0.533866 -0.845312 2.332400 -0.008031 0.845379 0.534107 0.000000 0.000000 0.000000 0.000000 1.000000
0.999709 0.018817 -0.015098 0.005700 -0.021857 0.441583 -0.896954 2.332400 -0.010211 0.897023 0.441866 0.000000 0.000000 0.000000 0.000000 1.000000
0.999669 0.019470 -0.016804 0.005700 -0.022562 0.350244 -0.936387 2.332400 -0.012346 0.936456 0.350568 -0.000000 0.000000 0.000000 0.000000 1.000000
0.999634 0.019896 -0.018328 0.005700 -0.022999 0.268391 -0.963035 2.332400 -0.014241 0.963105 0.268751 0.000000 0.000000 0.000000 0.000000 1.000000
0.999616 0.020062 -0.019112 0.005700 -0.023157 0.226115 -0.973825 2.332400 -0.015215 0.973894 0.226493 -0.000000 0.000000 0.000000 0.000000 1.000000
0.999619 0.020041 -0.019002 0.005700 -0.023138 0.232073 -0.972423 2.332400 -0.015079 0.972492 0.232448 0.000000 0.000000 0.000000 0.000000 1.000000
0.999630 0.019935 -0.018497 0.005700 -0.023037 0.259282 -0.965527 2.332400 -0.014451 0.965596 0.259645 0.000000 0.000000 0.000000 0.000000 1.000000
0.999647 0.019755 -0.017763 0.005700 -0.022857 0.298778 -0.954049 2.332400 -0.013539 0.954118 0.299124 0.000000 0.000000 0.000000 0.000000 1.000000
0.999667 0.019507 -0.016917 0.005700 -0.022600 0.344187 -0.938629 2.332400 -0.012487 0.938699 0.344513 0.000000 0.000000 0.000000 0.000000 1.000000
0.999686 0.019222 -0.016096 0.005700 -0.022298 0.388197 -0.921307 2.332400 -0.011461 0.921376 0.388503 0.000000 0.000000 0.000000 0.000000 1.000000
0.999706 0.018867 -0.015210 0.005700 -0.021912 0.435584 -0.899881 2.332400 -0.010353 0.899950 0.435869 0.000000 0.000000 0.000000 0.000000 1.000000
0.999732 0.018343 -0.014105 0.005700 -0.021332 0.494460 -0.868939 2.332400 -0.008965 0.869007 0.494719 0.000000 0.000000 0.000000 0.000000 1.000000
0.999774 0.017312 -0.012347 0.005700 -0.020165 0.587693 -0.808833 2.332400 -0.006746 0.808899 0.587909 0.000000 0.000000 0.000000 0.000000 1.000000
0.999813 0.016107 -0.010732 0.005700 -0.018777 0.672768 -0.739616 2.332400 -0.004692 0.739679 0.672944 -0.000000 0.000000 0.000000 0.000000 1.000000
0.999843 0.014956 -0.009477 0.005700 -0.017435 0.738361 -0.674181 2.332400 -0.003086 0.674240 0.738506 0.000000 0.000000 0.000000 0.000000 1.000000
0.999864 0.014066 -0.008649 0.005700 -0.016388 0.781313 -0.623924 2.332400 -0.002019 0.623981 0.781437 0.000000 0.000000 0.000000 0.000000 1.000000
0.999872 0.013648 -0.008296 0.005700 -0.015895 0.799574 -0.600358 2.332400 -0.001561 0.600413 0.799689 0.000000 0.000000 0.000000 0.000000 1.000000</float_array>
        <technique_common>
          <accessor source="#mixamorig_RightHandPinky2-Matrix-animation-output-transform-array" count="23" stride="16">
            <param type="float4x4"/>
          </accessor>
        </technique_common>
      </source>
      <source id="mixamorig_RightHandPinky2-Interpolations">
        <Name_array id="mixamorig_RightHandPinky2-Interpolations-array" count="23">
 LINEAR LINEAR LINEAR LINEAR LINEAR LINEAR LINEAR LINEAR LINEAR LINEAR LINEAR
LINEAR LINEAR LINEAR LINEAR LINEAR LINEAR LINEAR LINEAR LINEAR LINEAR LINEAR LINEAR</Name_array>
        <technique_common>
          <accessor source="#mixamorig_RightHandPinky2-Interpolations-array" count="23">
            <param type="name"/>
          </accessor>
        </technique_common>
      </source>
      <sampler id="mixamorig_RightHandPinky2-Matrix-animation-transform">
        <input semantic="INPUT" source="#mixamorig_RightHandPinky2-Matrix-animation-input"/>
        <input semantic="OUTPUT" source="#mixamorig_RightHandPinky2-Matrix-animation-output-transform"/>
        <input semantic="INTERPOLATION" source="#mixamorig_RightHandPinky2-Interpolations"/>
      </sampler>
      <channel source="#mixamorig_RightHandPinky2-Matrix-animation-transform" target="mixamorig_RightHandPinky2/matrix"/>
    </animation>
    <animation id="mixamorig_RightHandPinky3-anim" name="mixamorig_RightHandPinky3">
      <source id="mixamorig_RightHandPinky3-Matrix-animation-input">
        <float_array id="mixamorig_RightHandPinky3-Matrix-animation-input-array" count="23">

0.000000 0.033333 0.066667 0.100000 0.133333 0.166667 0.200000 0.233333 0.266667 0.300000 0.333333 0.366667 0.400000 0.433333 0.466667 0.500000
0.533333 0.566667 0.600000 0.633333 0.666667 0.700000 0.733333</float_array>
        <technique_common>
          <accessor source="#mixamorig_RightHandPinky3-Matrix-animation-input-array" count="23">
            <param name="TIME" type="float"/>
          </accessor>
        </technique_common>
      </source>
      <source id="mixamorig_RightHandPinky3-Matrix-animation-output-transform">
        <float_array id="mixamorig_RightHandPinky3-Matrix-animation-output-transform-array" count="368">

0.999922 0.010371 -0.007029 -0.003000 -0.012518 0.803561 -0.595091 2.529300 -0.000524 0.595132 0.803628 0.000000 0.000000 0.000000 0.000000 1.000000
0.999920 0.010460 -0.007078 -0.003000 -0.012615 0.800247 -0.599538 2.529300 -0.000607 0.599580 0.800315 0.000000 0.000000 0.000000 0.000000 1.000000
0.999915 0.010839 -0.007298 -0.003000 -0.013031 0.785824 -0.618313 2.529300 -0.000966 0.618356 0.785898 -0.000000 0.000000 0.000000 0.000000 1.000000
0.999906 0.011403 -0.007649 -0.003000 -0.013645 0.763030 -0.646219 2.529300 -0.001533 0.646263 0.763113 -0.000000 0.000000 0.000000 0.000000 1.000000
0.999889 0.012357 -0.008309 -0.003000 -0.014667 0.720874 -0.692911 2.529300 -0.002573 0.692956 0.720975 0.000000 0.000000 0.000000 0.000000 1.000000
0.999867 0.013482 -0.009210 -0.003000 -0.015842 0.664552 -0.747074 2.529300 -0.003951 0.747120 0.664677 0.000000 0.000000 0.000000 0.000000 1.000000
0.999840 0.014613 -0.010279 -0.003000 -0.016986 0.599184 -0.800431 2.529300 -0.005538 0.800478 0.599337 0.000000 0.000000 0.000000 0.000000 1.000000
0.999813 0.015603 -0.011382 -0.003000 -0.017948 0.532996 -0.845928 2.529300 -0.007132 0.845974 0.533176 -0.000000 0.000000 0.000000 0.000000 1.000000
0.999788 0.016404 -0.012425 -0.003000 -0.018691 0.471312 -0.881768 2.529300 -0.008609 0.881814 0.471519 0.000000 0.000000 0.000000 0.000000 1.000000
0.999763 0.017102 -0.013476 -0.003000 -0.019303 0.409844 -0.911951 2.529300 -0.010073 0.911995 0.410077 0.000000 0.000000 0.000000 0.000000 1.000000
0.999741 0.017623 -0.014379 -0.003000 -0.019734 0.357699 -0.933629 2.529300 -0.011310 0.933671 0.357954 0.000000 0.000000 0.000000 0.000000 1.000000
0.999727 0.017925 -0.014964 -0.003000 -0.019968 0.324114 -0.945807 2.529300 -0.012104 0.945848 0.324384 0.000000 0.000000 0.000000 0.000000 1.000000
0.999725 0.017970 -0.015053 -0.003000 -0.020001 0.318983 -0.947549 2.529300 -0.012225 0.947590 0.319254 0.000000 0.000000 0.000000 0.000000 1.000000
0.999736 0.017750 -0.014617 -0.003000 -0.019833 0.344017 -0.938754 2.529300 -0.011634 0.938796 0.344278 0.000000 0.000000 0.000000 0.000000 1.000000
0.999754 0.017329 -0.013856 -0.003000 -0.019495 0.387892 -0.921499 2.529300 -0.010595 0.921542 0.388134 0.000000 0.000000 0.000000 0.000000 1.000000
0.999773 0.016838 -0.013059 -0.003000 -0.019076 0.434164 -0.900632 2.529300 -0.009495 0.900676 0.434387 0.000000 0.000000 0.000000 0.000000 1.000000
0.999792 0.016289 -0.012263 -0.003000 -0.018586 0.480744 -0.876664 2.529300 -0.008384 0.876710 0.480947 -0.000000 0.000000 0.000000 0.000000 1.000000
0.999814 0.015576 -0.011348 -0.003000 -0.017921 0.534942 -0.844698 2.529300 -0.007086 0.844745 0.535122 0.000000 0.000000 0.000000 0.000000 1.000000
0.999847 0.014344 -0.010008 -0.003000 -0.016718 0.615620 -0.787865 2.529300 -0.005140 0.787912 0.615766 -0.000000 0.000000 0.000000 0.000000 1.000000
0.999877 0.012991 -0.008798 -0.003000 -0.015333 0.690091 -0.723560 2.529300 -0.003328 0.723606 0.690205 0.000000 0.000000 0.000000 0.000000 1.000000
0.999900 0.011748 -0.007877 -0.003000 -0.014017 0.748352 -0.663153 2.529300 -0.001896 0.663198 0.748442 0.000000 0.000000 0.000000 0.000000 1.000000
0.999915 0.010808 -0.007280 -0.003000 -0.012997 0.786988 -0.616831 2.529300 -0.000938 0.616874 0.787062 -0.000000 0.000000 0.000000 0.000000 1.000000
0.999922 0.010371 -0.007028 -0.003000 -0.012517 0.803561 -0.595091 2.529300 -0.000524 0.595132 0.803628 0.000000 0.000000 0.000000 0.000000 1.000000</float_array>
        <technique_common>
          <accessor source="#mixamorig_RightHandPinky3-Matrix-animation-output-transform-array" count="23" stride="16">
            <param type="float4x4"/>
          </accessor>
        </technique_common>
      </source>
      <source id="mixamorig_RightHandPinky3-Interpolations">
        <Name_array id="mixamorig_RightHandPinky3-Interpolations-array" count="23">
 LINEAR LINEAR LINEAR LINEAR LINEAR LINEAR LINEAR LINEAR LINEAR LINEAR LINEAR
LINEAR LINEAR LINEAR LINEAR LINEAR LINEAR LINEAR LINEAR LINEAR LINEAR LINEAR LINEAR</Name_array>
        <technique_common>
          <accessor source="#mixamorig_RightHandPinky3-Interpolations-array" count="23">
            <param type="name"/>
          </accessor>
        </technique_common>
      </source>
      <sampler id="mixamorig_RightHandPinky3-Matrix-animation-transform">
        <input semantic="INPUT" source="#mixamorig_RightHandPinky3-Matrix-animation-input"/>
        <input semantic="OUTPUT" source="#mixamorig_RightHandPinky3-Matrix-animation-output-transform"/>
        <input semantic="INTERPOLATION" source="#mixamorig_RightHandPinky3-Interpolations"/>
      </sampler>
      <channel source="#mixamorig_RightHandPinky3-Matrix-animation-transform" target="mixamorig_RightHandPinky3/matrix"/>
    </animation>
    <animation id="mixamorig_LeftUpLeg-anim" name="mixamorig_LeftUpLeg">
      <source id="mixamorig_LeftUpLeg-Matrix-animation-input">
        <float_array id="mixamorig_LeftUpLeg-Matrix-animation-input-array" count="23">

0.000000 0.033333 0.066667 0.100000 0.133333 0.166667 0.200000 0.233333 0.266667 0.300000 0.333333 0.366667 0.400000 0.433333 0.466667 0.500000
0.533333 0.566667 0.600000 0.633333 0.666667 0.700000 0.733333</float_array>
        <technique_common>
          <accessor source="#mixamorig_LeftUpLeg-Matrix-animation-input-array" count="23">
            <param name="TIME" type="float"/>
          </accessor>
        </technique_common>
      </source>
      <source id="mixamorig_LeftUpLeg-Matrix-animation-output-transform">
        <float_array id="mixamorig_LeftUpLeg-Matrix-animation-output-transform-array" count="368">

-0.928311 0.232654 -0.290019 13.280500 -0.371708 -0.598496 0.709672 -6.012500 -0.008468 0.766599 0.642070 -0.531400 0.000000 0.000000 0.000000 1.000000
-0.867962 0.301590 -0.394569 13.280500 -0.484639 -0.340834 0.805579 -6.012500 0.108472 0.890436 0.441993 -0.531400 0.000000 0.000000 0.000000 1.000000
-0.912219 0.329989 -0.242826 13.280500 -0.336754 -0.266334 0.903141 -6.012500 0.233353 0.905634 0.354080 -0.531400 0.000000 0.000000 0.000000 1.000000
-0.943422 0.309220 -0.119738 13.280500 -0.196089 -0.229057 0.953458 -6.012500 0.267402 0.922993 0.276732 -0.531400 0.000000 0.000000 0.000000 1.000000
-0.959361 0.253384 -0.124185 13.280500 -0.195233 -0.278267 0.940453 -6.012500 0.203739 0.926479 0.316428 -0.531400 0.000000 0.000000 0.000000 1.000000
-0.954811 0.257271 -0.148824 13.280500 -0.237971 -0.361756 0.901389 -6.012500 0.178063 0.896072 0.406631 -0.531400 0.000000 0.000000 0.000000 1.000000
-0.942968 0.308267 -0.125627 13.280500 -0.247975 -0.398732 0.882905 -6.012500 0.222079 0.863703 0.452435 -0.531400 0.000000 0.000000 0.000000 1.000000
-0.946204 0.320120 -0.047135 13.280500 -0.192435 -0.439616 0.877329 -6.012500 0.260130 0.839203 0.477568 -0.531400 0.000000 0.000000 0.000000 1.000000
-0.958895 0.262443 -0.107909 13.280500 -0.224881 -0.470909 0.853038 -6.012500 0.173059 0.842240 0.510571 -0.531400 0.000000 0.000000 0.000000 1.000000
-0.973542 0.193787 -0.121087 13.280500 -0.208191 -0.533791 0.819588 -6.012500 0.094190 0.823113 0.560012 -0.531400 0.000000 0.000000 0.000000 1.000000
-0.982886 0.169589 -0.071936 13.280500 -0.161179 -0.602604 0.781594 -6.012500 0.089201 0.779813 0.619625 -0.531400 0.000000 0.000000 0.000000 1.000000
-0.988229 0.144537 -0.050117 13.280500 -0.141495 -0.739066 0.658605 -6.012500 0.058154 0.657944 0.750818 -0.531400 0.000000 0.000000 0.000000 1.000000
-0.994474 0.098542 0.036204 13.280500 -0.070555 -0.882717 0.464578 -6.012500 0.077739 0.459457 0.884792 -0.531400 0.000000 0.000000 0.000000 1.000000
-0.993086 0.045120 0.108370 13.280500 -0.023058 -0.980174 0.196794 -6.012500 0.115101 0.192935 0.974437 -0.531400 0.000000 0.000000 0.000000 1.000000
-0.989953 -0.040576 0.135451 13.280500 0.027640 -0.994993 -0.096049 -6.012500 0.138670 -0.091341 0.986117 -0.531400 0.000000 0.000000 0.000000 1.000000
-0.987427 -0.127345 0.093656 13.280500 0.092160 -0.945124 -0.313443 -6.012500 0.128432 -0.300871 0.944977 -0.531400 0.000000 0.000000 0.000000 1.000000
-0.981934 -0.188677 0.014387 13.280500 0.170597 -0.915605 -0.364093 -6.012500 0.081869 -0.355061 0.931251 -0.531400 0.000000 0.000000 0.000000 1.000000
-0.971545 -0.215069 -0.099224 13.280500 0.234164 -0.935128 -0.265899 -6.012500 -0.035601 -0.281567 0.958881 -0.531400 0.000000 0.000000 0.000000 1.000000
-0.971071 -0.187264 -0.148164 13.280500 0.208951 -0.966717 -0.147641 -6.012500 -0.115585 -0.174329 0.977880 -0.531400 0.000000 0.000000 0.000000 1.000000
-0.979009 -0.101822 -0.176561 13.280500 0.106122 -0.994239 -0.015060 -6.012500 -0.174010 -0.033481 0.984175 -0.531400 0.000000 0.000000 0.000000 1.000000
-0.865841 0.019749 -0.499929 13.280500 -0.119039 -0.978658 0.167505 -6.012500 -0.485952 0.204544 0.849713 -0.531400 0.000000 0.000000 0.000000 1.000000
-0.945759 0.135186 -0.295407 13.280500 -0.266893 -0.841763 0.469257 -6.012500 -0.185226 0.522646 0.832185 -0.531400 0.000000 0.000000 0.000000 1.000000
-0.928311 0.232654 -0.290020 13.280500 -0.371709 -0.598496 0.709672 -6.012500 -0.008468 0.766599 0.642070 -0.531400 0.000000 0.000000 0.000000 1.000000</float_array>
        <technique_common>
          <accessor source="#mixamorig_LeftUpLeg-Matrix-animation-output-transform-array" count="23" stride="16">
            <param type="float4x4"/>
          </accessor>
        </technique_common>
      </source>
      <source id="mixamorig_LeftUpLeg-Interpolations">
        <Name_array id="mixamorig_LeftUpLeg-Interpolations-array" count="23">
 LINEAR LINEAR LINEAR LINEAR LINEAR LINEAR LINEAR LINEAR LINEAR LINEAR LINEAR
LINEAR LINEAR LINEAR LINEAR LINEAR LINEAR LINEAR LINEAR LINEAR LINEAR LINEAR LINEAR</Name_array>
        <technique_common>
          <accessor source="#mixamorig_LeftUpLeg-Interpolations-array" count="23">
            <param type="name"/>
          </accessor>
        </technique_common>
      </source>
      <sampler id="mixamorig_LeftUpLeg-Matrix-animation-transform">
        <input semantic="INPUT" source="#mixamorig_LeftUpLeg-Matrix-animation-input"/>
        <input semantic="OUTPUT" source="#mixamorig_LeftUpLeg-Matrix-animation-output-transform"/>
        <input semantic="INTERPOLATION" source="#mixamorig_LeftUpLeg-Interpolations"/>
      </sampler>
      <channel source="#mixamorig_LeftUpLeg-Matrix-animation-transform" target="mixamorig_LeftUpLeg/matrix"/>
    </animation>
    <animation id="mixamorig_LeftLeg-anim" name="mixamorig_LeftLeg">
      <source id="mixamorig_LeftLeg-Matrix-animation-input">
        <float_array id="mixamorig_LeftLeg-Matrix-animation-input-array" count="23">

0.000000 0.033333 0.066667 0.100000 0.133333 0.166667 0.200000 0.233333 0.266667 0.300000 0.333333 0.366667 0.400000 0.433333 0.466667 0.500000
0.533333 0.566667 0.600000 0.633333 0.666667 0.700000 0.733333</float_array>
        <technique_common>
          <accessor source="#mixamorig_LeftLeg-Matrix-animation-input-array" count="23">
            <param name="TIME" type="float"/>
          </accessor>
        </technique_common>
      </source>
      <source id="mixamorig_LeftLeg-Matrix-animation-output-transform">
        <float_array id="mixamorig_LeftLeg-Matrix-animation-output-transform-array" count="368">

0.879317 0.443628 0.173192 0.000000 0.048101 -0.444540 0.894467 52.183899 0.473801 -0.778189 -0.412230 0.000000 0.000000 0.000000 0.000000 1.000000
0.851117 0.523303 -0.041876 -0.000000 0.243084 -0.322143 0.914951 52.183899 0.465306 -0.788909 -0.401387 0.000000 0.000000 0.000000 0.000000 1.000000
0.890787 0.400815 -0.214116 0.000000 0.215159 0.043006 0.975632 52.183899 0.400257 -0.915149 -0.047929 0.000000 0.000000 0.000000 0.000000 1.000000
0.957711 0.220639 -0.184684 0.000000 0.088403 0.385178 0.918598 52.183899 0.273815 -0.896078 0.349384 0.000000 0.000000 0.000000 0.000000 1.000000
0.969463 0.125286 -0.210821 0.000000 0.062448 0.705201 0.706252 52.183899 0.237155 -0.697850 0.675842 0.000000 0.000000 0.000000 0.000000 1.000000
0.969079 0.055992 -0.240315 0.000000 0.079113 0.851995 0.517537 52.183899 0.233725 -0.520546 0.821221 0.000000 0.000000 0.000000 0.000000 1.000000
0.968625 0.059013 -0.241417 0.000000 0.092228 0.816680 0.569673 52.183899 0.230779 -0.574066 0.785614 0.000000 0.000000 0.000000 0.000000 1.000000
0.981629 0.094595 -0.165701 0.000000 0.051894 0.703348 0.708949 52.183899 0.183608 -0.704524 0.685517 -0.000000 0.000000 0.000000 0.000000 1.000000
0.946227 0.238684 -0.218366 0.000000 0.060167 0.533384 0.843731 52.183899 0.317858 -0.811499 0.490342 0.000000 0.000000 0.000000 0.000000 1.000000
0.913302 0.327587 -0.242006 0.000000 0.103786 0.387388 0.916056 52.183899 0.393838 -0.861753 0.319803 0.000000 0.000000 0.000000 0.000000 1.000000
0.914480 0.339373 -0.220345 0.000000 0.122242 0.287398 0.949978 52.183899 0.385724 -0.895672 0.221334 -0.000000 0.000000 0.000000 0.000000 1.000000
0.903973 0.357260 -0.234942 0.000000 0.127669 0.298881 0.945712 52.183899 0.408084 -0.884893 0.224569 0.000000 0.000000 0.000000 0.000000 1.000000
0.938448 0.271765 -0.213211 0.000000 0.091983 0.398349 0.912610 52.183899 0.332948 -0.876049 0.348832 0.000000 0.000000 0.000000 0.000000 1.000000
0.972020 0.159549 -0.172399 -0.000000 0.048549 0.581631 0.812003 52.183899 0.229826 -0.797653 0.557611 0.000000 0.000000 0.000000 0.000000 1.000000
0.985322 0.046837 -0.164156 0.000000 0.058378 0.811194 0.581856 52.183899 0.160415 -0.582899 0.796552 -0.000000 0.000000 0.000000 0.000000 1.000000
0.988090 -0.014542 -0.153191 0.000000 0.065684 0.940132 0.334422 52.183899 0.139156 -0.340501 0.929890 0.000000 0.000000 0.000000 0.000000 1.000000
0.986111 -0.036772 -0.161966 0.000000 0.086777 0.945564 0.313655 52.183899 0.141615 -0.323353 0.935622 0.000000 0.000000 0.000000 0.000000 1.000000
0.997316 0.058471 -0.044075 -0.000000 -0.025096 0.838433 0.544426 52.183899 0.068787 -0.541859 0.837650 0.000000 0.000000 0.000000 0.000000 1.000000
0.967890 0.247288 -0.045129 0.000000 -0.113630 0.590556 0.798956 52.183899 0.224224 -0.768174 0.599693 0.000000 0.000000 0.000000 0.000000 1.000000
0.910216 0.401690 -0.100757 0.000000 0.013672 0.214017 0.976734 52.183899 0.413908 -0.890417 0.189310 0.000000 0.000000 0.000000 0.000000 1.000000
0.701489 0.712390 -0.020342 0.000000 0.179853 -0.149338 0.972292 52.183899 0.689613 -0.685711 -0.232884 -0.000000 0.000000 0.000000 0.000000 1.000000
0.851241 0.500571 0.157537 0.000000 0.056365 -0.385675 0.920911 52.183899 0.521740 -0.775038 -0.356517 0.000000 0.000000 0.000000 0.000000 1.000000
0.879317 0.443628 0.173193 0.000000 0.048100 -0.444542 0.894466 52.183899 0.473801 -0.778188 -0.412232 0.000000 0.000000 0.000000 0.000000 1.000000</float_array>
        <technique_common>
          <accessor source="#mixamorig_LeftLeg-Matrix-animation-output-transform-array" count="23" stride="16">
            <param type="float4x4"/>
          </accessor>
        </technique_common>
      </source>
      <source id="mixamorig_LeftLeg-Interpolations">
        <Name_array id="mixamorig_LeftLeg-Interpolations-array" count="23">
 LINEAR LINEAR LINEAR LINEAR LINEAR LINEAR LINEAR LINEAR LINEAR LINEAR LINEAR
LINEAR LINEAR LINEAR LINEAR LINEAR LINEAR LINEAR LINEAR LINEAR LINEAR LINEAR LINEAR</Name_array>
        <technique_common>
          <accessor source="#mixamorig_LeftLeg-Interpolations-array" count="23">
            <param type="name"/>
          </accessor>
        </technique_common>
      </source>
      <sampler id="mixamorig_LeftLeg-Matrix-animation-transform">
        <input semantic="INPUT" source="#mixamorig_LeftLeg-Matrix-animation-input"/>
        <input semantic="OUTPUT" source="#mixamorig_LeftLeg-Matrix-animation-output-transform"/>
        <input semantic="INTERPOLATION" source="#mixamorig_LeftLeg-Interpolations"/>
      </sampler>
      <channel source="#mixamorig_LeftLeg-Matrix-animation-transform" target="mixamorig_LeftLeg/matrix"/>
    </animation>
    <animation id="mixamorig_LeftFoot-anim" name="mixamorig_LeftFoot">
      <source id="mixamorig_LeftFoot-Matrix-animation-input">
        <float_array id="mixamorig_LeftFoot-Matrix-animation-input-array" count="23">

0.000000 0.033333 0.066667 0.100000 0.133333 0.166667 0.200000 0.233333 0.266667 0.300000 0.333333 0.366667 0.400000 0.433333 0.466667 0.500000
0.533333 0.566667 0.600000 0.633333 0.666667 0.700000 0.733333</float_array>
        <technique_common>
          <accessor source="#mixamorig_LeftFoot-Matrix-animation-input-array" count="23">
            <param name="TIME" type="float"/>
          </accessor>
        </technique_common>
      </source>
      <source id="mixamorig_LeftFoot-Matrix-animation-output-transform">
        <float_array id="mixamorig_LeftFoot-Matrix-animation-output-transform-array" count="368">

0.993034 0.043305 -0.109586 0.000000 -0.117728 0.325574 -0.938159 50.974098 -0.004948 0.944525 0.328404 -0.000000 0.000000 0.000000 0.000000 1.000000
0.985396 0.141291 -0.095037 0.000000 -0.122881 0.203678 -0.971296 50.974098 -0.117878 0.968789 0.218065 0.000000 0.000000 0.000000 0.000000 1.000000
0.997742 0.031490 -0.059320 0.000000 -0.061706 0.081181 -0.994787 50.974098 -0.026510 0.996202 0.082940 0.000000 0.000000 0.000000 0.000000 1.000000
0.997967 -0.021961 -0.059829 -0.000000 -0.056648 0.124493 -0.990602 50.974098 0.029202 0.991977 0.122996 0.000000 0.000000 0.000000 0.000000 1.000000
0.992827 -0.033991 -0.114626 0.000000 -0.104086 0.225996 -0.968551 50.974098 0.058827 0.973535 0.220837 0.000000 0.000000 0.000000 0.000000 1.000000
0.988718 -0.054045 -0.139702 -0.000000 -0.118557 0.287682 -0.950360 50.974098 0.091552 0.956200 0.278029 0.000000 0.000000 0.000000 0.000000 1.000000
0.994149 -0.052911 -0.094175 0.000000 -0.078825 0.240765 -0.967377 50.974098 0.073859 0.969140 0.235186 0.000000 0.000000 0.000000 0.000000 1.000000
0.995803 -0.011424 -0.090808 -0.000000 -0.083694 0.287884 -0.954001 50.974098 0.037041 0.957597 0.285720 0.000000 0.000000 0.000000 0.000000 1.000000
0.999727 -0.001252 -0.023326 -0.000000 -0.022324 0.242885 -0.969798 50.974098 0.006880 0.970054 0.242790 0.000000 0.000000 0.000000 0.000000 1.000000
0.999231 0.035349 -0.016958 0.000000 -0.020294 0.096268 -0.995148 50.974098 -0.033545 0.994728 0.096912 -0.000000 0.000000 0.000000 0.000000 1.000000
0.998728 0.045784 -0.021128 0.000000 -0.016697 -0.095093 -0.995328 50.974098 -0.047579 0.994415 -0.094208 0.000000 0.000000 0.000000 0.000000 1.000000
0.997960 0.048707 -0.041264 0.000000 -0.029265 -0.225403 -0.973826 50.974098 -0.056733 0.973047 -0.223518 -0.000000 0.000000 0.000000 0.000000 1.000000
0.998745 0.017839 -0.046790 0.000000 -0.040717 -0.254629 -0.966181 50.974098 -0.029150 0.966874 -0.253583 0.000000 0.000000 0.000000 0.000000 1.000000
0.997982 -0.018213 -0.060829 0.000000 -0.062995 -0.163811 -0.984478 50.974098 0.007966 0.986324 -0.164628 0.000000 0.000000 0.000000 0.000000 1.000000
0.994403 -0.032574 -0.100509 -0.000000 -0.096069 0.117175 -0.988454 50.974098 0.043975 0.992577 0.113390 0.000000 0.000000 0.000000 0.000000 1.000000
0.986849 -0.034033 -0.158022 0.000000 -0.118966 0.508924 -0.852551 50.974098 0.109436 0.860138 0.498183 0.000000 0.000000 0.000000 0.000000 1.000000
0.958533 0.072183 -0.275690 -0.000000 -0.237182 0.738358 -0.631325 50.974098 0.157987 0.670535 0.724861 -0.000000 0.000000 0.000000 0.000000 1.000000
0.984654 0.027472 -0.172343 -0.000000 -0.146990 0.662900 -0.734137 50.974098 0.094078 0.748203 0.656766 0.000000 0.000000 0.000000 0.000000 1.000000
0.983744 0.054993 -0.170947 0.000000 -0.168779 0.608244 -0.775598 50.974098 0.061325 0.791843 0.607639 0.000000 0.000000 0.000000 0.000000 1.000000
0.987520 0.059016 -0.146016 -0.000000 -0.156353 0.478648 -0.863973 50.974098 0.018902 0.876021 0.481902 -0.000000 0.000000 0.000000 0.000000 1.000000
0.988713 0.134760 -0.065472 0.000000 -0.111978 0.374342 -0.920505 50.974098 -0.099538 0.917446 0.385207 0.000000 0.000000 0.000000 0.000000 1.000000
0.996542 0.048716 -0.067306 0.000000 -0.079638 0.329101 -0.940931 50.974098 -0.023688 0.943037 0.331843 0.000000 0.000000 0.000000 0.000000 1.000000
0.993033 0.043305 -0.109587 0.000000 -0.117729 0.325571 -0.938159 50.974098 -0.004948 0.944525 0.328402 0.000000 0.000000 0.000000 0.000000 1.000000</float_array>
        <technique_common>
          <accessor source="#mixamorig_LeftFoot-Matrix-animation-output-transform-array" count="23" stride="16">
            <param type="float4x4"/>
          </accessor>
        </technique_common>
      </source>
      <source id="mixamorig_LeftFoot-Interpolations">
        <Name_array id="mixamorig_LeftFoot-Interpolations-array" count="23">
 LINEAR LINEAR LINEAR LINEAR LINEAR LINEAR LINEAR LINEAR LINEAR LINEAR LINEAR
LINEAR LINEAR LINEAR LINEAR LINEAR LINEAR LINEAR LINEAR LINEAR LINEAR LINEAR LINEAR</Name_array>
        <technique_common>
          <accessor source="#mixamorig_LeftFoot-Interpolations-array" count="23">
            <param type="name"/>
          </accessor>
        </technique_common>
      </source>
      <sampler id="mixamorig_LeftFoot-Matrix-animation-transform">
        <input semantic="INPUT" source="#mixamorig_LeftFoot-Matrix-animation-input"/>
        <input semantic="OUTPUT" source="#mixamorig_LeftFoot-Matrix-animation-output-transform"/>
        <input semantic="INTERPOLATION" source="#mixamorig_LeftFoot-Interpolations"/>
      </sampler>
      <channel source="#mixamorig_LeftFoot-Matrix-animation-transform" target="mixamorig_LeftFoot/matrix"/>
    </animation>
    <animation id="mixamorig_LeftToeBase-anim" name="mixamorig_LeftToeBase">
      <source id="mixamorig_LeftToeBase-Matrix-animation-input">
        <float_array id="mixamorig_LeftToeBase-Matrix-animation-input-array" count="23">

0.000000 0.033333 0.066667 0.100000 0.133333 0.166667 0.200000 0.233333 0.266667 0.300000 0.333333 0.366667 0.400000 0.433333 0.466667 0.500000
0.533333 0.566667 0.600000 0.633333 0.666667 0.700000 0.733333</float_array>
        <technique_common>
          <accessor source="#mixamorig_LeftToeBase-Matrix-animation-input-array" count="23">
            <param name="TIME" type="float"/>
          </accessor>
        </technique_common>
      </source>
      <source id="mixamorig_LeftToeBase-Matrix-animation-output-transform">
        <float_array id="mixamorig_LeftToeBase-Matrix-animation-output-transform-array" count="368">

0.989577 0.058457 0.131602 0.000000 0.012148 0.876748 -0.480797 21.993700 -0.143488 0.477385 0.866900 0.000000 0.000000 0.000000 0.000000 1.000000
0.989580 0.058413 0.131604 0.000000 0.012187 0.876751 -0.480790 21.993700 -0.143468 0.477384 0.866903 0.000000 0.000000 0.000000 0.000000 1.000000
0.989583 0.058357 0.131605 0.000000 0.012237 0.876753 -0.480786 21.993700 -0.143442 0.477388 0.866905 0.000000 0.000000 0.000000 0.000000 1.000000
0.989586 0.058303 0.131606 0.000000 0.012284 0.876754 -0.480782 21.993700 -0.143417 0.477392 0.866908 0.000000 0.000000 0.000000 0.000000 1.000000
0.989589 0.058258 0.131607 0.000000 0.012323 0.876757 -0.480776 21.993700 -0.143396 0.477392 0.866911 0.000000 0.000000 0.000000 0.000000 1.000000
0.989590 0.058237 0.131608 0.000000 0.012342 0.876758 -0.480773 21.993700 -0.143387 0.477393 0.866912 0.000000 0.000000 0.000000 0.000000 1.000000
0.989590 0.058237 0.131608 0.000000 0.012342 0.876759 -0.480771 21.993700 -0.143387 0.477390 0.866913 -0.000000 0.000000 0.000000 0.000000 1.000000
0.989590 0.058237 0.131608 0.000000 0.012342 0.876759 -0.480772 21.993700 -0.143387 0.477392 0.866913 0.000000 0.000000 0.000000 0.000000 1.000000
0.989590 0.058237 0.131607 0.000000 0.012342 0.876758 -0.480773 21.993700 -0.143387 0.477392 0.866912 0.000000 0.000000 0.000000 0.000000 1.000000
0.989590 0.058236 0.131608 0.000000 0.012343 0.876758 -0.480773 21.993700 -0.143387 0.477392 0.866912 -0.000000 0.000000 0.000000 0.000000 1.000000
0.989590 0.058237 0.131608 0.000000 0.012342 0.876759 -0.480771 21.993700 -0.143387 0.477390 0.866913 0.000000 0.000000 0.000000 0.000000 1.000000
0.989431 0.058266 0.132781 -0.000000 0.012806 0.877024 -0.480276 21.993700 -0.144436 0.476901 0.867009 -0.000000 0.000000 0.000000 0.000000 1.000000
0.992261 0.057352 0.110134 0.000000 0.005844 0.864394 -0.502781 21.993700 -0.124035 0.499533 0.857369 0.000000 0.000000 0.000000 0.000000 1.000000
0.986294 0.060458 0.153524 0.000000 0.045314 0.795426 -0.604354 21.993700 -0.158655 0.603027 0.781784 0.000000 0.000000 0.000000 0.000000 1.000000
0.981584 0.080231 0.173365 -0.000000 0.089783 0.607289 -0.789391 21.993700 -0.168616 0.790419 0.588902 -0.000000 0.000000 0.000000 0.000000 1.000000
0.958316 0.133424 0.252642 -0.000000 0.150897 0.514512 -0.844102 21.993700 -0.242611 0.847039 0.472932 -0.000000 0.000000 0.000000 0.000000 1.000000
0.949315 0.126727 0.287647 0.000000 0.141163 0.645760 -0.750378 21.993700 -0.280844 0.752951 0.595140 0.000000 0.000000 0.000000 0.000000 1.000000
0.989578 0.058455 0.131603 0.000000 0.012150 0.876748 -0.480797 21.993700 -0.143487 0.477385 0.866900 0.000000 0.000000 0.000000 0.000000 1.000000
0.989578 0.058455 0.131603 0.000000 0.012151 0.876747 -0.480798 21.993700 -0.143487 0.477386 0.866899 0.000000 0.000000 0.000000 0.000000 1.000000
0.989578 0.058455 0.131602 -0.000000 0.012151 0.876747 -0.480799 21.993700 -0.143487 0.477387 0.866899 0.000000 0.000000 0.000000 0.000000 1.000000
0.989578 0.058455 0.131603 0.000000 0.012150 0.876748 -0.480797 21.993700 -0.143487 0.477385 0.866899 0.000000 0.000000 0.000000 0.000000 1.000000
0.989578 0.058456 0.131603 -0.000000 0.012150 0.876749 -0.480794 21.993700 -0.143488 0.477382 0.866901 0.000000 0.000000 0.000000 0.000000 1.000000
0.989577 0.058457 0.131602 0.000000 0.012148 0.876748 -0.480797 21.993700 -0.143488 0.477385 0.866900 0.000000 0.000000 0.000000 0.000000 1.000000</float_array>
        <technique_common>
          <accessor source="#mixamorig_LeftToeBase-Matrix-animation-output-transform-array" count="23" stride="16">
            <param type="float4x4"/>
          </accessor>
        </technique_common>
      </source>
      <source id="mixamorig_LeftToeBase-Interpolations">
        <Name_array id="mixamorig_LeftToeBase-Interpolations-array" count="23">
 LINEAR LINEAR LINEAR LINEAR LINEAR LINEAR LINEAR LINEAR LINEAR LINEAR LINEAR
LINEAR LINEAR LINEAR LINEAR LINEAR LINEAR LINEAR LINEAR LINEAR LINEAR LINEAR LINEAR</Name_array>
        <technique_common>
          <accessor source="#mixamorig_LeftToeBase-Interpolations-array" count="23">
            <param type="name"/>
          </accessor>
        </technique_common>
      </source>
      <sampler id="mixamorig_LeftToeBase-Matrix-animation-transform">
        <input semantic="INPUT" source="#mixamorig_LeftToeBase-Matrix-animation-input"/>
        <input semantic="OUTPUT" source="#mixamorig_LeftToeBase-Matrix-animation-output-transform"/>
        <input semantic="INTERPOLATION" source="#mixamorig_LeftToeBase-Interpolations"/>
      </sampler>
      <channel source="#mixamorig_LeftToeBase-Matrix-animation-transform" target="mixamorig_LeftToeBase/matrix"/>
    </animation>
    <animation id="mixamorig_RightUpLeg-anim" name="mixamorig_RightUpLeg">
      <source id="mixamorig_RightUpLeg-Matrix-animation-input">
        <float_array id="mixamorig_RightUpLeg-Matrix-animation-input-array" count="23">

0.000000 0.033333 0.066667 0.100000 0.133333 0.166667 0.200000 0.233333 0.266667 0.300000 0.333333 0.366667 0.400000 0.433333 0.466667 0.500000
0.533333 0.566667 0.600000 0.633333 0.666667 0.700000 0.733333</float_array>
        <technique_common>
          <accessor source="#mixamorig_RightUpLeg-Matrix-animation-input-array" count="23">
            <param name="TIME" type="float"/>
          </accessor>
        </technique_common>
      </source>
      <source id="mixamorig_RightUpLeg-Matrix-animation-output-transform">
        <float_array id="mixamorig_RightUpLeg-Matrix-animation-output-transform-array" count="368">

-0.936292 0.248685 0.248020 -13.293700 -0.002687 -0.711211 0.702974 -6.012500 0.351214 0.657522 0.666569 -0.531400 0.000000 0.000000 0.000000 1.000000
-0.959088 0.195387 0.204875 -13.293700 -0.017474 -0.763139 0.645998 -6.012500 0.282568 0.615989 0.735332 -0.531400 0.000000 0.000000 0.000000 1.000000
-0.970677 0.099216 0.218959 -13.293700 0.024256 -0.865780 0.499837 -6.012500 0.239161 0.490491 0.837986 -0.531400 0.000000 0.000000 0.000000 1.000000
-0.985017 -0.027877 0.170190 -13.293700 0.079366 -0.949413 0.303836 -6.012500 0.153111 0.312791 0.937400 -0.531400 0.000000 0.000000 0.000000 1.000000
-0.990376 -0.118892 0.070855 -13.293700 0.127266 -0.983498 0.128590 -6.012500 0.054397 0.136370 0.989163 -0.531400 0.000000 0.000000 0.000000 1.000000
-0.985852 -0.112060 0.124650 -13.293700 0.112952 -0.993600 0.000090 -6.012500 0.123843 0.014169 0.992201 -0.531400 0.000000 0.000000 0.000000 1.000000
-0.946799 -0.053708 0.317313 -13.293700 0.055480 -0.998454 -0.003453 -6.012500 0.317008 0.014335 0.948314 -0.531400 0.000000 0.000000 0.000000 1.000000
-0.873033 -0.016895 0.487369 -13.293700 0.059311 -0.995659 0.071730 -6.012500 0.484041 0.091529 0.870245 -0.531400 0.000000 0.000000 0.000000 1.000000
-0.869252 -0.007831 0.494307 -13.293700 0.130771 -0.967902 0.214629 -6.012500 0.476760 0.251207 0.842374 -0.531400 0.000000 0.000000 0.000000 1.000000
-0.889176 0.009098 0.457474 -13.293700 0.205432 -0.885433 0.416900 -6.012500 0.408856 0.464677 0.785437 -0.531400 0.000000 0.000000 0.000000 1.000000
-0.910453 0.116241 0.396943 -13.293700 0.214860 -0.687132 0.694035 -6.012500 0.353428 0.717173 0.600626 -0.531400 0.000000 0.000000 0.000000 1.000000
-0.925167 0.242273 0.292182 -13.293700 0.157947 -0.454233 0.876770 -6.012500 0.345136 0.857308 0.381975 -0.531400 0.000000 0.000000 0.000000 1.000000
-0.940686 0.300317 0.157858 -13.293700 0.060787 -0.308563 0.949260 -6.012500 0.333788 0.902551 0.272006 -0.531400 0.000000 0.000000 0.000000 1.000000
-0.949619 0.308298 0.056360 -13.293700 -0.023013 -0.247936 0.968503 -6.012500 0.312561 0.918412 0.242539 -0.531400 0.000000 0.000000 0.000000 1.000000
-0.952969 0.301337 -0.032348 -13.293700 -0.116936 -0.267121 0.956542 -6.012500 0.279600 0.915337 0.289795 -0.531400 0.000000 0.000000 0.000000 1.000000
-0.943065 0.291787 -0.159655 -13.293700 -0.260109 -0.347817 0.900759 -6.012500 0.207299 0.891002 0.403910 -0.531400 0.000000 0.000000 0.000000 1.000000
-0.940661 0.271111 -0.204099 -13.293700 -0.319608 -0.505648 0.801356 -6.012500 0.114054 0.819036 0.562292 -0.531400 0.000000 0.000000 0.000000 1.000000
-0.965863 0.233627 -0.111922 -13.293700 -0.230180 -0.575769 0.784543 -6.012500 0.118849 0.783523 0.609890 -0.531400 0.000000 0.000000 0.000000 1.000000
-0.978864 0.200260 0.041490 -13.293700 -0.098009 -0.637405 0.764271 -6.012500 0.179499 0.744051 0.643559 -0.531400 0.000000 0.000000 0.000000 1.000000
-0.964545 0.234198 0.121669 -13.293700 -0.060809 -0.645825 0.761060 -6.012500 0.256816 0.726678 0.637169 -0.531400 0.000000 0.000000 0.000000 1.000000
-0.928488 0.271027 0.253880 -13.293700 0.014945 -0.655819 0.754770 -6.012500 0.371062 0.704589 0.604869 -0.531400 0.000000 0.000000 0.000000 1.000000
-0.931107 0.274598 0.240076 -13.293700 -0.002026 -0.662082 0.749428 -6.012500 0.364742 0.697311 0.617026 -0.531400 0.000000 0.000000 0.000000 1.000000
-0.936292 0.248685 0.248020 -13.293700 -0.002686 -0.711210 0.702975 -6.012500 0.351213 0.657523 0.666568 -0.531400 0.000000 0.000000 0.000000 1.000000</float_array>
        <technique_common>
          <accessor source="#mixamorig_RightUpLeg-Matrix-animation-output-transform-array" count="23" stride="16">
            <param type="float4x4"/>
          </accessor>
        </technique_common>
      </source>
      <source id="mixamorig_RightUpLeg-Interpolations">
        <Name_array id="mixamorig_RightUpLeg-Interpolations-array" count="23">
 LINEAR LINEAR LINEAR LINEAR LINEAR LINEAR LINEAR LINEAR LINEAR LINEAR LINEAR
LINEAR LINEAR LINEAR LINEAR LINEAR LINEAR LINEAR LINEAR LINEAR LINEAR LINEAR LINEAR</Name_array>
        <technique_common>
          <accessor source="#mixamorig_RightUpLeg-Interpolations-array" count="23">
            <param type="name"/>
          </accessor>
        </technique_common>
      </source>
      <sampler id="mixamorig_RightUpLeg-Matrix-animation-transform">
        <input semantic="INPUT" source="#mixamorig_RightUpLeg-Matrix-animation-input"/>
        <input semantic="OUTPUT" source="#mixamorig_RightUpLeg-Matrix-animation-output-transform"/>
        <input semantic="INTERPOLATION" source="#mixamorig_RightUpLeg-Interpolations"/>
      </sampler>
      <channel source="#mixamorig_RightUpLeg-Matrix-animation-transform" target="mixamorig_RightUpLeg/matrix"/>
    </animation>
    <animation id="mixamorig_RightLeg-anim" name="mixamorig_RightLeg">
      <source id="mixamorig_RightLeg-Matrix-animation-input">
        <float_array id="mixamorig_RightLeg-Matrix-animation-input-array" count="23">

0.000000 0.033333 0.066667 0.100000 0.133333 0.166667 0.200000 0.233333 0.266667 0.300000 0.333333 0.366667 0.400000 0.433333 0.466667 0.500000
0.533333 0.566667 0.600000 0.633333 0.666667 0.700000 0.733333</float_array>
        <technique_common>
          <accessor source="#mixamorig_RightLeg-Matrix-animation-input-array" count="23">
            <param name="TIME" type="float"/>
          </accessor>
        </technique_common>
      </source>
      <source id="mixamorig_RightLeg-Matrix-animation-output-transform">
        <float_array id="mixamorig_RightLeg-Matrix-animation-output-transform-array" count="368">

0.998886 0.037079 0.029181 0.000000 -0.043057 0.463330 0.885139 52.153900 0.019300 -0.885410 0.464410 0.000000 0.000000 0.000000 0.000000 1.000000
0.993985 0.073606 0.081088 0.000000 -0.102241 0.358405 0.927951 52.153900 0.039240 -0.930660 0.363775 0.000000 0.000000 0.000000 0.000000 1.000000
0.993140 0.110112 0.039354 0.000000 -0.083794 0.435428 0.896315 52.153900 0.081559 -0.893464 0.441667 0.000000 0.000000 0.000000 0.000000 1.000000
0.989314 0.142803 -0.029401 0.000000 -0.063219 0.601876 0.796083 52.153900 0.131379 -0.785718 0.604472 0.000000 0.000000 0.000000 0.000000 1.000000
0.982591 0.163000 -0.089136 0.000000 -0.063370 0.745087 0.663950 52.153900 0.174638 -0.646743 0.742445 0.000000 0.000000 0.000000 0.000000 1.000000
0.985222 0.162214 -0.054995 0.000000 -0.097441 0.794865 0.598912 52.153900 0.140865 -0.584702 0.798925 0.000000 0.000000 0.000000 0.000000 1.000000
0.984820 0.133981 -0.110356 0.000000 0.001463 0.629339 0.777130 52.153900 0.173572 -0.765494 0.619590 0.000000 0.000000 0.000000 0.000000 1.000000
0.991021 0.031270 -0.130000 0.000000 0.114416 0.304766 0.945530 52.153900 0.069186 -0.951914 0.298452 0.000000 0.000000 0.000000 0.000000 1.000000
0.995758 -0.027660 -0.087749 0.000000 0.085056 -0.086877 0.992581 52.153900 -0.035079 -0.995835 -0.084156 0.000000 0.000000 0.000000 0.000000 1.000000
0.999258 -0.019507 -0.033216 -0.000000 0.022468 -0.405275 0.913919 52.153900 -0.031290 -0.913987 -0.404536 0.000000 0.000000 0.000000 0.000000 1.000000
0.999577 -0.008754 0.027738 0.000000 -0.027865 -0.561678 0.826886 52.153900 0.008342 -0.827309 -0.561685 0.000000 0.000000 0.000000 0.000000 1.000000
0.999432 -0.009462 0.032358 0.000000 -0.032194 -0.552764 0.832716 52.153900 0.010007 -0.833284 -0.552754 -0.000000 0.000000 0.000000 0.000000 1.000000
0.999721 -0.021471 0.009816 0.000000 -0.017740 -0.408885 0.912413 52.153900 -0.015577 -0.912333 -0.409152 0.000000 0.000000 0.000000 0.000000 1.000000
0.999681 -0.023372 -0.009574 0.000000 0.006031 -0.147189 0.989090 52.153900 -0.024526 -0.988832 -0.147001 0.000000 0.000000 0.000000 0.000000 1.000000
0.999666 0.005414 0.025263 0.000000 -0.025836 0.213519 0.976597 52.153900 -0.000107 -0.976924 0.213587 0.000000 0.000000 0.000000 0.000000 1.000000
0.994055 0.106551 -0.022385 0.000000 -0.048320 0.615986 0.786274 52.153900 0.097568 -0.780518 0.617472 -0.000000 0.000000 0.000000 0.000000 1.000000
0.981991 0.110469 -0.153265 0.000000 -0.044324 0.923304 0.381503 52.153900 0.183654 -0.367839 0.911573 -0.000000 0.000000 0.000000 0.000000 1.000000
0.986434 0.069016 -0.148944 0.000000 -0.040256 0.981324 0.188102 52.153900 0.159144 -0.179554 0.970790 0.000000 0.000000 0.000000 0.000000 1.000000
0.994576 0.059974 -0.084979 -0.000000 -0.035220 0.962943 0.267397 52.153900 0.097867 -0.262954 0.959832 0.000000 0.000000 0.000000 0.000000 1.000000
0.994567 0.097477 -0.036531 0.000000 -0.063826 0.848251 0.525734 52.153900 0.082235 -0.520547 0.849864 0.000000 0.000000 0.000000 0.000000 1.000000
0.995075 0.031366 0.094030 0.000000 -0.089112 0.698518 0.710022 52.153900 -0.043411 -0.714905 0.697873 0.000000 0.000000 0.000000 0.000000 1.000000
0.997089 0.037636 0.066311 0.000000 -0.076052 0.553097 0.829638 52.153900 -0.005452 -0.832266 0.554350 -0.000000 0.000000 0.000000 0.000000 1.000000
0.998886 0.037079 0.029181 0.000000 -0.043057 0.463330 0.885139 52.153900 0.019300 -0.885410 0.464411 0.000000 0.000000 0.000000 0.000000 1.000000</float_array>
        <technique_common>
          <accessor source="#mixamorig_RightLeg-Matrix-animation-output-transform-array" count="23" stride="16">
            <param type="float4x4"/>
          </accessor>
        </technique_common>
      </source>
      <source id="mixamorig_RightLeg-Interpolations">
        <Name_array id="mixamorig_RightLeg-Interpolations-array" count="23">
 LINEAR LINEAR LINEAR LINEAR LINEAR LINEAR LINEAR LINEAR LINEAR LINEAR LINEAR
LINEAR LINEAR LINEAR LINEAR LINEAR LINEAR LINEAR LINEAR LINEAR LINEAR LINEAR LINEAR</Name_array>
        <technique_common>
          <accessor source="#mixamorig_RightLeg-Interpolations-array" count="23">
            <param type="name"/>
          </accessor>
        </technique_common>
      </source>
      <sampler id="mixamorig_RightLeg-Matrix-animation-transform">
        <input semantic="INPUT" source="#mixamorig_RightLeg-Matrix-animation-input"/>
        <input semantic="OUTPUT" source="#mixamorig_RightLeg-Matrix-animation-output-transform"/>
        <input semantic="INTERPOLATION" source="#mixamorig_RightLeg-Interpolations"/>
      </sampler>
      <channel source="#mixamorig_RightLeg-Matrix-animation-transform" target="mixamorig_RightLeg/matrix"/>
    </animation>
    <animation id="mixamorig_RightFoot-anim" name="mixamorig_RightFoot">
      <source id="mixamorig_RightFoot-Matrix-animation-input">
        <float_array id="mixamorig_RightFoot-Matrix-animation-input-array" count="23">

0.000000 0.033333 0.066667 0.100000 0.133333 0.166667 0.200000 0.233333 0.266667 0.300000 0.333333 0.366667 0.400000 0.433333 0.466667 0.500000
0.533333 0.566667 0.600000 0.633333 0.666667 0.700000 0.733333</float_array>
        <technique_common>
          <accessor source="#mixamorig_RightFoot-Matrix-animation-input-array" count="23">
            <param name="TIME" type="float"/>
          </accessor>
        </technique_common>
      </source>
      <source id="mixamorig_RightFoot-Matrix-animation-output-transform">
        <float_array id="mixamorig_RightFoot-Matrix-animation-output-transform-array" count="368">

0.992006 0.069627 0.105240 0.000000 0.107967 -0.036634 -0.993479 51.002602 -0.065317 0.996900 -0.043859 0.000000 0.000000 0.000000 0.000000 1.000000
0.994715 0.080461 0.063782 0.000000 0.074448 -0.137403 -0.987714 51.002602 -0.070709 0.987242 -0.142667 0.000000 0.000000 0.000000 0.000000 1.000000
0.993590 0.079830 0.080040 0.000000 0.093275 -0.178916 -0.979433 51.002602 -0.063867 0.980620 -0.185215 0.000000 0.000000 0.000000 0.000000 1.000000
0.992685 0.061250 0.104047 0.000000 0.108026 -0.065701 -0.991975 51.002602 -0.053923 0.995958 -0.071837 -0.000000 0.000000 0.000000 0.000000 1.000000
0.996567 0.045562 0.069123 0.000000 0.055721 0.248372 -0.967061 51.002602 -0.061230 0.967593 0.244981 0.000000 0.000000 0.000000 0.000000 1.000000
0.991807 0.004693 0.127659 0.000000 0.099328 0.600076 -0.793753 51.002602 -0.080330 0.799930 0.594693 0.000000 0.000000 0.000000 0.000000 1.000000
0.990123 0.003292 0.140164 -0.000000 0.107434 0.624519 -0.773585 51.002602 -0.090082 0.781002 0.617997 0.000000 0.000000 0.000000 0.000000 1.000000
0.967163 -0.027001 0.252719 -0.000000 0.223686 0.562514 -0.795954 51.002602 -0.120666 0.826347 0.550082 0.000000 0.000000 0.000000 0.000000 1.000000
0.972352 -0.008802 0.233356 0.000000 0.206516 0.498898 -0.841696 51.002602 -0.109012 0.866616 0.486922 -0.000000 0.000000 0.000000 0.000000 1.000000
0.985893 0.032929 0.164105 0.000000 0.132679 0.443944 -0.886177 51.002602 -0.102034 0.895449 0.433313 -0.000000 0.000000 0.000000 0.000000 1.000000
0.993169 0.064721 0.097089 0.000000 0.057030 0.456670 -0.887807 51.002602 -0.101797 0.887279 0.449859 0.000000 0.000000 0.000000 0.000000 1.000000
0.988528 0.037968 0.146187 0.000000 0.109791 0.484038 -0.868132 51.002602 -0.103721 0.874223 0.474317 0.000000 0.000000 0.000000 0.000000 1.000000
0.981153 0.016731 0.192507 0.000000 0.164863 0.447166 -0.879126 51.002602 -0.100791 0.894295 0.435980 -0.000000 0.000000 0.000000 0.000000 1.000000
0.968214 -0.004125 0.250090 0.000000 0.229932 0.408239 -0.883443 51.002602 -0.098452 0.912866 0.396211 -0.000000 0.000000 0.000000 0.000000 1.000000
0.971892 0.003751 0.235397 -0.000000 0.215614 0.387302 -0.896386 51.002602 -0.094532 0.921945 0.375607 0.000000 0.000000 0.000000 0.000000 1.000000
0.976775 0.013191 0.213861 0.000000 0.191875 0.390381 -0.900437 51.002602 -0.095365 0.920559 0.378783 0.000000 0.000000 0.000000 0.000000 1.000000
0.977240 0.010076 0.211896 0.000000 0.186156 0.438245 -0.879368 51.002602 -0.101722 0.898799 0.426395 0.000000 0.000000 0.000000 0.000000 1.000000
0.985803 0.037196 0.163735 0.000000 0.136084 0.394230 -0.908881 51.002602 -0.098356 0.918259 0.383571 0.000000 0.000000 0.000000 0.000000 1.000000
0.992623 0.066436 0.101415 -0.000000 0.068992 0.378315 -0.923102 51.002602 -0.099694 0.923290 0.370941 -0.000000 0.000000 0.000000 0.000000 1.000000
0.993666 0.065667 0.091188 0.000000 0.052897 0.442608 -0.895154 51.002602 -0.099142 0.894308 0.436331 0.000000 0.000000 0.000000 0.000000 1.000000
0.991931 0.055509 0.113983 0.000000 0.085512 0.370827 -0.924757 51.002602 -0.093600 0.927042 0.363088 -0.000000 0.000000 0.000000 0.000000 1.000000
0.990761 0.058086 0.122549 0.000000 0.111308 0.167954 -0.979491 51.002602 -0.077477 0.984082 0.159937 -0.000000 0.000000 0.000000 0.000000 1.000000
0.992006 0.069627 0.105239 -0.000000 0.107966 -0.036632 -0.993479 51.002602 -0.065318 0.996900 -0.043857 -0.000000 0.000000 0.000000 0.000000 1.000000</float_array>
        <technique_common>
          <accessor source="#mixamorig_RightFoot-Matrix-animation-output-transform-array" count="23" stride="16">
            <param type="float4x4"/>
          </accessor>
        </technique_common>
      </source>
      <source id="mixamorig_RightFoot-Interpolations">
        <Name_array id="mixamorig_RightFoot-Interpolations-array" count="23">
 LINEAR LINEAR LINEAR LINEAR LINEAR LINEAR LINEAR LINEAR LINEAR LINEAR LINEAR
LINEAR LINEAR LINEAR LINEAR LINEAR LINEAR LINEAR LINEAR LINEAR LINEAR LINEAR LINEAR</Name_array>
        <technique_common>
          <accessor source="#mixamorig_RightFoot-Interpolations-array" count="23">
            <param type="name"/>
          </accessor>
        </technique_common>
      </source>
      <sampler id="mixamorig_RightFoot-Matrix-animation-transform">
        <input semantic="INPUT" source="#mixamorig_RightFoot-Matrix-animation-input"/>
        <input semantic="OUTPUT" source="#mixamorig_RightFoot-Matrix-animation-output-transform"/>
        <input semantic="INTERPOLATION" source="#mixamorig_RightFoot-Interpolations"/>
      </sampler>
      <channel source="#mixamorig_RightFoot-Matrix-animation-transform" target="mixamorig_RightFoot/matrix"/>
    </animation>
    <animation id="mixamorig_RightToeBase-anim" name="mixamorig_RightToeBase">
      <source id="mixamorig_RightToeBase-Matrix-animation-input">
        <float_array id="mixamorig_RightToeBase-Matrix-animation-input-array" count="23">

0.000000 0.033333 0.066667 0.100000 0.133333 0.166667 0.200000 0.233333 0.266667 0.300000 0.333333 0.366667 0.400000 0.433333 0.466667 0.500000
0.533333 0.566667 0.600000 0.633333 0.666667 0.700000 0.733333</float_array>
        <technique_common>
          <accessor source="#mixamorig_RightToeBase-Matrix-animation-input-array" count="23">
            <param name="TIME" type="float"/>
          </accessor>
        </technique_common>
      </source>
      <source id="mixamorig_RightToeBase-Matrix-animation-output-transform">
        <float_array id="mixamorig_RightToeBase-Matrix-animation-output-transform-array" count="368">

0.989966 -0.053677 -0.130713 0.000000 -0.013847 0.883737 -0.467778 22.030199 0.140625 0.464895 0.874127 0.000000 0.000000 0.000000 0.000000 1.000000
0.997912 -0.044577 -0.046734 0.000000 0.012126 0.840055 -0.542366 22.030199 0.063436 0.540667 0.838841 -0.000000 0.000000 0.000000 0.000000 1.000000
0.999022 -0.032460 -0.030038 0.000000 0.006872 0.784878 -0.619612 22.030199 0.043689 0.618799 0.784333 -0.000000 0.000000 0.000000 0.000000 1.000000
0.999203 -0.019567 -0.034791 0.000000 -0.011650 0.690693 -0.723054 22.030199 0.038178 0.722883 0.689915 0.000000 0.000000 0.000000 0.000000 1.000000
0.999197 0.034335 0.020657 0.000000 0.002520 0.460652 -0.887577 22.030199 -0.039990 0.886917 0.460195 0.000000 0.000000 0.000000 0.000000 1.000000
0.998503 0.039135 0.038215 -0.000000 0.017744 0.429124 -0.903071 22.030199 -0.051741 0.902397 0.427787 0.000000 0.000000 0.000000 0.000000 1.000000
0.989610 -0.055326 -0.132706 0.000000 -0.010853 0.891619 -0.452655 22.030199 0.143367 0.449393 0.881755 -0.000000 0.000000 0.000000 0.000000 1.000000
0.990641 -0.053281 -0.125665 -0.000000 -0.012172 0.882512 -0.470133 22.030199 0.135950 0.467263 0.873604 0.000000 0.000000 0.000000 0.000000 1.000000
0.990641 -0.053281 -0.125666 0.000000 -0.012172 0.882512 -0.470132 22.030199 0.135951 0.467261 0.873604 -0.000000 0.000000 0.000000 0.000000 1.000000
0.990641 -0.053280 -0.125668 -0.000000 -0.012173 0.882517 -0.470123 22.030199 0.135952 0.467252 0.873609 0.000000 0.000000 0.000000 0.000000 1.000000
0.990641 -0.053280 -0.125668 0.000000 -0.012174 0.882516 -0.470125 22.030199 0.135953 0.467255 0.873607 0.000000 0.000000 0.000000 0.000000 1.000000
0.990640 -0.053280 -0.125669 -0.000000 -0.012174 0.882515 -0.470126 22.030199 0.135953 0.467256 0.873607 0.000000 0.000000 0.000000 0.000000 1.000000
0.990641 -0.053280 -0.125669 -0.000000 -0.012174 0.882514 -0.470128 22.030199 0.135953 0.467258 0.873606 0.000000 0.000000 0.000000 0.000000 1.000000
0.990640 -0.053280 -0.125670 -0.000000 -0.012175 0.882515 -0.470126 22.030199 0.135954 0.467256 0.873607 0.000000 0.000000 0.000000 0.000000 1.000000
0.990640 -0.053280 -0.125669 0.000000 -0.012174 0.882514 -0.470128 22.030199 0.135953 0.467258 0.873606 0.000000 0.000000 0.000000 0.000000 1.000000
0.990640 -0.053281 -0.125672 0.000000 -0.012174 0.882514 -0.470129 22.030199 0.135956 0.467259 0.873605 0.000000 0.000000 0.000000 0.000000 1.000000
0.990640 -0.053279 -0.125672 0.000000 -0.012176 0.882515 -0.470126 22.030199 0.135955 0.467256 0.873606 0.000000 0.000000 0.000000 0.000000 1.000000
0.990640 -0.053280 -0.125671 0.000000 -0.012175 0.882514 -0.470129 22.030199 0.135954 0.467259 0.873605 0.000000 0.000000 0.000000 0.000000 1.000000
0.990640 -0.053280 -0.125671 0.000000 -0.012175 0.882514 -0.470128 22.030199 0.135955 0.467258 0.873606 0.000000 0.000000 0.000000 0.000000 1.000000
0.990640 -0.053280 -0.125669 0.000000 -0.012175 0.882513 -0.470130 22.030199 0.135953 0.467260 0.873605 0.000000 0.000000 0.000000 0.000000 1.000000
0.990638 -0.053280 -0.125688 -0.000000 -0.012181 0.882521 -0.470115 22.030199 0.135970 0.467245 0.873610 0.000000 0.000000 0.000000 0.000000 1.000000
0.990707 -0.053273 -0.125145 -0.000000 -0.011987 0.882322 -0.470494 22.030199 0.135483 0.467622 0.873484 0.000000 0.000000 0.000000 0.000000 1.000000
0.989966 -0.053677 -0.130713 -0.000000 -0.013847 0.883737 -0.467778 22.030199 0.140625 0.464895 0.874127 -0.000000 0.000000 0.000000 0.000000 1.000000</float_array>
        <technique_common>
          <accessor source="#mixamorig_RightToeBase-Matrix-animation-output-transform-array" count="23" stride="16">
            <param type="float4x4"/>
          </accessor>
        </technique_common>
      </source>
      <source id="mixamorig_RightToeBase-Interpolations">
        <Name_array id="mixamorig_RightToeBase-Interpolations-array" count="23">
 LINEAR LINEAR LINEAR LINEAR LINEAR LINEAR LINEAR LINEAR LINEAR LINEAR LINEAR
LINEAR LINEAR LINEAR LINEAR LINEAR LINEAR LINEAR LINEAR LINEAR LINEAR LINEAR LINEAR</Name_array>
        <technique_common>
          <accessor source="#mixamorig_RightToeBase-Interpolations-array" count="23">
            <param type="name"/>
          </accessor>
        </technique_common>
      </source>
      <sampler id="mixamorig_RightToeBase-Matrix-animation-transform">
        <input semantic="INPUT" source="#mixamorig_RightToeBase-Matrix-animation-input"/>
        <input semantic="OUTPUT" source="#mixamorig_RightToeBase-Matrix-animation-output-transform"/>
        <input semantic="INTERPOLATION" source="#mixamorig_RightToeBase-Interpolations"/>
      </sampler>
      <channel source="#mixamorig_RightToeBase-Matrix-animation-transform" target="mixamorig_RightToeBase/matrix"/>
    </animation>
    <animation id="mixamorig_F_skirt1-anim" name="mixamorig_F_skirt1">
      <source id="mixamorig_F_skirt1-Matrix-animation-input">
        <float_array id="mixamorig_F_skirt1-Matrix-animation-input-array" count="23">

0.000000 0.033333 0.066667 0.100000 0.133333 0.166667 0.200000 0.233333 0.266667 0.300000 0.333333 0.366667 0.400000 0.433333 0.466667 0.500000
0.533333 0.566667 0.600000 0.633333 0.666667 0.700000 0.733333</float_array>
        <technique_common>
          <accessor source="#mixamorig_F_skirt1-Matrix-animation-input-array" count="23">
            <param name="TIME" type="float"/>
          </accessor>
        </technique_common>
      </source>
      <source id="mixamorig_F_skirt1-Matrix-animation-output-transform">
        <float_array id="mixamorig_F_skirt1-Matrix-animation-output-transform-array" count="368">

0.000000 1.000000 0.000000 -0.580400 -1.000000 0.000000 -0.000000 -7.794500 -0.000000 -0.000000 1.000000 17.818100 0.000000 0.000000 0.000000 1.000000
0.000000 1.000000 0.000000 -0.580400 -1.000000 0.000000 0.000000 -7.794500 -0.000000 0.000000 1.000000 17.818100 0.000000 0.000000 0.000000 1.000000
0.000000 1.000000 -0.000000 -0.580400 -1.000000 0.000000 -0.000000 -7.794500 -0.000000 0.000000 1.000000 17.818100 0.000000 0.000000 0.000000 1.000000
0.000000 1.000000 0.000000 -0.580400 -1.000000 0.000000 -0.000000 -7.794500 -0.000000 -0.000000 1.000000 17.818100 0.000000 0.000000 0.000000 1.000000
0.000000 1.000000 0.000000 -0.580400 -1.000000 0.000000 -0.000000 -7.794500 -0.000000 -0.000000 1.000000 17.818100 0.000000 0.000000 0.000000 1.000000
0.000000 1.000000 0.000000 -0.580400 -1.000000 0.000000 0.000000 -7.794500 0.000000 -0.000000 1.000000 17.818100 0.000000 0.000000 0.000000 1.000000
0.000000 1.000000 -0.000000 -0.580400 -1.000000 0.000000 0.000000 -7.794500 -0.000000 0.000000 1.000000 17.818100 0.000000 0.000000 0.000000 1.000000
0.000000 1.000000 0.000000 -0.580400 -1.000000 0.000000 -0.000000 -7.794500 0.000000 0.000000 1.000000 17.818100 0.000000 0.000000 0.000000 1.000000
0.000000 1.000000 0.000000 -0.580400 -1.000000 0.000000 0.000000 -7.794500 0.000000 0.000000 1.000000 17.818100 0.000000 0.000000 0.000000 1.000000
0.000000 1.000000 -0.000000 -0.580400 -1.000000 0.000000 0.000000 -7.794500 0.000000 0.000000 1.000000 17.818100 0.000000 0.000000 0.000000 1.000000
0.000000 1.000000 0.000000 -0.580400 -1.000000 0.000000 -0.000000 -7.794500 -0.000000 -0.000000 1.000000 17.818100 0.000000 0.000000 0.000000 1.000000
0.000000 1.000000 -0.000000 -0.580400 -1.000000 0.000000 0.000000 -7.794500 0.000000 0.000000 1.000000 17.818100 0.000000 0.000000 0.000000 1.000000
0.000000 1.000000 -0.000000 -0.580400 -1.000000 0.000000 -0.000000 -7.794500 -0.000000 0.000000 1.000000 17.818100 0.000000 0.000000 0.000000 1.000000
0.000000 1.000000 0.000000 -0.580400 -1.000000 0.000000 -0.000000 -7.794500 0.000000 0.000000 1.000000 17.818100 0.000000 0.000000 0.000000 1.000000
0.000000 1.000000 0.000000 -0.580400 -1.000000 0.000000 -0.000000 -7.794500 0.000000 0.000000 1.000000 17.818100 0.000000 0.000000 0.000000 1.000000
0.000000 1.000000 0.000000 -0.580400 -1.000000 0.000000 -0.000000 -7.794500 0.000000 -0.000000 1.000000 17.818100 0.000000 0.000000 0.000000 1.000000
0.000000 1.000000 -0.000000 -0.580400 -1.000000 0.000000 0.000000 -7.794500 0.000000 -0.000000 1.000000 17.818100 0.000000 0.000000 0.000000 1.000000
0.000000 1.000000 -0.000000 -0.580400 -1.000000 0.000000 -0.000000 -7.794500 -0.000000 0.000000 1.000000 17.818100 0.000000 0.000000 0.000000 1.000000
0.000000 1.000000 0.000000 -0.580400 -1.000000 0.000000 -0.000000 -7.794500 0.000000 -0.000000 1.000000 17.818100 0.000000 0.000000 0.000000 1.000000
0.000000 1.000000 -0.000000 -0.580400 -1.000000 0.000000 -0.000000 -7.794500 -0.000000 0.000000 1.000000 17.818100 0.000000 0.000000 0.000000 1.000000
0.000000 1.000000 0.000000 -0.580400 -1.000000 0.000000 0.000000 -7.794500 0.000000 -0.000000 1.000000 17.818100 0.000000 0.000000 0.000000 1.000000
0.000000 1.000000 -0.000000 -0.580400 -1.000000 0.000000 0.000000 -7.794500 0.000000 0.000000 1.000000 17.818100 0.000000 0.000000 0.000000 1.000000
0.000000 1.000000 -0.000000 -0.580400 -1.000000 0.000000 0.000000 -7.794500 0.000000 -0.000000 1.000000 17.818100 0.000000 0.000000 0.000000 1.000000</float_array>
        <technique_common>
          <accessor source="#mixamorig_F_skirt1-Matrix-animation-output-transform-array" count="23" stride="16">
            <param type="float4x4"/>
          </accessor>
        </technique_common>
      </source>
      <source id="mixamorig_F_skirt1-Interpolations">
        <Name_array id="mixamorig_F_skirt1-Interpolations-array" count="23">
 LINEAR LINEAR LINEAR LINEAR LINEAR LINEAR LINEAR LINEAR LINEAR LINEAR LINEAR
LINEAR LINEAR LINEAR LINEAR LINEAR LINEAR LINEAR LINEAR LINEAR LINEAR LINEAR LINEAR</Name_array>
        <technique_common>
          <accessor source="#mixamorig_F_skirt1-Interpolations-array" count="23">
            <param type="name"/>
          </accessor>
        </technique_common>
      </source>
      <sampler id="mixamorig_F_skirt1-Matrix-animation-transform">
        <input semantic="INPUT" source="#mixamorig_F_skirt1-Matrix-animation-input"/>
        <input semantic="OUTPUT" source="#mixamorig_F_skirt1-Matrix-animation-output-transform"/>
        <input semantic="INTERPOLATION" source="#mixamorig_F_skirt1-Interpolations"/>
      </sampler>
      <channel source="#mixamorig_F_skirt1-Matrix-animation-transform" target="mixamorig_F_skirt1/matrix"/>
    </animation>
    <animation id="mixamorig_F_skirt2-anim" name="mixamorig_F_skirt2">
      <source id="mixamorig_F_skirt2-Matrix-animation-input">
        <float_array id="mixamorig_F_skirt2-Matrix-animation-input-array" count="23">

0.000000 0.033333 0.066667 0.100000 0.133333 0.166667 0.200000 0.233333 0.266667 0.300000 0.333333 0.366667 0.400000 0.433333 0.466667 0.500000
0.533333 0.566667 0.600000 0.633333 0.666667 0.700000 0.733333</float_array>
        <technique_common>
          <accessor source="#mixamorig_F_skirt2-Matrix-animation-input-array" count="23">
            <param name="TIME" type="float"/>
          </accessor>
        </technique_common>
      </source>
      <source id="mixamorig_F_skirt2-Matrix-animation-output-transform">
        <float_array id="mixamorig_F_skirt2-Matrix-animation-output-transform-array" count="368">

1.000000 0.000000 -0.000000 27.000000 0.000000 1.000000 0.000000 0.000000 0.000000 0.000000 1.000000 0.000000 0.000000 0.000000 0.000000 1.000000
1.000000 0.000000 -0.000000 27.000000 -0.000000 1.000000 0.000000 -0.000000 -0.000000 0.000000 1.000000 0.000000 0.000000 0.000000 0.000000 1.000000
1.000000 0.000000 0.000000 27.000000 0.000000 1.000000 -0.000000 0.000000 -0.000000 0.000000 1.000000 0.000000 0.000000 0.000000 0.000000 1.000000
1.000000 -0.000000 0.000000 27.000000 -0.000000 1.000000 0.000000 0.000000 -0.000000 -0.000000 1.000000 0.000000 0.000000 0.000000 0.000000 1.000000
1.000000 -0.000000 0.000000 27.000000 0.000000 1.000000 0.000000 0.000000 0.000000 0.000000 1.000000 -0.000000 0.000000 0.000000 0.000000 1.000000
1.000000 0.000000 0.000000 27.000000 0.000000 1.000000 0.000000 0.000000 0.000000 -0.000000 1.000000 0.000000 0.000000 0.000000 0.000000 1.000000
1.000000 0.000000 0.000000 27.000000 0.000000 1.000000 0.000000 0.000000 -0.000000 0.000000 1.000000 -0.000000 0.000000 0.000000 0.000000 1.000000
1.000000 0.000000 0.000000 27.000000 0.000000 1.000000 -0.000000 0.000000 0.000000 0.000000 1.000000 0.000000 0.000000 0.000000 0.000000 1.000000
1.000000 -0.000000 -0.000000 27.000000 0.000000 1.000000 0.000000 -0.000000 0.000000 0.000000 1.000000 -0.000000 0.000000 0.000000 0.000000 1.000000
1.000000 0.000000 0.000000 27.000000 0.000000 1.000000 0.000000 0.000000 0.000000 0.000000 1.000000 0.000000 0.000000 0.000000 0.000000 1.000000
1.000000 -0.000000 0.000000 27.000000 0.000000 1.000000 0.000000 0.000000 -0.000000 0.000000 1.000000 -0.000000 0.000000 0.000000 0.000000 1.000000
1.000000 0.000000 0.000000 27.000000 -0.000000 1.000000 0.000000 -0.000000 0.000000 -0.000000 1.000000 0.000000 0.000000 0.000000 0.000000 1.000000
1.000000 0.000000 0.000000 27.000000 0.000000 1.000000 0.000000 0.000000 0.000000 0.000000 1.000000 0.000000 0.000000 0.000000 0.000000 1.000000
1.000000 0.000000 0.000000 27.000000 0.000000 1.000000 0.000000 -0.000000 -0.000000 -0.000000 1.000000 0.000000 0.000000 0.000000 0.000000 1.000000
1.000000 0.000000 0.000000 27.000000 0.000000 1.000000 0.000000 0.000000 0.000000 0.000000 1.000000 -0.000000 0.000000 0.000000 0.000000 1.000000
1.000000 -0.000000 0.000000 27.000000 -0.000000 1.000000 0.000000 0.000000 -0.000000 -0.000000 1.000000 0.000000 0.000000 0.000000 0.000000 1.000000
1.000000 0.000000 0.000000 27.000000 0.000000 1.000000 -0.000000 0.000000 0.000000 -0.000000 1.000000 0.000000 0.000000 0.000000 0.000000 1.000000
1.000000 0.000000 0.000000 27.000000 0.000000 1.000000 0.000000 -0.000000 0.000000 -0.000000 1.000000 -0.000000 0.000000 0.000000 0.000000 1.000000
1.000000 0.000000 0.000000 27.000000 0.000000 1.000000 0.000000 0.000000 0.000000 0.000000 1.000000 0.000000 0.000000 0.000000 0.000000 1.000000
1.000000 0.000000 0.000000 27.000000 0.000000 1.000000 0.000000 -0.000000 0.000000 -0.000000 1.000000 0.000000 0.000000 0.000000 0.000000 1.000000
1.000000 0.000000 0.000000 27.000000 -0.000000 1.000000 -0.000000 0.000000 0.000000 0.000000 1.000000 0.000000 0.000000 0.000000 0.000000 1.000000
1.000000 0.000000 0.000000 27.000000 0.000000 1.000000 0.000000 0.000000 0.000000 -0.000000 1.000000 0.000000 0.000000 0.000000 0.000000 1.000000
1.000000 0.000000 0.000000 27.000000 0.000000 1.000000 0.000000 0.000000 0.000000 0.000000 1.000000 0.000000 0.000000 0.000000 0.000000 1.000000</float_array>
        <technique_common>
          <accessor source="#mixamorig_F_skirt2-Matrix-animation-output-transform-array" count="23" stride="16">
            <param type="float4x4"/>
          </accessor>
        </technique_common>
      </source>
      <source id="mixamorig_F_skirt2-Interpolations">
        <Name_array id="mixamorig_F_skirt2-Interpolations-array" count="23">
 LINEAR LINEAR LINEAR LINEAR LINEAR LINEAR LINEAR LINEAR LINEAR LINEAR LINEAR
LINEAR LINEAR LINEAR LINEAR LINEAR LINEAR LINEAR LINEAR LINEAR LINEAR LINEAR LINEAR</Name_array>
        <technique_common>
          <accessor source="#mixamorig_F_skirt2-Interpolations-array" count="23">
            <param type="name"/>
          </accessor>
        </technique_common>
      </source>
      <sampler id="mixamorig_F_skirt2-Matrix-animation-transform">
        <input semantic="INPUT" source="#mixamorig_F_skirt2-Matrix-animation-input"/>
        <input semantic="OUTPUT" source="#mixamorig_F_skirt2-Matrix-animation-output-transform"/>
        <input semantic="INTERPOLATION" source="#mixamorig_F_skirt2-Interpolations"/>
      </sampler>
      <channel source="#mixamorig_F_skirt2-Matrix-animation-transform" target="mixamorig_F_skirt2/matrix"/>
    </animation>
    <animation id="mixamorig_F_skirt3-anim" name="mixamorig_F_skirt3">
      <source id="mixamorig_F_skirt3-Matrix-animation-input">
        <float_array id="mixamorig_F_skirt3-Matrix-animation-input-array" count="23">

0.000000 0.033333 0.066667 0.100000 0.133333 0.166667 0.200000 0.233333 0.266667 0.300000 0.333333 0.366667 0.400000 0.433333 0.466667 0.500000
0.533333 0.566667 0.600000 0.633333 0.666667 0.700000 0.733333</float_array>
        <technique_common>
          <accessor source="#mixamorig_F_skirt3-Matrix-animation-input-array" count="23">
            <param name="TIME" type="float"/>
          </accessor>
        </technique_common>
      </source>
      <source id="mixamorig_F_skirt3-Matrix-animation-output-transform">
        <float_array id="mixamorig_F_skirt3-Matrix-animation-output-transform-array" count="368">

1.000000 0.000000 0.000000 27.000000 -0.000000 1.000000 -0.000000 -0.000000 0.000000 0.000000 1.000000 0.000000 0.000000 0.000000 0.000000 1.000000
1.000000 0.000000 -0.000000 27.000000 -0.000000 1.000000 0.000000 -0.000000 0.000000 0.000000 1.000000 -0.000000 0.000000 0.000000 0.000000 1.000000
1.000000 0.000000 0.000000 27.000000 0.000000 1.000000 -0.000000 0.000000 -0.000000 0.000000 1.000000 -0.000000 0.000000 0.000000 0.000000 1.000000
1.000000 -0.000000 -0.000000 27.000000 0.000000 1.000000 -0.000000 0.000000 -0.000000 -0.000000 1.000000 -0.000000 0.000000 0.000000 0.000000 1.000000
1.000000 0.000000 0.000000 27.000000 0.000000 1.000000 -0.000000 0.000000 0.000000 0.000000 1.000000 0.000000 0.000000 0.000000 0.000000 1.000000
1.000000 0.000000 0.000000 27.000000 0.000000 1.000000 0.000000 0.000000 0.000000 0.000000 1.000000 -0.000000 0.000000 0.000000 0.000000 1.000000
1.000000 0.000000 0.000000 27.000000 0.000000 1.000000 0.000000 0.000000 0.000000 0.000000 1.000000 0.000000 0.000000 0.000000 0.000000 1.000000
1.000000 0.000000 0.000000 27.000000 0.000000 1.000000 -0.000000 0.000000 0.000000 0.000000 1.000000 -0.000000 0.000000 0.000000 0.000000 1.000000
1.000000 0.000000 -0.000000 27.000000 -0.000000 1.000000 0.000000 -0.000000 -0.000000 0.000000 1.000000 -0.000000 0.000000 0.000000 0.000000 1.000000
1.000000 0.000000 0.000000 27.000000 -0.000000 1.000000 0.000000 0.000000 0.000000 0.000000 1.000000 0.000000 0.000000 0.000000 0.000000 1.000000
1.000000 -0.000000 0.000000 27.000000 0.000000 1.000000 -0.000000 0.000000 -0.000000 0.000000 1.000000 0.000000 0.000000 0.000000 0.000000 1.000000
1.000000 0.000000 0.000000 27.000000 0.000000 1.000000 0.000000 0.000000 0.000000 -0.000000 1.000000 0.000000 0.000000 0.000000 0.000000 1.000000
1.000000 -0.000000 0.000000 27.000000 -0.000000 1.000000 -0.000000 -0.000000 0.000000 0.000000 1.000000 0.000000 0.000000 0.000000 0.000000 1.000000
1.000000 0.000000 0.000000 27.000000 0.000000 1.000000 0.000000 0.000000 -0.000000 -0.000000 1.000000 0.000000 0.000000 0.000000 0.000000 1.000000
1.000000 0.000000 0.000000 27.000000 0.000000 1.000000 -0.000000 -0.000000 0.000000 0.000000 1.000000 0.000000 0.000000 0.000000 0.000000 1.000000
1.000000 -0.000000 -0.000000 27.000000 0.000000 1.000000 0.000000 0.000000 -0.000000 -0.000000 1.000000 -0.000000 0.000000 0.000000 0.000000 1.000000
1.000000 -0.000000 0.000000 27.000000 -0.000000 1.000000 -0.000000 0.000000 0.000000 -0.000000 1.000000 -0.000000 0.000000 0.000000 0.000000 1.000000
1.000000 0.000000 0.000000 27.000000 0.000000 1.000000 0.000000 -0.000000 0.000000 -0.000000 1.000000 0.000000 0.000000 0.000000 0.000000 1.000000
1.000000 0.000000 0.000000 27.000000 -0.000000 1.000000 0.000000 0.000000 0.000000 0.000000 1.000000 0.000000 0.000000 0.000000 0.000000 1.000000
1.000000 0.000000 0.000000 27.000000 0.000000 1.000000 0.000000 0.000000 0.000000 -0.000000 1.000000 0.000000 0.000000 0.000000 0.000000 1.000000
1.000000 -0.000000 0.000000 27.000000 0.000000 1.000000 -0.000000 -0.000000 0.000000 0.000000 1.000000 0.000000 0.000000 0.000000 0.000000 1.000000
1.000000 0.000000 0.000000 27.000000 0.000000 1.000000 -0.000000 0.000000 0.000000 0.000000 1.000000 0.000000 0.000000 0.000000 0.000000 1.000000
1.000000 0.000000 0.000000 27.000000 0.000000 1.000000 0.000000 0.000000 0.000000 -0.000000 1.000000 0.000000 0.000000 0.000000 0.000000 1.000000</float_array>
        <technique_common>
          <accessor source="#mixamorig_F_skirt3-Matrix-animation-output-transform-array" count="23" stride="16">
            <param type="float4x4"/>
          </accessor>
        </technique_common>
      </source>
      <source id="mixamorig_F_skirt3-Interpolations">
        <Name_array id="mixamorig_F_skirt3-Interpolations-array" count="23">
 LINEAR LINEAR LINEAR LINEAR LINEAR LINEAR LINEAR LINEAR LINEAR LINEAR LINEAR
LINEAR LINEAR LINEAR LINEAR LINEAR LINEAR LINEAR LINEAR LINEAR LINEAR LINEAR LINEAR</Name_array>
        <technique_common>
          <accessor source="#mixamorig_F_skirt3-Interpolations-array" count="23">
            <param type="name"/>
          </accessor>
        </technique_common>
      </source>
      <sampler id="mixamorig_F_skirt3-Matrix-animation-transform">
        <input semantic="INPUT" source="#mixamorig_F_skirt3-Matrix-animation-input"/>
        <input semantic="OUTPUT" source="#mixamorig_F_skirt3-Matrix-animation-output-transform"/>
        <input semantic="INTERPOLATION" source="#mixamorig_F_skirt3-Interpolations"/>
      </sampler>
      <channel source="#mixamorig_F_skirt3-Matrix-animation-transform" target="mixamorig_F_skirt3/matrix"/>
    </animation>
    <animation id="mixamorig_L_A_skirt1-anim" name="mixamorig_L_A_skirt1">
      <source id="mixamorig_L_A_skirt1-Matrix-animation-input">
        <float_array id="mixamorig_L_A_skirt1-Matrix-animation-input-array" count="23">

0.000000 0.033333 0.066667 0.100000 0.133333 0.166667 0.200000 0.233333 0.266667 0.300000 0.333333 0.366667 0.400000 0.433333 0.466667 0.500000
0.533333 0.566667 0.600000 0.633333 0.666667 0.700000 0.733333</float_array>
        <technique_common>
          <accessor source="#mixamorig_L_A_skirt1-Matrix-animation-input-array" count="23">
            <param name="TIME" type="float"/>
          </accessor>
        </technique_common>
      </source>
      <source id="mixamorig_L_A_skirt1-Matrix-animation-output-transform">
        <float_array id="mixamorig_L_A_skirt1-Matrix-animation-output-transform-array" count="368">

0.122996 0.897244 0.424058 9.424300 -0.992244 0.103429 0.068955 -5.518500 0.018009 -0.429250 0.903006 15.946100 0.000000 0.000000 0.000000 1.000000
0.122996 0.897244 0.424058 9.424300 -0.992244 0.103429 0.068955 -5.518500 0.018009 -0.429250 0.903006 15.946100 0.000000 0.000000 0.000000 1.000000
0.122996 0.897244 0.424058 9.424300 -0.992244 0.103429 0.068955 -5.518500 0.018009 -0.429250 0.903006 15.946100 0.000000 0.000000 0.000000 1.000000
0.122996 0.897244 0.424058 9.424300 -0.992244 0.103429 0.068955 -5.518500 0.018009 -0.429250 0.903006 15.946100 0.000000 0.000000 0.000000 1.000000
0.122996 0.897244 0.424058 9.424300 -0.992244 0.103429 0.068955 -5.518500 0.018009 -0.429250 0.903006 15.946100 0.000000 0.000000 0.000000 1.000000
0.122996 0.897244 0.424058 9.424300 -0.992244 0.103429 0.068955 -5.518500 0.018009 -0.429250 0.903006 15.946100 0.000000 0.000000 0.000000 1.000000
0.122996 0.897244 0.424058 9.424300 -0.992244 0.103429 0.068955 -5.518500 0.018009 -0.429250 0.903006 15.946100 0.000000 0.000000 0.000000 1.000000
0.122996 0.897244 0.424058 9.424300 -0.992244 0.103429 0.068955 -5.518500 0.018009 -0.429250 0.903006 15.946100 0.000000 0.000000 0.000000 1.000000
0.122996 0.897244 0.424058 9.424300 -0.992244 0.103429 0.068955 -5.518500 0.018009 -0.429250 0.903006 15.946100 0.000000 0.000000 0.000000 1.000000
0.122996 0.897244 0.424058 9.424300 -0.992244 0.103429 0.068955 -5.518500 0.018009 -0.429250 0.903006 15.946100 0.000000 0.000000 0.000000 1.000000
0.122996 0.897244 0.424058 9.424300 -0.992244 0.103429 0.068955 -5.518500 0.018009 -0.429250 0.903006 15.946100 0.000000 0.000000 0.000000 1.000000
0.122996 0.897244 0.424058 9.424300 -0.992244 0.103429 0.068955 -5.518500 0.018009 -0.429250 0.903006 15.946100 0.000000 0.000000 0.000000 1.000000
0.122996 0.897244 0.424058 9.424300 -0.992244 0.103429 0.068955 -5.518500 0.018009 -0.429250 0.903006 15.946100 0.000000 0.000000 0.000000 1.000000
0.122996 0.897244 0.424058 9.424300 -0.992244 0.103429 0.068955 -5.518500 0.018009 -0.429250 0.903006 15.946100 0.000000 0.000000 0.000000 1.000000
0.122996 0.897244 0.424058 9.424300 -0.992244 0.103429 0.068955 -5.518500 0.018009 -0.429250 0.903006 15.946100 0.000000 0.000000 0.000000 1.000000
0.122996 0.897244 0.424058 9.424300 -0.992244 0.103429 0.068955 -5.518500 0.018009 -0.429250 0.903006 15.946100 0.000000 0.000000 0.000000 1.000000
0.122996 0.897244 0.424058 9.424300 -0.992244 0.103429 0.068955 -5.518500 0.018009 -0.429250 0.903006 15.946100 0.000000 0.000000 0.000000 1.000000
0.122996 0.897244 0.424058 9.424300 -0.992244 0.103429 0.068955 -5.518500 0.018009 -0.429250 0.903006 15.946100 0.000000 0.000000 0.000000 1.000000
0.122996 0.897244 0.424058 9.424300 -0.992244 0.103429 0.068955 -5.518500 0.018009 -0.429250 0.903006 15.946100 0.000000 0.000000 0.000000 1.000000
0.122996 0.897244 0.424058 9.424300 -0.992244 0.103429 0.068955 -5.518500 0.018009 -0.429250 0.903006 15.946100 0.000000 0.000000 0.000000 1.000000
0.122996 0.897244 0.424058 9.424300 -0.992244 0.103429 0.068955 -5.518500 0.018009 -0.429250 0.903006 15.946100 0.000000 0.000000 0.000000 1.000000
0.122996 0.897244 0.424058 9.424300 -0.992244 0.103429 0.068955 -5.518500 0.018009 -0.429250 0.903006 15.946100 0.000000 0.000000 0.000000 1.000000
0.122996 0.897244 0.424058 9.424300 -0.992244 0.103429 0.068955 -5.518500 0.018009 -0.429250 0.903006 15.946100 0.000000 0.000000 0.000000 1.000000</float_array>
        <technique_common>
          <accessor source="#mixamorig_L_A_skirt1-Matrix-animation-output-transform-array" count="23" stride="16">
            <param type="float4x4"/>
          </accessor>
        </technique_common>
      </source>
      <source id="mixamorig_L_A_skirt1-Interpolations">
        <Name_array id="mixamorig_L_A_skirt1-Interpolations-array" count="23">
 LINEAR LINEAR LINEAR LINEAR LINEAR LINEAR LINEAR LINEAR LINEAR LINEAR LINEAR
LINEAR LINEAR LINEAR LINEAR LINEAR LINEAR LINEAR LINEAR LINEAR LINEAR LINEAR LINEAR</Name_array>
        <technique_common>
          <accessor source="#mixamorig_L_A_skirt1-Interpolations-array" count="23">
            <param type="name"/>
          </accessor>
        </technique_common>
      </source>
      <sampler id="mixamorig_L_A_skirt1-Matrix-animation-transform">
        <input semantic="INPUT" source="#mixamorig_L_A_skirt1-Matrix-animation-input"/>
        <input semantic="OUTPUT" source="#mixamorig_L_A_skirt1-Matrix-animation-output-transform"/>
        <input semantic="INTERPOLATION" source="#mixamorig_L_A_skirt1-Interpolations"/>
      </sampler>
      <channel source="#mixamorig_L_A_skirt1-Matrix-animation-transform" target="mixamorig_L_A_skirt1/matrix"/>
    </animation>
    <animation id="mixamorig_L_A_skirt2-anim" name="mixamorig_L_A_skirt2">
      <source id="mixamorig_L_A_skirt2-Matrix-animation-input">
        <float_array id="mixamorig_L_A_skirt2-Matrix-animation-input-array" count="23">

0.000000 0.033333 0.066667 0.100000 0.133333 0.166667 0.200000 0.233333 0.266667 0.300000 0.333333 0.366667 0.400000 0.433333 0.466667 0.500000
0.533333 0.566667 0.600000 0.633333 0.666667 0.700000 0.733333</float_array>
        <technique_common>
          <accessor source="#mixamorig_L_A_skirt2-Matrix-animation-input-array" count="23">
            <param name="TIME" type="float"/>
          </accessor>
        </technique_common>
      </source>
      <source id="mixamorig_L_A_skirt2-Matrix-animation-output-transform">
        <float_array id="mixamorig_L_A_skirt2-Matrix-animation-output-transform-array" count="368">

1.000000 0.000000 0.000000 27.000000 -0.000000 1.000000 0.000000 -0.000000 0.000000 0.000000 1.000000 0.000000 0.000000 0.000000 0.000000 1.000000
1.000000 -0.000000 -0.000000 27.000000 -0.000000 1.000000 0.000000 -0.000000 0.000000 -0.000000 1.000000 0.000000 0.000000 0.000000 0.000000 1.000000
1.000000 0.000000 0.000000 27.000000 -0.000000 1.000000 0.000000 0.000000 -0.000000 0.000000 1.000000 -0.000000 0.000000 0.000000 0.000000 1.000000
1.000000 -0.000000 0.000000 27.000000 -0.000000 1.000000 -0.000000 0.000000 0.000000 -0.000000 1.000000 0.000000 0.000000 0.000000 0.000000 1.000000
1.000000 -0.000000 -0.000000 27.000000 -0.000000 1.000000 -0.000000 0.000000 -0.000000 0.000000 1.000000 -0.000000 0.000000 0.000000 0.000000 1.000000
1.000000 -0.000000 0.000000 27.000000 -0.000000 1.000000 -0.000000 0.000000 0.000000 0.000000 1.000000 -0.000000 0.000000 0.000000 0.000000 1.000000
1.000000 0.000000 0.000000 27.000000 -0.000000 1.000000 -0.000000 0.000000 -0.000000 0.000000 1.000000 0.000000 0.000000 0.000000 0.000000 1.000000
1.000000 -0.000000 0.000000 27.000000 0.000000 1.000000 0.000000 0.000000 0.000000 0.000000 1.000000 0.000000 0.000000 0.000000 0.000000 1.000000
1.000000 -0.000000 0.000000 27.000000 -0.000000 1.000000 0.000000 0.000000 0.000000 -0.000000 1.000000 0.000000 0.000000 0.000000 0.000000 1.000000
1.000000 0.000000 -0.000000 27.000000 0.000000 1.000000 0.000000 0.000000 0.000000 0.000000 1.000000 -0.000000 0.000000 0.000000 0.000000 1.000000
1.000000 0.000000 -0.000000 27.000000 -0.000000 1.000000 -0.000000 0.000000 0.000000 0.000000 1.000000 0.000000 0.000000 0.000000 0.000000 1.000000
1.000000 -0.000000 0.000000 27.000000 -0.000000 1.000000 0.000000 -0.000000 0.000000 0.000000 1.000000 -0.000000 0.000000 0.000000 0.000000 1.000000
1.000000 0.000000 -0.000000 27.000000 0.000000 1.000000 -0.000000 0.000000 0.000000 -0.000000 1.000000 0.000000 0.000000 0.000000 0.000000 1.000000
1.000000 -0.000000 0.000000 27.000000 0.000000 1.000000 -0.000000 0.000000 0.000000 0.000000 1.000000 0.000000 0.000000 0.000000 0.000000 1.000000
1.000000 -0.000000 -0.000000 27.000000 0.000000 1.000000 -0.000000 -0.000000 0.000000 0.000000 1.000000 0.000000 0.000000 0.000000 0.000000 1.000000
1.000000 -0.000000 -0.000000 27.000000 -0.000000 1.000000 0.000000 0.000000 0.000000 0.000000 1.000000 0.000000 0.000000 0.000000 0.000000 1.000000
1.000000 0.000000 -0.000000 27.000000 0.000000 1.000000 0.000000 -0.000000 0.000000 0.000000 1.000000 0.000000 0.000000 0.000000 0.000000 1.000000
1.000000 0.000000 0.000000 27.000000 -0.000000 1.000000 0.000000 0.000000 0.000000 -0.000000 1.000000 -0.000000 0.000000 0.000000 0.000000 1.000000
1.000000 -0.000000 -0.000000 27.000000 0.000000 1.000000 -0.000000 0.000000 0.000000 0.000000 1.000000 0.000000 0.000000 0.000000 0.000000 1.000000
1.000000 -0.000000 -0.000000 27.000000 -0.000000 1.000000 0.000000 -0.000000 0.000000 0.000000 1.000000 0.000000 0.000000 0.000000 0.000000 1.000000
1.000000 -0.000000 0.000000 27.000000 0.000000 1.000000 0.000000 0.000000 0.000000 -0.000000 1.000000 -0.000000 0.000000 0.000000 0.000000 1.000000
1.000000 0.000000 0.000000 27.000000 0.000000 1.000000 -0.000000 0.000000 0.000000 0.000000 1.000000 -0.000000 0.000000 0.000000 0.000000 1.000000
1.000000 0.000000 0.000000 27.000000 -0.000000 1.000000 0.000000 0.000000 0.000000 0.000000 1.000000 -0.000000 0.000000 0.000000 0.000000 1.000000</float_array>
        <technique_common>
          <accessor source="#mixamorig_L_A_skirt2-Matrix-animation-output-transform-array" count="23" stride="16">
            <param type="float4x4"/>
          </accessor>
        </technique_common>
      </source>
      <source id="mixamorig_L_A_skirt2-Interpolations">
        <Name_array id="mixamorig_L_A_skirt2-Interpolations-array" count="23">
 LINEAR LINEAR LINEAR LINEAR LINEAR LINEAR LINEAR LINEAR LINEAR LINEAR LINEAR
LINEAR LINEAR LINEAR LINEAR LINEAR LINEAR LINEAR LINEAR LINEAR LINEAR LINEAR LINEAR</Name_array>
        <technique_common>
          <accessor source="#mixamorig_L_A_skirt2-Interpolations-array" count="23">
            <param type="name"/>
          </accessor>
        </technique_common>
      </source>
      <sampler id="mixamorig_L_A_skirt2-Matrix-animation-transform">
        <input semantic="INPUT" source="#mixamorig_L_A_skirt2-Matrix-animation-input"/>
        <input semantic="OUTPUT" source="#mixamorig_L_A_skirt2-Matrix-animation-output-transform"/>
        <input semantic="INTERPOLATION" source="#mixamorig_L_A_skirt2-Interpolations"/>
      </sampler>
      <channel source="#mixamorig_L_A_skirt2-Matrix-animation-transform" target="mixamorig_L_A_skirt2/matrix"/>
    </animation>
    <animation id="mixamorig_L_A_skirt3-anim" name="mixamorig_L_A_skirt3">
      <source id="mixamorig_L_A_skirt3-Matrix-animation-input">
        <float_array id="mixamorig_L_A_skirt3-Matrix-animation-input-array" count="23">

0.000000 0.033333 0.066667 0.100000 0.133333 0.166667 0.200000 0.233333 0.266667 0.300000 0.333333 0.366667 0.400000 0.433333 0.466667 0.500000
0.533333 0.566667 0.600000 0.633333 0.666667 0.700000 0.733333</float_array>
        <technique_common>
          <accessor source="#mixamorig_L_A_skirt3-Matrix-animation-input-array" count="23">
            <param name="TIME" type="float"/>
          </accessor>
        </technique_common>
      </source>
      <source id="mixamorig_L_A_skirt3-Matrix-animation-output-transform">
        <float_array id="mixamorig_L_A_skirt3-Matrix-animation-output-transform-array" count="368">

1.000000 0.000000 0.000000 27.000000 -0.000000 1.000000 0.000000 0.000000 0.000000 0.000000 1.000000 0.000000 0.000000 0.000000 0.000000 1.000000
1.000000 -0.000000 -0.000000 27.000000 -0.000000 1.000000 -0.000000 0.000000 0.000000 -0.000000 1.000000 0.000000 0.000000 0.000000 0.000000 1.000000
1.000000 0.000000 0.000000 27.000000 -0.000000 1.000000 -0.000000 -0.000000 -0.000000 0.000000 1.000000 0.000000 0.000000 0.000000 0.000000 1.000000
1.000000 -0.000000 0.000000 27.000000 -0.000000 1.000000 -0.000000 0.000000 0.000000 -0.000000 1.000000 -0.000000 0.000000 0.000000 0.000000 1.000000
1.000000 -0.000000 0.000000 27.000000 -0.000000 1.000000 0.000000 0.000000 -0.000000 0.000000 1.000000 -0.000000 0.000000 0.000000 0.000000 1.000000
1.000000 -0.000000 -0.000000 27.000000 -0.000000 1.000000 -0.000000 0.000000 -0.000000 0.000000 1.000000 -0.000000 0.000000 0.000000 0.000000 1.000000
1.000000 0.000000 -0.000000 27.000000 0.000000 1.000000 0.000000 0.000000 -0.000000 0.000000 1.000000 -0.000000 0.000000 0.000000 0.000000 1.000000
1.000000 -0.000000 0.000000 27.000000 0.000000 1.000000 0.000000 0.000000 0.000000 -0.000000 1.000000 0.000000 0.000000 0.000000 0.000000 1.000000
1.000000 -0.000000 0.000000 27.000000 -0.000000 1.000000 -0.000000 0.000000 -0.000000 0.000000 1.000000 0.000000 0.000000 0.000000 0.000000 1.000000
1.000000 0.000000 0.000000 27.000000 -0.000000 1.000000 -0.000000 0.000000 -0.000000 0.000000 1.000000 -0.000000 0.000000 0.000000 0.000000 1.000000
1.000000 0.000000 -0.000000 27.000000 -0.000000 1.000000 0.000000 -0.000000 0.000000 -0.000000 1.000000 -0.000000 0.000000 0.000000 0.000000 1.000000
1.000000 -0.000000 0.000000 27.000000 -0.000000 1.000000 0.000000 0.000000 0.000000 0.000000 1.000000 0.000000 0.000000 0.000000 0.000000 1.000000
1.000000 -0.000000 -0.000000 27.000000 -0.000000 1.000000 -0.000000 0.000000 0.000000 -0.000000 1.000000 0.000000 0.000000 0.000000 0.000000 1.000000
1.000000 -0.000000 0.000000 27.000000 -0.000000 1.000000 -0.000000 -0.000000 0.000000 -0.000000 1.000000 -0.000000 0.000000 0.000000 0.000000 1.000000
1.000000 0.000000 0.000000 27.000000 -0.000000 1.000000 0.000000 -0.000000 0.000000 0.000000 1.000000 0.000000 0.000000 0.000000 0.000000 1.000000
1.000000 -0.000000 -0.000000 27.000000 -0.000000 1.000000 0.000000 -0.000000 0.000000 0.000000 1.000000 0.000000 0.000000 0.000000 0.000000 1.000000
1.000000 0.000000 0.000000 27.000000 0.000000 1.000000 0.000000 -0.000000 0.000000 0.000000 1.000000 0.000000 0.000000 0.000000 0.000000 1.000000
1.000000 0.000000 0.000000 27.000000 -0.000000 1.000000 -0.000000 0.000000 0.000000 -0.000000 1.000000 0.000000 0.000000 0.000000 0.000000 1.000000
1.000000 -0.000000 -0.000000 27.000000 -0.000000 1.000000 -0.000000 0.000000 0.000000 0.000000 1.000000 0.000000 0.000000 0.000000 0.000000 1.000000
1.000000 -0.000000 -0.000000 27.000000 -0.000000 1.000000 0.000000 0.000000 0.000000 0.000000 1.000000 -0.000000 0.000000 0.000000 0.000000 1.000000
1.000000 0.000000 -0.000000 27.000000 -0.000000 1.000000 0.000000 -0.000000 0.000000 -0.000000 1.000000 0.000000 0.000000 0.000000 0.000000 1.000000
1.000000 0.000000 0.000000 27.000000 0.000000 1.000000 -0.000000 0.000000 0.000000 0.000000 1.000000 0.000000 0.000000 0.000000 0.000000 1.000000
1.000000 0.000000 0.000000 27.000000 -0.000000 1.000000 0.000000 0.000000 0.000000 0.000000 1.000000 -0.000000 0.000000 0.000000 0.000000 1.000000</float_array>
        <technique_common>
          <accessor source="#mixamorig_L_A_skirt3-Matrix-animation-output-transform-array" count="23" stride="16">
            <param type="float4x4"/>
          </accessor>
        </technique_common>
      </source>
      <source id="mixamorig_L_A_skirt3-Interpolations">
        <Name_array id="mixamorig_L_A_skirt3-Interpolations-array" count="23">
 LINEAR LINEAR LINEAR LINEAR LINEAR LINEAR LINEAR LINEAR LINEAR LINEAR LINEAR
LINEAR LINEAR LINEAR LINEAR LINEAR LINEAR LINEAR LINEAR LINEAR LINEAR LINEAR LINEAR</Name_array>
        <technique_common>
          <accessor source="#mixamorig_L_A_skirt3-Interpolations-array" count="23">
            <param type="name"/>
          </accessor>
        </technique_common>
      </source>
      <sampler id="mixamorig_L_A_skirt3-Matrix-animation-transform">
        <input semantic="INPUT" source="#mixamorig_L_A_skirt3-Matrix-animation-input"/>
        <input semantic="OUTPUT" source="#mixamorig_L_A_skirt3-Matrix-animation-output-transform"/>
        <input semantic="INTERPOLATION" source="#mixamorig_L_A_skirt3-Interpolations"/>
      </sampler>
      <channel source="#mixamorig_L_A_skirt3-Matrix-animation-transform" target="mixamorig_L_A_skirt3/matrix"/>
    </animation>
    <animation id="mixamorig_L_B_skirt1-anim" name="mixamorig_L_B_skirt1">
      <source id="mixamorig_L_B_skirt1-Matrix-animation-input">
        <float_array id="mixamorig_L_B_skirt1-Matrix-animation-input-array" count="23">

0.000000 0.033333 0.066667 0.100000 0.133333 0.166667 0.200000 0.233333 0.266667 0.300000 0.333333 0.366667 0.400000 0.433333 0.466667 0.500000
0.533333 0.566667 0.600000 0.633333 0.666667 0.700000 0.733333</float_array>
        <technique_common>
          <accessor source="#mixamorig_L_B_skirt1-Matrix-animation-input-array" count="23">
            <param name="TIME" type="float"/>
          </accessor>
        </technique_common>
      </source>
      <source id="mixamorig_L_B_skirt1-Matrix-animation-output-transform">
        <float_array id="mixamorig_L_B_skirt1-Matrix-animation-output-transform-array" count="368">

0.111759 0.000000 0.993735 18.448999 -0.993735 0.000000 0.111759 -4.216000 -0.000000 -1.000000 0.000000 -0.295100 0.000000 0.000000 0.000000 1.000000
0.111759 0.000000 0.993735 18.448999 -0.993735 0.000000 0.111759 -4.216000 -0.000000 -1.000000 0.000000 -0.295100 0.000000 0.000000 0.000000 1.000000
0.111759 0.000000 0.993735 18.448999 -0.993735 -0.000000 0.111759 -4.216000 -0.000000 -1.000000 0.000000 -0.295100 0.000000 0.000000 0.000000 1.000000
0.111759 0.000000 0.993735 18.448999 -0.993735 0.000000 0.111759 -4.216000 -0.000000 -1.000000 0.000000 -0.295100 0.000000 0.000000 0.000000 1.000000
0.111759 -0.000000 0.993735 18.448999 -0.993735 0.000000 0.111759 -4.216000 -0.000000 -1.000000 0.000000 -0.295100 0.000000 0.000000 0.000000 1.000000
0.111759 0.000000 0.993735 18.448999 -0.993735 -0.000000 0.111759 -4.216000 0.000000 -1.000000 -0.000000 -0.295100 0.000000 0.000000 0.000000 1.000000
0.111759 0.000000 0.993735 18.448999 -0.993735 -0.000000 0.111759 -4.216000 0.000000 -1.000000 0.000000 -0.295100 0.000000 0.000000 0.000000 1.000000
0.111759 0.000000 0.993735 18.448999 -0.993735 0.000000 0.111759 -4.216000 0.000000 -1.000000 0.000000 -0.295100 0.000000 0.000000 0.000000 1.000000
0.111759 0.000000 0.993735 18.448999 -0.993735 -0.000000 0.111759 -4.216000 0.000000 -1.000000 0.000000 -0.295100 0.000000 0.000000 0.000000 1.000000
0.111759 0.000000 0.993735 18.448999 -0.993735 0.000000 0.111759 -4.216000 0.000000 -1.000000 0.000000 -0.295100 0.000000 0.000000 0.000000 1.000000
0.111759 -0.000000 0.993735 18.448999 -0.993735 0.000000 0.111759 -4.216000 -0.000000 -1.000000 0.000000 -0.295100 0.000000 0.000000 0.000000 1.000000
0.111759 0.000000 0.993735 18.448999 -0.993735 0.000000 0.111759 -4.216000 0.000000 -1.000000 0.000000 -0.295100 0.000000 0.000000 0.000000 1.000000
0.111759 0.000000 0.993735 18.448999 -0.993735 0.000000 0.111759 -4.216000 0.000000 -1.000000 0.000000 -0.295100 0.000000 0.000000 0.000000 1.000000
0.111759 0.000000 0.993735 18.448999 -0.993735 0.000000 0.111759 -4.216000 -0.000000 -1.000000 0.000000 -0.295100 0.000000 0.000000 0.000000 1.000000
0.111759 0.000000 0.993735 18.448999 -0.993735 0.000000 0.111759 -4.216000 0.000000 -1.000000 0.000000 -0.295100 0.000000 0.000000 0.000000 1.000000
0.111759 0.000000 0.993735 18.448999 -0.993735 -0.000000 0.111759 -4.216000 0.000000 -1.000000 0.000000 -0.295100 0.000000 0.000000 0.000000 1.000000
0.111759 0.000000 0.993735 18.448999 -0.993735 0.000000 0.111759 -4.216000 0.000000 -1.000000 0.000000 -0.295100 0.000000 0.000000 0.000000 1.000000
0.111759 0.000000 0.993735 18.448999 -0.993735 0.000000 0.111759 -4.216000 0.000000 -1.000000 0.000000 -0.295100 0.000000 0.000000 0.000000 1.000000
0.111759 0.000000 0.993735 18.448999 -0.993735 -0.000000 0.111759 -4.216000 0.000000 -1.000000 0.000000 -0.295100 0.000000 0.000000 0.000000 1.000000
0.111759 0.000000 0.993735 18.448999 -0.993735 0.000000 0.111759 -4.216000 0.000000 -1.000000 0.000000 -0.295100 0.000000 0.000000 0.000000 1.000000
0.111759 -0.000000 0.993735 18.448999 -0.993735 0.000000 0.111759 -4.216000 0.000000 -1.000000 -0.000000 -0.295100 0.000000 0.000000 0.000000 1.000000
0.111759 0.000000 0.993735 18.448999 -0.993735 0.000000 0.111759 -4.216000 0.000000 -1.000000 0.000000 -0.295100 0.000000 0.000000 0.000000 1.000000
0.111759 0.000000 0.993735 18.448999 -0.993735 0.000000 0.111759 -4.216000 -0.000000 -1.000000 0.000000 -0.295100 0.000000 0.000000 0.000000 1.000000</float_array>
        <technique_common>
          <accessor source="#mixamorig_L_B_skirt1-Matrix-animation-output-transform-array" count="23" stride="16">
            <param type="float4x4"/>
          </accessor>
        </technique_common>
      </source>
      <source id="mixamorig_L_B_skirt1-Interpolations">
        <Name_array id="mixamorig_L_B_skirt1-Interpolations-array" count="23">
 LINEAR LINEAR LINEAR LINEAR LINEAR LINEAR LINEAR LINEAR LINEAR LINEAR LINEAR
LINEAR LINEAR LINEAR LINEAR LINEAR LINEAR LINEAR LINEAR LINEAR LINEAR LINEAR LINEAR</Name_array>
        <technique_common>
          <accessor source="#mixamorig_L_B_skirt1-Interpolations-array" count="23">
            <param type="name"/>
          </accessor>
        </technique_common>
      </source>
      <sampler id="mixamorig_L_B_skirt1-Matrix-animation-transform">
        <input semantic="INPUT" source="#mixamorig_L_B_skirt1-Matrix-animation-input"/>
        <input semantic="OUTPUT" source="#mixamorig_L_B_skirt1-Matrix-animation-output-transform"/>
        <input semantic="INTERPOLATION" source="#mixamorig_L_B_skirt1-Interpolations"/>
      </sampler>
      <channel source="#mixamorig_L_B_skirt1-Matrix-animation-transform" target="mixamorig_L_B_skirt1/matrix"/>
    </animation>
    <animation id="mixamorig_L_B_skirt2-anim" name="mixamorig_L_B_skirt2">
      <source id="mixamorig_L_B_skirt2-Matrix-animation-input">
        <float_array id="mixamorig_L_B_skirt2-Matrix-animation-input-array" count="23">

0.000000 0.033333 0.066667 0.100000 0.133333 0.166667 0.200000 0.233333 0.266667 0.300000 0.333333 0.366667 0.400000 0.433333 0.466667 0.500000
0.533333 0.566667 0.600000 0.633333 0.666667 0.700000 0.733333</float_array>
        <technique_common>
          <accessor source="#mixamorig_L_B_skirt2-Matrix-animation-input-array" count="23">
            <param name="TIME" type="float"/>
          </accessor>
        </technique_common>
      </source>
      <source id="mixamorig_L_B_skirt2-Matrix-animation-output-transform">
        <float_array id="mixamorig_L_B_skirt2-Matrix-animation-output-transform-array" count="368">

1.000000 0.000000 0.000000 27.000000 -0.000000 1.000000 0.000000 -0.000000 0.000000 0.000000 1.000000 0.000000 0.000000 0.000000 0.000000 1.000000
1.000000 -0.000000 -0.000000 27.000000 0.000000 1.000000 -0.000000 0.000000 -0.000000 -0.000000 1.000000 0.000000 0.000000 0.000000 0.000000 1.000000
1.000000 0.000000 0.000000 27.000000 0.000000 1.000000 0.000000 -0.000000 0.000000 0.000000 1.000000 0.000000 0.000000 0.000000 0.000000 1.000000
1.000000 0.000000 0.000000 27.000000 0.000000 1.000000 -0.000000 -0.000000 0.000000 0.000000 1.000000 -0.000000 0.000000 0.000000 0.000000 1.000000
1.000000 0.000000 -0.000000 27.000000 0.000000 1.000000 0.000000 0.000000 -0.000000 0.000000 1.000000 0.000000 0.000000 0.000000 0.000000 1.000000
1.000000 0.000000 -0.000000 27.000000 -0.000000 1.000000 -0.000000 0.000000 0.000000 0.000000 1.000000 0.000000 0.000000 0.000000 0.000000 1.000000
1.000000 -0.000000 0.000000 27.000000 -0.000000 1.000000 -0.000000 0.000000 0.000000 -0.000000 1.000000 0.000000 0.000000 0.000000 0.000000 1.000000
1.000000 -0.000000 -0.000000 27.000000 -0.000000 1.000000 0.000000 -0.000000 0.000000 0.000000 1.000000 0.000000 0.000000 0.000000 0.000000 1.000000
1.000000 0.000000 -0.000000 27.000000 0.000000 1.000000 0.000000 0.000000 -0.000000 0.000000 1.000000 -0.000000 0.000000 0.000000 0.000000 1.000000
1.000000 0.000000 0.000000 27.000000 0.000000 1.000000 -0.000000 0.000000 0.000000 0.000000 1.000000 0.000000 0.000000 0.000000 0.000000 1.000000
1.000000 -0.000000 0.000000 27.000000 0.000000 1.000000 -0.000000 -0.000000 0.000000 0.000000 1.000000 0.000000 0.000000 0.000000 0.000000 1.000000
1.000000 -0.000000 0.000000 27.000000 -0.000000 1.000000 0.000000 0.000000 0.000000 0.000000 1.000000 0.000000 0.000000 0.000000 0.000000 1.000000
1.000000 -0.000000 0.000000 27.000000 0.000000 1.000000 -0.000000 0.000000 -0.000000 0.000000 1.000000 -0.000000 0.000000 0.000000 0.000000 1.000000
1.000000 -0.000000 0.000000 27.000000 -0.000000 1.000000 0.000000 0.000000 -0.000000 -0.000000 1.000000 -0.000000 0.000000 0.000000 0.000000 1.000000
1.000000 0.000000 0.000000 27.000000 0.000000 1.000000 0.000000 -0.000000 0.000000 -0.000000 1.000000 0.000000 0.000000 0.000000 0.000000 1.000000
1.000000 0.000000 -0.000000 27.000000 -0.000000 1.000000 0.000000 0.000000 0.000000 0.000000 1.000000 -0.000000 0.000000 0.000000 0.000000 1.000000
1.000000 0.000000 -0.000000 27.000000 0.000000 1.000000 -0.000000 -0.000000 0.000000 -0.000000 1.000000 0.000000 0.000000 0.000000 0.000000 1.000000
1.000000 0.000000 0.000000 27.000000 -0.000000 1.000000 -0.000000 0.000000 0.000000 0.000000 1.000000 0.000000 0.000000 0.000000 0.000000 1.000000
1.000000 -0.000000 -0.000000 27.000000 -0.000000 1.000000 -0.000000 0.000000 0.000000 0.000000 1.000000 0.000000 0.000000 0.000000 0.000000 1.000000
1.000000 0.000000 -0.000000 27.000000 -0.000000 1.000000 0.000000 -0.000000 -0.000000 0.000000 1.000000 0.000000 0.000000 0.000000 0.000000 1.000000
1.000000 -0.000000 0.000000 27.000000 0.000000 1.000000 -0.000000 0.000000 -0.000000 0.000000 1.000000 0.000000 0.000000 0.000000 0.000000 1.000000
1.000000 0.000000 -0.000000 27.000000 0.000000 1.000000 0.000000 0.000000 0.000000 0.000000 1.000000 0.000000 0.000000 0.000000 0.000000 1.000000
1.000000 0.000000 0.000000 27.000000 0.000000 1.000000 -0.000000 0.000000 -0.000000 -0.000000 1.000000 -0.000000 0.000000 0.000000 0.000000 1.000000</float_array>
        <technique_common>
          <accessor source="#mixamorig_L_B_skirt2-Matrix-animation-output-transform-array" count="23" stride="16">
            <param type="float4x4"/>
          </accessor>
        </technique_common>
      </source>
      <source id="mixamorig_L_B_skirt2-Interpolations">
        <Name_array id="mixamorig_L_B_skirt2-Interpolations-array" count="23">
 LINEAR LINEAR LINEAR LINEAR LINEAR LINEAR LINEAR LINEAR LINEAR LINEAR LINEAR
LINEAR LINEAR LINEAR LINEAR LINEAR LINEAR LINEAR LINEAR LINEAR LINEAR LINEAR LINEAR</Name_array>
        <technique_common>
          <accessor source="#mixamorig_L_B_skirt2-Interpolations-array" count="23">
            <param type="name"/>
          </accessor>
        </technique_common>
      </source>
      <sampler id="mixamorig_L_B_skirt2-Matrix-animation-transform">
        <input semantic="INPUT" source="#mixamorig_L_B_skirt2-Matrix-animation-input"/>
        <input semantic="OUTPUT" source="#mixamorig_L_B_skirt2-Matrix-animation-output-transform"/>
        <input semantic="INTERPOLATION" source="#mixamorig_L_B_skirt2-Interpolations"/>
      </sampler>
      <channel source="#mixamorig_L_B_skirt2-Matrix-animation-transform" target="mixamorig_L_B_skirt2/matrix"/>
    </animation>
    <animation id="mixamorig_L_B_skirt3-anim" name="mixamorig_L_B_skirt3">
      <source id="mixamorig_L_B_skirt3-Matrix-animation-input">
        <float_array id="mixamorig_L_B_skirt3-Matrix-animation-input-array" count="23">

0.000000 0.033333 0.066667 0.100000 0.133333 0.166667 0.200000 0.233333 0.266667 0.300000 0.333333 0.366667 0.400000 0.433333 0.466667 0.500000
0.533333 0.566667 0.600000 0.633333 0.666667 0.700000 0.733333</float_array>
        <technique_common>
          <accessor source="#mixamorig_L_B_skirt3-Matrix-animation-input-array" count="23">
            <param name="TIME" type="float"/>
          </accessor>
        </technique_common>
      </source>
      <source id="mixamorig_L_B_skirt3-Matrix-animation-output-transform">
        <float_array id="mixamorig_L_B_skirt3-Matrix-animation-output-transform-array" count="368">

1.000000 -0.000000 0.000000 27.000000 -0.000000 1.000000 0.000000 -0.000000 0.000000 0.000000 1.000000 -0.000000 0.000000 0.000000 0.000000 1.000000
1.000000 0.000000 -0.000000 27.000000 -0.000000 1.000000 -0.000000 0.000000 -0.000000 0.000000 1.000000 -0.000000 0.000000 0.000000 0.000000 1.000000
1.000000 0.000000 0.000000 27.000000 0.000000 1.000000 0.000000 0.000000 0.000000 0.000000 1.000000 0.000000 0.000000 0.000000 0.000000 1.000000
1.000000 -0.000000 0.000000 27.000000 -0.000000 1.000000 -0.000000 0.000000 0.000000 -0.000000 1.000000 0.000000 0.000000 0.000000 0.000000 1.000000
1.000000 0.000000 0.000000 27.000000 0.000000 1.000000 -0.000000 0.000000 0.000000 -0.000000 1.000000 0.000000 0.000000 0.000000 0.000000 1.000000
1.000000 -0.000000 -0.000000 27.000000 -0.000000 1.000000 -0.000000 0.000000 -0.000000 -0.000000 1.000000 0.000000 0.000000 0.000000 0.000000 1.000000
1.000000 0.000000 0.000000 27.000000 0.000000 1.000000 0.000000 0.000000 -0.000000 -0.000000 1.000000 0.000000 0.000000 0.000000 0.000000 1.000000
1.000000 0.000000 -0.000000 27.000000 -0.000000 1.000000 0.000000 0.000000 -0.000000 0.000000 1.000000 0.000000 0.000000 0.000000 0.000000 1.000000
1.000000 0.000000 0.000000 27.000000 0.000000 1.000000 0.000000 0.000000 0.000000 -0.000000 1.000000 -0.000000 0.000000 0.000000 0.000000 1.000000
1.000000 0.000000 0.000000 27.000000 -0.000000 1.000000 -0.000000 0.000000 0.000000 0.000000 1.000000 -0.000000 0.000000 0.000000 0.000000 1.000000
1.000000 0.000000 -0.000000 27.000000 0.000000 1.000000 -0.000000 -0.000000 0.000000 0.000000 1.000000 0.000000 0.000000 0.000000 0.000000 1.000000
1.000000 -0.000000 0.000000 27.000000 0.000000 1.000000 0.000000 -0.000000 -0.000000 -0.000000 1.000000 0.000000 0.000000 0.000000 0.000000 1.000000
1.000000 -0.000000 -0.000000 27.000000 0.000000 1.000000 0.000000 -0.000000 -0.000000 0.000000 1.000000 0.000000 0.000000 0.000000 0.000000 1.000000
1.000000 -0.000000 -0.000000 27.000000 -0.000000 1.000000 0.000000 -0.000000 -0.000000 -0.000000 1.000000 -0.000000 0.000000 0.000000 0.000000 1.000000
1.000000 0.000000 0.000000 27.000000 0.000000 1.000000 0.000000 0.000000 0.000000 -0.000000 1.000000 0.000000 0.000000 0.000000 0.000000 1.000000
1.000000 -0.000000 -0.000000 27.000000 0.000000 1.000000 -0.000000 0.000000 0.000000 0.000000 1.000000 0.000000 0.000000 0.000000 0.000000 1.000000
1.000000 0.000000 -0.000000 27.000000 0.000000 1.000000 0.000000 0.000000 0.000000 -0.000000 1.000000 -0.000000 0.000000 0.000000 0.000000 1.000000
1.000000 0.000000 0.000000 27.000000 0.000000 1.000000 -0.000000 -0.000000 -0.000000 0.000000 1.000000 0.000000 0.000000 0.000000 0.000000 1.000000
1.000000 0.000000 0.000000 27.000000 0.000000 1.000000 -0.000000 0.000000 0.000000 -0.000000 1.000000 0.000000 0.000000 0.000000 0.000000 1.000000
1.000000 0.000000 -0.000000 27.000000 0.000000 1.000000 0.000000 0.000000 -0.000000 -0.000000 1.000000 -0.000000 0.000000 0.000000 0.000000 1.000000
1.000000 0.000000 -0.000000 27.000000 -0.000000 1.000000 -0.000000 0.000000 -0.000000 0.000000 1.000000 0.000000 0.000000 0.000000 0.000000 1.000000
1.000000 -0.000000 0.000000 27.000000 0.000000 1.000000 0.000000 0.000000 0.000000 0.000000 1.000000 -0.000000 0.000000 0.000000 0.000000 1.000000
1.000000 0.000000 -0.000000 27.000000 -0.000000 1.000000 -0.000000 0.000000 0.000000 -0.000000 1.000000 0.000000 0.000000 0.000000 0.000000 1.000000</float_array>
        <technique_common>
          <accessor source="#mixamorig_L_B_skirt3-Matrix-animation-output-transform-array" count="23" stride="16">
            <param type="float4x4"/>
          </accessor>
        </technique_common>
      </source>
      <source id="mixamorig_L_B_skirt3-Interpolations">
        <Name_array id="mixamorig_L_B_skirt3-Interpolations-array" count="23">
 LINEAR LINEAR LINEAR LINEAR LINEAR LINEAR LINEAR LINEAR LINEAR LINEAR LINEAR
LINEAR LINEAR LINEAR LINEAR LINEAR LINEAR LINEAR LINEAR LINEAR LINEAR LINEAR LINEAR</Name_array>
        <technique_common>
          <accessor source="#mixamorig_L_B_skirt3-Interpolations-array" count="23">
            <param type="name"/>
          </accessor>
        </technique_common>
      </source>
      <sampler id="mixamorig_L_B_skirt3-Matrix-animation-transform">
        <input semantic="INPUT" source="#mixamorig_L_B_skirt3-Matrix-animation-input"/>
        <input semantic="OUTPUT" source="#mixamorig_L_B_skirt3-Matrix-animation-output-transform"/>
        <input semantic="INTERPOLATION" source="#mixamorig_L_B_skirt3-Interpolations"/>
      </sampler>
      <channel source="#mixamorig_L_B_skirt3-Matrix-animation-transform" target="mixamorig_L_B_skirt3/matrix"/>
    </animation>
    <animation id="mixamorig_L_C_skirt1-anim" name="mixamorig_L_C_skirt1">
      <source id="mixamorig_L_C_skirt1-Matrix-animation-input">
        <float_array id="mixamorig_L_C_skirt1-Matrix-animation-input-array" count="23">

0.000000 0.033333 0.066667 0.100000 0.133333 0.166667 0.200000 0.233333 0.266667 0.300000 0.333333 0.366667 0.400000 0.433333 0.466667 0.500000
0.533333 0.566667 0.600000 0.633333 0.666667 0.700000 0.733333</float_array>
        <technique_common>
          <accessor source="#mixamorig_L_C_skirt1-Matrix-animation-input-array" count="23">
            <param name="TIME" type="float"/>
          </accessor>
        </technique_common>
      </source>
      <source id="mixamorig_L_C_skirt1-Matrix-animation-output-transform">
        <float_array id="mixamorig_L_C_skirt1-Matrix-animation-output-transform-array" count="368">

0.023939 -0.971540 0.235663 7.049900 -0.998221 -0.010354 0.058718 -6.149500 -0.054607 -0.236649 -0.970059 -15.762800 0.000000 0.000000 0.000000 1.000000
0.023939 -0.971540 0.235663 7.049900 -0.998221 -0.010354 0.058718 -6.149500 -0.054607 -0.236649 -0.970059 -15.762800 0.000000 0.000000 0.000000 1.000000
0.023939 -0.971540 0.235663 7.049900 -0.998221 -0.010354 0.058718 -6.149500 -0.054607 -0.236649 -0.970059 -15.762800 0.000000 0.000000 0.000000 1.000000
0.023939 -0.971540 0.235663 7.049900 -0.998221 -0.010354 0.058718 -6.149500 -0.054607 -0.236649 -0.970059 -15.762800 0.000000 0.000000 0.000000 1.000000
0.023939 -0.971540 0.235663 7.049900 -0.998221 -0.010354 0.058718 -6.149500 -0.054607 -0.236649 -0.970059 -15.762800 0.000000 0.000000 0.000000 1.000000
0.023939 -0.971540 0.235663 7.049900 -0.998221 -0.010354 0.058718 -6.149500 -0.054607 -0.236649 -0.970059 -15.762800 0.000000 0.000000 0.000000 1.000000
0.023939 -0.971540 0.235663 7.049900 -0.998221 -0.010354 0.058718 -6.149500 -0.054607 -0.236649 -0.970059 -15.762800 0.000000 0.000000 0.000000 1.000000
0.023939 -0.971540 0.235663 7.049900 -0.998221 -0.010354 0.058718 -6.149500 -0.054607 -0.236649 -0.970059 -15.762800 0.000000 0.000000 0.000000 1.000000
0.023939 -0.971540 0.235663 7.049900 -0.998221 -0.010354 0.058718 -6.149500 -0.054607 -0.236649 -0.970059 -15.762800 0.000000 0.000000 0.000000 1.000000
0.023939 -0.971540 0.235663 7.049900 -0.998221 -0.010354 0.058718 -6.149500 -0.054607 -0.236649 -0.970059 -15.762800 0.000000 0.000000 0.000000 1.000000
0.023939 -0.971540 0.235663 7.049900 -0.998221 -0.010354 0.058718 -6.149500 -0.054607 -0.236649 -0.970059 -15.762800 0.000000 0.000000 0.000000 1.000000
0.023939 -0.971540 0.235663 7.049900 -0.998221 -0.010354 0.058718 -6.149500 -0.054607 -0.236649 -0.970059 -15.762800 0.000000 0.000000 0.000000 1.000000
0.023939 -0.971540 0.235663 7.049900 -0.998221 -0.010354 0.058718 -6.149500 -0.054607 -0.236649 -0.970059 -15.762800 0.000000 0.000000 0.000000 1.000000
0.023939 -0.971540 0.235663 7.049900 -0.998221 -0.010354 0.058718 -6.149500 -0.054607 -0.236649 -0.970059 -15.762800 0.000000 0.000000 0.000000 1.000000
0.023939 -0.971540 0.235663 7.049900 -0.998221 -0.010354 0.058718 -6.149500 -0.054607 -0.236649 -0.970059 -15.762800 0.000000 0.000000 0.000000 1.000000
0.023939 -0.971540 0.235663 7.049900 -0.998221 -0.010354 0.058718 -6.149500 -0.054607 -0.236649 -0.970059 -15.762800 0.000000 0.000000 0.000000 1.000000
0.023939 -0.971540 0.235663 7.049900 -0.998221 -0.010354 0.058718 -6.149500 -0.054607 -0.236649 -0.970059 -15.762800 0.000000 0.000000 0.000000 1.000000
0.023939 -0.971540 0.235663 7.049900 -0.998221 -0.010354 0.058718 -6.149500 -0.054607 -0.236649 -0.970059 -15.762800 0.000000 0.000000 0.000000 1.000000
0.023939 -0.971540 0.235663 7.049900 -0.998221 -0.010354 0.058718 -6.149500 -0.054607 -0.236649 -0.970059 -15.762800 0.000000 0.000000 0.000000 1.000000
0.023939 -0.971540 0.235663 7.049900 -0.998221 -0.010354 0.058718 -6.149500 -0.054607 -0.236649 -0.970059 -15.762800 0.000000 0.000000 0.000000 1.000000
0.023939 -0.971540 0.235663 7.049900 -0.998221 -0.010354 0.058718 -6.149500 -0.054607 -0.236649 -0.970059 -15.762800 0.000000 0.000000 0.000000 1.000000
0.023939 -0.971540 0.235663 7.049900 -0.998221 -0.010354 0.058718 -6.149500 -0.054607 -0.236649 -0.970059 -15.762800 0.000000 0.000000 0.000000 1.000000
0.023939 -0.971540 0.235663 7.049900 -0.998221 -0.010354 0.058718 -6.149500 -0.054607 -0.236649 -0.970059 -15.762800 0.000000 0.000000 0.000000 1.000000</float_array>
        <technique_common>
          <accessor source="#mixamorig_L_C_skirt1-Matrix-animation-output-transform-array" count="23" stride="16">
            <param type="float4x4"/>
          </accessor>
        </technique_common>
      </source>
      <source id="mixamorig_L_C_skirt1-Interpolations">
        <Name_array id="mixamorig_L_C_skirt1-Interpolations-array" count="23">
 LINEAR LINEAR LINEAR LINEAR LINEAR LINEAR LINEAR LINEAR LINEAR LINEAR LINEAR
LINEAR LINEAR LINEAR LINEAR LINEAR LINEAR LINEAR LINEAR LINEAR LINEAR LINEAR LINEAR</Name_array>
        <technique_common>
          <accessor source="#mixamorig_L_C_skirt1-Interpolations-array" count="23">
            <param type="name"/>
          </accessor>
        </technique_common>
      </source>
      <sampler id="mixamorig_L_C_skirt1-Matrix-animation-transform">
        <input semantic="INPUT" source="#mixamorig_L_C_skirt1-Matrix-animation-input"/>
        <input semantic="OUTPUT" source="#mixamorig_L_C_skirt1-Matrix-animation-output-transform"/>
        <input semantic="INTERPOLATION" source="#mixamorig_L_C_skirt1-Interpolations"/>
      </sampler>
      <channel source="#mixamorig_L_C_skirt1-Matrix-animation-transform" target="mixamorig_L_C_skirt1/matrix"/>
    </animation>
    <animation id="mixamorig_L_C_skirt2-anim" name="mixamorig_L_C_skirt2">
      <source id="mixamorig_L_C_skirt2-Matrix-animation-input">
        <float_array id="mixamorig_L_C_skirt2-Matrix-animation-input-array" count="23">

0.000000 0.033333 0.066667 0.100000 0.133333 0.166667 0.200000 0.233333 0.266667 0.300000 0.333333 0.366667 0.400000 0.433333 0.466667 0.500000
0.533333 0.566667 0.600000 0.633333 0.666667 0.700000 0.733333</float_array>
        <technique_common>
          <accessor source="#mixamorig_L_C_skirt2-Matrix-animation-input-array" count="23">
            <param name="TIME" type="float"/>
          </accessor>
        </technique_common>
      </source>
      <source id="mixamorig_L_C_skirt2-Matrix-animation-output-transform">
        <float_array id="mixamorig_L_C_skirt2-Matrix-animation-output-transform-array" count="368">

1.000000 -0.000000 -0.000000 28.000000 -0.000000 1.000000 0.000000 0.000000 0.000000 0.000000 1.000000 0.000000 0.000000 0.000000 0.000000 1.000000
1.000000 0.000000 0.000000 28.000000 0.000000 1.000000 0.000000 0.000000 -0.000000 0.000000 1.000000 -0.000000 0.000000 0.000000 0.000000 1.000000
1.000000 0.000000 0.000000 28.000000 -0.000000 1.000000 0.000000 -0.000000 0.000000 0.000000 1.000000 -0.000000 0.000000 0.000000 0.000000 1.000000
1.000000 0.000000 -0.000000 28.000000 0.000000 1.000000 -0.000000 -0.000000 -0.000000 -0.000000 1.000000 -0.000000 0.000000 0.000000 0.000000 1.000000
1.000000 0.000000 0.000000 28.000000 0.000000 1.000000 0.000000 -0.000000 0.000000 -0.000000 1.000000 -0.000000 0.000000 0.000000 0.000000 1.000000
1.000000 -0.000000 -0.000000 28.000000 0.000000 1.000000 0.000000 0.000000 0.000000 -0.000000 1.000000 0.000000 0.000000 0.000000 0.000000 1.000000
1.000000 0.000000 0.000000 28.000000 0.000000 1.000000 0.000000 0.000000 -0.000000 0.000000 1.000000 0.000000 0.000000 0.000000 0.000000 1.000000
1.000000 0.000000 0.000000 28.000000 0.000000 1.000000 0.000000 0.000000 -0.000000 -0.000000 1.000000 -0.000000 0.000000 0.000000 0.000000 1.000000
1.000000 0.000000 0.000000 28.000000 -0.000000 1.000000 0.000000 -0.000000 0.000000 0.000000 1.000000 0.000000 0.000000 0.000000 0.000000 1.000000
1.000000 -0.000000 0.000000 28.000000 0.000000 1.000000 0.000000 0.000000 -0.000000 0.000000 1.000000 0.000000 0.000000 0.000000 0.000000 1.000000
1.000000 -0.000000 0.000000 28.000000 0.000000 1.000000 0.000000 0.000000 0.000000 0.000000 1.000000 0.000000 0.000000 0.000000 0.000000 1.000000
1.000000 0.000000 -0.000000 28.000000 0.000000 1.000000 -0.000000 -0.000000 0.000000 -0.000000 1.000000 0.000000 0.000000 0.000000 0.000000 1.000000
1.000000 0.000000 0.000000 28.000000 0.000000 1.000000 0.000000 -0.000000 0.000000 0.000000 1.000000 0.000000 0.000000 0.000000 0.000000 1.000000
1.000000 -0.000000 0.000000 28.000000 -0.000000 1.000000 -0.000000 -0.000000 0.000000 0.000000 1.000000 0.000000 0.000000 0.000000 0.000000 1.000000
1.000000 -0.000000 -0.000000 28.000000 -0.000000 1.000000 0.000000 0.000000 0.000000 0.000000 1.000000 0.000000 0.000000 0.000000 0.000000 1.000000
1.000000 0.000000 0.000000 28.000000 0.000000 1.000000 -0.000000 0.000000 -0.000000 -0.000000 1.000000 -0.000000 0.000000 0.000000 0.000000 1.000000
1.000000 -0.000000 -0.000000 28.000000 -0.000000 1.000000 -0.000000 -0.000000 -0.000000 -0.000000 1.000000 0.000000 0.000000 0.000000 0.000000 1.000000
1.000000 0.000000 0.000000 28.000000 0.000000 1.000000 0.000000 0.000000 0.000000 0.000000 1.000000 0.000000 0.000000 0.000000 0.000000 1.000000
1.000000 -0.000000 -0.000000 28.000000 0.000000 1.000000 -0.000000 -0.000000 0.000000 0.000000 1.000000 0.000000 0.000000 0.000000 0.000000 1.000000
1.000000 0.000000 0.000000 28.000000 0.000000 1.000000 0.000000 0.000000 0.000000 0.000000 1.000000 0.000000 0.000000 0.000000 0.000000 1.000000
1.000000 -0.000000 0.000000 28.000000 -0.000000 1.000000 0.000000 0.000000 -0.000000 0.000000 1.000000 0.000000 0.000000 0.000000 0.000000 1.000000
1.000000 0.000000 -0.000000 28.000000 0.000000 1.000000 0.000000 -0.000000 0.000000 0.000000 1.000000 0.000000 0.000000 0.000000 0.000000 1.000000
1.000000 0.000000 0.000000 28.000000 0.000000 1.000000 0.000000 -0.000000 0.000000 0.000000 1.000000 -0.000000 0.000000 0.000000 0.000000 1.000000</float_array>
        <technique_common>
          <accessor source="#mixamorig_L_C_skirt2-Matrix-animation-output-transform-array" count="23" stride="16">
            <param type="float4x4"/>
          </accessor>
        </technique_common>
      </source>
      <source id="mixamorig_L_C_skirt2-Interpolations">
        <Name_array id="mixamorig_L_C_skirt2-Interpolations-array" count="23">
 LINEAR LINEAR LINEAR LINEAR LINEAR LINEAR LINEAR LINEAR LINEAR LINEAR LINEAR
LINEAR LINEAR LINEAR LINEAR LINEAR LINEAR LINEAR LINEAR LINEAR LINEAR LINEAR LINEAR</Name_array>
        <technique_common>
          <accessor source="#mixamorig_L_C_skirt2-Interpolations-array" count="23">
            <param type="name"/>
          </accessor>
        </technique_common>
      </source>
      <sampler id="mixamorig_L_C_skirt2-Matrix-animation-transform">
        <input semantic="INPUT" source="#mixamorig_L_C_skirt2-Matrix-animation-input"/>
        <input semantic="OUTPUT" source="#mixamorig_L_C_skirt2-Matrix-animation-output-transform"/>
        <input semantic="INTERPOLATION" source="#mixamorig_L_C_skirt2-Interpolations"/>
      </sampler>
      <channel source="#mixamorig_L_C_skirt2-Matrix-animation-transform" target="mixamorig_L_C_skirt2/matrix"/>
    </animation>
    <animation id="mixamorig_L_C_skirt3-anim" name="mixamorig_L_C_skirt3">
      <source id="mixamorig_L_C_skirt3-Matrix-animation-input">
        <float_array id="mixamorig_L_C_skirt3-Matrix-animation-input-array" count="23">

0.000000 0.033333 0.066667 0.100000 0.133333 0.166667 0.200000 0.233333 0.266667 0.300000 0.333333 0.366667 0.400000 0.433333 0.466667 0.500000
0.533333 0.566667 0.600000 0.633333 0.666667 0.700000 0.733333</float_array>
        <technique_common>
          <accessor source="#mixamorig_L_C_skirt3-Matrix-animation-input-array" count="23">
            <param name="TIME" type="float"/>
          </accessor>
        </technique_common>
      </source>
      <source id="mixamorig_L_C_skirt3-Matrix-animation-output-transform">
        <float_array id="mixamorig_L_C_skirt3-Matrix-animation-output-transform-array" count="368">

1.000000 -0.000000 -0.000000 28.000000 -0.000000 1.000000 0.000000 0.000000 0.000000 0.000000 1.000000 0.000000 0.000000 0.000000 0.000000 1.000000
1.000000 -0.000000 0.000000 28.000000 0.000000 1.000000 0.000000 -0.000000 -0.000000 -0.000000 1.000000 0.000000 0.000000 0.000000 0.000000 1.000000
1.000000 0.000000 -0.000000 28.000000 -0.000000 1.000000 -0.000000 -0.000000 0.000000 0.000000 1.000000 0.000000 0.000000 0.000000 0.000000 1.000000
1.000000 0.000000 0.000000 28.000000 0.000000 1.000000 0.000000 0.000000 -0.000000 -0.000000 1.000000 0.000000 0.000000 0.000000 0.000000 1.000000
1.000000 0.000000 0.000000 28.000000 0.000000 1.000000 0.000000 0.000000 0.000000 0.000000 1.000000 0.000000 0.000000 0.000000 0.000000 1.000000
1.000000 0.000000 -0.000000 28.000000 -0.000000 1.000000 -0.000000 -0.000000 0.000000 0.000000 1.000000 0.000000 0.000000 0.000000 0.000000 1.000000
1.000000 0.000000 -0.000000 28.000000 0.000000 1.000000 0.000000 0.000000 -0.000000 0.000000 1.000000 0.000000 0.000000 0.000000 0.000000 1.000000
1.000000 -0.000000 -0.000000 28.000000 -0.000000 1.000000 -0.000000 0.000000 -0.000000 0.000000 1.000000 0.000000 0.000000 0.000000 0.000000 1.000000
1.000000 0.000000 -0.000000 28.000000 -0.000000 1.000000 0.000000 -0.000000 0.000000 0.000000 1.000000 -0.000000 0.000000 0.000000 0.000000 1.000000
1.000000 -0.000000 0.000000 28.000000 0.000000 1.000000 -0.000000 0.000000 0.000000 0.000000 1.000000 0.000000 0.000000 0.000000 0.000000 1.000000
1.000000 0.000000 0.000000 28.000000 0.000000 1.000000 0.000000 0.000000 0.000000 0.000000 1.000000 0.000000 0.000000 0.000000 0.000000 1.000000
1.000000 0.000000 0.000000 28.000000 0.000000 1.000000 -0.000000 0.000000 0.000000 0.000000 1.000000 0.000000 0.000000 0.000000 0.000000 1.000000
1.000000 -0.000000 -0.000000 28.000000 0.000000 1.000000 -0.000000 -0.000000 -0.000000 -0.000000 1.000000 0.000000 0.000000 0.000000 0.000000 1.000000
1.000000 0.000000 0.000000 28.000000 0.000000 1.000000 0.000000 0.000000 0.000000 0.000000 1.000000 0.000000 0.000000 0.000000 0.000000 1.000000
1.000000 0.000000 -0.000000 28.000000 -0.000000 1.000000 -0.000000 0.000000 -0.000000 0.000000 1.000000 0.000000 0.000000 0.000000 0.000000 1.000000
1.000000 0.000000 -0.000000 28.000000 0.000000 1.000000 -0.000000 0.000000 -0.000000 -0.000000 1.000000 -0.000000 0.000000 0.000000 0.000000 1.000000
1.000000 -0.000000 -0.000000 28.000000 0.000000 1.000000 -0.000000 -0.000000 -0.000000 -0.000000 1.000000 0.000000 0.000000 0.000000 0.000000 1.000000
1.000000 0.000000 -0.000000 28.000000 0.000000 1.000000 0.000000 0.000000 -0.000000 0.000000 1.000000 0.000000 0.000000 0.000000 0.000000 1.000000
1.000000 0.000000 0.000000 28.000000 0.000000 1.000000 -0.000000 0.000000 0.000000 0.000000 1.000000 0.000000 0.000000 0.000000 0.000000 1.000000
1.000000 0.000000 0.000000 28.000000 0.000000 1.000000 0.000000 0.000000 0.000000 0.000000 1.000000 0.000000 0.000000 0.000000 0.000000 1.000000
1.000000 -0.000000 0.000000 28.000000 0.000000 1.000000 -0.000000 0.000000 -0.000000 0.000000 1.000000 0.000000 0.000000 0.000000 0.000000 1.000000
1.000000 -0.000000 0.000000 28.000000 0.000000 1.000000 0.000000 -0.000000 0.000000 0.000000 1.000000 -0.000000 0.000000 0.000000 0.000000 1.000000
1.000000 0.000000 0.000000 28.000000 -0.000000 1.000000 -0.000000 0.000000 -0.000000 0.000000 1.000000 0.000000 0.000000 0.000000 0.000000 1.000000</float_array>
        <technique_common>
          <accessor source="#mixamorig_L_C_skirt3-Matrix-animation-output-transform-array" count="23" stride="16">
            <param type="float4x4"/>
          </accessor>
        </technique_common>
      </source>
      <source id="mixamorig_L_C_skirt3-Interpolations">
        <Name_array id="mixamorig_L_C_skirt3-Interpolations-array" count="23">
 LINEAR LINEAR LINEAR LINEAR LINEAR LINEAR LINEAR LINEAR LINEAR LINEAR LINEAR
LINEAR LINEAR LINEAR LINEAR LINEAR LINEAR LINEAR LINEAR LINEAR LINEAR LINEAR LINEAR</Name_array>
        <technique_common>
          <accessor source="#mixamorig_L_C_skirt3-Interpolations-array" count="23">
            <param type="name"/>
          </accessor>
        </technique_common>
      </source>
      <sampler id="mixamorig_L_C_skirt3-Matrix-animation-transform">
        <input semantic="INPUT" source="#mixamorig_L_C_skirt3-Matrix-animation-input"/>
        <input semantic="OUTPUT" source="#mixamorig_L_C_skirt3-Matrix-animation-output-transform"/>
        <input semantic="INTERPOLATION" source="#mixamorig_L_C_skirt3-Interpolations"/>
      </sampler>
      <channel source="#mixamorig_L_C_skirt3-Matrix-animation-transform" target="mixamorig_L_C_skirt3/matrix"/>
    </animation>
    <animation id="mixamorig_R_A_skirt1-anim" name="mixamorig_R_A_skirt1">
      <source id="mixamorig_R_A_skirt1-Matrix-animation-input">
        <float_array id="mixamorig_R_A_skirt1-Matrix-animation-input-array" count="23">

0.000000 0.033333 0.066667 0.100000 0.133333 0.166667 0.200000 0.233333 0.266667 0.300000 0.333333 0.366667 0.400000 0.433333 0.466667 0.500000
0.533333 0.566667 0.600000 0.633333 0.666667 0.700000 0.733333</float_array>
        <technique_common>
          <accessor source="#mixamorig_R_A_skirt1-Matrix-animation-input-array" count="23">
            <param name="TIME" type="float"/>
          </accessor>
        </technique_common>
      </source>
      <source id="mixamorig_R_A_skirt1-Matrix-animation-output-transform">
        <float_array id="mixamorig_R_A_skirt1-Matrix-animation-output-transform-array" count="368">

-0.122996 0.897244 -0.424058 -9.424300 -0.992244 -0.103429 0.068955 -5.518900 0.018009 0.429250 0.903006 15.946100 0.000000 0.000000 0.000000 1.000000
-0.122996 0.897244 -0.424058 -9.424300 -0.992244 -0.103429 0.068955 -5.518900 0.018009 0.429250 0.903006 15.946100 0.000000 0.000000 0.000000 1.000000
-0.122996 0.897244 -0.424058 -9.424300 -0.992244 -0.103429 0.068955 -5.518900 0.018009 0.429250 0.903006 15.946100 0.000000 0.000000 0.000000 1.000000
-0.122996 0.897244 -0.424058 -9.424300 -0.992244 -0.103429 0.068955 -5.518900 0.018009 0.429250 0.903006 15.946100 0.000000 0.000000 0.000000 1.000000
-0.122996 0.897244 -0.424058 -9.424300 -0.992244 -0.103429 0.068955 -5.518900 0.018009 0.429250 0.903006 15.946100 0.000000 0.000000 0.000000 1.000000
-0.122996 0.897244 -0.424058 -9.424300 -0.992244 -0.103429 0.068955 -5.518900 0.018009 0.429250 0.903006 15.946100 0.000000 0.000000 0.000000 1.000000
-0.122996 0.897244 -0.424058 -9.424300 -0.992244 -0.103429 0.068955 -5.518900 0.018009 0.429250 0.903006 15.946100 0.000000 0.000000 0.000000 1.000000
-0.122996 0.897244 -0.424058 -9.424300 -0.992244 -0.103429 0.068955 -5.518900 0.018009 0.429250 0.903006 15.946100 0.000000 0.000000 0.000000 1.000000
-0.122996 0.897244 -0.424058 -9.424300 -0.992244 -0.103429 0.068955 -5.518900 0.018009 0.429250 0.903006 15.946100 0.000000 0.000000 0.000000 1.000000
-0.122996 0.897244 -0.424058 -9.424300 -0.992244 -0.103429 0.068955 -5.518900 0.018009 0.429250 0.903006 15.946100 0.000000 0.000000 0.000000 1.000000
-0.122996 0.897244 -0.424058 -9.424300 -0.992244 -0.103429 0.068955 -5.518900 0.018009 0.429250 0.903006 15.946100 0.000000 0.000000 0.000000 1.000000
-0.122996 0.897244 -0.424058 -9.424300 -0.992244 -0.103429 0.068955 -5.518900 0.018009 0.429250 0.903006 15.946100 0.000000 0.000000 0.000000 1.000000
-0.122996 0.897244 -0.424058 -9.424300 -0.992244 -0.103429 0.068955 -5.518900 0.018009 0.429250 0.903006 15.946100 0.000000 0.000000 0.000000 1.000000
-0.122996 0.897244 -0.424058 -9.424300 -0.992244 -0.103429 0.068955 -5.518900 0.018009 0.429250 0.903006 15.946100 0.000000 0.000000 0.000000 1.000000
-0.122996 0.897244 -0.424058 -9.424300 -0.992244 -0.103429 0.068955 -5.518900 0.018009 0.429250 0.903006 15.946100 0.000000 0.000000 0.000000 1.000000
-0.122996 0.897244 -0.424058 -9.424300 -0.992244 -0.103429 0.068955 -5.518900 0.018009 0.429250 0.903006 15.946100 0.000000 0.000000 0.000000 1.000000
-0.122996 0.897244 -0.424058 -9.424300 -0.992244 -0.103429 0.068955 -5.518900 0.018009 0.429250 0.903006 15.946100 0.000000 0.000000 0.000000 1.000000
-0.122996 0.897244 -0.424058 -9.424300 -0.992244 -0.103429 0.068955 -5.518900 0.018009 0.429250 0.903006 15.946100 0.000000 0.000000 0.000000 1.000000
-0.122996 0.897244 -0.424058 -9.424300 -0.992244 -0.103429 0.068955 -5.518900 0.018009 0.429250 0.903006 15.946100 0.000000 0.000000 0.000000 1.000000
-0.122996 0.897244 -0.424058 -9.424300 -0.992244 -0.103429 0.068955 -5.518900 0.018009 0.429250 0.903006 15.946100 0.000000 0.000000 0.000000 1.000000
-0.122996 0.897244 -0.424058 -9.424300 -0.992244 -0.103429 0.068955 -5.518900 0.018009 0.429250 0.903006 15.946100 0.000000 0.000000 0.000000 1.000000
-0.122996 0.897244 -0.424058 -9.424300 -0.992244 -0.103429 0.068955 -5.518900 0.018009 0.429250 0.903006 15.946100 0.000000 0.000000 0.000000 1.000000
-0.122996 0.897244 -0.424058 -9.424300 -0.992244 -0.103429 0.068955 -5.518900 0.018009 0.429250 0.903006 15.946100 0.000000 0.000000 0.000000 1.000000</float_array>
        <technique_common>
          <accessor source="#mixamorig_R_A_skirt1-Matrix-animation-output-transform-array" count="23" stride="16">
            <param type="float4x4"/>
          </accessor>
        </technique_common>
      </source>
      <source id="mixamorig_R_A_skirt1-Interpolations">
        <Name_array id="mixamorig_R_A_skirt1-Interpolations-array" count="23">
 LINEAR LINEAR LINEAR LINEAR LINEAR LINEAR LINEAR LINEAR LINEAR LINEAR LINEAR
LINEAR LINEAR LINEAR LINEAR LINEAR LINEAR LINEAR LINEAR LINEAR LINEAR LINEAR LINEAR</Name_array>
        <technique_common>
          <accessor source="#mixamorig_R_A_skirt1-Interpolations-array" count="23">
            <param type="name"/>
          </accessor>
        </technique_common>
      </source>
      <sampler id="mixamorig_R_A_skirt1-Matrix-animation-transform">
        <input semantic="INPUT" source="#mixamorig_R_A_skirt1-Matrix-animation-input"/>
        <input semantic="OUTPUT" source="#mixamorig_R_A_skirt1-Matrix-animation-output-transform"/>
        <input semantic="INTERPOLATION" source="#mixamorig_R_A_skirt1-Interpolations"/>
      </sampler>
      <channel source="#mixamorig_R_A_skirt1-Matrix-animation-transform" target="mixamorig_R_A_skirt1/matrix"/>
    </animation>
    <animation id="mixamorig_R_A_skirt2-anim" name="mixamorig_R_A_skirt2">
      <source id="mixamorig_R_A_skirt2-Matrix-animation-input">
        <float_array id="mixamorig_R_A_skirt2-Matrix-animation-input-array" count="23">

0.000000 0.033333 0.066667 0.100000 0.133333 0.166667 0.200000 0.233333 0.266667 0.300000 0.333333 0.366667 0.400000 0.433333 0.466667 0.500000
0.533333 0.566667 0.600000 0.633333 0.666667 0.700000 0.733333</float_array>
        <technique_common>
          <accessor source="#mixamorig_R_A_skirt2-Matrix-animation-input-array" count="23">
            <param name="TIME" type="float"/>
          </accessor>
        </technique_common>
      </source>
      <source id="mixamorig_R_A_skirt2-Matrix-animation-output-transform">
        <float_array id="mixamorig_R_A_skirt2-Matrix-animation-output-transform-array" count="368">

1.000000 0.000000 0.000000 26.999599 0.000000 1.000000 0.000000 -0.000000 -0.000000 0.000000 1.000000 0.000100 0.000000 0.000000 0.000000 1.000000
1.000000 0.000000 0.000000 26.999599 -0.000000 1.000000 0.000000 -0.000000 -0.000000 0.000000 1.000000 0.000100 0.000000 0.000000 0.000000 1.000000
1.000000 0.000000 0.000000 26.999599 0.000000 1.000000 -0.000000 0.000000 0.000000 -0.000000 1.000000 0.000100 0.000000 0.000000 0.000000 1.000000
1.000000 0.000000 0.000000 26.999599 -0.000000 1.000000 -0.000000 0.000000 0.000000 -0.000000 1.000000 0.000100 0.000000 0.000000 0.000000 1.000000
1.000000 -0.000000 0.000000 26.999599 0.000000 1.000000 0.000000 0.000000 0.000000 0.000000 1.000000 0.000100 0.000000 0.000000 0.000000 1.000000
1.000000 0.000000 0.000000 26.999599 0.000000 1.000000 0.000000 -0.000000 0.000000 0.000000 1.000000 0.000100 0.000000 0.000000 0.000000 1.000000
1.000000 0.000000 0.000000 26.999599 0.000000 1.000000 -0.000000 -0.000000 0.000000 -0.000000 1.000000 0.000100 0.000000 0.000000 0.000000 1.000000
1.000000 0.000000 0.000000 26.999599 0.000000 1.000000 0.000000 0.000000 0.000000 0.000000 1.000000 0.000100 0.000000 0.000000 0.000000 1.000000
1.000000 -0.000000 0.000000 26.999599 0.000000 1.000000 -0.000000 -0.000000 0.000000 0.000000 1.000000 0.000100 0.000000 0.000000 0.000000 1.000000
1.000000 -0.000000 0.000000 26.999599 0.000000 1.000000 0.000000 0.000000 0.000000 0.000000 1.000000 0.000100 0.000000 0.000000 0.000000 1.000000
1.000000 0.000000 -0.000000 26.999599 0.000000 1.000000 -0.000000 0.000000 0.000000 0.000000 1.000000 0.000100 0.000000 0.000000 0.000000 1.000000
1.000000 0.000000 0.000000 26.999599 0.000000 1.000000 -0.000000 0.000000 -0.000000 -0.000000 1.000000 0.000100 0.000000 0.000000 0.000000 1.000000
1.000000 0.000000 0.000000 26.999599 0.000000 1.000000 -0.000000 0.000000 -0.000000 0.000000 1.000000 0.000100 0.000000 0.000000 0.000000 1.000000
1.000000 0.000000 -0.000000 26.999599 -0.000000 1.000000 0.000000 0.000000 0.000000 -0.000000 1.000000 0.000100 0.000000 0.000000 0.000000 1.000000
1.000000 0.000000 -0.000000 26.999599 0.000000 1.000000 0.000000 -0.000000 0.000000 0.000000 1.000000 0.000100 0.000000 0.000000 0.000000 1.000000
1.000000 0.000000 -0.000000 26.999599 -0.000000 1.000000 0.000000 0.000000 0.000000 0.000000 1.000000 0.000100 0.000000 0.000000 0.000000 1.000000
1.000000 0.000000 0.000000 26.999599 0.000000 1.000000 0.000000 0.000000 -0.000000 -0.000000 1.000000 0.000100 0.000000 0.000000 0.000000 1.000000
1.000000 0.000000 0.000000 26.999599 -0.000000 1.000000 0.000000 0.000000 -0.000000 -0.000000 1.000000 0.000100 0.000000 0.000000 0.000000 1.000000
1.000000 0.000000 0.000000 26.999599 -0.000000 1.000000 0.000000 0.000000 0.000000 0.000000 1.000000 0.000100 0.000000 0.000000 0.000000 1.000000
1.000000 -0.000000 -0.000000 26.999599 0.000000 1.000000 -0.000000 -0.000000 0.000000 0.000000 1.000000 0.000100 0.000000 0.000000 0.000000 1.000000
1.000000 0.000000 0.000000 26.999599 -0.000000 1.000000 -0.000000 0.000000 0.000000 -0.000000 1.000000 0.000100 0.000000 0.000000 0.000000 1.000000
1.000000 0.000000 0.000000 26.999599 0.000000 1.000000 0.000000 -0.000000 0.000000 0.000000 1.000000 0.000100 0.000000 0.000000 0.000000 1.000000
1.000000 0.000000 0.000000 26.999599 0.000000 1.000000 -0.000000 0.000000 0.000000 0.000000 1.000000 0.000100 0.000000 0.000000 0.000000 1.000000</float_array>
        <technique_common>
          <accessor source="#mixamorig_R_A_skirt2-Matrix-animation-output-transform-array" count="23" stride="16">
            <param type="float4x4"/>
          </accessor>
        </technique_common>
      </source>
      <source id="mixamorig_R_A_skirt2-Interpolations">
        <Name_array id="mixamorig_R_A_skirt2-Interpolations-array" count="23">
 LINEAR LINEAR LINEAR LINEAR LINEAR LINEAR LINEAR LINEAR LINEAR LINEAR LINEAR
LINEAR LINEAR LINEAR LINEAR LINEAR LINEAR LINEAR LINEAR LINEAR LINEAR LINEAR LINEAR</Name_array>
        <technique_common>
          <accessor source="#mixamorig_R_A_skirt2-Interpolations-array" count="23">
            <param type="name"/>
          </accessor>
        </technique_common>
      </source>
      <sampler id="mixamorig_R_A_skirt2-Matrix-animation-transform">
        <input semantic="INPUT" source="#mixamorig_R_A_skirt2-Matrix-animation-input"/>
        <input semantic="OUTPUT" source="#mixamorig_R_A_skirt2-Matrix-animation-output-transform"/>
        <input semantic="INTERPOLATION" source="#mixamorig_R_A_skirt2-Interpolations"/>
      </sampler>
      <channel source="#mixamorig_R_A_skirt2-Matrix-animation-transform" target="mixamorig_R_A_skirt2/matrix"/>
    </animation>
    <animation id="mixamorig_R_A_skirt3-anim" name="mixamorig_R_A_skirt3">
      <source id="mixamorig_R_A_skirt3-Matrix-animation-input">
        <float_array id="mixamorig_R_A_skirt3-Matrix-animation-input-array" count="23">

0.000000 0.033333 0.066667 0.100000 0.133333 0.166667 0.200000 0.233333 0.266667 0.300000 0.333333 0.366667 0.400000 0.433333 0.466667 0.500000
0.533333 0.566667 0.600000 0.633333 0.666667 0.700000 0.733333</float_array>
        <technique_common>
          <accessor source="#mixamorig_R_A_skirt3-Matrix-animation-input-array" count="23">
            <param name="TIME" type="float"/>
          </accessor>
        </technique_common>
      </source>
      <source id="mixamorig_R_A_skirt3-Matrix-animation-output-transform">
        <float_array id="mixamorig_R_A_skirt3-Matrix-animation-output-transform-array" count="368">

1.000000 -0.000000 0.000000 27.000000 0.000000 1.000000 -0.000000 0.000000 0.000000 0.000000 1.000000 0.000000 0.000000 0.000000 0.000000 1.000000
1.000000 0.000000 0.000000 27.000000 0.000000 1.000000 0.000000 -0.000000 0.000000 -0.000000 1.000000 0.000000 0.000000 0.000000 0.000000 1.000000
1.000000 -0.000000 0.000000 27.000000 0.000000 1.000000 0.000000 0.000000 0.000000 0.000000 1.000000 0.000000 0.000000 0.000000 0.000000 1.000000
1.000000 0.000000 -0.000000 27.000000 0.000000 1.000000 0.000000 0.000000 0.000000 0.000000 1.000000 0.000000 0.000000 0.000000 0.000000 1.000000
1.000000 0.000000 0.000000 27.000000 0.000000 1.000000 0.000000 0.000000 0.000000 0.000000 1.000000 0.000000 0.000000 0.000000 0.000000 1.000000
1.000000 0.000000 0.000000 27.000000 -0.000000 1.000000 -0.000000 0.000000 -0.000000 0.000000 1.000000 -0.000000 0.000000 0.000000 0.000000 1.000000
1.000000 -0.000000 -0.000000 27.000000 0.000000 1.000000 0.000000 -0.000000 0.000000 -0.000000 1.000000 0.000000 0.000000 0.000000 0.000000 1.000000
1.000000 0.000000 0.000000 27.000000 0.000000 1.000000 0.000000 0.000000 -0.000000 0.000000 1.000000 0.000000 0.000000 0.000000 0.000000 1.000000
1.000000 -0.000000 0.000000 27.000000 0.000000 1.000000 0.000000 0.000000 0.000000 0.000000 1.000000 -0.000000 0.000000 0.000000 0.000000 1.000000
1.000000 0.000000 0.000000 27.000000 0.000000 1.000000 0.000000 0.000000 0.000000 0.000000 1.000000 0.000000 0.000000 0.000000 0.000000 1.000000
1.000000 0.000000 -0.000000 27.000000 0.000000 1.000000 0.000000 0.000000 0.000000 0.000000 1.000000 0.000000 0.000000 0.000000 0.000000 1.000000
1.000000 0.000000 0.000000 27.000000 -0.000000 1.000000 0.000000 -0.000000 -0.000000 -0.000000 1.000000 -0.000000 0.000000 0.000000 0.000000 1.000000
1.000000 0.000000 -0.000000 27.000000 0.000000 1.000000 0.000000 0.000000 0.000000 0.000000 1.000000 0.000000 0.000000 0.000000 0.000000 1.000000
1.000000 0.000000 -0.000000 27.000000 -0.000000 1.000000 0.000000 -0.000000 0.000000 0.000000 1.000000 0.000000 0.000000 0.000000 0.000000 1.000000
1.000000 0.000000 0.000000 27.000000 0.000000 1.000000 0.000000 0.000000 0.000000 0.000000 1.000000 0.000000 0.000000 0.000000 0.000000 1.000000
1.000000 0.000000 -0.000000 27.000000 -0.000000 1.000000 0.000000 -0.000000 0.000000 0.000000 1.000000 0.000000 0.000000 0.000000 0.000000 1.000000
1.000000 0.000000 0.000000 27.000000 -0.000000 1.000000 0.000000 -0.000000 0.000000 0.000000 1.000000 0.000000 0.000000 0.000000 0.000000 1.000000
1.000000 -0.000000 -0.000000 27.000000 0.000000 1.000000 0.000000 0.000000 -0.000000 0.000000 1.000000 0.000000 0.000000 0.000000 0.000000 1.000000
1.000000 0.000000 0.000000 27.000000 0.000000 1.000000 0.000000 0.000000 0.000000 0.000000 1.000000 0.000000 0.000000 0.000000 0.000000 1.000000
1.000000 0.000000 -0.000000 27.000000 0.000000 1.000000 -0.000000 -0.000000 0.000000 0.000000 1.000000 0.000000 0.000000 0.000000 0.000000 1.000000
1.000000 0.000000 0.000000 27.000000 0.000000 1.000000 0.000000 -0.000000 0.000000 -0.000000 1.000000 0.000000 0.000000 0.000000 0.000000 1.000000
1.000000 -0.000000 0.000000 27.000000 0.000000 1.000000 0.000000 0.000000 0.000000 -0.000000 1.000000 -0.000000 0.000000 0.000000 0.000000 1.000000
1.000000 -0.000000 0.000000 27.000000 -0.000000 1.000000 0.000000 0.000000 0.000000 0.000000 1.000000 -0.000000 0.000000 0.000000 0.000000 1.000000</float_array>
        <technique_common>
          <accessor source="#mixamorig_R_A_skirt3-Matrix-animation-output-transform-array" count="23" stride="16">
            <param type="float4x4"/>
          </accessor>
        </technique_common>
      </source>
      <source id="mixamorig_R_A_skirt3-Interpolations">
        <Name_array id="mixamorig_R_A_skirt3-Interpolations-array" count="23">
 LINEAR LINEAR LINEAR LINEAR LINEAR LINEAR LINEAR LINEAR LINEAR LINEAR LINEAR
LINEAR LINEAR LINEAR LINEAR LINEAR LINEAR LINEAR LINEAR LINEAR LINEAR LINEAR LINEAR</Name_array>
        <technique_common>
          <accessor source="#mixamorig_R_A_skirt3-Interpolations-array" count="23">
            <param type="name"/>
          </accessor>
        </technique_common>
      </source>
      <sampler id="mixamorig_R_A_skirt3-Matrix-animation-transform">
        <input semantic="INPUT" source="#mixamorig_R_A_skirt3-Matrix-animation-input"/>
        <input semantic="OUTPUT" source="#mixamorig_R_A_skirt3-Matrix-animation-output-transform"/>
        <input semantic="INTERPOLATION" source="#mixamorig_R_A_skirt3-Interpolations"/>
      </sampler>
      <channel source="#mixamorig_R_A_skirt3-Matrix-animation-transform" target="mixamorig_R_A_skirt3/matrix"/>
    </animation>
    <animation id="mixamorig_R_B_skirt1-anim" name="mixamorig_R_B_skirt1">
      <source id="mixamorig_R_B_skirt1-Matrix-animation-input">
        <float_array id="mixamorig_R_B_skirt1-Matrix-animation-input-array" count="23">

0.000000 0.033333 0.066667 0.100000 0.133333 0.166667 0.200000 0.233333 0.266667 0.300000 0.333333 0.366667 0.400000 0.433333 0.466667 0.500000
0.533333 0.566667 0.600000 0.633333 0.666667 0.700000 0.733333</float_array>
        <technique_common>
          <accessor source="#mixamorig_R_B_skirt1-Matrix-animation-input-array" count="23">
            <param name="TIME" type="float"/>
          </accessor>
        </technique_common>
      </source>
      <source id="mixamorig_R_B_skirt1-Matrix-animation-output-transform">
        <float_array id="mixamorig_R_B_skirt1-Matrix-animation-output-transform-array" count="368">

-0.111759 0.000000 -0.993735 -18.448900 -0.993735 -0.000000 0.111759 -4.216300 -0.000000 1.000000 0.000000 -0.295100 0.000000 0.000000 0.000000 1.000000
-0.111759 0.000000 -0.993735 -18.448900 -0.993735 0.000000 0.111759 -4.216300 0.000000 1.000000 0.000000 -0.295100 0.000000 0.000000 0.000000 1.000000
-0.111759 0.000000 -0.993735 -18.448900 -0.993735 -0.000000 0.111759 -4.216300 -0.000000 1.000000 0.000000 -0.295100 0.000000 0.000000 0.000000 1.000000
-0.111759 0.000000 -0.993735 -18.448900 -0.993735 -0.000000 0.111759 -4.216300 0.000000 1.000000 0.000000 -0.295100 0.000000 0.000000 0.000000 1.000000
-0.111759 0.000000 -0.993735 -18.448900 -0.993735 -0.000000 0.111759 -4.216300 -0.000000 1.000000 0.000000 -0.295100 0.000000 0.000000 0.000000 1.000000
-0.111759 0.000000 -0.993735 -18.448900 -0.993735 0.000000 0.111759 -4.216300 0.000000 1.000000 0.000000 -0.295100 0.000000 0.000000 0.000000 1.000000
-0.111759 0.000000 -0.993735 -18.448900 -0.993735 0.000000 0.111759 -4.216300 -0.000000 1.000000 -0.000000 -0.295100 0.000000 0.000000 0.000000 1.000000
-0.111759 0.000000 -0.993735 -18.448900 -0.993735 -0.000000 0.111759 -4.216300 0.000000 1.000000 0.000000 -0.295100 0.000000 0.000000 0.000000 1.000000
-0.111759 0.000000 -0.993735 -18.448900 -0.993735 0.000000 0.111759 -4.216300 0.000000 1.000000 0.000000 -0.295100 0.000000 0.000000 0.000000 1.000000
-0.111759 0.000000 -0.993735 -18.448900 -0.993735 0.000000 0.111759 -4.216300 -0.000000 1.000000 0.000000 -0.295100 0.000000 0.000000 0.000000 1.000000
-0.111759 0.000000 -0.993735 -18.448900 -0.993735 -0.000000 0.111759 -4.216300 0.000000 1.000000 0.000000 -0.295100 0.000000 0.000000 0.000000 1.000000
-0.111759 0.000000 -0.993735 -18.448900 -0.993735 -0.000000 0.111759 -4.216300 0.000000 1.000000 0.000000 -0.295100 0.000000 0.000000 0.000000 1.000000
-0.111759 -0.000000 -0.993735 -18.448900 -0.993735 -0.000000 0.111759 -4.216300 0.000000 1.000000 -0.000000 -0.295100 0.000000 0.000000 0.000000 1.000000
-0.111759 0.000000 -0.993735 -18.448900 -0.993735 -0.000000 0.111759 -4.216300 0.000000 1.000000 -0.000000 -0.295100 0.000000 0.000000 0.000000 1.000000
-0.111759 0.000000 -0.993735 -18.448900 -0.993735 -0.000000 0.111759 -4.216300 -0.000000 1.000000 0.000000 -0.295100 0.000000 0.000000 0.000000 1.000000
-0.111759 0.000000 -0.993735 -18.448900 -0.993735 0.000000 0.111759 -4.216300 0.000000 1.000000 0.000000 -0.295100 0.000000 0.000000 0.000000 1.000000
-0.111759 0.000000 -0.993735 -18.448900 -0.993735 0.000000 0.111759 -4.216300 0.000000 1.000000 0.000000 -0.295100 0.000000 0.000000 0.000000 1.000000
-0.111759 0.000000 -0.993735 -18.448900 -0.993735 -0.000000 0.111759 -4.216300 -0.000000 1.000000 0.000000 -0.295100 0.000000 0.000000 0.000000 1.000000
-0.111759 0.000000 -0.993735 -18.448900 -0.993735 0.000000 0.111759 -4.216300 0.000000 1.000000 0.000000 -0.295100 0.000000 0.000000 0.000000 1.000000
-0.111759 0.000000 -0.993735 -18.448900 -0.993735 -0.000000 0.111759 -4.216300 -0.000000 1.000000 0.000000 -0.295100 0.000000 0.000000 0.000000 1.000000
-0.111759 0.000000 -0.993735 -18.448900 -0.993735 0.000000 0.111759 -4.216300 0.000000 1.000000 0.000000 -0.295100 0.000000 0.000000 0.000000 1.000000
-0.111759 0.000000 -0.993735 -18.448900 -0.993735 0.000000 0.111759 -4.216300 -0.000000 1.000000 0.000000 -0.295100 0.000000 0.000000 0.000000 1.000000
-0.111759 0.000000 -0.993735 -18.448900 -0.993735 0.000000 0.111759 -4.216300 -0.000000 1.000000 0.000000 -0.295100 0.000000 0.000000 0.000000 1.000000</float_array>
        <technique_common>
          <accessor source="#mixamorig_R_B_skirt1-Matrix-animation-output-transform-array" count="23" stride="16">
            <param type="float4x4"/>
          </accessor>
        </technique_common>
      </source>
      <source id="mixamorig_R_B_skirt1-Interpolations">
        <Name_array id="mixamorig_R_B_skirt1-Interpolations-array" count="23">
 LINEAR LINEAR LINEAR LINEAR LINEAR LINEAR LINEAR LINEAR LINEAR LINEAR LINEAR
LINEAR LINEAR LINEAR LINEAR LINEAR LINEAR LINEAR LINEAR LINEAR LINEAR LINEAR LINEAR</Name_array>
        <technique_common>
          <accessor source="#mixamorig_R_B_skirt1-Interpolations-array" count="23">
            <param type="name"/>
          </accessor>
        </technique_common>
      </source>
      <sampler id="mixamorig_R_B_skirt1-Matrix-animation-transform">
        <input semantic="INPUT" source="#mixamorig_R_B_skirt1-Matrix-animation-input"/>
        <input semantic="OUTPUT" source="#mixamorig_R_B_skirt1-Matrix-animation-output-transform"/>
        <input semantic="INTERPOLATION" source="#mixamorig_R_B_skirt1-Interpolations"/>
      </sampler>
      <channel source="#mixamorig_R_B_skirt1-Matrix-animation-transform" target="mixamorig_R_B_skirt1/matrix"/>
    </animation>
    <animation id="mixamorig_R_B_skirt2-anim" name="mixamorig_R_B_skirt2">
      <source id="mixamorig_R_B_skirt2-Matrix-animation-input">
        <float_array id="mixamorig_R_B_skirt2-Matrix-animation-input-array" count="23">

0.000000 0.033333 0.066667 0.100000 0.133333 0.166667 0.200000 0.233333 0.266667 0.300000 0.333333 0.366667 0.400000 0.433333 0.466667 0.500000
0.533333 0.566667 0.600000 0.633333 0.666667 0.700000 0.733333</float_array>
        <technique_common>
          <accessor source="#mixamorig_R_B_skirt2-Matrix-animation-input-array" count="23">
            <param name="TIME" type="float"/>
          </accessor>
        </technique_common>
      </source>
      <source id="mixamorig_R_B_skirt2-Matrix-animation-output-transform">
        <float_array id="mixamorig_R_B_skirt2-Matrix-animation-output-transform-array" count="368">

1.000000 -0.000000 0.000000 26.999701 0.000000 1.000000 0.000000 0.000000 -0.000000 -0.000000 1.000000 0.000100 0.000000 0.000000 0.000000 1.000000
1.000000 -0.000000 0.000000 26.999701 0.000000 1.000000 -0.000000 -0.000000 0.000000 -0.000000 1.000000 0.000100 0.000000 0.000000 0.000000 1.000000
1.000000 0.000000 -0.000000 26.999701 -0.000000 1.000000 0.000000 0.000000 -0.000000 0.000000 1.000000 0.000100 0.000000 0.000000 0.000000 1.000000
1.000000 -0.000000 0.000000 26.999701 -0.000000 1.000000 0.000000 -0.000000 -0.000000 0.000000 1.000000 0.000100 0.000000 0.000000 0.000000 1.000000
1.000000 0.000000 0.000000 26.999701 0.000000 1.000000 0.000000 0.000000 -0.000000 0.000000 1.000000 0.000100 0.000000 0.000000 0.000000 1.000000
1.000000 0.000000 0.000000 26.999701 -0.000000 1.000000 0.000000 -0.000000 0.000000 -0.000000 1.000000 0.000100 0.000000 0.000000 0.000000 1.000000
1.000000 -0.000000 0.000000 26.999701 0.000000 1.000000 0.000000 -0.000000 0.000000 -0.000000 1.000000 0.000100 0.000000 0.000000 0.000000 1.000000
1.000000 -0.000000 0.000000 26.999701 -0.000000 1.000000 0.000000 0.000000 -0.000000 -0.000000 1.000000 0.000100 0.000000 0.000000 0.000000 1.000000
1.000000 -0.000000 -0.000000 26.999701 -0.000000 1.000000 0.000000 0.000000 0.000000 0.000000 1.000000 0.000100 0.000000 0.000000 0.000000 1.000000
1.000000 0.000000 0.000000 26.999701 0.000000 1.000000 -0.000000 0.000000 0.000000 0.000000 1.000000 0.000100 0.000000 0.000000 0.000000 1.000000
1.000000 0.000000 -0.000000 26.999701 -0.000000 1.000000 -0.000000 0.000000 -0.000000 0.000000 1.000000 0.000100 0.000000 0.000000 0.000000 1.000000
1.000000 0.000000 -0.000000 26.999701 0.000000 1.000000 0.000000 0.000000 0.000000 0.000000 1.000000 0.000100 0.000000 0.000000 0.000000 1.000000
1.000000 -0.000000 0.000000 26.999701 -0.000000 1.000000 0.000000 0.000000 0.000000 0.000000 1.000000 0.000100 0.000000 0.000000 0.000000 1.000000
1.000000 0.000000 0.000000 26.999701 -0.000000 1.000000 0.000000 0.000000 0.000000 -0.000000 1.000000 0.000100 0.000000 0.000000 0.000000 1.000000
1.000000 0.000000 -0.000000 26.999701 0.000000 1.000000 0.000000 0.000000 0.000000 0.000000 1.000000 0.000100 0.000000 0.000000 0.000000 1.000000
1.000000 0.000000 0.000000 26.999701 0.000000 1.000000 -0.000000 -0.000000 0.000000 0.000000 1.000000 0.000100 0.000000 0.000000 0.000000 1.000000
1.000000 0.000000 -0.000000 26.999701 0.000000 1.000000 0.000000 -0.000000 0.000000 -0.000000 1.000000 0.000100 0.000000 0.000000 0.000000 1.000000
1.000000 0.000000 0.000000 26.999701 0.000000 1.000000 0.000000 0.000000 0.000000 -0.000000 1.000000 0.000100 0.000000 0.000000 0.000000 1.000000
1.000000 -0.000000 0.000000 26.999701 -0.000000 1.000000 0.000000 -0.000000 -0.000000 0.000000 1.000000 0.000100 0.000000 0.000000 0.000000 1.000000
1.000000 0.000000 0.000000 26.999701 0.000000 1.000000 -0.000000 -0.000000 0.000000 0.000000 1.000000 0.000100 0.000000 0.000000 0.000000 1.000000
1.000000 0.000000 0.000000 26.999701 -0.000000 1.000000 0.000000 0.000000 0.000000 -0.000000 1.000000 0.000100 0.000000 0.000000 0.000000 1.000000
1.000000 0.000000 0.000000 26.999701 0.000000 1.000000 0.000000 0.000000 0.000000 0.000000 1.000000 0.000100 0.000000 0.000000 0.000000 1.000000
1.000000 0.000000 0.000000 26.999701 0.000000 1.000000 0.000000 0.000000 -0.000000 0.000000 1.000000 0.000100 0.000000 0.000000 0.000000 1.000000</float_array>
        <technique_common>
          <accessor source="#mixamorig_R_B_skirt2-Matrix-animation-output-transform-array" count="23" stride="16">
            <param type="float4x4"/>
          </accessor>
        </technique_common>
      </source>
      <source id="mixamorig_R_B_skirt2-Interpolations">
        <Name_array id="mixamorig_R_B_skirt2-Interpolations-array" count="23">
 LINEAR LINEAR LINEAR LINEAR LINEAR LINEAR LINEAR LINEAR LINEAR LINEAR LINEAR
LINEAR LINEAR LINEAR LINEAR LINEAR LINEAR LINEAR LINEAR LINEAR LINEAR LINEAR LINEAR</Name_array>
        <technique_common>
          <accessor source="#mixamorig_R_B_skirt2-Interpolations-array" count="23">
            <param type="name"/>
          </accessor>
        </technique_common>
      </source>
      <sampler id="mixamorig_R_B_skirt2-Matrix-animation-transform">
        <input semantic="INPUT" source="#mixamorig_R_B_skirt2-Matrix-animation-input"/>
        <input semantic="OUTPUT" source="#mixamorig_R_B_skirt2-Matrix-animation-output-transform"/>
        <input semantic="INTERPOLATION" source="#mixamorig_R_B_skirt2-Interpolations"/>
      </sampler>
      <channel source="#mixamorig_R_B_skirt2-Matrix-animation-transform" target="mixamorig_R_B_skirt2/matrix"/>
    </animation>
    <animation id="mixamorig_R_B_skirt3-anim" name="mixamorig_R_B_skirt3">
      <source id="mixamorig_R_B_skirt3-Matrix-animation-input">
        <float_array id="mixamorig_R_B_skirt3-Matrix-animation-input-array" count="23">

0.000000 0.033333 0.066667 0.100000 0.133333 0.166667 0.200000 0.233333 0.266667 0.300000 0.333333 0.366667 0.400000 0.433333 0.466667 0.500000
0.533333 0.566667 0.600000 0.633333 0.666667 0.700000 0.733333</float_array>
        <technique_common>
          <accessor source="#mixamorig_R_B_skirt3-Matrix-animation-input-array" count="23">
            <param name="TIME" type="float"/>
          </accessor>
        </technique_common>
      </source>
      <source id="mixamorig_R_B_skirt3-Matrix-animation-output-transform">
        <float_array id="mixamorig_R_B_skirt3-Matrix-animation-output-transform-array" count="368">

1.000000 0.000000 0.000000 26.999901 -0.000000 1.000000 -0.000000 0.000000 0.000000 0.000000 1.000000 -0.000000 0.000000 0.000000 0.000000 1.000000
1.000000 0.000000 -0.000000 26.999901 0.000000 1.000000 0.000000 -0.000000 0.000000 0.000000 1.000000 -0.000000 0.000000 0.000000 0.000000 1.000000
1.000000 0.000000 0.000000 26.999901 0.000000 1.000000 0.000000 0.000000 0.000000 0.000000 1.000000 0.000000 0.000000 0.000000 0.000000 1.000000
1.000000 -0.000000 0.000000 26.999901 -0.000000 1.000000 0.000000 0.000000 0.000000 0.000000 1.000000 0.000000 0.000000 0.000000 0.000000 1.000000
1.000000 0.000000 -0.000000 26.999901 -0.000000 1.000000 0.000000 0.000000 -0.000000 0.000000 1.000000 -0.000000 0.000000 0.000000 0.000000 1.000000
1.000000 0.000000 -0.000000 26.999901 -0.000000 1.000000 0.000000 0.000000 -0.000000 -0.000000 1.000000 0.000000 0.000000 0.000000 0.000000 1.000000
1.000000 0.000000 0.000000 26.999901 0.000000 1.000000 0.000000 0.000000 0.000000 -0.000000 1.000000 0.000000 0.000000 0.000000 0.000000 1.000000
1.000000 -0.000000 0.000000 26.999901 0.000000 1.000000 -0.000000 0.000000 -0.000000 0.000000 1.000000 0.000000 0.000000 0.000000 0.000000 1.000000
1.000000 0.000000 -0.000000 26.999901 -0.000000 1.000000 0.000000 0.000000 0.000000 -0.000000 1.000000 0.000000 0.000000 0.000000 0.000000 1.000000
1.000000 0.000000 -0.000000 26.999901 0.000000 1.000000 0.000000 -0.000000 0.000000 0.000000 1.000000 -0.000000 0.000000 0.000000 0.000000 1.000000
1.000000 0.000000 -0.000000 26.999901 0.000000 1.000000 0.000000 0.000000 -0.000000 0.000000 1.000000 0.000000 0.000000 0.000000 0.000000 1.000000
1.000000 0.000000 -0.000000 26.999901 0.000000 1.000000 0.000000 0.000000 0.000000 -0.000000 1.000000 -0.000000 0.000000 0.000000 0.000000 1.000000
1.000000 -0.000000 -0.000000 26.999901 -0.000000 1.000000 0.000000 0.000000 0.000000 0.000000 1.000000 0.000000 0.000000 0.000000 0.000000 1.000000
1.000000 0.000000 0.000000 26.999901 -0.000000 1.000000 0.000000 -0.000000 0.000000 -0.000000 1.000000 -0.000000 0.000000 0.000000 0.000000 1.000000
1.000000 -0.000000 0.000000 26.999901 -0.000000 1.000000 0.000000 0.000000 0.000000 0.000000 1.000000 0.000000 0.000000 0.000000 0.000000 1.000000
1.000000 0.000000 -0.000000 26.999901 -0.000000 1.000000 0.000000 0.000000 0.000000 0.000000 1.000000 0.000000 0.000000 0.000000 0.000000 1.000000
1.000000 0.000000 0.000000 26.999901 0.000000 1.000000 0.000000 0.000000 0.000000 -0.000000 1.000000 0.000000 0.000000 0.000000 0.000000 1.000000
1.000000 0.000000 0.000000 26.999901 0.000000 1.000000 0.000000 0.000000 0.000000 -0.000000 1.000000 -0.000000 0.000000 0.000000 0.000000 1.000000
1.000000 -0.000000 0.000000 26.999901 0.000000 1.000000 0.000000 0.000000 0.000000 0.000000 1.000000 0.000000 0.000000 0.000000 0.000000 1.000000
1.000000 -0.000000 0.000000 26.999901 0.000000 1.000000 0.000000 0.000000 0.000000 0.000000 1.000000 0.000000 0.000000 0.000000 0.000000 1.000000
1.000000 -0.000000 0.000000 26.999901 0.000000 1.000000 0.000000 0.000000 0.000000 0.000000 1.000000 0.000000 0.000000 0.000000 0.000000 1.000000
1.000000 0.000000 -0.000000 26.999901 0.000000 1.000000 0.000000 0.000000 0.000000 0.000000 1.000000 -0.000000 0.000000 0.000000 0.000000 1.000000
1.000000 -0.000000 0.000000 26.999901 0.000000 1.000000 0.000000 0.000000 0.000000 0.000000 1.000000 -0.000000 0.000000 0.000000 0.000000 1.000000</float_array>
        <technique_common>
          <accessor source="#mixamorig_R_B_skirt3-Matrix-animation-output-transform-array" count="23" stride="16">
            <param type="float4x4"/>
          </accessor>
        </technique_common>
      </source>
      <source id="mixamorig_R_B_skirt3-Interpolations">
        <Name_array id="mixamorig_R_B_skirt3-Interpolations-array" count="23">
 LINEAR LINEAR LINEAR LINEAR LINEAR LINEAR LINEAR LINEAR LINEAR LINEAR LINEAR
LINEAR LINEAR LINEAR LINEAR LINEAR LINEAR LINEAR LINEAR LINEAR LINEAR LINEAR LINEAR</Name_array>
        <technique_common>
          <accessor source="#mixamorig_R_B_skirt3-Interpolations-array" count="23">
            <param type="name"/>
          </accessor>
        </technique_common>
      </source>
      <sampler id="mixamorig_R_B_skirt3-Matrix-animation-transform">
        <input semantic="INPUT" source="#mixamorig_R_B_skirt3-Matrix-animation-input"/>
        <input semantic="OUTPUT" source="#mixamorig_R_B_skirt3-Matrix-animation-output-transform"/>
        <input semantic="INTERPOLATION" source="#mixamorig_R_B_skirt3-Interpolations"/>
      </sampler>
      <channel source="#mixamorig_R_B_skirt3-Matrix-animation-transform" target="mixamorig_R_B_skirt3/matrix"/>
    </animation>
    <animation id="mixamorig_R_bag1-anim" name="mixamorig_R_bag1">
      <source id="mixamorig_R_bag1-Matrix-animation-input">
        <float_array id="mixamorig_R_bag1-Matrix-animation-input-array" count="23">

0.000000 0.033333 0.066667 0.100000 0.133333 0.166667 0.200000 0.233333 0.266667 0.300000 0.333333 0.366667 0.400000 0.433333 0.466667 0.500000
0.533333 0.566667 0.600000 0.633333 0.666667 0.700000 0.733333</float_array>
        <technique_common>
          <accessor source="#mixamorig_R_bag1-Matrix-animation-input-array" count="23">
            <param name="TIME" type="float"/>
          </accessor>
        </technique_common>
      </source>
      <source id="mixamorig_R_bag1-Matrix-animation-output-transform">
        <float_array id="mixamorig_R_bag1-Matrix-animation-output-transform-array" count="368">

0.973707 -0.116729 -0.195624 6.766800 -0.197277 -0.002660 -0.980344 2.209500 0.113914 0.993160 -0.025618 5.400800 0.000000 0.000000 0.000000 1.000000
0.973707 -0.116729 -0.195624 6.766800 -0.197277 -0.002660 -0.980344 2.209500 0.113914 0.993160 -0.025618 5.400800 0.000000 0.000000 0.000000 1.000000
0.973707 -0.116729 -0.195624 6.766800 -0.197277 -0.002660 -0.980344 2.209500 0.113914 0.993160 -0.025618 5.400800 0.000000 0.000000 0.000000 1.000000
0.973707 -0.116729 -0.195624 6.766800 -0.197277 -0.002660 -0.980344 2.209500 0.113914 0.993160 -0.025618 5.400800 0.000000 0.000000 0.000000 1.000000
0.973707 -0.116729 -0.195624 6.766800 -0.197277 -0.002660 -0.980344 2.209500 0.113914 0.993160 -0.025618 5.400800 0.000000 0.000000 0.000000 1.000000
0.973707 -0.116729 -0.195624 6.766800 -0.197277 -0.002660 -0.980344 2.209500 0.113914 0.993160 -0.025618 5.400800 0.000000 0.000000 0.000000 1.000000
0.973707 -0.116729 -0.195624 6.766800 -0.197277 -0.002660 -0.980344 2.209500 0.113914 0.993160 -0.025618 5.400800 0.000000 0.000000 0.000000 1.000000
0.973707 -0.116729 -0.195624 6.766800 -0.197277 -0.002660 -0.980344 2.209500 0.113914 0.993160 -0.025618 5.400800 0.000000 0.000000 0.000000 1.000000
0.973707 -0.116729 -0.195624 6.766800 -0.197277 -0.002660 -0.980344 2.209500 0.113914 0.993160 -0.025618 5.400800 0.000000 0.000000 0.000000 1.000000
0.973707 -0.116729 -0.195624 6.766800 -0.197277 -0.002660 -0.980344 2.209500 0.113914 0.993160 -0.025618 5.400800 0.000000 0.000000 0.000000 1.000000
0.973707 -0.116729 -0.195624 6.766800 -0.197277 -0.002660 -0.980344 2.209500 0.113914 0.993160 -0.025618 5.400800 0.000000 0.000000 0.000000 1.000000
0.973707 -0.116729 -0.195624 6.766800 -0.197277 -0.002660 -0.980344 2.209500 0.113914 0.993160 -0.025618 5.400800 0.000000 0.000000 0.000000 1.000000
0.973707 -0.116729 -0.195624 6.766800 -0.197277 -0.002660 -0.980344 2.209500 0.113914 0.993160 -0.025618 5.400800 0.000000 0.000000 0.000000 1.000000
0.973707 -0.116729 -0.195624 6.766800 -0.197277 -0.002660 -0.980344 2.209500 0.113914 0.993160 -0.025618 5.400800 0.000000 0.000000 0.000000 1.000000
0.973707 -0.116729 -0.195624 6.766800 -0.197277 -0.002660 -0.980344 2.209500 0.113914 0.993160 -0.025618 5.400800 0.000000 0.000000 0.000000 1.000000
0.973707 -0.116729 -0.195624 6.766800 -0.197277 -0.002660 -0.980344 2.209500 0.113914 0.993160 -0.025618 5.400800 0.000000 0.000000 0.000000 1.000000
0.973707 -0.116729 -0.195624 6.766800 -0.197277 -0.002660 -0.980344 2.209500 0.113914 0.993160 -0.025618 5.400800 0.000000 0.000000 0.000000 1.000000
0.973707 -0.116729 -0.195624 6.766800 -0.197277 -0.002660 -0.980344 2.209500 0.113914 0.993160 -0.025618 5.400800 0.000000 0.000000 0.000000 1.000000
0.973707 -0.116729 -0.195624 6.766800 -0.197277 -0.002660 -0.980344 2.209500 0.113914 0.993160 -0.025618 5.400800 0.000000 0.000000 0.000000 1.000000
0.973707 -0.116729 -0.195624 6.766800 -0.197277 -0.002660 -0.980344 2.209500 0.113914 0.993160 -0.025618 5.400800 0.000000 0.000000 0.000000 1.000000
0.973707 -0.116729 -0.195624 6.766800 -0.197277 -0.002660 -0.980344 2.209500 0.113914 0.993160 -0.025618 5.400800 0.000000 0.000000 0.000000 1.000000
0.973707 -0.116729 -0.195624 6.766800 -0.197277 -0.002660 -0.980344 2.209500 0.113914 0.993160 -0.025618 5.400800 0.000000 0.000000 0.000000 1.000000
0.973707 -0.116729 -0.195624 6.766800 -0.197277 -0.002660 -0.980344 2.209500 0.113914 0.993160 -0.025618 5.400800 0.000000 0.000000 0.000000 1.000000</float_array>
        <technique_common>
          <accessor source="#mixamorig_R_bag1-Matrix-animation-output-transform-array" count="23" stride="16">
            <param type="float4x4"/>
          </accessor>
        </technique_common>
      </source>
      <source id="mixamorig_R_bag1-Interpolations">
        <Name_array id="mixamorig_R_bag1-Interpolations-array" count="23">
 LINEAR LINEAR LINEAR LINEAR LINEAR LINEAR LINEAR LINEAR LINEAR LINEAR LINEAR
LINEAR LINEAR LINEAR LINEAR LINEAR LINEAR LINEAR LINEAR LINEAR LINEAR LINEAR LINEAR</Name_array>
        <technique_common>
          <accessor source="#mixamorig_R_bag1-Interpolations-array" count="23">
            <param type="name"/>
          </accessor>
        </technique_common>
      </source>
      <sampler id="mixamorig_R_bag1-Matrix-animation-transform">
        <input semantic="INPUT" source="#mixamorig_R_bag1-Matrix-animation-input"/>
        <input semantic="OUTPUT" source="#mixamorig_R_bag1-Matrix-animation-output-transform"/>
        <input semantic="INTERPOLATION" source="#mixamorig_R_bag1-Interpolations"/>
      </sampler>
      <channel source="#mixamorig_R_bag1-Matrix-animation-transform" target="mixamorig_R_bag1/matrix"/>
    </animation>
    <animation id="mixamorig_R_C_skirt1-anim" name="mixamorig_R_C_skirt1">
      <source id="mixamorig_R_C_skirt1-Matrix-animation-input">
        <float_array id="mixamorig_R_C_skirt1-Matrix-animation-input-array" count="23">

0.000000 0.033333 0.066667 0.100000 0.133333 0.166667 0.200000 0.233333 0.266667 0.300000 0.333333 0.366667 0.400000 0.433333 0.466667 0.500000
0.533333 0.566667 0.600000 0.633333 0.666667 0.700000 0.733333</float_array>
        <technique_common>
          <accessor source="#mixamorig_R_C_skirt1-Matrix-animation-input-array" count="23">
            <param name="TIME" type="float"/>
          </accessor>
        </technique_common>
      </source>
      <source id="mixamorig_R_C_skirt1-Matrix-animation-output-transform">
        <float_array id="mixamorig_R_C_skirt1-Matrix-animation-output-transform-array" count="368">

-0.023939 -0.971540 -0.235663 -7.049900 -0.998221 0.010354 0.058718 -6.149900 -0.054607 0.236649 -0.970059 -15.762700 0.000000 0.000000 0.000000 1.000000
-0.023939 -0.971540 -0.235663 -7.049900 -0.998221 0.010354 0.058718 -6.149900 -0.054607 0.236649 -0.970059 -15.762700 0.000000 0.000000 0.000000 1.000000
-0.023939 -0.971540 -0.235663 -7.049900 -0.998221 0.010354 0.058718 -6.149900 -0.054607 0.236649 -0.970059 -15.762700 0.000000 0.000000 0.000000 1.000000
-0.023939 -0.971540 -0.235663 -7.049900 -0.998221 0.010354 0.058718 -6.149900 -0.054607 0.236649 -0.970059 -15.762700 0.000000 0.000000 0.000000 1.000000
-0.023939 -0.971540 -0.235663 -7.049900 -0.998221 0.010354 0.058718 -6.149900 -0.054607 0.236649 -0.970059 -15.762700 0.000000 0.000000 0.000000 1.000000
-0.023939 -0.971540 -0.235663 -7.049900 -0.998221 0.010354 0.058718 -6.149900 -0.054607 0.236649 -0.970059 -15.762700 0.000000 0.000000 0.000000 1.000000
-0.023939 -0.971540 -0.235663 -7.049900 -0.998221 0.010354 0.058718 -6.149900 -0.054607 0.236649 -0.970059 -15.762700 0.000000 0.000000 0.000000 1.000000
-0.023939 -0.971540 -0.235663 -7.049900 -0.998221 0.010354 0.058718 -6.149900 -0.054607 0.236649 -0.970059 -15.762700 0.000000 0.000000 0.000000 1.000000
-0.023939 -0.971540 -0.235663 -7.049900 -0.998221 0.010354 0.058718 -6.149900 -0.054607 0.236649 -0.970059 -15.762700 0.000000 0.000000 0.000000 1.000000
-0.023939 -0.971540 -0.235663 -7.049900 -0.998221 0.010354 0.058718 -6.149900 -0.054607 0.236649 -0.970059 -15.762700 0.000000 0.000000 0.000000 1.000000
-0.023939 -0.971540 -0.235663 -7.049900 -0.998221 0.010354 0.058718 -6.149900 -0.054607 0.236649 -0.970059 -15.762700 0.000000 0.000000 0.000000 1.000000
-0.023939 -0.971540 -0.235663 -7.049900 -0.998221 0.010354 0.058718 -6.149900 -0.054607 0.236649 -0.970059 -15.762700 0.000000 0.000000 0.000000 1.000000
-0.023939 -0.971540 -0.235663 -7.049900 -0.998221 0.010354 0.058718 -6.149900 -0.054607 0.236649 -0.970059 -15.762700 0.000000 0.000000 0.000000 1.000000
-0.023939 -0.971540 -0.235663 -7.049900 -0.998221 0.010354 0.058718 -6.149900 -0.054607 0.236649 -0.970059 -15.762700 0.000000 0.000000 0.000000 1.000000
-0.023939 -0.971540 -0.235663 -7.049900 -0.998221 0.010354 0.058718 -6.149900 -0.054607 0.236649 -0.970059 -15.762700 0.000000 0.000000 0.000000 1.000000
-0.023939 -0.971540 -0.235663 -7.049900 -0.998221 0.010354 0.058718 -6.149900 -0.054607 0.236649 -0.970059 -15.762700 0.000000 0.000000 0.000000 1.000000
-0.023939 -0.971540 -0.235663 -7.049900 -0.998221 0.010354 0.058718 -6.149900 -0.054607 0.236649 -0.970059 -15.762700 0.000000 0.000000 0.000000 1.000000
-0.023939 -0.971540 -0.235663 -7.049900 -0.998221 0.010354 0.058718 -6.149900 -0.054607 0.236649 -0.970059 -15.762700 0.000000 0.000000 0.000000 1.000000
-0.023939 -0.971540 -0.235663 -7.049900 -0.998221 0.010354 0.058718 -6.149900 -0.054607 0.236649 -0.970059 -15.762700 0.000000 0.000000 0.000000 1.000000
-0.023939 -0.971540 -0.235663 -7.049900 -0.998221 0.010354 0.058718 -6.149900 -0.054607 0.236649 -0.970059 -15.762700 0.000000 0.000000 0.000000 1.000000
-0.023939 -0.971540 -0.235663 -7.049900 -0.998221 0.010354 0.058718 -6.149900 -0.054607 0.236649 -0.970059 -15.762700 0.000000 0.000000 0.000000 1.000000
-0.023939 -0.971540 -0.235663 -7.049900 -0.998221 0.010354 0.058718 -6.149900 -0.054607 0.236649 -0.970059 -15.762700 0.000000 0.000000 0.000000 1.000000
-0.023939 -0.971540 -0.235663 -7.049900 -0.998221 0.010354 0.058718 -6.149900 -0.054607 0.236649 -0.970059 -15.762700 0.000000 0.000000 0.000000 1.000000</float_array>
        <technique_common>
          <accessor source="#mixamorig_R_C_skirt1-Matrix-animation-output-transform-array" count="23" stride="16">
            <param type="float4x4"/>
          </accessor>
        </technique_common>
      </source>
      <source id="mixamorig_R_C_skirt1-Interpolations">
        <Name_array id="mixamorig_R_C_skirt1-Interpolations-array" count="23">
 LINEAR LINEAR LINEAR LINEAR LINEAR LINEAR LINEAR LINEAR LINEAR LINEAR LINEAR
LINEAR LINEAR LINEAR LINEAR LINEAR LINEAR LINEAR LINEAR LINEAR LINEAR LINEAR LINEAR</Name_array>
        <technique_common>
          <accessor source="#mixamorig_R_C_skirt1-Interpolations-array" count="23">
            <param type="name"/>
          </accessor>
        </technique_common>
      </source>
      <sampler id="mixamorig_R_C_skirt1-Matrix-animation-transform">
        <input semantic="INPUT" source="#mixamorig_R_C_skirt1-Matrix-animation-input"/>
        <input semantic="OUTPUT" source="#mixamorig_R_C_skirt1-Matrix-animation-output-transform"/>
        <input semantic="INTERPOLATION" source="#mixamorig_R_C_skirt1-Interpolations"/>
      </sampler>
      <channel source="#mixamorig_R_C_skirt1-Matrix-animation-transform" target="mixamorig_R_C_skirt1/matrix"/>
    </animation>
    <animation id="mixamorig_R_C_skirt2-anim" name="mixamorig_R_C_skirt2">
      <source id="mixamorig_R_C_skirt2-Matrix-animation-input">
        <float_array id="mixamorig_R_C_skirt2-Matrix-animation-input-array" count="23">

0.000000 0.033333 0.066667 0.100000 0.133333 0.166667 0.200000 0.233333 0.266667 0.300000 0.333333 0.366667 0.400000 0.433333 0.466667 0.500000
0.533333 0.566667 0.600000 0.633333 0.666667 0.700000 0.733333</float_array>
        <technique_common>
          <accessor source="#mixamorig_R_C_skirt2-Matrix-animation-input-array" count="23">
            <param name="TIME" type="float"/>
          </accessor>
        </technique_common>
      </source>
      <source id="mixamorig_R_C_skirt2-Matrix-animation-output-transform">
        <float_array id="mixamorig_R_C_skirt2-Matrix-animation-output-transform-array" count="368">

1.000000 0.000000 0.000000 27.999701 0.000000 1.000000 0.000000 0.000000 0.000000 -0.000000 1.000000 0.000000 0.000000 0.000000 0.000000 1.000000
1.000000 0.000000 -0.000000 27.999701 0.000000 1.000000 -0.000000 0.000000 0.000000 0.000000 1.000000 0.000000 0.000000 0.000000 0.000000 1.000000
1.000000 -0.000000 0.000000 27.999701 -0.000000 1.000000 0.000000 0.000000 0.000000 -0.000000 1.000000 0.000000 0.000000 0.000000 0.000000 1.000000
1.000000 0.000000 0.000000 27.999701 0.000000 1.000000 0.000000 0.000000 0.000000 0.000000 1.000000 -0.000000 0.000000 0.000000 0.000000 1.000000
1.000000 0.000000 -0.000000 27.999701 -0.000000 1.000000 -0.000000 0.000000 -0.000000 0.000000 1.000000 -0.000000 0.000000 0.000000 0.000000 1.000000
1.000000 -0.000000 -0.000000 27.999701 -0.000000 1.000000 -0.000000 -0.000000 0.000000 0.000000 1.000000 0.000000 0.000000 0.000000 0.000000 1.000000
1.000000 -0.000000 -0.000000 27.999701 0.000000 1.000000 0.000000 0.000000 0.000000 0.000000 1.000000 0.000000 0.000000 0.000000 0.000000 1.000000
1.000000 0.000000 0.000000 27.999701 -0.000000 1.000000 -0.000000 0.000000 -0.000000 0.000000 1.000000 0.000000 0.000000 0.000000 0.000000 1.000000
1.000000 0.000000 -0.000000 27.999701 0.000000 1.000000 0.000000 -0.000000 0.000000 -0.000000 1.000000 0.000000 0.000000 0.000000 0.000000 1.000000
1.000000 -0.000000 0.000000 27.999701 0.000000 1.000000 -0.000000 0.000000 0.000000 0.000000 1.000000 0.000000 0.000000 0.000000 0.000000 1.000000
1.000000 0.000000 0.000000 27.999701 0.000000 1.000000 0.000000 0.000000 -0.000000 0.000000 1.000000 0.000000 0.000000 0.000000 0.000000 1.000000
1.000000 -0.000000 0.000000 27.999701 -0.000000 1.000000 -0.000000 -0.000000 0.000000 0.000000 1.000000 0.000000 0.000000 0.000000 0.000000 1.000000
1.000000 0.000000 0.000000 27.999701 0.000000 1.000000 0.000000 0.000000 0.000000 0.000000 1.000000 0.000000 0.000000 0.000000 0.000000 1.000000
1.000000 0.000000 0.000000 27.999701 -0.000000 1.000000 0.000000 0.000000 0.000000 0.000000 1.000000 0.000000 0.000000 0.000000 0.000000 1.000000
1.000000 -0.000000 0.000000 27.999701 0.000000 1.000000 0.000000 0.000000 -0.000000 0.000000 1.000000 -0.000000 0.000000 0.000000 0.000000 1.000000
1.000000 0.000000 -0.000000 27.999701 0.000000 1.000000 0.000000 0.000000 0.000000 0.000000 1.000000 0.000000 0.000000 0.000000 0.000000 1.000000
1.000000 0.000000 0.000000 27.999701 0.000000 1.000000 0.000000 0.000000 -0.000000 -0.000000 1.000000 0.000000 0.000000 0.000000 0.000000 1.000000
1.000000 0.000000 0.000000 27.999701 0.000000 1.000000 0.000000 0.000000 0.000000 0.000000 1.000000 0.000000 0.000000 0.000000 0.000000 1.000000
1.000000 0.000000 -0.000000 27.999701 0.000000 1.000000 -0.000000 0.000000 -0.000000 0.000000 1.000000 0.000000 0.000000 0.000000 0.000000 1.000000
1.000000 0.000000 0.000000 27.999701 -0.000000 1.000000 0.000000 0.000000 0.000000 -0.000000 1.000000 0.000000 0.000000 0.000000 0.000000 1.000000
1.000000 0.000000 0.000000 27.999701 0.000000 1.000000 0.000000 0.000000 0.000000 0.000000 1.000000 0.000000 0.000000 0.000000 0.000000 1.000000
1.000000 -0.000000 -0.000000 27.999701 -0.000000 1.000000 0.000000 0.000000 0.000000 0.000000 1.000000 -0.000000 0.000000 0.000000 0.000000 1.000000
1.000000 0.000000 0.000000 27.999701 0.000000 1.000000 0.000000 0.000000 0.000000 0.000000 1.000000 0.000000 0.000000 0.000000 0.000000 1.000000</float_array>
        <technique_common>
          <accessor source="#mixamorig_R_C_skirt2-Matrix-animation-output-transform-array" count="23" stride="16">
            <param type="float4x4"/>
          </accessor>
        </technique_common>
      </source>
      <source id="mixamorig_R_C_skirt2-Interpolations">
        <Name_array id="mixamorig_R_C_skirt2-Interpolations-array" count="23">
 LINEAR LINEAR LINEAR LINEAR LINEAR LINEAR LINEAR LINEAR LINEAR LINEAR LINEAR
LINEAR LINEAR LINEAR LINEAR LINEAR LINEAR LINEAR LINEAR LINEAR LINEAR LINEAR LINEAR</Name_array>
        <technique_common>
          <accessor source="#mixamorig_R_C_skirt2-Interpolations-array" count="23">
            <param type="name"/>
          </accessor>
        </technique_common>
      </source>
      <sampler id="mixamorig_R_C_skirt2-Matrix-animation-transform">
        <input semantic="INPUT" source="#mixamorig_R_C_skirt2-Matrix-animation-input"/>
        <input semantic="OUTPUT" source="#mixamorig_R_C_skirt2-Matrix-animation-output-transform"/>
        <input semantic="INTERPOLATION" source="#mixamorig_R_C_skirt2-Interpolations"/>
      </sampler>
      <channel source="#mixamorig_R_C_skirt2-Matrix-animation-transform" target="mixamorig_R_C_skirt2/matrix"/>
    </animation>
    <animation id="mixamorig_R_C_skirt3-anim" name="mixamorig_R_C_skirt3">
      <source id="mixamorig_R_C_skirt3-Matrix-animation-input">
        <float_array id="mixamorig_R_C_skirt3-Matrix-animation-input-array" count="23">

0.000000 0.033333 0.066667 0.100000 0.133333 0.166667 0.200000 0.233333 0.266667 0.300000 0.333333 0.366667 0.400000 0.433333 0.466667 0.500000
0.533333 0.566667 0.600000 0.633333 0.666667 0.700000 0.733333</float_array>
        <technique_common>
          <accessor source="#mixamorig_R_C_skirt3-Matrix-animation-input-array" count="23">
            <param name="TIME" type="float"/>
          </accessor>
        </technique_common>
      </source>
      <source id="mixamorig_R_C_skirt3-Matrix-animation-output-transform">
        <float_array id="mixamorig_R_C_skirt3-Matrix-animation-output-transform-array" count="368">

1.000000 0.000000 0.000000 27.999901 -0.000000 1.000000 -0.000000 -0.000000 0.000000 -0.000000 1.000000 0.000000 0.000000 0.000000 0.000000 1.000000
1.000000 0.000000 0.000000 27.999901 0.000000 1.000000 -0.000000 0.000000 0.000000 0.000000 1.000000 0.000000 0.000000 0.000000 0.000000 1.000000
1.000000 -0.000000 0.000000 27.999901 -0.000000 1.000000 0.000000 -0.000000 0.000000 -0.000000 1.000000 0.000000 0.000000 0.000000 0.000000 1.000000
1.000000 0.000000 0.000000 27.999901 -0.000000 1.000000 0.000000 0.000000 0.000000 0.000000 1.000000 0.000000 0.000000 0.000000 0.000000 1.000000
1.000000 -0.000000 -0.000000 27.999901 -0.000000 1.000000 0.000000 0.000000 0.000000 0.000000 1.000000 0.000000 0.000000 0.000000 0.000000 1.000000
1.000000 -0.000000 -0.000000 27.999901 -0.000000 1.000000 0.000000 -0.000000 0.000000 0.000000 1.000000 0.000000 0.000000 0.000000 0.000000 1.000000
1.000000 0.000000 -0.000000 27.999901 0.000000 1.000000 0.000000 -0.000000 0.000000 0.000000 1.000000 -0.000000 0.000000 0.000000 0.000000 1.000000
1.000000 0.000000 0.000000 27.999901 0.000000 1.000000 0.000000 0.000000 -0.000000 -0.000000 1.000000 0.000000 0.000000 0.000000 0.000000 1.000000
1.000000 0.000000 0.000000 27.999901 -0.000000 1.000000 0.000000 -0.000000 -0.000000 -0.000000 1.000000 0.000000 0.000000 0.000000 0.000000 1.000000
1.000000 0.000000 0.000000 27.999901 0.000000 1.000000 0.000000 0.000000 0.000000 0.000000 1.000000 0.000000 0.000000 0.000000 0.000000 1.000000
1.000000 -0.000000 0.000000 27.999901 0.000000 1.000000 0.000000 0.000000 -0.000000 0.000000 1.000000 -0.000000 0.000000 0.000000 0.000000 1.000000
1.000000 -0.000000 0.000000 27.999901 -0.000000 1.000000 -0.000000 0.000000 0.000000 -0.000000 1.000000 0.000000 0.000000 0.000000 0.000000 1.000000
1.000000 0.000000 0.000000 27.999901 0.000000 1.000000 0.000000 0.000000 0.000000 0.000000 1.000000 -0.000000 0.000000 0.000000 0.000000 1.000000
1.000000 -0.000000 0.000000 27.999901 -0.000000 1.000000 0.000000 0.000000 0.000000 0.000000 1.000000 0.000000 0.000000 0.000000 0.000000 1.000000
1.000000 -0.000000 0.000000 27.999901 0.000000 1.000000 0.000000 -0.000000 -0.000000 0.000000 1.000000 -0.000000 0.000000 0.000000 0.000000 1.000000
1.000000 0.000000 -0.000000 27.999901 0.000000 1.000000 0.000000 0.000000 -0.000000 0.000000 1.000000 0.000000 0.000000 0.000000 0.000000 1.000000
1.000000 0.000000 0.000000 27.999901 0.000000 1.000000 -0.000000 0.000000 0.000000 -0.000000 1.000000 0.000000 0.000000 0.000000 0.000000 1.000000
1.000000 0.000000 0.000000 27.999901 0.000000 1.000000 0.000000 0.000000 0.000000 0.000000 1.000000 0.000000 0.000000 0.000000 0.000000 1.000000
1.000000 0.000000 -0.000000 27.999901 -0.000000 1.000000 -0.000000 0.000000 0.000000 0.000000 1.000000 0.000000 0.000000 0.000000 0.000000 1.000000
1.000000 0.000000 0.000000 27.999901 0.000000 1.000000 0.000000 0.000000 0.000000 -0.000000 1.000000 0.000000 0.000000 0.000000 0.000000 1.000000
1.000000 0.000000 0.000000 27.999901 0.000000 1.000000 -0.000000 0.000000 0.000000 0.000000 1.000000 0.000000 0.000000 0.000000 0.000000 1.000000
1.000000 -0.000000 -0.000000 27.999901 0.000000 1.000000 0.000000 0.000000 0.000000 -0.000000 1.000000 0.000000 0.000000 0.000000 0.000000 1.000000
1.000000 0.000000 0.000000 27.999901 0.000000 1.000000 0.000000 0.000000 0.000000 0.000000 1.000000 0.000000 0.000000 0.000000 0.000000 1.000000</float_array>
        <technique_common>
          <accessor source="#mixamorig_R_C_skirt3-Matrix-animation-output-transform-array" count="23" stride="16">
            <param type="float4x4"/>
          </accessor>
        </technique_common>
      </source>
      <source id="mixamorig_R_C_skirt3-Interpolations">
        <Name_array id="mixamorig_R_C_skirt3-Interpolations-array" count="23">
 LINEAR LINEAR LINEAR LINEAR LINEAR LINEAR LINEAR LINEAR LINEAR LINEAR LINEAR
LINEAR LINEAR LINEAR LINEAR LINEAR LINEAR LINEAR LINEAR LINEAR LINEAR LINEAR LINEAR</Name_array>
        <technique_common>
          <accessor source="#mixamorig_R_C_skirt3-Interpolations-array" count="23">
            <param type="name"/>
          </accessor>
        </technique_common>
      </source>
      <sampler id="mixamorig_R_C_skirt3-Matrix-animation-transform">
        <input semantic="INPUT" source="#mixamorig_R_C_skirt3-Matrix-animation-input"/>
        <input semantic="OUTPUT" source="#mixamorig_R_C_skirt3-Matrix-animation-output-transform"/>
        <input semantic="INTERPOLATION" source="#mixamorig_R_C_skirt3-Interpolations"/>
      </sampler>
      <channel source="#mixamorig_R_C_skirt3-Matrix-animation-transform" target="mixamorig_R_C_skirt3/matrix"/>
    </animation>
    <animation id="L_horn1-anim" name="L_horn1">
      <source id="L_horn1-Matrix-animation-input">
        <float_array id="L_horn1-Matrix-animation-input-array" count="23">

0.000000 0.033333 0.066667 0.100000 0.133333 0.166667 0.200000 0.233333 0.266667 0.300000 0.333333 0.366667 0.400000 0.433333 0.466667 0.500000
0.533333 0.566667 0.600000 0.633333 0.666667 0.700000 0.733333</float_array>
        <technique_common>
          <accessor source="#L_horn1-Matrix-animation-input-array" count="23">
            <param name="TIME" type="float"/>
          </accessor>
        </technique_common>
      </source>
      <source id="L_horn1-Matrix-animation-output-transform">
        <float_array id="L_horn1-Matrix-animation-output-transform-array" count="368">

0.406838 0.870118 0.278168 18.209600 -0.904436 0.426462 -0.011194 1.020800 -0.128368 -0.247031 0.960467 -3.906100 0.000000 0.000000 0.000000 1.000000
0.406838 0.870118 0.278168 18.209600 -0.904436 0.426462 -0.011194 1.020800 -0.128368 -0.247031 0.960467 -3.906100 0.000000 0.000000 0.000000 1.000000
0.406838 0.870118 0.278168 18.209600 -0.904436 0.426462 -0.011194 1.020800 -0.128368 -0.247031 0.960467 -3.906100 0.000000 0.000000 0.000000 1.000000
0.406838 0.870118 0.278168 18.209600 -0.904436 0.426462 -0.011194 1.020800 -0.128368 -0.247031 0.960467 -3.906100 0.000000 0.000000 0.000000 1.000000
0.406838 0.870118 0.278168 18.209600 -0.904436 0.426462 -0.011194 1.020800 -0.128368 -0.247031 0.960467 -3.906100 0.000000 0.000000 0.000000 1.000000
0.406838 0.870118 0.278168 18.209600 -0.904436 0.426462 -0.011194 1.020800 -0.128368 -0.247031 0.960467 -3.906100 0.000000 0.000000 0.000000 1.000000
0.406838 0.870118 0.278168 18.209600 -0.904436 0.426462 -0.011194 1.020800 -0.128368 -0.247031 0.960467 -3.906100 0.000000 0.000000 0.000000 1.000000
0.406838 0.870118 0.278168 18.209600 -0.904436 0.426462 -0.011194 1.020800 -0.128368 -0.247031 0.960467 -3.906100 0.000000 0.000000 0.000000 1.000000
0.406838 0.870118 0.278168 18.209600 -0.904436 0.426462 -0.011194 1.020800 -0.128368 -0.247031 0.960467 -3.906100 0.000000 0.000000 0.000000 1.000000
0.406838 0.870118 0.278168 18.209600 -0.904436 0.426462 -0.011194 1.020800 -0.128368 -0.247031 0.960467 -3.906100 0.000000 0.000000 0.000000 1.000000
0.406838 0.870118 0.278168 18.209600 -0.904436 0.426462 -0.011194 1.020800 -0.128368 -0.247031 0.960467 -3.906100 0.000000 0.000000 0.000000 1.000000
0.406838 0.870118 0.278168 18.209600 -0.904436 0.426462 -0.011194 1.020800 -0.128368 -0.247031 0.960467 -3.906100 0.000000 0.000000 0.000000 1.000000
0.406838 0.870118 0.278168 18.209600 -0.904436 0.426462 -0.011194 1.020800 -0.128368 -0.247031 0.960467 -3.906100 0.000000 0.000000 0.000000 1.000000
0.406838 0.870118 0.278168 18.209600 -0.904436 0.426462 -0.011194 1.020800 -0.128368 -0.247031 0.960467 -3.906100 0.000000 0.000000 0.000000 1.000000
0.406838 0.870118 0.278168 18.209600 -0.904436 0.426462 -0.011194 1.020800 -0.128368 -0.247031 0.960467 -3.906100 0.000000 0.000000 0.000000 1.000000
0.406838 0.870118 0.278168 18.209600 -0.904436 0.426462 -0.011194 1.020800 -0.128368 -0.247031 0.960467 -3.906100 0.000000 0.000000 0.000000 1.000000
0.406838 0.870118 0.278168 18.209600 -0.904436 0.426462 -0.011194 1.020800 -0.128368 -0.247031 0.960467 -3.906100 0.000000 0.000000 0.000000 1.000000
0.406838 0.870118 0.278168 18.209600 -0.904436 0.426462 -0.011194 1.020800 -0.128368 -0.247031 0.960467 -3.906100 0.000000 0.000000 0.000000 1.000000
0.406838 0.870118 0.278168 18.209600 -0.904436 0.426462 -0.011194 1.020800 -0.128368 -0.247031 0.960467 -3.906100 0.000000 0.000000 0.000000 1.000000
0.406838 0.870118 0.278168 18.209600 -0.904436 0.426462 -0.011194 1.020800 -0.128368 -0.247031 0.960467 -3.906100 0.000000 0.000000 0.000000 1.000000
0.406838 0.870118 0.278168 18.209600 -0.904436 0.426462 -0.011194 1.020800 -0.128368 -0.247031 0.960467 -3.906100 0.000000 0.000000 0.000000 1.000000
0.406838 0.870118 0.278168 18.209600 -0.904436 0.426462 -0.011194 1.020800 -0.128368 -0.247031 0.960467 -3.906100 0.000000 0.000000 0.000000 1.000000
0.406838 0.870118 0.278168 18.209600 -0.904436 0.426462 -0.011194 1.020800 -0.128368 -0.247031 0.960467 -3.906100 0.000000 0.000000 0.000000 1.000000</float_array>
        <technique_common>
          <accessor source="#L_horn1-Matrix-animation-output-transform-array" count="23" stride="16">
            <param type="float4x4"/>
          </accessor>
        </technique_common>
      </source>
      <source id="L_horn1-Interpolations">
        <Name_array id="L_horn1-Interpolations-array" count="23">
 LINEAR LINEAR LINEAR LINEAR LINEAR LINEAR LINEAR LINEAR LINEAR LINEAR LINEAR
LINEAR LINEAR LINEAR LINEAR LINEAR LINEAR LINEAR LINEAR LINEAR LINEAR LINEAR LINEAR</Name_array>
        <technique_common>
          <accessor source="#L_horn1-Interpolations-array" count="23">
            <param type="name"/>
          </accessor>
        </technique_common>
      </source>
      <sampler id="L_horn1-Matrix-animation-transform">
        <input semantic="INPUT" source="#L_horn1-Matrix-animation-input"/>
        <input semantic="OUTPUT" source="#L_horn1-Matrix-animation-output-transform"/>
        <input semantic="INTERPOLATION" source="#L_horn1-Interpolations"/>
      </sampler>
      <channel source="#L_horn1-Matrix-animation-transform" target="L_horn1/matrix"/>
    </animation>
  </library_animations>
  <library_visual_scenes>
    <visual_scene id="RootNode" name="RootNode">
      <node id="mixamorig_Hips" name="mixamorig_Hips" sid="mixamorig_Hips" type="JOINT">
        <matrix sid="matrix">0.918014 0.005328 -0.396513 -0.461983 -0.088777 0.977292 -0.192405 104.245636 0.386483 0.211832 0.897640 -0.500942 0.000000 0.000000 0.000000 1.000000</matrix>
        <node id="mixamorig_Spine" name="mixamorig_Spine" sid="mixamorig_Spine" type="JOINT">
          <matrix sid="matrix">0.996605 0.008207 -0.081926 -0.006600 -0.033987 0.947301 -0.318537 10.822600 0.074994 0.320240 0.944363 -0.430700 0.000000 0.000000 0.000000 1.000000</matrix>
          <node id="mixamorig_Spine1" name="mixamorig_Spine1" sid="mixamorig_Spine1" type="JOINT">
            <matrix sid="matrix">0.995425 -0.040771 -0.086414 -0.000000 0.038490 0.998869 -0.027903 12.655100 0.087454 0.024450 0.995868 0.000000 0.000000 0.000000 0.000000 1.000000</matrix>
            <node id="mixamorig_Spine2" name="mixamorig_Spine2" sid="mixamorig_Spine2" type="JOINT">
              <matrix sid="matrix">0.995422 -0.044572 -0.084549 -0.000000 0.044236 0.999004 -0.005851 14.459700 0.084725 0.002084 0.996402 0.000000 0.000000 0.000000 0.000000 1.000000</matrix>
              <node id="mixamorig_Neck" name="mixamorig_Neck" sid="mixamorig_Neck" type="JOINT">
                <matrix sid="matrix">0.940341 0.064438 0.334074 0.000000 -0.117727 0.982871 0.141791 16.135700 -0.319215 -0.172662 0.931821 -0.000000 0.000000 0.000000 0.000000 1.000000</matrix>
                <node id="mixamorig_Head" name="mixamorig_Head" sid="mixamorig_Head" type="JOINT">
                  <matrix sid="matrix">0.939170 -0.058294 0.338468 0.000000 0.030883 0.995832 0.085818 6.791300 -0.342060 -0.070145 0.937056 0.000000 0.000000 0.000000 0.000000 1.000000</matrix>
                  <node id="mixamorig_HeadTop_End" name="mixamorig_HeadTop_End" sid="mixamorig_HeadTop_End" type="JOINT">
                    <matrix sid="matrix">1.000000 0.000000 -0.000000 -0.000000 0.000000 1.000000 0.000000 23.104200 -0.000000 0.000000 1.000000 0.000000 0.000000 0.000000 0.000000 1.000000</matrix>
                  </node>
                  <node id="mixamorig_LeftEye" name="mixamorig_LeftEye" sid="mixamorig_LeftEye" type="JOINT">
                    <matrix sid="matrix">0.999998 0.002177 0.000049 3.472400 -0.002171 0.994739 0.102423 10.009700 0.000174 -0.102423 0.994741 8.325400 0.000000 0.000000 0.000000 1.000000</matrix>
                  </node>
                  <node id="mixamorig_RightEye" name="mixamorig_RightEye" sid="mixamorig_RightEye" type="JOINT">
                    <matrix sid="matrix">0.999998 0.002177 0.000049 -3.952600 -0.002171 0.994739 0.102423 9.961800 0.000174 -0.102423 0.994741 8.315900 0.000000 0.000000 0.000000 1.000000</matrix>
                  </node>
                </node>
              </node>
              <node id="mixamorig_LeftShoulder" name="mixamorig_LeftShoulder" sid="mixamorig_LeftShoulder" type="JOINT">
                <matrix sid="matrix">0.329971 0.710957 -0.621015 11.022900 -0.147832 -0.610826 -0.777842 13.234400 -0.932344 0.348471 -0.096453 -1.554100 0.000000 0.000000 0.000000 1.000000</matrix>
                <node id="mixamorig_LeftArm" name="mixamorig_LeftArm" sid="mixamorig_LeftArm" type="JOINT">
                  <matrix sid="matrix">0.951900 -0.223413 -0.209698 -0.000000 0.259328 0.951937 0.162990 16.551600 0.163205 -0.209531 0.964086 0.000000 0.000000 0.000000 0.000000 1.000000</matrix>
                  <node id="mixamorig_LeftForeArm" name="mixamorig_LeftForeArm" sid="mixamorig_LeftForeArm" type="JOINT">
                    <matrix sid="matrix">0.481436 -0.862939 0.153476 0.000000 0.839108 0.504374 0.203725 27.198299 -0.253212 0.030702 0.966924 0.000000 0.000000 0.000000 0.000000 1.000000</matrix>
                    <node id="mixamorig_LeftHand" name="mixamorig_LeftHand" sid="mixamorig_LeftHand" type="JOINT">
                      <matrix sid="matrix">0.958059 -0.189240 -0.215201 -0.000000 0.244558 0.931356 0.269754 21.535400 0.149381 -0.311070 0.938574 0.000000 0.000000 0.000000 0.000000 1.000000</matrix>
                      <node id="mixamorig_LeftHandThumb1" name="mixamorig_LeftHandThumb1" sid="mixamorig_LeftHandThumb1" type="JOINT">
                        <matrix sid="matrix">0.870244 -0.284543 0.402132 -1.897200 0.367948 0.918226 -0.146544 4.226700 -0.327550 0.275492 0.903778 4.940900 0.000000 0.000000 0.000000 1.000000</matrix>
                        <node id="mixamorig_LeftHandThumb2" name="mixamorig_LeftHandThumb2" sid="mixamorig_LeftHandThumb2" type="JOINT">
                          <matrix sid="matrix">0.979096 0.181082 -0.092631 -0.788100 -0.191577 0.974005 -0.120879 4.746200 0.068334 0.136098 0.988336 0.000000 0.000000 0.000000 0.000000 1.000000</matrix>
                          <node id="mixamorig_LeftHandThumb3" name="mixamorig_LeftHandThumb3" sid="mixamorig_LeftHandThumb3" type="JOINT">
                            <matrix sid="matrix">0.989886 -0.140300 0.021005 -0.314700 0.139812 0.989908 0.023122 7.341200 -0.024037 -0.019952 0.999512 0.000000 0.000000 0.000000 0.000000 1.000000</matrix>
                            <node id="mixamorig_LeftHandThumb4" name="mixamorig_LeftHandThumb4" sid="mixamorig_LeftHandThumb4" type="JOINT">
                              <matrix sid="matrix">1.000000 -0.000000 -0.000000 1.102800 0.000000 1.000000 -0.000000 7.800700 -0.000000 0.000000 1.000000 -0.000000 0.000000 0.000000 0.000000 1.000000</matrix>
                            </node>
                          </node>
                        </node>
                      </node>
                      <node id="mixamorig_LeftHandIndex1" name="mixamorig_LeftHandIndex1" sid="mixamorig_LeftHandIndex1" type="JOINT">
                        <matrix sid="matrix">0.962577 0.077990 0.259545 -2.959300 -0.124483 0.977927 0.167816 12.531300 -0.240728 -0.193844 0.951039 1.173500 0.000000 0.000000 0.000000 1.000000</matrix>
                        <node id="mixamorig_LeftHandIndex2" name="mixamorig_LeftHandIndex2" sid="mixamorig_LeftHandIndex2" type="JOINT">
                          <matrix sid="matrix">0.999516 0.028622 -0.012160 -0.006300 -0.030813 0.858758 -0.511454 8.298100 -0.004197 0.511581 0.859225 0.000000 0.000000 0.000000 0.000000 1.000000</matrix>
                          <node id="mixamorig_LeftHandIndex3" name="mixamorig_LeftHandIndex3" sid="mixamorig_LeftHandIndex3" type="JOINT">
                            <matrix sid="matrix">0.999463 0.030288 -0.012511 0.002000 -0.032407 0.856801 -0.514627 4.720200 -0.004867 0.514756 0.857323 -0.000000 0.000000 0.000000 0.000000 1.000000</matrix>
                            <node id="mixamorig_LeftHandIndex4" name="mixamorig_LeftHandIndex4" sid="mixamorig_LeftHandIndex4" type="JOINT">
                              <matrix sid="matrix">1.000000 0.000000 -0.000000 0.000600 -0.000000 1.000000 -0.000000 7.237800 0.000000 0.000000 1.000000 0.000000 0.000000 0.000000 0.000000 1.000000</matrix>
                            </node>
                          </node>
                        </node>
                      </node>
                      <node id="mixamorig_LeftHandMiddle1" name="mixamorig_LeftHandMiddle1" sid="mixamorig_LeftHandMiddle1" type="JOINT">
                        <matrix sid="matrix">0.973223 0.166758 0.158204 2.392400 -0.164569 0.985998 -0.026935 14.502300 -0.160480 0.000179 0.987039 -0.033500 0.000000 0.000000 0.000000 1.000000</matrix>
                        <node id="mixamorig_LeftHandMiddle2" name="mixamorig_LeftHandMiddle2" sid="mixamorig_LeftHandMiddle2" type="JOINT">
                          <matrix sid="matrix">0.999134 0.040748 -0.008442 0.002700 -0.039625 0.869626 -0.492118 8.151000 -0.012711 0.492026 0.870488 0.000000 0.000000 0.000000 0.000000 1.000000</matrix>
                          <node id="mixamorig_LeftHandMiddle3" name="mixamorig_LeftHandMiddle3" sid="mixamorig_LeftHandMiddle3" type="JOINT">
                            <matrix sid="matrix">0.998910 0.044974 -0.012477 -0.001100 -0.041279 0.726553 -0.685870 4.559900 -0.021782 0.685637 0.727617 0.000000 0.000000 0.000000 0.000000 1.000000</matrix>
                            <node id="mixamorig_LeftHandMiddle4" name="mixamorig_LeftHandMiddle4" sid="mixamorig_LeftHandMiddle4" type="JOINT">
                              <matrix sid="matrix">1.000000 -0.000000 -0.000000 0.000100 -0.000000 1.000000 -0.000000 7.733900 0.000000 -0.000000 1.000000 0.000000 0.000000 0.000000 0.000000 1.000000</matrix>
                            </node>
                          </node>
                        </node>
                      </node>
                      <node id="mixamorig_LeftHandRing1" name="mixamorig_LeftHandRing1" sid="mixamorig_LeftHandRing1" type="JOINT">
                        <matrix sid="matrix">0.963998 0.258763 0.061233 7.071600 -0.233893 0.934689 -0.267678 14.022100 -0.126499 0.243719 0.961561 -0.727900 0.000000 0.000000 0.000000 1.000000</matrix>
                        <node id="mixamorig_LeftHandRing2" name="mixamorig_LeftHandRing2" sid="mixamorig_LeftHandRing2" type="JOINT">
                          <matrix sid="matrix">0.999484 0.030830 -0.008995 0.005000 -0.031235 0.868001 -0.495579 6.963300 -0.007471 0.495604 0.868517 0.000000 0.000000 0.000000 0.000000 1.000000</matrix>
                          <node id="mixamorig_LeftHandRing3" name="mixamorig_LeftHandRing3" sid="mixamorig_LeftHandRing3" type="JOINT">
                            <matrix sid="matrix">0.998699 0.048357 -0.016179 -0.001000 -0.047083 0.752645 -0.656741 3.798600 -0.019581 0.656649 0.753942 0.000000 0.000000 0.000000 0.000000 1.000000</matrix>
                            <node id="mixamorig_LeftHandRing4" name="mixamorig_LeftHandRing4" sid="mixamorig_LeftHandRing4" type="JOINT">
                              <matrix sid="matrix">1.000000 0.000000 -0.000000 -0.002900 -0.000000 1.000000 0.000000 6.663500 0.000000 0.000000 1.000000 0.000000 0.000000 0.000000 0.000000 1.000000</matrix>
                            </node>
                          </node>
                        </node>
                      </node>
                      <node id="mixamorig_LeftHandPinky1" name="mixamorig_LeftHandPinky1" sid="mixamorig_LeftHandPinky1" type="JOINT">
                        <matrix sid="matrix">0.948609 0.281158 -0.145229 10.979800 -0.306013 0.931911 -0.194673 13.885000 0.080607 0.229111 0.970057 0.589700 0.000000 0.000000 0.000000 1.000000</matrix>
                        <node id="mixamorig_LeftHandPinky2" name="mixamorig_LeftHandPinky2" sid="mixamorig_LeftHandPinky2" type="JOINT">
                          <matrix sid="matrix">0.999016 0.041442 -0.015785 0.000300 -0.040095 0.692042 -0.720743 3.975700 -0.018945 0.720667 0.693022 -0.000000 0.000000 0.000000 0.000000 1.000000</matrix>
                          <node id="mixamorig_LeftHandPinky3" name="mixamorig_LeftHandPinky3" sid="mixamorig_LeftHandPinky3" type="JOINT">
                            <matrix sid="matrix">0.999065 0.040809 -0.014245 -0.000400 -0.038833 0.702714 -0.710412 2.799700 -0.018981 0.710301 0.703642 -0.000000 0.000000 0.000000 0.000000 1.000000</matrix>
                            <node id="mixamorig_LeftHandPinky4" name="mixamorig_LeftHandPinky4" sid="mixamorig_LeftHandPinky4" type="JOINT">
                              <matrix sid="matrix">1.000000 -0.000000 0.000000 -0.000400 -0.000000 1.000000 0.000000 5.669600 0.000000 0.000000 1.000000 0.000000 0.000000 0.000000 0.000000 1.000000</matrix>
                            </node>
                          </node>
                        </node>
                      </node>
                    </node>
                  </node>
                </node>
              </node>
              <node id="mixamorig_RightShoulder" name="mixamorig_RightShoulder" sid="mixamorig_RightShoulder" type="JOINT">
                <matrix sid="matrix">0.151561 -0.856816 0.492845 -10.882400 0.115170 -0.479901 -0.869730 13.272500 0.981715 0.188578 0.025945 -1.553300 0.000000 0.000000 0.000000 1.000000</matrix>
                <node id="mixamorig_RightArm" name="mixamorig_RightArm" sid="mixamorig_RightArm" type="JOINT">
                  <matrix sid="matrix">0.036897 -0.451719 0.891397 0.000000 0.108619 0.888533 0.445771 16.507099 -0.993399 0.080375 0.081849 0.000000 0.000000 0.000000 0.000000 1.000000</matrix>
                  <node id="mixamorig_RightForeArm" name="mixamorig_RightForeArm" sid="mixamorig_RightForeArm" type="JOINT">
                    <matrix sid="matrix">-0.312631 0.903884 -0.291985 0.000000 -0.867830 -0.396771 -0.299071 19.953800 -0.386177 0.159895 0.908461 0.000000 0.000000 0.000000 0.000000 1.000000</matrix>
                    <node id="mixamorig_RightHand" name="mixamorig_RightHand" sid="mixamorig_RightHand" type="JOINT">
                      <matrix sid="matrix">0.987219 0.043244 0.153390 -0.000000 -0.082311 0.962525 0.258400 28.810400 -0.136468 -0.267723 0.953782 0.000000 0.000000 0.000000 0.000000 1.000000</matrix>
                      <node id="mixamorig_RightHandThumb1" name="mixamorig_RightHandThumb1" sid="mixamorig_RightHandThumb1" type="JOINT">
                        <matrix sid="matrix">0.708841 0.640911 -0.294580 1.539600 -0.687720 0.720787 -0.086642 3.801100 0.156800 0.264005 0.951691 1.972600 0.000000 0.000000 0.000000 1.000000</matrix>
                        <node id="mixamorig_RightHandThumb2" name="mixamorig_RightHandThumb2" sid="mixamorig_RightHandThumb2" type="JOINT">
                          <matrix sid="matrix">0.971742 -0.194577 0.133628 0.267800 0.204582 0.976648 -0.065612 4.847300 -0.117741 0.091096 0.988857 -0.000000 0.000000 0.000000 0.000000 1.000000</matrix>
                          <node id="mixamorig_RightHandThumb3" name="mixamorig_RightHandThumb3" sid="mixamorig_RightHandThumb3" type="JOINT">
                            <matrix sid="matrix">0.967314 -0.251916 -0.029032 -0.081100 0.253323 0.965150 0.065675 4.705100 0.011476 -0.070883 0.997419 -0.000000 0.000000 0.000000 0.000000 1.000000</matrix>
                            <node id="mixamorig_RightHandThumb4" name="mixamorig_RightHandThumb4" sid="mixamorig_RightHandThumb4" type="JOINT">
                              <matrix sid="matrix">1.000000 -0.000000 -0.000000 -0.186700 0.000000 1.000000 0.000000 5.139200 -0.000000 0.000000 1.000000 -0.000000 0.000000 0.000000 0.000000 1.000000</matrix>
                            </node>
                          </node>
                        </node>
                      </node>
                      <node id="mixamorig_RightHandIndex1" name="mixamorig_RightHandIndex1" sid="mixamorig_RightHandIndex1" type="JOINT">
                        <matrix sid="matrix">0.893815 0.372218 -0.250098 5.382800 -0.305344 0.913614 0.268467 13.307100 0.328421 -0.163594 0.930256 -0.085200 0.000000 0.000000 0.000000 1.000000</matrix>
                        <node id="mixamorig_RightHandIndex2" name="mixamorig_RightHandIndex2" sid="mixamorig_RightHandIndex2" type="JOINT">
                          <matrix sid="matrix">0.999980 -0.004991 0.003863 -0.001700 0.005946 0.950219 -0.311525 3.921400 -0.002116 0.311542 0.950230 0.000000 0.000000 0.000000 0.000000 1.000000</matrix>
                          <node id="mixamorig_RightHandIndex3" name="mixamorig_RightHandIndex3" sid="mixamorig_RightHandIndex3" type="JOINT">
                            <matrix sid="matrix">0.999985 -0.004384 0.003422 -0.000300 0.005381 0.918098 -0.396316 3.178700 -0.001404 0.396328 0.918108 0.000000 0.000000 0.000000 0.000000 1.000000</matrix>
                            <node id="mixamorig_RightHandIndex4" name="mixamorig_RightHandIndex4" sid="mixamorig_RightHandIndex4" type="JOINT">
                              <matrix sid="matrix">1.000000 -0.000000 -0.000000 0.001900 0.000000 1.000000 0.000000 5.164400 0.000000 -0.000000 1.000000 0.000000 0.000000 0.000000 0.000000 1.000000</matrix>
                            </node>
                          </node>
                        </node>
                      </node>
                      <node id="mixamorig_RightHandMiddle1" name="mixamorig_RightHandMiddle1" sid="mixamorig_RightHandMiddle1" type="JOINT">
                        <matrix sid="matrix">0.985718 0.155089 -0.065627 1.695500 -0.148301 0.984069 0.098059 14.609200 0.079789 -0.086926 0.993014 0.049800 0.000000 0.000000 0.000000 1.000000</matrix>
                        <node id="mixamorig_RightHandMiddle2" name="mixamorig_RightHandMiddle2" sid="mixamorig_RightHandMiddle2" type="JOINT">
                          <matrix sid="matrix">0.999926 -0.012094 -0.001374 -0.000200 0.010158 0.891362 -0.453178 4.318300 0.006705 0.453131 0.891419 0.000000 0.000000 0.000000 0.000000 1.000000</matrix>
                          <node id="mixamorig_RightHandMiddle3" name="mixamorig_RightHandMiddle3" sid="mixamorig_RightHandMiddle3" type="JOINT">
                            <matrix sid="matrix">0.999961 -0.004603 -0.007506 0.001500 -0.001164 0.775916 -0.630835 3.241000 0.008728 0.630819 0.775881 0.000000 0.000000 0.000000 0.000000 1.000000</matrix>
                            <node id="mixamorig_RightHandMiddle4" name="mixamorig_RightHandMiddle4" sid="mixamorig_RightHandMiddle4" type="JOINT">
                              <matrix sid="matrix">1.000000 -0.000000 0.000000 -0.001900 0.000000 1.000000 0.000000 4.879200 0.000000 -0.000000 1.000000 0.000000 0.000000 0.000000 0.000000 1.000000</matrix>
                            </node>
                          </node>
                        </node>
                      </node>
                      <node id="mixamorig_RightHandRing1" name="mixamorig_RightHandRing1" sid="mixamorig_RightHandRing1" type="JOINT">
                        <matrix sid="matrix">0.990966 -0.063617 0.118068 -1.709700 0.075468 0.992243 -0.098782 14.370000 -0.110868 0.106800 0.988080 -0.144700 0.000000 0.000000 0.000000 1.000000</matrix>
                        <node id="mixamorig_RightHandRing2" name="mixamorig_RightHandRing2" sid="mixamorig_RightHandRing2" type="JOINT">
                          <matrix sid="matrix">0.999999 -0.000763 -0.001474 0.001300 0.000032 0.896873 -0.442289 3.380800 0.001659 0.442288 0.896871 0.000000 0.000000 0.000000 0.000000 1.000000</matrix>
                          <node id="mixamorig_RightHandRing3" name="mixamorig_RightHandRing3" sid="mixamorig_RightHandRing3" type="JOINT">
                            <matrix sid="matrix">0.999950 -0.009691 -0.002409 -0.000200 0.006769 0.835177 -0.549939 2.845800 0.007342 0.549896 0.835201 -0.000000 0.000000 0.000000 0.000000 1.000000</matrix>
                            <node id="mixamorig_RightHandRing4" name="mixamorig_RightHandRing4" sid="mixamorig_RightHandRing4" type="JOINT">
                              <matrix sid="matrix">1.000000 0.000000 -0.000000 -0.001200 0.000000 1.000000 0.000000 4.826200 -0.000000 0.000000 1.000000 0.000000 0.000000 0.000000 0.000000 1.000000</matrix>
                            </node>
                          </node>
                        </node>
                      </node>
                      <node id="mixamorig_RightHandPinky1" name="mixamorig_RightHandPinky1" sid="mixamorig_RightHandPinky1" type="JOINT">
                        <matrix sid="matrix">0.926704 -0.188308 0.325207 -4.848000 0.243708 0.959887 -0.138651 14.008100 -0.286053 0.207743 0.935423 -0.068600 0.000000 0.000000 0.000000 1.000000</matrix>
                        <node id="mixamorig_RightHandPinky2" name="mixamorig_RightHandPinky2" sid="mixamorig_RightHandPinky2" type="JOINT">
                          <matrix sid="matrix">0.999872 0.013648 -0.008296 0.005700 -0.015895 0.799574 -0.600358 2.332400 -0.001561 0.600413 0.799689 0.000000 0.000000 0.000000 0.000000 1.000000</matrix>
                          <node id="mixamorig_RightHandPinky3" name="mixamorig_RightHandPinky3" sid="mixamorig_RightHandPinky3" type="JOINT">
                            <matrix sid="matrix">0.999922 0.010371 -0.007029 -0.003000 -0.012518 0.803561 -0.595091 2.529300 -0.000524 0.595132 0.803628 0.000000 0.000000 0.000000 0.000000 1.000000</matrix>
                            <node id="mixamorig_RightHandPinky4" name="mixamorig_RightHandPinky4" sid="mixamorig_RightHandPinky4" type="JOINT">
                              <matrix sid="matrix">1.000000 0.000000 -0.000000 -0.002700 0.000000 1.000000 -0.000000 3.288700 0.000000 -0.000000 1.000000 -0.000000 0.000000 0.000000 0.000000 1.000000</matrix>
                            </node>
                          </node>
                        </node>
                      </node>
                    </node>
                  </node>
                </node>
              </node>
            </node>
          </node>
        </node>
        <node id="mixamorig_LeftUpLeg" name="mixamorig_LeftUpLeg" sid="mixamorig_LeftUpLeg" type="JOINT">
          <matrix sid="matrix">-0.928311 0.232654 -0.290019 13.280500 -0.371708 -0.598496 0.709672 -6.012500 -0.008468 0.766599 0.642070 -0.531400 0.000000 0.000000 0.000000 1.000000</matrix>
          <node id="mixamorig_LeftLeg" name="mixamorig_LeftLeg" sid="mixamorig_LeftLeg" type="JOINT">
            <matrix sid="matrix">0.879317 0.443628 0.173192 0.000000 0.048101 -0.444540 0.894467 52.183899 0.473801 -0.778189 -0.412230 0.000000 0.000000 0.000000 0.000000 1.000000</matrix>
            <node id="mixamorig_LeftFoot" name="mixamorig_LeftFoot" sid="mixamorig_LeftFoot" type="JOINT">
              <matrix sid="matrix">0.993034 0.043305 -0.109586 0.000000 -0.117728 0.325574 -0.938159 50.974098 -0.004948 0.944525 0.328404 -0.000000 0.000000 0.000000 0.000000 1.000000</matrix>
              <node id="mixamorig_LeftToeBase" name="mixamorig_LeftToeBase" sid="mixamorig_LeftToeBase" type="JOINT">
                <matrix sid="matrix">0.989577 0.058457 0.131602 0.000000 0.012148 0.876748 -0.480797 21.993700 -0.143488 0.477385 0.866900 0.000000 0.000000 0.000000 0.000000 1.000000</matrix>
                <node id="mixamorig_LeftToe_End" name="mixamorig_LeftToe_End" sid="mixamorig_LeftToe_End" type="JOINT">
                  <matrix sid="matrix">1.000000 -0.000000 0.000000 -0.000000 -0.000000 1.000000 0.000000 9.003600 0.000000 0.000000 1.000000 -0.000000 0.000000 0.000000 0.000000 1.000000</matrix>
                </node>
              </node>
            </node>
          </node>
        </node>
        <node id="mixamorig_RightUpLeg" name="mixamorig_RightUpLeg" sid="mixamorig_RightUpLeg" type="JOINT">
          <matrix sid="matrix">-0.936292 0.248685 0.248020 -13.293700 -0.002687 -0.711211 0.702974 -6.012500 0.351214 0.657522 0.666569 -0.531400 0.000000 0.000000 0.000000 1.000000</matrix>
          <node id="mixamorig_RightLeg" name="mixamorig_RightLeg" sid="mixamorig_RightLeg" type="JOINT">
            <matrix sid="matrix">0.998886 0.037079 0.029181 0.000000 -0.043057 0.463330 0.885139 52.153900 0.019300 -0.885410 0.464410 0.000000 0.000000 0.000000 0.000000 1.000000</matrix>
            <node id="mixamorig_RightFoot" name="mixamorig_RightFoot" sid="mixamorig_RightFoot" type="JOINT">
              <matrix sid="matrix">0.992006 0.069627 0.105240 0.000000 0.107967 -0.036634 -0.993479 51.002602 -0.065317 0.996900 -0.043859 0.000000 0.000000 0.000000 0.000000 1.000000</matrix>
              <node id="mixamorig_RightToeBase" name="mixamorig_RightToeBase" sid="mixamorig_RightToeBase" type="JOINT">
                <matrix sid="matrix">0.989966 -0.053677 -0.130713 0.000000 -0.013847 0.883737 -0.467778 22.030199 0.140625 0.464895 0.874127 0.000000 0.000000 0.000000 0.000000 1.000000</matrix>
                <node id="mixamorig_RightToe_End" name="mixamorig_RightToe_End" sid="mixamorig_RightToe_End" type="JOINT">
                  <matrix sid="matrix">1.000000 0.000000 0.000000 0.000000 0.000000 1.000000 0.000000 9.032300 -0.000000 -0.000000 1.000000 0.000000 0.000000 0.000000 0.000000 1.000000</matrix>
                </node>
              </node>
            </node>
          </node>
        </node>
        <node id="mixamorig_F_skirt1" name="mixamorig_F_skirt1" sid="mixamorig_F_skirt1" type="JOINT">
          <matrix sid="matrix">0.000000 1.000000 0.000000 -0.580400 -1.000000 0.000000 -0.000000 -7.794500 -0.000000 -0.000000 1.000000 17.818100 0.000000 0.000000 0.000000 1.000000</matrix>
          <node id="mixamorig_F_skirt2" name="mixamorig_F_skirt2" sid="mixamorig_F_skirt2" type="JOINT">
            <matrix sid="matrix">1.000000 0.000000 -0.000000 27.000000 0.000000 1.000000 0.000000 0.000000 0.000000 0.000000 1.000000 0.000000 0.000000 0.000000 0.000000 1.000000</matrix>
            <node id="mixamorig_F_skirt3" name="mixamorig_F_skirt3" sid="mixamorig_F_skirt3" type="JOINT">
              <matrix sid="matrix">1.000000 0.000000 0.000000 27.000000 -0.000000 1.000000 -0.000000 -0.000000 0.000000 0.000000 1.000000 0.000000 0.000000 0.000000 0.000000 1.000000</matrix>
              <node id="mixamorig_F_skirt_end" name="mixamorig_F_skirt_end" sid="mixamorig_F_skirt_end" type="JOINT">
                <matrix sid="matrix">1.000000 0.000000 0.000000 24.000000 0.000000 1.000000 -0.000000 0.000000 0.000000 0.000000 1.000000 -0.000000 0.000000 0.000000 0.000000 1.000000</matrix>
              </node>
            </node>
          </node>
        </node>
        <node id="mixamorig_L_A_skirt1" name="mixamorig_L_A_skirt1" sid="mixamorig_L_A_skirt1" type="JOINT">
          <matrix sid="matrix">0.122996 0.897244 0.424058 9.424300 -0.992244 0.103429 0.068955 -5.518500 0.018009 -0.429250 0.903006 15.946100 0.000000 0.000000 0.000000 1.000000</matrix>
          <node id="mixamorig_L_A_skirt2" name="mixamorig_L_A_skirt2" sid="mixamorig_L_A_skirt2" type="JOINT">
            <matrix sid="matrix">1.000000 0.000000 0.000000 27.000000 -0.000000 1.000000 0.000000 -0.000000 0.000000 0.000000 1.000000 0.000000 0.000000 0.000000 0.000000 1.000000</matrix>
            <node id="mixamorig_L_A_skirt3" name="mixamorig_L_A_skirt3" sid="mixamorig_L_A_skirt3" type="JOINT">
              <matrix sid="matrix">1.000000 0.000000 0.000000 27.000000 -0.000000 1.000000 0.000000 0.000000 0.000000 0.000000 1.000000 0.000000 0.000000 0.000000 0.000000 1.000000</matrix>
              <node id="mixamorig_L_A_skirt_end" name="mixamorig_L_A_skirt_end" sid="mixamorig_L_A_skirt_end" type="JOINT">
                <matrix sid="matrix">1.000000 0.000000 0.000000 27.000000 -0.000000 1.000000 0.000000 -0.000000 0.000000 0.000000 1.000000 -0.000000 0.000000 0.000000 0.000000 1.000000</matrix>
              </node>
            </node>
          </node>
        </node>
        <node id="mixamorig_L_B_skirt1" name="mixamorig_L_B_skirt1" sid="mixamorig_L_B_skirt1" type="JOINT">
          <matrix sid="matrix">0.111759 0.000000 0.993735 18.448999 -0.993735 0.000000 0.111759 -4.216000 -0.000000 -1.000000 0.000000 -0.295100 0.000000 0.000000 0.000000 1.000000</matrix>
          <node id="mixamorig_L_B_skirt2" name="mixamorig_L_B_skirt2" sid="mixamorig_L_B_skirt2" type="JOINT">
            <matrix sid="matrix">1.000000 0.000000 0.000000 27.000000 -0.000000 1.000000 0.000000 -0.000000 0.000000 0.000000 1.000000 0.000000 0.000000 0.000000 0.000000 1.000000</matrix>
            <node id="mixamorig_L_B_skirt3" name="mixamorig_L_B_skirt3" sid="mixamorig_L_B_skirt3" type="JOINT">
              <matrix sid="matrix">1.000000 -0.000000 0.000000 27.000000 -0.000000 1.000000 0.000000 -0.000000 0.000000 0.000000 1.000000 -0.000000 0.000000 0.000000 0.000000 1.000000</matrix>
              <node id="mixamorig_L_B_skirt_end" name="mixamorig_L_B_skirt_end" sid="mixamorig_L_B_skirt_end" type="JOINT">
                <matrix sid="matrix">1.000000 0.000000 0.000000 27.000000 0.000000 1.000000 -0.000000 0.000000 0.000000 0.000000 1.000000 -0.000000 0.000000 0.000000 0.000000 1.000000</matrix>
              </node>
            </node>
          </node>
        </node>
        <node id="mixamorig_L_C_skirt1" name="mixamorig_L_C_skirt1" sid="mixamorig_L_C_skirt1" type="JOINT">
          <matrix sid="matrix">0.023939 -0.971540 0.235663 7.049900 -0.998221 -0.010354 0.058718 -6.149500 -0.054607 -0.236649 -0.970059 -15.762800 0.000000 0.000000 0.000000 1.000000</matrix>
          <node id="mixamorig_L_C_skirt2" name="mixamorig_L_C_skirt2" sid="mixamorig_L_C_skirt2" type="JOINT">
            <matrix sid="matrix">1.000000 -0.000000 -0.000000 28.000000 -0.000000 1.000000 0.000000 0.000000 0.000000 0.000000 1.000000 0.000000 0.000000 0.000000 0.000000 1.000000</matrix>
            <node id="mixamorig_L_C_skirt3" name="mixamorig_L_C_skirt3" sid="mixamorig_L_C_skirt3" type="JOINT">
              <matrix sid="matrix">1.000000 -0.000000 -0.000000 28.000000 -0.000000 1.000000 0.000000 0.000000 0.000000 0.000000 1.000000 0.000000 0.000000 0.000000 0.000000 1.000000</matrix>
              <node id="mixamorig_L_C_skirt_end" name="mixamorig_L_C_skirt_end" sid="mixamorig_L_C_skirt_end" type="JOINT">
                <matrix sid="matrix">1.000000 0.000000 0.000000 28.000000 0.000000 1.000000 0.000000 0.000000 -0.000000 0.000000 1.000000 0.000000 0.000000 0.000000 0.000000 1.000000</matrix>
              </node>
            </node>
          </node>
        </node>
        <node id="mixamorig_R_A_skirt1" name="mixamorig_R_A_skirt1" sid="mixamorig_R_A_skirt1" type="JOINT">
          <matrix sid="matrix">-0.122996 0.897244 -0.424058 -9.424300 -0.992244 -0.103429 0.068955 -5.518900 0.018009 0.429250 0.903006 15.946100 0.000000 0.000000 0.000000 1.000000</matrix>
          <node id="mixamorig_R_A_skirt2" name="mixamorig_R_A_skirt2" sid="mixamorig_R_A_skirt2" type="JOINT">
            <matrix sid="matrix">1.000000 0.000000 0.000000 26.999599 0.000000 1.000000 0.000000 -0.000000 -0.000000 0.000000 1.000000 0.000100 0.000000 0.000000 0.000000 1.000000</matrix>
            <node id="mixamorig_R_A_skirt3" name="mixamorig_R_A_skirt3" sid="mixamorig_R_A_skirt3" type="JOINT">
              <matrix sid="matrix">1.000000 -0.000000 0.000000 27.000000 0.000000 1.000000 -0.000000 0.000000 0.000000 0.000000 1.000000 0.000000 0.000000 0.000000 0.000000 1.000000</matrix>
              <node id="mixamorig_R_A_skirt_end" name="mixamorig_R_A_skirt_end" sid="mixamorig_R_A_skirt_end" type="JOINT">
                <matrix sid="matrix">1.000000 0.000000 0.000000 27.000000 0.000000 1.000000 0.000000 -0.000000 0.000000 0.000000 1.000000 0.000000 0.000000 0.000000 0.000000 1.000000</matrix>
              </node>
            </node>
          </node>
        </node>
        <node id="mixamorig_R_B_skirt1" name="mixamorig_R_B_skirt1" sid="mixamorig_R_B_skirt1" type="JOINT">
          <matrix sid="matrix">-0.111759 0.000000 -0.993735 -18.448900 -0.993735 -0.000000 0.111759 -4.216300 -0.000000 1.000000 0.000000 -0.295100 0.000000 0.000000 0.000000 1.000000</matrix>
          <node id="mixamorig_R_B_skirt2" name="mixamorig_R_B_skirt2" sid="mixamorig_R_B_skirt2" type="JOINT">
            <matrix sid="matrix">1.000000 -0.000000 0.000000 26.999701 0.000000 1.000000 0.000000 0.000000 -0.000000 -0.000000 1.000000 0.000100 0.000000 0.000000 0.000000 1.000000</matrix>
            <node id="mixamorig_R_B_skirt3" name="mixamorig_R_B_skirt3" sid="mixamorig_R_B_skirt3" type="JOINT">
              <matrix sid="matrix">1.000000 0.000000 0.000000 26.999901 -0.000000 1.000000 -0.000000 0.000000 0.000000 0.000000 1.000000 -0.000000 0.000000 0.000000 0.000000 1.000000</matrix>
              <node id="mixamorig_R_B_skirt_end" name="mixamorig_R_B_skirt_end" sid="mixamorig_R_B_skirt_end" type="JOINT">
                <matrix sid="matrix">1.000000 -0.000000 0.000000 27.000000 -0.000000 1.000000 -0.000000 0.000000 0.000000 0.000000 1.000000 0.000000 0.000000 0.000000 0.000000 1.000000</matrix>
              </node>
            </node>
          </node>
          <node id="mixamorig_R_bag1" name="mixamorig_R_bag1" sid="mixamorig_R_bag1" type="JOINT">
            <matrix sid="matrix">0.973707 -0.116729 -0.195624 6.766800 -0.197277 -0.002660 -0.980344 2.209500 0.113914 0.993160 -0.025618 5.400800 0.000000 0.000000 0.000000 1.000000</matrix>
            <node id="mixamorig_R_bag_end" name="mixamorig_R_bag_end" sid="mixamorig_R_bag_end" type="JOINT">
              <matrix sid="matrix">1.000000 0.000000 -0.000000 20.721201 0.000000 1.000000 0.000000 -0.000000 0.000000 -0.000000 1.000000 0.000000 0.000000 0.000000 0.000000 1.000000</matrix>
            </node>
          </node>
        </node>
        <node id="mixamorig_R_C_skirt1" name="mixamorig_R_C_skirt1" sid="mixamorig_R_C_skirt1" type="JOINT">
          <matrix sid="matrix">-0.023939 -0.971540 -0.235663 -7.049900 -0.998221 0.010354 0.058718 -6.149900 -0.054607 0.236649 -0.970059 -15.762700 0.000000 0.000000 0.000000 1.000000</matrix>
          <node id="mixamorig_R_C_skirt2" name="mixamorig_R_C_skirt2" sid="mixamorig_R_C_skirt2" type="JOINT">
            <matrix sid="matrix">1.000000 0.000000 0.000000 27.999701 0.000000 1.000000 0.000000 0.000000 0.000000 -0.000000 1.000000 0.000000 0.000000 0.000000 0.000000 1.000000</matrix>
            <node id="mixamorig_R_C_skirt3" name="mixamorig_R_C_skirt3" sid="mixamorig_R_C_skirt3" type="JOINT">
              <matrix sid="matrix">1.000000 0.000000 0.000000 27.999901 -0.000000 1.000000 -0.000000 -0.000000 0.000000 -0.000000 1.000000 0.000000 0.000000 0.000000 0.000000 1.000000</matrix>
              <node id="mixamorig_R_C_skirt_end" name="mixamorig_R_C_skirt_end" sid="mixamorig_R_C_skirt_end" type="JOINT">
                <matrix sid="matrix">1.000000 0.000000 0.000000 28.000000 -0.000000 1.000000 -0.000000 0.000000 0.000000 -0.000000 1.000000 0.000000 0.000000 0.000000 0.000000 1.000000</matrix>
              </node>
            </node>
          </node>
        </node>
        <node id="L_horn1" name="L_horn1" sid="L_horn1" type="JOINT">
          <matrix sid="matrix">0.406838 0.870118 0.278168 18.209600 -0.904436 0.426462 -0.011194 1.020800 -0.128368 -0.247031 0.960467 -3.906100 0.000000 0.000000 0.000000 1.000000</matrix>
          <node id="L_horn_end" name="L_horn_end" sid="L_horn_end" type="JOINT">
            <matrix sid="matrix">1.000000 0.000000 0.000000 13.278900 0.000000 1.000000 0.000000 0.000000 -0.000000 -0.000000 1.000000 0.000000 0.000000 0.000000 0.000000 1.000000</matrix>
          </node>
        </node>
      </node>
    </visual_scene>
  </library_visual_scenes>
  <scene>
    <instance_visual_scene url="#RootNode"/>
  </scene>
</COLLADA>
