<?xml version="1.0" encoding="utf-8"?>
<COLLADA xmlns="http://www.collada.org/2005/11/COLLADASchema" version="1.4.1">
  <asset>
    <contributor>
      <author>Mixamo</author>
      <authoring_tool>COLLADA Mixamo exporter</authoring_tool>
      <comments/>
    </contributor>
    <created>2025-11-20T18:49:39Z</created>
    <modified>2025-11-20T18:49:39Z</modified>
    <revision/>
    <title/>
    <unit meter="0.010000"/>
    <up_axis>Y_UP</up_axis>
  </asset>
  <library_animations>
    <animation id="mixamorig_Hips-anim" name="mixamorig_Hips">
      <source id="mixamorig_Hips-Matrix-animation-input">
        <float_array id="mixamorig_Hips-Matrix-animation-input-array" count="17">

0.000000 0.033333 0.066667 0.100000 0.133333 0.166667 0.200000 0.233333 0.266667 0.300000 0.333333 0.366667 0.400000 0.433333 0.466667 0.500000
0.533333</float_array>
        <technique_common>
          <accessor source="#mixamorig_Hips-Matrix-animation-input-array" count="17">
            <param name="TIME" type="float"/>
          </accessor>
        </technique_common>
      </source>
      <source id="mixamorig_Hips-Matrix-animation-output-transform">
        <float_array id="mixamorig_Hips-Matrix-animation-output-transform-array" count="272">

0.481448 -0.365621 -0.796574 6.783438 0.083362 0.923820 -0.373642 79.677925 0.872502 0.113485 0.475250 0.532484 0.000000 0.000000 0.000000 1.000000
0.473068 -0.339175 -0.813121 6.079713 0.070313 0.934517 -0.348905 81.799004 0.878215 0.107882 0.465939 1.416005 0.000000 0.000000 0.000000 1.000000
0.462765 -0.314216 -0.828925 5.070758 0.058250 0.943831 -0.325254 84.892708 0.884565 0.102231 0.455075 2.294576 0.000000 0.000000 0.000000 1.000000
0.455184 -0.295222 -0.840030 3.624294 0.050626 0.950488 -0.306609 89.145477 0.888957 0.097036 0.447593 3.276451 0.000000 0.000000 0.000000 1.000000
0.455881 -0.251792 -0.853683 1.692004 0.034509 0.963429 -0.265733 94.800362 0.889372 0.091683 0.447897 4.396262 0.000000 0.000000 0.000000 1.000000
0.458198 -0.188265 -0.868683 -0.520084 0.013508 0.978673 -0.204978 102.979355 0.888748 0.082186 0.450969 5.774320 0.000000 0.000000 0.000000 1.000000
0.460015 -0.123968 -0.879215 -2.992941 -0.003926 0.989912 -0.141630 112.187256 0.887902 0.068604 0.454888 7.805463 0.000000 0.000000 0.000000 1.000000
0.463454 -0.097476 -0.880743 -5.315018 -0.005622 0.993588 -0.112924 122.024765 0.886103 0.057287 0.459935 9.758704 0.000000 0.000000 0.000000 1.000000
0.482102 -0.114923 -0.868545 -7.627162 -0.005799 0.990919 -0.134334 131.615433 0.876096 0.069799 0.477057 11.087564 0.000000 0.000000 0.000000 1.000000
0.511785 -0.131144 -0.849045 -8.441267 -0.011893 0.987104 -0.159638 141.658722 0.859032 0.091797 0.503625 11.272198 0.000000 0.000000 0.000000 1.000000
0.539447 -0.149187 -0.828698 -7.324651 -0.012778 0.982615 -0.185214 151.878113 0.841923 0.110503 0.528162 9.616330 0.000000 0.000000 0.000000 1.000000
0.550971 -0.173404 -0.816310 -5.740355 0.001279 0.978348 -0.206961 160.843536 0.834523 0.112985 0.539263 7.229246 0.000000 0.000000 0.000000 1.000000
0.543064 -0.227618 -0.808252 -3.862271 0.033202 0.967627 -0.250192 168.209656 0.839035 0.109035 0.533040 4.614130 0.000000 0.000000 0.000000 1.000000
0.527437 -0.296674 -0.796113 -1.586639 0.052823 0.946689 -0.317790 172.824890 0.847951 0.125561 0.514990 2.077933 0.000000 0.000000 0.000000 1.000000
0.512910 -0.356452 -0.780938 0.693979 0.068002 0.923728 -0.376965 175.554932 0.855745 0.140244 0.498029 -0.134820 0.000000 0.000000 0.000000 1.000000
0.511241 -0.378680 -0.771515 2.974115 0.088058 0.916053 -0.391271 176.351013 0.854915 0.132095 0.501669 -1.882844 0.000000 0.000000 0.000000 1.000000
0.518138 -0.373706 -0.769335 4.574165 0.120157 0.922379 -0.367123 175.057327 0.846815 0.097779 0.522823 -2.760322 0.000000 0.000000 0.000000 1.000000</float_array>
        <technique_common>
          <accessor source="#mixamorig_Hips-Matrix-animation-output-transform-array" count="17" stride="16">
            <param type="float4x4"/>
          </accessor>
        </technique_common>
      </source>
      <source id="mixamorig_Hips-Interpolations">
        <Name_array id="mixamorig_Hips-Interpolations-array" count="17">
 LINEAR LINEAR LINEAR LINEAR LINEAR LINEAR LINEAR LINEAR LINEAR LINEAR LINEAR
LINEAR LINEAR LINEAR LINEAR LINEAR LINEAR</Name_array>
        <technique_common>
          <accessor source="#mixamorig_Hips-Interpolations-array" count="17">
            <param type="name"/>
          </accessor>
        </technique_common>
      </source>
      <sampler id="mixamorig_Hips-Matrix-animation-transform">
        <input semantic="INPUT" source="#mixamorig_Hips-Matrix-animation-input"/>
        <input semantic="OUTPUT" source="#mixamorig_Hips-Matrix-animation-output-transform"/>
        <input semantic="INTERPOLATION" source="#mixamorig_Hips-Interpolations"/>
      </sampler>
      <channel source="#mixamorig_Hips-Matrix-animation-transform" target="mixamorig_Hips/matrix"/>
    </animation>
    <animation id="mixamorig_Spine-anim" name="mixamorig_Spine">
      <source id="mixamorig_Spine-Matrix-animation-input">
        <float_array id="mixamorig_Spine-Matrix-animation-input-array" count="17">

0.000000 0.033333 0.066667 0.100000 0.133333 0.166667 0.200000 0.233333 0.266667 0.300000 0.333333 0.366667 0.400000 0.433333 0.466667 0.500000
0.533333</float_array>
        <technique_common>
          <accessor source="#mixamorig_Spine-Matrix-animation-input-array" count="17">
            <param name="TIME" type="float"/>
          </accessor>
        </technique_common>
      </source>
      <source id="mixamorig_Spine-Matrix-animation-output-transform">
        <float_array id="mixamorig_Spine-Matrix-animation-output-transform-array" count="272">

0.994358 0.105730 0.008622 -0.006600 -0.098045 0.947023 -0.305835 10.822600 -0.040501 0.303264 0.952046 -0.430700 0.000000 0.000000 0.000000 1.000000
0.995210 0.097098 0.011340 -0.006600 -0.089564 0.952127 -0.292289 10.822600 -0.039178 0.289874 0.956263 -0.430700 0.000000 0.000000 0.000000 1.000000
0.996051 0.087344 0.015935 -0.006600 -0.079683 0.958574 -0.273470 10.822600 -0.039161 0.271120 0.961749 -0.430700 0.000000 0.000000 0.000000 1.000000
0.996935 0.075530 0.020374 -0.006600 -0.068328 0.967525 -0.243363 10.822600 -0.038094 0.241226 0.969721 -0.430700 0.000000 0.000000 0.000000 1.000000
0.998080 0.057247 0.023639 -0.006600 -0.050872 0.975441 -0.214306 10.822600 -0.035327 0.212692 0.976480 -0.430700 0.000000 0.000000 0.000000 1.000000
0.999076 0.034637 0.025432 -0.006600 -0.028760 0.978724 -0.203156 10.822600 -0.031928 0.202237 0.978816 -0.430700 0.000000 0.000000 0.000000 1.000000
0.999572 0.012294 0.026541 -0.006600 -0.006872 0.980694 -0.195427 10.822600 -0.028431 0.195161 0.980359 -0.430700 0.000000 0.000000 0.000000 1.000000
0.999613 0.001976 0.027735 -0.006600 0.002670 0.986041 -0.166483 10.822600 -0.027677 0.166493 0.985654 -0.430700 0.000000 0.000000 0.000000 1.000000
0.999602 0.005986 0.027556 -0.006600 -0.003064 0.994479 -0.104894 10.822600 -0.028032 0.104768 0.994102 -0.430700 0.000000 0.000000 0.000000 1.000000
0.999683 0.011296 0.022523 -0.006600 -0.009925 0.998144 -0.060090 10.822600 -0.023160 0.059848 0.997939 -0.430700 0.000000 0.000000 0.000000 1.000000
0.999711 0.014739 0.018976 -0.006600 -0.013192 0.996769 -0.079236 10.822600 -0.020082 0.078963 0.996675 -0.430700 0.000000 0.000000 0.000000 1.000000
0.999259 0.033782 0.018451 -0.006600 -0.031330 0.992274 -0.120044 10.822600 -0.022364 0.119377 0.992597 -0.430700 0.000000 0.000000 0.000000 1.000000
0.997013 0.075722 0.015235 -0.006600 -0.072447 0.985180 -0.155472 10.822600 -0.026782 0.153904 0.987723 -0.430700 0.000000 0.000000 0.000000 1.000000
0.993923 0.109621 0.010020 -0.006600 -0.105952 0.977383 -0.183018 10.822600 -0.029856 0.180845 0.983058 -0.430700 0.000000 0.000000 0.000000 1.000000
0.991696 0.128565 0.003318 -0.006600 -0.125155 0.970689 -0.205181 10.822600 -0.029600 0.203062 0.978718 -0.430700 0.000000 0.000000 0.000000 1.000000
0.989412 0.145092 -0.003499 -0.006600 -0.141030 0.955461 -0.259239 10.822600 -0.034270 0.256987 0.965807 -0.430700 0.000000 0.000000 0.000000 1.000000
0.987609 0.156703 -0.008489 -0.006600 -0.151204 0.935680 -0.318811 10.822600 -0.042016 0.316144 0.947780 -0.430700 0.000000 0.000000 0.000000 1.000000</float_array>
        <technique_common>
          <accessor source="#mixamorig_Spine-Matrix-animation-output-transform-array" count="17" stride="16">
            <param type="float4x4"/>
          </accessor>
        </technique_common>
      </source>
      <source id="mixamorig_Spine-Interpolations">
        <Name_array id="mixamorig_Spine-Interpolations-array" count="17">
 LINEAR LINEAR LINEAR LINEAR LINEAR LINEAR LINEAR LINEAR LINEAR LINEAR LINEAR
LINEAR LINEAR LINEAR LINEAR LINEAR LINEAR</Name_array>
        <technique_common>
          <accessor source="#mixamorig_Spine-Interpolations-array" count="17">
            <param type="name"/>
          </accessor>
        </technique_common>
      </source>
      <sampler id="mixamorig_Spine-Matrix-animation-transform">
        <input semantic="INPUT" source="#mixamorig_Spine-Matrix-animation-input"/>
        <input semantic="OUTPUT" source="#mixamorig_Spine-Matrix-animation-output-transform"/>
        <input semantic="INTERPOLATION" source="#mixamorig_Spine-Interpolations"/>
      </sampler>
      <channel source="#mixamorig_Spine-Matrix-animation-transform" target="mixamorig_Spine/matrix"/>
    </animation>
    <animation id="mixamorig_Spine1-anim" name="mixamorig_Spine1">
      <source id="mixamorig_Spine1-Matrix-animation-input">
        <float_array id="mixamorig_Spine1-Matrix-animation-input-array" count="17">

0.000000 0.033333 0.066667 0.100000 0.133333 0.166667 0.200000 0.233333 0.266667 0.300000 0.333333 0.366667 0.400000 0.433333 0.466667 0.500000
0.533333</float_array>
        <technique_common>
          <accessor source="#mixamorig_Spine1-Matrix-animation-input-array" count="17">
            <param name="TIME" type="float"/>
          </accessor>
        </technique_common>
      </source>
      <source id="mixamorig_Spine1-Matrix-animation-output-transform">
        <float_array id="mixamorig_Spine1-Matrix-animation-output-transform-array" count="272">

0.994695 0.098679 0.029044 -0.000000 -0.090661 0.974411 -0.205679 12.655100 -0.048597 0.201955 0.978188 -0.000000 0.000000 0.000000 0.000000 1.000000
0.995139 0.092969 0.032481 0.000000 -0.085125 0.977896 -0.190977 12.655100 -0.049519 0.187284 0.981057 0.000000 0.000000 0.000000 0.000000 1.000000
0.995499 0.086728 0.038202 -0.000000 -0.078930 0.981879 -0.172289 12.655100 -0.052452 0.168498 0.984305 0.000000 0.000000 0.000000 0.000000 1.000000
0.995897 0.079012 0.044126 0.000000 -0.071862 0.986805 -0.145096 12.655100 -0.055008 0.141329 0.988433 0.000000 0.000000 0.000000 0.000000 1.000000
0.996769 0.064740 0.047536 -0.000000 -0.058453 0.990626 -0.123462 12.655100 -0.055084 0.120284 0.991210 0.000000 0.000000 0.000000 0.000000 1.000000
0.997848 0.044033 0.048576 0.000000 -0.038212 0.992646 -0.114864 12.655100 -0.053276 0.112761 0.992193 -0.000000 0.000000 0.000000 0.000000 1.000000
0.998491 0.026224 0.048258 -0.000000 -0.021106 0.994388 -0.103671 12.655100 -0.050706 0.102496 0.993440 0.000000 0.000000 0.000000 0.000000 1.000000
0.998587 0.015662 0.050775 0.000000 -0.011702 0.996934 -0.077368 12.655100 -0.051832 0.076664 0.995709 -0.000000 0.000000 0.000000 0.000000 1.000000
0.998513 0.014154 0.052639 0.000000 -0.012805 0.999583 -0.025869 12.655100 -0.052983 0.025157 0.998278 0.000000 0.000000 0.000000 0.000000 1.000000
0.998976 0.016458 0.042140 0.000000 -0.017106 0.999740 0.015045 12.655100 -0.041881 -0.015750 0.998998 0.000000 0.000000 0.000000 0.000000 1.000000
0.999170 0.019225 0.035914 0.000000 -0.019162 0.999814 -0.002097 12.655100 -0.035948 0.001407 0.999353 0.000000 0.000000 0.000000 0.000000 1.000000
0.998613 0.037954 0.036480 0.000000 -0.036466 0.998510 -0.040599 12.655100 -0.037966 0.039213 0.998509 -0.000000 0.000000 0.000000 0.000000 1.000000
0.996389 0.077473 0.034729 0.000000 -0.074925 0.994764 -0.069501 12.655100 -0.039932 0.066648 0.996977 0.000000 0.000000 0.000000 0.000000 1.000000
0.994176 0.102653 0.032799 0.000000 -0.099883 0.992002 -0.077175 12.655100 -0.040459 0.073449 0.996478 0.000000 0.000000 0.000000 0.000000 1.000000
0.992483 0.118534 0.030448 -0.000000 -0.115828 0.990121 -0.079018 12.655100 -0.039514 0.074897 0.996408 0.000000 0.000000 0.000000 0.000000 1.000000
0.991088 0.130255 0.027881 0.000000 -0.126424 0.985730 -0.111142 12.655100 -0.041960 0.106627 0.993413 0.000000 0.000000 0.000000 0.000000 1.000000
0.989883 0.139510 0.025851 0.000000 -0.133772 0.978387 -0.157686 12.655100 -0.047291 0.152632 0.987151 0.000000 0.000000 0.000000 0.000000 1.000000</float_array>
        <technique_common>
          <accessor source="#mixamorig_Spine1-Matrix-animation-output-transform-array" count="17" stride="16">
            <param type="float4x4"/>
          </accessor>
        </technique_common>
      </source>
      <source id="mixamorig_Spine1-Interpolations">
        <Name_array id="mixamorig_Spine1-Interpolations-array" count="17">
 LINEAR LINEAR LINEAR LINEAR LINEAR LINEAR LINEAR LINEAR LINEAR LINEAR LINEAR
LINEAR LINEAR LINEAR LINEAR LINEAR LINEAR</Name_array>
        <technique_common>
          <accessor source="#mixamorig_Spine1-Interpolations-array" count="17">
            <param type="name"/>
          </accessor>
        </technique_common>
      </source>
      <sampler id="mixamorig_Spine1-Matrix-animation-transform">
        <input semantic="INPUT" source="#mixamorig_Spine1-Matrix-animation-input"/>
        <input semantic="OUTPUT" source="#mixamorig_Spine1-Matrix-animation-output-transform"/>
        <input semantic="INTERPOLATION" source="#mixamorig_Spine1-Interpolations"/>
      </sampler>
      <channel source="#mixamorig_Spine1-Matrix-animation-transform" target="mixamorig_Spine1/matrix"/>
    </animation>
    <animation id="mixamorig_Spine2-anim" name="mixamorig_Spine2">
      <source id="mixamorig_Spine2-Matrix-animation-input">
        <float_array id="mixamorig_Spine2-Matrix-animation-input-array" count="17">

0.000000 0.033333 0.066667 0.100000 0.133333 0.166667 0.200000 0.233333 0.266667 0.300000 0.333333 0.366667 0.400000 0.433333 0.466667 0.500000
0.533333</float_array>
        <technique_common>
          <accessor source="#mixamorig_Spine2-Matrix-animation-input-array" count="17">
            <param name="TIME" type="float"/>
          </accessor>
        </technique_common>
      </source>
      <source id="mixamorig_Spine2-Matrix-animation-output-transform">
        <float_array id="mixamorig_Spine2-Matrix-animation-output-transform-array" count="272">

0.995198 0.090564 0.037139 -0.000000 -0.082343 0.979734 -0.182597 14.459700 -0.052923 0.178662 0.982486 -0.000000 0.000000 0.000000 0.000000 1.000000
0.995640 0.084775 0.038919 -0.000000 -0.077131 0.982825 -0.167646 14.459700 -0.052462 0.163913 0.985079 0.000000 0.000000 0.000000 0.000000 1.000000
0.996024 0.078069 0.042921 -0.000000 -0.070901 0.986335 -0.148717 14.459700 -0.053945 0.145082 0.987948 0.000000 0.000000 0.000000 0.000000 1.000000
0.996438 0.069835 0.047259 -0.000000 -0.063668 0.990567 -0.121343 14.459700 -0.055287 0.117902 0.991485 0.000000 0.000000 0.000000 0.000000 1.000000
0.997239 0.055315 0.049548 0.000000 -0.050171 0.993756 -0.099659 14.459700 -0.054752 0.096898 0.993787 0.000000 0.000000 0.000000 0.000000 1.000000
0.998148 0.034567 0.050050 0.000000 -0.029907 0.995398 -0.091041 14.459700 -0.052966 0.089375 0.994589 0.000000 0.000000 0.000000 0.000000 1.000000
0.998615 0.016795 0.049851 0.000000 -0.012778 0.996727 -0.079829 14.459700 -0.051028 0.079081 0.995561 0.000000 0.000000 0.000000 0.000000 1.000000
0.998610 0.006348 0.052329 0.000000 -0.003544 0.998561 -0.053503 14.459700 -0.052594 0.053243 0.997196 0.000000 0.000000 0.000000 0.000000 1.000000
0.998512 0.005209 0.054287 -0.000000 -0.005115 0.999985 -0.001872 14.459700 -0.054296 0.001591 0.998524 0.000000 0.000000 0.000000 0.000000 1.000000
0.999054 0.008131 0.042712 0.000000 -0.009799 0.999191 0.039001 14.459700 -0.042360 -0.039383 0.998326 0.000000 0.000000 0.000000 0.000000 1.000000
0.999250 0.010476 0.037271 -0.000000 -0.011292 0.999700 0.021753 14.459700 -0.037032 -0.022158 0.999068 0.000000 0.000000 0.000000 0.000000 1.000000
0.998854 0.029007 0.038076 0.000000 -0.028387 0.999457 -0.016742 14.459700 -0.038541 0.015642 0.999135 0.000000 0.000000 0.000000 0.000000 1.000000
0.996970 0.068529 0.036816 0.000000 -0.066830 0.996725 -0.045538 14.459700 -0.039816 0.042939 0.998284 0.000000 0.000000 0.000000 0.000000 1.000000
0.994996 0.093771 0.034482 0.000000 -0.091873 0.994357 -0.053040 14.459700 -0.039261 0.049607 0.997997 -0.000000 0.000000 0.000000 0.000000 1.000000
0.993418 0.109942 0.032159 0.000000 -0.108081 0.992631 -0.054787 14.459700 -0.037945 0.050950 0.997980 -0.000000 0.000000 0.000000 0.000000 1.000000
0.992088 0.121877 0.030115 0.000000 -0.118870 0.989097 -0.086933 14.459700 -0.040382 0.082665 0.995759 0.000000 0.000000 0.000000 0.000000 1.000000
0.990932 0.131130 0.029307 0.000000 -0.126121 0.982964 -0.133696 14.459700 -0.046339 0.128787 0.990589 0.000000 0.000000 0.000000 0.000000 1.000000</float_array>
        <technique_common>
          <accessor source="#mixamorig_Spine2-Matrix-animation-output-transform-array" count="17" stride="16">
            <param type="float4x4"/>
          </accessor>
        </technique_common>
      </source>
      <source id="mixamorig_Spine2-Interpolations">
        <Name_array id="mixamorig_Spine2-Interpolations-array" count="17">
 LINEAR LINEAR LINEAR LINEAR LINEAR LINEAR LINEAR LINEAR LINEAR LINEAR LINEAR
LINEAR LINEAR LINEAR LINEAR LINEAR LINEAR</Name_array>
        <technique_common>
          <accessor source="#mixamorig_Spine2-Interpolations-array" count="17">
            <param type="name"/>
          </accessor>
        </technique_common>
      </source>
      <sampler id="mixamorig_Spine2-Matrix-animation-transform">
        <input semantic="INPUT" source="#mixamorig_Spine2-Matrix-animation-input"/>
        <input semantic="OUTPUT" source="#mixamorig_Spine2-Matrix-animation-output-transform"/>
        <input semantic="INTERPOLATION" source="#mixamorig_Spine2-Interpolations"/>
      </sampler>
      <channel source="#mixamorig_Spine2-Matrix-animation-transform" target="mixamorig_Spine2/matrix"/>
    </animation>
    <animation id="mixamorig_Neck-anim" name="mixamorig_Neck">
      <source id="mixamorig_Neck-Matrix-animation-input">
        <float_array id="mixamorig_Neck-Matrix-animation-input-array" count="17">

0.000000 0.033333 0.066667 0.100000 0.133333 0.166667 0.200000 0.233333 0.266667 0.300000 0.333333 0.366667 0.400000 0.433333 0.466667 0.500000
0.533333</float_array>
        <technique_common>
          <accessor source="#mixamorig_Neck-Matrix-animation-input-array" count="17">
            <param name="TIME" type="float"/>
          </accessor>
        </technique_common>
      </source>
      <source id="mixamorig_Neck-Matrix-animation-output-transform">
        <float_array id="mixamorig_Neck-Matrix-animation-output-transform-array" count="272">

0.903478 -0.146416 0.402853 0.000000 -0.006871 0.934783 0.355153 16.135700 -0.428580 -0.323641 0.843549 -0.000000 0.000000 0.000000 0.000000 1.000000
0.903133 -0.141279 0.405451 0.000000 -0.021710 0.928080 0.371747 16.135700 -0.428811 -0.344539 0.835113 0.000000 0.000000 0.000000 0.000000 1.000000
0.903593 -0.135412 0.406428 0.000000 -0.040187 0.917750 0.395119 16.135700 -0.426504 -0.373360 0.823831 0.000000 0.000000 0.000000 0.000000 1.000000
0.904968 -0.128981 0.405458 0.000000 -0.056825 0.907770 0.415602 16.135700 -0.421667 -0.399147 0.814174 -0.000000 0.000000 0.000000 0.000000 1.000000
0.907020 -0.122375 0.402914 -0.000000 -0.065449 0.904241 0.421977 16.135700 -0.415971 -0.409112 0.812155 0.000000 0.000000 0.000000 0.000000 1.000000
0.909607 -0.115957 0.398959 -0.000000 -0.055805 0.917461 0.393891 16.135700 -0.411704 -0.380550 0.828059 0.000000 0.000000 0.000000 0.000000 1.000000
0.912581 -0.110058 0.393807 0.000000 -0.038042 0.936066 0.349761 16.135700 -0.407124 -0.334167 0.850049 -0.000000 0.000000 0.000000 0.000000 1.000000
0.915944 -0.104949 0.387341 0.000000 -0.019337 0.952535 0.303813 16.135700 -0.400841 -0.285766 0.870439 0.000000 0.000000 0.000000 0.000000 1.000000
0.920409 -0.100389 0.377848 0.000000 -0.005948 0.962763 0.270281 16.135700 -0.390912 -0.251017 0.885539 -0.000000 0.000000 0.000000 0.000000 1.000000
0.925457 -0.096938 0.366240 0.000000 -0.006208 0.962700 0.270500 16.135700 -0.378801 -0.252610 0.890336 0.000000 0.000000 0.000000 0.000000 1.000000
0.930225 -0.095976 0.354217 0.000000 -0.020175 0.950364 0.310487 16.135700 -0.366434 -0.295969 0.882116 -0.000000 0.000000 0.000000 0.000000 1.000000
0.933946 -0.098503 0.343571 -0.000000 -0.036272 0.930188 0.365287 16.135700 -0.355568 -0.353620 0.865173 0.000000 0.000000 0.000000 0.000000 1.000000
0.935895 -0.104318 0.336478 -0.000000 -0.045359 0.911515 0.408758 16.135700 -0.349346 -0.397817 0.848351 0.000000 0.000000 0.000000 0.000000 1.000000
0.935175 -0.113260 0.335590 0.000000 -0.050276 0.895452 0.442310 16.135700 -0.350601 -0.430509 0.831710 0.000000 0.000000 0.000000 0.000000 1.000000
0.931909 -0.124310 0.340722 0.000000 -0.053779 0.881684 0.468765 16.135700 -0.358682 -0.455171 0.814965 0.000000 0.000000 0.000000 0.000000 1.000000
0.927435 -0.135454 0.348591 0.000000 -0.048574 0.880578 0.471405 16.135700 -0.370816 -0.454130 0.810100 0.000000 0.000000 0.000000 0.000000 1.000000
0.923277 -0.144614 0.355874 0.000000 -0.029718 0.896763 0.441512 16.135700 -0.382983 -0.418214 0.823663 -0.000000 0.000000 0.000000 0.000000 1.000000</float_array>
        <technique_common>
          <accessor source="#mixamorig_Neck-Matrix-animation-output-transform-array" count="17" stride="16">
            <param type="float4x4"/>
          </accessor>
        </technique_common>
      </source>
      <source id="mixamorig_Neck-Interpolations">
        <Name_array id="mixamorig_Neck-Interpolations-array" count="17">
 LINEAR LINEAR LINEAR LINEAR LINEAR LINEAR LINEAR LINEAR LINEAR LINEAR LINEAR
LINEAR LINEAR LINEAR LINEAR LINEAR LINEAR</Name_array>
        <technique_common>
          <accessor source="#mixamorig_Neck-Interpolations-array" count="17">
            <param type="name"/>
          </accessor>
        </technique_common>
      </source>
      <sampler id="mixamorig_Neck-Matrix-animation-transform">
        <input semantic="INPUT" source="#mixamorig_Neck-Matrix-animation-input"/>
        <input semantic="OUTPUT" source="#mixamorig_Neck-Matrix-animation-output-transform"/>
        <input semantic="INTERPOLATION" source="#mixamorig_Neck-Interpolations"/>
      </sampler>
      <channel source="#mixamorig_Neck-Matrix-animation-transform" target="mixamorig_Neck/matrix"/>
    </animation>
    <animation id="mixamorig_Head-anim" name="mixamorig_Head">
      <source id="mixamorig_Head-Matrix-animation-input">
        <float_array id="mixamorig_Head-Matrix-animation-input-array" count="17">

0.000000 0.033333 0.066667 0.100000 0.133333 0.166667 0.200000 0.233333 0.266667 0.300000 0.333333 0.366667 0.400000 0.433333 0.466667 0.500000
0.533333</float_array>
        <technique_common>
          <accessor source="#mixamorig_Head-Matrix-animation-input-array" count="17">
            <param name="TIME" type="float"/>
          </accessor>
        </technique_common>
      </source>
      <source id="mixamorig_Head-Matrix-animation-output-transform">
        <float_array id="mixamorig_Head-Matrix-animation-output-transform-array" count="272">

0.919663 0.197425 0.339476 0.000000 -0.232659 0.970317 0.065992 6.791300 -0.316371 -0.139673 0.938297 0.000000 0.000000 0.000000 0.000000 1.000000
0.925394 0.194042 0.325566 -0.000000 -0.224526 0.972714 0.058446 6.791300 -0.305342 -0.127184 0.943711 0.000000 0.000000 0.000000 0.000000 1.000000
0.931859 0.188139 0.310230 0.000000 -0.210340 0.976833 0.039412 6.791300 -0.295629 -0.101980 0.949844 -0.000000 0.000000 0.000000 0.000000 1.000000
0.938109 0.176693 0.297877 0.000000 -0.186102 0.982525 0.003284 6.791300 -0.292091 -0.058516 0.954599 0.000000 0.000000 0.000000 0.000000 1.000000
0.940823 0.150302 0.303745 0.000000 -0.146017 0.988593 -0.036908 6.791300 -0.305828 -0.009628 0.952038 -0.000000 0.000000 0.000000 0.000000 1.000000
0.935719 0.125499 0.329668 -0.000000 -0.113284 0.991978 -0.056089 6.791300 -0.334062 0.015138 0.942429 0.000000 0.000000 0.000000 0.000000 1.000000
0.929901 0.098830 0.354284 0.000000 -0.069935 0.993161 -0.093487 6.791300 -0.361100 0.062157 0.930453 -0.000000 0.000000 0.000000 0.000000 1.000000
0.926265 0.099596 0.363475 0.000000 -0.056719 0.990303 -0.126815 6.791300 -0.372581 0.096848 0.922932 0.000000 0.000000 0.000000 0.000000 1.000000
0.924865 0.095042 0.368228 0.000000 -0.036936 0.986139 -0.161758 6.791300 -0.378498 0.136003 0.915556 0.000000 0.000000 0.000000 0.000000 1.000000
0.914453 0.083165 0.396055 0.000000 -0.005966 0.981321 -0.192286 6.791300 -0.404648 0.173474 0.897868 -0.000000 0.000000 0.000000 0.000000 1.000000
0.909090 0.111465 0.401410 0.000000 -0.044469 0.984000 -0.172531 6.791300 -0.414219 0.138996 0.899501 0.000000 0.000000 0.000000 0.000000 1.000000
0.917634 0.127434 0.376441 -0.000000 -0.080137 0.987073 -0.138799 6.791300 -0.389262 0.097200 0.915984 -0.000000 0.000000 0.000000 0.000000 1.000000
0.924833 0.122519 0.360103 -0.000000 -0.087287 0.989800 -0.112589 6.791300 -0.370224 0.072693 0.926094 0.000000 0.000000 0.000000 0.000000 1.000000
0.917591 0.139479 0.372253 -0.000000 -0.106060 0.988378 -0.108900 6.791300 -0.383117 0.060445 0.921720 0.000000 0.000000 0.000000 0.000000 1.000000
0.907446 0.155729 0.390245 0.000000 -0.112602 0.984939 -0.131208 6.791300 -0.404800 0.075122 0.911314 -0.000000 0.000000 0.000000 0.000000 1.000000
0.902193 0.146503 0.405691 0.000000 -0.106429 0.987080 -0.119772 6.791300 -0.417996 0.064880 0.906129 0.000000 0.000000 0.000000 0.000000 1.000000
0.896156 0.165078 0.411890 0.000000 -0.145706 0.986229 -0.078249 6.791300 -0.419135 0.010108 0.907868 0.000000 0.000000 0.000000 0.000000 1.000000</float_array>
        <technique_common>
          <accessor source="#mixamorig_Head-Matrix-animation-output-transform-array" count="17" stride="16">
            <param type="float4x4"/>
          </accessor>
        </technique_common>
      </source>
      <source id="mixamorig_Head-Interpolations">
        <Name_array id="mixamorig_Head-Interpolations-array" count="17">
 LINEAR LINEAR LINEAR LINEAR LINEAR LINEAR LINEAR LINEAR LINEAR LINEAR LINEAR
LINEAR LINEAR LINEAR LINEAR LINEAR LINEAR</Name_array>
        <technique_common>
          <accessor source="#mixamorig_Head-Interpolations-array" count="17">
            <param type="name"/>
          </accessor>
        </technique_common>
      </source>
      <sampler id="mixamorig_Head-Matrix-animation-transform">
        <input semantic="INPUT" source="#mixamorig_Head-Matrix-animation-input"/>
        <input semantic="OUTPUT" source="#mixamorig_Head-Matrix-animation-output-transform"/>
        <input semantic="INTERPOLATION" source="#mixamorig_Head-Interpolations"/>
      </sampler>
      <channel source="#mixamorig_Head-Matrix-animation-transform" target="mixamorig_Head/matrix"/>
    </animation>
    <animation id="mixamorig_LeftShoulder-anim" name="mixamorig_LeftShoulder">
      <source id="mixamorig_LeftShoulder-Matrix-animation-input">
        <float_array id="mixamorig_LeftShoulder-Matrix-animation-input-array" count="17">

0.000000 0.033333 0.066667 0.100000 0.133333 0.166667 0.200000 0.233333 0.266667 0.300000 0.333333 0.366667 0.400000 0.433333 0.466667 0.500000
0.533333</float_array>
        <technique_common>
          <accessor source="#mixamorig_LeftShoulder-Matrix-animation-input-array" count="17">
            <param name="TIME" type="float"/>
          </accessor>
        </technique_common>
      </source>
      <source id="mixamorig_LeftShoulder-Matrix-animation-output-transform">
        <float_array id="mixamorig_LeftShoulder-Matrix-animation-output-transform-array" count="272">

0.307026 0.805975 -0.506103 11.022900 0.162313 -0.568342 -0.806624 13.234400 -0.937758 0.165508 -0.305315 -1.554100 0.000000 0.000000 0.000000 1.000000
0.268748 0.869464 -0.414495 11.022900 0.134214 -0.459932 -0.877753 13.234400 -0.953814 0.180263 -0.240300 -1.554100 0.000000 0.000000 0.000000 1.000000
0.255816 0.925089 -0.280658 11.022900 0.111323 -0.316576 -0.942012 13.234400 -0.960295 0.209738 -0.183969 -1.554100 0.000000 0.000000 0.000000 1.000000
0.262334 0.954493 -0.141859 11.022900 0.091620 -0.170980 -0.981005 13.234400 -0.960618 0.244354 -0.132304 -1.554100 0.000000 0.000000 0.000000 1.000000
0.267022 0.963392 -0.023977 11.022900 0.073688 -0.045219 -0.996256 13.234400 -0.960869 0.264255 -0.083065 -1.554100 0.000000 0.000000 0.000000 1.000000
0.265418 0.963237 0.041572 11.022900 0.057501 0.027227 -0.997974 13.234400 -0.962417 0.267271 -0.048160 -1.554100 0.000000 0.000000 0.000000 1.000000
0.263158 0.964342 0.028139 11.022900 0.029042 0.021235 -0.999353 13.234400 -0.964316 0.263805 -0.022418 -1.554100 0.000000 0.000000 0.000000 1.000000
0.252604 0.966495 -0.045604 11.022900 -0.000587 -0.046980 -0.998896 13.234400 -0.967570 0.252351 -0.011300 -1.554100 0.000000 0.000000 0.000000 1.000000
0.229906 0.961317 -0.151698 11.022900 -0.030667 -0.148640 -0.988416 13.234400 -0.972730 0.231895 -0.004692 -1.554100 0.000000 0.000000 0.000000 1.000000
0.180215 0.938483 -0.294570 11.022900 -0.071802 -0.286123 -0.955499 13.234400 -0.981003 0.193346 0.015821 -1.554100 0.000000 0.000000 0.000000 1.000000
0.202424 0.873697 -0.442354 11.022900 -0.084503 -0.434437 -0.896729 13.234400 -0.975645 0.218900 -0.014110 -1.554100 0.000000 0.000000 0.000000 1.000000
0.245976 0.791997 -0.558782 11.022900 -0.093346 -0.554458 -0.826960 13.234400 -0.964771 0.255572 -0.062454 -1.554100 0.000000 0.000000 0.000000 1.000000
0.267481 0.743966 -0.612347 11.022900 -0.094583 -0.612161 -0.785056 13.234400 -0.958910 0.267905 -0.093375 -1.554100 0.000000 0.000000 0.000000 1.000000
0.277881 0.722283 -0.633316 11.022900 -0.085776 -0.637992 -0.765251 13.234400 -0.956778 0.266972 -0.115332 -1.554100 0.000000 0.000000 0.000000 1.000000
0.274938 0.713722 -0.644213 11.022900 -0.067951 -0.653935 -0.753493 13.234400 -0.959058 0.250939 -0.131294 -1.554100 0.000000 0.000000 0.000000 1.000000
0.290884 0.702889 -0.649102 11.022900 -0.047554 -0.666979 -0.743558 13.234400 -0.955576 0.247157 -0.160588 -1.554100 0.000000 0.000000 0.000000 1.000000
0.316561 0.695611 -0.644914 11.022900 -0.018112 -0.675322 -0.737300 13.234400 -0.948399 0.245081 -0.201182 -1.554100 0.000000 0.000000 0.000000 1.000000</float_array>
        <technique_common>
          <accessor source="#mixamorig_LeftShoulder-Matrix-animation-output-transform-array" count="17" stride="16">
            <param type="float4x4"/>
          </accessor>
        </technique_common>
      </source>
      <source id="mixamorig_LeftShoulder-Interpolations">
        <Name_array id="mixamorig_LeftShoulder-Interpolations-array" count="17">
 LINEAR LINEAR LINEAR LINEAR LINEAR LINEAR LINEAR LINEAR LINEAR LINEAR LINEAR
LINEAR LINEAR LINEAR LINEAR LINEAR LINEAR</Name_array>
        <technique_common>
          <accessor source="#mixamorig_LeftShoulder-Interpolations-array" count="17">
            <param type="name"/>
          </accessor>
        </technique_common>
      </source>
      <sampler id="mixamorig_LeftShoulder-Matrix-animation-transform">
        <input semantic="INPUT" source="#mixamorig_LeftShoulder-Matrix-animation-input"/>
        <input semantic="OUTPUT" source="#mixamorig_LeftShoulder-Matrix-animation-output-transform"/>
        <input semantic="INTERPOLATION" source="#mixamorig_LeftShoulder-Interpolations"/>
      </sampler>
      <channel source="#mixamorig_LeftShoulder-Matrix-animation-transform" target="mixamorig_LeftShoulder/matrix"/>
    </animation>
    <animation id="mixamorig_LeftArm-anim" name="mixamorig_LeftArm">
      <source id="mixamorig_LeftArm-Matrix-animation-input">
        <float_array id="mixamorig_LeftArm-Matrix-animation-input-array" count="17">

0.000000 0.033333 0.066667 0.100000 0.133333 0.166667 0.200000 0.233333 0.266667 0.300000 0.333333 0.366667 0.400000 0.433333 0.466667 0.500000
0.533333</float_array>
        <technique_common>
          <accessor source="#mixamorig_LeftArm-Matrix-animation-input-array" count="17">
            <param name="TIME" type="float"/>
          </accessor>
        </technique_common>
      </source>
      <source id="mixamorig_LeftArm-Matrix-animation-output-transform">
        <float_array id="mixamorig_LeftArm-Matrix-animation-output-transform-array" count="272">

0.810307 -0.240846 -0.534224 0.000000 0.262867 0.964162 -0.035962 16.551600 0.523740 -0.111290 0.844578 0.000000 0.000000 0.000000 0.000000 1.000000
0.825221 -0.116907 -0.552578 0.000000 0.137311 0.990518 -0.004500 16.551600 0.547865 -0.072162 0.833449 0.000000 0.000000 0.000000 0.000000 1.000000
0.798232 0.088945 -0.595747 -0.000000 -0.040602 0.994733 0.094111 16.551600 0.600981 -0.050934 0.797639 0.000000 0.000000 0.000000 0.000000 1.000000
0.716666 0.326148 -0.616455 0.000000 -0.236097 0.945181 0.225591 16.551600 0.656237 -0.016130 0.754382 -0.000000 0.000000 0.000000 0.000000 1.000000
0.638535 0.479826 -0.601697 0.000000 -0.357998 0.877291 0.319684 16.551600 0.681256 0.011277 0.731958 0.000000 0.000000 0.000000 0.000000 1.000000
0.591352 0.558913 -0.581308 0.000000 -0.416507 0.828951 0.373312 16.551600 0.690525 0.021360 0.722993 -0.000000 0.000000 0.000000 0.000000 1.000000
0.581883 0.570079 -0.580018 0.000000 -0.416670 0.821451 0.389365 16.551600 0.698425 0.015111 0.715523 0.000000 0.000000 0.000000 0.000000 1.000000
0.582364 0.548677 -0.599838 0.000000 -0.376704 0.836010 0.398975 16.551600 0.720379 -0.006387 0.693551 -0.000000 0.000000 0.000000 0.000000 1.000000
0.611894 0.475875 -0.631766 0.000000 -0.306141 0.878991 0.365585 16.551600 0.729289 -0.030290 0.683535 0.000000 0.000000 0.000000 0.000000 1.000000
0.651241 0.382705 -0.655303 0.000000 -0.228462 0.922336 0.311611 16.551600 0.723665 -0.053222 0.688096 0.000000 0.000000 0.000000 0.000000 1.000000
0.574195 0.471641 -0.669220 0.000000 -0.278577 0.881176 0.381999 16.551600 0.769867 -0.032913 0.637355 -0.000000 0.000000 0.000000 0.000000 1.000000
0.530605 0.522550 -0.667383 0.000000 -0.314733 0.852533 0.417290 16.551600 0.787021 -0.011369 0.616822 0.000000 0.000000 0.000000 0.000000 1.000000
0.581132 0.474565 -0.661116 0.000000 -0.295498 0.879976 0.371919 16.551600 0.758266 -0.020775 0.651615 -0.000000 0.000000 0.000000 0.000000 1.000000
0.648822 0.399937 -0.647364 0.000000 -0.260339 0.916072 0.305017 16.551600 0.715020 -0.029367 0.698487 0.000000 0.000000 0.000000 0.000000 1.000000
0.707179 0.314351 -0.633310 -0.000000 -0.210453 0.948714 0.235905 16.551600 0.674987 -0.033545 0.737067 0.000000 0.000000 0.000000 0.000000 1.000000
0.735140 0.198288 -0.648268 -0.000000 -0.077514 0.974581 0.210198 16.551600 0.673469 -0.104275 0.731824 0.000000 0.000000 0.000000 0.000000 1.000000
0.728442 0.077571 -0.680702 0.000000 0.088430 0.974612 0.205696 16.551600 0.679377 -0.210032 0.703089 0.000000 0.000000 0.000000 0.000000 1.000000</float_array>
        <technique_common>
          <accessor source="#mixamorig_LeftArm-Matrix-animation-output-transform-array" count="17" stride="16">
            <param type="float4x4"/>
          </accessor>
        </technique_common>
      </source>
      <source id="mixamorig_LeftArm-Interpolations">
        <Name_array id="mixamorig_LeftArm-Interpolations-array" count="17">
 LINEAR LINEAR LINEAR LINEAR LINEAR LINEAR LINEAR LINEAR LINEAR LINEAR LINEAR
LINEAR LINEAR LINEAR LINEAR LINEAR LINEAR</Name_array>
        <technique_common>
          <accessor source="#mixamorig_LeftArm-Interpolations-array" count="17">
            <param type="name"/>
          </accessor>
        </technique_common>
      </source>
      <sampler id="mixamorig_LeftArm-Matrix-animation-transform">
        <input semantic="INPUT" source="#mixamorig_LeftArm-Matrix-animation-input"/>
        <input semantic="OUTPUT" source="#mixamorig_LeftArm-Matrix-animation-output-transform"/>
        <input semantic="INTERPOLATION" source="#mixamorig_LeftArm-Interpolations"/>
      </sampler>
      <channel source="#mixamorig_LeftArm-Matrix-animation-transform" target="mixamorig_LeftArm/matrix"/>
    </animation>
    <animation id="mixamorig_LeftForeArm-anim" name="mixamorig_LeftForeArm">
      <source id="mixamorig_LeftForeArm-Matrix-animation-input">
        <float_array id="mixamorig_LeftForeArm-Matrix-animation-input-array" count="17">

0.000000 0.033333 0.066667 0.100000 0.133333 0.166667 0.200000 0.233333 0.266667 0.300000 0.333333 0.366667 0.400000 0.433333 0.466667 0.500000
0.533333</float_array>
        <technique_common>
          <accessor source="#mixamorig_LeftForeArm-Matrix-animation-input-array" count="17">
            <param name="TIME" type="float"/>
          </accessor>
        </technique_common>
      </source>
      <source id="mixamorig_LeftForeArm-Matrix-animation-output-transform">
        <float_array id="mixamorig_LeftForeArm-Matrix-animation-output-transform-array" count="272">

-0.014932 -0.999801 0.013245 0.000000 0.999794 -0.015112 -0.013557 27.198299 0.013755 0.013040 0.999820 0.000000 0.000000 0.000000 0.000000 1.000000
-0.173033 -0.984809 0.014493 0.000000 0.984845 -0.173179 -0.009479 27.198299 0.011845 0.012633 0.999850 0.000000 0.000000 0.000000 0.000000 1.000000
-0.296955 -0.954779 0.014628 -0.000000 0.954842 -0.297060 -0.005580 27.198299 0.009674 0.012310 0.999877 -0.000000 0.000000 0.000000 0.000000 1.000000
-0.338334 -0.940954 0.011649 0.000000 0.941026 -0.338316 0.003597 27.198299 0.000556 0.012179 0.999926 0.000000 0.000000 0.000000 0.000000 1.000000
-0.284690 -0.958463 0.017315 -0.000000 0.958431 -0.284945 -0.014689 27.198299 0.019013 0.012414 0.999742 0.000000 0.000000 0.000000 0.000000 1.000000
-0.211351 -0.977292 0.015215 0.000000 0.977316 -0.211521 -0.010575 27.198299 0.013554 0.012635 0.999828 -0.000000 0.000000 0.000000 0.000000 1.000000
-0.196615 -0.980275 0.020101 0.000000 0.979705 -0.197234 -0.035743 27.198299 0.039002 0.012665 0.999159 0.000000 0.000000 0.000000 0.000000 1.000000
-0.260037 -0.965554 0.009281 -0.000000 0.965543 -0.259907 0.013250 27.198299 -0.010381 0.012406 0.999869 0.000000 0.000000 0.000000 0.000000 1.000000
-0.351140 -0.936227 0.013417 -0.000000 0.936307 -0.351181 -0.000732 27.198299 0.005397 0.012305 0.999910 -0.000000 0.000000 0.000000 0.000000 1.000000
-0.451837 -0.891892 0.019252 0.000000 0.891881 -0.452099 -0.012392 27.198299 0.019756 0.011572 0.999738 0.000000 0.000000 0.000000 0.000000 1.000000
-0.563010 -0.826332 0.013987 -0.000000 0.826398 -0.563084 -0.001688 27.198299 0.009271 0.010608 0.999901 0.000000 0.000000 0.000000 0.000000 1.000000
-0.603433 -0.797283 0.014444 0.000000 0.797348 -0.603516 -0.001829 27.198299 0.010175 0.010413 0.999894 0.000000 0.000000 0.000000 0.000000 1.000000
-0.554860 -0.831727 0.018973 0.000000 0.831748 -0.555080 -0.009018 27.198299 0.018032 0.010777 0.999779 -0.000000 0.000000 0.000000 0.000000 1.000000
-0.471248 -0.881874 0.014954 0.000000 0.881942 -0.471345 -0.003585 27.198299 0.010209 0.011499 0.999882 -0.000000 0.000000 0.000000 0.000000 1.000000
-0.411200 -0.911500 0.009007 0.000000 0.911535 -0.411130 0.008727 27.198299 -0.004251 0.011798 0.999921 0.000000 0.000000 0.000000 0.000000 1.000000
-0.361713 -0.932215 0.011820 0.000000 0.932288 -0.361705 0.002871 27.198299 0.001599 0.012058 0.999926 0.000000 0.000000 0.000000 0.000000 1.000000
-0.314473 -0.949211 0.010236 0.000000 0.949256 -0.314401 0.008086 27.198299 -0.004457 0.012259 0.999915 0.000000 0.000000 0.000000 0.000000 1.000000</float_array>
        <technique_common>
          <accessor source="#mixamorig_LeftForeArm-Matrix-animation-output-transform-array" count="17" stride="16">
            <param type="float4x4"/>
          </accessor>
        </technique_common>
      </source>
      <source id="mixamorig_LeftForeArm-Interpolations">
        <Name_array id="mixamorig_LeftForeArm-Interpolations-array" count="17">
 LINEAR LINEAR LINEAR LINEAR LINEAR LINEAR LINEAR LINEAR LINEAR LINEAR LINEAR
LINEAR LINEAR LINEAR LINEAR LINEAR LINEAR</Name_array>
        <technique_common>
          <accessor source="#mixamorig_LeftForeArm-Interpolations-array" count="17">
            <param type="name"/>
          </accessor>
        </technique_common>
      </source>
      <sampler id="mixamorig_LeftForeArm-Matrix-animation-transform">
        <input semantic="INPUT" source="#mixamorig_LeftForeArm-Matrix-animation-input"/>
        <input semantic="OUTPUT" source="#mixamorig_LeftForeArm-Matrix-animation-output-transform"/>
        <input semantic="INTERPOLATION" source="#mixamorig_LeftForeArm-Interpolations"/>
      </sampler>
      <channel source="#mixamorig_LeftForeArm-Matrix-animation-transform" target="mixamorig_LeftForeArm/matrix"/>
    </animation>
    <animation id="mixamorig_LeftHand-anim" name="mixamorig_LeftHand">
      <source id="mixamorig_LeftHand-Matrix-animation-input">
        <float_array id="mixamorig_LeftHand-Matrix-animation-input-array" count="17">

0.000000 0.033333 0.066667 0.100000 0.133333 0.166667 0.200000 0.233333 0.266667 0.300000 0.333333 0.366667 0.400000 0.433333 0.466667 0.500000
0.533333</float_array>
        <technique_common>
          <accessor source="#mixamorig_LeftHand-Matrix-animation-input-array" count="17">
            <param name="TIME" type="float"/>
          </accessor>
        </technique_common>
      </source>
      <source id="mixamorig_LeftHand-Matrix-animation-output-transform">
        <float_array id="mixamorig_LeftHand-Matrix-animation-output-transform-array" count="272">

0.962368 -0.221877 -0.156903 -0.000000 0.267822 0.676575 0.685943 21.535400 -0.046039 -0.702152 0.710537 -0.000000 0.000000 0.000000 0.000000 1.000000
0.982097 -0.179066 -0.058484 0.000000 0.170426 0.712356 0.680811 21.535400 -0.080249 -0.678590 0.730120 0.000000 0.000000 0.000000 0.000000 1.000000
0.992331 -0.098858 -0.074204 0.000000 0.122806 0.720176 0.682836 21.535400 -0.014063 -0.686712 0.726794 0.000000 0.000000 0.000000 0.000000 1.000000
0.988259 -0.031821 -0.149437 -0.000000 0.122844 0.747058 0.653310 21.535400 0.090849 -0.663997 0.742196 0.000000 0.000000 0.000000 0.000000 1.000000
0.976092 -0.017377 -0.216664 0.000000 0.142191 0.804974 0.576020 21.535400 0.164399 -0.593056 0.788199 0.000000 0.000000 0.000000 0.000000 1.000000
0.958182 -0.035951 -0.283894 0.000000 0.178332 0.850895 0.494141 21.535400 0.223799 -0.524104 0.821724 0.000000 0.000000 0.000000 0.000000 1.000000
0.969569 -0.095649 -0.225362 0.000000 0.183664 0.892835 0.411233 21.535400 0.161878 -0.440109 0.883232 0.000000 0.000000 0.000000 0.000000 1.000000
0.960676 -0.133041 -0.243725 0.000000 0.203994 0.933649 0.294424 21.535400 0.188384 -0.332565 0.924074 0.000000 0.000000 0.000000 0.000000 1.000000
0.961477 -0.152493 -0.228708 0.000000 0.203826 0.953748 0.220953 21.535400 0.184436 -0.259058 0.948089 0.000000 0.000000 0.000000 0.000000 1.000000
0.972439 -0.143208 -0.183995 0.000000 0.176370 0.967957 0.178756 21.535400 0.152500 -0.206281 0.966536 0.000000 0.000000 0.000000 0.000000 1.000000
0.963569 -0.153474 -0.219044 -0.000000 0.209283 0.942602 0.260195 21.535400 0.166538 -0.296558 0.940382 0.000000 0.000000 0.000000 0.000000 1.000000
0.956319 -0.221108 -0.191219 0.000000 0.280080 0.880376 0.382744 21.535400 0.083717 -0.419583 0.903848 0.000000 0.000000 0.000000 0.000000 1.000000
0.933337 -0.335272 -0.128351 0.000000 0.353284 0.794220 0.494374 21.535400 -0.063811 -0.506762 0.859721 0.000000 0.000000 0.000000 0.000000 1.000000
0.900555 -0.416034 -0.126162 0.000000 0.409336 0.713685 0.568416 21.535400 -0.146440 -0.563533 0.813011 0.000000 0.000000 0.000000 0.000000 1.000000
0.887655 -0.443016 -0.125723 -0.000000 0.421730 0.672369 0.608328 21.535400 -0.184967 -0.593007 0.783665 0.000000 0.000000 0.000000 0.000000 1.000000
0.898701 -0.424011 -0.112033 -0.000000 0.390659 0.657884 0.643875 21.535400 -0.199306 -0.622417 0.756884 0.000000 0.000000 0.000000 0.000000 1.000000
0.912821 -0.387913 -0.127596 0.000000 0.371664 0.659747 0.653146 21.535400 -0.169182 -0.643629 0.746405 0.000000 0.000000 0.000000 0.000000 1.000000</float_array>
        <technique_common>
          <accessor source="#mixamorig_LeftHand-Matrix-animation-output-transform-array" count="17" stride="16">
            <param type="float4x4"/>
          </accessor>
        </technique_common>
      </source>
      <source id="mixamorig_LeftHand-Interpolations">
        <Name_array id="mixamorig_LeftHand-Interpolations-array" count="17">
 LINEAR LINEAR LINEAR LINEAR LINEAR LINEAR LINEAR LINEAR LINEAR LINEAR LINEAR
LINEAR LINEAR LINEAR LINEAR LINEAR LINEAR</Name_array>
        <technique_common>
          <accessor source="#mixamorig_LeftHand-Interpolations-array" count="17">
            <param type="name"/>
          </accessor>
        </technique_common>
      </source>
      <sampler id="mixamorig_LeftHand-Matrix-animation-transform">
        <input semantic="INPUT" source="#mixamorig_LeftHand-Matrix-animation-input"/>
        <input semantic="OUTPUT" source="#mixamorig_LeftHand-Matrix-animation-output-transform"/>
        <input semantic="INTERPOLATION" source="#mixamorig_LeftHand-Interpolations"/>
      </sampler>
      <channel source="#mixamorig_LeftHand-Matrix-animation-transform" target="mixamorig_LeftHand/matrix"/>
    </animation>
    <animation id="mixamorig_LeftHandThumb1-anim" name="mixamorig_LeftHandThumb1">
      <source id="mixamorig_LeftHandThumb1-Matrix-animation-input">
        <float_array id="mixamorig_LeftHandThumb1-Matrix-animation-input-array" count="17">

0.000000 0.033333 0.066667 0.100000 0.133333 0.166667 0.200000 0.233333 0.266667 0.300000 0.333333 0.366667 0.400000 0.433333 0.466667 0.500000
0.533333</float_array>
        <technique_common>
          <accessor source="#mixamorig_LeftHandThumb1-Matrix-animation-input-array" count="17">
            <param name="TIME" type="float"/>
          </accessor>
        </technique_common>
      </source>
      <source id="mixamorig_LeftHandThumb1-Matrix-animation-output-transform">
        <float_array id="mixamorig_LeftHandThumb1-Matrix-animation-output-transform-array" count="272">

0.885149 -0.212028 0.414194 -1.897200 0.350554 0.889215 -0.293954 4.226700 -0.305981 0.405390 0.861414 4.940900 0.000000 0.000000 0.000000 1.000000
0.884590 -0.213028 0.414873 -1.897200 0.351100 0.889722 -0.291760 4.226700 -0.306969 0.403750 0.861833 4.940900 0.000000 0.000000 0.000000 1.000000
0.884029 -0.214030 0.415553 -1.897200 0.351642 0.890227 -0.289557 4.226700 -0.307962 0.402102 0.862249 4.940900 0.000000 0.000000 0.000000 1.000000
0.883488 -0.214996 0.416203 -1.897200 0.352161 0.890711 -0.287433 4.226700 -0.308920 0.400514 0.862646 4.940900 0.000000 0.000000 0.000000 1.000000
0.882991 -0.215883 0.416799 -1.897200 0.352632 0.891153 -0.285477 4.226700 -0.309801 0.399051 0.863007 4.940900 0.000000 0.000000 0.000000 1.000000
0.882560 -0.216652 0.417313 -1.897200 0.353039 0.891533 -0.283782 4.226700 -0.310566 0.397782 0.863318 4.940900 0.000000 0.000000 0.000000 1.000000
0.882218 -0.217260 0.417720 -1.897200 0.353358 0.891835 -0.282434 4.226700 -0.311175 0.396773 0.863563 4.940900 0.000000 0.000000 0.000000 1.000000
0.881987 -0.217671 0.417993 -1.897200 0.353573 0.892037 -0.281526 4.226700 -0.311585 0.396093 0.863727 4.940900 0.000000 0.000000 0.000000 1.000000
0.881890 -0.217844 0.418107 -1.897200 0.353663 0.892121 -0.281146 4.226700 -0.311756 0.395809 0.863796 4.940900 0.000000 0.000000 0.000000 1.000000
0.881816 -0.217976 0.418196 -1.897200 0.353732 0.892186 -0.280852 4.226700 -0.311889 0.395589 0.863849 4.940900 0.000000 0.000000 0.000000 1.000000
0.881603 -0.218354 0.418446 -1.897200 0.353929 0.892370 -0.280019 4.226700 -0.312266 0.394966 0.863998 4.940900 0.000000 0.000000 0.000000 1.000000
0.881288 -0.218913 0.418817 -1.897200 0.354218 0.892644 -0.278778 4.226700 -0.312826 0.394036 0.864220 4.940900 0.000000 0.000000 0.000000 1.000000
0.880917 -0.219572 0.419252 -1.897200 0.354557 0.892964 -0.277316 4.226700 -0.313486 0.392941 0.864479 4.940900 0.000000 0.000000 0.000000 1.000000
0.880537 -0.220248 0.419697 -1.897200 0.354903 0.893291 -0.275816 4.226700 -0.314164 0.391818 0.864742 4.940900 0.000000 0.000000 0.000000 1.000000
0.880193 -0.220857 0.420097 -1.897200 0.355213 0.893585 -0.274464 4.226700 -0.314776 0.390805 0.864979 4.940900 0.000000 0.000000 0.000000 1.000000
0.879935 -0.221316 0.420398 -1.897200 0.355445 0.893805 -0.273443 4.226700 -0.315236 0.390040 0.865156 4.940900 0.000000 0.000000 0.000000 1.000000
0.879807 -0.221542 0.420546 -1.897200 0.355559 0.893914 -0.272940 4.226700 -0.315464 0.389663 0.865243 4.940900 0.000000 0.000000 0.000000 1.000000</float_array>
        <technique_common>
          <accessor source="#mixamorig_LeftHandThumb1-Matrix-animation-output-transform-array" count="17" stride="16">
            <param type="float4x4"/>
          </accessor>
        </technique_common>
      </source>
      <source id="mixamorig_LeftHandThumb1-Interpolations">
        <Name_array id="mixamorig_LeftHandThumb1-Interpolations-array" count="17">
 LINEAR LINEAR LINEAR LINEAR LINEAR LINEAR LINEAR LINEAR LINEAR LINEAR LINEAR
LINEAR LINEAR LINEAR LINEAR LINEAR LINEAR</Name_array>
        <technique_common>
          <accessor source="#mixamorig_LeftHandThumb1-Interpolations-array" count="17">
            <param type="name"/>
          </accessor>
        </technique_common>
      </source>
      <sampler id="mixamorig_LeftHandThumb1-Matrix-animation-transform">
        <input semantic="INPUT" source="#mixamorig_LeftHandThumb1-Matrix-animation-input"/>
        <input semantic="OUTPUT" source="#mixamorig_LeftHandThumb1-Matrix-animation-output-transform"/>
        <input semantic="INTERPOLATION" source="#mixamorig_LeftHandThumb1-Interpolations"/>
      </sampler>
      <channel source="#mixamorig_LeftHandThumb1-Matrix-animation-transform" target="mixamorig_LeftHandThumb1/matrix"/>
    </animation>
    <animation id="mixamorig_LeftHandThumb2-anim" name="mixamorig_LeftHandThumb2">
      <source id="mixamorig_LeftHandThumb2-Matrix-animation-input">
        <float_array id="mixamorig_LeftHandThumb2-Matrix-animation-input-array" count="17">

0.000000 0.033333 0.066667 0.100000 0.133333 0.166667 0.200000 0.233333 0.266667 0.300000 0.333333 0.366667 0.400000 0.433333 0.466667 0.500000
0.533333</float_array>
        <technique_common>
          <accessor source="#mixamorig_LeftHandThumb2-Matrix-animation-input-array" count="17">
            <param name="TIME" type="float"/>
          </accessor>
        </technique_common>
      </source>
      <source id="mixamorig_LeftHandThumb2-Matrix-animation-output-transform">
        <float_array id="mixamorig_LeftHandThumb2-Matrix-animation-output-transform-array" count="272">

0.979006 0.170742 -0.111333 -0.788100 -0.183597 0.975921 -0.117769 4.746200 0.088544 0.135737 0.986780 0.000000 0.000000 0.000000 0.000000 1.000000
0.979006 0.170742 -0.111332 -0.788100 -0.183597 0.975921 -0.117770 4.746200 0.088543 0.135738 0.986780 -0.000000 0.000000 0.000000 0.000000 1.000000
0.979006 0.170741 -0.111332 -0.788100 -0.183596 0.975922 -0.117769 4.746200 0.088544 0.135737 0.986780 0.000000 0.000000 0.000000 0.000000 1.000000
0.979006 0.170742 -0.111332 -0.788100 -0.183597 0.975921 -0.117770 4.746200 0.088543 0.135738 0.986780 0.000000 0.000000 0.000000 0.000000 1.000000
0.979006 0.170742 -0.111332 -0.788100 -0.183597 0.975921 -0.117770 4.746200 0.088543 0.135738 0.986780 0.000000 0.000000 0.000000 0.000000 1.000000
0.979006 0.170741 -0.111332 -0.788100 -0.183596 0.975922 -0.117770 4.746200 0.088543 0.135738 0.986780 0.000000 0.000000 0.000000 0.000000 1.000000
0.979006 0.170741 -0.111333 -0.788100 -0.183596 0.975921 -0.117770 4.746200 0.088544 0.135738 0.986780 -0.000000 0.000000 0.000000 0.000000 1.000000
0.979006 0.170742 -0.111332 -0.788100 -0.183597 0.975921 -0.117770 4.746200 0.088543 0.135738 0.986780 -0.000000 0.000000 0.000000 0.000000 1.000000
0.979006 0.170742 -0.111332 -0.788100 -0.183597 0.975921 -0.117770 4.746200 0.088543 0.135738 0.986780 0.000000 0.000000 0.000000 0.000000 1.000000
0.979006 0.170741 -0.111332 -0.788100 -0.183596 0.975921 -0.117770 4.746200 0.088543 0.135738 0.986780 -0.000000 0.000000 0.000000 0.000000 1.000000
0.979006 0.170742 -0.111333 -0.788100 -0.183596 0.975921 -0.117769 4.746200 0.088544 0.135737 0.986780 0.000000 0.000000 0.000000 0.000000 1.000000
0.979006 0.170742 -0.111332 -0.788100 -0.183596 0.975921 -0.117770 4.746200 0.088543 0.135738 0.986780 0.000000 0.000000 0.000000 0.000000 1.000000
0.979006 0.170741 -0.111332 -0.788100 -0.183596 0.975922 -0.117769 4.746200 0.088543 0.135737 0.986780 -0.000000 0.000000 0.000000 0.000000 1.000000
0.979006 0.170741 -0.111332 -0.788100 -0.183596 0.975921 -0.117770 4.746200 0.088543 0.135738 0.986780 0.000000 0.000000 0.000000 0.000000 1.000000
0.979006 0.170741 -0.111333 -0.788100 -0.183595 0.975922 -0.117770 4.746200 0.088544 0.135738 0.986780 -0.000000 0.000000 0.000000 0.000000 1.000000
0.979006 0.170742 -0.111333 -0.788100 -0.183596 0.975921 -0.117770 4.746200 0.088544 0.135738 0.986780 0.000000 0.000000 0.000000 0.000000 1.000000
0.979006 0.170741 -0.111332 -0.788100 -0.183596 0.975921 -0.117770 4.746200 0.088543 0.135738 0.986780 -0.000000 0.000000 0.000000 0.000000 1.000000</float_array>
        <technique_common>
          <accessor source="#mixamorig_LeftHandThumb2-Matrix-animation-output-transform-array" count="17" stride="16">
            <param type="float4x4"/>
          </accessor>
        </technique_common>
      </source>
      <source id="mixamorig_LeftHandThumb2-Interpolations">
        <Name_array id="mixamorig_LeftHandThumb2-Interpolations-array" count="17">
 LINEAR LINEAR LINEAR LINEAR LINEAR LINEAR LINEAR LINEAR LINEAR LINEAR LINEAR
LINEAR LINEAR LINEAR LINEAR LINEAR LINEAR</Name_array>
        <technique_common>
          <accessor source="#mixamorig_LeftHandThumb2-Interpolations-array" count="17">
            <param type="name"/>
          </accessor>
        </technique_common>
      </source>
      <sampler id="mixamorig_LeftHandThumb2-Matrix-animation-transform">
        <input semantic="INPUT" source="#mixamorig_LeftHandThumb2-Matrix-animation-input"/>
        <input semantic="OUTPUT" source="#mixamorig_LeftHandThumb2-Matrix-animation-output-transform"/>
        <input semantic="INTERPOLATION" source="#mixamorig_LeftHandThumb2-Interpolations"/>
      </sampler>
      <channel source="#mixamorig_LeftHandThumb2-Matrix-animation-transform" target="mixamorig_LeftHandThumb2/matrix"/>
    </animation>
    <animation id="mixamorig_LeftHandThumb3-anim" name="mixamorig_LeftHandThumb3">
      <source id="mixamorig_LeftHandThumb3-Matrix-animation-input">
        <float_array id="mixamorig_LeftHandThumb3-Matrix-animation-input-array" count="17">

0.000000 0.033333 0.066667 0.100000 0.133333 0.166667 0.200000 0.233333 0.266667 0.300000 0.333333 0.366667 0.400000 0.433333 0.466667 0.500000
0.533333</float_array>
        <technique_common>
          <accessor source="#mixamorig_LeftHandThumb3-Matrix-animation-input-array" count="17">
            <param name="TIME" type="float"/>
          </accessor>
        </technique_common>
      </source>
      <source id="mixamorig_LeftHandThumb3-Matrix-animation-output-transform">
        <float_array id="mixamorig_LeftHandThumb3-Matrix-animation-output-transform-array" count="272">

0.997882 -0.061654 0.020719 -0.314700 0.061197 0.997882 0.022043 7.341200 -0.022034 -0.020728 0.999542 0.000000 0.000000 0.000000 0.000000 1.000000
0.999512 -0.023502 0.020594 -0.314700 0.023057 0.999502 0.021563 7.341200 -0.021091 -0.021078 0.999555 0.000000 0.000000 0.000000 0.000000 1.000000
0.999620 0.018439 0.020468 -0.314700 -0.018870 0.999600 0.021067 7.341200 -0.020071 -0.021445 0.999569 -0.000000 0.000000 0.000000 0.000000 1.000000
0.997849 0.062313 0.020349 -0.314700 -0.062731 0.997818 0.020583 7.341200 -0.019022 -0.021815 0.999581 -0.000000 0.000000 0.000000 0.000000 1.000000
0.994133 0.106251 0.020245 -0.314700 -0.106657 0.994092 0.020128 7.341200 -0.017987 -0.022169 0.999592 0.000000 0.000000 0.000000 0.000000 1.000000
0.988721 0.148403 0.020165 -0.314700 -0.148798 0.988671 0.019718 7.341200 -0.017011 -0.022496 0.999602 0.000000 0.000000 0.000000 0.000000 1.000000
0.982161 0.186963 0.020108 -0.314700 -0.187348 0.982103 0.019364 7.341200 -0.016127 -0.022786 0.999610 0.000000 0.000000 0.000000 0.000000 1.000000
0.975249 0.220197 0.020074 -0.314700 -0.220575 0.975183 0.019074 7.341200 -0.015376 -0.023029 0.999617 0.000000 0.000000 0.000000 0.000000 1.000000
0.968949 0.246448 0.020056 -0.314700 -0.246820 0.968878 0.018852 7.341200 -0.014786 -0.023217 0.999621 0.000000 0.000000 0.000000 0.000000 1.000000
0.964286 0.264103 0.020051 -0.314700 -0.264471 0.964212 0.018706 7.341200 -0.014393 -0.023341 0.999624 0.000000 0.000000 0.000000 0.000000 1.000000
0.962213 0.271558 0.020050 -0.314700 -0.271926 0.962138 0.018646 7.341200 -0.014228 -0.023393 0.999625 0.000000 0.000000 0.000000 0.000000 1.000000
0.962013 0.272267 0.020049 -0.314700 -0.272634 0.961937 0.018639 7.341200 -0.014211 -0.023398 0.999625 -0.000000 0.000000 0.000000 0.000000 1.000000
0.961851 0.272838 0.020049 -0.314700 -0.273205 0.961775 0.018635 7.341200 -0.014199 -0.023402 0.999625 0.000000 0.000000 0.000000 0.000000 1.000000
0.961733 0.273253 0.020050 -0.314700 -0.273620 0.961657 0.018632 7.341200 -0.014190 -0.023405 0.999625 0.000000 0.000000 0.000000 0.000000 1.000000
0.961806 0.272995 0.020050 -0.314700 -0.273362 0.961731 0.018634 7.341200 -0.014195 -0.023403 0.999625 0.000000 0.000000 0.000000 0.000000 1.000000
0.962217 0.271545 0.020049 -0.314700 -0.271912 0.962142 0.018646 7.341200 -0.014227 -0.023393 0.999625 0.000000 0.000000 0.000000 0.000000 1.000000
0.963103 0.268385 0.020050 -0.314700 -0.268753 0.963028 0.018671 7.341200 -0.014297 -0.023371 0.999625 -0.000000 0.000000 0.000000 0.000000 1.000000</float_array>
        <technique_common>
          <accessor source="#mixamorig_LeftHandThumb3-Matrix-animation-output-transform-array" count="17" stride="16">
            <param type="float4x4"/>
          </accessor>
        </technique_common>
      </source>
      <source id="mixamorig_LeftHandThumb3-Interpolations">
        <Name_array id="mixamorig_LeftHandThumb3-Interpolations-array" count="17">
 LINEAR LINEAR LINEAR LINEAR LINEAR LINEAR LINEAR LINEAR LINEAR LINEAR LINEAR
LINEAR LINEAR LINEAR LINEAR LINEAR LINEAR</Name_array>
        <technique_common>
          <accessor source="#mixamorig_LeftHandThumb3-Interpolations-array" count="17">
            <param type="name"/>
          </accessor>
        </technique_common>
      </source>
      <sampler id="mixamorig_LeftHandThumb3-Matrix-animation-transform">
        <input semantic="INPUT" source="#mixamorig_LeftHandThumb3-Matrix-animation-input"/>
        <input semantic="OUTPUT" source="#mixamorig_LeftHandThumb3-Matrix-animation-output-transform"/>
        <input semantic="INTERPOLATION" source="#mixamorig_LeftHandThumb3-Interpolations"/>
      </sampler>
      <channel source="#mixamorig_LeftHandThumb3-Matrix-animation-transform" target="mixamorig_LeftHandThumb3/matrix"/>
    </animation>
    <animation id="mixamorig_LeftHandIndex1-anim" name="mixamorig_LeftHandIndex1">
      <source id="mixamorig_LeftHandIndex1-Matrix-animation-input">
        <float_array id="mixamorig_LeftHandIndex1-Matrix-animation-input-array" count="17">

0.000000 0.033333 0.066667 0.100000 0.133333 0.166667 0.200000 0.233333 0.266667 0.300000 0.333333 0.366667 0.400000 0.433333 0.466667 0.500000
0.533333</float_array>
        <technique_common>
          <accessor source="#mixamorig_LeftHandIndex1-Matrix-animation-input-array" count="17">
            <param name="TIME" type="float"/>
          </accessor>
        </technique_common>
      </source>
      <source id="mixamorig_LeftHandIndex1-Matrix-animation-output-transform">
        <float_array id="mixamorig_LeftHandIndex1-Matrix-animation-output-transform-array" count="272">

0.961888 0.017438 0.272888 -2.959300 -0.121224 0.921731 0.368397 12.531300 -0.245105 -0.387437 0.888716 1.173500 0.000000 0.000000 0.000000 1.000000
0.961886 0.028263 0.271986 -2.959300 -0.122843 0.933291 0.337457 12.531300 -0.244305 -0.358007 0.901192 1.173500 0.000000 0.000000 0.000000 1.000000
0.961833 0.040848 0.270571 -2.959300 -0.124761 0.945503 0.300764 12.531300 -0.243540 -0.323041 0.914512 1.173500 0.000000 0.000000 0.000000 1.000000
0.961714 0.054551 0.268570 -2.959300 -0.126882 0.957261 0.259910 12.531300 -0.242913 -0.284035 0.927533 1.173500 0.000000 0.000000 0.000000 1.000000
0.961524 0.068743 0.265982 -2.959300 -0.129100 0.967687 0.216598 12.531300 -0.242498 -0.242602 0.939329 1.173500 0.000000 0.000000 0.000000 1.000000
0.961267 0.082813 0.262882 -2.959300 -0.131311 0.976194 0.172637 12.531300 -0.242327 -0.200470 0.949257 1.173500 0.000000 0.000000 0.000000 1.000000
0.960962 0.096179 0.259426 -2.959300 -0.133406 0.982510 0.129909 12.531300 -0.242395 -0.159446 0.956986 1.173500 0.000000 0.000000 0.000000 1.000000
0.960632 0.108294 0.255847 -2.959300 -0.135290 0.986679 0.090337 12.531300 -0.242656 -0.121394 0.962487 1.173500 0.000000 0.000000 0.000000 1.000000
0.960311 0.118655 0.252437 -2.959300 -0.136882 0.989012 0.055847 12.531300 -0.243036 -0.088184 0.966000 1.173500 0.000000 0.000000 0.000000 1.000000
0.960033 0.126787 0.249524 -2.959300 -0.138112 0.990011 0.028341 12.531300 -0.243439 -0.061671 0.967954 1.173500 0.000000 0.000000 0.000000 1.000000
0.959834 0.132237 0.247453 -2.959300 -0.138926 0.990255 0.009689 12.531300 -0.243760 -0.043677 0.968851 1.173500 0.000000 0.000000 0.000000 1.000000
0.959746 0.134547 0.246545 -2.959300 -0.139268 0.990253 0.001729 12.531300 -0.243910 -0.035995 0.969130 1.173500 0.000000 0.000000 0.000000 1.000000
0.959703 0.136097 0.245860 -2.959300 -0.139517 0.990213 -0.003542 12.531300 -0.243936 -0.030902 0.969299 1.173500 0.000000 0.000000 0.000000 1.000000
0.959583 0.140485 0.243852 -2.959300 -0.140227 0.989946 -0.018508 12.531300 -0.244001 -0.016435 0.969636 1.173500 0.000000 0.000000 0.000000 1.000000
0.959393 0.146982 0.240753 -2.959300 -0.141282 0.989126 -0.040866 12.531300 -0.244141 0.005192 0.969726 1.173500 0.000000 0.000000 0.000000 1.000000
0.959152 0.154544 0.236945 -2.959300 -0.142513 0.987509 -0.067198 12.531300 -0.244370 0.030685 0.969196 1.173500 0.000000 0.000000 0.000000 1.000000
0.958890 0.162172 0.232874 -2.959300 -0.143759 0.985130 -0.094088 12.531300 -0.244669 0.056742 0.967945 1.173500 0.000000 0.000000 0.000000 1.000000</float_array>
        <technique_common>
          <accessor source="#mixamorig_LeftHandIndex1-Matrix-animation-output-transform-array" count="17" stride="16">
            <param type="float4x4"/>
          </accessor>
        </technique_common>
      </source>
      <source id="mixamorig_LeftHandIndex1-Interpolations">
        <Name_array id="mixamorig_LeftHandIndex1-Interpolations-array" count="17">
 LINEAR LINEAR LINEAR LINEAR LINEAR LINEAR LINEAR LINEAR LINEAR LINEAR LINEAR
LINEAR LINEAR LINEAR LINEAR LINEAR LINEAR</Name_array>
        <technique_common>
          <accessor source="#mixamorig_LeftHandIndex1-Interpolations-array" count="17">
            <param type="name"/>
          </accessor>
        </technique_common>
      </source>
      <sampler id="mixamorig_LeftHandIndex1-Matrix-animation-transform">
        <input semantic="INPUT" source="#mixamorig_LeftHandIndex1-Matrix-animation-input"/>
        <input semantic="OUTPUT" source="#mixamorig_LeftHandIndex1-Matrix-animation-output-transform"/>
        <input semantic="INTERPOLATION" source="#mixamorig_LeftHandIndex1-Interpolations"/>
      </sampler>
      <channel source="#mixamorig_LeftHandIndex1-Matrix-animation-transform" target="mixamorig_LeftHandIndex1/matrix"/>
    </animation>
    <animation id="mixamorig_LeftHandIndex2-anim" name="mixamorig_LeftHandIndex2">
      <source id="mixamorig_LeftHandIndex2-Matrix-animation-input">
        <float_array id="mixamorig_LeftHandIndex2-Matrix-animation-input-array" count="17">

0.000000 0.033333 0.066667 0.100000 0.133333 0.166667 0.200000 0.233333 0.266667 0.300000 0.333333 0.366667 0.400000 0.433333 0.466667 0.500000
0.533333</float_array>
        <technique_common>
          <accessor source="#mixamorig_LeftHandIndex2-Matrix-animation-input-array" count="17">
            <param name="TIME" type="float"/>
          </accessor>
        </technique_common>
      </source>
      <source id="mixamorig_LeftHandIndex2-Matrix-animation-output-transform">
        <float_array id="mixamorig_LeftHandIndex2-Matrix-animation-output-transform-array" count="272">

0.999817 0.018040 -0.006392 -0.006300 -0.019121 0.956113 -0.292372 8.298100 0.000837 0.292441 0.956283 0.000000 0.000000 0.000000 0.000000 1.000000
0.999774 0.019997 -0.007168 -0.006300 -0.021243 0.942983 -0.332162 8.298100 0.000117 0.332239 0.943195 -0.000000 0.000000 0.000000 0.000000 1.000000
0.999713 0.022470 -0.008298 -0.006300 -0.023935 0.923571 -0.382679 8.298100 -0.000935 0.382768 0.923844 0.000000 0.000000 0.000000 0.000000 1.000000
0.999632 0.025276 -0.009800 -0.006300 -0.027008 0.897397 -0.440397 8.298100 -0.002337 0.440500 0.897750 0.000000 0.000000 0.000000 0.000000 1.000000
0.999533 0.028239 -0.011666 -0.006300 -0.030279 0.864463 -0.501783 8.298100 -0.004085 0.501902 0.864915 0.000000 0.000000 0.000000 0.000000 1.000000
0.999418 0.031188 -0.013852 -0.006300 -0.033569 0.825453 -0.563472 8.298100 -0.006139 0.563609 0.826019 0.000000 0.000000 0.000000 0.000000 1.000000
0.999290 0.033975 -0.016274 -0.006300 -0.036718 0.781817 -0.622426 8.298100 -0.008424 0.622582 0.782509 0.000000 0.000000 0.000000 0.000000 1.000000
0.999157 0.036481 -0.018812 -0.006300 -0.039593 0.735743 -0.676103 8.298100 -0.010824 0.676278 0.736567 0.000000 0.000000 0.000000 0.000000 1.000000
0.999027 0.038619 -0.021314 -0.006300 -0.042090 0.690038 -0.722549 8.298100 -0.013196 0.722742 0.690991 0.000000 0.000000 0.000000 0.000000 1.000000
0.998907 0.040335 -0.023607 -0.006300 -0.044134 0.647942 -0.760410 8.298100 -0.015375 0.760621 0.649014 0.000000 0.000000 0.000000 0.000000 1.000000
0.998809 0.041605 -0.025506 -0.006300 -0.045675 0.612919 -0.788824 8.298100 -0.017186 0.789050 0.614089 0.000000 0.000000 0.000000 0.000000 1.000000
0.998740 0.042415 -0.026831 -0.006300 -0.046675 0.588435 -0.807196 8.298100 -0.018450 0.807431 0.589673 0.000000 0.000000 0.000000 0.000000 1.000000
0.998710 0.042750 -0.027408 -0.006300 -0.047093 0.577749 -0.814855 8.298100 -0.019001 0.815094 0.579017 0.000000 0.000000 0.000000 0.000000 1.000000
0.998687 0.043000 -0.027827 -0.006300 -0.047394 0.569803 -0.820414 8.298100 -0.019422 0.820656 0.571093 0.000000 0.000000 0.000000 0.000000 1.000000
0.998622 0.043697 -0.029053 -0.006300 -0.048237 0.546500 -0.836069 8.298100 -0.020656 0.836318 0.547855 0.000000 0.000000 0.000000 0.000000 1.000000
0.998522 0.044679 -0.030932 -0.006300 -0.049440 0.510686 -0.858345 8.298100 -0.022553 0.858606 0.512140 0.000000 0.000000 0.000000 0.000000 1.000000
0.998401 0.045733 -0.033214 -0.006300 -0.050761 0.467069 -0.882763 8.298100 -0.024858 0.883038 0.468644 0.000000 0.000000 0.000000 0.000000 1.000000</float_array>
        <technique_common>
          <accessor source="#mixamorig_LeftHandIndex2-Matrix-animation-output-transform-array" count="17" stride="16">
            <param type="float4x4"/>
          </accessor>
        </technique_common>
      </source>
      <source id="mixamorig_LeftHandIndex2-Interpolations">
        <Name_array id="mixamorig_LeftHandIndex2-Interpolations-array" count="17">
 LINEAR LINEAR LINEAR LINEAR LINEAR LINEAR LINEAR LINEAR LINEAR LINEAR LINEAR
LINEAR LINEAR LINEAR LINEAR LINEAR LINEAR</Name_array>
        <technique_common>
          <accessor source="#mixamorig_LeftHandIndex2-Interpolations-array" count="17">
            <param type="name"/>
          </accessor>
        </technique_common>
      </source>
      <sampler id="mixamorig_LeftHandIndex2-Matrix-animation-transform">
        <input semantic="INPUT" source="#mixamorig_LeftHandIndex2-Matrix-animation-input"/>
        <input semantic="OUTPUT" source="#mixamorig_LeftHandIndex2-Matrix-animation-output-transform"/>
        <input semantic="INTERPOLATION" source="#mixamorig_LeftHandIndex2-Interpolations"/>
      </sampler>
      <channel source="#mixamorig_LeftHandIndex2-Matrix-animation-transform" target="mixamorig_LeftHandIndex2/matrix"/>
    </animation>
    <animation id="mixamorig_LeftHandIndex3-anim" name="mixamorig_LeftHandIndex3">
      <source id="mixamorig_LeftHandIndex3-Matrix-animation-input">
        <float_array id="mixamorig_LeftHandIndex3-Matrix-animation-input-array" count="17">

0.000000 0.033333 0.066667 0.100000 0.133333 0.166667 0.200000 0.233333 0.266667 0.300000 0.333333 0.366667 0.400000 0.433333 0.466667 0.500000
0.533333</float_array>
        <technique_common>
          <accessor source="#mixamorig_LeftHandIndex3-Matrix-animation-input-array" count="17">
            <param name="TIME" type="float"/>
          </accessor>
        </technique_common>
      </source>
      <source id="mixamorig_LeftHandIndex3-Matrix-animation-output-transform">
        <float_array id="mixamorig_LeftHandIndex3-Matrix-animation-output-transform-array" count="272">

0.999803 0.018879 -0.006087 0.002000 -0.019827 0.960342 -0.278118 4.720200 0.000595 0.278184 0.960528 0.000000 0.000000 0.000000 0.000000 1.000000
0.999801 0.018982 -0.006127 0.002000 -0.019938 0.959731 -0.280214 4.720200 0.000562 0.280280 0.959918 -0.000000 0.000000 0.000000 0.000000 1.000000
0.999798 0.019142 -0.006192 0.002000 -0.020113 0.958759 -0.283506 4.720200 0.000510 0.283574 0.958950 -0.000000 0.000000 0.000000 0.000000 1.000000
0.999793 0.019352 -0.006277 0.002000 -0.020340 0.957487 -0.287758 4.720200 0.000441 0.287826 0.957683 -0.000000 0.000000 0.000000 0.000000 1.000000
0.999788 0.019595 -0.006377 0.002000 -0.020604 0.955973 -0.292732 4.720200 0.000360 0.292801 0.956173 -0.000000 0.000000 0.000000 0.000000 1.000000
0.999782 0.019862 -0.006488 0.002000 -0.020893 0.954277 -0.298192 4.720200 0.000269 0.298263 0.954484 -0.000000 0.000000 0.000000 0.000000 1.000000
0.999775 0.020143 -0.006607 0.002000 -0.021198 0.952467 -0.303904 4.720200 0.000172 0.303975 0.952680 0.000000 0.000000 0.000000 0.000000 1.000000
0.999769 0.020423 -0.006728 0.002000 -0.021503 0.950612 -0.309635 4.720200 0.000072 0.309708 0.950832 0.000000 0.000000 0.000000 0.000000 1.000000
0.999762 0.020693 -0.006847 0.002000 -0.021796 0.948791 -0.315152 4.720200 -0.000025 0.315226 0.949017 0.000000 0.000000 0.000000 0.000000 1.000000
0.999757 0.020941 -0.006958 0.002000 -0.022066 0.947085 -0.320225 4.720200 -0.000116 0.320300 0.947316 0.000000 0.000000 0.000000 0.000000 1.000000
0.999751 0.021156 -0.007055 0.002000 -0.022300 0.945579 -0.324628 4.720200 -0.000196 0.324704 0.945816 -0.000000 0.000000 0.000000 0.000000 1.000000
0.999747 0.021328 -0.007134 0.002000 -0.022488 0.944364 -0.328131 4.720200 -0.000261 0.328209 0.944605 0.000000 0.000000 0.000000 0.000000 1.000000
0.999744 0.021444 -0.007187 0.002000 -0.022614 0.943531 -0.330511 4.720200 -0.000306 0.330589 0.943775 -0.000000 0.000000 0.000000 0.000000 1.000000
0.999743 0.021494 -0.007210 0.002000 -0.022669 0.943169 -0.331538 4.720200 -0.000325 0.331617 0.943414 0.000000 0.000000 0.000000 0.000000 1.000000
0.999733 0.021880 -0.007389 0.002000 -0.023089 0.940343 -0.339443 4.720200 -0.000478 0.339523 0.940597 -0.000000 0.000000 0.000000 0.000000 1.000000
0.999701 0.023111 -0.007988 0.002000 -0.024432 0.930795 -0.364725 4.720200 -0.000994 0.364811 0.931081 0.000000 0.000000 0.000000 0.000000 1.000000
0.999648 0.024964 -0.008973 0.002000 -0.026463 0.914852 -0.402921 4.720200 -0.001849 0.403017 0.915191 -0.000000 0.000000 0.000000 0.000000 1.000000</float_array>
        <technique_common>
          <accessor source="#mixamorig_LeftHandIndex3-Matrix-animation-output-transform-array" count="17" stride="16">
            <param type="float4x4"/>
          </accessor>
        </technique_common>
      </source>
      <source id="mixamorig_LeftHandIndex3-Interpolations">
        <Name_array id="mixamorig_LeftHandIndex3-Interpolations-array" count="17">
 LINEAR LINEAR LINEAR LINEAR LINEAR LINEAR LINEAR LINEAR LINEAR LINEAR LINEAR
LINEAR LINEAR LINEAR LINEAR LINEAR LINEAR</Name_array>
        <technique_common>
          <accessor source="#mixamorig_LeftHandIndex3-Interpolations-array" count="17">
            <param type="name"/>
          </accessor>
        </technique_common>
      </source>
      <sampler id="mixamorig_LeftHandIndex3-Matrix-animation-transform">
        <input semantic="INPUT" source="#mixamorig_LeftHandIndex3-Matrix-animation-input"/>
        <input semantic="OUTPUT" source="#mixamorig_LeftHandIndex3-Matrix-animation-output-transform"/>
        <input semantic="INTERPOLATION" source="#mixamorig_LeftHandIndex3-Interpolations"/>
      </sampler>
      <channel source="#mixamorig_LeftHandIndex3-Matrix-animation-transform" target="mixamorig_LeftHandIndex3/matrix"/>
    </animation>
    <animation id="mixamorig_LeftHandMiddle1-anim" name="mixamorig_LeftHandMiddle1">
      <source id="mixamorig_LeftHandMiddle1-Matrix-animation-input">
        <float_array id="mixamorig_LeftHandMiddle1-Matrix-animation-input-array" count="17">

0.000000 0.033333 0.066667 0.100000 0.133333 0.166667 0.200000 0.233333 0.266667 0.300000 0.333333 0.366667 0.400000 0.433333 0.466667 0.500000
0.533333</float_array>
        <technique_common>
          <accessor source="#mixamorig_LeftHandMiddle1-Matrix-animation-input-array" count="17">
            <param name="TIME" type="float"/>
          </accessor>
        </technique_common>
      </source>
      <source id="mixamorig_LeftHandMiddle1-Matrix-animation-output-transform">
        <float_array id="mixamorig_LeftHandMiddle1-Matrix-animation-output-transform-array" count="272">

0.976475 0.122173 0.177682 2.392400 -0.145359 0.981589 0.123908 14.502300 -0.159272 -0.146821 0.976256 -0.033500 0.000000 0.000000 0.000000 1.000000
0.976109 0.135255 0.170052 2.392400 -0.148847 0.986391 0.069838 14.502300 -0.158292 -0.093481 0.982957 -0.033500 0.000000 0.000000 0.000000 1.000000
0.975650 0.149116 0.160848 2.392400 -0.152726 0.988215 0.010252 14.502300 -0.157424 -0.034568 0.986926 -0.033500 0.000000 0.000000 0.000000 1.000000
0.975107 0.163002 0.150323 2.392400 -0.156828 0.986249 -0.052127 14.502300 -0.156752 0.027255 0.987262 -0.033500 0.000000 0.000000 0.000000 1.000000
0.974500 0.176246 0.138879 2.392400 -0.160973 0.980293 -0.114515 14.502300 -0.156325 0.089239 0.983666 -0.033500 0.000000 0.000000 0.000000 1.000000
0.973858 0.188294 0.127066 2.392400 -0.164979 0.970798 -0.174162 14.502300 -0.156149 0.148646 0.976484 -0.033500 0.000000 0.000000 0.000000 1.000000
0.973220 0.198725 0.115551 2.392400 -0.168664 0.958835 -0.228449 14.502300 -0.156193 0.202841 0.966674 -0.033500 0.000000 0.000000 0.000000 1.000000
0.972630 0.207237 0.105087 2.392400 -0.171850 0.945975 -0.274951 14.502300 -0.156390 0.249367 0.955698 -0.033500 0.000000 0.000000 0.000000 1.000000
0.972139 0.213633 0.096473 2.392400 -0.174373 0.934128 -0.311446 14.502300 -0.156653 0.285947 0.945354 -0.033500 0.000000 0.000000 0.000000 1.000000
0.971795 0.217767 0.090505 2.392400 -0.176071 0.925311 -0.335856 14.502300 -0.156884 0.310448 0.937555 -0.033500 0.000000 0.000000 0.000000 1.000000
0.971647 0.219471 0.087944 2.392400 -0.176788 0.921379 -0.346131 14.502300 -0.156995 0.320770 0.934055 -0.033500 0.000000 0.000000 0.000000 1.000000
0.971571 0.220325 0.086639 2.392400 -0.177151 0.919339 -0.351331 14.502300 -0.157057 0.325995 0.932234 -0.033500 0.000000 0.000000 0.000000 1.000000
0.971361 0.222613 0.083067 2.392400 -0.178136 0.913639 -0.365419 14.502300 -0.157241 0.340157 0.927129 -0.033500 0.000000 0.000000 0.000000 1.000000
0.971046 0.225893 0.077723 2.392400 -0.179584 0.904816 -0.386079 14.502300 -0.157538 0.360943 0.919185 -0.033500 0.000000 0.000000 0.000000 1.000000
0.970673 0.229553 0.071413 2.392400 -0.181259 0.893961 -0.409852 14.502300 -0.157924 0.384888 0.909352 -0.033500 0.000000 0.000000 0.000000 1.000000
0.970290 0.233054 0.064991 2.392400 -0.182925 0.882445 -0.433392 14.502300 -0.158355 0.408627 0.898859 -0.033500 0.000000 0.000000 0.000000 1.000000
0.969952 0.235943 0.059362 2.392400 -0.184355 0.871976 -0.453509 14.502300 -0.158764 0.428938 0.889273 -0.033500 0.000000 0.000000 0.000000 1.000000</float_array>
        <technique_common>
          <accessor source="#mixamorig_LeftHandMiddle1-Matrix-animation-output-transform-array" count="17" stride="16">
            <param type="float4x4"/>
          </accessor>
        </technique_common>
      </source>
      <source id="mixamorig_LeftHandMiddle1-Interpolations">
        <Name_array id="mixamorig_LeftHandMiddle1-Interpolations-array" count="17">
 LINEAR LINEAR LINEAR LINEAR LINEAR LINEAR LINEAR LINEAR LINEAR LINEAR LINEAR
LINEAR LINEAR LINEAR LINEAR LINEAR LINEAR</Name_array>
        <technique_common>
          <accessor source="#mixamorig_LeftHandMiddle1-Interpolations-array" count="17">
            <param type="name"/>
          </accessor>
        </technique_common>
      </source>
      <sampler id="mixamorig_LeftHandMiddle1-Matrix-animation-transform">
        <input semantic="INPUT" source="#mixamorig_LeftHandMiddle1-Matrix-animation-input"/>
        <input semantic="OUTPUT" source="#mixamorig_LeftHandMiddle1-Matrix-animation-output-transform"/>
        <input semantic="INTERPOLATION" source="#mixamorig_LeftHandMiddle1-Interpolations"/>
      </sampler>
      <channel source="#mixamorig_LeftHandMiddle1-Matrix-animation-transform" target="mixamorig_LeftHandMiddle1/matrix"/>
    </animation>
    <animation id="mixamorig_LeftHandMiddle2-anim" name="mixamorig_LeftHandMiddle2">
      <source id="mixamorig_LeftHandMiddle2-Matrix-animation-input">
        <float_array id="mixamorig_LeftHandMiddle2-Matrix-animation-input-array" count="17">

0.000000 0.033333 0.066667 0.100000 0.133333 0.166667 0.200000 0.233333 0.266667 0.300000 0.333333 0.366667 0.400000 0.433333 0.466667 0.500000
0.533333</float_array>
        <technique_common>
          <accessor source="#mixamorig_LeftHandMiddle2-Matrix-animation-input-array" count="17">
            <param name="TIME" type="float"/>
          </accessor>
        </technique_common>
      </source>
      <source id="mixamorig_LeftHandMiddle2-Matrix-animation-output-transform">
        <float_array id="mixamorig_LeftHandMiddle2-Matrix-animation-output-transform-array" count="272">

0.999572 0.029104 -0.002870 0.002700 -0.028546 0.949585 -0.312208 8.151000 -0.006361 0.312157 0.950009 0.000000 0.000000 0.000000 0.000000 1.000000
0.999470 0.032242 -0.004560 0.002700 -0.031696 0.931187 -0.363162 8.151000 -0.007463 0.363114 0.931715 0.000000 0.000000 0.000000 0.000000 1.000000
0.999336 0.035794 -0.006740 0.002700 -0.035299 0.906177 -0.421424 8.151000 -0.008977 0.421382 0.906839 0.000000 0.000000 0.000000 0.000000 1.000000
0.999174 0.039534 -0.009375 0.002700 -0.039137 0.874486 -0.483469 8.151000 -0.010915 0.483437 0.875311 0.000000 0.000000 0.000000 0.000000 1.000000
0.998987 0.043251 -0.012393 0.002700 -0.042999 0.836736 -0.545916 8.151000 -0.013242 0.545896 0.837748 0.000000 0.000000 0.000000 0.000000 1.000000
0.998783 0.046761 -0.015676 0.002700 -0.046694 0.794314 -0.605711 8.151000 -0.015872 0.605706 0.795531 0.000000 0.000000 0.000000 0.000000 1.000000
0.998572 0.049913 -0.019059 0.002700 -0.050058 0.749362 -0.660265 8.151000 -0.018673 0.660276 0.750791 0.000000 0.000000 0.000000 0.000000 1.000000
0.998365 0.052603 -0.022355 0.002700 -0.052971 0.704649 -0.707576 8.151000 -0.021469 0.707603 0.706284 0.000000 0.000000 0.000000 0.000000 1.000000
0.998178 0.054764 -0.025342 0.002700 -0.055342 0.663390 -0.746224 8.151000 -0.024055 0.746267 0.665212 0.000000 0.000000 0.000000 0.000000 1.000000
0.998023 0.056364 -0.027798 0.002700 -0.057119 0.629029 -0.775280 8.151000 -0.026213 0.775336 0.631005 0.000000 0.000000 0.000000 0.000000 1.000000
0.997916 0.057386 -0.029498 0.002700 -0.058265 0.605019 -0.794076 8.151000 -0.027722 0.794140 0.607102 0.000000 0.000000 0.000000 0.000000 1.000000
0.997870 0.057807 -0.030232 0.002700 -0.058739 0.594602 -0.801872 8.151000 -0.028377 0.801940 0.596731 -0.000000 0.000000 0.000000 0.000000 1.000000
0.997835 0.058110 -0.030796 0.002700 -0.059093 0.586703 -0.807643 8.151000 -0.028864 0.807715 0.588866 0.000000 0.000000 0.000000 0.000000 1.000000
0.997734 0.058952 -0.032440 0.002700 -0.060088 0.563626 -0.823842 8.151000 -0.030283 0.823924 0.565891 0.000000 0.000000 0.000000 0.000000 1.000000
0.997579 0.060129 -0.034945 0.002700 -0.061504 0.528212 -0.846882 8.151000 -0.032464 0.846981 0.530631 0.000000 0.000000 0.000000 0.000000 1.000000
0.997392 0.061387 -0.037965 0.002700 -0.063055 0.485077 -0.872195 8.151000 -0.035126 0.872314 0.487682 0.000000 0.000000 0.000000 0.000000 1.000000
0.997195 0.062528 -0.041135 0.002700 -0.064512 0.439405 -0.895970 8.151000 -0.037948 0.896110 0.442206 0.000000 0.000000 0.000000 0.000000 1.000000</float_array>
        <technique_common>
          <accessor source="#mixamorig_LeftHandMiddle2-Matrix-animation-output-transform-array" count="17" stride="16">
            <param type="float4x4"/>
          </accessor>
        </technique_common>
      </source>
      <source id="mixamorig_LeftHandMiddle2-Interpolations">
        <Name_array id="mixamorig_LeftHandMiddle2-Interpolations-array" count="17">
 LINEAR LINEAR LINEAR LINEAR LINEAR LINEAR LINEAR LINEAR LINEAR LINEAR LINEAR
LINEAR LINEAR LINEAR LINEAR LINEAR LINEAR</Name_array>
        <technique_common>
          <accessor source="#mixamorig_LeftHandMiddle2-Interpolations-array" count="17">
            <param type="name"/>
          </accessor>
        </technique_common>
      </source>
      <sampler id="mixamorig_LeftHandMiddle2-Matrix-animation-transform">
        <input semantic="INPUT" source="#mixamorig_LeftHandMiddle2-Matrix-animation-input"/>
        <input semantic="OUTPUT" source="#mixamorig_LeftHandMiddle2-Matrix-animation-output-transform"/>
        <input semantic="INTERPOLATION" source="#mixamorig_LeftHandMiddle2-Interpolations"/>
      </sampler>
      <channel source="#mixamorig_LeftHandMiddle2-Matrix-animation-transform" target="mixamorig_LeftHandMiddle2/matrix"/>
    </animation>
    <animation id="mixamorig_LeftHandMiddle3-anim" name="mixamorig_LeftHandMiddle3">
      <source id="mixamorig_LeftHandMiddle3-Matrix-animation-input">
        <float_array id="mixamorig_LeftHandMiddle3-Matrix-animation-input-array" count="17">

0.000000 0.033333 0.066667 0.100000 0.133333 0.166667 0.200000 0.233333 0.266667 0.300000 0.333333 0.366667 0.400000 0.433333 0.466667 0.500000
0.533333</float_array>
        <technique_common>
          <accessor source="#mixamorig_LeftHandMiddle3-Matrix-animation-input-array" count="17">
            <param name="TIME" type="float"/>
          </accessor>
        </technique_common>
      </source>
      <source id="mixamorig_LeftHandMiddle3-Matrix-animation-output-transform">
        <float_array id="mixamorig_LeftHandMiddle3-Matrix-animation-output-transform-array" count="272">

0.999493 0.031778 -0.001784 -0.001100 -0.028812 0.879542 -0.474949 4.559900 -0.013524 0.474760 0.880012 0.000000 0.000000 0.000000 0.000000 1.000000
0.999487 0.031982 -0.001895 -0.001100 -0.028998 0.877897 -0.477971 4.559900 -0.013623 0.477780 0.878374 0.000000 0.000000 0.000000 0.000000 1.000000
0.999478 0.032247 -0.002040 -0.001100 -0.029239 0.875757 -0.481865 4.559900 -0.013752 0.481673 0.876243 0.000000 0.000000 0.000000 0.000000 1.000000
0.999467 0.032555 -0.002211 -0.001100 -0.029519 0.873230 -0.486413 4.559900 -0.013904 0.486220 0.873726 0.000000 0.000000 0.000000 0.000000 1.000000
0.999456 0.032893 -0.002401 -0.001100 -0.029827 0.870424 -0.491398 4.559900 -0.014074 0.491203 0.870932 -0.000000 0.000000 0.000000 0.000000 1.000000
0.999444 0.033247 -0.002601 -0.001100 -0.030149 0.867454 -0.496603 4.559900 -0.014254 0.496405 0.867974 0.000000 0.000000 0.000000 0.000000 1.000000
0.999431 0.033601 -0.002806 -0.001100 -0.030471 0.864438 -0.501815 4.559900 -0.014436 0.501615 0.864971 0.000000 0.000000 0.000000 0.000000 1.000000
0.999419 0.033941 -0.003003 -0.001100 -0.030780 0.861500 -0.506823 4.559900 -0.014615 0.506621 0.862045 0.000000 0.000000 0.000000 0.000000 1.000000
0.999408 0.034254 -0.003189 -0.001100 -0.031065 0.858769 -0.511421 4.559900 -0.014780 0.511217 0.859324 -0.000000 0.000000 0.000000 0.000000 1.000000
0.999398 0.034524 -0.003349 -0.001100 -0.031311 0.856375 -0.515405 4.559900 -0.014926 0.515199 0.856940 0.000000 0.000000 0.000000 0.000000 1.000000
0.999390 0.034740 -0.003479 -0.001100 -0.031507 0.854456 -0.518568 4.559900 -0.015042 0.518362 0.855029 0.000000 0.000000 0.000000 0.000000 1.000000
0.999385 0.034886 -0.003567 -0.001100 -0.031639 0.853146 -0.520712 4.559900 -0.015122 0.520504 0.853725 0.000000 0.000000 0.000000 0.000000 1.000000
0.999383 0.034948 -0.003604 -0.001100 -0.031696 0.852582 -0.521631 4.559900 -0.015157 0.521423 0.853164 0.000000 0.000000 0.000000 0.000000 1.000000
0.999364 0.035436 -0.003910 -0.001100 -0.032142 0.848098 -0.528863 4.559900 -0.015425 0.528652 0.848698 -0.000000 0.000000 0.000000 0.000000 1.000000
0.999304 0.036979 -0.004912 -0.001100 -0.033551 0.833383 -0.551676 4.559900 -0.016307 0.551457 0.834044 0.000000 0.000000 0.000000 0.000000 1.000000
0.999207 0.039287 -0.006514 -0.001100 -0.035655 0.809719 -0.585734 4.559900 -0.017737 0.585501 0.810477 0.000000 0.000000 0.000000 0.000000 1.000000
0.999081 0.042005 -0.008575 -0.001100 -0.038128 0.779128 -0.625704 4.559900 -0.019601 0.625456 0.780013 0.000000 0.000000 0.000000 0.000000 1.000000</float_array>
        <technique_common>
          <accessor source="#mixamorig_LeftHandMiddle3-Matrix-animation-output-transform-array" count="17" stride="16">
            <param type="float4x4"/>
          </accessor>
        </technique_common>
      </source>
      <source id="mixamorig_LeftHandMiddle3-Interpolations">
        <Name_array id="mixamorig_LeftHandMiddle3-Interpolations-array" count="17">
 LINEAR LINEAR LINEAR LINEAR LINEAR LINEAR LINEAR LINEAR LINEAR LINEAR LINEAR
LINEAR LINEAR LINEAR LINEAR LINEAR LINEAR</Name_array>
        <technique_common>
          <accessor source="#mixamorig_LeftHandMiddle3-Interpolations-array" count="17">
            <param type="name"/>
          </accessor>
        </technique_common>
      </source>
      <sampler id="mixamorig_LeftHandMiddle3-Matrix-animation-transform">
        <input semantic="INPUT" source="#mixamorig_LeftHandMiddle3-Matrix-animation-input"/>
        <input semantic="OUTPUT" source="#mixamorig_LeftHandMiddle3-Matrix-animation-output-transform"/>
        <input semantic="INTERPOLATION" source="#mixamorig_LeftHandMiddle3-Interpolations"/>
      </sampler>
      <channel source="#mixamorig_LeftHandMiddle3-Matrix-animation-transform" target="mixamorig_LeftHandMiddle3/matrix"/>
    </animation>
    <animation id="mixamorig_LeftHandRing1-anim" name="mixamorig_LeftHandRing1">
      <source id="mixamorig_LeftHandRing1-Matrix-animation-input">
        <float_array id="mixamorig_LeftHandRing1-Matrix-animation-input-array" count="17">

0.000000 0.033333 0.066667 0.100000 0.133333 0.166667 0.200000 0.233333 0.266667 0.300000 0.333333 0.366667 0.400000 0.433333 0.466667 0.500000
0.533333</float_array>
        <technique_common>
          <accessor source="#mixamorig_LeftHandRing1-Matrix-animation-input-array" count="17">
            <param name="TIME" type="float"/>
          </accessor>
        </technique_common>
      </source>
      <source id="mixamorig_LeftHandRing1-Matrix-animation-output-transform">
        <float_array id="mixamorig_LeftHandRing1-Matrix-animation-output-transform-array" count="272">

0.967148 0.241846 0.078331 7.071600 -0.221288 0.952581 -0.208857 14.022100 -0.125128 0.184662 0.974804 -0.727900 0.000000 0.000000 0.000000 1.000000
0.966282 0.250192 0.060857 7.071600 -0.224704 0.934772 -0.275152 14.022100 -0.125729 0.252199 0.959473 -0.727900 0.000000 0.000000 0.000000 1.000000
0.965308 0.257768 0.041668 7.071600 -0.228500 0.911141 -0.342943 14.022100 -0.126365 0.321524 0.938432 -0.727900 0.000000 0.000000 0.000000 1.000000
0.964250 0.264115 0.021568 7.071600 -0.232550 0.882411 -0.408988 14.022100 -0.127051 0.389351 0.912285 -0.727900 0.000000 0.000000 0.000000 1.000000
0.963144 0.268981 0.001500 7.071600 -0.236689 0.850138 -0.470366 14.022100 -0.127795 0.452675 0.882470 -0.727900 0.000000 0.000000 0.000000 1.000000
0.962043 0.272337 -0.017493 7.071600 -0.240706 0.816608 -0.524607 14.022100 -0.128585 0.508905 0.851165 -0.727900 0.000000 0.000000 0.000000 1.000000
0.961017 0.274351 -0.034324 7.071600 -0.244354 0.784661 -0.569736 14.022100 -0.129375 0.555913 0.821111 -0.727900 0.000000 0.000000 0.000000 1.000000
0.960151 0.275345 -0.047897 7.071600 -0.247358 0.757454 -0.604216 14.022100 -0.130088 0.591987 0.795380 -0.727900 0.000000 0.000000 0.000000 1.000000
0.959541 0.275709 -0.057149 7.071600 -0.249440 0.738201 -0.626769 14.022100 -0.130618 0.615666 0.777107 -0.727900 0.000000 0.000000 0.000000 1.000000
0.959277 0.275787 -0.061062 7.071600 -0.250328 0.729888 -0.636081 14.022100 -0.130854 0.625464 0.769202 -0.727900 0.000000 0.000000 0.000000 1.000000
0.959173 0.275769 -0.062757 7.071600 -0.250641 0.726053 -0.640333 14.022100 -0.131019 0.629919 0.765530 -0.727900 0.000000 0.000000 0.000000 1.000000
0.958902 0.275657 -0.067231 7.071600 -0.251433 0.715729 -0.651547 14.022100 -0.131484 0.641674 0.755624 -0.727900 0.000000 0.000000 0.000000 1.000000
0.958502 0.275367 -0.073806 7.071600 -0.252591 0.700261 -0.667706 14.022100 -0.132181 0.658641 0.740757 -0.727900 0.000000 0.000000 0.000000 1.000000
0.958037 0.274843 -0.081399 7.071600 -0.253917 0.681954 -0.685905 14.022100 -0.133006 0.677791 0.723124 -0.727900 0.000000 0.000000 0.000000 1.000000
0.957578 0.274117 -0.088907 7.071600 -0.255203 0.663347 -0.703450 14.022100 -0.133852 0.696298 0.705162 -0.727900 0.000000 0.000000 0.000000 1.000000
0.957198 0.273325 -0.095211 7.071600 -0.256230 0.647242 -0.717930 14.022100 -0.134604 0.711598 0.689573 -0.727900 0.000000 0.000000 0.000000 1.000000
0.956975 0.272691 -0.099185 7.071600 -0.256776 0.636634 -0.727162 14.022100 -0.135146 0.721344 0.679263 -0.727900 0.000000 0.000000 0.000000 1.000000</float_array>
        <technique_common>
          <accessor source="#mixamorig_LeftHandRing1-Matrix-animation-output-transform-array" count="17" stride="16">
            <param type="float4x4"/>
          </accessor>
        </technique_common>
      </source>
      <source id="mixamorig_LeftHandRing1-Interpolations">
        <Name_array id="mixamorig_LeftHandRing1-Interpolations-array" count="17">
 LINEAR LINEAR LINEAR LINEAR LINEAR LINEAR LINEAR LINEAR LINEAR LINEAR LINEAR
LINEAR LINEAR LINEAR LINEAR LINEAR LINEAR</Name_array>
        <technique_common>
          <accessor source="#mixamorig_LeftHandRing1-Interpolations-array" count="17">
            <param type="name"/>
          </accessor>
        </technique_common>
      </source>
      <sampler id="mixamorig_LeftHandRing1-Matrix-animation-transform">
        <input semantic="INPUT" source="#mixamorig_LeftHandRing1-Matrix-animation-input"/>
        <input semantic="OUTPUT" source="#mixamorig_LeftHandRing1-Matrix-animation-output-transform"/>
        <input semantic="INTERPOLATION" source="#mixamorig_LeftHandRing1-Interpolations"/>
      </sampler>
      <channel source="#mixamorig_LeftHandRing1-Matrix-animation-transform" target="mixamorig_LeftHandRing1/matrix"/>
    </animation>
    <animation id="mixamorig_LeftHandRing2-anim" name="mixamorig_LeftHandRing2">
      <source id="mixamorig_LeftHandRing2-Matrix-animation-input">
        <float_array id="mixamorig_LeftHandRing2-Matrix-animation-input-array" count="17">

0.000000 0.033333 0.066667 0.100000 0.133333 0.166667 0.200000 0.233333 0.266667 0.300000 0.333333 0.366667 0.400000 0.433333 0.466667 0.500000
0.533333</float_array>
        <technique_common>
          <accessor source="#mixamorig_LeftHandRing2-Matrix-animation-input-array" count="17">
            <param name="TIME" type="float"/>
          </accessor>
        </technique_common>
      </source>
      <source id="mixamorig_LeftHandRing2-Matrix-animation-output-transform">
        <float_array id="mixamorig_LeftHandRing2-Matrix-animation-output-transform-array" count="272">

0.999702 0.023886 -0.005126 0.005000 -0.024098 0.929644 -0.367671 6.963300 -0.004017 0.367685 0.929942 0.000000 0.000000 0.000000 0.000000 1.000000
0.999611 0.027050 -0.006725 0.005000 -0.027337 0.904357 -0.425901 6.963300 -0.005439 0.425920 0.904745 0.000000 0.000000 0.000000 0.000000 1.000000
0.999500 0.030401 -0.008709 0.005000 -0.030786 0.872376 -0.487865 6.963300 -0.007234 0.487889 0.872876 0.000000 0.000000 0.000000 0.000000 1.000000
0.999369 0.033753 -0.011032 0.005000 -0.034253 0.834339 -0.550186 6.963300 -0.009366 0.550217 0.834969 0.000000 0.000000 0.000000 0.000000 1.000000
0.999225 0.036940 -0.013607 0.005000 -0.037571 0.791656 -0.609811 6.963300 -0.011754 0.609850 0.792430 0.000000 0.000000 0.000000 0.000000 1.000000
0.999074 0.039826 -0.016303 0.005000 -0.040595 0.746480 -0.664169 6.963300 -0.014281 0.664216 0.747405 -0.000000 0.000000 0.000000 0.000000 1.000000
0.998925 0.042308 -0.018962 0.005000 -0.043217 0.701593 -0.711266 6.963300 -0.016788 0.711321 0.702667 -0.000000 0.000000 0.000000 0.000000 1.000000
0.998788 0.044319 -0.021397 0.005000 -0.045357 0.660217 -0.749704 6.963300 -0.019099 0.749766 0.661427 0.000000 0.000000 0.000000 0.000000 1.000000
0.998675 0.045819 -0.023413 0.005000 -0.046964 0.625801 -0.778567 6.963300 -0.021021 0.778635 0.627124 0.000000 0.000000 0.000000 0.000000 1.000000
0.998597 0.046780 -0.024814 0.005000 -0.048002 0.601802 -0.797201 6.963300 -0.022360 0.797274 0.603203 0.000000 0.000000 0.000000 0.000000 1.000000
0.998563 0.047175 -0.025416 0.005000 -0.048429 0.591460 -0.804878 6.963300 -0.022937 0.804953 0.592895 0.000000 0.000000 0.000000 0.000000 1.000000
0.998537 0.047472 -0.025880 0.005000 -0.048750 0.583467 -0.810673 6.963300 -0.023384 0.810748 0.584927 0.000000 0.000000 0.000000 0.000000 1.000000
0.998462 0.048298 -0.027228 0.005000 -0.049647 0.560220 -0.826855 6.963300 -0.024682 0.826935 0.561756 0.000000 0.000000 0.000000 0.000000 1.000000
0.998347 0.049461 -0.029284 0.005000 -0.050919 0.524641 -0.849800 6.963300 -0.026668 0.849886 0.526292 0.000000 0.000000 0.000000 0.000000 1.000000
0.998207 0.050721 -0.031776 0.005000 -0.052312 0.481365 -0.874958 6.963300 -0.029083 0.875052 0.483155 0.000000 0.000000 0.000000 0.000000 1.000000
0.998060 0.051886 -0.034403 0.005000 -0.053618 0.435600 -0.898542 6.963300 -0.031635 0.898644 0.437537 -0.000000 0.000000 0.000000 0.000000 1.000000
0.997925 0.052822 -0.036830 0.005000 -0.054685 0.393161 -0.917842 6.963300 -0.034002 0.917951 0.395233 -0.000000 0.000000 0.000000 0.000000 1.000000</float_array>
        <technique_common>
          <accessor source="#mixamorig_LeftHandRing2-Matrix-animation-output-transform-array" count="17" stride="16">
            <param type="float4x4"/>
          </accessor>
        </technique_common>
      </source>
      <source id="mixamorig_LeftHandRing2-Interpolations">
        <Name_array id="mixamorig_LeftHandRing2-Interpolations-array" count="17">
 LINEAR LINEAR LINEAR LINEAR LINEAR LINEAR LINEAR LINEAR LINEAR LINEAR LINEAR
LINEAR LINEAR LINEAR LINEAR LINEAR LINEAR</Name_array>
        <technique_common>
          <accessor source="#mixamorig_LeftHandRing2-Interpolations-array" count="17">
            <param type="name"/>
          </accessor>
        </technique_common>
      </source>
      <sampler id="mixamorig_LeftHandRing2-Matrix-animation-transform">
        <input semantic="INPUT" source="#mixamorig_LeftHandRing2-Matrix-animation-input"/>
        <input semantic="OUTPUT" source="#mixamorig_LeftHandRing2-Matrix-animation-output-transform"/>
        <input semantic="INTERPOLATION" source="#mixamorig_LeftHandRing2-Interpolations"/>
      </sampler>
      <channel source="#mixamorig_LeftHandRing2-Matrix-animation-transform" target="mixamorig_LeftHandRing2/matrix"/>
    </animation>
    <animation id="mixamorig_LeftHandRing3-anim" name="mixamorig_LeftHandRing3">
      <source id="mixamorig_LeftHandRing3-Matrix-animation-input">
        <float_array id="mixamorig_LeftHandRing3-Matrix-animation-input-array" count="17">

0.000000 0.033333 0.066667 0.100000 0.133333 0.166667 0.200000 0.233333 0.266667 0.300000 0.333333 0.366667 0.400000 0.433333 0.466667 0.500000
0.533333</float_array>
        <technique_common>
          <accessor source="#mixamorig_LeftHandRing3-Matrix-animation-input-array" count="17">
            <param name="TIME" type="float"/>
          </accessor>
        </technique_common>
      </source>
      <source id="mixamorig_LeftHandRing3-Matrix-animation-output-transform">
        <float_array id="mixamorig_LeftHandRing3-Matrix-animation-output-transform-array" count="272">

0.999318 0.036539 -0.005270 -0.001000 -0.035087 0.895666 -0.443341 3.798600 -0.011479 0.443223 0.896338 0.000000 0.000000 0.000000 0.000000 1.000000
0.999309 0.036764 -0.005434 -0.001000 -0.035311 0.893676 -0.447322 3.798600 -0.011589 0.447204 0.894357 -0.000000 0.000000 0.000000 0.000000 1.000000
0.999298 0.037027 -0.005627 -0.001000 -0.035571 0.891324 -0.451970 3.798600 -0.011720 0.451853 0.892016 -0.000000 0.000000 0.000000 0.000000 1.000000
0.999286 0.037315 -0.005840 -0.001000 -0.035857 0.888712 -0.457062 3.798600 -0.011865 0.456945 0.889416 0.000000 0.000000 0.000000 0.000000 1.000000
0.999274 0.037614 -0.006064 -0.001000 -0.036154 0.885945 -0.462380 3.798600 -0.012019 0.462263 0.886661 -0.000000 0.000000 0.000000 0.000000 1.000000
0.999261 0.037914 -0.006292 -0.001000 -0.036453 0.883133 -0.467705 3.798600 -0.012175 0.467589 0.883862 -0.000000 0.000000 0.000000 0.000000 1.000000
0.999249 0.038202 -0.006512 -0.001000 -0.036740 0.880391 -0.472823 3.798600 -0.012330 0.472707 0.881133 0.000000 0.000000 0.000000 0.000000 1.000000
0.999237 0.038466 -0.006717 -0.001000 -0.037002 0.877841 -0.477520 3.798600 -0.012472 0.477405 0.878595 0.000000 0.000000 0.000000 0.000000 1.000000
0.999227 0.038694 -0.006895 -0.001000 -0.037230 0.875606 -0.481589 3.798600 -0.012597 0.481474 0.876370 0.000000 0.000000 0.000000 0.000000 1.000000
0.999219 0.038875 -0.007038 -0.001000 -0.037411 0.873814 -0.484818 3.798600 -0.012698 0.484703 0.874587 -0.000000 0.000000 0.000000 0.000000 1.000000
0.999214 0.038998 -0.007136 -0.001000 -0.037534 0.872593 -0.487003 3.798600 -0.012765 0.486888 0.873371 0.000000 0.000000 0.000000 0.000000 1.000000
0.999211 0.039051 -0.007177 -0.001000 -0.037586 0.872071 -0.487934 3.798600 -0.012795 0.487819 0.872851 0.000000 0.000000 0.000000 0.000000 1.000000
0.999193 0.039468 -0.007519 -0.001000 -0.038007 0.867812 -0.495437 3.798600 -0.013029 0.495322 0.868611 0.000000 0.000000 0.000000 0.000000 1.000000
0.999131 0.040769 -0.008621 -0.001000 -0.039321 0.853923 -0.518911 3.798600 -0.013794 0.518799 0.854785 0.000000 0.000000 0.000000 0.000000 1.000000
0.999034 0.042698 -0.010361 -0.001000 -0.041284 0.831539 -0.553930 3.798600 -0.015036 0.553823 0.832499 0.000000 0.000000 0.000000 0.000000 1.000000
0.998911 0.044944 -0.012563 -0.001000 -0.043590 0.802477 -0.595089 3.798600 -0.016664 0.594988 0.803562 0.000000 0.000000 0.000000 0.000000 1.000000
0.998772 0.047222 -0.015019 -0.001000 -0.045953 0.769232 -0.637315 3.798600 -0.018542 0.637222 0.770457 0.000000 0.000000 0.000000 0.000000 1.000000</float_array>
        <technique_common>
          <accessor source="#mixamorig_LeftHandRing3-Matrix-animation-output-transform-array" count="17" stride="16">
            <param type="float4x4"/>
          </accessor>
        </technique_common>
      </source>
      <source id="mixamorig_LeftHandRing3-Interpolations">
        <Name_array id="mixamorig_LeftHandRing3-Interpolations-array" count="17">
 LINEAR LINEAR LINEAR LINEAR LINEAR LINEAR LINEAR LINEAR LINEAR LINEAR LINEAR
LINEAR LINEAR LINEAR LINEAR LINEAR LINEAR</Name_array>
        <technique_common>
          <accessor source="#mixamorig_LeftHandRing3-Interpolations-array" count="17">
            <param type="name"/>
          </accessor>
        </technique_common>
      </source>
      <sampler id="mixamorig_LeftHandRing3-Matrix-animation-transform">
        <input semantic="INPUT" source="#mixamorig_LeftHandRing3-Matrix-animation-input"/>
        <input semantic="OUTPUT" source="#mixamorig_LeftHandRing3-Matrix-animation-output-transform"/>
        <input semantic="INTERPOLATION" source="#mixamorig_LeftHandRing3-Interpolations"/>
      </sampler>
      <channel source="#mixamorig_LeftHandRing3-Matrix-animation-transform" target="mixamorig_LeftHandRing3/matrix"/>
    </animation>
    <animation id="mixamorig_LeftHandPinky1-anim" name="mixamorig_LeftHandPinky1">
      <source id="mixamorig_LeftHandPinky1-Matrix-animation-input">
        <float_array id="mixamorig_LeftHandPinky1-Matrix-animation-input-array" count="17">

0.000000 0.033333 0.066667 0.100000 0.133333 0.166667 0.200000 0.233333 0.266667 0.300000 0.333333 0.366667 0.400000 0.433333 0.466667 0.500000
0.533333</float_array>
        <technique_common>
          <accessor source="#mixamorig_LeftHandPinky1-Matrix-animation-input-array" count="17">
            <param name="TIME" type="float"/>
          </accessor>
        </technique_common>
      </source>
      <source id="mixamorig_LeftHandPinky1-Matrix-animation-output-transform">
        <float_array id="mixamorig_LeftHandPinky1-Matrix-animation-output-transform-array" count="272">

0.952588 0.272839 -0.134667 10.979800 -0.297629 0.927499 -0.226191 13.885000 0.063190 0.255548 0.964729 0.589700 0.000000 0.000000 0.000000 1.000000
0.951810 0.264095 -0.155922 10.979800 -0.300417 0.905154 -0.300743 13.885000 0.061708 0.333092 0.940873 0.589700 0.000000 0.000000 0.000000 1.000000
0.950720 0.253770 -0.178133 10.979800 -0.303889 0.876647 -0.373016 13.885000 0.061499 0.408767 0.910564 0.589700 0.000000 0.000000 0.000000 1.000000
0.949319 0.242288 -0.200224 10.979800 -0.308061 0.843653 -0.439714 13.885000 0.062382 0.479110 0.875535 0.589700 0.000000 0.000000 0.000000 1.000000
0.947674 0.230348 -0.221030 10.979800 -0.312757 0.808732 -0.498132 13.885000 0.064011 0.541195 0.838457 0.589700 0.000000 0.000000 0.000000 1.000000
0.945933 0.218899 -0.239362 10.979800 -0.317586 0.775087 -0.546241 13.885000 0.065955 0.592725 0.802700 0.589700 0.000000 0.000000 0.000000 1.000000
0.944321 0.209074 -0.254059 10.979800 -0.321967 0.746263 -0.582606 13.885000 0.067787 0.631966 0.772026 0.589700 0.000000 0.000000 0.000000 1.000000
0.943112 0.202078 -0.264016 10.979800 -0.325207 0.725825 -0.606150 13.885000 0.069140 0.657527 0.750252 0.589700 0.000000 0.000000 0.000000 1.000000
0.942576 0.199064 -0.268187 10.979800 -0.326632 0.717048 -0.615755 13.885000 0.069729 0.667994 0.740892 0.589700 0.000000 0.000000 0.000000 1.000000
0.942455 0.197775 -0.269562 10.979800 -0.327001 0.713212 -0.619999 13.885000 0.069634 0.672468 0.736843 0.589700 0.000000 0.000000 0.000000 1.000000
0.942186 0.194361 -0.272964 10.979800 -0.327858 0.703027 -0.631080 13.885000 0.069244 0.684088 0.726105 0.589700 0.000000 0.000000 0.000000 1.000000
0.941791 0.189263 -0.277865 10.979800 -0.329106 0.687863 -0.646941 13.885000 0.068691 0.700731 0.710111 0.589700 0.000000 0.000000 0.000000 1.000000
0.941342 0.183247 -0.283364 10.979800 -0.330517 0.670044 -0.664679 13.885000 0.068066 0.719348 0.691308 0.589700 0.000000 0.000000 0.000000 1.000000
0.940928 0.177169 -0.288559 10.979800 -0.331830 0.652117 -0.681639 13.885000 0.067409 0.737126 0.672385 0.589700 0.000000 0.000000 0.000000 1.000000
0.940658 0.171991 -0.292544 10.979800 -0.332738 0.636871 -0.695472 13.885000 0.066698 0.751541 0.656306 0.589700 0.000000 0.000000 0.000000 1.000000
0.940659 0.168757 -0.294417 10.979800 -0.332900 0.627266 -0.704070 13.885000 0.065861 0.760301 0.646223 0.589700 0.000000 0.000000 0.000000 1.000000
0.941057 0.168520 -0.293281 10.979800 -0.331983 0.626283 -0.705377 13.885000 0.064807 0.761164 0.645313 0.589700 0.000000 0.000000 0.000000 1.000000</float_array>
        <technique_common>
          <accessor source="#mixamorig_LeftHandPinky1-Matrix-animation-output-transform-array" count="17" stride="16">
            <param type="float4x4"/>
          </accessor>
        </technique_common>
      </source>
      <source id="mixamorig_LeftHandPinky1-Interpolations">
        <Name_array id="mixamorig_LeftHandPinky1-Interpolations-array" count="17">
 LINEAR LINEAR LINEAR LINEAR LINEAR LINEAR LINEAR LINEAR LINEAR LINEAR LINEAR
LINEAR LINEAR LINEAR LINEAR LINEAR LINEAR</Name_array>
        <technique_common>
          <accessor source="#mixamorig_LeftHandPinky1-Interpolations-array" count="17">
            <param type="name"/>
          </accessor>
        </technique_common>
      </source>
      <sampler id="mixamorig_LeftHandPinky1-Matrix-animation-transform">
        <input semantic="INPUT" source="#mixamorig_LeftHandPinky1-Matrix-animation-input"/>
        <input semantic="OUTPUT" source="#mixamorig_LeftHandPinky1-Matrix-animation-output-transform"/>
        <input semantic="INTERPOLATION" source="#mixamorig_LeftHandPinky1-Interpolations"/>
      </sampler>
      <channel source="#mixamorig_LeftHandPinky1-Matrix-animation-transform" target="mixamorig_LeftHandPinky1/matrix"/>
    </animation>
    <animation id="mixamorig_LeftHandPinky2-anim" name="mixamorig_LeftHandPinky2">
      <source id="mixamorig_LeftHandPinky2-Matrix-animation-input">
        <float_array id="mixamorig_LeftHandPinky2-Matrix-animation-input-array" count="17">

0.000000 0.033333 0.066667 0.100000 0.133333 0.166667 0.200000 0.233333 0.266667 0.300000 0.333333 0.366667 0.400000 0.433333 0.466667 0.500000
0.533333</float_array>
        <technique_common>
          <accessor source="#mixamorig_LeftHandPinky2-Matrix-animation-input-array" count="17">
            <param name="TIME" type="float"/>
          </accessor>
        </technique_common>
      </source>
      <source id="mixamorig_LeftHandPinky2-Matrix-animation-output-transform">
        <float_array id="mixamorig_LeftHandPinky2-Matrix-animation-output-transform-array" count="272">

0.999185 0.038294 -0.012782 0.000300 -0.037098 0.746066 -0.664837 3.975700 -0.015923 0.664770 0.746879 0.000000 0.000000 0.000000 0.000000 1.000000
0.999036 0.041045 -0.015559 0.000300 -0.039807 0.697762 -0.715223 3.975700 -0.018500 0.715153 0.698723 0.000000 0.000000 0.000000 0.000000 1.000000
0.998870 0.043716 -0.018658 0.000300 -0.042441 0.643561 -0.764218 3.975700 -0.021401 0.764146 0.644689 0.000000 0.000000 0.000000 0.000000 1.000000
0.998692 0.046171 -0.021946 0.000300 -0.044861 0.585687 -0.809295 3.975700 -0.024513 0.809222 0.586992 0.000000 0.000000 0.000000 0.000000 1.000000
0.998513 0.048310 -0.025267 0.000300 -0.046968 0.526938 -0.848605 3.975700 -0.027682 0.848530 0.528423 -0.000000 0.000000 0.000000 0.000000 1.000000
0.998340 0.050073 -0.028442 0.000300 -0.048701 0.470551 -0.881028 3.975700 -0.030733 0.880951 0.472209 -0.000000 0.000000 0.000000 0.000000 1.000000
0.998186 0.051437 -0.031276 0.000300 -0.050035 0.420014 -0.906137 3.975700 -0.033473 0.906059 0.421826 0.000000 0.000000 0.000000 0.000000 1.000000
0.998061 0.052409 -0.033577 0.000300 -0.050982 0.378896 -0.924034 3.975700 -0.035705 0.923954 0.380834 0.000000 0.000000 0.000000 0.000000 1.000000
0.997975 0.053007 -0.035153 0.000300 -0.051564 0.350693 -0.935070 3.975700 -0.037238 0.934989 0.352716 0.000000 0.000000 0.000000 0.000000 1.000000
0.997939 0.053245 -0.035820 0.000300 -0.051793 0.338722 -0.939460 3.975700 -0.037889 0.939379 0.340782 0.000000 0.000000 0.000000 0.000000 1.000000
0.997910 0.053419 -0.036349 0.000300 -0.051970 0.329330 -0.942783 3.975700 -0.038392 0.942702 0.331418 0.000000 0.000000 0.000000 0.000000 1.000000
0.997829 0.053885 -0.037872 0.000300 -0.052449 0.302322 -0.951762 3.975700 -0.039836 0.951682 0.304492 0.000000 0.000000 0.000000 0.000000 1.000000
0.997706 0.054500 -0.040163 0.000300 -0.053085 0.261607 -0.963713 3.975700 -0.042015 0.963634 0.263900 0.000000 0.000000 0.000000 0.000000 1.000000
0.997559 0.055105 -0.042897 0.000300 -0.053714 0.212927 -0.975591 3.975700 -0.044626 0.975513 0.215367 0.000000 0.000000 0.000000 0.000000 1.000000
0.997406 0.055586 -0.045734 0.000300 -0.054224 0.162350 -0.985242 3.975700 -0.047341 0.985166 0.164943 -0.000000 0.000000 0.000000 0.000000 1.000000
0.997267 0.055898 -0.048318 0.000300 -0.054563 0.116224 -0.991723 3.975700 -0.049819 0.991649 0.118956 -0.000000 0.000000 0.000000 0.000000 1.000000
0.997160 0.056052 -0.050291 0.000300 -0.054747 0.081027 -0.995207 3.975700 -0.051708 0.995135 0.083865 0.000000 0.000000 0.000000 0.000000 1.000000</float_array>
        <technique_common>
          <accessor source="#mixamorig_LeftHandPinky2-Matrix-animation-output-transform-array" count="17" stride="16">
            <param type="float4x4"/>
          </accessor>
        </technique_common>
      </source>
      <source id="mixamorig_LeftHandPinky2-Interpolations">
        <Name_array id="mixamorig_LeftHandPinky2-Interpolations-array" count="17">
 LINEAR LINEAR LINEAR LINEAR LINEAR LINEAR LINEAR LINEAR LINEAR LINEAR LINEAR
LINEAR LINEAR LINEAR LINEAR LINEAR LINEAR</Name_array>
        <technique_common>
          <accessor source="#mixamorig_LeftHandPinky2-Interpolations-array" count="17">
            <param type="name"/>
          </accessor>
        </technique_common>
      </source>
      <sampler id="mixamorig_LeftHandPinky2-Matrix-animation-transform">
        <input semantic="INPUT" source="#mixamorig_LeftHandPinky2-Matrix-animation-input"/>
        <input semantic="OUTPUT" source="#mixamorig_LeftHandPinky2-Matrix-animation-output-transform"/>
        <input semantic="INTERPOLATION" source="#mixamorig_LeftHandPinky2-Interpolations"/>
      </sampler>
      <channel source="#mixamorig_LeftHandPinky2-Matrix-animation-transform" target="mixamorig_LeftHandPinky2/matrix"/>
    </animation>
    <animation id="mixamorig_LeftHandPinky3-anim" name="mixamorig_LeftHandPinky3">
      <source id="mixamorig_LeftHandPinky3-Matrix-animation-input">
        <float_array id="mixamorig_LeftHandPinky3-Matrix-animation-input-array" count="17">

0.000000 0.033333 0.066667 0.100000 0.133333 0.166667 0.200000 0.233333 0.266667 0.300000 0.333333 0.366667 0.400000 0.433333 0.466667 0.500000
0.533333</float_array>
        <technique_common>
          <accessor source="#mixamorig_LeftHandPinky3-Matrix-animation-input-array" count="17">
            <param name="TIME" type="float"/>
          </accessor>
        </technique_common>
      </source>
      <source id="mixamorig_LeftHandPinky3-Matrix-animation-output-transform">
        <float_array id="mixamorig_LeftHandPinky3-Matrix-animation-output-transform-array" count="272">

0.999549 0.029574 -0.005273 -0.000400 -0.028112 0.858962 -0.511267 2.799700 -0.010590 0.511185 0.859406 -0.000000 0.000000 0.000000 0.000000 1.000000
0.999540 0.029825 -0.005429 -0.000400 -0.028352 0.856277 -0.515738 2.799700 -0.010733 0.515655 0.856729 0.000000 0.000000 0.000000 0.000000 1.000000
0.999531 0.030101 -0.005602 -0.000400 -0.028615 0.853301 -0.520633 2.799700 -0.010891 0.520549 0.853762 0.000000 0.000000 0.000000 0.000000 1.000000
0.999521 0.030388 -0.005785 -0.000400 -0.028889 0.850155 -0.525739 2.799700 -0.011058 0.525655 0.850626 0.000000 0.000000 0.000000 0.000000 1.000000
0.999512 0.030675 -0.005969 -0.000400 -0.029164 0.846965 -0.530848 2.799700 -0.011228 0.530762 0.847446 -0.000000 0.000000 0.000000 0.000000 1.000000
0.999502 0.030951 -0.006149 -0.000400 -0.029427 0.843862 -0.535753 2.799700 -0.011394 0.535667 0.844352 0.000000 0.000000 0.000000 0.000000 1.000000
0.999493 0.031205 -0.006315 -0.000400 -0.029669 0.840980 -0.540252 2.799700 -0.011547 0.540165 0.841480 0.000000 0.000000 0.000000 0.000000 1.000000
0.999485 0.031424 -0.006461 -0.000400 -0.029878 0.838459 -0.544144 2.799700 -0.011682 0.544057 0.838967 0.000000 0.000000 0.000000 0.000000 1.000000
0.999479 0.031598 -0.006577 -0.000400 -0.030045 0.836442 -0.547231 2.799700 -0.011790 0.547143 0.836956 0.000000 0.000000 0.000000 0.000000 1.000000
0.999475 0.031715 -0.006656 -0.000400 -0.030156 0.835072 -0.549314 2.799700 -0.011863 0.549226 0.835589 0.000000 0.000000 0.000000 0.000000 1.000000
0.999473 0.031764 -0.006690 -0.000400 -0.030204 0.834489 -0.550197 2.799700 -0.011894 0.550109 0.835008 -0.000000 0.000000 0.000000 0.000000 1.000000
0.999458 0.032172 -0.006972 -0.000400 -0.030594 0.829633 -0.557470 2.799700 -0.012151 0.557381 0.830168 0.000000 0.000000 0.000000 0.000000 1.000000
0.999410 0.033434 -0.007879 -0.000400 -0.031804 0.814007 -0.579984 2.799700 -0.012978 0.579892 0.814590 0.000000 0.000000 0.000000 0.000000 1.000000
0.999333 0.035307 -0.009319 -0.000400 -0.033598 0.789085 -0.613364 2.799700 -0.014302 0.613268 0.789745 0.000000 0.000000 0.000000 0.000000 1.000000
0.999234 0.037496 -0.011159 -0.000400 -0.035694 0.757077 -0.652350 2.799700 -0.016012 0.652249 0.757835 0.000000 0.000000 0.000000 0.000000 1.000000
0.999123 0.039727 -0.013232 -0.000400 -0.037828 0.720843 -0.692066 2.799700 -0.017955 0.691959 0.721713 0.000000 0.000000 0.000000 0.000000 1.000000
0.999010 0.041766 -0.015324 -0.000400 -0.039772 0.684096 -0.728307 2.799700 -0.019935 0.728195 0.685080 0.000000 0.000000 0.000000 0.000000 1.000000</float_array>
        <technique_common>
          <accessor source="#mixamorig_LeftHandPinky3-Matrix-animation-output-transform-array" count="17" stride="16">
            <param type="float4x4"/>
          </accessor>
        </technique_common>
      </source>
      <source id="mixamorig_LeftHandPinky3-Interpolations">
        <Name_array id="mixamorig_LeftHandPinky3-Interpolations-array" count="17">
 LINEAR LINEAR LINEAR LINEAR LINEAR LINEAR LINEAR LINEAR LINEAR LINEAR LINEAR
LINEAR LINEAR LINEAR LINEAR LINEAR LINEAR</Name_array>
        <technique_common>
          <accessor source="#mixamorig_LeftHandPinky3-Interpolations-array" count="17">
            <param type="name"/>
          </accessor>
        </technique_common>
      </source>
      <sampler id="mixamorig_LeftHandPinky3-Matrix-animation-transform">
        <input semantic="INPUT" source="#mixamorig_LeftHandPinky3-Matrix-animation-input"/>
        <input semantic="OUTPUT" source="#mixamorig_LeftHandPinky3-Matrix-animation-output-transform"/>
        <input semantic="INTERPOLATION" source="#mixamorig_LeftHandPinky3-Interpolations"/>
      </sampler>
      <channel source="#mixamorig_LeftHandPinky3-Matrix-animation-transform" target="mixamorig_LeftHandPinky3/matrix"/>
    </animation>
    <animation id="mixamorig_RightShoulder-anim" name="mixamorig_RightShoulder">
      <source id="mixamorig_RightShoulder-Matrix-animation-input">
        <float_array id="mixamorig_RightShoulder-Matrix-animation-input-array" count="17">

0.000000 0.033333 0.066667 0.100000 0.133333 0.166667 0.200000 0.233333 0.266667 0.300000 0.333333 0.366667 0.400000 0.433333 0.466667 0.500000
0.533333</float_array>
        <technique_common>
          <accessor source="#mixamorig_RightShoulder-Matrix-animation-input-array" count="17">
            <param name="TIME" type="float"/>
          </accessor>
        </technique_common>
      </source>
      <source id="mixamorig_RightShoulder-Matrix-animation-output-transform">
        <float_array id="mixamorig_RightShoulder-Matrix-animation-output-transform-array" count="272">

0.397589 -0.561297 0.725857 -10.882400 -0.075665 -0.808432 -0.583706 13.272500 0.914438 0.177153 -0.363894 -1.553300 0.000000 0.000000 0.000000 1.000000
0.382300 -0.629800 0.676165 -10.882400 -0.046086 -0.743835 -0.666773 13.272500 0.922888 0.223745 -0.313393 -1.553300 0.000000 0.000000 0.000000 1.000000
0.358243 -0.768395 0.530312 -10.882400 -0.046165 -0.581896 -0.811952 13.272500 0.932486 0.266394 -0.243933 -1.553300 0.000000 0.000000 0.000000 1.000000
0.350037 -0.858231 0.375385 -10.882400 -0.035246 -0.412520 -0.910266 13.272500 0.936072 0.305396 -0.174647 -1.553300 0.000000 0.000000 0.000000 1.000000
0.355794 -0.910590 0.210327 -10.882400 -0.031569 -0.236635 -0.971086 13.272500 0.934031 0.338866 -0.112940 -1.553300 0.000000 0.000000 0.000000 1.000000
0.365673 -0.929836 0.041097 -10.882400 -0.051609 -0.064343 -0.996592 13.272500 0.929311 0.362306 -0.071516 -1.553300 0.000000 0.000000 0.000000 1.000000
0.374348 -0.925772 -0.053004 -10.882400 -0.060540 0.032639 -0.997632 13.272500 0.925310 0.376670 -0.043828 -1.553300 0.000000 0.000000 0.000000 1.000000
0.339867 -0.940323 -0.016806 -10.882400 -0.024722 0.008931 -0.999654 13.272500 0.940149 0.340165 -0.020212 -1.553300 0.000000 0.000000 0.000000 1.000000
0.268875 -0.959601 0.082901 -10.882400 0.024230 -0.079305 -0.996556 13.272500 0.962870 0.269958 0.001928 -1.553300 0.000000 0.000000 0.000000 1.000000
0.173393 -0.965523 0.194166 -10.882400 0.061908 -0.186077 -0.980583 13.272500 0.982905 0.182047 0.027509 -1.553300 0.000000 0.000000 0.000000 1.000000
0.071240 -0.953165 0.293940 -10.882400 0.084678 -0.287846 -0.953926 13.272500 0.993858 0.092848 0.060206 -1.553300 0.000000 0.000000 0.000000 1.000000
-0.019556 -0.919878 0.391717 -10.882400 0.090107 -0.391820 -0.915619 13.272500 0.995740 0.017390 0.090550 -1.553300 0.000000 0.000000 0.000000 1.000000
-0.084182 -0.907804 0.410858 -10.882400 0.077710 -0.417047 -0.905557 13.272500 0.993416 -0.044304 0.105653 -1.553300 0.000000 0.000000 0.000000 1.000000
-0.108933 -0.899835 0.422411 -10.882400 0.059612 -0.430088 -0.900816 13.272500 0.992260 -0.072948 0.100492 -1.553300 0.000000 0.000000 0.000000 1.000000
-0.119463 -0.895404 0.428930 -10.882400 0.037185 -0.435756 -0.899297 13.272500 0.992142 -0.091483 0.085352 -1.553300 0.000000 0.000000 0.000000 1.000000
-0.128318 -0.890547 0.436417 -10.882400 0.004926 -0.440622 -0.897679 13.272500 0.991721 -0.113039 0.060926 -1.553300 0.000000 0.000000 0.000000 1.000000
-0.135552 -0.884242 0.446925 -10.882400 -0.040912 -0.445708 -0.894243 13.272500 0.989925 -0.139501 0.024241 -1.553300 0.000000 0.000000 0.000000 1.000000</float_array>
        <technique_common>
          <accessor source="#mixamorig_RightShoulder-Matrix-animation-output-transform-array" count="17" stride="16">
            <param type="float4x4"/>
          </accessor>
        </technique_common>
      </source>
      <source id="mixamorig_RightShoulder-Interpolations">
        <Name_array id="mixamorig_RightShoulder-Interpolations-array" count="17">
 LINEAR LINEAR LINEAR LINEAR LINEAR LINEAR LINEAR LINEAR LINEAR LINEAR LINEAR
LINEAR LINEAR LINEAR LINEAR LINEAR LINEAR</Name_array>
        <technique_common>
          <accessor source="#mixamorig_RightShoulder-Interpolations-array" count="17">
            <param type="name"/>
          </accessor>
        </technique_common>
      </source>
      <sampler id="mixamorig_RightShoulder-Matrix-animation-transform">
        <input semantic="INPUT" source="#mixamorig_RightShoulder-Matrix-animation-input"/>
        <input semantic="OUTPUT" source="#mixamorig_RightShoulder-Matrix-animation-output-transform"/>
        <input semantic="INTERPOLATION" source="#mixamorig_RightShoulder-Interpolations"/>
      </sampler>
      <channel source="#mixamorig_RightShoulder-Matrix-animation-transform" target="mixamorig_RightShoulder/matrix"/>
    </animation>
    <animation id="mixamorig_RightArm-anim" name="mixamorig_RightArm">
      <source id="mixamorig_RightArm-Matrix-animation-input">
        <float_array id="mixamorig_RightArm-Matrix-animation-input-array" count="17">

0.000000 0.033333 0.066667 0.100000 0.133333 0.166667 0.200000 0.233333 0.266667 0.300000 0.333333 0.366667 0.400000 0.433333 0.466667 0.500000
0.533333</float_array>
        <technique_common>
          <accessor source="#mixamorig_RightArm-Matrix-animation-input-array" count="17">
            <param name="TIME" type="float"/>
          </accessor>
        </technique_common>
      </source>
      <source id="mixamorig_RightArm-Matrix-animation-output-transform">
        <float_array id="mixamorig_RightArm-Matrix-animation-output-transform-array" count="272">

0.351688 0.077162 0.932932 -0.000000 -0.309041 0.950293 0.037901 16.507099 -0.883634 -0.301643 0.358053 -0.000000 0.000000 0.000000 0.000000 1.000000
0.276410 -0.009349 0.960994 0.000000 -0.305813 0.947120 0.097175 16.507099 -0.911085 -0.320745 0.258935 -0.000000 0.000000 0.000000 0.000000 1.000000
0.217863 -0.145667 0.965048 -0.000000 -0.184183 0.964896 0.187224 16.507099 -0.958443 -0.218534 0.183385 0.000000 0.000000 0.000000 0.000000 1.000000
0.157174 -0.254405 0.954240 0.000000 -0.092388 0.958224 0.270685 16.507099 -0.983240 -0.130705 0.127104 0.000000 0.000000 0.000000 0.000000 1.000000
0.143996 -0.306233 0.941003 0.000000 -0.024837 0.949495 0.312797 16.507099 -0.989266 -0.068413 0.129118 0.000000 0.000000 0.000000 0.000000 1.000000
0.133300 -0.348522 0.927773 -0.000000 0.035589 0.937207 0.346953 16.507099 -0.990437 -0.013231 0.137333 0.000000 0.000000 0.000000 0.000000 1.000000
0.154782 -0.347660 0.924757 -0.000000 0.079991 0.937374 0.339015 16.507099 -0.984705 0.021499 0.172898 -0.000000 0.000000 0.000000 0.000000 1.000000
0.239540 -0.266966 0.933461 -0.000000 0.068496 0.963703 0.258039 16.507099 -0.968467 0.002128 0.249131 -0.000000 0.000000 0.000000 0.000000 1.000000
0.355261 -0.176695 0.917915 -0.000000 0.107167 0.983196 0.147784 16.507099 -0.928604 0.045868 0.368227 0.000000 0.000000 0.000000 0.000000 1.000000
0.472692 -0.092348 0.876375 -0.000000 0.134381 0.990417 0.031883 16.507099 -0.870921 0.102697 0.480572 0.000000 0.000000 0.000000 0.000000 1.000000
0.454681 -0.131997 0.880819 -0.000000 0.218109 0.975347 0.033574 16.507099 -0.863535 0.176849 0.472262 -0.000000 0.000000 0.000000 0.000000 1.000000
0.443174 -0.170029 0.880163 0.000000 0.408675 0.912201 -0.029555 16.507099 -0.797860 0.372799 0.473751 0.000000 0.000000 0.000000 0.000000 1.000000
0.519685 -0.203666 0.829727 0.000000 0.633306 0.743693 -0.214113 16.507099 -0.573455 0.636742 0.515469 0.000000 0.000000 0.000000 0.000000 1.000000
0.589292 -0.222846 0.776579 0.000000 0.696813 0.626653 -0.348939 16.507099 -0.408885 0.746757 0.524564 0.000000 0.000000 0.000000 0.000000 1.000000
0.660406 -0.228655 0.715249 0.000000 0.685002 0.573667 -0.449085 16.507099 -0.307629 0.786526 0.535482 0.000000 0.000000 0.000000 0.000000 1.000000
0.703189 -0.220116 0.676073 0.000000 0.656884 0.565001 -0.499277 16.507099 -0.272083 0.795187 0.541894 0.000000 0.000000 0.000000 0.000000 1.000000
0.713158 -0.192507 0.674052 0.000000 0.637503 0.578004 -0.509413 16.507099 -0.291539 0.793003 0.534931 0.000000 0.000000 0.000000 0.000000 1.000000</float_array>
        <technique_common>
          <accessor source="#mixamorig_RightArm-Matrix-animation-output-transform-array" count="17" stride="16">
            <param type="float4x4"/>
          </accessor>
        </technique_common>
      </source>
      <source id="mixamorig_RightArm-Interpolations">
        <Name_array id="mixamorig_RightArm-Interpolations-array" count="17">
 LINEAR LINEAR LINEAR LINEAR LINEAR LINEAR LINEAR LINEAR LINEAR LINEAR LINEAR
LINEAR LINEAR LINEAR LINEAR LINEAR LINEAR</Name_array>
        <technique_common>
          <accessor source="#mixamorig_RightArm-Interpolations-array" count="17">
            <param type="name"/>
          </accessor>
        </technique_common>
      </source>
      <sampler id="mixamorig_RightArm-Matrix-animation-transform">
        <input semantic="INPUT" source="#mixamorig_RightArm-Matrix-animation-input"/>
        <input semantic="OUTPUT" source="#mixamorig_RightArm-Matrix-animation-output-transform"/>
        <input semantic="INTERPOLATION" source="#mixamorig_RightArm-Interpolations"/>
      </sampler>
      <channel source="#mixamorig_RightArm-Matrix-animation-transform" target="mixamorig_RightArm/matrix"/>
    </animation>
    <animation id="mixamorig_RightForeArm-anim" name="mixamorig_RightForeArm">
      <source id="mixamorig_RightForeArm-Matrix-animation-input">
        <float_array id="mixamorig_RightForeArm-Matrix-animation-input-array" count="17">

0.000000 0.033333 0.066667 0.100000 0.133333 0.166667 0.200000 0.233333 0.266667 0.300000 0.333333 0.366667 0.400000 0.433333 0.466667 0.500000
0.533333</float_array>
        <technique_common>
          <accessor source="#mixamorig_RightForeArm-Matrix-animation-input-array" count="17">
            <param name="TIME" type="float"/>
          </accessor>
        </technique_common>
      </source>
      <source id="mixamorig_RightForeArm-Matrix-animation-output-transform">
        <float_array id="mixamorig_RightForeArm-Matrix-animation-output-transform-array" count="272">

-0.367803 0.927010 -0.073301 -0.000000 -0.908347 -0.375034 -0.185081 19.953800 -0.199062 -0.001491 0.979986 0.000000 0.000000 0.000000 0.000000 1.000000
-0.367402 0.927490 -0.069127 0.000000 -0.910754 -0.373846 -0.175402 19.953800 -0.188526 -0.001485 0.982067 -0.000000 0.000000 0.000000 0.000000 1.000000
-0.356314 0.932169 -0.064039 0.000000 -0.916733 -0.362020 -0.168942 19.953800 -0.180666 -0.001490 0.983543 0.000000 0.000000 0.000000 0.000000 1.000000
-0.324358 0.944295 -0.055664 -0.000000 -0.929899 -0.329096 -0.164267 19.953800 -0.173436 -0.001519 0.984844 0.000000 0.000000 0.000000 0.000000 1.000000
-0.265430 0.963248 -0.041232 0.000000 -0.950940 -0.268609 -0.153501 19.953800 -0.158935 -0.001535 0.987288 0.000000 0.000000 0.000000 0.000000 1.000000
-0.205555 0.977936 -0.037268 0.000000 -0.960840 -0.208900 -0.182066 19.953800 -0.185834 -0.001616 0.982580 0.000000 0.000000 0.000000 0.000000 1.000000
-0.171937 0.984842 -0.022904 0.000000 -0.974953 -0.173448 -0.139223 19.953800 -0.141085 -0.001607 0.989996 0.000000 0.000000 0.000000 0.000000 1.000000
-0.176283 0.984137 -0.019992 0.000000 -0.976781 -0.177405 -0.120107 19.953800 -0.121748 -0.001645 0.992560 -0.000000 0.000000 0.000000 0.000000 1.000000
-0.194358 0.980470 -0.030052 0.000000 -0.967663 -0.196661 -0.157963 19.953800 -0.160788 -0.001621 0.986988 -0.000000 0.000000 0.000000 0.000000 1.000000
-0.217808 0.975403 -0.033879 0.000000 -0.962720 -0.220422 -0.156795 19.953800 -0.160406 -0.001535 0.987050 -0.000000 0.000000 0.000000 0.000000 1.000000
-0.312841 0.947833 -0.061190 0.000000 -0.929201 -0.318764 -0.187015 19.953800 -0.196764 -0.001649 0.980449 0.000000 0.000000 0.000000 0.000000 1.000000
-0.404154 0.911665 -0.074346 0.000000 -0.896031 -0.410933 -0.168117 19.953800 -0.183818 -0.001329 0.982959 0.000000 0.000000 0.000000 0.000000 1.000000
-0.392366 0.918011 -0.057482 0.000000 -0.907766 -0.396552 -0.136778 19.953800 -0.148358 -0.001487 0.988933 0.000000 0.000000 0.000000 0.000000 1.000000
-0.340894 0.938024 -0.062470 0.000000 -0.921783 -0.346567 -0.173806 19.953800 -0.184684 -0.001666 0.982797 0.000000 0.000000 0.000000 0.000000 1.000000
-0.317653 0.947291 -0.041662 0.000000 -0.938622 -0.320370 -0.127873 19.953800 -0.134480 -0.001514 0.990915 0.000000 0.000000 0.000000 0.000000 1.000000
-0.323131 0.945310 -0.044433 -0.000000 -0.935865 -0.326168 -0.133306 19.953800 -0.140508 -0.001493 0.990078 0.000000 0.000000 0.000000 0.000000 1.000000
-0.351656 0.934677 -0.052122 0.000000 -0.923960 -0.355494 -0.141146 19.953800 -0.150455 -0.001476 0.988616 -0.000000 0.000000 0.000000 0.000000 1.000000</float_array>
        <technique_common>
          <accessor source="#mixamorig_RightForeArm-Matrix-animation-output-transform-array" count="17" stride="16">
            <param type="float4x4"/>
          </accessor>
        </technique_common>
      </source>
      <source id="mixamorig_RightForeArm-Interpolations">
        <Name_array id="mixamorig_RightForeArm-Interpolations-array" count="17">
 LINEAR LINEAR LINEAR LINEAR LINEAR LINEAR LINEAR LINEAR LINEAR LINEAR LINEAR
LINEAR LINEAR LINEAR LINEAR LINEAR LINEAR</Name_array>
        <technique_common>
          <accessor source="#mixamorig_RightForeArm-Interpolations-array" count="17">
            <param type="name"/>
          </accessor>
        </technique_common>
      </source>
      <sampler id="mixamorig_RightForeArm-Matrix-animation-transform">
        <input semantic="INPUT" source="#mixamorig_RightForeArm-Matrix-animation-input"/>
        <input semantic="OUTPUT" source="#mixamorig_RightForeArm-Matrix-animation-output-transform"/>
        <input semantic="INTERPOLATION" source="#mixamorig_RightForeArm-Interpolations"/>
      </sampler>
      <channel source="#mixamorig_RightForeArm-Matrix-animation-transform" target="mixamorig_RightForeArm/matrix"/>
    </animation>
    <animation id="mixamorig_RightHand-anim" name="mixamorig_RightHand">
      <source id="mixamorig_RightHand-Matrix-animation-input">
        <float_array id="mixamorig_RightHand-Matrix-animation-input-array" count="17">

0.000000 0.033333 0.066667 0.100000 0.133333 0.166667 0.200000 0.233333 0.266667 0.300000 0.333333 0.366667 0.400000 0.433333 0.466667 0.500000
0.533333</float_array>
        <technique_common>
          <accessor source="#mixamorig_RightHand-Matrix-animation-input-array" count="17">
            <param name="TIME" type="float"/>
          </accessor>
        </technique_common>
      </source>
      <source id="mixamorig_RightHand-Matrix-animation-output-transform">
        <float_array id="mixamorig_RightHand-Matrix-animation-output-transform-array" count="272">

0.984137 -0.103276 -0.144249 0.000000 0.135441 0.962534 0.234912 28.810400 0.114583 -0.250723 0.961254 -0.000000 0.000000 0.000000 0.000000 1.000000
0.994048 -0.097354 -0.048900 0.000000 0.102516 0.987777 0.117415 28.810400 0.036872 -0.121729 0.991878 0.000000 0.000000 0.000000 0.000000 1.000000
0.990855 -0.070347 0.115146 0.000000 0.070262 0.997517 0.004803 28.810400 -0.115198 0.003332 0.993337 0.000000 0.000000 0.000000 0.000000 1.000000
0.965880 -0.028754 0.257387 0.000000 0.056828 0.993129 -0.102305 28.810400 -0.252677 0.113441 0.960877 0.000000 0.000000 0.000000 0.000000 1.000000
0.937586 0.014561 0.347449 -0.000000 0.055232 0.980206 -0.190120 28.810400 -0.343340 0.197444 0.918223 0.000000 0.000000 0.000000 0.000000 1.000000
0.906073 0.048799 0.420297 0.000000 0.063813 0.966205 -0.249751 28.810400 -0.418281 0.253113 0.872339 0.000000 0.000000 0.000000 0.000000 1.000000
0.888546 0.064436 0.454241 0.000000 0.073393 0.957374 -0.279371 28.810400 -0.452880 0.281572 0.845941 -0.000000 0.000000 0.000000 0.000000 1.000000
0.904528 0.084499 0.417959 -0.000000 0.045477 0.955463 -0.291586 28.810400 -0.423983 0.282755 0.860400 0.000000 0.000000 0.000000 0.000000 1.000000
0.930999 0.107105 0.348954 0.000000 0.001873 0.954569 -0.297984 28.810400 -0.365016 0.278077 0.888503 0.000000 0.000000 0.000000 0.000000 1.000000
0.953782 0.128963 0.271418 -0.000000 -0.039907 0.949586 -0.310956 28.810400 -0.297836 0.285753 0.910845 -0.000000 0.000000 0.000000 0.000000 1.000000
0.956893 0.131884 0.258771 0.000000 -0.049409 0.951890 -0.302430 28.810400 -0.286207 0.276608 0.917373 0.000000 0.000000 0.000000 0.000000 1.000000
0.957902 0.150283 0.244619 0.000000 -0.087286 0.964165 -0.250534 28.810400 -0.273504 0.218635 0.936693 0.000000 0.000000 0.000000 0.000000 1.000000
0.944880 0.229767 0.233259 -0.000000 -0.199341 0.968861 -0.146869 28.810400 -0.259741 0.092276 0.961259 0.000000 0.000000 0.000000 0.000000 1.000000
0.945686 0.222409 0.237091 0.000000 -0.220958 0.974724 -0.033027 28.810400 -0.238444 -0.021154 0.970926 0.000000 0.000000 0.000000 0.000000 1.000000
0.960734 0.199218 0.193136 -0.000000 -0.211665 0.976264 0.045899 28.810400 -0.179408 -0.084977 0.980098 -0.000000 0.000000 0.000000 0.000000 1.000000
0.969503 0.184210 0.161647 -0.000000 -0.202215 0.973914 0.102962 28.810400 -0.138463 -0.132510 0.981463 0.000000 0.000000 0.000000 0.000000 1.000000
0.975266 0.172909 0.137694 0.000000 -0.192848 0.970034 0.147796 28.810400 -0.108012 -0.170695 0.979386 -0.000000 0.000000 0.000000 0.000000 1.000000</float_array>
        <technique_common>
          <accessor source="#mixamorig_RightHand-Matrix-animation-output-transform-array" count="17" stride="16">
            <param type="float4x4"/>
          </accessor>
        </technique_common>
      </source>
      <source id="mixamorig_RightHand-Interpolations">
        <Name_array id="mixamorig_RightHand-Interpolations-array" count="17">
 LINEAR LINEAR LINEAR LINEAR LINEAR LINEAR LINEAR LINEAR LINEAR LINEAR LINEAR
LINEAR LINEAR LINEAR LINEAR LINEAR LINEAR</Name_array>
        <technique_common>
          <accessor source="#mixamorig_RightHand-Interpolations-array" count="17">
            <param type="name"/>
          </accessor>
        </technique_common>
      </source>
      <sampler id="mixamorig_RightHand-Matrix-animation-transform">
        <input semantic="INPUT" source="#mixamorig_RightHand-Matrix-animation-input"/>
        <input semantic="OUTPUT" source="#mixamorig_RightHand-Matrix-animation-output-transform"/>
        <input semantic="INTERPOLATION" source="#mixamorig_RightHand-Interpolations"/>
      </sampler>
      <channel source="#mixamorig_RightHand-Matrix-animation-transform" target="mixamorig_RightHand/matrix"/>
    </animation>
    <animation id="mixamorig_RightHandThumb1-anim" name="mixamorig_RightHandThumb1">
      <source id="mixamorig_RightHandThumb1-Matrix-animation-input">
        <float_array id="mixamorig_RightHandThumb1-Matrix-animation-input-array" count="17">

0.000000 0.033333 0.066667 0.100000 0.133333 0.166667 0.200000 0.233333 0.266667 0.300000 0.333333 0.366667 0.400000 0.433333 0.466667 0.500000
0.533333</float_array>
        <technique_common>
          <accessor source="#mixamorig_RightHandThumb1-Matrix-animation-input-array" count="17">
            <param name="TIME" type="float"/>
          </accessor>
        </technique_common>
      </source>
      <source id="mixamorig_RightHandThumb1-Matrix-animation-output-transform">
        <float_array id="mixamorig_RightHandThumb1-Matrix-animation-output-transform-array" count="272">

0.674069 0.693616 -0.254022 1.539600 -0.738156 0.645325 -0.196677 3.801100 0.027509 0.320082 0.946990 1.972600 0.000000 0.000000 0.000000 1.000000
0.682528 0.682929 -0.260314 1.539600 -0.729816 0.655881 -0.192844 3.801100 0.039037 0.321603 0.946070 1.972600 0.000000 0.000000 0.000000 1.000000
0.689640 0.673582 -0.265867 1.539600 -0.722488 0.664884 -0.189578 3.801100 0.049074 0.322826 0.945185 1.972600 0.000000 0.000000 0.000000 1.000000
0.694842 0.666491 -0.270158 1.539600 -0.716919 0.671592 -0.187058 3.801100 0.056764 0.323657 0.944470 1.972600 0.000000 0.000000 0.000000 1.000000
0.698315 0.661552 -0.273323 1.539600 -0.713062 0.676247 -0.185017 3.801100 0.062436 0.324097 0.943961 1.972600 0.000000 0.000000 0.000000 1.000000
0.700877 0.657705 -0.276036 1.539600 -0.710098 0.679908 -0.182992 3.801100 0.067325 0.324267 0.943567 1.972600 0.000000 0.000000 0.000000 1.000000
0.702727 0.654741 -0.278369 1.539600 -0.707852 0.682779 -0.180996 3.801100 0.071559 0.324235 0.943266 1.972600 0.000000 0.000000 0.000000 1.000000
0.704020 0.652497 -0.280362 1.539600 -0.706187 0.685006 -0.179073 3.801100 0.075205 0.324059 0.943043 1.972600 0.000000 0.000000 0.000000 1.000000
0.704907 0.650808 -0.282054 1.539600 -0.704962 0.686734 -0.177274 3.801100 0.078325 0.323799 0.942878 1.972600 0.000000 0.000000 0.000000 1.000000
0.705534 0.649506 -0.283485 1.539600 -0.704034 0.688101 -0.175650 3.801100 0.080981 0.323510 0.942753 1.972600 0.000000 0.000000 0.000000 1.000000
0.706045 0.648418 -0.284701 1.539600 -0.703258 0.689248 -0.174258 3.801100 0.083238 0.323252 0.942645 1.972600 0.000000 0.000000 0.000000 1.000000
0.706583 0.647373 -0.285743 1.539600 -0.702488 0.690311 -0.173155 3.801100 0.085156 0.323079 0.942533 1.972600 0.000000 0.000000 0.000000 1.000000
0.707288 0.646198 -0.286656 1.539600 -0.701577 0.691426 -0.172398 3.801100 0.086798 0.323046 0.942394 1.972600 0.000000 0.000000 0.000000 1.000000
0.708305 0.644715 -0.287485 1.539600 -0.700372 0.692731 -0.172055 3.801100 0.088223 0.323214 0.942205 1.972600 0.000000 0.000000 0.000000 1.000000
0.709757 0.642763 -0.288273 1.539600 -0.698738 0.694350 -0.172170 3.801100 0.089498 0.323626 0.941943 1.972600 0.000000 0.000000 0.000000 1.000000
0.711732 0.640265 -0.288960 1.539600 -0.696597 0.696316 -0.172908 3.801100 0.090501 0.324353 0.941597 1.972600 0.000000 0.000000 0.000000 1.000000
0.714138 0.637377 -0.289410 1.539600 -0.694064 0.698478 -0.174367 3.801100 0.091009 0.325391 0.941190 1.972600 0.000000 0.000000 0.000000 1.000000</float_array>
        <technique_common>
          <accessor source="#mixamorig_RightHandThumb1-Matrix-animation-output-transform-array" count="17" stride="16">
            <param type="float4x4"/>
          </accessor>
        </technique_common>
      </source>
      <source id="mixamorig_RightHandThumb1-Interpolations">
        <Name_array id="mixamorig_RightHandThumb1-Interpolations-array" count="17">
 LINEAR LINEAR LINEAR LINEAR LINEAR LINEAR LINEAR LINEAR LINEAR LINEAR LINEAR
LINEAR LINEAR LINEAR LINEAR LINEAR LINEAR</Name_array>
        <technique_common>
          <accessor source="#mixamorig_RightHandThumb1-Interpolations-array" count="17">
            <param type="name"/>
          </accessor>
        </technique_common>
      </source>
      <sampler id="mixamorig_RightHandThumb1-Matrix-animation-transform">
        <input semantic="INPUT" source="#mixamorig_RightHandThumb1-Matrix-animation-input"/>
        <input semantic="OUTPUT" source="#mixamorig_RightHandThumb1-Matrix-animation-output-transform"/>
        <input semantic="INTERPOLATION" source="#mixamorig_RightHandThumb1-Interpolations"/>
      </sampler>
      <channel source="#mixamorig_RightHandThumb1-Matrix-animation-transform" target="mixamorig_RightHandThumb1/matrix"/>
    </animation>
    <animation id="mixamorig_RightHandThumb2-anim" name="mixamorig_RightHandThumb2">
      <source id="mixamorig_RightHandThumb2-Matrix-animation-input">
        <float_array id="mixamorig_RightHandThumb2-Matrix-animation-input-array" count="17">

0.000000 0.033333 0.066667 0.100000 0.133333 0.166667 0.200000 0.233333 0.266667 0.300000 0.333333 0.366667 0.400000 0.433333 0.466667 0.500000
0.533333</float_array>
        <technique_common>
          <accessor source="#mixamorig_RightHandThumb2-Matrix-animation-input-array" count="17">
            <param name="TIME" type="float"/>
          </accessor>
        </technique_common>
      </source>
      <source id="mixamorig_RightHandThumb2-Matrix-animation-output-transform">
        <float_array id="mixamorig_RightHandThumb2-Matrix-animation-output-transform-array" count="272">

0.814303 -0.563215 0.140355 0.267800 0.571570 0.820175 -0.024909 4.847300 -0.101086 0.100506 0.989788 -0.000000 0.000000 0.000000 0.000000 1.000000
0.817546 -0.557523 0.144174 0.267800 0.566698 0.823401 -0.029387 4.847300 -0.102329 0.105728 0.989116 0.000000 0.000000 0.000000 0.000000 1.000000
0.820537 -0.552257 0.147415 0.267800 0.562159 0.826359 -0.033304 4.847300 -0.103426 0.110198 0.988514 0.000000 0.000000 0.000000 0.000000 1.000000
0.823091 -0.547795 0.149804 0.267800 0.558251 0.828878 -0.036290 4.847300 -0.104290 0.113498 0.988050 0.000000 0.000000 0.000000 0.000000 1.000000
0.824683 -0.544962 0.151377 0.267800 0.555798 0.830433 -0.038336 4.847300 -0.104817 0.115751 0.987732 0.000000 0.000000 0.000000 0.000000 1.000000
0.825047 -0.544102 0.152483 0.267800 0.555222 0.830748 -0.039822 4.847300 -0.105008 0.117517 0.987504 -0.000000 0.000000 0.000000 0.000000 1.000000
0.824593 -0.544578 0.153234 0.267800 0.555904 0.830242 -0.040869 4.847300 -0.104965 0.118883 0.987344 0.000000 0.000000 0.000000 0.000000 1.000000
0.823755 -0.545709 0.153717 0.267800 0.557177 0.829352 -0.041588 4.847300 -0.104790 0.119906 0.987239 0.000000 0.000000 0.000000 0.000000 1.000000
0.822970 -0.546808 0.154018 0.267800 0.558375 0.828520 -0.042097 4.847300 -0.104588 0.120644 0.987171 0.000000 0.000000 0.000000 0.000000 1.000000
0.822675 -0.547195 0.154218 0.267800 0.558833 0.828190 -0.042510 4.847300 -0.104461 0.121154 0.987122 0.000000 0.000000 0.000000 0.000000 1.000000
0.823310 -0.546188 0.154400 0.267800 0.557887 0.828805 -0.042942 4.847300 -0.104513 0.121492 0.987075 0.000000 0.000000 0.000000 0.000000 1.000000
0.825305 -0.543100 0.154644 0.267800 0.554869 0.830799 -0.043510 4.847300 -0.104848 0.121716 0.987012 -0.000000 0.000000 0.000000 0.000000 1.000000
0.829067 -0.537227 0.155030 0.267800 0.549092 0.834585 -0.044332 4.847300 -0.105569 0.121879 0.986915 0.000000 0.000000 0.000000 0.000000 1.000000
0.834989 -0.527798 0.155639 0.267800 0.539805 0.840558 -0.045532 4.847300 -0.106792 0.122033 0.986764 0.000000 0.000000 0.000000 0.000000 1.000000
0.843282 -0.514172 0.156533 0.267800 0.526384 0.848935 -0.047220 4.847300 -0.108608 0.122216 0.986543 0.000000 0.000000 0.000000 0.000000 1.000000
0.854822 -0.494354 0.157778 0.267800 0.506850 0.860608 -0.049571 4.847300 -0.111279 0.122344 0.986230 0.000000 0.000000 0.000000 0.000000 1.000000
0.869849 -0.466880 0.159330 0.267800 0.479734 0.875834 -0.052632 4.847300 -0.114974 0.122218 0.985821 0.000000 0.000000 0.000000 0.000000 1.000000</float_array>
        <technique_common>
          <accessor source="#mixamorig_RightHandThumb2-Matrix-animation-output-transform-array" count="17" stride="16">
            <param type="float4x4"/>
          </accessor>
        </technique_common>
      </source>
      <source id="mixamorig_RightHandThumb2-Interpolations">
        <Name_array id="mixamorig_RightHandThumb2-Interpolations-array" count="17">
 LINEAR LINEAR LINEAR LINEAR LINEAR LINEAR LINEAR LINEAR LINEAR LINEAR LINEAR
LINEAR LINEAR LINEAR LINEAR LINEAR LINEAR</Name_array>
        <technique_common>
          <accessor source="#mixamorig_RightHandThumb2-Interpolations-array" count="17">
            <param type="name"/>
          </accessor>
        </technique_common>
      </source>
      <sampler id="mixamorig_RightHandThumb2-Matrix-animation-transform">
        <input semantic="INPUT" source="#mixamorig_RightHandThumb2-Matrix-animation-input"/>
        <input semantic="OUTPUT" source="#mixamorig_RightHandThumb2-Matrix-animation-output-transform"/>
        <input semantic="INTERPOLATION" source="#mixamorig_RightHandThumb2-Interpolations"/>
      </sampler>
      <channel source="#mixamorig_RightHandThumb2-Matrix-animation-transform" target="mixamorig_RightHandThumb2/matrix"/>
    </animation>
    <animation id="mixamorig_RightHandThumb3-anim" name="mixamorig_RightHandThumb3">
      <source id="mixamorig_RightHandThumb3-Matrix-animation-input">
        <float_array id="mixamorig_RightHandThumb3-Matrix-animation-input-array" count="17">

0.000000 0.033333 0.066667 0.100000 0.133333 0.166667 0.200000 0.233333 0.266667 0.300000 0.333333 0.366667 0.400000 0.433333 0.466667 0.500000
0.533333</float_array>
        <technique_common>
          <accessor source="#mixamorig_RightHandThumb3-Matrix-animation-input-array" count="17">
            <param name="TIME" type="float"/>
          </accessor>
        </technique_common>
      </source>
      <source id="mixamorig_RightHandThumb3-Matrix-animation-output-transform">
        <float_array id="mixamorig_RightHandThumb3-Matrix-animation-output-transform-array" count="272">

0.757933 -0.650669 -0.046562 -0.081100 0.651788 0.752452 0.094805 4.705100 -0.026651 -0.102205 0.994406 -0.000000 0.000000 0.000000 0.000000 1.000000
0.750775 -0.658817 -0.047926 -0.081100 0.659968 0.745060 0.096580 4.705100 -0.027920 -0.104140 0.994171 0.000000 0.000000 0.000000 0.000000 1.000000
0.744879 -0.665390 -0.049096 -0.081100 0.666570 0.738965 0.098055 4.705100 -0.028965 -0.105765 0.993969 0.000000 0.000000 0.000000 0.000000 1.000000
0.740958 -0.669692 -0.049941 -0.081100 0.670896 0.734900 0.099095 4.705100 -0.029661 -0.106930 0.993824 0.000000 0.000000 0.000000 0.000000 1.000000
0.737391 -0.673559 -0.050721 -0.081100 0.674790 0.731211 0.099944 4.705100 -0.030230 -0.107924 0.993699 0.000000 0.000000 0.000000 0.000000 1.000000
0.731938 -0.679399 -0.051810 -0.081100 0.680666 0.725603 0.100970 4.705100 -0.031005 -0.109169 0.993540 0.000000 0.000000 0.000000 0.000000 1.000000
0.725349 -0.686331 -0.053087 -0.081100 0.687642 0.718839 0.102075 4.705100 -0.031896 -0.110544 0.993359 0.000000 0.000000 0.000000 0.000000 1.000000
0.718557 -0.693337 -0.054400 -0.081100 0.694695 0.711872 0.103139 4.705100 -0.032784 -0.111903 0.993178 0.000000 0.000000 0.000000 0.000000 1.000000
0.712530 -0.699436 -0.055594 -0.081100 0.700839 0.705689 0.104055 4.705100 -0.033548 -0.113105 0.993016 0.000000 0.000000 0.000000 0.000000 1.000000
0.708267 -0.703679 -0.056511 -0.081100 0.705122 0.701310 0.104719 4.705100 -0.034057 -0.114016 0.992895 0.000000 0.000000 0.000000 0.000000 1.000000
0.706783 -0.705131 -0.056989 -0.081100 0.706604 0.699771 0.105030 4.705100 -0.034181 -0.114501 0.992835 -0.000000 0.000000 0.000000 0.000000 1.000000
0.709073 -0.702838 -0.056871 -0.081100 0.704325 0.702086 0.104888 4.705100 -0.033791 -0.114429 0.992857 0.000000 0.000000 0.000000 0.000000 1.000000
0.716066 -0.695782 -0.056002 -0.081100 0.697263 0.709204 0.104183 4.705100 -0.032772 -0.113650 0.992980 0.000000 0.000000 0.000000 0.000000 1.000000
0.728638 -0.682749 -0.054228 -0.081100 0.684197 0.722020 0.102774 4.705100 -0.031015 -0.111988 0.993225 0.000000 0.000000 0.000000 0.000000 1.000000
0.747178 -0.662629 -0.051460 -0.081100 0.664013 0.740933 0.100520 4.705100 -0.028479 -0.109277 0.993603 -0.000000 0.000000 0.000000 0.000000 1.000000
0.773844 -0.631607 -0.047304 -0.081100 0.632887 0.768152 0.096932 4.705100 -0.024887 -0.104948 0.994166 -0.000000 0.000000 0.000000 0.000000 1.000000
0.809135 -0.586149 -0.041590 -0.081100 0.587276 0.804198 0.091499 4.705100 -0.020186 -0.098460 0.994936 0.000000 0.000000 0.000000 0.000000 1.000000</float_array>
        <technique_common>
          <accessor source="#mixamorig_RightHandThumb3-Matrix-animation-output-transform-array" count="17" stride="16">
            <param type="float4x4"/>
          </accessor>
        </technique_common>
      </source>
      <source id="mixamorig_RightHandThumb3-Interpolations">
        <Name_array id="mixamorig_RightHandThumb3-Interpolations-array" count="17">
 LINEAR LINEAR LINEAR LINEAR LINEAR LINEAR LINEAR LINEAR LINEAR LINEAR LINEAR
LINEAR LINEAR LINEAR LINEAR LINEAR LINEAR</Name_array>
        <technique_common>
          <accessor source="#mixamorig_RightHandThumb3-Interpolations-array" count="17">
            <param type="name"/>
          </accessor>
        </technique_common>
      </source>
      <sampler id="mixamorig_RightHandThumb3-Matrix-animation-transform">
        <input semantic="INPUT" source="#mixamorig_RightHandThumb3-Matrix-animation-input"/>
        <input semantic="OUTPUT" source="#mixamorig_RightHandThumb3-Matrix-animation-output-transform"/>
        <input semantic="INTERPOLATION" source="#mixamorig_RightHandThumb3-Interpolations"/>
      </sampler>
      <channel source="#mixamorig_RightHandThumb3-Matrix-animation-transform" target="mixamorig_RightHandThumb3/matrix"/>
    </animation>
    <animation id="mixamorig_RightHandIndex1-anim" name="mixamorig_RightHandIndex1">
      <source id="mixamorig_RightHandIndex1-Matrix-animation-input">
        <float_array id="mixamorig_RightHandIndex1-Matrix-animation-input-array" count="17">

0.000000 0.033333 0.066667 0.100000 0.133333 0.166667 0.200000 0.233333 0.266667 0.300000 0.333333 0.366667 0.400000 0.433333 0.466667 0.500000
0.533333</float_array>
        <technique_common>
          <accessor source="#mixamorig_RightHandIndex1-Matrix-animation-input-array" count="17">
            <param name="TIME" type="float"/>
          </accessor>
        </technique_common>
      </source>
      <source id="mixamorig_RightHandIndex1-Matrix-animation-output-transform">
        <float_array id="mixamorig_RightHandIndex1-Matrix-animation-output-transform-array" count="272">

0.965802 0.174731 -0.191563 5.382800 -0.159807 0.982956 0.090885 13.307100 0.204179 -0.057164 0.977263 -0.085200 0.000000 0.000000 0.000000 1.000000
0.966313 0.124924 -0.225017 5.382800 -0.140882 0.988427 -0.056253 13.307100 0.215386 0.086059 0.972730 -0.085200 0.000000 0.000000 0.000000 1.000000
0.963700 0.063124 -0.259416 5.382800 -0.124514 0.965773 -0.227552 13.307100 0.236173 0.251592 0.938575 -0.085200 0.000000 0.000000 0.000000 1.000000
0.958096 0.002455 -0.286436 5.382800 -0.116802 0.916403 -0.382836 13.307100 0.261551 0.400250 0.878289 -0.085200 0.000000 0.000000 0.000000 1.000000
0.952237 -0.042247 -0.302424 5.382800 -0.116783 0.864708 -0.488509 13.307100 0.282147 0.500494 0.818473 -0.085200 0.000000 0.000000 0.000000 1.000000
0.948111 -0.068625 -0.310445 5.382800 -0.119234 0.828418 -0.547272 13.307100 0.294735 0.555890 0.777250 -0.085200 0.000000 0.000000 0.000000 1.000000
0.944822 -0.087664 -0.315636 5.382800 -0.122248 0.799565 -0.588006 13.307100 0.303919 0.594147 0.744730 -0.085200 0.000000 0.000000 0.000000 1.000000
0.942362 -0.100969 -0.318997 5.382800 -0.125044 0.778029 -0.615658 13.307100 0.310351 0.620061 0.720559 -0.085200 0.000000 0.000000 0.000000 1.000000
0.940693 -0.109538 -0.321088 5.382800 -0.127222 0.763477 -0.633181 13.307100 0.314500 0.636478 0.704262 -0.085200 0.000000 0.000000 0.000000 1.000000
0.939705 -0.114378 -0.322293 5.382800 -0.128670 0.754916 -0.643075 13.307100 0.316858 0.645770 0.694681 -0.085200 0.000000 0.000000 0.000000 1.000000
0.939240 -0.116495 -0.322890 5.382800 -0.129462 0.750967 -0.647524 13.307100 0.317913 0.649982 0.690257 -0.085200 0.000000 0.000000 0.000000 1.000000
0.939120 -0.116884 -0.323097 5.382800 -0.129771 0.750045 -0.648531 13.307100 0.318140 0.650977 0.689214 -0.085200 0.000000 0.000000 0.000000 1.000000
0.939160 -0.116542 -0.323104 5.382800 -0.129812 0.750482 -0.648017 13.307100 0.318005 0.650534 0.689694 -0.085200 0.000000 0.000000 0.000000 1.000000
0.939296 -0.115765 -0.322988 5.382800 -0.129767 0.751573 -0.646760 13.307100 0.317621 0.649413 0.690927 -0.085200 0.000000 0.000000 0.000000 1.000000
0.940348 -0.109841 -0.321995 5.382800 -0.129492 0.759656 -0.637303 13.307100 0.314607 0.640982 0.700117 -0.085200 0.000000 0.000000 0.000000 1.000000
0.942474 -0.097367 -0.319784 5.382800 -0.129185 0.776223 -0.617081 13.307100 0.308307 0.622894 0.718992 -0.085200 0.000000 0.000000 0.000000 1.000000
0.945373 -0.079091 -0.316250 5.382800 -0.129383 0.799409 -0.586691 13.307100 0.299215 0.595559 0.745506 -0.085200 0.000000 0.000000 0.000000 1.000000</float_array>
        <technique_common>
          <accessor source="#mixamorig_RightHandIndex1-Matrix-animation-output-transform-array" count="17" stride="16">
            <param type="float4x4"/>
          </accessor>
        </technique_common>
      </source>
      <source id="mixamorig_RightHandIndex1-Interpolations">
        <Name_array id="mixamorig_RightHandIndex1-Interpolations-array" count="17">
 LINEAR LINEAR LINEAR LINEAR LINEAR LINEAR LINEAR LINEAR LINEAR LINEAR LINEAR
LINEAR LINEAR LINEAR LINEAR LINEAR LINEAR</Name_array>
        <technique_common>
          <accessor source="#mixamorig_RightHandIndex1-Interpolations-array" count="17">
            <param type="name"/>
          </accessor>
        </technique_common>
      </source>
      <sampler id="mixamorig_RightHandIndex1-Matrix-animation-transform">
        <input semantic="INPUT" source="#mixamorig_RightHandIndex1-Matrix-animation-input"/>
        <input semantic="OUTPUT" source="#mixamorig_RightHandIndex1-Matrix-animation-output-transform"/>
        <input semantic="INTERPOLATION" source="#mixamorig_RightHandIndex1-Interpolations"/>
      </sampler>
      <channel source="#mixamorig_RightHandIndex1-Matrix-animation-transform" target="mixamorig_RightHandIndex1/matrix"/>
    </animation>
    <animation id="mixamorig_RightHandIndex2-anim" name="mixamorig_RightHandIndex2">
      <source id="mixamorig_RightHandIndex2-Matrix-animation-input">
        <float_array id="mixamorig_RightHandIndex2-Matrix-animation-input-array" count="17">

0.000000 0.033333 0.066667 0.100000 0.133333 0.166667 0.200000 0.233333 0.266667 0.300000 0.333333 0.366667 0.400000 0.433333 0.466667 0.500000
0.533333</float_array>
        <technique_common>
          <accessor source="#mixamorig_RightHandIndex2-Matrix-animation-input-array" count="17">
            <param name="TIME" type="float"/>
          </accessor>
        </technique_common>
      </source>
      <source id="mixamorig_RightHandIndex2-Matrix-animation-output-transform">
        <float_array id="mixamorig_RightHandIndex2-Matrix-animation-output-transform-array" count="272">

0.999974 0.004079 0.005881 -0.001700 0.003474 0.441657 -0.897177 3.921400 -0.006257 0.897175 0.441631 0.000000 0.000000 0.000000 0.000000 1.000000
0.999955 0.005845 0.007438 -0.001700 0.005625 0.264888 -0.964263 3.921400 -0.007606 0.964261 0.264843 -0.000000 0.000000 0.000000 0.000000 1.000000
0.999927 0.008016 0.009082 -0.001700 0.008705 0.045961 -0.998905 3.921400 -0.008424 0.998911 0.045888 0.000000 0.000000 0.000000 0.000000 1.000000
0.999894 0.010117 0.010435 -0.001700 0.011941 -0.162450 -0.986644 3.921400 -0.008287 0.986665 -0.162554 0.000000 0.000000 0.000000 0.000000 1.000000
0.999869 0.011640 0.011288 -0.001700 0.014330 -0.308542 -0.951103 3.921400 -0.007588 0.951140 -0.308668 0.000000 0.000000 0.000000 0.000000 1.000000
0.999853 0.012515 0.011748 -0.001700 0.015701 -0.390284 -0.920561 3.921400 -0.006935 0.920610 -0.390423 -0.000000 0.000000 0.000000 0.000000 1.000000
0.999841 0.013124 0.012063 -0.001700 0.016654 -0.446457 -0.894650 3.921400 -0.006356 0.894709 -0.446605 0.000000 0.000000 0.000000 0.000000 1.000000
0.999833 0.013532 0.012282 -0.001700 0.017296 -0.483787 -0.875015 3.921400 -0.005899 0.875081 -0.483940 0.000000 0.000000 0.000000 0.000000 1.000000
0.999828 0.013777 0.012425 -0.001700 0.017692 -0.506446 -0.862090 3.921400 -0.005584 0.862162 -0.506602 0.000000 0.000000 0.000000 0.000000 1.000000
0.999825 0.013896 0.012512 -0.001700 0.017902 -0.518113 -0.855125 3.921400 -0.005400 0.855199 -0.518271 0.000000 0.000000 0.000000 0.000000 1.000000
0.999824 0.013928 0.012557 -0.001700 0.017982 -0.522116 -0.852685 3.921400 -0.005320 0.852761 -0.522275 0.000000 0.000000 0.000000 0.000000 1.000000
0.999824 0.013911 0.012575 -0.001700 0.017986 -0.521589 -0.853007 3.921400 -0.005307 0.853084 -0.521747 0.000000 0.000000 0.000000 0.000000 1.000000
0.999825 0.013881 0.012577 -0.001700 0.017959 -0.519603 -0.854219 3.921400 -0.005323 0.854295 -0.519762 -0.000000 0.000000 0.000000 0.000000 1.000000
0.999825 0.013850 0.012572 -0.001700 0.017924 -0.517130 -0.855719 3.921400 -0.005351 0.855795 -0.517288 0.000000 0.000000 0.000000 0.000000 1.000000
0.999829 0.013643 0.012521 -0.001700 0.017666 -0.499944 -0.865877 3.921400 -0.005553 0.865950 -0.500100 0.000000 0.000000 0.000000 0.000000 1.000000
0.999836 0.013201 0.012410 -0.001700 0.017114 -0.463084 -0.886149 3.921400 -0.005951 0.886216 -0.463234 0.000000 0.000000 0.000000 0.000000 1.000000
0.999846 0.012553 0.012234 -0.001700 0.016289 -0.407548 -0.913039 3.921400 -0.006476 0.913098 -0.407690 -0.000000 0.000000 0.000000 0.000000 1.000000</float_array>
        <technique_common>
          <accessor source="#mixamorig_RightHandIndex2-Matrix-animation-output-transform-array" count="17" stride="16">
            <param type="float4x4"/>
          </accessor>
        </technique_common>
      </source>
      <source id="mixamorig_RightHandIndex2-Interpolations">
        <Name_array id="mixamorig_RightHandIndex2-Interpolations-array" count="17">
 LINEAR LINEAR LINEAR LINEAR LINEAR LINEAR LINEAR LINEAR LINEAR LINEAR LINEAR
LINEAR LINEAR LINEAR LINEAR LINEAR LINEAR</Name_array>
        <technique_common>
          <accessor source="#mixamorig_RightHandIndex2-Interpolations-array" count="17">
            <param type="name"/>
          </accessor>
        </technique_common>
      </source>
      <sampler id="mixamorig_RightHandIndex2-Matrix-animation-transform">
        <input semantic="INPUT" source="#mixamorig_RightHandIndex2-Matrix-animation-input"/>
        <input semantic="OUTPUT" source="#mixamorig_RightHandIndex2-Matrix-animation-output-transform"/>
        <input semantic="INTERPOLATION" source="#mixamorig_RightHandIndex2-Interpolations"/>
      </sampler>
      <channel source="#mixamorig_RightHandIndex2-Matrix-animation-transform" target="mixamorig_RightHandIndex2/matrix"/>
    </animation>
    <animation id="mixamorig_RightHandIndex3-anim" name="mixamorig_RightHandIndex3">
      <source id="mixamorig_RightHandIndex3-Matrix-animation-input">
        <float_array id="mixamorig_RightHandIndex3-Matrix-animation-input-array" count="17">

0.000000 0.033333 0.066667 0.100000 0.133333 0.166667 0.200000 0.233333 0.266667 0.300000 0.333333 0.366667 0.400000 0.433333 0.466667 0.500000
0.533333</float_array>
        <technique_common>
          <accessor source="#mixamorig_RightHandIndex3-Matrix-animation-input-array" count="17">
            <param name="TIME" type="float"/>
          </accessor>
        </technique_common>
      </source>
      <source id="mixamorig_RightHandIndex3-Matrix-animation-output-transform">
        <float_array id="mixamorig_RightHandIndex3-Matrix-animation-output-transform-array" count="272">

0.999991 0.000886 0.004064 -0.000300 0.002708 0.602920 -0.797797 3.178700 -0.003157 0.797801 0.602913 0.000000 0.000000 0.000000 0.000000 1.000000
0.999982 0.001942 0.005703 -0.000300 0.003970 0.499634 -0.866228 3.178700 -0.004531 0.866234 0.499617 0.000000 0.000000 0.000000 0.000000 1.000000
0.999966 0.003227 0.007583 -0.000300 0.005858 0.368890 -0.929455 3.178700 -0.005797 0.929468 0.368858 0.000000 0.000000 0.000000 0.000000 1.000000
0.999947 0.004477 0.009309 -0.000300 0.007971 0.238716 -0.971057 3.178700 -0.006570 0.971079 0.238667 0.000000 0.000000 0.000000 0.000000 1.000000
0.999930 0.005395 0.010525 -0.000300 0.009650 0.142348 -0.989770 3.178700 -0.006838 0.989802 0.142286 0.000000 0.000000 0.000000 0.000000 1.000000
0.999919 0.005926 0.011230 -0.000300 0.010678 0.086133 -0.996226 3.178700 -0.006871 0.996266 0.086063 0.000000 0.000000 0.000000 0.000000 1.000000
0.999911 0.006296 0.011739 -0.000300 0.011434 0.046525 -0.998852 3.178700 -0.006835 0.998897 0.046449 0.000000 0.000000 0.000000 0.000000 1.000000
0.999905 0.006541 0.012099 -0.000300 0.011967 0.019898 -0.999730 3.178700 -0.006780 0.999781 0.019818 0.000000 0.000000 0.000000 0.000000 1.000000
0.999902 0.006685 0.012336 -0.000300 0.012310 0.003869 -0.999917 3.178700 -0.006732 0.999970 0.003786 -0.000000 0.000000 0.000000 0.000000 1.000000
0.999899 0.006750 0.012476 -0.000300 0.012503 -0.003996 -0.999914 3.178700 -0.006700 0.999969 -0.004080 0.000000 0.000000 0.000000 0.000000 1.000000
0.999898 0.006762 0.012545 -0.000300 0.012586 -0.006137 -0.999902 3.178700 -0.006685 0.999958 -0.006221 0.000000 0.000000 0.000000 0.000000 1.000000
0.999898 0.006744 0.012566 -0.000300 0.012600 -0.005002 -0.999908 3.178700 -0.006680 0.999965 -0.005086 -0.000000 0.000000 0.000000 0.000000 1.000000
0.999898 0.006721 0.012565 -0.000300 0.012585 -0.003035 -0.999916 3.178700 -0.006682 0.999973 -0.003119 0.000000 0.000000 0.000000 0.000000 1.000000
0.999899 0.006702 0.012551 -0.000300 0.012558 -0.001087 -0.999921 3.178700 -0.006687 0.999977 -0.001171 0.000000 0.000000 0.000000 0.000000 1.000000
0.999901 0.006587 0.012445 -0.000300 0.012369 0.011508 -0.999857 3.178700 -0.006729 0.999912 0.011426 -0.000000 0.000000 0.000000 0.000000 1.000000
0.999905 0.006344 0.012221 -0.000300 0.011970 0.038116 -0.999202 3.178700 -0.006805 0.999253 0.038036 0.000000 0.000000 0.000000 0.000000 1.000000
0.999911 0.005988 0.011890 -0.000300 0.011393 0.077221 -0.996949 3.178700 -0.006888 0.996996 0.077146 -0.000000 0.000000 0.000000 0.000000 1.000000</float_array>
        <technique_common>
          <accessor source="#mixamorig_RightHandIndex3-Matrix-animation-output-transform-array" count="17" stride="16">
            <param type="float4x4"/>
          </accessor>
        </technique_common>
      </source>
      <source id="mixamorig_RightHandIndex3-Interpolations">
        <Name_array id="mixamorig_RightHandIndex3-Interpolations-array" count="17">
 LINEAR LINEAR LINEAR LINEAR LINEAR LINEAR LINEAR LINEAR LINEAR LINEAR LINEAR
LINEAR LINEAR LINEAR LINEAR LINEAR LINEAR</Name_array>
        <technique_common>
          <accessor source="#mixamorig_RightHandIndex3-Interpolations-array" count="17">
            <param type="name"/>
          </accessor>
        </technique_common>
      </source>
      <sampler id="mixamorig_RightHandIndex3-Matrix-animation-transform">
        <input semantic="INPUT" source="#mixamorig_RightHandIndex3-Matrix-animation-input"/>
        <input semantic="OUTPUT" source="#mixamorig_RightHandIndex3-Matrix-animation-output-transform"/>
        <input semantic="INTERPOLATION" source="#mixamorig_RightHandIndex3-Interpolations"/>
      </sampler>
      <channel source="#mixamorig_RightHandIndex3-Matrix-animation-transform" target="mixamorig_RightHandIndex3/matrix"/>
    </animation>
    <animation id="mixamorig_RightHandMiddle1-anim" name="mixamorig_RightHandMiddle1">
      <source id="mixamorig_RightHandMiddle1-Matrix-animation-input">
        <float_array id="mixamorig_RightHandMiddle1-Matrix-animation-input-array" count="17">

0.000000 0.033333 0.066667 0.100000 0.133333 0.166667 0.200000 0.233333 0.266667 0.300000 0.333333 0.366667 0.400000 0.433333 0.466667 0.500000
0.533333</float_array>
        <technique_common>
          <accessor source="#mixamorig_RightHandMiddle1-Matrix-animation-input-array" count="17">
            <param name="TIME" type="float"/>
          </accessor>
        </technique_common>
      </source>
      <source id="mixamorig_RightHandMiddle1-Matrix-animation-output-transform">
        <float_array id="mixamorig_RightHandMiddle1-Matrix-animation-output-transform-array" count="272">

0.993311 -0.021596 -0.113436 1.695500 0.029010 0.997520 0.064120 14.609200 0.111770 -0.066982 0.991474 0.049800 0.000000 0.000000 0.000000 1.000000
0.990993 -0.019400 -0.132498 1.695500 0.001715 0.991207 -0.132308 14.609200 0.133900 0.130889 0.982313 0.049800 0.000000 0.000000 0.000000 1.000000
0.989044 -0.021204 -0.146088 1.695500 -0.032563 0.933915 -0.356010 14.609200 0.143983 0.356867 0.922992 0.049800 0.000000 0.000000 0.000000 1.000000
0.988435 -0.025194 -0.149536 1.695500 -0.061953 0.832963 -0.549849 14.609200 0.138412 0.552754 0.821769 0.049800 0.000000 0.000000 0.000000 1.000000
0.988846 -0.028221 -0.146245 1.695500 -0.078718 0.734524 -0.674001 14.609200 0.126442 0.677996 0.724109 0.049800 0.000000 0.000000 0.000000 1.000000
0.989415 -0.029673 -0.142045 1.695500 -0.086065 0.668121 -0.739058 14.609200 0.116834 0.743460 0.658496 0.049800 0.000000 0.000000 0.000000 1.000000
0.989963 -0.030455 -0.138007 1.695500 -0.090029 0.616835 -0.781927 14.609200 0.108941 0.786503 0.607902 0.049800 0.000000 0.000000 0.000000 1.000000
0.990405 -0.030831 -0.134713 1.695500 -0.092093 0.579565 -0.809706 14.609200 0.103039 0.814343 0.571165 0.049800 0.000000 0.000000 0.000000 1.000000
0.990712 -0.030986 -0.132402 1.695500 -0.093101 0.555115 -0.826547 14.609200 0.099110 0.831196 0.547074 0.049800 0.000000 0.000000 0.000000 1.000000
0.990890 -0.031037 -0.131049 1.695500 -0.093554 0.541333 -0.835587 14.609200 0.096876 0.840235 0.533498 0.049800 0.000000 0.000000 0.000000 1.000000
0.990966 -0.031045 -0.130469 1.695500 -0.093723 0.535541 -0.839293 14.609200 0.095927 0.843939 0.527793 0.049800 0.000000 0.000000 0.000000 1.000000
0.990976 -0.031037 -0.130393 1.695500 -0.093746 0.534803 -0.839760 14.609200 0.095799 0.844406 0.527068 0.049800 0.000000 0.000000 0.000000 1.000000
0.990960 -0.031028 -0.130521 1.695500 -0.093713 0.536092 -0.838942 14.609200 0.096001 0.843589 0.528338 0.049800 0.000000 0.000000 0.000000 1.000000
0.990936 -0.030821 -0.130747 1.695500 -0.093788 0.538077 -0.837662 14.609200 0.096170 0.842332 0.530310 0.049800 0.000000 0.000000 0.000000 1.000000
0.990780 -0.028841 -0.132378 1.695500 -0.094646 0.551788 -0.828596 14.609200 0.096942 0.833486 0.543971 0.049800 0.000000 0.000000 0.000000 1.000000
0.990453 -0.024609 -0.135636 1.695500 -0.096357 0.580046 -0.808864 14.609200 0.098580 0.814212 0.572137 0.049800 0.000000 0.000000 0.000000 1.000000
0.989983 -0.018268 -0.139997 1.695500 -0.098632 0.620002 -0.778376 14.609200 0.101018 0.784388 0.611990 0.049800 0.000000 0.000000 0.000000 1.000000</float_array>
        <technique_common>
          <accessor source="#mixamorig_RightHandMiddle1-Matrix-animation-output-transform-array" count="17" stride="16">
            <param type="float4x4"/>
          </accessor>
        </technique_common>
      </source>
      <source id="mixamorig_RightHandMiddle1-Interpolations">
        <Name_array id="mixamorig_RightHandMiddle1-Interpolations-array" count="17">
 LINEAR LINEAR LINEAR LINEAR LINEAR LINEAR LINEAR LINEAR LINEAR LINEAR LINEAR
LINEAR LINEAR LINEAR LINEAR LINEAR LINEAR</Name_array>
        <technique_common>
          <accessor source="#mixamorig_RightHandMiddle1-Interpolations-array" count="17">
            <param type="name"/>
          </accessor>
        </technique_common>
      </source>
      <sampler id="mixamorig_RightHandMiddle1-Matrix-animation-transform">
        <input semantic="INPUT" source="#mixamorig_RightHandMiddle1-Matrix-animation-input"/>
        <input semantic="OUTPUT" source="#mixamorig_RightHandMiddle1-Matrix-animation-output-transform"/>
        <input semantic="INTERPOLATION" source="#mixamorig_RightHandMiddle1-Interpolations"/>
      </sampler>
      <channel source="#mixamorig_RightHandMiddle1-Matrix-animation-transform" target="mixamorig_RightHandMiddle1/matrix"/>
    </animation>
    <animation id="mixamorig_RightHandMiddle2-anim" name="mixamorig_RightHandMiddle2">
      <source id="mixamorig_RightHandMiddle2-Matrix-animation-input">
        <float_array id="mixamorig_RightHandMiddle2-Matrix-animation-input-array" count="17">

0.000000 0.033333 0.066667 0.100000 0.133333 0.166667 0.200000 0.233333 0.266667 0.300000 0.333333 0.366667 0.400000 0.433333 0.466667 0.500000
0.533333</float_array>
        <technique_common>
          <accessor source="#mixamorig_RightHandMiddle2-Matrix-animation-input-array" count="17">
            <param name="TIME" type="float"/>
          </accessor>
        </technique_common>
      </source>
      <source id="mixamorig_RightHandMiddle2-Matrix-animation-output-transform">
        <float_array id="mixamorig_RightHandMiddle2-Matrix-animation-output-transform-array" count="272">

0.999826 -0.017625 0.006188 -0.000200 0.014626 0.532607 -0.846236 4.318300 0.011619 0.846179 0.532772 -0.000000 0.000000 0.000000 0.000000 1.000000
0.999794 -0.018700 0.007928 -0.000200 0.014301 0.370956 -0.928540 4.318300 0.014423 0.928462 0.371147 0.000000 0.000000 0.000000 0.000000 1.000000
0.999763 -0.019448 0.009756 -0.000200 0.012852 0.166023 -0.986038 4.318300 0.017556 0.985930 0.166234 0.000000 0.000000 0.000000 0.000000 1.000000
0.999744 -0.019695 0.011174 -0.000200 0.010493 -0.034327 -0.999356 4.318300 0.020066 0.999217 -0.034112 -0.000000 0.000000 0.000000 0.000000 1.000000
0.999736 -0.019636 0.011964 -0.000200 0.008265 -0.178672 -0.983874 4.318300 0.021457 0.983713 -0.178463 0.000000 0.000000 0.000000 0.000000 1.000000
0.999733 -0.019523 0.012323 -0.000200 0.006781 -0.261900 -0.965071 4.318300 0.022069 0.964897 -0.261698 -0.000000 0.000000 0.000000 0.000000 1.000000
0.999733 -0.019410 0.012530 -0.000200 0.005639 -0.320909 -0.947093 4.318300 0.022404 0.946911 -0.320714 0.000000 0.000000 0.000000 0.000000 1.000000
0.999733 -0.019316 0.012647 -0.000200 0.004808 -0.361599 -0.932321 4.318300 0.022582 0.932134 -0.361410 -0.000000 0.000000 0.000000 0.000000 1.000000
0.999734 -0.019249 0.012713 -0.000200 0.004258 -0.387625 -0.921807 4.318300 0.022672 0.921616 -0.387440 -0.000000 0.000000 0.000000 0.000000 1.000000
0.999734 -0.019210 0.012745 -0.000200 0.003939 -0.402360 -0.915473 4.318300 0.022714 0.915280 -0.402177 0.000000 0.000000 0.000000 0.000000 1.000000
0.999734 -0.019192 0.012758 -0.000200 0.003795 -0.408935 -0.912556 4.318300 0.022731 0.912362 -0.408754 0.000000 0.000000 0.000000 0.000000 1.000000
0.999734 -0.019188 0.012761 -0.000200 0.003765 -0.410336 -0.911927 4.318300 0.022734 0.911733 -0.410154 0.000000 0.000000 0.000000 0.000000 1.000000
0.999734 -0.019190 0.012758 -0.000200 0.003783 -0.409479 -0.912312 4.318300 0.022732 0.912118 -0.409298 0.000000 0.000000 0.000000 0.000000 1.000000
0.999734 -0.019201 0.012755 -0.000200 0.003836 -0.407057 -0.913395 4.318300 0.022730 0.913201 -0.406875 0.000000 0.000000 0.000000 0.000000 1.000000
0.999733 -0.019293 0.012728 -0.000200 0.004250 -0.387860 -0.921709 4.318300 0.022719 0.921517 -0.387674 0.000000 0.000000 0.000000 0.000000 1.000000
0.999730 -0.019478 0.012655 -0.000200 0.005112 -0.346959 -0.937866 4.318300 0.022659 0.937678 -0.346766 -0.000000 0.000000 0.000000 0.000000 1.000000
0.999727 -0.019729 0.012506 -0.000200 0.006344 -0.285950 -0.958223 4.318300 0.022481 0.958041 -0.285747 0.000000 0.000000 0.000000 0.000000 1.000000</float_array>
        <technique_common>
          <accessor source="#mixamorig_RightHandMiddle2-Matrix-animation-output-transform-array" count="17" stride="16">
            <param type="float4x4"/>
          </accessor>
        </technique_common>
      </source>
      <source id="mixamorig_RightHandMiddle2-Interpolations">
        <Name_array id="mixamorig_RightHandMiddle2-Interpolations-array" count="17">
 LINEAR LINEAR LINEAR LINEAR LINEAR LINEAR LINEAR LINEAR LINEAR LINEAR LINEAR
LINEAR LINEAR LINEAR LINEAR LINEAR LINEAR</Name_array>
        <technique_common>
          <accessor source="#mixamorig_RightHandMiddle2-Interpolations-array" count="17">
            <param type="name"/>
          </accessor>
        </technique_common>
      </source>
      <sampler id="mixamorig_RightHandMiddle2-Matrix-animation-transform">
        <input semantic="INPUT" source="#mixamorig_RightHandMiddle2-Matrix-animation-input"/>
        <input semantic="OUTPUT" source="#mixamorig_RightHandMiddle2-Matrix-animation-output-transform"/>
        <input semantic="INTERPOLATION" source="#mixamorig_RightHandMiddle2-Interpolations"/>
      </sampler>
      <channel source="#mixamorig_RightHandMiddle2-Matrix-animation-transform" target="mixamorig_RightHandMiddle2/matrix"/>
    </animation>
    <animation id="mixamorig_RightHandMiddle3-anim" name="mixamorig_RightHandMiddle3">
      <source id="mixamorig_RightHandMiddle3-Matrix-animation-input">
        <float_array id="mixamorig_RightHandMiddle3-Matrix-animation-input-array" count="17">

0.000000 0.033333 0.066667 0.100000 0.133333 0.166667 0.200000 0.233333 0.266667 0.300000 0.333333 0.366667 0.400000 0.433333 0.466667 0.500000
0.533333</float_array>
        <technique_common>
          <accessor source="#mixamorig_RightHandMiddle3-Matrix-animation-input-array" count="17">
            <param name="TIME" type="float"/>
          </accessor>
        </technique_common>
      </source>
      <source id="mixamorig_RightHandMiddle3-Matrix-animation-output-transform">
        <float_array id="mixamorig_RightHandMiddle3-Matrix-animation-output-transform-array" count="272">

0.999920 -0.012658 -0.000489 0.001500 0.004602 0.398973 -0.916951 3.241000 0.011802 0.916875 0.398999 0.000000 0.000000 0.000000 0.000000 1.000000
0.999903 -0.013916 -0.000611 0.001500 0.003977 0.327276 -0.944920 3.241000 0.013349 0.944826 0.327300 0.000000 0.000000 0.000000 0.000000 1.000000
0.999882 -0.015324 -0.000729 0.001500 0.002982 0.240745 -0.970584 3.241000 0.015049 0.970468 0.240762 0.000000 0.000000 0.000000 0.000000 1.000000
0.999862 -0.016585 -0.000821 0.001500 0.001800 0.157461 -0.987524 3.241000 0.016507 0.987386 0.157470 0.000000 0.000000 0.000000 0.000000 1.000000
0.999847 -0.017452 -0.000883 0.001500 0.000811 0.096813 -0.995302 3.241000 0.017456 0.995150 0.096813 0.000000 0.000000 0.000000 0.000000 1.000000
0.999839 -0.017940 -0.000926 0.001500 0.000179 0.061485 -0.998108 3.241000 0.017963 0.997947 0.061478 -0.000000 0.000000 0.000000 0.000000 1.000000
0.999832 -0.018278 -0.000967 0.001500 -0.000301 0.036424 -0.999336 3.241000 0.018302 0.999169 0.036413 -0.000000 0.000000 0.000000 0.000000 1.000000
0.999828 -0.018507 -0.001008 0.001500 -0.000649 0.019358 -0.999812 3.241000 0.018523 0.999641 0.019343 0.000000 0.000000 0.000000 0.000000 1.000000
0.999826 -0.018647 -0.001045 0.001500 -0.000881 0.008833 -0.999961 3.241000 0.018656 0.999787 0.008815 -0.000000 0.000000 0.000000 0.000000 1.000000
0.999824 -0.018722 -0.001078 0.001500 -0.001015 0.003386 -0.999994 3.241000 0.018725 0.999819 0.003366 0.000000 0.000000 0.000000 0.000000 1.000000
0.999824 -0.018747 -0.001106 0.001500 -0.001077 0.001549 -0.999998 3.241000 0.018749 0.999823 0.001528 0.000000 0.000000 0.000000 0.000000 1.000000
0.999824 -0.018746 -0.001127 0.001500 -0.001092 0.001855 -0.999998 3.241000 0.018748 0.999823 0.001834 0.000000 0.000000 0.000000 0.000000 1.000000
0.999824 -0.018733 -0.001139 0.001500 -0.001086 0.002833 -0.999995 3.241000 0.018737 0.999820 0.002812 0.000000 0.000000 0.000000 0.000000 1.000000
0.999824 -0.018718 -0.001146 0.001500 -0.001062 0.004455 -0.999990 3.241000 0.018723 0.999815 0.004434 -0.000000 0.000000 0.000000 0.000000 1.000000
0.999826 -0.018610 -0.001189 0.001500 -0.000875 0.016850 -0.999858 3.241000 0.018627 0.999685 0.016831 0.000000 0.000000 0.000000 0.000000 1.000000
0.999830 -0.018378 -0.001278 0.001500 -0.000486 0.043006 -0.999075 3.241000 0.018416 0.998906 0.042990 0.000000 0.000000 0.000000 0.000000 1.000000
0.999837 -0.018026 -0.001409 0.001500 0.000063 0.081397 -0.996682 3.241000 0.018080 0.996519 0.081384 0.000000 0.000000 0.000000 0.000000 1.000000</float_array>
        <technique_common>
          <accessor source="#mixamorig_RightHandMiddle3-Matrix-animation-output-transform-array" count="17" stride="16">
            <param type="float4x4"/>
          </accessor>
        </technique_common>
      </source>
      <source id="mixamorig_RightHandMiddle3-Interpolations">
        <Name_array id="mixamorig_RightHandMiddle3-Interpolations-array" count="17">
 LINEAR LINEAR LINEAR LINEAR LINEAR LINEAR LINEAR LINEAR LINEAR LINEAR LINEAR
LINEAR LINEAR LINEAR LINEAR LINEAR LINEAR</Name_array>
        <technique_common>
          <accessor source="#mixamorig_RightHandMiddle3-Interpolations-array" count="17">
            <param type="name"/>
          </accessor>
        </technique_common>
      </source>
      <sampler id="mixamorig_RightHandMiddle3-Matrix-animation-transform">
        <input semantic="INPUT" source="#mixamorig_RightHandMiddle3-Matrix-animation-input"/>
        <input semantic="OUTPUT" source="#mixamorig_RightHandMiddle3-Matrix-animation-output-transform"/>
        <input semantic="INTERPOLATION" source="#mixamorig_RightHandMiddle3-Interpolations"/>
      </sampler>
      <channel source="#mixamorig_RightHandMiddle3-Matrix-animation-transform" target="mixamorig_RightHandMiddle3/matrix"/>
    </animation>
    <animation id="mixamorig_RightHandRing1-anim" name="mixamorig_RightHandRing1">
      <source id="mixamorig_RightHandRing1-Matrix-animation-input">
        <float_array id="mixamorig_RightHandRing1-Matrix-animation-input-array" count="17">

0.000000 0.033333 0.066667 0.100000 0.133333 0.166667 0.200000 0.233333 0.266667 0.300000 0.333333 0.366667 0.400000 0.433333 0.466667 0.500000
0.533333</float_array>
        <technique_common>
          <accessor source="#mixamorig_RightHandRing1-Matrix-animation-input-array" count="17">
            <param name="TIME" type="float"/>
          </accessor>
        </technique_common>
      </source>
      <source id="mixamorig_RightHandRing1-Matrix-animation-output-transform">
        <float_array id="mixamorig_RightHandRing1-Matrix-animation-output-transform-array" count="272">

0.978607 -0.173508 -0.110560 -1.709700 0.166943 0.983744 -0.066170 14.370000 0.120244 0.046298 0.991664 -0.144700 0.000000 0.000000 0.000000 1.000000
0.984691 -0.139260 -0.104838 -1.709700 0.109460 0.962076 -0.249856 14.370000 0.135657 0.234555 0.962591 -0.144700 0.000000 0.000000 0.000000 1.000000
0.990725 -0.102068 -0.089702 -1.709700 0.050150 0.888187 -0.456737 14.370000 0.126290 0.448002 0.885068 -0.144700 0.000000 0.000000 0.000000 1.000000
0.995441 -0.068107 -0.066778 -1.709700 0.010429 0.773624 -0.633559 14.370000 0.094811 0.629974 0.770807 -0.144700 0.000000 0.000000 0.000000 1.000000
0.998051 -0.043148 -0.045090 -1.709700 -0.004797 0.667326 -0.744750 14.370000 0.062225 0.743515 0.665818 -0.144700 0.000000 0.000000 0.000000 1.000000
0.999141 -0.028117 -0.030443 -1.709700 -0.007610 0.597624 -0.801740 14.370000 0.040736 0.801283 0.596897 -0.144700 0.000000 0.000000 0.000000 1.000000
0.999671 -0.017082 -0.019114 -1.709700 -0.006721 0.544918 -0.838462 14.370000 0.024738 0.838315 0.544624 -0.144700 0.000000 0.000000 0.000000 1.000000
0.999897 -0.009308 -0.010918 -1.709700 -0.004686 0.507399 -0.861698 14.370000 0.013560 0.861661 0.507303 -0.144700 0.000000 0.000000 0.000000 1.000000
0.999975 -0.004346 -0.005607 -1.709700 -0.002808 0.483393 -0.875399 14.370000 0.006515 0.875393 0.483368 -0.144700 0.000000 0.000000 0.000000 1.000000
0.999995 -0.001655 -0.002702 -1.709700 -0.001606 0.470397 -0.882453 14.370000 0.002732 0.882453 0.470392 -0.144700 0.000000 0.000000 0.000000 1.000000
0.999999 -0.000632 -0.001586 -1.709700 -0.001110 0.465481 -0.885057 14.370000 0.001298 0.885058 0.465480 -0.144700 0.000000 0.000000 0.000000 1.000000
0.999999 -0.000631 -0.001575 -1.709700 -0.001100 0.465516 -0.885039 14.370000 0.001292 0.885039 0.465515 -0.144700 0.000000 0.000000 0.000000 1.000000
0.999998 -0.000996 -0.001963 -1.709700 -0.001270 0.467309 -0.884093 14.370000 0.001798 0.884093 0.467307 -0.144700 0.000000 0.000000 0.000000 1.000000
0.999996 -0.001246 -0.002515 -1.709700 -0.001636 0.469498 -0.882932 14.370000 0.002281 0.882933 0.469494 -0.144700 0.000000 0.000000 0.000000 1.000000
0.999977 -0.002299 -0.006391 -1.709700 -0.004480 0.483982 -0.875067 14.370000 0.005105 0.875075 0.483960 -0.144700 0.000000 0.000000 0.000000 1.000000
0.999887 -0.004427 -0.014358 -1.709700 -0.010042 0.513908 -0.857787 14.370000 0.011176 0.857834 0.513805 -0.144700 0.000000 0.000000 0.000000 1.000000
0.999646 -0.007350 -0.025586 -1.709700 -0.017171 0.556420 -0.830723 14.370000 0.020343 0.830868 0.556097 -0.144700 0.000000 0.000000 0.000000 1.000000</float_array>
        <technique_common>
          <accessor source="#mixamorig_RightHandRing1-Matrix-animation-output-transform-array" count="17" stride="16">
            <param type="float4x4"/>
          </accessor>
        </technique_common>
      </source>
      <source id="mixamorig_RightHandRing1-Interpolations">
        <Name_array id="mixamorig_RightHandRing1-Interpolations-array" count="17">
 LINEAR LINEAR LINEAR LINEAR LINEAR LINEAR LINEAR LINEAR LINEAR LINEAR LINEAR
LINEAR LINEAR LINEAR LINEAR LINEAR LINEAR</Name_array>
        <technique_common>
          <accessor source="#mixamorig_RightHandRing1-Interpolations-array" count="17">
            <param type="name"/>
          </accessor>
        </technique_common>
      </source>
      <sampler id="mixamorig_RightHandRing1-Matrix-animation-transform">
        <input semantic="INPUT" source="#mixamorig_RightHandRing1-Matrix-animation-input"/>
        <input semantic="OUTPUT" source="#mixamorig_RightHandRing1-Matrix-animation-output-transform"/>
        <input semantic="INTERPOLATION" source="#mixamorig_RightHandRing1-Interpolations"/>
      </sampler>
      <channel source="#mixamorig_RightHandRing1-Matrix-animation-transform" target="mixamorig_RightHandRing1/matrix"/>
    </animation>
    <animation id="mixamorig_RightHandRing2-anim" name="mixamorig_RightHandRing2">
      <source id="mixamorig_RightHandRing2-Matrix-animation-input">
        <float_array id="mixamorig_RightHandRing2-Matrix-animation-input-array" count="17">

0.000000 0.033333 0.066667 0.100000 0.133333 0.166667 0.200000 0.233333 0.266667 0.300000 0.333333 0.366667 0.400000 0.433333 0.466667 0.500000
0.533333</float_array>
        <technique_common>
          <accessor source="#mixamorig_RightHandRing2-Matrix-animation-input-array" count="17">
            <param name="TIME" type="float"/>
          </accessor>
        </technique_common>
      </source>
      <source id="mixamorig_RightHandRing2-Matrix-animation-output-transform">
        <float_array id="mixamorig_RightHandRing2-Matrix-animation-output-transform-array" count="272">

0.999984 -0.005593 0.000789 0.001300 0.002745 0.359114 -0.933290 3.380800 0.004937 0.933277 0.359124 0.000000 0.000000 0.000000 0.000000 1.000000
0.999975 -0.007011 0.000588 0.001300 0.002202 0.232512 -0.972591 3.380800 0.006682 0.972568 0.232521 0.000000 0.000000 0.000000 0.000000 1.000000
0.999963 -0.008587 0.000333 0.001300 0.001009 0.078906 -0.996882 3.380800 0.008534 0.996845 0.078912 0.000000 0.000000 0.000000 0.000000 1.000000
0.999950 -0.009989 0.000059 0.001300 -0.000617 -0.067660 -0.997708 3.380800 0.009970 0.997658 -0.067663 -0.000000 0.000000 0.000000 0.000000 1.000000
0.999940 -0.010953 -0.000164 0.001300 -0.002052 -0.172600 -0.984990 3.380800 0.010760 0.984931 -0.172612 0.000000 0.000000 0.000000 0.000000 1.000000
0.999934 -0.011497 -0.000307 0.001300 -0.002978 -0.233018 -0.972468 3.380800 0.011109 0.972404 -0.233037 0.000000 0.000000 0.000000 0.000000 1.000000
0.999929 -0.011881 -0.000416 0.001300 -0.003676 -0.275714 -0.961233 3.380800 0.011305 0.961166 -0.275738 0.000000 0.000000 0.000000 0.000000 1.000000
0.999926 -0.012141 -0.000495 0.001300 -0.004174 -0.304923 -0.952368 3.380800 0.011412 0.952300 -0.304951 0.000000 0.000000 0.000000 0.000000 1.000000
0.999924 -0.012306 -0.000547 0.001300 -0.004496 -0.323270 -0.946296 3.380800 0.011469 0.946227 -0.323300 0.000000 0.000000 0.000000 0.000000 1.000000
0.999923 -0.012395 -0.000575 0.001300 -0.004673 -0.333239 -0.942831 3.380800 0.011495 0.942761 -0.333271 0.000000 0.000000 0.000000 0.000000 1.000000
0.999923 -0.012431 -0.000586 0.001300 -0.004744 -0.337207 -0.941418 3.380800 0.011505 0.941348 -0.337240 0.000000 0.000000 0.000000 0.000000 1.000000
0.999923 -0.012434 -0.000588 0.001300 -0.004750 -0.337489 -0.941317 3.380800 0.011506 0.941247 -0.337522 0.000000 0.000000 0.000000 0.000000 1.000000
0.999923 -0.012425 -0.000585 0.001300 -0.004731 -0.336375 -0.941716 3.380800 0.011504 0.941646 -0.336408 0.000000 0.000000 0.000000 0.000000 1.000000
0.999923 -0.012414 -0.000582 0.001300 -0.004693 -0.333871 -0.942607 3.380800 0.011507 0.942537 -0.333904 0.000000 0.000000 0.000000 0.000000 1.000000
0.999924 -0.012348 -0.000566 0.001300 -0.004414 -0.313920 -0.949439 3.380800 0.011546 0.949369 -0.313951 0.000000 0.000000 0.000000 0.000000 1.000000
0.999925 -0.012206 -0.000537 0.001300 -0.003832 -0.271622 -0.962396 3.380800 0.011602 0.962327 -0.271648 0.000000 0.000000 0.000000 0.000000 1.000000
0.999928 -0.011989 -0.000505 0.001300 -0.003000 -0.208975 -0.977916 3.380800 0.011619 0.977847 -0.208996 0.000000 0.000000 0.000000 0.000000 1.000000</float_array>
        <technique_common>
          <accessor source="#mixamorig_RightHandRing2-Matrix-animation-output-transform-array" count="17" stride="16">
            <param type="float4x4"/>
          </accessor>
        </technique_common>
      </source>
      <source id="mixamorig_RightHandRing2-Interpolations">
        <Name_array id="mixamorig_RightHandRing2-Interpolations-array" count="17">
 LINEAR LINEAR LINEAR LINEAR LINEAR LINEAR LINEAR LINEAR LINEAR LINEAR LINEAR
LINEAR LINEAR LINEAR LINEAR LINEAR LINEAR</Name_array>
        <technique_common>
          <accessor source="#mixamorig_RightHandRing2-Interpolations-array" count="17">
            <param type="name"/>
          </accessor>
        </technique_common>
      </source>
      <sampler id="mixamorig_RightHandRing2-Matrix-animation-transform">
        <input semantic="INPUT" source="#mixamorig_RightHandRing2-Matrix-animation-input"/>
        <input semantic="OUTPUT" source="#mixamorig_RightHandRing2-Matrix-animation-output-transform"/>
        <input semantic="INTERPOLATION" source="#mixamorig_RightHandRing2-Interpolations"/>
      </sampler>
      <channel source="#mixamorig_RightHandRing2-Matrix-animation-transform" target="mixamorig_RightHandRing2/matrix"/>
    </animation>
    <animation id="mixamorig_RightHandRing3-anim" name="mixamorig_RightHandRing3">
      <source id="mixamorig_RightHandRing3-Matrix-animation-input">
        <float_array id="mixamorig_RightHandRing3-Matrix-animation-input-array" count="17">

0.000000 0.033333 0.066667 0.100000 0.133333 0.166667 0.200000 0.233333 0.266667 0.300000 0.333333 0.366667 0.400000 0.433333 0.466667 0.500000
0.533333</float_array>
        <technique_common>
          <accessor source="#mixamorig_RightHandRing3-Matrix-animation-input-array" count="17">
            <param name="TIME" type="float"/>
          </accessor>
        </technique_common>
      </source>
      <source id="mixamorig_RightHandRing3-Matrix-animation-output-transform">
        <float_array id="mixamorig_RightHandRing3-Matrix-animation-output-transform-array" count="272">

0.999938 -0.009567 0.005661 -0.000200 0.008087 0.276605 -0.960950 2.845800 0.007628 0.960936 0.276665 0.000000 0.000000 0.000000 0.000000 1.000000
0.999933 -0.009662 0.006397 -0.000200 0.008008 0.177167 -0.984148 2.845800 0.008375 0.984133 0.177232 -0.000000 0.000000 0.000000 0.000000 1.000000
0.999928 -0.009702 0.007126 -0.000200 0.007679 0.058170 -0.998277 2.845800 0.009271 0.998260 0.058240 -0.000000 0.000000 0.000000 0.000000 1.000000
0.999924 -0.009685 0.007674 -0.000200 0.007132 -0.054827 -0.998470 2.845800 0.010091 0.998449 -0.054754 -0.000000 0.000000 0.000000 0.000000 1.000000
0.999922 -0.009648 0.007982 -0.000200 0.006596 -0.136041 -0.990681 2.845800 0.010644 0.990656 -0.135966 -0.000000 0.000000 0.000000 0.000000 1.000000
0.999921 -0.009619 0.008128 -0.000200 0.006228 -0.183240 -0.983048 2.845800 0.010945 0.983021 -0.183166 0.000000 0.000000 0.000000 0.000000 1.000000
0.999920 -0.009597 0.008216 -0.000200 0.005938 -0.216975 -0.976159 2.845800 0.011151 0.976130 -0.216901 0.000000 0.000000 0.000000 0.000000 1.000000
0.999920 -0.009581 0.008270 -0.000200 0.005725 -0.240362 -0.970666 2.845800 0.011287 0.970636 -0.240288 0.000000 0.000000 0.000000 0.000000 1.000000
0.999920 -0.009570 0.008301 -0.000200 0.005583 -0.255322 -0.966840 2.845800 0.011372 0.966809 -0.255248 -0.000000 0.000000 0.000000 0.000000 1.000000
0.999920 -0.009564 0.008317 -0.000200 0.005501 -0.263702 -0.964588 2.845800 0.011418 0.964557 -0.263629 0.000000 0.000000 0.000000 0.000000 1.000000
0.999920 -0.009562 0.008324 -0.000200 0.005465 -0.267307 -0.963596 2.845800 0.011438 0.963564 -0.267233 0.000000 0.000000 0.000000 0.000000 1.000000
0.999920 -0.009561 0.008324 -0.000200 0.005459 -0.267905 -0.963430 2.845800 0.011442 0.963398 -0.267832 0.000000 0.000000 0.000000 0.000000 1.000000
0.999920 -0.009561 0.008323 -0.000200 0.005465 -0.267255 -0.963610 2.845800 0.011438 0.963578 -0.267181 -0.000000 0.000000 0.000000 0.000000 1.000000
0.999920 -0.009571 0.008326 -0.000200 0.005490 -0.265204 -0.964177 2.845800 0.011436 0.964145 -0.265130 0.000000 0.000000 0.000000 0.000000 1.000000
0.999918 -0.009664 0.008362 -0.000200 0.005702 -0.248186 -0.968696 2.845800 0.011436 0.968664 -0.248110 -0.000000 0.000000 0.000000 0.000000 1.000000
0.999916 -0.009857 0.008427 -0.000200 0.006144 -0.212160 -0.977216 2.845800 0.011420 0.977185 -0.212081 0.000000 0.000000 0.000000 0.000000 1.000000
0.999913 -0.010137 0.008493 -0.000200 0.006774 -0.158938 -0.987265 2.845800 0.011358 0.987237 -0.158856 0.000000 0.000000 0.000000 0.000000 1.000000</float_array>
        <technique_common>
          <accessor source="#mixamorig_RightHandRing3-Matrix-animation-output-transform-array" count="17" stride="16">
            <param type="float4x4"/>
          </accessor>
        </technique_common>
      </source>
      <source id="mixamorig_RightHandRing3-Interpolations">
        <Name_array id="mixamorig_RightHandRing3-Interpolations-array" count="17">
 LINEAR LINEAR LINEAR LINEAR LINEAR LINEAR LINEAR LINEAR LINEAR LINEAR LINEAR
LINEAR LINEAR LINEAR LINEAR LINEAR LINEAR</Name_array>
        <technique_common>
          <accessor source="#mixamorig_RightHandRing3-Interpolations-array" count="17">
            <param type="name"/>
          </accessor>
        </technique_common>
      </source>
      <sampler id="mixamorig_RightHandRing3-Matrix-animation-transform">
        <input semantic="INPUT" source="#mixamorig_RightHandRing3-Matrix-animation-input"/>
        <input semantic="OUTPUT" source="#mixamorig_RightHandRing3-Matrix-animation-output-transform"/>
        <input semantic="INTERPOLATION" source="#mixamorig_RightHandRing3-Interpolations"/>
      </sampler>
      <channel source="#mixamorig_RightHandRing3-Matrix-animation-transform" target="mixamorig_RightHandRing3/matrix"/>
    </animation>
    <animation id="mixamorig_RightHandPinky1-anim" name="mixamorig_RightHandPinky1">
      <source id="mixamorig_RightHandPinky1-Matrix-animation-input">
        <float_array id="mixamorig_RightHandPinky1-Matrix-animation-input-array" count="17">

0.000000 0.033333 0.066667 0.100000 0.133333 0.166667 0.200000 0.233333 0.266667 0.300000 0.333333 0.366667 0.400000 0.433333 0.466667 0.500000
0.533333</float_array>
        <technique_common>
          <accessor source="#mixamorig_RightHandPinky1-Matrix-animation-input-array" count="17">
            <param name="TIME" type="float"/>
          </accessor>
        </technique_common>
      </source>
      <source id="mixamorig_RightHandPinky1-Matrix-animation-output-transform">
        <float_array id="mixamorig_RightHandPinky1-Matrix-animation-output-transform-array" count="272">

0.955645 -0.280887 -0.088573 -4.848000 0.236508 0.911105 -0.337568 14.008100 0.175518 0.301647 0.937124 -0.068600 0.000000 0.000000 0.000000 1.000000
0.980181 -0.192367 -0.047320 -4.848000 0.147764 0.869053 -0.472136 14.008100 0.131947 0.455787 0.880254 -0.068600 0.000000 0.000000 0.000000 1.000000
0.996183 -0.087044 0.006487 -4.848000 0.072010 0.777580 -0.624647 14.008100 0.049328 0.622730 0.780880 -0.068600 0.000000 0.000000 0.000000 1.000000
0.998054 0.013686 0.060842 -4.848000 0.036987 0.655589 -0.754211 14.008100 -0.050210 0.754994 0.653807 -0.068600 0.000000 0.000000 0.000000 1.000000
0.991057 0.087133 0.101062 -4.848000 0.036562 0.551065 -0.833661 14.008100 -0.128331 0.829901 0.542951 -0.068600 0.000000 0.000000 0.000000 1.000000
0.983649 0.130056 0.124584 -4.848000 0.046333 0.485726 -0.872882 14.008100 -0.174037 0.864382 0.471758 -0.068600 0.000000 0.000000 0.000000 1.000000
0.976858 0.160615 0.141249 -4.848000 0.057729 0.437889 -0.897174 14.008100 -0.205950 0.884566 0.418483 -0.068600 0.000000 0.000000 0.000000 1.000000
0.971480 0.181522 0.152567 -4.848000 0.067593 0.404724 -0.911937 14.008100 -0.227284 0.896241 0.380912 -0.068600 0.000000 0.000000 0.000000 1.000000
0.967841 0.194488 0.159554 -4.848000 0.074546 0.384032 -0.920305 14.008100 -0.240262 0.902604 0.357184 -0.068600 0.000000 0.000000 0.000000 1.000000
0.965844 0.201266 0.163206 -4.848000 0.078440 0.373196 -0.924431 14.008100 -0.246965 0.905658 0.344662 -0.068600 0.000000 0.000000 0.000000 1.000000
0.965131 0.203627 0.164495 -4.848000 0.079851 0.369431 -0.925821 14.008100 -0.249291 0.906674 0.340289 -0.068600 0.000000 0.000000 0.000000 1.000000
0.965211 0.203348 0.164370 -4.848000 0.079704 0.369897 -0.925648 14.008100 -0.249028 0.906546 0.340821 -0.068600 0.000000 0.000000 0.000000 1.000000
0.965550 0.202210 0.163779 -4.848000 0.079046 0.371732 -0.924969 14.008100 -0.247920 0.906050 0.342942 -0.068600 0.000000 0.000000 0.000000 1.000000
0.965904 0.201190 0.162950 -4.848000 0.077991 0.374044 -0.924126 14.008100 -0.246875 0.905325 0.345599 -0.068600 0.000000 0.000000 0.000000 1.000000
0.968089 0.195313 0.157025 -4.848000 0.070250 0.389959 -0.918148 14.008100 -0.240560 0.899880 0.363795 -0.068600 0.000000 0.000000 0.000000 1.000000
0.972398 0.183069 0.144668 -4.848000 0.054916 0.423034 -0.904448 14.008100 -0.226776 0.887428 0.401304 -0.068600 0.000000 0.000000 0.000000 1.000000
0.978041 0.165393 0.126812 -4.848000 0.034765 0.470471 -0.881730 14.008100 -0.205494 0.866777 0.454390 -0.068600 0.000000 0.000000 0.000000 1.000000</float_array>
        <technique_common>
          <accessor source="#mixamorig_RightHandPinky1-Matrix-animation-output-transform-array" count="17" stride="16">
            <param type="float4x4"/>
          </accessor>
        </technique_common>
      </source>
      <source id="mixamorig_RightHandPinky1-Interpolations">
        <Name_array id="mixamorig_RightHandPinky1-Interpolations-array" count="17">
 LINEAR LINEAR LINEAR LINEAR LINEAR LINEAR LINEAR LINEAR LINEAR LINEAR LINEAR
LINEAR LINEAR LINEAR LINEAR LINEAR LINEAR</Name_array>
        <technique_common>
          <accessor source="#mixamorig_RightHandPinky1-Interpolations-array" count="17">
            <param type="name"/>
          </accessor>
        </technique_common>
      </source>
      <sampler id="mixamorig_RightHandPinky1-Matrix-animation-transform">
        <input semantic="INPUT" source="#mixamorig_RightHandPinky1-Matrix-animation-input"/>
        <input semantic="OUTPUT" source="#mixamorig_RightHandPinky1-Matrix-animation-output-transform"/>
        <input semantic="INTERPOLATION" source="#mixamorig_RightHandPinky1-Interpolations"/>
      </sampler>
      <channel source="#mixamorig_RightHandPinky1-Matrix-animation-transform" target="mixamorig_RightHandPinky1/matrix"/>
    </animation>
    <animation id="mixamorig_RightHandPinky2-anim" name="mixamorig_RightHandPinky2">
      <source id="mixamorig_RightHandPinky2-Matrix-animation-input">
        <float_array id="mixamorig_RightHandPinky2-Matrix-animation-input-array" count="17">

0.000000 0.033333 0.066667 0.100000 0.133333 0.166667 0.200000 0.233333 0.266667 0.300000 0.333333 0.366667 0.400000 0.433333 0.466667 0.500000
0.533333</float_array>
        <technique_common>
          <accessor source="#mixamorig_RightHandPinky2-Matrix-animation-input-array" count="17">
            <param name="TIME" type="float"/>
          </accessor>
        </technique_common>
      </source>
      <source id="mixamorig_RightHandPinky2-Matrix-animation-output-transform">
        <float_array id="mixamorig_RightHandPinky2-Matrix-animation-output-transform-array" count="272">

0.999584 0.017533 -0.022911 0.005700 -0.022867 -0.002685 -0.999735 2.332400 -0.017590 0.999843 -0.002283 0.000000 0.000000 0.000000 0.000000 1.000000
0.999547 0.015828 -0.025592 0.005700 -0.023009 -0.146039 -0.989011 2.332400 -0.019392 0.989152 -0.145609 0.000000 0.000000 0.000000 0.000000 1.000000
0.999501 0.013353 -0.028641 0.005700 -0.023090 -0.310146 -0.950409 2.332400 -0.021574 0.950595 -0.309683 0.000000 0.000000 0.000000 0.000000 1.000000
0.999453 0.010573 -0.031344 0.005700 -0.023058 -0.456726 -0.889309 2.332400 -0.023719 0.889545 -0.456232 -0.000000 0.000000 0.000000 0.000000 1.000000
0.999416 0.008322 -0.033150 0.005700 -0.022951 -0.555316 -0.831323 2.332400 -0.025327 0.831598 -0.554801 0.000000 0.000000 0.000000 0.000000 1.000000
0.999393 0.006923 -0.034137 0.005700 -0.022852 -0.609326 -0.792590 2.332400 -0.026287 0.792889 -0.608798 0.000000 0.000000 0.000000 0.000000 1.000000
0.999377 0.005890 -0.034806 0.005700 -0.022763 -0.646075 -0.762935 2.332400 -0.026981 0.763251 -0.645538 0.000000 0.000000 0.000000 0.000000 1.000000
0.999365 0.005166 -0.035248 0.005700 -0.022693 -0.670389 -0.741663 2.332400 -0.027462 0.741992 -0.669846 -0.000000 0.000000 0.000000 0.000000 1.000000
0.999358 0.004708 -0.035517 0.005700 -0.022646 -0.685164 -0.728037 2.332400 -0.027763 0.728374 -0.684617 0.000000 0.000000 0.000000 0.000000 1.000000
0.999354 0.004465 -0.035656 0.005700 -0.022619 -0.692844 -0.720733 2.332400 -0.027922 0.721074 -0.692296 0.000000 0.000000 0.000000 0.000000 1.000000
0.999353 0.004376 -0.035706 0.005700 -0.022610 -0.695584 -0.718089 2.332400 -0.027979 0.718432 -0.695034 -0.000000 0.000000 0.000000 0.000000 1.000000
0.999353 0.004383 -0.035702 0.005700 -0.022610 -0.695385 -0.718281 2.332400 -0.027975 0.718624 -0.694836 0.000000 0.000000 0.000000 0.000000 1.000000
0.999353 0.004420 -0.035680 0.005700 -0.022615 -0.694199 -0.719428 2.332400 -0.027949 0.719770 -0.693650 0.000000 0.000000 0.000000 0.000000 1.000000
0.999355 0.004486 -0.035632 0.005700 -0.022633 -0.691678 -0.721851 2.332400 -0.027884 0.722192 -0.691130 0.000000 0.000000 0.000000 0.000000 1.000000
0.999367 0.004979 -0.035232 0.005700 -0.022776 -0.671224 -0.740905 2.332400 -0.027338 0.741238 -0.670685 0.000000 0.000000 0.000000 0.000000 1.000000
0.999392 0.005978 -0.034364 0.005700 -0.023032 -0.626752 -0.778879 2.332400 -0.026194 0.779196 -0.626233 -0.000000 0.000000 0.000000 0.000000 1.000000
0.999427 0.007347 -0.033026 0.005700 -0.023301 -0.558293 -0.829317 2.332400 -0.024531 0.829612 -0.557802 -0.000000 0.000000 0.000000 0.000000 1.000000</float_array>
        <technique_common>
          <accessor source="#mixamorig_RightHandPinky2-Matrix-animation-output-transform-array" count="17" stride="16">
            <param type="float4x4"/>
          </accessor>
        </technique_common>
      </source>
      <source id="mixamorig_RightHandPinky2-Interpolations">
        <Name_array id="mixamorig_RightHandPinky2-Interpolations-array" count="17">
 LINEAR LINEAR LINEAR LINEAR LINEAR LINEAR LINEAR LINEAR LINEAR LINEAR LINEAR
LINEAR LINEAR LINEAR LINEAR LINEAR LINEAR</Name_array>
        <technique_common>
          <accessor source="#mixamorig_RightHandPinky2-Interpolations-array" count="17">
            <param type="name"/>
          </accessor>
        </technique_common>
      </source>
      <sampler id="mixamorig_RightHandPinky2-Matrix-animation-transform">
        <input semantic="INPUT" source="#mixamorig_RightHandPinky2-Matrix-animation-input"/>
        <input semantic="OUTPUT" source="#mixamorig_RightHandPinky2-Matrix-animation-output-transform"/>
        <input semantic="INTERPOLATION" source="#mixamorig_RightHandPinky2-Interpolations"/>
      </sampler>
      <channel source="#mixamorig_RightHandPinky2-Matrix-animation-transform" target="mixamorig_RightHandPinky2/matrix"/>
    </animation>
    <animation id="mixamorig_RightHandPinky3-anim" name="mixamorig_RightHandPinky3">
      <source id="mixamorig_RightHandPinky3-Matrix-animation-input">
        <float_array id="mixamorig_RightHandPinky3-Matrix-animation-input-array" count="17">

0.000000 0.033333 0.066667 0.100000 0.133333 0.166667 0.200000 0.233333 0.266667 0.300000 0.333333 0.366667 0.400000 0.433333 0.466667 0.500000
0.533333</float_array>
        <technique_common>
          <accessor source="#mixamorig_RightHandPinky3-Matrix-animation-input-array" count="17">
            <param name="TIME" type="float"/>
          </accessor>
        </technique_common>
      </source>
      <source id="mixamorig_RightHandPinky3-Matrix-animation-output-transform">
        <float_array id="mixamorig_RightHandPinky3-Matrix-animation-output-transform-array" count="272">

0.999754 0.014839 -0.016513 -0.003000 -0.019840 0.263412 -0.964479 2.529300 -0.009962 0.964569 0.263642 0.000000 0.000000 0.000000 0.000000 1.000000
0.999755 0.014639 -0.016597 -0.003000 -0.019830 0.259655 -0.965498 2.529300 -0.009825 0.965590 0.259882 -0.000000 0.000000 0.000000 0.000000 1.000000
0.999757 0.014406 -0.016695 -0.003000 -0.019820 0.255247 -0.966673 2.529300 -0.009665 0.966768 0.255471 0.000000 0.000000 0.000000 0.000000 1.000000
0.999758 0.014185 -0.016787 -0.003000 -0.019812 0.251095 -0.967760 2.529300 -0.009512 0.967858 0.251316 0.000000 0.000000 0.000000 0.000000 1.000000
0.999760 0.014026 -0.016853 -0.003000 -0.019808 0.248114 -0.968528 2.529300 -0.009403 0.968629 0.248332 0.000000 0.000000 0.000000 0.000000 1.000000
0.999760 0.013933 -0.016891 -0.003000 -0.019805 0.246401 -0.968966 2.529300 -0.009339 0.969068 0.246618 -0.000000 0.000000 0.000000 0.000000 1.000000
0.999761 0.013867 -0.016918 -0.003000 -0.019803 0.245207 -0.969269 2.529300 -0.009292 0.969372 0.245422 0.000000 0.000000 0.000000 0.000000 1.000000
0.999761 0.013820 -0.016936 -0.003000 -0.019802 0.244408 -0.969470 2.529300 -0.009259 0.969574 0.244623 0.000000 0.000000 0.000000 0.000000 1.000000
0.999761 0.013792 -0.016947 -0.003000 -0.019801 0.243936 -0.969589 2.529300 -0.009239 0.969693 0.244151 0.000000 0.000000 0.000000 0.000000 1.000000
0.999761 0.013776 -0.016952 -0.003000 -0.019799 0.243712 -0.969645 2.529300 -0.009226 0.969750 0.243927 0.000000 0.000000 0.000000 0.000000 1.000000
0.999761 0.013770 -0.016954 -0.003000 -0.019799 0.243661 -0.969658 2.529300 -0.009221 0.969763 0.243876 -0.000000 0.000000 0.000000 0.000000 1.000000
0.999761 0.013770 -0.016953 -0.003000 -0.019799 0.243707 -0.969647 2.529300 -0.009220 0.969751 0.243922 0.000000 0.000000 0.000000 0.000000 1.000000
0.999761 0.013772 -0.016951 -0.003000 -0.019798 0.243773 -0.969630 2.529300 -0.009221 0.969735 0.243988 0.000000 0.000000 0.000000 0.000000 1.000000
0.999762 0.013768 -0.016921 -0.003000 -0.019781 0.245139 -0.969286 2.529300 -0.009197 0.969390 0.245353 0.000000 0.000000 0.000000 0.000000 1.000000
0.999767 0.013725 -0.016639 -0.003000 -0.019620 0.258157 -0.965904 2.529300 -0.008962 0.966005 0.258366 0.000000 0.000000 0.000000 0.000000 1.000000
0.999778 0.013625 -0.016051 -0.003000 -0.019273 0.285294 -0.958246 2.529300 -0.008477 0.958343 0.285494 0.000000 0.000000 0.000000 0.000000 1.000000
0.999794 0.013457 -0.015205 -0.003000 -0.018750 0.324446 -0.945718 2.529300 -0.007794 0.945809 0.324631 0.000000 0.000000 0.000000 0.000000 1.000000</float_array>
        <technique_common>
          <accessor source="#mixamorig_RightHandPinky3-Matrix-animation-output-transform-array" count="17" stride="16">
            <param type="float4x4"/>
          </accessor>
        </technique_common>
      </source>
      <source id="mixamorig_RightHandPinky3-Interpolations">
        <Name_array id="mixamorig_RightHandPinky3-Interpolations-array" count="17">
 LINEAR LINEAR LINEAR LINEAR LINEAR LINEAR LINEAR LINEAR LINEAR LINEAR LINEAR
LINEAR LINEAR LINEAR LINEAR LINEAR LINEAR</Name_array>
        <technique_common>
          <accessor source="#mixamorig_RightHandPinky3-Interpolations-array" count="17">
            <param type="name"/>
          </accessor>
        </technique_common>
      </source>
      <sampler id="mixamorig_RightHandPinky3-Matrix-animation-transform">
        <input semantic="INPUT" source="#mixamorig_RightHandPinky3-Matrix-animation-input"/>
        <input semantic="OUTPUT" source="#mixamorig_RightHandPinky3-Matrix-animation-output-transform"/>
        <input semantic="INTERPOLATION" source="#mixamorig_RightHandPinky3-Interpolations"/>
      </sampler>
      <channel source="#mixamorig_RightHandPinky3-Matrix-animation-transform" target="mixamorig_RightHandPinky3/matrix"/>
    </animation>
    <animation id="mixamorig_LeftUpLeg-anim" name="mixamorig_LeftUpLeg">
      <source id="mixamorig_LeftUpLeg-Matrix-animation-input">
        <float_array id="mixamorig_LeftUpLeg-Matrix-animation-input-array" count="17">

0.000000 0.033333 0.066667 0.100000 0.133333 0.166667 0.200000 0.233333 0.266667 0.300000 0.333333 0.366667 0.400000 0.433333 0.466667 0.500000
0.533333</float_array>
        <technique_common>
          <accessor source="#mixamorig_LeftUpLeg-Matrix-animation-input-array" count="17">
            <param name="TIME" type="float"/>
          </accessor>
        </technique_common>
      </source>
      <source id="mixamorig_LeftUpLeg-Matrix-animation-output-transform">
        <float_array id="mixamorig_LeftUpLeg-Matrix-animation-output-transform-array" count="272">

-0.902081 0.430955 0.022974 13.280500 -0.024590 -0.104473 0.994224 -6.012500 0.430866 0.896305 0.104840 -0.531400 0.000000 0.000000 0.000000 1.000000
-0.909550 0.414375 0.031822 13.280500 -0.042822 -0.169604 0.984582 -6.012500 0.413383 0.894163 0.172008 -0.531400 0.000000 0.000000 0.000000 1.000000
-0.915860 0.399011 0.044630 13.280500 -0.063119 -0.252867 0.965440 -6.012500 0.396506 0.881390 0.256776 -0.531400 0.000000 0.000000 0.000000 1.000000
-0.922709 0.379301 0.068843 13.280500 -0.075593 -0.353141 0.932511 -6.012500 0.378014 0.855232 0.354519 -0.531400 0.000000 0.000000 0.000000 1.000000
-0.921663 0.374477 0.101511 13.280500 -0.099473 -0.480954 0.871085 -6.012500 0.375024 0.792749 0.480527 -0.531400 0.000000 0.000000 0.000000 1.000000
-0.915775 0.370642 0.154856 13.280500 -0.131007 -0.640013 0.757113 -6.012500 0.379728 0.673058 0.634665 -0.531400 0.000000 0.000000 0.000000 1.000000
-0.909798 0.346811 0.228014 13.280500 -0.156404 -0.795336 0.585644 -6.012500 0.384455 0.497155 0.777837 -0.531400 0.000000 0.000000 0.000000 1.000000
-0.906339 0.288966 0.308297 13.280500 -0.162868 -0.912136 0.376140 -6.012500 0.389901 0.290698 0.873769 -0.531400 0.000000 0.000000 0.000000 1.000000
-0.909747 0.262068 0.321994 13.280500 -0.145095 -0.927379 0.344841 -6.012500 0.388983 0.266998 0.881705 -0.531400 0.000000 0.000000 0.000000 1.000000
-0.914621 0.270857 0.300174 13.280500 -0.115733 -0.886756 0.447516 -6.012500 0.387394 0.374567 0.842393 -0.531400 0.000000 0.000000 0.000000 1.000000
-0.976695 0.213150 0.025162 13.280500 -0.175144 -0.859276 0.480592 -6.012500 0.124059 0.464985 0.876583 -0.531400 0.000000 0.000000 0.000000 1.000000
-0.934219 0.186810 -0.303868 13.280500 -0.329200 -0.779546 0.532856 -6.012500 -0.137336 0.597838 0.789765 -0.531400 0.000000 0.000000 0.000000 1.000000
-0.863855 0.173683 -0.472852 13.280500 -0.473053 -0.602324 0.642983 -6.012500 -0.173135 0.779128 0.602482 -0.531400 0.000000 0.000000 0.000000 1.000000
-0.784597 0.182045 -0.592678 13.280500 -0.615536 -0.343298 0.709409 -6.012500 -0.074321 0.921415 0.381406 -0.531400 0.000000 0.000000 0.000000 1.000000
-0.816999 0.192471 -0.543569 13.280500 -0.562469 -0.058317 0.824759 -6.012500 0.127043 0.979568 0.155904 -0.531400 0.000000 0.000000 0.000000 1.000000
-0.947051 0.187606 -0.260573 13.280500 -0.225951 0.187185 0.955985 -6.012500 0.228124 0.964244 -0.134884 -0.531400 0.000000 0.000000 0.000000 1.000000
-0.945308 0.202255 0.255901 13.280500 0.311534 0.327412 0.892047 -6.012500 0.096636 0.922981 -0.372515 -0.531400 0.000000 0.000000 0.000000 1.000000</float_array>
        <technique_common>
          <accessor source="#mixamorig_LeftUpLeg-Matrix-animation-output-transform-array" count="17" stride="16">
            <param type="float4x4"/>
          </accessor>
        </technique_common>
      </source>
      <source id="mixamorig_LeftUpLeg-Interpolations">
        <Name_array id="mixamorig_LeftUpLeg-Interpolations-array" count="17">
 LINEAR LINEAR LINEAR LINEAR LINEAR LINEAR LINEAR LINEAR LINEAR LINEAR LINEAR
LINEAR LINEAR LINEAR LINEAR LINEAR LINEAR</Name_array>
        <technique_common>
          <accessor source="#mixamorig_LeftUpLeg-Interpolations-array" count="17">
            <param type="name"/>
          </accessor>
        </technique_common>
      </source>
      <sampler id="mixamorig_LeftUpLeg-Matrix-animation-transform">
        <input semantic="INPUT" source="#mixamorig_LeftUpLeg-Matrix-animation-input"/>
        <input semantic="OUTPUT" source="#mixamorig_LeftUpLeg-Matrix-animation-output-transform"/>
        <input semantic="INTERPOLATION" source="#mixamorig_LeftUpLeg-Interpolations"/>
      </sampler>
      <channel source="#mixamorig_LeftUpLeg-Matrix-animation-transform" target="mixamorig_LeftUpLeg/matrix"/>
    </animation>
    <animation id="mixamorig_LeftLeg-anim" name="mixamorig_LeftLeg">
      <source id="mixamorig_LeftLeg-Matrix-animation-input">
        <float_array id="mixamorig_LeftLeg-Matrix-animation-input-array" count="17">

0.000000 0.033333 0.066667 0.100000 0.133333 0.166667 0.200000 0.233333 0.266667 0.300000 0.333333 0.366667 0.400000 0.433333 0.466667 0.500000
0.533333</float_array>
        <technique_common>
          <accessor source="#mixamorig_LeftLeg-Matrix-animation-input-array" count="17">
            <param name="TIME" type="float"/>
          </accessor>
        </technique_common>
      </source>
      <source id="mixamorig_LeftLeg-Matrix-animation-output-transform">
        <float_array id="mixamorig_LeftLeg-Matrix-animation-output-transform-array" count="272">

0.998950 0.040974 0.020512 0.000000 -0.016860 -0.087566 0.996016 52.183899 0.042607 -0.995316 -0.086783 0.000000 0.000000 0.000000 0.000000 1.000000
0.999776 0.019980 -0.006989 0.000000 0.008027 -0.052353 0.998596 52.183899 0.019586 -0.998429 -0.052501 0.000000 0.000000 0.000000 0.000000 1.000000
0.999745 0.006283 -0.021709 0.000000 0.021641 0.010660 0.999709 52.183899 0.006512 -0.999923 0.010521 0.000000 0.000000 0.000000 0.000000 1.000000
0.998901 -0.006092 -0.046475 0.000000 0.046865 0.111525 0.992656 52.183899 -0.000864 -0.993743 0.111688 -0.000000 0.000000 0.000000 0.000000 1.000000
0.999625 -0.019111 -0.019636 0.000000 0.023820 0.251904 0.967459 52.183899 -0.013543 -0.967563 0.252265 0.000000 0.000000 0.000000 0.000000 1.000000
0.999257 -0.031304 0.022470 0.000000 -0.005444 0.462595 0.886553 52.183899 -0.038148 -0.886017 0.462081 0.000000 0.000000 0.000000 0.000000 1.000000
0.997025 -0.042108 0.064561 0.000000 -0.015943 0.706817 0.707217 52.183899 -0.075412 -0.706142 0.704043 0.000000 0.000000 0.000000 0.000000 1.000000
0.994343 -0.048174 0.094660 0.000000 0.011764 0.935697 0.352609 52.183899 -0.105559 -0.349501 0.930971 0.000000 0.000000 0.000000 0.000000 1.000000
0.998664 -0.047909 0.019342 -0.000000 0.040760 0.960617 0.274869 52.183899 -0.031749 -0.273714 0.961287 0.000000 0.000000 0.000000 0.000000 1.000000
0.998131 -0.052723 0.030894 0.000000 0.033436 0.894381 0.446055 52.183899 -0.051148 -0.444188 0.894472 -0.000000 0.000000 0.000000 0.000000 1.000000
0.999968 -0.006932 0.004112 0.000000 0.003822 0.856984 0.515329 52.183899 -0.007096 -0.515297 0.856982 0.000000 0.000000 0.000000 0.000000 1.000000
0.974373 0.203325 -0.096205 -0.000000 -0.083184 0.723091 0.685726 52.183899 0.208990 -0.660151 0.721474 0.000000 0.000000 0.000000 0.000000 1.000000
0.899208 0.432897 -0.063445 0.000000 -0.138558 0.419307 0.897209 52.183899 0.415002 -0.797986 0.437025 -0.000000 0.000000 0.000000 0.000000 1.000000
0.802111 0.595690 0.042093 0.000000 -0.092636 0.054483 0.994208 52.183899 0.589946 -0.801365 0.098883 -0.000000 0.000000 0.000000 0.000000 1.000000
0.823084 0.513250 0.243119 0.000000 -0.107553 -0.279468 0.954112 52.183899 0.557642 -0.811463 -0.174824 0.000000 0.000000 0.000000 0.000000 1.000000
0.944273 0.186884 0.270968 -0.000000 -0.137150 -0.524962 0.840003 52.183899 0.299231 -0.830355 -0.470076 0.000000 0.000000 0.000000 0.000000 1.000000
0.973385 -0.224728 -0.044923 0.000000 -0.111385 -0.635225 0.764253 52.183899 -0.200286 -0.738909 -0.643350 0.000000 0.000000 0.000000 0.000000 1.000000</float_array>
        <technique_common>
          <accessor source="#mixamorig_LeftLeg-Matrix-animation-output-transform-array" count="17" stride="16">
            <param type="float4x4"/>
          </accessor>
        </technique_common>
      </source>
      <source id="mixamorig_LeftLeg-Interpolations">
        <Name_array id="mixamorig_LeftLeg-Interpolations-array" count="17">
 LINEAR LINEAR LINEAR LINEAR LINEAR LINEAR LINEAR LINEAR LINEAR LINEAR LINEAR
LINEAR LINEAR LINEAR LINEAR LINEAR LINEAR</Name_array>
        <technique_common>
          <accessor source="#mixamorig_LeftLeg-Interpolations-array" count="17">
            <param type="name"/>
          </accessor>
        </technique_common>
      </source>
      <sampler id="mixamorig_LeftLeg-Matrix-animation-transform">
        <input semantic="INPUT" source="#mixamorig_LeftLeg-Matrix-animation-input"/>
        <input semantic="OUTPUT" source="#mixamorig_LeftLeg-Matrix-animation-output-transform"/>
        <input semantic="INTERPOLATION" source="#mixamorig_LeftLeg-Interpolations"/>
      </sampler>
      <channel source="#mixamorig_LeftLeg-Matrix-animation-transform" target="mixamorig_LeftLeg/matrix"/>
    </animation>
    <animation id="mixamorig_LeftFoot-anim" name="mixamorig_LeftFoot">
      <source id="mixamorig_LeftFoot-Matrix-animation-input">
        <float_array id="mixamorig_LeftFoot-Matrix-animation-input-array" count="17">

0.000000 0.033333 0.066667 0.100000 0.133333 0.166667 0.200000 0.233333 0.266667 0.300000 0.333333 0.366667 0.400000 0.433333 0.466667 0.500000
0.533333</float_array>
        <technique_common>
          <accessor source="#mixamorig_LeftFoot-Matrix-animation-input-array" count="17">
            <param name="TIME" type="float"/>
          </accessor>
        </technique_common>
      </source>
      <source id="mixamorig_LeftFoot-Matrix-animation-output-transform">
        <float_array id="mixamorig_LeftFoot-Matrix-animation-output-transform-array" count="272">

0.973355 0.097744 -0.207429 0.000000 -0.204407 -0.040094 -0.978065 50.974098 -0.103917 0.994404 -0.019046 0.000000 0.000000 0.000000 0.000000 1.000000
0.968062 0.092160 -0.233157 -0.000000 -0.229207 -0.051500 -0.972014 50.974098 -0.101589 0.994412 -0.028731 0.000000 0.000000 0.000000 0.000000 1.000000
0.964117 0.074200 -0.254898 0.000000 -0.251399 -0.053345 -0.966412 50.974098 -0.085306 0.995816 -0.032777 0.000000 0.000000 0.000000 0.000000 1.000000
0.959988 0.072899 -0.270386 0.000000 -0.268030 -0.040554 -0.962557 50.974098 -0.081134 0.996515 -0.019392 -0.000000 0.000000 0.000000 0.000000 1.000000
0.964587 0.068466 -0.254724 0.000000 -0.255606 0.004309 -0.966771 50.974098 -0.065094 0.997644 0.021657 0.000000 0.000000 0.000000 0.000000 1.000000
0.970836 0.079493 -0.226184 0.000000 -0.234665 0.121870 -0.964407 50.974098 -0.049098 0.989358 0.136970 -0.000000 0.000000 0.000000 0.000000 1.000000
0.976172 0.087660 -0.198506 0.000000 -0.216214 0.315134 -0.924090 50.974098 -0.018450 0.944990 0.326578 0.000000 0.000000 0.000000 0.000000 1.000000
0.968484 0.151728 -0.197528 0.000000 -0.248169 0.655419 -0.713328 50.974098 0.021231 0.739867 0.672418 -0.000000 0.000000 0.000000 0.000000 1.000000
0.970523 0.127277 -0.204662 0.000000 -0.222967 0.796547 -0.561960 50.974098 0.091498 0.591028 0.801445 0.000000 0.000000 0.000000 0.000000 1.000000
0.967735 0.100403 -0.231100 0.000000 -0.216754 0.799382 -0.560363 50.974098 0.128475 0.592375 0.795353 0.000000 0.000000 0.000000 0.000000 1.000000
0.917767 0.157725 -0.364454 0.000000 -0.327399 0.819922 -0.469615 50.974098 0.224754 0.550319 0.804136 -0.000000 0.000000 0.000000 0.000000 1.000000
0.908235 0.130761 -0.397507 0.000000 -0.331144 0.805352 -0.491683 50.974098 0.255840 0.578195 0.774749 -0.000000 0.000000 0.000000 0.000000 1.000000
0.925483 0.051303 -0.375299 0.000000 -0.288408 0.737753 -0.610362 50.974098 0.245565 0.673119 0.697574 -0.000000 0.000000 0.000000 0.000000 1.000000
0.946432 -0.024598 -0.321966 0.000000 -0.231114 0.644741 -0.728626 50.974098 0.225507 0.764005 0.604518 0.000000 0.000000 0.000000 0.000000 1.000000
0.957226 -0.089972 -0.274999 0.000000 -0.181384 0.553895 -0.812588 50.974098 0.225431 0.827711 0.513883 0.000000 0.000000 0.000000 0.000000 1.000000
0.958647 -0.145262 -0.244733 0.000000 -0.139941 0.508188 -0.849801 50.974098 0.247814 0.848908 0.466845 0.000000 0.000000 0.000000 0.000000 1.000000
0.967331 -0.171027 -0.187140 0.000000 -0.066452 0.541307 -0.838195 50.974098 0.244654 0.823248 0.512257 0.000000 0.000000 0.000000 0.000000 1.000000</float_array>
        <technique_common>
          <accessor source="#mixamorig_LeftFoot-Matrix-animation-output-transform-array" count="17" stride="16">
            <param type="float4x4"/>
          </accessor>
        </technique_common>
      </source>
      <source id="mixamorig_LeftFoot-Interpolations">
        <Name_array id="mixamorig_LeftFoot-Interpolations-array" count="17">
 LINEAR LINEAR LINEAR LINEAR LINEAR LINEAR LINEAR LINEAR LINEAR LINEAR LINEAR
LINEAR LINEAR LINEAR LINEAR LINEAR LINEAR</Name_array>
        <technique_common>
          <accessor source="#mixamorig_LeftFoot-Interpolations-array" count="17">
            <param type="name"/>
          </accessor>
        </technique_common>
      </source>
      <sampler id="mixamorig_LeftFoot-Matrix-animation-transform">
        <input semantic="INPUT" source="#mixamorig_LeftFoot-Matrix-animation-input"/>
        <input semantic="OUTPUT" source="#mixamorig_LeftFoot-Matrix-animation-output-transform"/>
        <input semantic="INTERPOLATION" source="#mixamorig_LeftFoot-Interpolations"/>
      </sampler>
      <channel source="#mixamorig_LeftFoot-Matrix-animation-transform" target="mixamorig_LeftFoot/matrix"/>
    </animation>
    <animation id="mixamorig_LeftToeBase-anim" name="mixamorig_LeftToeBase">
      <source id="mixamorig_LeftToeBase-Matrix-animation-input">
        <float_array id="mixamorig_LeftToeBase-Matrix-animation-input-array" count="17">

0.000000 0.033333 0.066667 0.100000 0.133333 0.166667 0.200000 0.233333 0.266667 0.300000 0.333333 0.366667 0.400000 0.433333 0.466667 0.500000
0.533333</float_array>
        <technique_common>
          <accessor source="#mixamorig_LeftToeBase-Matrix-animation-input-array" count="17">
            <param name="TIME" type="float"/>
          </accessor>
        </technique_common>
      </source>
      <source id="mixamorig_LeftToeBase-Matrix-animation-output-transform">
        <float_array id="mixamorig_LeftToeBase-Matrix-animation-output-transform-array" count="272">

0.987037 0.053392 0.151349 0.000000 0.026336 0.876371 -0.480917 21.993700 -0.158315 0.478669 0.863604 -0.000000 0.000000 0.000000 0.000000 1.000000
0.987037 0.053392 0.151349 0.000000 0.026337 0.876371 -0.480917 21.993700 -0.158315 0.478669 0.863605 0.000000 0.000000 0.000000 0.000000 1.000000
0.987037 0.053391 0.151349 0.000000 0.026337 0.876371 -0.480916 21.993700 -0.158315 0.478669 0.863605 0.000000 0.000000 0.000000 0.000000 1.000000
0.987330 0.055307 0.148733 0.000000 0.023773 0.875160 -0.483250 21.993700 -0.156892 0.480663 0.862756 -0.000000 0.000000 0.000000 0.000000 1.000000
0.988014 0.065962 0.139558 0.000000 0.013649 0.863227 -0.504631 21.993700 -0.153757 0.500488 0.851980 0.000000 0.000000 0.000000 0.000000 1.000000
0.988727 0.069947 0.132389 0.000000 0.013266 0.839776 -0.542771 21.993700 -0.149143 0.538408 0.829381 0.000000 0.000000 0.000000 0.000000 1.000000
0.990272 0.069761 0.120394 0.000000 0.021186 0.779564 -0.625964 21.993700 -0.137522 0.622425 0.770503 0.000000 0.000000 0.000000 0.000000 1.000000
0.985619 0.093874 0.140507 0.000000 0.039854 0.678901 -0.733147 21.993700 -0.164213 0.728204 0.665397 0.000000 0.000000 0.000000 0.000000 1.000000
0.981039 0.077335 0.177715 0.000000 0.030170 0.844828 -0.534186 21.993700 -0.191450 0.529419 0.826476 -0.000000 0.000000 0.000000 0.000000 1.000000
0.987695 0.071987 0.138839 0.000000 0.004066 0.875645 -0.482939 21.993700 -0.156339 0.477561 0.864577 -0.000000 0.000000 0.000000 0.000000 1.000000
0.987690 0.072062 0.138838 0.000000 0.004000 0.875641 -0.482946 21.993700 -0.156374 0.477556 0.864573 0.000000 0.000000 0.000000 0.000000 1.000000
0.987686 0.072111 0.138838 0.000000 0.003957 0.875638 -0.482952 21.993700 -0.156398 0.477554 0.864570 0.000000 0.000000 0.000000 0.000000 1.000000
0.987684 0.072139 0.138837 -0.000000 0.003933 0.875636 -0.482956 21.993700 -0.156410 0.477554 0.864568 0.000000 0.000000 0.000000 0.000000 1.000000
0.987684 0.072149 0.138837 -0.000000 0.003924 0.875635 -0.482957 21.993700 -0.156415 0.477553 0.864568 0.000000 0.000000 0.000000 0.000000 1.000000
0.987684 0.072145 0.138838 0.000000 0.003928 0.875635 -0.482957 21.993700 -0.156414 0.477554 0.864567 0.000000 0.000000 0.000000 0.000000 1.000000
0.987685 0.072129 0.138838 0.000000 0.003942 0.875637 -0.482954 21.993700 -0.156406 0.477553 0.864569 0.000000 0.000000 0.000000 0.000000 1.000000
0.987687 0.072100 0.138838 0.000000 0.003968 0.875637 -0.482953 21.993700 -0.156393 0.477557 0.864570 0.000000 0.000000 0.000000 0.000000 1.000000</float_array>
        <technique_common>
          <accessor source="#mixamorig_LeftToeBase-Matrix-animation-output-transform-array" count="17" stride="16">
            <param type="float4x4"/>
          </accessor>
        </technique_common>
      </source>
      <source id="mixamorig_LeftToeBase-Interpolations">
        <Name_array id="mixamorig_LeftToeBase-Interpolations-array" count="17">
 LINEAR LINEAR LINEAR LINEAR LINEAR LINEAR LINEAR LINEAR LINEAR LINEAR LINEAR
LINEAR LINEAR LINEAR LINEAR LINEAR LINEAR</Name_array>
        <technique_common>
          <accessor source="#mixamorig_LeftToeBase-Interpolations-array" count="17">
            <param type="name"/>
          </accessor>
        </technique_common>
      </source>
      <sampler id="mixamorig_LeftToeBase-Matrix-animation-transform">
        <input semantic="INPUT" source="#mixamorig_LeftToeBase-Matrix-animation-input"/>
        <input semantic="OUTPUT" source="#mixamorig_LeftToeBase-Matrix-animation-output-transform"/>
        <input semantic="INTERPOLATION" source="#mixamorig_LeftToeBase-Interpolations"/>
      </sampler>
      <channel source="#mixamorig_LeftToeBase-Matrix-animation-transform" target="mixamorig_LeftToeBase/matrix"/>
    </animation>
    <animation id="mixamorig_RightUpLeg-anim" name="mixamorig_RightUpLeg">
      <source id="mixamorig_RightUpLeg-Matrix-animation-input">
        <float_array id="mixamorig_RightUpLeg-Matrix-animation-input-array" count="17">

0.000000 0.033333 0.066667 0.100000 0.133333 0.166667 0.200000 0.233333 0.266667 0.300000 0.333333 0.366667 0.400000 0.433333 0.466667 0.500000
0.533333</float_array>
        <technique_common>
          <accessor source="#mixamorig_RightUpLeg-Matrix-animation-input-array" count="17">
            <param name="TIME" type="float"/>
          </accessor>
        </technique_common>
      </source>
      <source id="mixamorig_RightUpLeg-Matrix-animation-output-transform">
        <float_array id="mixamorig_RightUpLeg-Matrix-animation-output-transform-array" count="272">

-0.896763 -0.373888 0.236694 -13.293700 0.313527 -0.159373 0.936110 -6.012500 -0.312278 0.913678 0.260144 -0.531400 0.000000 0.000000 0.000000 1.000000
-0.893230 -0.381106 0.238533 -13.293700 0.339888 -0.225101 0.913129 -6.012500 -0.294305 0.896709 0.330601 -0.531400 0.000000 0.000000 0.000000 1.000000
-0.900332 -0.372894 0.224392 -13.293700 0.349106 -0.310951 0.883988 -6.012500 -0.259859 0.874220 0.410138 -0.531400 0.000000 0.000000 0.000000 1.000000
-0.910587 -0.363927 0.195928 -13.293700 0.345382 -0.409613 0.844351 -6.012500 -0.227027 0.836525 0.498682 -0.531400 0.000000 0.000000 0.000000 1.000000
-0.924274 -0.356622 0.136158 -13.293700 0.325585 -0.550272 0.768892 -6.012500 -0.199280 0.754997 0.624713 -0.531400 0.000000 0.000000 0.000000 1.000000
-0.938358 -0.341924 0.050723 -13.293700 0.294263 -0.713177 0.636229 -6.012500 -0.181368 0.611936 0.769831 -0.531400 0.000000 0.000000 0.000000 1.000000
-0.947318 -0.317709 -0.040615 -13.293700 0.266115 -0.851290 0.452204 -6.012500 -0.178244 0.417573 0.890989 -0.531400 0.000000 0.000000 0.000000 1.000000
-0.951755 -0.286326 -0.110367 -13.293700 0.245938 -0.926847 0.283670 -6.012500 -0.183515 0.242841 0.952549 -0.531400 0.000000 0.000000 0.000000 1.000000
-0.961550 -0.250087 -0.113482 -13.293700 0.208218 -0.933312 0.292530 -6.012500 -0.179072 0.257653 0.949499 -0.531400 0.000000 0.000000 0.000000 1.000000
-0.965420 -0.202637 -0.164023 -13.293700 0.150053 -0.946405 0.286011 -6.012500 -0.213188 0.251509 0.944084 -0.531400 0.000000 0.000000 0.000000 1.000000
-0.975818 -0.138508 -0.169102 -13.293700 0.087557 -0.956520 0.278214 -6.012500 -0.200284 0.256680 0.945517 -0.531400 0.000000 0.000000 0.000000 1.000000
-0.994958 -0.099606 0.011736 -13.293700 0.095361 -0.903266 0.418350 -6.012500 -0.031070 0.417359 0.908210 -0.531400 0.000000 0.000000 0.000000 1.000000
-0.984955 -0.080195 0.153075 -13.293700 0.159917 -0.758706 0.631500 -6.012500 0.065496 0.646479 0.760115 -0.531400 0.000000 0.000000 0.000000 1.000000
-0.984764 -0.065335 0.161154 -13.293700 0.170819 -0.536976 0.826122 -6.012500 0.032561 0.841064 0.539955 -0.531400 0.000000 0.000000 0.000000 1.000000
-0.990378 -0.062448 0.123495 -13.293700 0.136120 -0.278759 0.950666 -6.012500 -0.024941 0.958329 0.284577 -0.531400 0.000000 0.000000 0.000000 1.000000
-0.991486 -0.090386 0.093732 -13.293700 0.099030 -0.056021 0.993506 -6.012500 -0.084548 0.994330 0.064495 -0.531400 0.000000 0.000000 0.000000 1.000000
-0.983987 -0.147996 0.099329 -13.293700 0.089453 0.071973 0.993387 -6.012500 -0.154167 0.986366 -0.057581 -0.531400 0.000000 0.000000 0.000000 1.000000</float_array>
        <technique_common>
          <accessor source="#mixamorig_RightUpLeg-Matrix-animation-output-transform-array" count="17" stride="16">
            <param type="float4x4"/>
          </accessor>
        </technique_common>
      </source>
      <source id="mixamorig_RightUpLeg-Interpolations">
        <Name_array id="mixamorig_RightUpLeg-Interpolations-array" count="17">
 LINEAR LINEAR LINEAR LINEAR LINEAR LINEAR LINEAR LINEAR LINEAR LINEAR LINEAR
LINEAR LINEAR LINEAR LINEAR LINEAR LINEAR</Name_array>
        <technique_common>
          <accessor source="#mixamorig_RightUpLeg-Interpolations-array" count="17">
            <param type="name"/>
          </accessor>
        </technique_common>
      </source>
      <sampler id="mixamorig_RightUpLeg-Matrix-animation-transform">
        <input semantic="INPUT" source="#mixamorig_RightUpLeg-Matrix-animation-input"/>
        <input semantic="OUTPUT" source="#mixamorig_RightUpLeg-Matrix-animation-output-transform"/>
        <input semantic="INTERPOLATION" source="#mixamorig_RightUpLeg-Interpolations"/>
      </sampler>
      <channel source="#mixamorig_RightUpLeg-Matrix-animation-transform" target="mixamorig_RightUpLeg/matrix"/>
    </animation>
    <animation id="mixamorig_RightLeg-anim" name="mixamorig_RightLeg">
      <source id="mixamorig_RightLeg-Matrix-animation-input">
        <float_array id="mixamorig_RightLeg-Matrix-animation-input-array" count="17">

0.000000 0.033333 0.066667 0.100000 0.133333 0.166667 0.200000 0.233333 0.266667 0.300000 0.333333 0.366667 0.400000 0.433333 0.466667 0.500000
0.533333</float_array>
        <technique_common>
          <accessor source="#mixamorig_RightLeg-Matrix-animation-input-array" count="17">
            <param name="TIME" type="float"/>
          </accessor>
        </technique_common>
      </source>
      <source id="mixamorig_RightLeg-Matrix-animation-output-transform">
        <float_array id="mixamorig_RightLeg-Matrix-animation-output-transform-array" count="272">

0.984634 0.171341 -0.033729 0.000000 0.045619 -0.065938 0.996780 52.153900 0.168565 -0.983003 -0.072741 -0.000000 0.000000 0.000000 0.000000 1.000000
0.989590 0.133417 -0.053964 -0.000000 0.055658 -0.008995 0.998409 52.153900 0.132719 -0.991019 -0.016327 0.000000 0.000000 0.000000 0.000000 1.000000
0.990793 0.120221 -0.062262 -0.000000 0.053701 0.073184 0.995872 52.153900 0.124281 -0.990046 0.066055 0.000000 0.000000 0.000000 0.000000 1.000000
0.991862 0.118253 -0.047176 0.000000 0.024473 0.186549 0.982141 52.153900 0.124942 -0.975303 0.182137 0.000000 0.000000 0.000000 0.000000 1.000000
0.992520 0.115186 -0.040461 0.000000 -0.002027 0.346914 0.937895 52.153900 0.122069 -0.930797 0.344552 0.000000 0.000000 0.000000 0.000000 1.000000
0.993688 0.110500 -0.019340 0.000000 -0.046873 0.565618 0.823334 52.153900 0.101918 -0.817231 0.567227 0.000000 0.000000 0.000000 0.000000 1.000000
0.993597 0.110754 -0.022343 0.000000 -0.075068 0.794906 0.602071 52.153900 0.084442 -0.596538 0.798130 0.000000 0.000000 0.000000 0.000000 1.000000
0.993112 0.106148 -0.049615 0.000000 -0.085457 0.945872 0.313087 52.153900 0.080163 -0.306691 0.948428 0.000000 0.000000 0.000000 0.000000 1.000000
0.991508 0.120640 -0.048552 0.000000 -0.097492 0.936654 0.336414 52.153900 0.086061 -0.328823 0.940462 -0.000000 0.000000 0.000000 0.000000 1.000000
0.989616 0.120702 -0.078045 -0.000000 -0.092033 0.949176 0.300989 52.153900 0.110409 -0.290681 0.950429 0.000000 0.000000 0.000000 0.000000 1.000000
0.981081 0.117100 -0.154167 0.000000 -0.075460 0.964648 0.252506 52.153900 0.178285 -0.236096 0.955235 0.000000 0.000000 0.000000 0.000000 1.000000
0.995128 0.079749 -0.057972 0.000000 -0.038647 0.856451 0.514779 52.153900 0.090704 -0.510030 0.855361 0.000000 0.000000 0.000000 0.000000 1.000000
0.997602 -0.009844 -0.068513 0.000000 0.061950 0.568480 0.820361 52.153900 0.030873 -0.822638 0.567727 0.000000 0.000000 0.000000 0.000000 1.000000
0.989750 -0.039746 -0.137167 -0.000000 0.142381 0.200336 0.969326 52.153900 -0.011047 -0.978921 0.203942 -0.000000 0.000000 0.000000 0.000000 1.000000
0.990837 -0.022774 -0.133131 0.000000 0.127570 -0.165988 0.977841 52.153900 -0.044368 -0.985865 -0.161562 0.000000 0.000000 0.000000 0.000000 1.000000
0.996673 -0.004235 -0.081397 -0.000000 0.070147 -0.463981 0.883063 52.153900 -0.041507 -0.885835 -0.462140 0.000000 0.000000 0.000000 0.000000 1.000000
0.999515 0.019470 -0.024312 0.000000 0.031147 -0.621307 0.782948 52.153900 0.000139 -0.783325 -0.621612 0.000000 0.000000 0.000000 0.000000 1.000000</float_array>
        <technique_common>
          <accessor source="#mixamorig_RightLeg-Matrix-animation-output-transform-array" count="17" stride="16">
            <param type="float4x4"/>
          </accessor>
        </technique_common>
      </source>
      <source id="mixamorig_RightLeg-Interpolations">
        <Name_array id="mixamorig_RightLeg-Interpolations-array" count="17">
 LINEAR LINEAR LINEAR LINEAR LINEAR LINEAR LINEAR LINEAR LINEAR LINEAR LINEAR
LINEAR LINEAR LINEAR LINEAR LINEAR LINEAR</Name_array>
        <technique_common>
          <accessor source="#mixamorig_RightLeg-Interpolations-array" count="17">
            <param type="name"/>
          </accessor>
        </technique_common>
      </source>
      <sampler id="mixamorig_RightLeg-Matrix-animation-transform">
        <input semantic="INPUT" source="#mixamorig_RightLeg-Matrix-animation-input"/>
        <input semantic="OUTPUT" source="#mixamorig_RightLeg-Matrix-animation-output-transform"/>
        <input semantic="INTERPOLATION" source="#mixamorig_RightLeg-Interpolations"/>
      </sampler>
      <channel source="#mixamorig_RightLeg-Matrix-animation-transform" target="mixamorig_RightLeg/matrix"/>
    </animation>
    <animation id="mixamorig_RightFoot-anim" name="mixamorig_RightFoot">
      <source id="mixamorig_RightFoot-Matrix-animation-input">
        <float_array id="mixamorig_RightFoot-Matrix-animation-input-array" count="17">

0.000000 0.033333 0.066667 0.100000 0.133333 0.166667 0.200000 0.233333 0.266667 0.300000 0.333333 0.366667 0.400000 0.433333 0.466667 0.500000
0.533333</float_array>
        <technique_common>
          <accessor source="#mixamorig_RightFoot-Matrix-animation-input-array" count="17">
            <param name="TIME" type="float"/>
          </accessor>
        </technique_common>
      </source>
      <source id="mixamorig_RightFoot-Matrix-animation-output-transform">
        <float_array id="mixamorig_RightFoot-Matrix-animation-output-transform-array" count="272">

0.863828 0.019811 0.503397 -0.000000 0.499383 -0.165503 -0.850427 51.002602 0.066466 0.986010 -0.152860 0.000000 0.000000 0.000000 0.000000 1.000000
0.873364 0.013300 0.486887 -0.000000 0.482551 -0.159457 -0.861230 51.002602 0.066183 0.987115 -0.145682 0.000000 0.000000 0.000000 0.000000 1.000000
0.878202 0.016407 0.478009 0.000000 0.475090 -0.145335 -0.867852 51.002602 0.055232 0.989246 -0.135428 -0.000000 0.000000 0.000000 0.000000 1.000000
0.880135 0.009586 0.474626 0.000000 0.472403 -0.116418 -0.873660 51.002602 0.046880 0.993154 -0.106992 -0.000000 0.000000 0.000000 0.000000 1.000000
0.888022 0.008962 0.459714 -0.000000 0.459264 -0.065616 -0.885873 51.002602 0.022226 0.997805 -0.062385 0.000000 0.000000 0.000000 0.000000 1.000000
0.911936 -0.020593 0.409814 -0.000000 0.410164 0.074254 -0.908984 51.002602 -0.011712 0.997027 0.076161 -0.000000 0.000000 0.000000 0.000000 1.000000
0.934628 -0.059697 0.350579 0.000000 0.349684 0.333727 -0.875413 51.002602 -0.064738 0.940778 0.332786 -0.000000 0.000000 0.000000 0.000000 1.000000
0.956611 -0.088373 0.277644 0.000000 0.266963 0.647606 -0.713679 51.002602 -0.116735 0.756833 0.643099 -0.000000 0.000000 0.000000 0.000000 1.000000
0.963682 -0.077857 0.255450 0.000000 0.230029 0.727920 -0.645925 51.002602 -0.135658 0.681228 0.719393 0.000000 0.000000 0.000000 0.000000 1.000000
0.972166 -0.060656 0.226303 -0.000000 0.182209 0.802937 -0.567532 51.002602 -0.147283 0.592970 0.791640 0.000000 0.000000 0.000000 0.000000 1.000000
0.966983 -0.027327 0.253371 0.000000 0.147052 0.871844 -0.467188 51.002602 -0.208133 0.489022 0.847077 -0.000000 0.000000 0.000000 0.000000 1.000000
0.962249 -0.054494 0.266661 0.000000 0.186873 0.844593 -0.501738 51.002602 -0.197878 0.532628 0.822892 0.000000 0.000000 0.000000 0.000000 1.000000
0.951843 -0.070213 0.298438 0.000000 0.244389 0.761526 -0.600293 51.002602 -0.185120 0.644320 0.742012 0.000000 0.000000 0.000000 0.000000 1.000000
0.947359 -0.056743 0.315106 0.000000 0.271802 0.662687 -0.697832 51.002602 -0.169219 0.746744 0.643225 0.000000 0.000000 0.000000 0.000000 1.000000
0.959758 -0.016409 0.280350 0.000000 0.237536 0.579968 -0.779240 51.002602 -0.149807 0.814474 0.560526 -0.000000 0.000000 0.000000 0.000000 1.000000
0.973198 0.022959 0.228822 0.000000 0.184410 0.516585 -0.836142 51.002602 -0.137403 0.855928 0.498506 0.000000 0.000000 0.000000 0.000000 1.000000
0.974978 0.064017 0.212884 0.000000 0.156404 0.482985 -0.861547 51.002602 -0.157974 0.873285 0.460887 0.000000 0.000000 0.000000 0.000000 1.000000</float_array>
        <technique_common>
          <accessor source="#mixamorig_RightFoot-Matrix-animation-output-transform-array" count="17" stride="16">
            <param type="float4x4"/>
          </accessor>
        </technique_common>
      </source>
      <source id="mixamorig_RightFoot-Interpolations">
        <Name_array id="mixamorig_RightFoot-Interpolations-array" count="17">
 LINEAR LINEAR LINEAR LINEAR LINEAR LINEAR LINEAR LINEAR LINEAR LINEAR LINEAR
LINEAR LINEAR LINEAR LINEAR LINEAR LINEAR</Name_array>
        <technique_common>
          <accessor source="#mixamorig_RightFoot-Interpolations-array" count="17">
            <param type="name"/>
          </accessor>
        </technique_common>
      </source>
      <sampler id="mixamorig_RightFoot-Matrix-animation-transform">
        <input semantic="INPUT" source="#mixamorig_RightFoot-Matrix-animation-input"/>
        <input semantic="OUTPUT" source="#mixamorig_RightFoot-Matrix-animation-output-transform"/>
        <input semantic="INTERPOLATION" source="#mixamorig_RightFoot-Interpolations"/>
      </sampler>
      <channel source="#mixamorig_RightFoot-Matrix-animation-transform" target="mixamorig_RightFoot/matrix"/>
    </animation>
    <animation id="mixamorig_RightToeBase-anim" name="mixamorig_RightToeBase">
      <source id="mixamorig_RightToeBase-Matrix-animation-input">
        <float_array id="mixamorig_RightToeBase-Matrix-animation-input-array" count="17">

0.000000 0.033333 0.066667 0.100000 0.133333 0.166667 0.200000 0.233333 0.266667 0.300000 0.333333 0.366667 0.400000 0.433333 0.466667 0.500000
0.533333</float_array>
        <technique_common>
          <accessor source="#mixamorig_RightToeBase-Matrix-animation-input-array" count="17">
            <param name="TIME" type="float"/>
          </accessor>
        </technique_common>
      </source>
      <source id="mixamorig_RightToeBase-Matrix-animation-output-transform">
        <float_array id="mixamorig_RightToeBase-Matrix-animation-output-transform-array" count="272">

0.988240 -0.052225 -0.143714 0.000000 -0.022023 0.881453 -0.471757 22.030199 0.151315 0.469374 0.869938 -0.000000 0.000000 0.000000 0.000000 1.000000
0.988175 -0.052227 -0.144162 0.000000 -0.022192 0.881586 -0.471501 22.030199 0.151716 0.469125 0.870003 -0.000000 0.000000 0.000000 0.000000 1.000000
0.988308 -0.052225 -0.143245 -0.000000 -0.021844 0.881314 -0.472025 22.030199 0.150895 0.469636 0.869870 0.000000 0.000000 0.000000 0.000000 1.000000
0.988342 -0.052223 -0.143014 0.000000 -0.021757 0.881246 -0.472158 22.030199 0.150688 0.469765 0.869836 -0.000000 0.000000 0.000000 0.000000 1.000000
0.988747 -0.052208 -0.140192 0.000000 -0.020687 0.880406 -0.473770 22.030199 0.148161 0.471339 0.869418 -0.000000 0.000000 0.000000 0.000000 1.000000
0.992990 -0.051014 -0.106621 -0.000000 -0.008017 0.870918 -0.491362 22.030199 0.117924 0.488773 0.864404 -0.000000 0.000000 0.000000 0.000000 1.000000
0.996816 -0.041417 -0.068142 0.000000 -0.007542 0.801739 -0.597627 22.030199 0.079383 0.596238 0.798873 -0.000000 0.000000 0.000000 0.000000 1.000000
0.997047 -0.039960 -0.065582 0.000000 -0.010093 0.778369 -0.627725 22.030199 0.076131 0.626534 0.775667 0.000000 0.000000 0.000000 0.000000 1.000000
0.990013 -0.063992 -0.125612 0.000000 -0.005911 0.871410 -0.490519 22.030199 0.140849 0.486363 0.862330 0.000000 0.000000 0.000000 0.000000 1.000000
0.988866 -0.066658 -0.133043 0.000000 -0.004129 0.881424 -0.472308 22.030199 0.148751 0.467599 0.871335 -0.000000 0.000000 0.000000 0.000000 1.000000
0.988866 -0.066665 -0.133044 0.000000 -0.004124 0.881423 -0.472309 22.030199 0.148754 0.467599 0.871334 0.000000 0.000000 0.000000 0.000000 1.000000
0.988866 -0.066666 -0.133041 0.000000 -0.004122 0.881422 -0.472311 22.030199 0.148753 0.467601 0.871334 -0.000000 0.000000 0.000000 0.000000 1.000000
0.988866 -0.066669 -0.133042 0.000000 -0.004120 0.881422 -0.472311 22.030199 0.148754 0.467601 0.871333 0.000000 0.000000 0.000000 0.000000 1.000000
0.988866 -0.066668 -0.133042 -0.000000 -0.004120 0.881423 -0.472309 22.030199 0.148755 0.467598 0.871334 -0.000000 0.000000 0.000000 0.000000 1.000000
0.988866 -0.066668 -0.133042 0.000000 -0.004120 0.881424 -0.472308 22.030199 0.148754 0.467597 0.871335 -0.000000 0.000000 0.000000 0.000000 1.000000
0.988865 -0.066670 -0.133043 0.000000 -0.004119 0.881424 -0.472308 22.030199 0.148756 0.467597 0.871335 0.000000 0.000000 0.000000 0.000000 1.000000
0.988865 -0.066667 -0.133044 0.000000 -0.004121 0.881423 -0.472309 22.030199 0.148756 0.467598 0.871334 -0.000000 0.000000 0.000000 0.000000 1.000000</float_array>
        <technique_common>
          <accessor source="#mixamorig_RightToeBase-Matrix-animation-output-transform-array" count="17" stride="16">
            <param type="float4x4"/>
          </accessor>
        </technique_common>
      </source>
      <source id="mixamorig_RightToeBase-Interpolations">
        <Name_array id="mixamorig_RightToeBase-Interpolations-array" count="17">
 LINEAR LINEAR LINEAR LINEAR LINEAR LINEAR LINEAR LINEAR LINEAR LINEAR LINEAR
LINEAR LINEAR LINEAR LINEAR LINEAR LINEAR</Name_array>
        <technique_common>
          <accessor source="#mixamorig_RightToeBase-Interpolations-array" count="17">
            <param type="name"/>
          </accessor>
        </technique_common>
      </source>
      <sampler id="mixamorig_RightToeBase-Matrix-animation-transform">
        <input semantic="INPUT" source="#mixamorig_RightToeBase-Matrix-animation-input"/>
        <input semantic="OUTPUT" source="#mixamorig_RightToeBase-Matrix-animation-output-transform"/>
        <input semantic="INTERPOLATION" source="#mixamorig_RightToeBase-Interpolations"/>
      </sampler>
      <channel source="#mixamorig_RightToeBase-Matrix-animation-transform" target="mixamorig_RightToeBase/matrix"/>
    </animation>
    <animation id="mixamorig_F_skirt1-anim" name="mixamorig_F_skirt1">
      <source id="mixamorig_F_skirt1-Matrix-animation-input">
        <float_array id="mixamorig_F_skirt1-Matrix-animation-input-array" count="17">

0.000000 0.033333 0.066667 0.100000 0.133333 0.166667 0.200000 0.233333 0.266667 0.300000 0.333333 0.366667 0.400000 0.433333 0.466667 0.500000
0.533333</float_array>
        <technique_common>
          <accessor source="#mixamorig_F_skirt1-Matrix-animation-input-array" count="17">
            <param name="TIME" type="float"/>
          </accessor>
        </technique_common>
      </source>
      <source id="mixamorig_F_skirt1-Matrix-animation-output-transform">
        <float_array id="mixamorig_F_skirt1-Matrix-animation-output-transform-array" count="272">

0.000000 1.000000 0.000000 -0.580400 -1.000000 0.000000 -0.000000 -7.794500 -0.000000 -0.000000 1.000000 17.818100 0.000000 0.000000 0.000000 1.000000
0.000000 1.000000 0.000000 -0.580400 -1.000000 0.000000 -0.000000 -7.794500 -0.000000 -0.000000 1.000000 17.818100 0.000000 0.000000 0.000000 1.000000
0.000000 1.000000 0.000000 -0.580400 -1.000000 -0.000000 0.000000 -7.794500 0.000000 0.000000 1.000000 17.818100 0.000000 0.000000 0.000000 1.000000
0.000000 1.000000 -0.000000 -0.580400 -1.000000 0.000000 0.000000 -7.794500 -0.000000 -0.000000 1.000000 17.818100 0.000000 0.000000 0.000000 1.000000
0.000000 1.000000 0.000000 -0.580400 -1.000000 0.000000 0.000000 -7.794500 -0.000000 0.000000 1.000000 17.818100 0.000000 0.000000 0.000000 1.000000
0.000000 1.000000 -0.000000 -0.580400 -1.000000 0.000000 0.000000 -7.794500 0.000000 0.000000 1.000000 17.818100 0.000000 0.000000 0.000000 1.000000
0.000000 1.000000 -0.000000 -0.580400 -1.000000 0.000000 0.000000 -7.794500 -0.000000 0.000000 1.000000 17.818100 0.000000 0.000000 0.000000 1.000000
0.000000 1.000000 0.000000 -0.580400 -1.000000 0.000000 0.000000 -7.794500 -0.000000 -0.000000 1.000000 17.818100 0.000000 0.000000 0.000000 1.000000
0.000000 1.000000 0.000000 -0.580400 -1.000000 0.000000 0.000000 -7.794500 0.000000 0.000000 1.000000 17.818100 0.000000 0.000000 0.000000 1.000000
0.000000 1.000000 -0.000000 -0.580400 -1.000000 0.000000 0.000000 -7.794500 -0.000000 -0.000000 1.000000 17.818100 0.000000 0.000000 0.000000 1.000000
0.000000 1.000000 0.000000 -0.580400 -1.000000 0.000000 0.000000 -7.794500 -0.000000 -0.000000 1.000000 17.818100 0.000000 0.000000 0.000000 1.000000
0.000000 1.000000 0.000000 -0.580400 -1.000000 0.000000 -0.000000 -7.794500 0.000000 0.000000 1.000000 17.818100 0.000000 0.000000 0.000000 1.000000
0.000000 1.000000 -0.000000 -0.580400 -1.000000 0.000000 -0.000000 -7.794500 -0.000000 0.000000 1.000000 17.818100 0.000000 0.000000 0.000000 1.000000
0.000000 1.000000 0.000000 -0.580400 -1.000000 0.000000 -0.000000 -7.794500 -0.000000 -0.000000 1.000000 17.818100 0.000000 0.000000 0.000000 1.000000
0.000000 1.000000 0.000000 -0.580400 -1.000000 0.000000 0.000000 -7.794500 0.000000 0.000000 1.000000 17.818100 0.000000 0.000000 0.000000 1.000000
0.000000 1.000000 -0.000000 -0.580400 -1.000000 0.000000 -0.000000 -7.794500 -0.000000 -0.000000 1.000000 17.818100 0.000000 0.000000 0.000000 1.000000
0.000000 1.000000 0.000000 -0.580400 -1.000000 0.000000 0.000000 -7.794500 -0.000000 0.000000 1.000000 17.818100 0.000000 0.000000 0.000000 1.000000</float_array>
        <technique_common>
          <accessor source="#mixamorig_F_skirt1-Matrix-animation-output-transform-array" count="17" stride="16">
            <param type="float4x4"/>
          </accessor>
        </technique_common>
      </source>
      <source id="mixamorig_F_skirt1-Interpolations">
        <Name_array id="mixamorig_F_skirt1-Interpolations-array" count="17">
 LINEAR LINEAR LINEAR LINEAR LINEAR LINEAR LINEAR LINEAR LINEAR LINEAR LINEAR
LINEAR LINEAR LINEAR LINEAR LINEAR LINEAR</Name_array>
        <technique_common>
          <accessor source="#mixamorig_F_skirt1-Interpolations-array" count="17">
            <param type="name"/>
          </accessor>
        </technique_common>
      </source>
      <sampler id="mixamorig_F_skirt1-Matrix-animation-transform">
        <input semantic="INPUT" source="#mixamorig_F_skirt1-Matrix-animation-input"/>
        <input semantic="OUTPUT" source="#mixamorig_F_skirt1-Matrix-animation-output-transform"/>
        <input semantic="INTERPOLATION" source="#mixamorig_F_skirt1-Interpolations"/>
      </sampler>
      <channel source="#mixamorig_F_skirt1-Matrix-animation-transform" target="mixamorig_F_skirt1/matrix"/>
    </animation>
    <animation id="mixamorig_F_skirt2-anim" name="mixamorig_F_skirt2">
      <source id="mixamorig_F_skirt2-Matrix-animation-input">
        <float_array id="mixamorig_F_skirt2-Matrix-animation-input-array" count="17">

0.000000 0.033333 0.066667 0.100000 0.133333 0.166667 0.200000 0.233333 0.266667 0.300000 0.333333 0.366667 0.400000 0.433333 0.466667 0.500000
0.533333</float_array>
        <technique_common>
          <accessor source="#mixamorig_F_skirt2-Matrix-animation-input-array" count="17">
            <param name="TIME" type="float"/>
          </accessor>
        </technique_common>
      </source>
      <source id="mixamorig_F_skirt2-Matrix-animation-output-transform">
        <float_array id="mixamorig_F_skirt2-Matrix-animation-output-transform-array" count="272">

1.000000 0.000000 0.000000 27.000000 0.000000 1.000000 0.000000 0.000000 -0.000000 0.000000 1.000000 0.000000 0.000000 0.000000 0.000000 1.000000
1.000000 0.000000 -0.000000 27.000000 -0.000000 1.000000 0.000000 -0.000000 -0.000000 -0.000000 1.000000 0.000000 0.000000 0.000000 0.000000 1.000000
1.000000 0.000000 -0.000000 27.000000 -0.000000 1.000000 -0.000000 -0.000000 -0.000000 0.000000 1.000000 0.000000 0.000000 0.000000 0.000000 1.000000
1.000000 0.000000 0.000000 27.000000 0.000000 1.000000 0.000000 0.000000 0.000000 0.000000 1.000000 0.000000 0.000000 0.000000 0.000000 1.000000
1.000000 0.000000 0.000000 27.000000 0.000000 1.000000 -0.000000 0.000000 0.000000 0.000000 1.000000 0.000000 0.000000 0.000000 0.000000 1.000000
1.000000 0.000000 -0.000000 27.000000 0.000000 1.000000 -0.000000 0.000000 -0.000000 0.000000 1.000000 0.000000 0.000000 0.000000 0.000000 1.000000
1.000000 -0.000000 -0.000000 27.000000 -0.000000 1.000000 -0.000000 0.000000 -0.000000 0.000000 1.000000 0.000000 0.000000 0.000000 0.000000 1.000000
1.000000 0.000000 -0.000000 27.000000 0.000000 1.000000 -0.000000 -0.000000 0.000000 -0.000000 1.000000 0.000000 0.000000 0.000000 0.000000 1.000000
1.000000 0.000000 -0.000000 27.000000 -0.000000 1.000000 0.000000 0.000000 0.000000 -0.000000 1.000000 0.000000 0.000000 0.000000 0.000000 1.000000
1.000000 -0.000000 0.000000 27.000000 0.000000 1.000000 0.000000 -0.000000 0.000000 -0.000000 1.000000 0.000000 0.000000 0.000000 0.000000 1.000000
1.000000 -0.000000 0.000000 27.000000 0.000000 1.000000 0.000000 0.000000 -0.000000 -0.000000 1.000000 -0.000000 0.000000 0.000000 0.000000 1.000000
1.000000 -0.000000 -0.000000 27.000000 0.000000 1.000000 -0.000000 -0.000000 0.000000 0.000000 1.000000 0.000000 0.000000 0.000000 0.000000 1.000000
1.000000 0.000000 -0.000000 27.000000 -0.000000 1.000000 0.000000 -0.000000 0.000000 0.000000 1.000000 0.000000 0.000000 0.000000 0.000000 1.000000
1.000000 0.000000 -0.000000 27.000000 0.000000 1.000000 -0.000000 0.000000 0.000000 0.000000 1.000000 -0.000000 0.000000 0.000000 0.000000 1.000000
1.000000 0.000000 0.000000 27.000000 0.000000 1.000000 0.000000 -0.000000 -0.000000 -0.000000 1.000000 0.000000 0.000000 0.000000 0.000000 1.000000
1.000000 0.000000 -0.000000 27.000000 -0.000000 1.000000 -0.000000 -0.000000 0.000000 0.000000 1.000000 0.000000 0.000000 0.000000 0.000000 1.000000
1.000000 -0.000000 0.000000 27.000000 0.000000 1.000000 -0.000000 0.000000 0.000000 0.000000 1.000000 0.000000 0.000000 0.000000 0.000000 1.000000</float_array>
        <technique_common>
          <accessor source="#mixamorig_F_skirt2-Matrix-animation-output-transform-array" count="17" stride="16">
            <param type="float4x4"/>
          </accessor>
        </technique_common>
      </source>
      <source id="mixamorig_F_skirt2-Interpolations">
        <Name_array id="mixamorig_F_skirt2-Interpolations-array" count="17">
 LINEAR LINEAR LINEAR LINEAR LINEAR LINEAR LINEAR LINEAR LINEAR LINEAR LINEAR
LINEAR LINEAR LINEAR LINEAR LINEAR LINEAR</Name_array>
        <technique_common>
          <accessor source="#mixamorig_F_skirt2-Interpolations-array" count="17">
            <param type="name"/>
          </accessor>
        </technique_common>
      </source>
      <sampler id="mixamorig_F_skirt2-Matrix-animation-transform">
        <input semantic="INPUT" source="#mixamorig_F_skirt2-Matrix-animation-input"/>
        <input semantic="OUTPUT" source="#mixamorig_F_skirt2-Matrix-animation-output-transform"/>
        <input semantic="INTERPOLATION" source="#mixamorig_F_skirt2-Interpolations"/>
      </sampler>
      <channel source="#mixamorig_F_skirt2-Matrix-animation-transform" target="mixamorig_F_skirt2/matrix"/>
    </animation>
    <animation id="mixamorig_F_skirt3-anim" name="mixamorig_F_skirt3">
      <source id="mixamorig_F_skirt3-Matrix-animation-input">
        <float_array id="mixamorig_F_skirt3-Matrix-animation-input-array" count="17">

0.000000 0.033333 0.066667 0.100000 0.133333 0.166667 0.200000 0.233333 0.266667 0.300000 0.333333 0.366667 0.400000 0.433333 0.466667 0.500000
0.533333</float_array>
        <technique_common>
          <accessor source="#mixamorig_F_skirt3-Matrix-animation-input-array" count="17">
            <param name="TIME" type="float"/>
          </accessor>
        </technique_common>
      </source>
      <source id="mixamorig_F_skirt3-Matrix-animation-output-transform">
        <float_array id="mixamorig_F_skirt3-Matrix-animation-output-transform-array" count="272">

1.000000 -0.000000 0.000000 27.000000 0.000000 1.000000 0.000000 0.000000 -0.000000 -0.000000 1.000000 0.000000 0.000000 0.000000 0.000000 1.000000
1.000000 0.000000 -0.000000 27.000000 -0.000000 1.000000 0.000000 0.000000 -0.000000 -0.000000 1.000000 -0.000000 0.000000 0.000000 0.000000 1.000000
1.000000 0.000000 -0.000000 27.000000 0.000000 1.000000 -0.000000 0.000000 -0.000000 0.000000 1.000000 0.000000 0.000000 0.000000 0.000000 1.000000
1.000000 -0.000000 -0.000000 27.000000 -0.000000 1.000000 0.000000 -0.000000 -0.000000 0.000000 1.000000 0.000000 0.000000 0.000000 0.000000 1.000000
1.000000 0.000000 0.000000 27.000000 -0.000000 1.000000 0.000000 0.000000 0.000000 0.000000 1.000000 -0.000000 0.000000 0.000000 0.000000 1.000000
1.000000 -0.000000 0.000000 27.000000 -0.000000 1.000000 0.000000 0.000000 0.000000 0.000000 1.000000 0.000000 0.000000 0.000000 0.000000 1.000000
1.000000 -0.000000 0.000000 27.000000 -0.000000 1.000000 -0.000000 0.000000 -0.000000 0.000000 1.000000 -0.000000 0.000000 0.000000 0.000000 1.000000
1.000000 0.000000 -0.000000 27.000000 0.000000 1.000000 -0.000000 0.000000 -0.000000 -0.000000 1.000000 -0.000000 0.000000 0.000000 0.000000 1.000000
1.000000 0.000000 -0.000000 27.000000 -0.000000 1.000000 -0.000000 0.000000 -0.000000 -0.000000 1.000000 0.000000 0.000000 0.000000 0.000000 1.000000
1.000000 -0.000000 0.000000 27.000000 -0.000000 1.000000 0.000000 0.000000 0.000000 -0.000000 1.000000 -0.000000 0.000000 0.000000 0.000000 1.000000
1.000000 -0.000000 0.000000 27.000000 0.000000 1.000000 0.000000 0.000000 0.000000 -0.000000 1.000000 0.000000 0.000000 0.000000 0.000000 1.000000
1.000000 -0.000000 0.000000 27.000000 0.000000 1.000000 -0.000000 0.000000 0.000000 0.000000 1.000000 0.000000 0.000000 0.000000 0.000000 1.000000
1.000000 0.000000 0.000000 27.000000 0.000000 1.000000 0.000000 -0.000000 0.000000 0.000000 1.000000 -0.000000 0.000000 0.000000 0.000000 1.000000
1.000000 -0.000000 0.000000 27.000000 0.000000 1.000000 -0.000000 0.000000 -0.000000 0.000000 1.000000 0.000000 0.000000 0.000000 0.000000 1.000000
1.000000 -0.000000 -0.000000 27.000000 0.000000 1.000000 -0.000000 0.000000 -0.000000 0.000000 1.000000 0.000000 0.000000 0.000000 0.000000 1.000000
1.000000 0.000000 -0.000000 27.000000 -0.000000 1.000000 0.000000 -0.000000 0.000000 0.000000 1.000000 0.000000 0.000000 0.000000 0.000000 1.000000
1.000000 0.000000 -0.000000 27.000000 0.000000 1.000000 -0.000000 -0.000000 0.000000 0.000000 1.000000 -0.000000 0.000000 0.000000 0.000000 1.000000</float_array>
        <technique_common>
          <accessor source="#mixamorig_F_skirt3-Matrix-animation-output-transform-array" count="17" stride="16">
            <param type="float4x4"/>
          </accessor>
        </technique_common>
      </source>
      <source id="mixamorig_F_skirt3-Interpolations">
        <Name_array id="mixamorig_F_skirt3-Interpolations-array" count="17">
 LINEAR LINEAR LINEAR LINEAR LINEAR LINEAR LINEAR LINEAR LINEAR LINEAR LINEAR
LINEAR LINEAR LINEAR LINEAR LINEAR LINEAR</Name_array>
        <technique_common>
          <accessor source="#mixamorig_F_skirt3-Interpolations-array" count="17">
            <param type="name"/>
          </accessor>
        </technique_common>
      </source>
      <sampler id="mixamorig_F_skirt3-Matrix-animation-transform">
        <input semantic="INPUT" source="#mixamorig_F_skirt3-Matrix-animation-input"/>
        <input semantic="OUTPUT" source="#mixamorig_F_skirt3-Matrix-animation-output-transform"/>
        <input semantic="INTERPOLATION" source="#mixamorig_F_skirt3-Interpolations"/>
      </sampler>
      <channel source="#mixamorig_F_skirt3-Matrix-animation-transform" target="mixamorig_F_skirt3/matrix"/>
    </animation>
    <animation id="mixamorig_L_A_skirt1-anim" name="mixamorig_L_A_skirt1">
      <source id="mixamorig_L_A_skirt1-Matrix-animation-input">
        <float_array id="mixamorig_L_A_skirt1-Matrix-animation-input-array" count="17">

0.000000 0.033333 0.066667 0.100000 0.133333 0.166667 0.200000 0.233333 0.266667 0.300000 0.333333 0.366667 0.400000 0.433333 0.466667 0.500000
0.533333</float_array>
        <technique_common>
          <accessor source="#mixamorig_L_A_skirt1-Matrix-animation-input-array" count="17">
            <param name="TIME" type="float"/>
          </accessor>
        </technique_common>
      </source>
      <source id="mixamorig_L_A_skirt1-Matrix-animation-output-transform">
        <float_array id="mixamorig_L_A_skirt1-Matrix-animation-output-transform-array" count="272">

0.122996 0.897244 0.424058 9.424300 -0.992244 0.103429 0.068955 -5.518500 0.018009 -0.429250 0.903006 15.946100 0.000000 0.000000 0.000000 1.000000
0.122996 0.897244 0.424058 9.424300 -0.992244 0.103429 0.068955 -5.518500 0.018009 -0.429250 0.903006 15.946100 0.000000 0.000000 0.000000 1.000000
0.122996 0.897244 0.424058 9.424300 -0.992244 0.103429 0.068955 -5.518500 0.018009 -0.429250 0.903006 15.946100 0.000000 0.000000 0.000000 1.000000
0.122996 0.897244 0.424058 9.424300 -0.992244 0.103429 0.068955 -5.518500 0.018009 -0.429250 0.903006 15.946100 0.000000 0.000000 0.000000 1.000000
0.122996 0.897244 0.424058 9.424300 -0.992244 0.103429 0.068955 -5.518500 0.018009 -0.429250 0.903006 15.946100 0.000000 0.000000 0.000000 1.000000
0.122996 0.897244 0.424058 9.424300 -0.992244 0.103429 0.068955 -5.518500 0.018009 -0.429250 0.903006 15.946100 0.000000 0.000000 0.000000 1.000000
0.122996 0.897244 0.424058 9.424300 -0.992244 0.103429 0.068955 -5.518500 0.018009 -0.429250 0.903006 15.946100 0.000000 0.000000 0.000000 1.000000
0.122996 0.897244 0.424058 9.424300 -0.992244 0.103429 0.068955 -5.518500 0.018009 -0.429250 0.903006 15.946100 0.000000 0.000000 0.000000 1.000000
0.122996 0.897244 0.424058 9.424300 -0.992244 0.103429 0.068955 -5.518500 0.018009 -0.429250 0.903006 15.946100 0.000000 0.000000 0.000000 1.000000
0.122996 0.897244 0.424058 9.424300 -0.992244 0.103429 0.068955 -5.518500 0.018009 -0.429250 0.903006 15.946100 0.000000 0.000000 0.000000 1.000000
0.122996 0.897244 0.424058 9.424300 -0.992244 0.103429 0.068955 -5.518500 0.018009 -0.429250 0.903006 15.946100 0.000000 0.000000 0.000000 1.000000
0.122996 0.897244 0.424058 9.424300 -0.992244 0.103429 0.068955 -5.518500 0.018009 -0.429250 0.903006 15.946100 0.000000 0.000000 0.000000 1.000000
0.122996 0.897244 0.424058 9.424300 -0.992244 0.103429 0.068955 -5.518500 0.018009 -0.429250 0.903006 15.946100 0.000000 0.000000 0.000000 1.000000
0.122996 0.897244 0.424058 9.424300 -0.992244 0.103429 0.068955 -5.518500 0.018009 -0.429250 0.903006 15.946100 0.000000 0.000000 0.000000 1.000000
0.122996 0.897244 0.424058 9.424300 -0.992244 0.103429 0.068955 -5.518500 0.018009 -0.429250 0.903006 15.946100 0.000000 0.000000 0.000000 1.000000
0.122996 0.897244 0.424058 9.424300 -0.992244 0.103429 0.068955 -5.518500 0.018009 -0.429250 0.903006 15.946100 0.000000 0.000000 0.000000 1.000000
0.122996 0.897244 0.424058 9.424300 -0.992244 0.103429 0.068955 -5.518500 0.018009 -0.429250 0.903006 15.946100 0.000000 0.000000 0.000000 1.000000</float_array>
        <technique_common>
          <accessor source="#mixamorig_L_A_skirt1-Matrix-animation-output-transform-array" count="17" stride="16">
            <param type="float4x4"/>
          </accessor>
        </technique_common>
      </source>
      <source id="mixamorig_L_A_skirt1-Interpolations">
        <Name_array id="mixamorig_L_A_skirt1-Interpolations-array" count="17">
 LINEAR LINEAR LINEAR LINEAR LINEAR LINEAR LINEAR LINEAR LINEAR LINEAR LINEAR
LINEAR LINEAR LINEAR LINEAR LINEAR LINEAR</Name_array>
        <technique_common>
          <accessor source="#mixamorig_L_A_skirt1-Interpolations-array" count="17">
            <param type="name"/>
          </accessor>
        </technique_common>
      </source>
      <sampler id="mixamorig_L_A_skirt1-Matrix-animation-transform">
        <input semantic="INPUT" source="#mixamorig_L_A_skirt1-Matrix-animation-input"/>
        <input semantic="OUTPUT" source="#mixamorig_L_A_skirt1-Matrix-animation-output-transform"/>
        <input semantic="INTERPOLATION" source="#mixamorig_L_A_skirt1-Interpolations"/>
      </sampler>
      <channel source="#mixamorig_L_A_skirt1-Matrix-animation-transform" target="mixamorig_L_A_skirt1/matrix"/>
    </animation>
    <animation id="mixamorig_L_A_skirt2-anim" name="mixamorig_L_A_skirt2">
      <source id="mixamorig_L_A_skirt2-Matrix-animation-input">
        <float_array id="mixamorig_L_A_skirt2-Matrix-animation-input-array" count="17">

0.000000 0.033333 0.066667 0.100000 0.133333 0.166667 0.200000 0.233333 0.266667 0.300000 0.333333 0.366667 0.400000 0.433333 0.466667 0.500000
0.533333</float_array>
        <technique_common>
          <accessor source="#mixamorig_L_A_skirt2-Matrix-animation-input-array" count="17">
            <param name="TIME" type="float"/>
          </accessor>
        </technique_common>
      </source>
      <source id="mixamorig_L_A_skirt2-Matrix-animation-output-transform">
        <float_array id="mixamorig_L_A_skirt2-Matrix-animation-output-transform-array" count="272">

1.000000 -0.000000 0.000000 27.000000 -0.000000 1.000000 0.000000 0.000000 -0.000000 -0.000000 1.000000 0.000000 0.000000 0.000000 0.000000 1.000000
1.000000 0.000000 0.000000 27.000000 -0.000000 1.000000 0.000000 0.000000 0.000000 -0.000000 1.000000 0.000000 0.000000 0.000000 0.000000 1.000000
1.000000 0.000000 -0.000000 27.000000 0.000000 1.000000 -0.000000 0.000000 -0.000000 0.000000 1.000000 -0.000000 0.000000 0.000000 0.000000 1.000000
1.000000 0.000000 0.000000 27.000000 -0.000000 1.000000 0.000000 -0.000000 0.000000 -0.000000 1.000000 -0.000000 0.000000 0.000000 0.000000 1.000000
1.000000 -0.000000 0.000000 27.000000 -0.000000 1.000000 -0.000000 0.000000 -0.000000 -0.000000 1.000000 0.000000 0.000000 0.000000 0.000000 1.000000
1.000000 0.000000 -0.000000 27.000000 -0.000000 1.000000 0.000000 0.000000 -0.000000 -0.000000 1.000000 0.000000 0.000000 0.000000 0.000000 1.000000
1.000000 0.000000 0.000000 27.000000 -0.000000 1.000000 0.000000 -0.000000 0.000000 -0.000000 1.000000 0.000000 0.000000 0.000000 0.000000 1.000000
1.000000 0.000000 -0.000000 27.000000 0.000000 1.000000 -0.000000 0.000000 -0.000000 -0.000000 1.000000 0.000000 0.000000 0.000000 0.000000 1.000000
1.000000 -0.000000 0.000000 27.000000 -0.000000 1.000000 0.000000 -0.000000 -0.000000 -0.000000 1.000000 0.000000 0.000000 0.000000 0.000000 1.000000
1.000000 0.000000 -0.000000 27.000000 -0.000000 1.000000 0.000000 0.000000 -0.000000 0.000000 1.000000 0.000000 0.000000 0.000000 0.000000 1.000000
1.000000 0.000000 -0.000000 27.000000 0.000000 1.000000 0.000000 -0.000000 0.000000 0.000000 1.000000 0.000000 0.000000 0.000000 0.000000 1.000000
1.000000 -0.000000 0.000000 27.000000 0.000000 1.000000 0.000000 -0.000000 0.000000 0.000000 1.000000 -0.000000 0.000000 0.000000 0.000000 1.000000
1.000000 -0.000000 -0.000000 27.000000 0.000000 1.000000 -0.000000 0.000000 0.000000 -0.000000 1.000000 -0.000000 0.000000 0.000000 0.000000 1.000000
1.000000 0.000000 -0.000000 27.000000 -0.000000 1.000000 0.000000 -0.000000 -0.000000 0.000000 1.000000 0.000000 0.000000 0.000000 0.000000 1.000000
1.000000 0.000000 -0.000000 27.000000 -0.000000 1.000000 -0.000000 0.000000 -0.000000 0.000000 1.000000 -0.000000 0.000000 0.000000 0.000000 1.000000
1.000000 -0.000000 0.000000 27.000000 0.000000 1.000000 0.000000 0.000000 -0.000000 0.000000 1.000000 -0.000000 0.000000 0.000000 0.000000 1.000000
1.000000 -0.000000 0.000000 27.000000 0.000000 1.000000 -0.000000 0.000000 -0.000000 0.000000 1.000000 0.000000 0.000000 0.000000 0.000000 1.000000</float_array>
        <technique_common>
          <accessor source="#mixamorig_L_A_skirt2-Matrix-animation-output-transform-array" count="17" stride="16">
            <param type="float4x4"/>
          </accessor>
        </technique_common>
      </source>
      <source id="mixamorig_L_A_skirt2-Interpolations">
        <Name_array id="mixamorig_L_A_skirt2-Interpolations-array" count="17">
 LINEAR LINEAR LINEAR LINEAR LINEAR LINEAR LINEAR LINEAR LINEAR LINEAR LINEAR
LINEAR LINEAR LINEAR LINEAR LINEAR LINEAR</Name_array>
        <technique_common>
          <accessor source="#mixamorig_L_A_skirt2-Interpolations-array" count="17">
            <param type="name"/>
          </accessor>
        </technique_common>
      </source>
      <sampler id="mixamorig_L_A_skirt2-Matrix-animation-transform">
        <input semantic="INPUT" source="#mixamorig_L_A_skirt2-Matrix-animation-input"/>
        <input semantic="OUTPUT" source="#mixamorig_L_A_skirt2-Matrix-animation-output-transform"/>
        <input semantic="INTERPOLATION" source="#mixamorig_L_A_skirt2-Interpolations"/>
      </sampler>
      <channel source="#mixamorig_L_A_skirt2-Matrix-animation-transform" target="mixamorig_L_A_skirt2/matrix"/>
    </animation>
    <animation id="mixamorig_L_A_skirt3-anim" name="mixamorig_L_A_skirt3">
      <source id="mixamorig_L_A_skirt3-Matrix-animation-input">
        <float_array id="mixamorig_L_A_skirt3-Matrix-animation-input-array" count="17">

0.000000 0.033333 0.066667 0.100000 0.133333 0.166667 0.200000 0.233333 0.266667 0.300000 0.333333 0.366667 0.400000 0.433333 0.466667 0.500000
0.533333</float_array>
        <technique_common>
          <accessor source="#mixamorig_L_A_skirt3-Matrix-animation-input-array" count="17">
            <param name="TIME" type="float"/>
          </accessor>
        </technique_common>
      </source>
      <source id="mixamorig_L_A_skirt3-Matrix-animation-output-transform">
        <float_array id="mixamorig_L_A_skirt3-Matrix-animation-output-transform-array" count="272">

1.000000 0.000000 -0.000000 27.000000 -0.000000 1.000000 0.000000 0.000000 -0.000000 -0.000000 1.000000 -0.000000 0.000000 0.000000 0.000000 1.000000
1.000000 0.000000 0.000000 27.000000 0.000000 1.000000 0.000000 0.000000 -0.000000 -0.000000 1.000000 0.000000 0.000000 0.000000 0.000000 1.000000
1.000000 -0.000000 0.000000 27.000000 -0.000000 1.000000 0.000000 0.000000 -0.000000 0.000000 1.000000 -0.000000 0.000000 0.000000 0.000000 1.000000
1.000000 -0.000000 0.000000 27.000000 -0.000000 1.000000 0.000000 0.000000 -0.000000 0.000000 1.000000 0.000000 0.000000 0.000000 0.000000 1.000000
1.000000 -0.000000 0.000000 27.000000 -0.000000 1.000000 0.000000 0.000000 -0.000000 -0.000000 1.000000 0.000000 0.000000 0.000000 0.000000 1.000000
1.000000 0.000000 -0.000000 27.000000 0.000000 1.000000 -0.000000 -0.000000 -0.000000 -0.000000 1.000000 0.000000 0.000000 0.000000 0.000000 1.000000
1.000000 -0.000000 0.000000 27.000000 -0.000000 1.000000 -0.000000 0.000000 0.000000 0.000000 1.000000 0.000000 0.000000 0.000000 0.000000 1.000000
1.000000 0.000000 -0.000000 27.000000 0.000000 1.000000 -0.000000 0.000000 -0.000000 -0.000000 1.000000 -0.000000 0.000000 0.000000 0.000000 1.000000
1.000000 0.000000 0.000000 27.000000 0.000000 1.000000 -0.000000 0.000000 -0.000000 -0.000000 1.000000 0.000000 0.000000 0.000000 0.000000 1.000000
1.000000 -0.000000 0.000000 27.000000 0.000000 1.000000 0.000000 0.000000 -0.000000 0.000000 1.000000 0.000000 0.000000 0.000000 0.000000 1.000000
1.000000 0.000000 -0.000000 27.000000 0.000000 1.000000 0.000000 -0.000000 0.000000 0.000000 1.000000 0.000000 0.000000 0.000000 0.000000 1.000000
1.000000 -0.000000 0.000000 27.000000 -0.000000 1.000000 0.000000 0.000000 0.000000 0.000000 1.000000 0.000000 0.000000 0.000000 0.000000 1.000000
1.000000 0.000000 -0.000000 27.000000 -0.000000 1.000000 0.000000 0.000000 0.000000 0.000000 1.000000 0.000000 0.000000 0.000000 0.000000 1.000000
1.000000 0.000000 -0.000000 27.000000 -0.000000 1.000000 0.000000 -0.000000 -0.000000 0.000000 1.000000 -0.000000 0.000000 0.000000 0.000000 1.000000
1.000000 0.000000 -0.000000 27.000000 -0.000000 1.000000 -0.000000 0.000000 -0.000000 0.000000 1.000000 0.000000 0.000000 0.000000 0.000000 1.000000
1.000000 0.000000 0.000000 27.000000 -0.000000 1.000000 -0.000000 -0.000000 0.000000 0.000000 1.000000 0.000000 0.000000 0.000000 0.000000 1.000000
1.000000 -0.000000 0.000000 27.000000 0.000000 1.000000 0.000000 -0.000000 0.000000 0.000000 1.000000 0.000000 0.000000 0.000000 0.000000 1.000000</float_array>
        <technique_common>
          <accessor source="#mixamorig_L_A_skirt3-Matrix-animation-output-transform-array" count="17" stride="16">
            <param type="float4x4"/>
          </accessor>
        </technique_common>
      </source>
      <source id="mixamorig_L_A_skirt3-Interpolations">
        <Name_array id="mixamorig_L_A_skirt3-Interpolations-array" count="17">
 LINEAR LINEAR LINEAR LINEAR LINEAR LINEAR LINEAR LINEAR LINEAR LINEAR LINEAR
LINEAR LINEAR LINEAR LINEAR LINEAR LINEAR</Name_array>
        <technique_common>
          <accessor source="#mixamorig_L_A_skirt3-Interpolations-array" count="17">
            <param type="name"/>
          </accessor>
        </technique_common>
      </source>
      <sampler id="mixamorig_L_A_skirt3-Matrix-animation-transform">
        <input semantic="INPUT" source="#mixamorig_L_A_skirt3-Matrix-animation-input"/>
        <input semantic="OUTPUT" source="#mixamorig_L_A_skirt3-Matrix-animation-output-transform"/>
        <input semantic="INTERPOLATION" source="#mixamorig_L_A_skirt3-Interpolations"/>
      </sampler>
      <channel source="#mixamorig_L_A_skirt3-Matrix-animation-transform" target="mixamorig_L_A_skirt3/matrix"/>
    </animation>
    <animation id="mixamorig_L_B_skirt1-anim" name="mixamorig_L_B_skirt1">
      <source id="mixamorig_L_B_skirt1-Matrix-animation-input">
        <float_array id="mixamorig_L_B_skirt1-Matrix-animation-input-array" count="17">

0.000000 0.033333 0.066667 0.100000 0.133333 0.166667 0.200000 0.233333 0.266667 0.300000 0.333333 0.366667 0.400000 0.433333 0.466667 0.500000
0.533333</float_array>
        <technique_common>
          <accessor source="#mixamorig_L_B_skirt1-Matrix-animation-input-array" count="17">
            <param name="TIME" type="float"/>
          </accessor>
        </technique_common>
      </source>
      <source id="mixamorig_L_B_skirt1-Matrix-animation-output-transform">
        <float_array id="mixamorig_L_B_skirt1-Matrix-animation-output-transform-array" count="272">

0.111759 0.000000 0.993735 18.448999 -0.993735 0.000000 0.111759 -4.216000 -0.000000 -1.000000 0.000000 -0.295100 0.000000 0.000000 0.000000 1.000000
0.111759 0.000000 0.993735 18.448999 -0.993735 0.000000 0.111759 -4.216000 -0.000000 -1.000000 -0.000000 -0.295100 0.000000 0.000000 0.000000 1.000000
0.111759 0.000000 0.993735 18.448999 -0.993735 -0.000000 0.111759 -4.216000 0.000000 -1.000000 0.000000 -0.295100 0.000000 0.000000 0.000000 1.000000
0.111759 0.000000 0.993735 18.448999 -0.993735 0.000000 0.111759 -4.216000 -0.000000 -1.000000 0.000000 -0.295100 0.000000 0.000000 0.000000 1.000000
0.111759 0.000000 0.993735 18.448999 -0.993735 -0.000000 0.111759 -4.216000 -0.000000 -1.000000 0.000000 -0.295100 0.000000 0.000000 0.000000 1.000000
0.111759 0.000000 0.993735 18.448999 -0.993735 0.000000 0.111759 -4.216000 0.000000 -1.000000 0.000000 -0.295100 0.000000 0.000000 0.000000 1.000000
0.111759 0.000000 0.993735 18.448999 -0.993735 -0.000000 0.111759 -4.216000 -0.000000 -1.000000 0.000000 -0.295100 0.000000 0.000000 0.000000 1.000000
0.111759 0.000000 0.993735 18.448999 -0.993735 0.000000 0.111759 -4.216000 -0.000000 -1.000000 0.000000 -0.295100 0.000000 0.000000 0.000000 1.000000
0.111759 0.000000 0.993735 18.448999 -0.993735 -0.000000 0.111759 -4.216000 0.000000 -1.000000 0.000000 -0.295100 0.000000 0.000000 0.000000 1.000000
0.111759 0.000000 0.993735 18.448999 -0.993735 0.000000 0.111759 -4.216000 -0.000000 -1.000000 0.000000 -0.295100 0.000000 0.000000 0.000000 1.000000
0.111759 0.000000 0.993735 18.448999 -0.993735 0.000000 0.111759 -4.216000 0.000000 -1.000000 -0.000000 -0.295100 0.000000 0.000000 0.000000 1.000000
0.111759 0.000000 0.993735 18.448999 -0.993735 -0.000000 0.111759 -4.216000 0.000000 -1.000000 0.000000 -0.295100 0.000000 0.000000 0.000000 1.000000
0.111759 0.000000 0.993735 18.448999 -0.993735 -0.000000 0.111759 -4.216000 0.000000 -1.000000 0.000000 -0.295100 0.000000 0.000000 0.000000 1.000000
0.111759 0.000000 0.993735 18.448999 -0.993735 -0.000000 0.111759 -4.216000 0.000000 -1.000000 -0.000000 -0.295100 0.000000 0.000000 0.000000 1.000000
0.111759 0.000000 0.993735 18.448999 -0.993735 0.000000 0.111759 -4.216000 0.000000 -1.000000 0.000000 -0.295100 0.000000 0.000000 0.000000 1.000000
0.111759 -0.000000 0.993735 18.448999 -0.993735 -0.000000 0.111759 -4.216000 -0.000000 -1.000000 0.000000 -0.295100 0.000000 0.000000 0.000000 1.000000
0.111759 0.000000 0.993735 18.448999 -0.993735 0.000000 0.111759 -4.216000 -0.000000 -1.000000 0.000000 -0.295100 0.000000 0.000000 0.000000 1.000000</float_array>
        <technique_common>
          <accessor source="#mixamorig_L_B_skirt1-Matrix-animation-output-transform-array" count="17" stride="16">
            <param type="float4x4"/>
          </accessor>
        </technique_common>
      </source>
      <source id="mixamorig_L_B_skirt1-Interpolations">
        <Name_array id="mixamorig_L_B_skirt1-Interpolations-array" count="17">
 LINEAR LINEAR LINEAR LINEAR LINEAR LINEAR LINEAR LINEAR LINEAR LINEAR LINEAR
LINEAR LINEAR LINEAR LINEAR LINEAR LINEAR</Name_array>
        <technique_common>
          <accessor source="#mixamorig_L_B_skirt1-Interpolations-array" count="17">
            <param type="name"/>
          </accessor>
        </technique_common>
      </source>
      <sampler id="mixamorig_L_B_skirt1-Matrix-animation-transform">
        <input semantic="INPUT" source="#mixamorig_L_B_skirt1-Matrix-animation-input"/>
        <input semantic="OUTPUT" source="#mixamorig_L_B_skirt1-Matrix-animation-output-transform"/>
        <input semantic="INTERPOLATION" source="#mixamorig_L_B_skirt1-Interpolations"/>
      </sampler>
      <channel source="#mixamorig_L_B_skirt1-Matrix-animation-transform" target="mixamorig_L_B_skirt1/matrix"/>
    </animation>
    <animation id="mixamorig_L_B_skirt2-anim" name="mixamorig_L_B_skirt2">
      <source id="mixamorig_L_B_skirt2-Matrix-animation-input">
        <float_array id="mixamorig_L_B_skirt2-Matrix-animation-input-array" count="17">

0.000000 0.033333 0.066667 0.100000 0.133333 0.166667 0.200000 0.233333 0.266667 0.300000 0.333333 0.366667 0.400000 0.433333 0.466667 0.500000
0.533333</float_array>
        <technique_common>
          <accessor source="#mixamorig_L_B_skirt2-Matrix-animation-input-array" count="17">
            <param name="TIME" type="float"/>
          </accessor>
        </technique_common>
      </source>
      <source id="mixamorig_L_B_skirt2-Matrix-animation-output-transform">
        <float_array id="mixamorig_L_B_skirt2-Matrix-animation-output-transform-array" count="272">

1.000000 -0.000000 -0.000000 27.000000 -0.000000 1.000000 0.000000 -0.000000 -0.000000 0.000000 1.000000 0.000000 0.000000 0.000000 0.000000 1.000000
1.000000 -0.000000 0.000000 27.000000 0.000000 1.000000 -0.000000 0.000000 0.000000 0.000000 1.000000 0.000000 0.000000 0.000000 0.000000 1.000000
1.000000 -0.000000 0.000000 27.000000 -0.000000 1.000000 0.000000 -0.000000 0.000000 0.000000 1.000000 0.000000 0.000000 0.000000 0.000000 1.000000
1.000000 -0.000000 -0.000000 27.000000 -0.000000 1.000000 0.000000 0.000000 0.000000 -0.000000 1.000000 0.000000 0.000000 0.000000 0.000000 1.000000
1.000000 0.000000 -0.000000 27.000000 0.000000 1.000000 0.000000 0.000000 -0.000000 0.000000 1.000000 0.000000 0.000000 0.000000 0.000000 1.000000
1.000000 0.000000 -0.000000 27.000000 -0.000000 1.000000 -0.000000 0.000000 -0.000000 0.000000 1.000000 0.000000 0.000000 0.000000 0.000000 1.000000
1.000000 0.000000 0.000000 27.000000 -0.000000 1.000000 0.000000 0.000000 -0.000000 0.000000 1.000000 0.000000 0.000000 0.000000 0.000000 1.000000
1.000000 -0.000000 0.000000 27.000000 -0.000000 1.000000 -0.000000 0.000000 0.000000 0.000000 1.000000 0.000000 0.000000 0.000000 0.000000 1.000000
1.000000 0.000000 0.000000 27.000000 -0.000000 1.000000 0.000000 0.000000 -0.000000 -0.000000 1.000000 0.000000 0.000000 0.000000 0.000000 1.000000
1.000000 -0.000000 -0.000000 27.000000 0.000000 1.000000 -0.000000 -0.000000 0.000000 -0.000000 1.000000 0.000000 0.000000 0.000000 0.000000 1.000000
1.000000 0.000000 0.000000 27.000000 0.000000 1.000000 0.000000 0.000000 -0.000000 0.000000 1.000000 -0.000000 0.000000 0.000000 0.000000 1.000000
1.000000 0.000000 0.000000 27.000000 0.000000 1.000000 -0.000000 0.000000 0.000000 0.000000 1.000000 0.000000 0.000000 0.000000 0.000000 1.000000
1.000000 -0.000000 -0.000000 27.000000 -0.000000 1.000000 -0.000000 0.000000 -0.000000 0.000000 1.000000 0.000000 0.000000 0.000000 0.000000 1.000000
1.000000 0.000000 0.000000 27.000000 0.000000 1.000000 0.000000 0.000000 0.000000 0.000000 1.000000 0.000000 0.000000 0.000000 0.000000 1.000000
1.000000 0.000000 0.000000 27.000000 -0.000000 1.000000 0.000000 0.000000 0.000000 0.000000 1.000000 0.000000 0.000000 0.000000 0.000000 1.000000
1.000000 -0.000000 -0.000000 27.000000 -0.000000 1.000000 0.000000 -0.000000 -0.000000 0.000000 1.000000 -0.000000 0.000000 0.000000 0.000000 1.000000
1.000000 0.000000 0.000000 27.000000 0.000000 1.000000 0.000000 0.000000 -0.000000 0.000000 1.000000 0.000000 0.000000 0.000000 0.000000 1.000000</float_array>
        <technique_common>
          <accessor source="#mixamorig_L_B_skirt2-Matrix-animation-output-transform-array" count="17" stride="16">
            <param type="float4x4"/>
          </accessor>
        </technique_common>
      </source>
      <source id="mixamorig_L_B_skirt2-Interpolations">
        <Name_array id="mixamorig_L_B_skirt2-Interpolations-array" count="17">
 LINEAR LINEAR LINEAR LINEAR LINEAR LINEAR LINEAR LINEAR LINEAR LINEAR LINEAR
LINEAR LINEAR LINEAR LINEAR LINEAR LINEAR</Name_array>
        <technique_common>
          <accessor source="#mixamorig_L_B_skirt2-Interpolations-array" count="17">
            <param type="name"/>
          </accessor>
        </technique_common>
      </source>
      <sampler id="mixamorig_L_B_skirt2-Matrix-animation-transform">
        <input semantic="INPUT" source="#mixamorig_L_B_skirt2-Matrix-animation-input"/>
        <input semantic="OUTPUT" source="#mixamorig_L_B_skirt2-Matrix-animation-output-transform"/>
        <input semantic="INTERPOLATION" source="#mixamorig_L_B_skirt2-Interpolations"/>
      </sampler>
      <channel source="#mixamorig_L_B_skirt2-Matrix-animation-transform" target="mixamorig_L_B_skirt2/matrix"/>
    </animation>
    <animation id="mixamorig_L_B_skirt3-anim" name="mixamorig_L_B_skirt3">
      <source id="mixamorig_L_B_skirt3-Matrix-animation-input">
        <float_array id="mixamorig_L_B_skirt3-Matrix-animation-input-array" count="17">

0.000000 0.033333 0.066667 0.100000 0.133333 0.166667 0.200000 0.233333 0.266667 0.300000 0.333333 0.366667 0.400000 0.433333 0.466667 0.500000
0.533333</float_array>
        <technique_common>
          <accessor source="#mixamorig_L_B_skirt3-Matrix-animation-input-array" count="17">
            <param name="TIME" type="float"/>
          </accessor>
        </technique_common>
      </source>
      <source id="mixamorig_L_B_skirt3-Matrix-animation-output-transform">
        <float_array id="mixamorig_L_B_skirt3-Matrix-animation-output-transform-array" count="272">

1.000000 -0.000000 -0.000000 27.000000 -0.000000 1.000000 0.000000 -0.000000 -0.000000 0.000000 1.000000 0.000000 0.000000 0.000000 0.000000 1.000000
1.000000 0.000000 0.000000 27.000000 0.000000 1.000000 -0.000000 -0.000000 0.000000 0.000000 1.000000 0.000000 0.000000 0.000000 0.000000 1.000000
1.000000 -0.000000 -0.000000 27.000000 0.000000 1.000000 -0.000000 0.000000 0.000000 0.000000 1.000000 0.000000 0.000000 0.000000 0.000000 1.000000
1.000000 -0.000000 0.000000 27.000000 0.000000 1.000000 -0.000000 0.000000 -0.000000 0.000000 1.000000 -0.000000 0.000000 0.000000 0.000000 1.000000
1.000000 -0.000000 -0.000000 27.000000 0.000000 1.000000 0.000000 0.000000 0.000000 -0.000000 1.000000 0.000000 0.000000 0.000000 0.000000 1.000000
1.000000 -0.000000 -0.000000 27.000000 -0.000000 1.000000 -0.000000 -0.000000 0.000000 0.000000 1.000000 0.000000 0.000000 0.000000 0.000000 1.000000
1.000000 -0.000000 0.000000 27.000000 -0.000000 1.000000 0.000000 0.000000 -0.000000 0.000000 1.000000 0.000000 0.000000 0.000000 0.000000 1.000000
1.000000 0.000000 -0.000000 27.000000 -0.000000 1.000000 -0.000000 -0.000000 -0.000000 -0.000000 1.000000 -0.000000 0.000000 0.000000 0.000000 1.000000
1.000000 0.000000 -0.000000 27.000000 -0.000000 1.000000 0.000000 0.000000 0.000000 0.000000 1.000000 0.000000 0.000000 0.000000 0.000000 1.000000
1.000000 -0.000000 0.000000 27.000000 0.000000 1.000000 -0.000000 0.000000 0.000000 0.000000 1.000000 0.000000 0.000000 0.000000 0.000000 1.000000
1.000000 -0.000000 0.000000 27.000000 -0.000000 1.000000 0.000000 0.000000 -0.000000 0.000000 1.000000 0.000000 0.000000 0.000000 0.000000 1.000000
1.000000 0.000000 0.000000 27.000000 0.000000 1.000000 -0.000000 0.000000 0.000000 0.000000 1.000000 -0.000000 0.000000 0.000000 0.000000 1.000000
1.000000 0.000000 -0.000000 27.000000 -0.000000 1.000000 0.000000 0.000000 -0.000000 -0.000000 1.000000 0.000000 0.000000 0.000000 0.000000 1.000000
1.000000 0.000000 -0.000000 27.000000 0.000000 1.000000 0.000000 0.000000 0.000000 0.000000 1.000000 -0.000000 0.000000 0.000000 0.000000 1.000000
1.000000 0.000000 0.000000 27.000000 0.000000 1.000000 0.000000 0.000000 -0.000000 -0.000000 1.000000 0.000000 0.000000 0.000000 0.000000 1.000000
1.000000 -0.000000 -0.000000 27.000000 0.000000 1.000000 0.000000 0.000000 -0.000000 -0.000000 1.000000 0.000000 0.000000 0.000000 0.000000 1.000000
1.000000 0.000000 0.000000 27.000000 0.000000 1.000000 0.000000 0.000000 -0.000000 -0.000000 1.000000 0.000000 0.000000 0.000000 0.000000 1.000000</float_array>
        <technique_common>
          <accessor source="#mixamorig_L_B_skirt3-Matrix-animation-output-transform-array" count="17" stride="16">
            <param type="float4x4"/>
          </accessor>
        </technique_common>
      </source>
      <source id="mixamorig_L_B_skirt3-Interpolations">
        <Name_array id="mixamorig_L_B_skirt3-Interpolations-array" count="17">
 LINEAR LINEAR LINEAR LINEAR LINEAR LINEAR LINEAR LINEAR LINEAR LINEAR LINEAR
LINEAR LINEAR LINEAR LINEAR LINEAR LINEAR</Name_array>
        <technique_common>
          <accessor source="#mixamorig_L_B_skirt3-Interpolations-array" count="17">
            <param type="name"/>
          </accessor>
        </technique_common>
      </source>
      <sampler id="mixamorig_L_B_skirt3-Matrix-animation-transform">
        <input semantic="INPUT" source="#mixamorig_L_B_skirt3-Matrix-animation-input"/>
        <input semantic="OUTPUT" source="#mixamorig_L_B_skirt3-Matrix-animation-output-transform"/>
        <input semantic="INTERPOLATION" source="#mixamorig_L_B_skirt3-Interpolations"/>
      </sampler>
      <channel source="#mixamorig_L_B_skirt3-Matrix-animation-transform" target="mixamorig_L_B_skirt3/matrix"/>
    </animation>
    <animation id="mixamorig_L_C_skirt1-anim" name="mixamorig_L_C_skirt1">
      <source id="mixamorig_L_C_skirt1-Matrix-animation-input">
        <float_array id="mixamorig_L_C_skirt1-Matrix-animation-input-array" count="17">

0.000000 0.033333 0.066667 0.100000 0.133333 0.166667 0.200000 0.233333 0.266667 0.300000 0.333333 0.366667 0.400000 0.433333 0.466667 0.500000
0.533333</float_array>
        <technique_common>
          <accessor source="#mixamorig_L_C_skirt1-Matrix-animation-input-array" count="17">
            <param name="TIME" type="float"/>
          </accessor>
        </technique_common>
      </source>
      <source id="mixamorig_L_C_skirt1-Matrix-animation-output-transform">
        <float_array id="mixamorig_L_C_skirt1-Matrix-animation-output-transform-array" count="272">

0.023939 -0.971540 0.235663 7.049900 -0.998221 -0.010354 0.058718 -6.149500 -0.054607 -0.236649 -0.970059 -15.762800 0.000000 0.000000 0.000000 1.000000
0.023939 -0.971540 0.235663 7.049900 -0.998221 -0.010354 0.058718 -6.149500 -0.054607 -0.236649 -0.970059 -15.762800 0.000000 0.000000 0.000000 1.000000
0.023939 -0.971540 0.235663 7.049900 -0.998221 -0.010354 0.058718 -6.149500 -0.054607 -0.236649 -0.970059 -15.762800 0.000000 0.000000 0.000000 1.000000
0.023939 -0.971540 0.235663 7.049900 -0.998221 -0.010354 0.058718 -6.149500 -0.054607 -0.236649 -0.970059 -15.762800 0.000000 0.000000 0.000000 1.000000
0.023939 -0.971540 0.235663 7.049900 -0.998221 -0.010354 0.058718 -6.149500 -0.054607 -0.236649 -0.970059 -15.762800 0.000000 0.000000 0.000000 1.000000
0.023939 -0.971540 0.235663 7.049900 -0.998221 -0.010354 0.058718 -6.149500 -0.054607 -0.236649 -0.970059 -15.762800 0.000000 0.000000 0.000000 1.000000
0.023939 -0.971540 0.235663 7.049900 -0.998221 -0.010354 0.058718 -6.149500 -0.054607 -0.236649 -0.970059 -15.762800 0.000000 0.000000 0.000000 1.000000
0.023939 -0.971540 0.235663 7.049900 -0.998221 -0.010354 0.058718 -6.149500 -0.054607 -0.236649 -0.970059 -15.762800 0.000000 0.000000 0.000000 1.000000
0.023939 -0.971540 0.235663 7.049900 -0.998221 -0.010354 0.058718 -6.149500 -0.054607 -0.236649 -0.970059 -15.762800 0.000000 0.000000 0.000000 1.000000
0.023939 -0.971540 0.235663 7.049900 -0.998221 -0.010354 0.058718 -6.149500 -0.054607 -0.236649 -0.970059 -15.762800 0.000000 0.000000 0.000000 1.000000
0.023939 -0.971540 0.235663 7.049900 -0.998221 -0.010354 0.058718 -6.149500 -0.054607 -0.236649 -0.970059 -15.762800 0.000000 0.000000 0.000000 1.000000
0.023939 -0.971540 0.235663 7.049900 -0.998221 -0.010354 0.058718 -6.149500 -0.054607 -0.236649 -0.970059 -15.762800 0.000000 0.000000 0.000000 1.000000
0.023939 -0.971540 0.235663 7.049900 -0.998221 -0.010354 0.058718 -6.149500 -0.054607 -0.236649 -0.970059 -15.762800 0.000000 0.000000 0.000000 1.000000
0.023939 -0.971540 0.235663 7.049900 -0.998221 -0.010354 0.058718 -6.149500 -0.054607 -0.236649 -0.970059 -15.762800 0.000000 0.000000 0.000000 1.000000
0.023939 -0.971540 0.235663 7.049900 -0.998221 -0.010354 0.058718 -6.149500 -0.054607 -0.236649 -0.970059 -15.762800 0.000000 0.000000 0.000000 1.000000
0.023939 -0.971540 0.235663 7.049900 -0.998221 -0.010354 0.058718 -6.149500 -0.054607 -0.236649 -0.970059 -15.762800 0.000000 0.000000 0.000000 1.000000
0.023939 -0.971540 0.235663 7.049900 -0.998221 -0.010354 0.058718 -6.149500 -0.054607 -0.236649 -0.970059 -15.762800 0.000000 0.000000 0.000000 1.000000</float_array>
        <technique_common>
          <accessor source="#mixamorig_L_C_skirt1-Matrix-animation-output-transform-array" count="17" stride="16">
            <param type="float4x4"/>
          </accessor>
        </technique_common>
      </source>
      <source id="mixamorig_L_C_skirt1-Interpolations">
        <Name_array id="mixamorig_L_C_skirt1-Interpolations-array" count="17">
 LINEAR LINEAR LINEAR LINEAR LINEAR LINEAR LINEAR LINEAR LINEAR LINEAR LINEAR
LINEAR LINEAR LINEAR LINEAR LINEAR LINEAR</Name_array>
        <technique_common>
          <accessor source="#mixamorig_L_C_skirt1-Interpolations-array" count="17">
            <param type="name"/>
          </accessor>
        </technique_common>
      </source>
      <sampler id="mixamorig_L_C_skirt1-Matrix-animation-transform">
        <input semantic="INPUT" source="#mixamorig_L_C_skirt1-Matrix-animation-input"/>
        <input semantic="OUTPUT" source="#mixamorig_L_C_skirt1-Matrix-animation-output-transform"/>
        <input semantic="INTERPOLATION" source="#mixamorig_L_C_skirt1-Interpolations"/>
      </sampler>
      <channel source="#mixamorig_L_C_skirt1-Matrix-animation-transform" target="mixamorig_L_C_skirt1/matrix"/>
    </animation>
    <animation id="mixamorig_L_C_skirt2-anim" name="mixamorig_L_C_skirt2">
      <source id="mixamorig_L_C_skirt2-Matrix-animation-input">
        <float_array id="mixamorig_L_C_skirt2-Matrix-animation-input-array" count="17">

0.000000 0.033333 0.066667 0.100000 0.133333 0.166667 0.200000 0.233333 0.266667 0.300000 0.333333 0.366667 0.400000 0.433333 0.466667 0.500000
0.533333</float_array>
        <technique_common>
          <accessor source="#mixamorig_L_C_skirt2-Matrix-animation-input-array" count="17">
            <param name="TIME" type="float"/>
          </accessor>
        </technique_common>
      </source>
      <source id="mixamorig_L_C_skirt2-Matrix-animation-output-transform">
        <float_array id="mixamorig_L_C_skirt2-Matrix-animation-output-transform-array" count="272">

1.000000 0.000000 0.000000 28.000000 -0.000000 1.000000 0.000000 0.000000 -0.000000 0.000000 1.000000 0.000000 0.000000 0.000000 0.000000 1.000000
1.000000 0.000000 -0.000000 28.000000 0.000000 1.000000 -0.000000 -0.000000 0.000000 0.000000 1.000000 0.000000 0.000000 0.000000 0.000000 1.000000
1.000000 0.000000 -0.000000 28.000000 -0.000000 1.000000 -0.000000 0.000000 0.000000 -0.000000 1.000000 0.000000 0.000000 0.000000 0.000000 1.000000
1.000000 0.000000 -0.000000 28.000000 0.000000 1.000000 0.000000 0.000000 -0.000000 0.000000 1.000000 0.000000 0.000000 0.000000 0.000000 1.000000
1.000000 0.000000 0.000000 28.000000 0.000000 1.000000 0.000000 0.000000 0.000000 0.000000 1.000000 0.000000 0.000000 0.000000 0.000000 1.000000
1.000000 -0.000000 0.000000 28.000000 0.000000 1.000000 -0.000000 0.000000 0.000000 -0.000000 1.000000 0.000000 0.000000 0.000000 0.000000 1.000000
1.000000 0.000000 -0.000000 28.000000 0.000000 1.000000 -0.000000 0.000000 0.000000 -0.000000 1.000000 0.000000 0.000000 0.000000 0.000000 1.000000
1.000000 0.000000 0.000000 28.000000 -0.000000 1.000000 -0.000000 0.000000 -0.000000 0.000000 1.000000 0.000000 0.000000 0.000000 0.000000 1.000000
1.000000 -0.000000 0.000000 28.000000 0.000000 1.000000 0.000000 0.000000 -0.000000 0.000000 1.000000 -0.000000 0.000000 0.000000 0.000000 1.000000
1.000000 0.000000 -0.000000 28.000000 0.000000 1.000000 -0.000000 0.000000 0.000000 0.000000 1.000000 0.000000 0.000000 0.000000 0.000000 1.000000
1.000000 0.000000 0.000000 28.000000 0.000000 1.000000 0.000000 0.000000 -0.000000 0.000000 1.000000 0.000000 0.000000 0.000000 0.000000 1.000000
1.000000 0.000000 -0.000000 28.000000 -0.000000 1.000000 -0.000000 -0.000000 -0.000000 -0.000000 1.000000 -0.000000 0.000000 0.000000 0.000000 1.000000
1.000000 0.000000 0.000000 28.000000 0.000000 1.000000 0.000000 -0.000000 0.000000 0.000000 1.000000 -0.000000 0.000000 0.000000 0.000000 1.000000
1.000000 -0.000000 0.000000 28.000000 0.000000 1.000000 0.000000 0.000000 0.000000 0.000000 1.000000 0.000000 0.000000 0.000000 0.000000 1.000000
1.000000 -0.000000 -0.000000 28.000000 -0.000000 1.000000 0.000000 0.000000 -0.000000 0.000000 1.000000 0.000000 0.000000 0.000000 0.000000 1.000000
1.000000 0.000000 -0.000000 28.000000 0.000000 1.000000 0.000000 0.000000 -0.000000 0.000000 1.000000 -0.000000 0.000000 0.000000 0.000000 1.000000
1.000000 0.000000 -0.000000 28.000000 0.000000 1.000000 0.000000 0.000000 -0.000000 0.000000 1.000000 -0.000000 0.000000 0.000000 0.000000 1.000000</float_array>
        <technique_common>
          <accessor source="#mixamorig_L_C_skirt2-Matrix-animation-output-transform-array" count="17" stride="16">
            <param type="float4x4"/>
          </accessor>
        </technique_common>
      </source>
      <source id="mixamorig_L_C_skirt2-Interpolations">
        <Name_array id="mixamorig_L_C_skirt2-Interpolations-array" count="17">
 LINEAR LINEAR LINEAR LINEAR LINEAR LINEAR LINEAR LINEAR LINEAR LINEAR LINEAR
LINEAR LINEAR LINEAR LINEAR LINEAR LINEAR</Name_array>
        <technique_common>
          <accessor source="#mixamorig_L_C_skirt2-Interpolations-array" count="17">
            <param type="name"/>
          </accessor>
        </technique_common>
      </source>
      <sampler id="mixamorig_L_C_skirt2-Matrix-animation-transform">
        <input semantic="INPUT" source="#mixamorig_L_C_skirt2-Matrix-animation-input"/>
        <input semantic="OUTPUT" source="#mixamorig_L_C_skirt2-Matrix-animation-output-transform"/>
        <input semantic="INTERPOLATION" source="#mixamorig_L_C_skirt2-Interpolations"/>
      </sampler>
      <channel source="#mixamorig_L_C_skirt2-Matrix-animation-transform" target="mixamorig_L_C_skirt2/matrix"/>
    </animation>
    <animation id="mixamorig_L_C_skirt3-anim" name="mixamorig_L_C_skirt3">
      <source id="mixamorig_L_C_skirt3-Matrix-animation-input">
        <float_array id="mixamorig_L_C_skirt3-Matrix-animation-input-array" count="17">

0.000000 0.033333 0.066667 0.100000 0.133333 0.166667 0.200000 0.233333 0.266667 0.300000 0.333333 0.366667 0.400000 0.433333 0.466667 0.500000
0.533333</float_array>
        <technique_common>
          <accessor source="#mixamorig_L_C_skirt3-Matrix-animation-input-array" count="17">
            <param name="TIME" type="float"/>
          </accessor>
        </technique_common>
      </source>
      <source id="mixamorig_L_C_skirt3-Matrix-animation-output-transform">
        <float_array id="mixamorig_L_C_skirt3-Matrix-animation-output-transform-array" count="272">

1.000000 0.000000 0.000000 28.000000 -0.000000 1.000000 0.000000 0.000000 -0.000000 0.000000 1.000000 -0.000000 0.000000 0.000000 0.000000 1.000000
1.000000 0.000000 -0.000000 28.000000 0.000000 1.000000 0.000000 0.000000 0.000000 -0.000000 1.000000 -0.000000 0.000000 0.000000 0.000000 1.000000
1.000000 0.000000 -0.000000 28.000000 0.000000 1.000000 0.000000 0.000000 0.000000 -0.000000 1.000000 0.000000 0.000000 0.000000 0.000000 1.000000
1.000000 0.000000 -0.000000 28.000000 0.000000 1.000000 0.000000 0.000000 -0.000000 0.000000 1.000000 0.000000 0.000000 0.000000 0.000000 1.000000
1.000000 0.000000 0.000000 28.000000 0.000000 1.000000 0.000000 0.000000 0.000000 0.000000 1.000000 0.000000 0.000000 0.000000 0.000000 1.000000
1.000000 0.000000 -0.000000 28.000000 -0.000000 1.000000 -0.000000 0.000000 0.000000 -0.000000 1.000000 -0.000000 0.000000 0.000000 0.000000 1.000000
1.000000 0.000000 -0.000000 28.000000 -0.000000 1.000000 -0.000000 0.000000 0.000000 -0.000000 1.000000 0.000000 0.000000 0.000000 0.000000 1.000000
1.000000 0.000000 -0.000000 28.000000 -0.000000 1.000000 -0.000000 0.000000 -0.000000 0.000000 1.000000 -0.000000 0.000000 0.000000 0.000000 1.000000
1.000000 0.000000 0.000000 28.000000 -0.000000 1.000000 -0.000000 -0.000000 -0.000000 -0.000000 1.000000 0.000000 0.000000 0.000000 0.000000 1.000000
1.000000 0.000000 -0.000000 28.000000 0.000000 1.000000 0.000000 0.000000 0.000000 -0.000000 1.000000 0.000000 0.000000 0.000000 0.000000 1.000000
1.000000 0.000000 0.000000 28.000000 0.000000 1.000000 0.000000 0.000000 -0.000000 0.000000 1.000000 0.000000 0.000000 0.000000 0.000000 1.000000
1.000000 0.000000 -0.000000 28.000000 0.000000 1.000000 -0.000000 0.000000 0.000000 -0.000000 1.000000 0.000000 0.000000 0.000000 0.000000 1.000000
1.000000 -0.000000 0.000000 28.000000 0.000000 1.000000 0.000000 0.000000 0.000000 0.000000 1.000000 -0.000000 0.000000 0.000000 0.000000 1.000000
1.000000 -0.000000 0.000000 28.000000 0.000000 1.000000 0.000000 0.000000 0.000000 0.000000 1.000000 0.000000 0.000000 0.000000 0.000000 1.000000
1.000000 -0.000000 0.000000 28.000000 0.000000 1.000000 0.000000 0.000000 -0.000000 -0.000000 1.000000 0.000000 0.000000 0.000000 0.000000 1.000000
1.000000 0.000000 -0.000000 28.000000 0.000000 1.000000 0.000000 0.000000 -0.000000 0.000000 1.000000 0.000000 0.000000 0.000000 0.000000 1.000000
1.000000 -0.000000 0.000000 28.000000 0.000000 1.000000 0.000000 0.000000 -0.000000 0.000000 1.000000 0.000000 0.000000 0.000000 0.000000 1.000000</float_array>
        <technique_common>
          <accessor source="#mixamorig_L_C_skirt3-Matrix-animation-output-transform-array" count="17" stride="16">
            <param type="float4x4"/>
          </accessor>
        </technique_common>
      </source>
      <source id="mixamorig_L_C_skirt3-Interpolations">
        <Name_array id="mixamorig_L_C_skirt3-Interpolations-array" count="17">
 LINEAR LINEAR LINEAR LINEAR LINEAR LINEAR LINEAR LINEAR LINEAR LINEAR LINEAR
LINEAR LINEAR LINEAR LINEAR LINEAR LINEAR</Name_array>
        <technique_common>
          <accessor source="#mixamorig_L_C_skirt3-Interpolations-array" count="17">
            <param type="name"/>
          </accessor>
        </technique_common>
      </source>
      <sampler id="mixamorig_L_C_skirt3-Matrix-animation-transform">
        <input semantic="INPUT" source="#mixamorig_L_C_skirt3-Matrix-animation-input"/>
        <input semantic="OUTPUT" source="#mixamorig_L_C_skirt3-Matrix-animation-output-transform"/>
        <input semantic="INTERPOLATION" source="#mixamorig_L_C_skirt3-Interpolations"/>
      </sampler>
      <channel source="#mixamorig_L_C_skirt3-Matrix-animation-transform" target="mixamorig_L_C_skirt3/matrix"/>
    </animation>
    <animation id="mixamorig_R_A_skirt1-anim" name="mixamorig_R_A_skirt1">
      <source id="mixamorig_R_A_skirt1-Matrix-animation-input">
        <float_array id="mixamorig_R_A_skirt1-Matrix-animation-input-array" count="17">

0.000000 0.033333 0.066667 0.100000 0.133333 0.166667 0.200000 0.233333 0.266667 0.300000 0.333333 0.366667 0.400000 0.433333 0.466667 0.500000
0.533333</float_array>
        <technique_common>
          <accessor source="#mixamorig_R_A_skirt1-Matrix-animation-input-array" count="17">
            <param name="TIME" type="float"/>
          </accessor>
        </technique_common>
      </source>
      <source id="mixamorig_R_A_skirt1-Matrix-animation-output-transform">
        <float_array id="mixamorig_R_A_skirt1-Matrix-animation-output-transform-array" count="272">

-0.122996 0.897244 -0.424058 -9.424300 -0.992244 -0.103429 0.068955 -5.518900 0.018009 0.429250 0.903006 15.946100 0.000000 0.000000 0.000000 1.000000
-0.122996 0.897244 -0.424058 -9.424300 -0.992244 -0.103429 0.068955 -5.518900 0.018009 0.429250 0.903006 15.946100 0.000000 0.000000 0.000000 1.000000
-0.122996 0.897244 -0.424058 -9.424300 -0.992244 -0.103429 0.068955 -5.518900 0.018009 0.429250 0.903006 15.946100 0.000000 0.000000 0.000000 1.000000
-0.122996 0.897244 -0.424058 -9.424300 -0.992244 -0.103429 0.068955 -5.518900 0.018009 0.429250 0.903006 15.946100 0.000000 0.000000 0.000000 1.000000
-0.122996 0.897244 -0.424058 -9.424300 -0.992244 -0.103429 0.068955 -5.518900 0.018009 0.429250 0.903006 15.946100 0.000000 0.000000 0.000000 1.000000
-0.122996 0.897244 -0.424058 -9.424300 -0.992244 -0.103429 0.068955 -5.518900 0.018009 0.429250 0.903006 15.946100 0.000000 0.000000 0.000000 1.000000
-0.122996 0.897244 -0.424058 -9.424300 -0.992244 -0.103429 0.068955 -5.518900 0.018009 0.429250 0.903006 15.946100 0.000000 0.000000 0.000000 1.000000
-0.122996 0.897244 -0.424058 -9.424300 -0.992244 -0.103429 0.068955 -5.518900 0.018009 0.429250 0.903006 15.946100 0.000000 0.000000 0.000000 1.000000
-0.122996 0.897244 -0.424058 -9.424300 -0.992244 -0.103429 0.068955 -5.518900 0.018009 0.429250 0.903006 15.946100 0.000000 0.000000 0.000000 1.000000
-0.122996 0.897244 -0.424058 -9.424300 -0.992244 -0.103429 0.068955 -5.518900 0.018009 0.429250 0.903006 15.946100 0.000000 0.000000 0.000000 1.000000
-0.122996 0.897244 -0.424058 -9.424300 -0.992244 -0.103429 0.068955 -5.518900 0.018009 0.429250 0.903006 15.946100 0.000000 0.000000 0.000000 1.000000
-0.122996 0.897244 -0.424058 -9.424300 -0.992244 -0.103429 0.068955 -5.518900 0.018009 0.429250 0.903006 15.946100 0.000000 0.000000 0.000000 1.000000
-0.122996 0.897244 -0.424058 -9.424300 -0.992244 -0.103429 0.068955 -5.518900 0.018009 0.429250 0.903006 15.946100 0.000000 0.000000 0.000000 1.000000
-0.122996 0.897244 -0.424058 -9.424300 -0.992244 -0.103429 0.068955 -5.518900 0.018009 0.429250 0.903006 15.946100 0.000000 0.000000 0.000000 1.000000
-0.122996 0.897244 -0.424058 -9.424300 -0.992244 -0.103429 0.068955 -5.518900 0.018009 0.429250 0.903006 15.946100 0.000000 0.000000 0.000000 1.000000
-0.122996 0.897244 -0.424058 -9.424300 -0.992244 -0.103429 0.068955 -5.518900 0.018009 0.429250 0.903006 15.946100 0.000000 0.000000 0.000000 1.000000
-0.122996 0.897244 -0.424058 -9.424300 -0.992244 -0.103429 0.068955 -5.518900 0.018009 0.429250 0.903006 15.946100 0.000000 0.000000 0.000000 1.000000</float_array>
        <technique_common>
          <accessor source="#mixamorig_R_A_skirt1-Matrix-animation-output-transform-array" count="17" stride="16">
            <param type="float4x4"/>
          </accessor>
        </technique_common>
      </source>
      <source id="mixamorig_R_A_skirt1-Interpolations">
        <Name_array id="mixamorig_R_A_skirt1-Interpolations-array" count="17">
 LINEAR LINEAR LINEAR LINEAR LINEAR LINEAR LINEAR LINEAR LINEAR LINEAR LINEAR
LINEAR LINEAR LINEAR LINEAR LINEAR LINEAR</Name_array>
        <technique_common>
          <accessor source="#mixamorig_R_A_skirt1-Interpolations-array" count="17">
            <param type="name"/>
          </accessor>
        </technique_common>
      </source>
      <sampler id="mixamorig_R_A_skirt1-Matrix-animation-transform">
        <input semantic="INPUT" source="#mixamorig_R_A_skirt1-Matrix-animation-input"/>
        <input semantic="OUTPUT" source="#mixamorig_R_A_skirt1-Matrix-animation-output-transform"/>
        <input semantic="INTERPOLATION" source="#mixamorig_R_A_skirt1-Interpolations"/>
      </sampler>
      <channel source="#mixamorig_R_A_skirt1-Matrix-animation-transform" target="mixamorig_R_A_skirt1/matrix"/>
    </animation>
    <animation id="mixamorig_R_A_skirt2-anim" name="mixamorig_R_A_skirt2">
      <source id="mixamorig_R_A_skirt2-Matrix-animation-input">
        <float_array id="mixamorig_R_A_skirt2-Matrix-animation-input-array" count="17">

0.000000 0.033333 0.066667 0.100000 0.133333 0.166667 0.200000 0.233333 0.266667 0.300000 0.333333 0.366667 0.400000 0.433333 0.466667 0.500000
0.533333</float_array>
        <technique_common>
          <accessor source="#mixamorig_R_A_skirt2-Matrix-animation-input-array" count="17">
            <param name="TIME" type="float"/>
          </accessor>
        </technique_common>
      </source>
      <source id="mixamorig_R_A_skirt2-Matrix-animation-output-transform">
        <float_array id="mixamorig_R_A_skirt2-Matrix-animation-output-transform-array" count="272">

1.000000 -0.000000 0.000000 26.999599 0.000000 1.000000 -0.000000 0.000000 -0.000000 0.000000 1.000000 0.000100 0.000000 0.000000 0.000000 1.000000
1.000000 0.000000 0.000000 26.999599 -0.000000 1.000000 0.000000 -0.000000 0.000000 -0.000000 1.000000 0.000100 0.000000 0.000000 0.000000 1.000000
1.000000 -0.000000 -0.000000 26.999599 -0.000000 1.000000 -0.000000 -0.000000 0.000000 -0.000000 1.000000 0.000100 0.000000 0.000000 0.000000 1.000000
1.000000 0.000000 -0.000000 26.999599 -0.000000 1.000000 0.000000 0.000000 -0.000000 0.000000 1.000000 0.000100 0.000000 0.000000 0.000000 1.000000
1.000000 -0.000000 0.000000 26.999599 0.000000 1.000000 -0.000000 -0.000000 0.000000 0.000000 1.000000 0.000100 0.000000 0.000000 0.000000 1.000000
1.000000 -0.000000 0.000000 26.999599 -0.000000 1.000000 0.000000 0.000000 -0.000000 -0.000000 1.000000 0.000100 0.000000 0.000000 0.000000 1.000000
1.000000 0.000000 0.000000 26.999599 0.000000 1.000000 -0.000000 0.000000 0.000000 0.000000 1.000000 0.000100 0.000000 0.000000 0.000000 1.000000
1.000000 0.000000 -0.000000 26.999599 0.000000 1.000000 -0.000000 0.000000 -0.000000 -0.000000 1.000000 0.000100 0.000000 0.000000 0.000000 1.000000
1.000000 -0.000000 -0.000000 26.999599 0.000000 1.000000 -0.000000 0.000000 -0.000000 0.000000 1.000000 0.000100 0.000000 0.000000 0.000000 1.000000
1.000000 -0.000000 -0.000000 26.999599 -0.000000 1.000000 0.000000 0.000000 0.000000 -0.000000 1.000000 0.000100 0.000000 0.000000 0.000000 1.000000
1.000000 -0.000000 -0.000000 26.999599 0.000000 1.000000 0.000000 0.000000 0.000000 0.000000 1.000000 0.000100 0.000000 0.000000 0.000000 1.000000
1.000000 -0.000000 -0.000000 26.999599 -0.000000 1.000000 -0.000000 0.000000 -0.000000 0.000000 1.000000 0.000100 0.000000 0.000000 0.000000 1.000000
1.000000 0.000000 -0.000000 26.999599 0.000000 1.000000 0.000000 0.000000 0.000000 -0.000000 1.000000 0.000100 0.000000 0.000000 0.000000 1.000000
1.000000 -0.000000 -0.000000 26.999599 0.000000 1.000000 0.000000 -0.000000 -0.000000 0.000000 1.000000 0.000100 0.000000 0.000000 0.000000 1.000000
1.000000 0.000000 0.000000 26.999599 0.000000 1.000000 0.000000 -0.000000 -0.000000 0.000000 1.000000 0.000100 0.000000 0.000000 0.000000 1.000000
1.000000 -0.000000 0.000000 26.999599 -0.000000 1.000000 0.000000 -0.000000 -0.000000 0.000000 1.000000 0.000100 0.000000 0.000000 0.000000 1.000000
1.000000 -0.000000 -0.000000 26.999599 0.000000 1.000000 0.000000 0.000000 0.000000 0.000000 1.000000 0.000100 0.000000 0.000000 0.000000 1.000000</float_array>
        <technique_common>
          <accessor source="#mixamorig_R_A_skirt2-Matrix-animation-output-transform-array" count="17" stride="16">
            <param type="float4x4"/>
          </accessor>
        </technique_common>
      </source>
      <source id="mixamorig_R_A_skirt2-Interpolations">
        <Name_array id="mixamorig_R_A_skirt2-Interpolations-array" count="17">
 LINEAR LINEAR LINEAR LINEAR LINEAR LINEAR LINEAR LINEAR LINEAR LINEAR LINEAR
LINEAR LINEAR LINEAR LINEAR LINEAR LINEAR</Name_array>
        <technique_common>
          <accessor source="#mixamorig_R_A_skirt2-Interpolations-array" count="17">
            <param type="name"/>
          </accessor>
        </technique_common>
      </source>
      <sampler id="mixamorig_R_A_skirt2-Matrix-animation-transform">
        <input semantic="INPUT" source="#mixamorig_R_A_skirt2-Matrix-animation-input"/>
        <input semantic="OUTPUT" source="#mixamorig_R_A_skirt2-Matrix-animation-output-transform"/>
        <input semantic="INTERPOLATION" source="#mixamorig_R_A_skirt2-Interpolations"/>
      </sampler>
      <channel source="#mixamorig_R_A_skirt2-Matrix-animation-transform" target="mixamorig_R_A_skirt2/matrix"/>
    </animation>
    <animation id="mixamorig_R_A_skirt3-anim" name="mixamorig_R_A_skirt3">
      <source id="mixamorig_R_A_skirt3-Matrix-animation-input">
        <float_array id="mixamorig_R_A_skirt3-Matrix-animation-input-array" count="17">

0.000000 0.033333 0.066667 0.100000 0.133333 0.166667 0.200000 0.233333 0.266667 0.300000 0.333333 0.366667 0.400000 0.433333 0.466667 0.500000
0.533333</float_array>
        <technique_common>
          <accessor source="#mixamorig_R_A_skirt3-Matrix-animation-input-array" count="17">
            <param name="TIME" type="float"/>
          </accessor>
        </technique_common>
      </source>
      <source id="mixamorig_R_A_skirt3-Matrix-animation-output-transform">
        <float_array id="mixamorig_R_A_skirt3-Matrix-animation-output-transform-array" count="272">

1.000000 0.000000 -0.000000 27.000000 0.000000 1.000000 -0.000000 0.000000 -0.000000 -0.000000 1.000000 -0.000000 0.000000 0.000000 0.000000 1.000000
1.000000 -0.000000 0.000000 27.000000 -0.000000 1.000000 0.000000 0.000000 -0.000000 -0.000000 1.000000 -0.000000 0.000000 0.000000 0.000000 1.000000
1.000000 -0.000000 -0.000000 27.000000 -0.000000 1.000000 0.000000 0.000000 0.000000 -0.000000 1.000000 -0.000000 0.000000 0.000000 0.000000 1.000000
1.000000 0.000000 0.000000 27.000000 -0.000000 1.000000 0.000000 0.000000 0.000000 0.000000 1.000000 0.000000 0.000000 0.000000 0.000000 1.000000
1.000000 -0.000000 0.000000 27.000000 0.000000 1.000000 -0.000000 0.000000 0.000000 0.000000 1.000000 -0.000000 0.000000 0.000000 0.000000 1.000000
1.000000 0.000000 -0.000000 27.000000 -0.000000 1.000000 0.000000 0.000000 -0.000000 -0.000000 1.000000 0.000000 0.000000 0.000000 0.000000 1.000000
1.000000 0.000000 0.000000 27.000000 0.000000 1.000000 -0.000000 0.000000 0.000000 0.000000 1.000000 -0.000000 0.000000 0.000000 0.000000 1.000000
1.000000 0.000000 -0.000000 27.000000 -0.000000 1.000000 -0.000000 -0.000000 0.000000 -0.000000 1.000000 -0.000000 0.000000 0.000000 0.000000 1.000000
1.000000 -0.000000 -0.000000 27.000000 0.000000 1.000000 -0.000000 0.000000 -0.000000 0.000000 1.000000 0.000000 0.000000 0.000000 0.000000 1.000000
1.000000 -0.000000 -0.000000 27.000000 -0.000000 1.000000 0.000000 -0.000000 -0.000000 0.000000 1.000000 -0.000000 0.000000 0.000000 0.000000 1.000000
1.000000 0.000000 -0.000000 27.000000 -0.000000 1.000000 0.000000 0.000000 -0.000000 -0.000000 1.000000 0.000000 0.000000 0.000000 0.000000 1.000000
1.000000 -0.000000 0.000000 27.000000 -0.000000 1.000000 -0.000000 -0.000000 -0.000000 0.000000 1.000000 0.000000 0.000000 0.000000 0.000000 1.000000
1.000000 0.000000 0.000000 27.000000 0.000000 1.000000 0.000000 0.000000 0.000000 -0.000000 1.000000 0.000000 0.000000 0.000000 0.000000 1.000000
1.000000 0.000000 -0.000000 27.000000 -0.000000 1.000000 0.000000 0.000000 -0.000000 0.000000 1.000000 -0.000000 0.000000 0.000000 0.000000 1.000000
1.000000 0.000000 0.000000 27.000000 0.000000 1.000000 -0.000000 0.000000 -0.000000 -0.000000 1.000000 -0.000000 0.000000 0.000000 0.000000 1.000000
1.000000 0.000000 0.000000 27.000000 -0.000000 1.000000 -0.000000 -0.000000 0.000000 0.000000 1.000000 -0.000000 0.000000 0.000000 0.000000 1.000000
1.000000 -0.000000 -0.000000 27.000000 -0.000000 1.000000 0.000000 -0.000000 -0.000000 0.000000 1.000000 0.000000 0.000000 0.000000 0.000000 1.000000</float_array>
        <technique_common>
          <accessor source="#mixamorig_R_A_skirt3-Matrix-animation-output-transform-array" count="17" stride="16">
            <param type="float4x4"/>
          </accessor>
        </technique_common>
      </source>
      <source id="mixamorig_R_A_skirt3-Interpolations">
        <Name_array id="mixamorig_R_A_skirt3-Interpolations-array" count="17">
 LINEAR LINEAR LINEAR LINEAR LINEAR LINEAR LINEAR LINEAR LINEAR LINEAR LINEAR
LINEAR LINEAR LINEAR LINEAR LINEAR LINEAR</Name_array>
        <technique_common>
          <accessor source="#mixamorig_R_A_skirt3-Interpolations-array" count="17">
            <param type="name"/>
          </accessor>
        </technique_common>
      </source>
      <sampler id="mixamorig_R_A_skirt3-Matrix-animation-transform">
        <input semantic="INPUT" source="#mixamorig_R_A_skirt3-Matrix-animation-input"/>
        <input semantic="OUTPUT" source="#mixamorig_R_A_skirt3-Matrix-animation-output-transform"/>
        <input semantic="INTERPOLATION" source="#mixamorig_R_A_skirt3-Interpolations"/>
      </sampler>
      <channel source="#mixamorig_R_A_skirt3-Matrix-animation-transform" target="mixamorig_R_A_skirt3/matrix"/>
    </animation>
    <animation id="mixamorig_R_B_skirt1-anim" name="mixamorig_R_B_skirt1">
      <source id="mixamorig_R_B_skirt1-Matrix-animation-input">
        <float_array id="mixamorig_R_B_skirt1-Matrix-animation-input-array" count="17">

0.000000 0.033333 0.066667 0.100000 0.133333 0.166667 0.200000 0.233333 0.266667 0.300000 0.333333 0.366667 0.400000 0.433333 0.466667 0.500000
0.533333</float_array>
        <technique_common>
          <accessor source="#mixamorig_R_B_skirt1-Matrix-animation-input-array" count="17">
            <param name="TIME" type="float"/>
          </accessor>
        </technique_common>
      </source>
      <source id="mixamorig_R_B_skirt1-Matrix-animation-output-transform">
        <float_array id="mixamorig_R_B_skirt1-Matrix-animation-output-transform-array" count="272">

-0.111759 0.000000 -0.993735 -18.448900 -0.993735 0.000000 0.111759 -4.216300 -0.000000 1.000000 0.000000 -0.295100 0.000000 0.000000 0.000000 1.000000
-0.111759 0.000000 -0.993735 -18.448900 -0.993735 -0.000000 0.111759 -4.216300 -0.000000 1.000000 0.000000 -0.295100 0.000000 0.000000 0.000000 1.000000
-0.111759 0.000000 -0.993735 -18.448900 -0.993735 0.000000 0.111759 -4.216300 -0.000000 1.000000 0.000000 -0.295100 0.000000 0.000000 0.000000 1.000000
-0.111759 0.000000 -0.993735 -18.448900 -0.993735 -0.000000 0.111759 -4.216300 -0.000000 1.000000 0.000000 -0.295100 0.000000 0.000000 0.000000 1.000000
-0.111759 0.000000 -0.993735 -18.448900 -0.993735 0.000000 0.111759 -4.216300 0.000000 1.000000 0.000000 -0.295100 0.000000 0.000000 0.000000 1.000000
-0.111759 0.000000 -0.993735 -18.448900 -0.993735 -0.000000 0.111759 -4.216300 0.000000 1.000000 0.000000 -0.295100 0.000000 0.000000 0.000000 1.000000
-0.111759 0.000000 -0.993735 -18.448900 -0.993735 0.000000 0.111759 -4.216300 0.000000 1.000000 0.000000 -0.295100 0.000000 0.000000 0.000000 1.000000
-0.111759 0.000000 -0.993735 -18.448900 -0.993735 -0.000000 0.111759 -4.216300 -0.000000 1.000000 0.000000 -0.295100 0.000000 0.000000 0.000000 1.000000
-0.111759 0.000000 -0.993735 -18.448900 -0.993735 0.000000 0.111759 -4.216300 0.000000 1.000000 0.000000 -0.295100 0.000000 0.000000 0.000000 1.000000
-0.111759 -0.000000 -0.993735 -18.448900 -0.993735 0.000000 0.111759 -4.216300 0.000000 1.000000 -0.000000 -0.295100 0.000000 0.000000 0.000000 1.000000
-0.111759 -0.000000 -0.993735 -18.448900 -0.993735 0.000000 0.111759 -4.216300 0.000000 1.000000 0.000000 -0.295100 0.000000 0.000000 0.000000 1.000000
-0.111759 0.000000 -0.993735 -18.448900 -0.993735 0.000000 0.111759 -4.216300 0.000000 1.000000 -0.000000 -0.295100 0.000000 0.000000 0.000000 1.000000
-0.111759 -0.000000 -0.993735 -18.448900 -0.993735 -0.000000 0.111759 -4.216300 -0.000000 1.000000 -0.000000 -0.295100 0.000000 0.000000 0.000000 1.000000
-0.111759 0.000000 -0.993735 -18.448900 -0.993735 0.000000 0.111759 -4.216300 -0.000000 1.000000 0.000000 -0.295100 0.000000 0.000000 0.000000 1.000000
-0.111759 0.000000 -0.993735 -18.448900 -0.993735 0.000000 0.111759 -4.216300 0.000000 1.000000 -0.000000 -0.295100 0.000000 0.000000 0.000000 1.000000
-0.111759 0.000000 -0.993735 -18.448900 -0.993735 0.000000 0.111759 -4.216300 0.000000 1.000000 -0.000000 -0.295100 0.000000 0.000000 0.000000 1.000000
-0.111759 -0.000000 -0.993735 -18.448900 -0.993735 -0.000000 0.111759 -4.216300 -0.000000 1.000000 0.000000 -0.295100 0.000000 0.000000 0.000000 1.000000</float_array>
        <technique_common>
          <accessor source="#mixamorig_R_B_skirt1-Matrix-animation-output-transform-array" count="17" stride="16">
            <param type="float4x4"/>
          </accessor>
        </technique_common>
      </source>
      <source id="mixamorig_R_B_skirt1-Interpolations">
        <Name_array id="mixamorig_R_B_skirt1-Interpolations-array" count="17">
 LINEAR LINEAR LINEAR LINEAR LINEAR LINEAR LINEAR LINEAR LINEAR LINEAR LINEAR
LINEAR LINEAR LINEAR LINEAR LINEAR LINEAR</Name_array>
        <technique_common>
          <accessor source="#mixamorig_R_B_skirt1-Interpolations-array" count="17">
            <param type="name"/>
          </accessor>
        </technique_common>
      </source>
      <sampler id="mixamorig_R_B_skirt1-Matrix-animation-transform">
        <input semantic="INPUT" source="#mixamorig_R_B_skirt1-Matrix-animation-input"/>
        <input semantic="OUTPUT" source="#mixamorig_R_B_skirt1-Matrix-animation-output-transform"/>
        <input semantic="INTERPOLATION" source="#mixamorig_R_B_skirt1-Interpolations"/>
      </sampler>
      <channel source="#mixamorig_R_B_skirt1-Matrix-animation-transform" target="mixamorig_R_B_skirt1/matrix"/>
    </animation>
    <animation id="mixamorig_R_B_skirt2-anim" name="mixamorig_R_B_skirt2">
      <source id="mixamorig_R_B_skirt2-Matrix-animation-input">
        <float_array id="mixamorig_R_B_skirt2-Matrix-animation-input-array" count="17">

0.000000 0.033333 0.066667 0.100000 0.133333 0.166667 0.200000 0.233333 0.266667 0.300000 0.333333 0.366667 0.400000 0.433333 0.466667 0.500000
0.533333</float_array>
        <technique_common>
          <accessor source="#mixamorig_R_B_skirt2-Matrix-animation-input-array" count="17">
            <param name="TIME" type="float"/>
          </accessor>
        </technique_common>
      </source>
      <source id="mixamorig_R_B_skirt2-Matrix-animation-output-transform">
        <float_array id="mixamorig_R_B_skirt2-Matrix-animation-output-transform-array" count="272">

1.000000 0.000000 -0.000000 26.999701 0.000000 1.000000 0.000000 0.000000 0.000000 0.000000 1.000000 0.000100 0.000000 0.000000 0.000000 1.000000
1.000000 0.000000 -0.000000 26.999701 0.000000 1.000000 0.000000 0.000000 0.000000 0.000000 1.000000 0.000100 0.000000 0.000000 0.000000 1.000000
1.000000 0.000000 -0.000000 26.999701 0.000000 1.000000 0.000000 -0.000000 -0.000000 0.000000 1.000000 0.000100 0.000000 0.000000 0.000000 1.000000
1.000000 0.000000 0.000000 26.999701 -0.000000 1.000000 -0.000000 0.000000 0.000000 -0.000000 1.000000 0.000100 0.000000 0.000000 0.000000 1.000000
1.000000 0.000000 -0.000000 26.999701 -0.000000 1.000000 0.000000 -0.000000 0.000000 0.000000 1.000000 0.000100 0.000000 0.000000 0.000000 1.000000
1.000000 0.000000 0.000000 26.999701 0.000000 1.000000 -0.000000 0.000000 0.000000 0.000000 1.000000 0.000100 0.000000 0.000000 0.000000 1.000000
1.000000 0.000000 -0.000000 26.999701 0.000000 1.000000 0.000000 0.000000 -0.000000 0.000000 1.000000 0.000100 0.000000 0.000000 0.000000 1.000000
1.000000 0.000000 -0.000000 26.999701 -0.000000 1.000000 0.000000 -0.000000 -0.000000 -0.000000 1.000000 0.000100 0.000000 0.000000 0.000000 1.000000
1.000000 -0.000000 0.000000 26.999701 -0.000000 1.000000 -0.000000 0.000000 -0.000000 -0.000000 1.000000 0.000100 0.000000 0.000000 0.000000 1.000000
1.000000 -0.000000 -0.000000 26.999701 0.000000 1.000000 -0.000000 0.000000 -0.000000 0.000000 1.000000 0.000100 0.000000 0.000000 0.000000 1.000000
1.000000 0.000000 0.000000 26.999701 -0.000000 1.000000 -0.000000 0.000000 0.000000 -0.000000 1.000000 0.000100 0.000000 0.000000 0.000000 1.000000
1.000000 0.000000 0.000000 26.999701 0.000000 1.000000 0.000000 0.000000 -0.000000 0.000000 1.000000 0.000100 0.000000 0.000000 0.000000 1.000000
1.000000 -0.000000 -0.000000 26.999701 -0.000000 1.000000 -0.000000 0.000000 -0.000000 0.000000 1.000000 0.000100 0.000000 0.000000 0.000000 1.000000
1.000000 -0.000000 0.000000 26.999701 0.000000 1.000000 0.000000 0.000000 -0.000000 -0.000000 1.000000 0.000100 0.000000 0.000000 0.000000 1.000000
1.000000 -0.000000 -0.000000 26.999701 -0.000000 1.000000 0.000000 0.000000 0.000000 -0.000000 1.000000 0.000100 0.000000 0.000000 0.000000 1.000000
1.000000 0.000000 0.000000 26.999701 -0.000000 1.000000 0.000000 -0.000000 0.000000 0.000000 1.000000 0.000100 0.000000 0.000000 0.000000 1.000000
1.000000 0.000000 0.000000 26.999701 0.000000 1.000000 0.000000 0.000000 0.000000 0.000000 1.000000 0.000100 0.000000 0.000000 0.000000 1.000000</float_array>
        <technique_common>
          <accessor source="#mixamorig_R_B_skirt2-Matrix-animation-output-transform-array" count="17" stride="16">
            <param type="float4x4"/>
          </accessor>
        </technique_common>
      </source>
      <source id="mixamorig_R_B_skirt2-Interpolations">
        <Name_array id="mixamorig_R_B_skirt2-Interpolations-array" count="17">
 LINEAR LINEAR LINEAR LINEAR LINEAR LINEAR LINEAR LINEAR LINEAR LINEAR LINEAR
LINEAR LINEAR LINEAR LINEAR LINEAR LINEAR</Name_array>
        <technique_common>
          <accessor source="#mixamorig_R_B_skirt2-Interpolations-array" count="17">
            <param type="name"/>
          </accessor>
        </technique_common>
      </source>
      <sampler id="mixamorig_R_B_skirt2-Matrix-animation-transform">
        <input semantic="INPUT" source="#mixamorig_R_B_skirt2-Matrix-animation-input"/>
        <input semantic="OUTPUT" source="#mixamorig_R_B_skirt2-Matrix-animation-output-transform"/>
        <input semantic="INTERPOLATION" source="#mixamorig_R_B_skirt2-Interpolations"/>
      </sampler>
      <channel source="#mixamorig_R_B_skirt2-Matrix-animation-transform" target="mixamorig_R_B_skirt2/matrix"/>
    </animation>
    <animation id="mixamorig_R_B_skirt3-anim" name="mixamorig_R_B_skirt3">
      <source id="mixamorig_R_B_skirt3-Matrix-animation-input">
        <float_array id="mixamorig_R_B_skirt3-Matrix-animation-input-array" count="17">

0.000000 0.033333 0.066667 0.100000 0.133333 0.166667 0.200000 0.233333 0.266667 0.300000 0.333333 0.366667 0.400000 0.433333 0.466667 0.500000
0.533333</float_array>
        <technique_common>
          <accessor source="#mixamorig_R_B_skirt3-Matrix-animation-input-array" count="17">
            <param name="TIME" type="float"/>
          </accessor>
        </technique_common>
      </source>
      <source id="mixamorig_R_B_skirt3-Matrix-animation-output-transform">
        <float_array id="mixamorig_R_B_skirt3-Matrix-animation-output-transform-array" count="272">

1.000000 -0.000000 0.000000 26.999901 0.000000 1.000000 0.000000 0.000000 0.000000 0.000000 1.000000 -0.000000 0.000000 0.000000 0.000000 1.000000
1.000000 -0.000000 -0.000000 26.999901 -0.000000 1.000000 0.000000 -0.000000 0.000000 -0.000000 1.000000 0.000000 0.000000 0.000000 0.000000 1.000000
1.000000 0.000000 -0.000000 26.999901 -0.000000 1.000000 0.000000 0.000000 0.000000 -0.000000 1.000000 0.000000 0.000000 0.000000 0.000000 1.000000
1.000000 0.000000 0.000000 26.999901 -0.000000 1.000000 -0.000000 0.000000 0.000000 -0.000000 1.000000 0.000000 0.000000 0.000000 0.000000 1.000000
1.000000 0.000000 0.000000 26.999901 0.000000 1.000000 -0.000000 0.000000 0.000000 0.000000 1.000000 0.000000 0.000000 0.000000 0.000000 1.000000
1.000000 -0.000000 0.000000 26.999901 0.000000 1.000000 0.000000 -0.000000 0.000000 0.000000 1.000000 0.000000 0.000000 0.000000 0.000000 1.000000
1.000000 0.000000 -0.000000 26.999901 0.000000 1.000000 0.000000 0.000000 0.000000 0.000000 1.000000 0.000000 0.000000 0.000000 0.000000 1.000000
1.000000 0.000000 0.000000 26.999901 0.000000 1.000000 -0.000000 -0.000000 0.000000 0.000000 1.000000 0.000000 0.000000 0.000000 0.000000 1.000000
1.000000 -0.000000 0.000000 26.999901 -0.000000 1.000000 0.000000 0.000000 -0.000000 0.000000 1.000000 0.000000 0.000000 0.000000 0.000000 1.000000
1.000000 -0.000000 0.000000 26.999901 0.000000 1.000000 0.000000 0.000000 -0.000000 -0.000000 1.000000 0.000000 0.000000 0.000000 0.000000 1.000000
1.000000 -0.000000 0.000000 26.999901 -0.000000 1.000000 -0.000000 0.000000 0.000000 0.000000 1.000000 0.000000 0.000000 0.000000 0.000000 1.000000
1.000000 -0.000000 0.000000 26.999901 0.000000 1.000000 0.000000 0.000000 -0.000000 0.000000 1.000000 0.000000 0.000000 0.000000 0.000000 1.000000
1.000000 -0.000000 -0.000000 26.999901 0.000000 1.000000 -0.000000 0.000000 -0.000000 0.000000 1.000000 0.000000 0.000000 0.000000 0.000000 1.000000
1.000000 0.000000 0.000000 26.999901 0.000000 1.000000 0.000000 -0.000000 0.000000 0.000000 1.000000 0.000000 0.000000 0.000000 0.000000 1.000000
1.000000 0.000000 0.000000 26.999901 0.000000 1.000000 0.000000 0.000000 0.000000 -0.000000 1.000000 0.000000 0.000000 0.000000 0.000000 1.000000
1.000000 0.000000 0.000000 26.999901 0.000000 1.000000 -0.000000 0.000000 0.000000 0.000000 1.000000 -0.000000 0.000000 0.000000 0.000000 1.000000
1.000000 -0.000000 0.000000 26.999901 0.000000 1.000000 0.000000 0.000000 0.000000 -0.000000 1.000000 0.000000 0.000000 0.000000 0.000000 1.000000</float_array>
        <technique_common>
          <accessor source="#mixamorig_R_B_skirt3-Matrix-animation-output-transform-array" count="17" stride="16">
            <param type="float4x4"/>
          </accessor>
        </technique_common>
      </source>
      <source id="mixamorig_R_B_skirt3-Interpolations">
        <Name_array id="mixamorig_R_B_skirt3-Interpolations-array" count="17">
 LINEAR LINEAR LINEAR LINEAR LINEAR LINEAR LINEAR LINEAR LINEAR LINEAR LINEAR
LINEAR LINEAR LINEAR LINEAR LINEAR LINEAR</Name_array>
        <technique_common>
          <accessor source="#mixamorig_R_B_skirt3-Interpolations-array" count="17">
            <param type="name"/>
          </accessor>
        </technique_common>
      </source>
      <sampler id="mixamorig_R_B_skirt3-Matrix-animation-transform">
        <input semantic="INPUT" source="#mixamorig_R_B_skirt3-Matrix-animation-input"/>
        <input semantic="OUTPUT" source="#mixamorig_R_B_skirt3-Matrix-animation-output-transform"/>
        <input semantic="INTERPOLATION" source="#mixamorig_R_B_skirt3-Interpolations"/>
      </sampler>
      <channel source="#mixamorig_R_B_skirt3-Matrix-animation-transform" target="mixamorig_R_B_skirt3/matrix"/>
    </animation>
    <animation id="mixamorig_R_bag1-anim" name="mixamorig_R_bag1">
      <source id="mixamorig_R_bag1-Matrix-animation-input">
        <float_array id="mixamorig_R_bag1-Matrix-animation-input-array" count="17">

0.000000 0.033333 0.066667 0.100000 0.133333 0.166667 0.200000 0.233333 0.266667 0.300000 0.333333 0.366667 0.400000 0.433333 0.466667 0.500000
0.533333</float_array>
        <technique_common>
          <accessor source="#mixamorig_R_bag1-Matrix-animation-input-array" count="17">
            <param name="TIME" type="float"/>
          </accessor>
        </technique_common>
      </source>
      <source id="mixamorig_R_bag1-Matrix-animation-output-transform">
        <float_array id="mixamorig_R_bag1-Matrix-animation-output-transform-array" count="272">

0.973707 -0.116729 -0.195624 6.766800 -0.197277 -0.002660 -0.980344 2.209500 0.113914 0.993160 -0.025618 5.400800 0.000000 0.000000 0.000000 1.000000
0.973707 -0.116729 -0.195624 6.766800 -0.197277 -0.002660 -0.980344 2.209500 0.113914 0.993160 -0.025618 5.400800 0.000000 0.000000 0.000000 1.000000
0.973707 -0.116729 -0.195624 6.766800 -0.197277 -0.002660 -0.980344 2.209500 0.113914 0.993160 -0.025618 5.400800 0.000000 0.000000 0.000000 1.000000
0.973707 -0.116729 -0.195624 6.766800 -0.197277 -0.002660 -0.980344 2.209500 0.113914 0.993160 -0.025618 5.400800 0.000000 0.000000 0.000000 1.000000
0.973707 -0.116729 -0.195624 6.766800 -0.197277 -0.002660 -0.980344 2.209500 0.113914 0.993160 -0.025618 5.400800 0.000000 0.000000 0.000000 1.000000
0.973707 -0.116729 -0.195624 6.766800 -0.197277 -0.002660 -0.980344 2.209500 0.113914 0.993160 -0.025618 5.400800 0.000000 0.000000 0.000000 1.000000
0.973707 -0.116729 -0.195624 6.766800 -0.197277 -0.002660 -0.980344 2.209500 0.113914 0.993160 -0.025618 5.400800 0.000000 0.000000 0.000000 1.000000
0.973707 -0.116729 -0.195624 6.766800 -0.197277 -0.002660 -0.980344 2.209500 0.113914 0.993160 -0.025618 5.400800 0.000000 0.000000 0.000000 1.000000
0.973707 -0.116729 -0.195624 6.766800 -0.197277 -0.002660 -0.980344 2.209500 0.113914 0.993160 -0.025618 5.400800 0.000000 0.000000 0.000000 1.000000
0.973707 -0.116729 -0.195624 6.766800 -0.197277 -0.002660 -0.980344 2.209500 0.113914 0.993160 -0.025618 5.400800 0.000000 0.000000 0.000000 1.000000
0.973707 -0.116729 -0.195624 6.766800 -0.197277 -0.002660 -0.980344 2.209500 0.113914 0.993160 -0.025618 5.400800 0.000000 0.000000 0.000000 1.000000
0.973707 -0.116729 -0.195624 6.766800 -0.197277 -0.002660 -0.980344 2.209500 0.113914 0.993160 -0.025618 5.400800 0.000000 0.000000 0.000000 1.000000
0.973707 -0.116729 -0.195624 6.766800 -0.197277 -0.002660 -0.980344 2.209500 0.113914 0.993160 -0.025618 5.400800 0.000000 0.000000 0.000000 1.000000
0.973707 -0.116729 -0.195624 6.766800 -0.197277 -0.002660 -0.980344 2.209500 0.113914 0.993160 -0.025618 5.400800 0.000000 0.000000 0.000000 1.000000
0.973707 -0.116729 -0.195624 6.766800 -0.197277 -0.002660 -0.980344 2.209500 0.113914 0.993160 -0.025618 5.400800 0.000000 0.000000 0.000000 1.000000
0.973707 -0.116729 -0.195624 6.766800 -0.197277 -0.002660 -0.980344 2.209500 0.113914 0.993160 -0.025618 5.400800 0.000000 0.000000 0.000000 1.000000
0.973707 -0.116729 -0.195624 6.766800 -0.197277 -0.002660 -0.980344 2.209500 0.113914 0.993160 -0.025618 5.400800 0.000000 0.000000 0.000000 1.000000</float_array>
        <technique_common>
          <accessor source="#mixamorig_R_bag1-Matrix-animation-output-transform-array" count="17" stride="16">
            <param type="float4x4"/>
          </accessor>
        </technique_common>
      </source>
      <source id="mixamorig_R_bag1-Interpolations">
        <Name_array id="mixamorig_R_bag1-Interpolations-array" count="17">
 LINEAR LINEAR LINEAR LINEAR LINEAR LINEAR LINEAR LINEAR LINEAR LINEAR LINEAR
LINEAR LINEAR LINEAR LINEAR LINEAR LINEAR</Name_array>
        <technique_common>
          <accessor source="#mixamorig_R_bag1-Interpolations-array" count="17">
            <param type="name"/>
          </accessor>
        </technique_common>
      </source>
      <sampler id="mixamorig_R_bag1-Matrix-animation-transform">
        <input semantic="INPUT" source="#mixamorig_R_bag1-Matrix-animation-input"/>
        <input semantic="OUTPUT" source="#mixamorig_R_bag1-Matrix-animation-output-transform"/>
        <input semantic="INTERPOLATION" source="#mixamorig_R_bag1-Interpolations"/>
      </sampler>
      <channel source="#mixamorig_R_bag1-Matrix-animation-transform" target="mixamorig_R_bag1/matrix"/>
    </animation>
    <animation id="mixamorig_R_C_skirt1-anim" name="mixamorig_R_C_skirt1">
      <source id="mixamorig_R_C_skirt1-Matrix-animation-input">
        <float_array id="mixamorig_R_C_skirt1-Matrix-animation-input-array" count="17">

0.000000 0.033333 0.066667 0.100000 0.133333 0.166667 0.200000 0.233333 0.266667 0.300000 0.333333 0.366667 0.400000 0.433333 0.466667 0.500000
0.533333</float_array>
        <technique_common>
          <accessor source="#mixamorig_R_C_skirt1-Matrix-animation-input-array" count="17">
            <param name="TIME" type="float"/>
          </accessor>
        </technique_common>
      </source>
      <source id="mixamorig_R_C_skirt1-Matrix-animation-output-transform">
        <float_array id="mixamorig_R_C_skirt1-Matrix-animation-output-transform-array" count="272">

-0.023939 -0.971540 -0.235663 -7.049900 -0.998221 0.010354 0.058718 -6.149900 -0.054607 0.236649 -0.970059 -15.762700 0.000000 0.000000 0.000000 1.000000
-0.023939 -0.971540 -0.235663 -7.049900 -0.998221 0.010354 0.058718 -6.149900 -0.054607 0.236649 -0.970059 -15.762700 0.000000 0.000000 0.000000 1.000000
-0.023939 -0.971540 -0.235663 -7.049900 -0.998221 0.010354 0.058718 -6.149900 -0.054607 0.236649 -0.970059 -15.762700 0.000000 0.000000 0.000000 1.000000
-0.023939 -0.971540 -0.235663 -7.049900 -0.998221 0.010354 0.058718 -6.149900 -0.054607 0.236649 -0.970059 -15.762700 0.000000 0.000000 0.000000 1.000000
-0.023939 -0.971540 -0.235663 -7.049900 -0.998221 0.010354 0.058718 -6.149900 -0.054607 0.236649 -0.970059 -15.762700 0.000000 0.000000 0.000000 1.000000
-0.023939 -0.971540 -0.235663 -7.049900 -0.998221 0.010354 0.058718 -6.149900 -0.054607 0.236649 -0.970059 -15.762700 0.000000 0.000000 0.000000 1.000000
-0.023939 -0.971540 -0.235663 -7.049900 -0.998221 0.010354 0.058718 -6.149900 -0.054607 0.236649 -0.970059 -15.762700 0.000000 0.000000 0.000000 1.000000
-0.023939 -0.971540 -0.235663 -7.049900 -0.998221 0.010354 0.058718 -6.149900 -0.054607 0.236649 -0.970059 -15.762700 0.000000 0.000000 0.000000 1.000000
-0.023939 -0.971540 -0.235663 -7.049900 -0.998221 0.010354 0.058718 -6.149900 -0.054607 0.236649 -0.970059 -15.762700 0.000000 0.000000 0.000000 1.000000
-0.023939 -0.971540 -0.235663 -7.049900 -0.998221 0.010354 0.058718 -6.149900 -0.054607 0.236649 -0.970059 -15.762700 0.000000 0.000000 0.000000 1.000000
-0.023939 -0.971540 -0.235663 -7.049900 -0.998221 0.010354 0.058718 -6.149900 -0.054607 0.236649 -0.970059 -15.762700 0.000000 0.000000 0.000000 1.000000
-0.023939 -0.971540 -0.235663 -7.049900 -0.998221 0.010354 0.058718 -6.149900 -0.054607 0.236649 -0.970059 -15.762700 0.000000 0.000000 0.000000 1.000000
-0.023939 -0.971540 -0.235663 -7.049900 -0.998221 0.010354 0.058718 -6.149900 -0.054607 0.236649 -0.970059 -15.762700 0.000000 0.000000 0.000000 1.000000
-0.023939 -0.971540 -0.235663 -7.049900 -0.998221 0.010354 0.058718 -6.149900 -0.054607 0.236649 -0.970059 -15.762700 0.000000 0.000000 0.000000 1.000000
-0.023939 -0.971540 -0.235663 -7.049900 -0.998221 0.010354 0.058718 -6.149900 -0.054607 0.236649 -0.970059 -15.762700 0.000000 0.000000 0.000000 1.000000
-0.023939 -0.971540 -0.235663 -7.049900 -0.998221 0.010354 0.058718 -6.149900 -0.054607 0.236649 -0.970059 -15.762700 0.000000 0.000000 0.000000 1.000000
-0.023939 -0.971540 -0.235663 -7.049900 -0.998221 0.010354 0.058718 -6.149900 -0.054607 0.236649 -0.970059 -15.762700 0.000000 0.000000 0.000000 1.000000</float_array>
        <technique_common>
          <accessor source="#mixamorig_R_C_skirt1-Matrix-animation-output-transform-array" count="17" stride="16">
            <param type="float4x4"/>
          </accessor>
        </technique_common>
      </source>
      <source id="mixamorig_R_C_skirt1-Interpolations">
        <Name_array id="mixamorig_R_C_skirt1-Interpolations-array" count="17">
 LINEAR LINEAR LINEAR LINEAR LINEAR LINEAR LINEAR LINEAR LINEAR LINEAR LINEAR
LINEAR LINEAR LINEAR LINEAR LINEAR LINEAR</Name_array>
        <technique_common>
          <accessor source="#mixamorig_R_C_skirt1-Interpolations-array" count="17">
            <param type="name"/>
          </accessor>
        </technique_common>
      </source>
      <sampler id="mixamorig_R_C_skirt1-Matrix-animation-transform">
        <input semantic="INPUT" source="#mixamorig_R_C_skirt1-Matrix-animation-input"/>
        <input semantic="OUTPUT" source="#mixamorig_R_C_skirt1-Matrix-animation-output-transform"/>
        <input semantic="INTERPOLATION" source="#mixamorig_R_C_skirt1-Interpolations"/>
      </sampler>
      <channel source="#mixamorig_R_C_skirt1-Matrix-animation-transform" target="mixamorig_R_C_skirt1/matrix"/>
    </animation>
    <animation id="mixamorig_R_C_skirt2-anim" name="mixamorig_R_C_skirt2">
      <source id="mixamorig_R_C_skirt2-Matrix-animation-input">
        <float_array id="mixamorig_R_C_skirt2-Matrix-animation-input-array" count="17">

0.000000 0.033333 0.066667 0.100000 0.133333 0.166667 0.200000 0.233333 0.266667 0.300000 0.333333 0.366667 0.400000 0.433333 0.466667 0.500000
0.533333</float_array>
        <technique_common>
          <accessor source="#mixamorig_R_C_skirt2-Matrix-animation-input-array" count="17">
            <param name="TIME" type="float"/>
          </accessor>
        </technique_common>
      </source>
      <source id="mixamorig_R_C_skirt2-Matrix-animation-output-transform">
        <float_array id="mixamorig_R_C_skirt2-Matrix-animation-output-transform-array" count="272">

1.000000 -0.000000 0.000000 27.999701 0.000000 1.000000 0.000000 0.000000 -0.000000 -0.000000 1.000000 0.000000 0.000000 0.000000 0.000000 1.000000
1.000000 0.000000 -0.000000 27.999701 0.000000 1.000000 0.000000 0.000000 -0.000000 0.000000 1.000000 -0.000000 0.000000 0.000000 0.000000 1.000000
1.000000 0.000000 0.000000 27.999701 -0.000000 1.000000 0.000000 -0.000000 0.000000 0.000000 1.000000 -0.000000 0.000000 0.000000 0.000000 1.000000
1.000000 -0.000000 -0.000000 27.999701 -0.000000 1.000000 -0.000000 0.000000 0.000000 0.000000 1.000000 0.000000 0.000000 0.000000 0.000000 1.000000
1.000000 -0.000000 -0.000000 27.999701 0.000000 1.000000 0.000000 -0.000000 0.000000 0.000000 1.000000 -0.000000 0.000000 0.000000 0.000000 1.000000
1.000000 -0.000000 0.000000 27.999701 -0.000000 1.000000 0.000000 0.000000 -0.000000 -0.000000 1.000000 0.000000 0.000000 0.000000 0.000000 1.000000
1.000000 0.000000 0.000000 27.999701 -0.000000 1.000000 0.000000 0.000000 -0.000000 0.000000 1.000000 0.000000 0.000000 0.000000 0.000000 1.000000
1.000000 0.000000 0.000000 27.999701 0.000000 1.000000 0.000000 0.000000 0.000000 0.000000 1.000000 0.000000 0.000000 0.000000 0.000000 1.000000
1.000000 -0.000000 0.000000 27.999701 0.000000 1.000000 0.000000 -0.000000 0.000000 -0.000000 1.000000 0.000000 0.000000 0.000000 0.000000 1.000000
1.000000 -0.000000 0.000000 27.999701 -0.000000 1.000000 0.000000 0.000000 0.000000 0.000000 1.000000 0.000000 0.000000 0.000000 0.000000 1.000000
1.000000 -0.000000 -0.000000 27.999701 0.000000 1.000000 -0.000000 -0.000000 -0.000000 -0.000000 1.000000 0.000000 0.000000 0.000000 0.000000 1.000000
1.000000 0.000000 0.000000 27.999701 -0.000000 1.000000 -0.000000 0.000000 -0.000000 0.000000 1.000000 -0.000000 0.000000 0.000000 0.000000 1.000000
1.000000 0.000000 -0.000000 27.999701 0.000000 1.000000 0.000000 0.000000 0.000000 -0.000000 1.000000 0.000000 0.000000 0.000000 0.000000 1.000000
1.000000 -0.000000 -0.000000 27.999701 -0.000000 1.000000 -0.000000 0.000000 -0.000000 -0.000000 1.000000 -0.000000 0.000000 0.000000 0.000000 1.000000
1.000000 -0.000000 0.000000 27.999701 -0.000000 1.000000 -0.000000 -0.000000 -0.000000 0.000000 1.000000 0.000000 0.000000 0.000000 0.000000 1.000000
1.000000 -0.000000 0.000000 27.999701 0.000000 1.000000 -0.000000 0.000000 -0.000000 0.000000 1.000000 0.000000 0.000000 0.000000 0.000000 1.000000
1.000000 0.000000 0.000000 27.999701 0.000000 1.000000 -0.000000 0.000000 0.000000 0.000000 1.000000 0.000000 0.000000 0.000000 0.000000 1.000000</float_array>
        <technique_common>
          <accessor source="#mixamorig_R_C_skirt2-Matrix-animation-output-transform-array" count="17" stride="16">
            <param type="float4x4"/>
          </accessor>
        </technique_common>
      </source>
      <source id="mixamorig_R_C_skirt2-Interpolations">
        <Name_array id="mixamorig_R_C_skirt2-Interpolations-array" count="17">
 LINEAR LINEAR LINEAR LINEAR LINEAR LINEAR LINEAR LINEAR LINEAR LINEAR LINEAR
LINEAR LINEAR LINEAR LINEAR LINEAR LINEAR</Name_array>
        <technique_common>
          <accessor source="#mixamorig_R_C_skirt2-Interpolations-array" count="17">
            <param type="name"/>
          </accessor>
        </technique_common>
      </source>
      <sampler id="mixamorig_R_C_skirt2-Matrix-animation-transform">
        <input semantic="INPUT" source="#mixamorig_R_C_skirt2-Matrix-animation-input"/>
        <input semantic="OUTPUT" source="#mixamorig_R_C_skirt2-Matrix-animation-output-transform"/>
        <input semantic="INTERPOLATION" source="#mixamorig_R_C_skirt2-Interpolations"/>
      </sampler>
      <channel source="#mixamorig_R_C_skirt2-Matrix-animation-transform" target="mixamorig_R_C_skirt2/matrix"/>
    </animation>
    <animation id="mixamorig_R_C_skirt3-anim" name="mixamorig_R_C_skirt3">
      <source id="mixamorig_R_C_skirt3-Matrix-animation-input">
        <float_array id="mixamorig_R_C_skirt3-Matrix-animation-input-array" count="17">

0.000000 0.033333 0.066667 0.100000 0.133333 0.166667 0.200000 0.233333 0.266667 0.300000 0.333333 0.366667 0.400000 0.433333 0.466667 0.500000
0.533333</float_array>
        <technique_common>
          <accessor source="#mixamorig_R_C_skirt3-Matrix-animation-input-array" count="17">
            <param name="TIME" type="float"/>
          </accessor>
        </technique_common>
      </source>
      <source id="mixamorig_R_C_skirt3-Matrix-animation-output-transform">
        <float_array id="mixamorig_R_C_skirt3-Matrix-animation-output-transform-array" count="272">

1.000000 -0.000000 0.000000 27.999901 0.000000 1.000000 -0.000000 0.000000 0.000000 0.000000 1.000000 -0.000000 0.000000 0.000000 0.000000 1.000000
1.000000 0.000000 -0.000000 27.999901 -0.000000 1.000000 0.000000 -0.000000 0.000000 0.000000 1.000000 0.000000 0.000000 0.000000 0.000000 1.000000
1.000000 0.000000 0.000000 27.999901 0.000000 1.000000 0.000000 0.000000 0.000000 0.000000 1.000000 0.000000 0.000000 0.000000 0.000000 1.000000
1.000000 -0.000000 0.000000 27.999901 0.000000 1.000000 0.000000 0.000000 -0.000000 0.000000 1.000000 -0.000000 0.000000 0.000000 0.000000 1.000000
1.000000 -0.000000 -0.000000 27.999901 0.000000 1.000000 0.000000 0.000000 -0.000000 0.000000 1.000000 0.000000 0.000000 0.000000 0.000000 1.000000
1.000000 0.000000 -0.000000 27.999901 0.000000 1.000000 -0.000000 0.000000 -0.000000 0.000000 1.000000 0.000000 0.000000 0.000000 0.000000 1.000000
1.000000 0.000000 0.000000 27.999901 -0.000000 1.000000 -0.000000 -0.000000 0.000000 0.000000 1.000000 0.000000 0.000000 0.000000 0.000000 1.000000
1.000000 -0.000000 0.000000 27.999901 0.000000 1.000000 0.000000 0.000000 -0.000000 0.000000 1.000000 0.000000 0.000000 0.000000 0.000000 1.000000
1.000000 -0.000000 0.000000 27.999901 0.000000 1.000000 0.000000 0.000000 0.000000 -0.000000 1.000000 0.000000 0.000000 0.000000 0.000000 1.000000
1.000000 0.000000 0.000000 27.999901 -0.000000 1.000000 0.000000 -0.000000 0.000000 0.000000 1.000000 -0.000000 0.000000 0.000000 0.000000 1.000000
1.000000 -0.000000 0.000000 27.999901 0.000000 1.000000 0.000000 -0.000000 -0.000000 0.000000 1.000000 0.000000 0.000000 0.000000 0.000000 1.000000
1.000000 -0.000000 0.000000 27.999901 0.000000 1.000000 0.000000 -0.000000 -0.000000 0.000000 1.000000 0.000000 0.000000 0.000000 0.000000 1.000000
1.000000 0.000000 -0.000000 27.999901 0.000000 1.000000 0.000000 0.000000 -0.000000 -0.000000 1.000000 0.000000 0.000000 0.000000 0.000000 1.000000
1.000000 0.000000 -0.000000 27.999901 0.000000 1.000000 0.000000 -0.000000 0.000000 0.000000 1.000000 0.000000 0.000000 0.000000 0.000000 1.000000
1.000000 -0.000000 0.000000 27.999901 -0.000000 1.000000 -0.000000 -0.000000 0.000000 -0.000000 1.000000 0.000000 0.000000 0.000000 0.000000 1.000000
1.000000 -0.000000 -0.000000 27.999901 -0.000000 1.000000 0.000000 0.000000 -0.000000 0.000000 1.000000 0.000000 0.000000 0.000000 0.000000 1.000000
1.000000 -0.000000 0.000000 27.999901 0.000000 1.000000 -0.000000 -0.000000 -0.000000 -0.000000 1.000000 -0.000000 0.000000 0.000000 0.000000 1.000000</float_array>
        <technique_common>
          <accessor source="#mixamorig_R_C_skirt3-Matrix-animation-output-transform-array" count="17" stride="16">
            <param type="float4x4"/>
          </accessor>
        </technique_common>
      </source>
      <source id="mixamorig_R_C_skirt3-Interpolations">
        <Name_array id="mixamorig_R_C_skirt3-Interpolations-array" count="17">
 LINEAR LINEAR LINEAR LINEAR LINEAR LINEAR LINEAR LINEAR LINEAR LINEAR LINEAR
LINEAR LINEAR LINEAR LINEAR LINEAR LINEAR</Name_array>
        <technique_common>
          <accessor source="#mixamorig_R_C_skirt3-Interpolations-array" count="17">
            <param type="name"/>
          </accessor>
        </technique_common>
      </source>
      <sampler id="mixamorig_R_C_skirt3-Matrix-animation-transform">
        <input semantic="INPUT" source="#mixamorig_R_C_skirt3-Matrix-animation-input"/>
        <input semantic="OUTPUT" source="#mixamorig_R_C_skirt3-Matrix-animation-output-transform"/>
        <input semantic="INTERPOLATION" source="#mixamorig_R_C_skirt3-Interpolations"/>
      </sampler>
      <channel source="#mixamorig_R_C_skirt3-Matrix-animation-transform" target="mixamorig_R_C_skirt3/matrix"/>
    </animation>
    <animation id="L_horn1-anim" name="L_horn1">
      <source id="L_horn1-Matrix-animation-input">
        <float_array id="L_horn1-Matrix-animation-input-array" count="17">

0.000000 0.033333 0.066667 0.100000 0.133333 0.166667 0.200000 0.233333 0.266667 0.300000 0.333333 0.366667 0.400000 0.433333 0.466667 0.500000
0.533333</float_array>
        <technique_common>
          <accessor source="#L_horn1-Matrix-animation-input-array" count="17">
            <param name="TIME" type="float"/>
          </accessor>
        </technique_common>
      </source>
      <source id="L_horn1-Matrix-animation-output-transform">
        <float_array id="L_horn1-Matrix-animation-output-transform-array" count="272">

0.406838 0.870118 0.278168 18.209600 -0.904436 0.426462 -0.011194 1.020800 -0.128368 -0.247031 0.960467 -3.906100 0.000000 0.000000 0.000000 1.000000
0.406838 0.870118 0.278168 18.209600 -0.904436 0.426462 -0.011194 1.020800 -0.128368 -0.247031 0.960467 -3.906100 0.000000 0.000000 0.000000 1.000000
0.406838 0.870118 0.278168 18.209600 -0.904436 0.426462 -0.011194 1.020800 -0.128368 -0.247031 0.960467 -3.906100 0.000000 0.000000 0.000000 1.000000
0.406838 0.870118 0.278168 18.209600 -0.904436 0.426462 -0.011194 1.020800 -0.128368 -0.247031 0.960467 -3.906100 0.000000 0.000000 0.000000 1.000000
0.406838 0.870118 0.278168 18.209600 -0.904436 0.426462 -0.011194 1.020800 -0.128368 -0.247031 0.960467 -3.906100 0.000000 0.000000 0.000000 1.000000
0.406838 0.870118 0.278168 18.209600 -0.904436 0.426462 -0.011194 1.020800 -0.128368 -0.247031 0.960467 -3.906100 0.000000 0.000000 0.000000 1.000000
0.406838 0.870118 0.278168 18.209600 -0.904436 0.426462 -0.011194 1.020800 -0.128368 -0.247031 0.960467 -3.906100 0.000000 0.000000 0.000000 1.000000
0.406838 0.870118 0.278168 18.209600 -0.904436 0.426462 -0.011194 1.020800 -0.128368 -0.247031 0.960467 -3.906100 0.000000 0.000000 0.000000 1.000000
0.406838 0.870118 0.278168 18.209600 -0.904436 0.426462 -0.011194 1.020800 -0.128368 -0.247031 0.960467 -3.906100 0.000000 0.000000 0.000000 1.000000
0.406838 0.870118 0.278168 18.209600 -0.904436 0.426462 -0.011194 1.020800 -0.128368 -0.247031 0.960467 -3.906100 0.000000 0.000000 0.000000 1.000000
0.406838 0.870118 0.278168 18.209600 -0.904436 0.426462 -0.011194 1.020800 -0.128368 -0.247031 0.960467 -3.906100 0.000000 0.000000 0.000000 1.000000
0.406838 0.870118 0.278168 18.209600 -0.904436 0.426462 -0.011194 1.020800 -0.128368 -0.247031 0.960467 -3.906100 0.000000 0.000000 0.000000 1.000000
0.406838 0.870118 0.278168 18.209600 -0.904436 0.426462 -0.011194 1.020800 -0.128368 -0.247031 0.960467 -3.906100 0.000000 0.000000 0.000000 1.000000
0.406838 0.870118 0.278168 18.209600 -0.904436 0.426462 -0.011194 1.020800 -0.128368 -0.247031 0.960467 -3.906100 0.000000 0.000000 0.000000 1.000000
0.406838 0.870118 0.278168 18.209600 -0.904436 0.426462 -0.011194 1.020800 -0.128368 -0.247031 0.960467 -3.906100 0.000000 0.000000 0.000000 1.000000
0.406838 0.870118 0.278168 18.209600 -0.904436 0.426462 -0.011194 1.020800 -0.128368 -0.247031 0.960467 -3.906100 0.000000 0.000000 0.000000 1.000000
0.406838 0.870118 0.278168 18.209600 -0.904436 0.426462 -0.011194 1.020800 -0.128368 -0.247031 0.960467 -3.906100 0.000000 0.000000 0.000000 1.000000</float_array>
        <technique_common>
          <accessor source="#L_horn1-Matrix-animation-output-transform-array" count="17" stride="16">
            <param type="float4x4"/>
          </accessor>
        </technique_common>
      </source>
      <source id="L_horn1-Interpolations">
        <Name_array id="L_horn1-Interpolations-array" count="17">
 LINEAR LINEAR LINEAR LINEAR LINEAR LINEAR LINEAR LINEAR LINEAR LINEAR LINEAR
LINEAR LINEAR LINEAR LINEAR LINEAR LINEAR</Name_array>
        <technique_common>
          <accessor source="#L_horn1-Interpolations-array" count="17">
            <param type="name"/>
          </accessor>
        </technique_common>
      </source>
      <sampler id="L_horn1-Matrix-animation-transform">
        <input semantic="INPUT" source="#L_horn1-Matrix-animation-input"/>
        <input semantic="OUTPUT" source="#L_horn1-Matrix-animation-output-transform"/>
        <input semantic="INTERPOLATION" source="#L_horn1-Interpolations"/>
      </sampler>
      <channel source="#L_horn1-Matrix-animation-transform" target="L_horn1/matrix"/>
    </animation>
  </library_animations>
  <library_visual_scenes>
    <visual_scene id="RootNode" name="RootNode">
      <node id="mixamorig_Hips" name="mixamorig_Hips" sid="mixamorig_Hips" type="JOINT">
        <matrix sid="matrix">0.481448 -0.365621 -0.796574 6.783438 0.083362 0.923820 -0.373642 79.677925 0.872502 0.113485 0.475250 0.532484 0.000000 0.000000 0.000000 1.000000</matrix>
        <node id="mixamorig_Spine" name="mixamorig_Spine" sid="mixamorig_Spine" type="JOINT">
          <matrix sid="matrix">0.994358 0.105730 0.008622 -0.006600 -0.098045 0.947023 -0.305835 10.822600 -0.040501 0.303264 0.952046 -0.430700 0.000000 0.000000 0.000000 1.000000</matrix>
          <node id="mixamorig_Spine1" name="mixamorig_Spine1" sid="mixamorig_Spine1" type="JOINT">
            <matrix sid="matrix">0.994695 0.098679 0.029044 -0.000000 -0.090661 0.974411 -0.205679 12.655100 -0.048597 0.201955 0.978188 -0.000000 0.000000 0.000000 0.000000 1.000000</matrix>
            <node id="mixamorig_Spine2" name="mixamorig_Spine2" sid="mixamorig_Spine2" type="JOINT">
              <matrix sid="matrix">0.995198 0.090564 0.037139 -0.000000 -0.082343 0.979734 -0.182597 14.459700 -0.052923 0.178662 0.982486 -0.000000 0.000000 0.000000 0.000000 1.000000</matrix>
              <node id="mixamorig_Neck" name="mixamorig_Neck" sid="mixamorig_Neck" type="JOINT">
                <matrix sid="matrix">0.903478 -0.146416 0.402853 0.000000 -0.006871 0.934783 0.355153 16.135700 -0.428580 -0.323641 0.843549 -0.000000 0.000000 0.000000 0.000000 1.000000</matrix>
                <node id="mixamorig_Head" name="mixamorig_Head" sid="mixamorig_Head" type="JOINT">
                  <matrix sid="matrix">0.919663 0.197425 0.339476 0.000000 -0.232659 0.970317 0.065992 6.791300 -0.316371 -0.139673 0.938297 0.000000 0.000000 0.000000 0.000000 1.000000</matrix>
                  <node id="mixamorig_HeadTop_End" name="mixamorig_HeadTop_End" sid="mixamorig_HeadTop_End" type="JOINT">
                    <matrix sid="matrix">1.000000 -0.000000 0.000000 -0.000000 0.000000 1.000000 0.000000 23.104200 0.000000 0.000000 1.000000 0.000000 0.000000 0.000000 0.000000 1.000000</matrix>
                  </node>
                  <node id="mixamorig_LeftEye" name="mixamorig_LeftEye" sid="mixamorig_LeftEye" type="JOINT">
                    <matrix sid="matrix">0.999998 0.002177 0.000049 3.472400 -0.002171 0.994739 0.102423 10.009700 0.000174 -0.102423 0.994741 8.325400 0.000000 0.000000 0.000000 1.000000</matrix>
                  </node>
                  <node id="mixamorig_RightEye" name="mixamorig_RightEye" sid="mixamorig_RightEye" type="JOINT">
                    <matrix sid="matrix">0.999998 0.002177 0.000049 -3.952600 -0.002171 0.994739 0.102423 9.961800 0.000174 -0.102423 0.994741 8.315900 0.000000 0.000000 0.000000 1.000000</matrix>
                  </node>
                </node>
              </node>
              <node id="mixamorig_LeftShoulder" name="mixamorig_LeftShoulder" sid="mixamorig_LeftShoulder" type="JOINT">
                <matrix sid="matrix">0.307026 0.805975 -0.506103 11.022900 0.162313 -0.568342 -0.806624 13.234400 -0.937758 0.165508 -0.305315 -1.554100 0.000000 0.000000 0.000000 1.000000</matrix>
                <node id="mixamorig_LeftArm" name="mixamorig_LeftArm" sid="mixamorig_LeftArm" type="JOINT">
                  <matrix sid="matrix">0.810307 -0.240846 -0.534224 0.000000 0.262867 0.964162 -0.035962 16.551600 0.523740 -0.111290 0.844578 0.000000 0.000000 0.000000 0.000000 1.000000</matrix>
                  <node id="mixamorig_LeftForeArm" name="mixamorig_LeftForeArm" sid="mixamorig_LeftForeArm" type="JOINT">
                    <matrix sid="matrix">-0.014932 -0.999801 0.013245 0.000000 0.999794 -0.015112 -0.013557 27.198299 0.013755 0.013040 0.999820 0.000000 0.000000 0.000000 0.000000 1.000000</matrix>
                    <node id="mixamorig_LeftHand" name="mixamorig_LeftHand" sid="mixamorig_LeftHand" type="JOINT">
                      <matrix sid="matrix">0.962368 -0.221877 -0.156903 -0.000000 0.267822 0.676575 0.685943 21.535400 -0.046039 -0.702152 0.710537 -0.000000 0.000000 0.000000 0.000000 1.000000</matrix>
                      <node id="mixamorig_LeftHandThumb1" name="mixamorig_LeftHandThumb1" sid="mixamorig_LeftHandThumb1" type="JOINT">
                        <matrix sid="matrix">0.885149 -0.212028 0.414194 -1.897200 0.350554 0.889215 -0.293954 4.226700 -0.305981 0.405390 0.861414 4.940900 0.000000 0.000000 0.000000 1.000000</matrix>
                        <node id="mixamorig_LeftHandThumb2" name="mixamorig_LeftHandThumb2" sid="mixamorig_LeftHandThumb2" type="JOINT">
                          <matrix sid="matrix">0.979006 0.170742 -0.111333 -0.788100 -0.183597 0.975921 -0.117769 4.746200 0.088544 0.135737 0.986780 0.000000 0.000000 0.000000 0.000000 1.000000</matrix>
                          <node id="mixamorig_LeftHandThumb3" name="mixamorig_LeftHandThumb3" sid="mixamorig_LeftHandThumb3" type="JOINT">
                            <matrix sid="matrix">0.997882 -0.061654 0.020719 -0.314700 0.061197 0.997882 0.022043 7.341200 -0.022034 -0.020728 0.999542 0.000000 0.000000 0.000000 0.000000 1.000000</matrix>
                            <node id="mixamorig_LeftHandThumb4" name="mixamorig_LeftHandThumb4" sid="mixamorig_LeftHandThumb4" type="JOINT">
                              <matrix sid="matrix">1.000000 -0.000000 0.000000 1.102800 -0.000000 1.000000 0.000000 7.800700 0.000000 0.000000 1.000000 0.000000 0.000000 0.000000 0.000000 1.000000</matrix>
                            </node>
                          </node>
                        </node>
                      </node>
                      <node id="mixamorig_LeftHandIndex1" name="mixamorig_LeftHandIndex1" sid="mixamorig_LeftHandIndex1" type="JOINT">
                        <matrix sid="matrix">0.961888 0.017438 0.272888 -2.959300 -0.121224 0.921731 0.368397 12.531300 -0.245105 -0.387437 0.888716 1.173500 0.000000 0.000000 0.000000 1.000000</matrix>
                        <node id="mixamorig_LeftHandIndex2" name="mixamorig_LeftHandIndex2" sid="mixamorig_LeftHandIndex2" type="JOINT">
                          <matrix sid="matrix">0.999817 0.018040 -0.006392 -0.006300 -0.019121 0.956113 -0.292372 8.298100 0.000837 0.292441 0.956283 0.000000 0.000000 0.000000 0.000000 1.000000</matrix>
                          <node id="mixamorig_LeftHandIndex3" name="mixamorig_LeftHandIndex3" sid="mixamorig_LeftHandIndex3" type="JOINT">
                            <matrix sid="matrix">0.999803 0.018879 -0.006087 0.002000 -0.019827 0.960342 -0.278118 4.720200 0.000595 0.278184 0.960528 0.000000 0.000000 0.000000 0.000000 1.000000</matrix>
                            <node id="mixamorig_LeftHandIndex4" name="mixamorig_LeftHandIndex4" sid="mixamorig_LeftHandIndex4" type="JOINT">
                              <matrix sid="matrix">1.000000 0.000000 -0.000000 0.000600 -0.000000 1.000000 0.000000 7.237800 -0.000000 -0.000000 1.000000 0.000000 0.000000 0.000000 0.000000 1.000000</matrix>
                            </node>
                          </node>
                        </node>
                      </node>
                      <node id="mixamorig_LeftHandMiddle1" name="mixamorig_LeftHandMiddle1" sid="mixamorig_LeftHandMiddle1" type="JOINT">
                        <matrix sid="matrix">0.976475 0.122173 0.177682 2.392400 -0.145359 0.981589 0.123908 14.502300 -0.159272 -0.146821 0.976256 -0.033500 0.000000 0.000000 0.000000 1.000000</matrix>
                        <node id="mixamorig_LeftHandMiddle2" name="mixamorig_LeftHandMiddle2" sid="mixamorig_LeftHandMiddle2" type="JOINT">
                          <matrix sid="matrix">0.999572 0.029104 -0.002870 0.002700 -0.028546 0.949585 -0.312208 8.151000 -0.006361 0.312157 0.950009 0.000000 0.000000 0.000000 0.000000 1.000000</matrix>
                          <node id="mixamorig_LeftHandMiddle3" name="mixamorig_LeftHandMiddle3" sid="mixamorig_LeftHandMiddle3" type="JOINT">
                            <matrix sid="matrix">0.999493 0.031778 -0.001784 -0.001100 -0.028812 0.879542 -0.474949 4.559900 -0.013524 0.474760 0.880012 0.000000 0.000000 0.000000 0.000000 1.000000</matrix>
                            <node id="mixamorig_LeftHandMiddle4" name="mixamorig_LeftHandMiddle4" sid="mixamorig_LeftHandMiddle4" type="JOINT">
                              <matrix sid="matrix">1.000000 -0.000000 0.000000 0.000100 -0.000000 1.000000 -0.000000 7.733900 -0.000000 0.000000 1.000000 0.000000 0.000000 0.000000 0.000000 1.000000</matrix>
                            </node>
                          </node>
                        </node>
                      </node>
                      <node id="mixamorig_LeftHandRing1" name="mixamorig_LeftHandRing1" sid="mixamorig_LeftHandRing1" type="JOINT">
                        <matrix sid="matrix">0.967148 0.241846 0.078331 7.071600 -0.221288 0.952581 -0.208857 14.022100 -0.125128 0.184662 0.974804 -0.727900 0.000000 0.000000 0.000000 1.000000</matrix>
                        <node id="mixamorig_LeftHandRing2" name="mixamorig_LeftHandRing2" sid="mixamorig_LeftHandRing2" type="JOINT">
                          <matrix sid="matrix">0.999702 0.023886 -0.005126 0.005000 -0.024098 0.929644 -0.367671 6.963300 -0.004017 0.367685 0.929942 0.000000 0.000000 0.000000 0.000000 1.000000</matrix>
                          <node id="mixamorig_LeftHandRing3" name="mixamorig_LeftHandRing3" sid="mixamorig_LeftHandRing3" type="JOINT">
                            <matrix sid="matrix">0.999318 0.036539 -0.005270 -0.001000 -0.035087 0.895666 -0.443341 3.798600 -0.011479 0.443223 0.896338 0.000000 0.000000 0.000000 0.000000 1.000000</matrix>
                            <node id="mixamorig_LeftHandRing4" name="mixamorig_LeftHandRing4" sid="mixamorig_LeftHandRing4" type="JOINT">
                              <matrix sid="matrix">1.000000 -0.000000 -0.000000 -0.002900 0.000000 1.000000 0.000000 6.663500 0.000000 0.000000 1.000000 0.000000 0.000000 0.000000 0.000000 1.000000</matrix>
                            </node>
                          </node>
                        </node>
                      </node>
                      <node id="mixamorig_LeftHandPinky1" name="mixamorig_LeftHandPinky1" sid="mixamorig_LeftHandPinky1" type="JOINT">
                        <matrix sid="matrix">0.952588 0.272839 -0.134667 10.979800 -0.297629 0.927499 -0.226191 13.885000 0.063190 0.255548 0.964729 0.589700 0.000000 0.000000 0.000000 1.000000</matrix>
                        <node id="mixamorig_LeftHandPinky2" name="mixamorig_LeftHandPinky2" sid="mixamorig_LeftHandPinky2" type="JOINT">
                          <matrix sid="matrix">0.999185 0.038294 -0.012782 0.000300 -0.037098 0.746066 -0.664837 3.975700 -0.015923 0.664770 0.746879 0.000000 0.000000 0.000000 0.000000 1.000000</matrix>
                          <node id="mixamorig_LeftHandPinky3" name="mixamorig_LeftHandPinky3" sid="mixamorig_LeftHandPinky3" type="JOINT">
                            <matrix sid="matrix">0.999549 0.029574 -0.005273 -0.000400 -0.028112 0.858962 -0.511267 2.799700 -0.010590 0.511185 0.859406 -0.000000 0.000000 0.000000 0.000000 1.000000</matrix>
                            <node id="mixamorig_LeftHandPinky4" name="mixamorig_LeftHandPinky4" sid="mixamorig_LeftHandPinky4" type="JOINT">
                              <matrix sid="matrix">1.000000 0.000000 0.000000 -0.000400 0.000000 1.000000 -0.000000 5.669600 -0.000000 -0.000000 1.000000 -0.000000 0.000000 0.000000 0.000000 1.000000</matrix>
                            </node>
                          </node>
                        </node>
                      </node>
                    </node>
                  </node>
                </node>
              </node>
              <node id="mixamorig_RightShoulder" name="mixamorig_RightShoulder" sid="mixamorig_RightShoulder" type="JOINT">
                <matrix sid="matrix">0.397589 -0.561297 0.725857 -10.882400 -0.075665 -0.808432 -0.583706 13.272500 0.914438 0.177153 -0.363894 -1.553300 0.000000 0.000000 0.000000 1.000000</matrix>
                <node id="mixamorig_RightArm" name="mixamorig_RightArm" sid="mixamorig_RightArm" type="JOINT">
                  <matrix sid="matrix">0.351688 0.077162 0.932932 -0.000000 -0.309041 0.950293 0.037901 16.507099 -0.883634 -0.301643 0.358053 -0.000000 0.000000 0.000000 0.000000 1.000000</matrix>
                  <node id="mixamorig_RightForeArm" name="mixamorig_RightForeArm" sid="mixamorig_RightForeArm" type="JOINT">
                    <matrix sid="matrix">-0.367803 0.927010 -0.073301 -0.000000 -0.908347 -0.375034 -0.185081 19.953800 -0.199062 -0.001491 0.979986 0.000000 0.000000 0.000000 0.000000 1.000000</matrix>
                    <node id="mixamorig_RightHand" name="mixamorig_RightHand" sid="mixamorig_RightHand" type="JOINT">
                      <matrix sid="matrix">0.984137 -0.103276 -0.144249 0.000000 0.135441 0.962534 0.234912 28.810400 0.114583 -0.250723 0.961254 -0.000000 0.000000 0.000000 0.000000 1.000000</matrix>
                      <node id="mixamorig_RightHandThumb1" name="mixamorig_RightHandThumb1" sid="mixamorig_RightHandThumb1" type="JOINT">
                        <matrix sid="matrix">0.674069 0.693616 -0.254022 1.539600 -0.738156 0.645325 -0.196677 3.801100 0.027509 0.320082 0.946990 1.972600 0.000000 0.000000 0.000000 1.000000</matrix>
                        <node id="mixamorig_RightHandThumb2" name="mixamorig_RightHandThumb2" sid="mixamorig_RightHandThumb2" type="JOINT">
                          <matrix sid="matrix">0.814303 -0.563215 0.140355 0.267800 0.571570 0.820175 -0.024909 4.847300 -0.101086 0.100506 0.989788 -0.000000 0.000000 0.000000 0.000000 1.000000</matrix>
                          <node id="mixamorig_RightHandThumb3" name="mixamorig_RightHandThumb3" sid="mixamorig_RightHandThumb3" type="JOINT">
                            <matrix sid="matrix">0.757933 -0.650669 -0.046562 -0.081100 0.651788 0.752452 0.094805 4.705100 -0.026651 -0.102205 0.994406 -0.000000 0.000000 0.000000 0.000000 1.000000</matrix>
                            <node id="mixamorig_RightHandThumb4" name="mixamorig_RightHandThumb4" sid="mixamorig_RightHandThumb4" type="JOINT">
                              <matrix sid="matrix">1.000000 -0.000000 0.000000 -0.186700 -0.000000 1.000000 0.000000 5.139200 0.000000 0.000000 1.000000 0.000000 0.000000 0.000000 0.000000 1.000000</matrix>
                            </node>
                          </node>
                        </node>
                      </node>
                      <node id="mixamorig_RightHandIndex1" name="mixamorig_RightHandIndex1" sid="mixamorig_RightHandIndex1" type="JOINT">
                        <matrix sid="matrix">0.965802 0.174731 -0.191563 5.382800 -0.159807 0.982956 0.090885 13.307100 0.204179 -0.057164 0.977263 -0.085200 0.000000 0.000000 0.000000 1.000000</matrix>
                        <node id="mixamorig_RightHandIndex2" name="mixamorig_RightHandIndex2" sid="mixamorig_RightHandIndex2" type="JOINT">
                          <matrix sid="matrix">0.999974 0.004079 0.005881 -0.001700 0.003474 0.441657 -0.897177 3.921400 -0.006257 0.897175 0.441631 0.000000 0.000000 0.000000 0.000000 1.000000</matrix>
                          <node id="mixamorig_RightHandIndex3" name="mixamorig_RightHandIndex3" sid="mixamorig_RightHandIndex3" type="JOINT">
                            <matrix sid="matrix">0.999991 0.000886 0.004064 -0.000300 0.002708 0.602920 -0.797797 3.178700 -0.003157 0.797801 0.602913 0.000000 0.000000 0.000000 0.000000 1.000000</matrix>
                            <node id="mixamorig_RightHandIndex4" name="mixamorig_RightHandIndex4" sid="mixamorig_RightHandIndex4" type="JOINT">
                              <matrix sid="matrix">1.000000 0.000000 -0.000000 0.001900 -0.000000 1.000000 -0.000000 5.164400 0.000000 0.000000 1.000000 -0.000000 0.000000 0.000000 0.000000 1.000000</matrix>
                            </node>
                          </node>
                        </node>
                      </node>
                      <node id="mixamorig_RightHandMiddle1" name="mixamorig_RightHandMiddle1" sid="mixamorig_RightHandMiddle1" type="JOINT">
                        <matrix sid="matrix">0.993311 -0.021596 -0.113436 1.695500 0.029010 0.997520 0.064120 14.609200 0.111770 -0.066982 0.991474 0.049800 0.000000 0.000000 0.000000 1.000000</matrix>
                        <node id="mixamorig_RightHandMiddle2" name="mixamorig_RightHandMiddle2" sid="mixamorig_RightHandMiddle2" type="JOINT">
                          <matrix sid="matrix">0.999826 -0.017625 0.006188 -0.000200 0.014626 0.532607 -0.846236 4.318300 0.011619 0.846179 0.532772 -0.000000 0.000000 0.000000 0.000000 1.000000</matrix>
                          <node id="mixamorig_RightHandMiddle3" name="mixamorig_RightHandMiddle3" sid="mixamorig_RightHandMiddle3" type="JOINT">
                            <matrix sid="matrix">0.999920 -0.012658 -0.000489 0.001500 0.004602 0.398973 -0.916951 3.241000 0.011802 0.916875 0.398999 0.000000 0.000000 0.000000 0.000000 1.000000</matrix>
                            <node id="mixamorig_RightHandMiddle4" name="mixamorig_RightHandMiddle4" sid="mixamorig_RightHandMiddle4" type="JOINT">
                              <matrix sid="matrix">1.000000 -0.000000 0.000000 -0.001900 0.000000 1.000000 0.000000 4.879200 0.000000 -0.000000 1.000000 0.000000 0.000000 0.000000 0.000000 1.000000</matrix>
                            </node>
                          </node>
                        </node>
                      </node>
                      <node id="mixamorig_RightHandRing1" name="mixamorig_RightHandRing1" sid="mixamorig_RightHandRing1" type="JOINT">
                        <matrix sid="matrix">0.978607 -0.173508 -0.110560 -1.709700 0.166943 0.983744 -0.066170 14.370000 0.120244 0.046298 0.991664 -0.144700 0.000000 0.000000 0.000000 1.000000</matrix>
                        <node id="mixamorig_RightHandRing2" name="mixamorig_RightHandRing2" sid="mixamorig_RightHandRing2" type="JOINT">
                          <matrix sid="matrix">0.999984 -0.005593 0.000789 0.001300 0.002745 0.359114 -0.933290 3.380800 0.004937 0.933277 0.359124 0.000000 0.000000 0.000000 0.000000 1.000000</matrix>
                          <node id="mixamorig_RightHandRing3" name="mixamorig_RightHandRing3" sid="mixamorig_RightHandRing3" type="JOINT">
                            <matrix sid="matrix">0.999938 -0.009567 0.005661 -0.000200 0.008087 0.276605 -0.960950 2.845800 0.007628 0.960936 0.276665 0.000000 0.000000 0.000000 0.000000 1.000000</matrix>
                            <node id="mixamorig_RightHandRing4" name="mixamorig_RightHandRing4" sid="mixamorig_RightHandRing4" type="JOINT">
                              <matrix sid="matrix">1.000000 0.000000 -0.000000 -0.001200 -0.000000 1.000000 -0.000000 4.826200 -0.000000 -0.000000 1.000000 0.000000 0.000000 0.000000 0.000000 1.000000</matrix>
                            </node>
                          </node>
                        </node>
                      </node>
                      <node id="mixamorig_RightHandPinky1" name="mixamorig_RightHandPinky1" sid="mixamorig_RightHandPinky1" type="JOINT">
                        <matrix sid="matrix">0.955645 -0.280887 -0.088573 -4.848000 0.236508 0.911105 -0.337568 14.008100 0.175518 0.301647 0.937124 -0.068600 0.000000 0.000000 0.000000 1.000000</matrix>
                        <node id="mixamorig_RightHandPinky2" name="mixamorig_RightHandPinky2" sid="mixamorig_RightHandPinky2" type="JOINT">
                          <matrix sid="matrix">0.999584 0.017533 -0.022911 0.005700 -0.022867 -0.002685 -0.999735 2.332400 -0.017590 0.999843 -0.002283 0.000000 0.000000 0.000000 0.000000 1.000000</matrix>
                          <node id="mixamorig_RightHandPinky3" name="mixamorig_RightHandPinky3" sid="mixamorig_RightHandPinky3" type="JOINT">
                            <matrix sid="matrix">0.999754 0.014839 -0.016513 -0.003000 -0.019840 0.263412 -0.964479 2.529300 -0.009962 0.964569 0.263642 0.000000 0.000000 0.000000 0.000000 1.000000</matrix>
                            <node id="mixamorig_RightHandPinky4" name="mixamorig_RightHandPinky4" sid="mixamorig_RightHandPinky4" type="JOINT">
                              <matrix sid="matrix">1.000000 0.000000 0.000000 -0.002700 0.000000 1.000000 -0.000000 3.288700 -0.000000 0.000000 1.000000 0.000000 0.000000 0.000000 0.000000 1.000000</matrix>
                            </node>
                          </node>
                        </node>
                      </node>
                    </node>
                  </node>
                </node>
              </node>
            </node>
          </node>
        </node>
        <node id="mixamorig_LeftUpLeg" name="mixamorig_LeftUpLeg" sid="mixamorig_LeftUpLeg" type="JOINT">
          <matrix sid="matrix">-0.902081 0.430955 0.022974 13.280500 -0.024590 -0.104473 0.994224 -6.012500 0.430866 0.896305 0.104840 -0.531400 0.000000 0.000000 0.000000 1.000000</matrix>
          <node id="mixamorig_LeftLeg" name="mixamorig_LeftLeg" sid="mixamorig_LeftLeg" type="JOINT">
            <matrix sid="matrix">0.998950 0.040974 0.020512 0.000000 -0.016860 -0.087566 0.996016 52.183899 0.042607 -0.995316 -0.086783 0.000000 0.000000 0.000000 0.000000 1.000000</matrix>
            <node id="mixamorig_LeftFoot" name="mixamorig_LeftFoot" sid="mixamorig_LeftFoot" type="JOINT">
              <matrix sid="matrix">0.973355 0.097744 -0.207429 0.000000 -0.204407 -0.040094 -0.978065 50.974098 -0.103917 0.994404 -0.019046 0.000000 0.000000 0.000000 0.000000 1.000000</matrix>
              <node id="mixamorig_LeftToeBase" name="mixamorig_LeftToeBase" sid="mixamorig_LeftToeBase" type="JOINT">
                <matrix sid="matrix">0.987037 0.053392 0.151349 0.000000 0.026336 0.876371 -0.480917 21.993700 -0.158315 0.478669 0.863604 -0.000000 0.000000 0.000000 0.000000 1.000000</matrix>
                <node id="mixamorig_LeftToe_End" name="mixamorig_LeftToe_End" sid="mixamorig_LeftToe_End" type="JOINT">
                  <matrix sid="matrix">1.000000 0.000000 -0.000000 -0.000000 -0.000000 1.000000 -0.000000 9.003600 0.000000 0.000000 1.000000 0.000000 0.000000 0.000000 0.000000 1.000000</matrix>
                </node>
              </node>
            </node>
          </node>
        </node>
        <node id="mixamorig_RightUpLeg" name="mixamorig_RightUpLeg" sid="mixamorig_RightUpLeg" type="JOINT">
          <matrix sid="matrix">-0.896763 -0.373888 0.236694 -13.293700 0.313527 -0.159373 0.936110 -6.012500 -0.312278 0.913678 0.260144 -0.531400 0.000000 0.000000 0.000000 1.000000</matrix>
          <node id="mixamorig_RightLeg" name="mixamorig_RightLeg" sid="mixamorig_RightLeg" type="JOINT">
            <matrix sid="matrix">0.984634 0.171341 -0.033729 0.000000 0.045619 -0.065938 0.996780 52.153900 0.168565 -0.983003 -0.072741 -0.000000 0.000000 0.000000 0.000000 1.000000</matrix>
            <node id="mixamorig_RightFoot" name="mixamorig_RightFoot" sid="mixamorig_RightFoot" type="JOINT">
              <matrix sid="matrix">0.863828 0.019811 0.503397 -0.000000 0.499383 -0.165503 -0.850427 51.002602 0.066466 0.986010 -0.152860 0.000000 0.000000 0.000000 0.000000 1.000000</matrix>
              <node id="mixamorig_RightToeBase" name="mixamorig_RightToeBase" sid="mixamorig_RightToeBase" type="JOINT">
                <matrix sid="matrix">0.988240 -0.052225 -0.143714 0.000000 -0.022023 0.881453 -0.471757 22.030199 0.151315 0.469374 0.869938 -0.000000 0.000000 0.000000 0.000000 1.000000</matrix>
                <node id="mixamorig_RightToe_End" name="mixamorig_RightToe_End" sid="mixamorig_RightToe_End" type="JOINT">
                  <matrix sid="matrix">1.000000 -0.000000 -0.000000 0.000000 0.000000 1.000000 -0.000000 9.032300 -0.000000 0.000000 1.000000 0.000000 0.000000 0.000000 0.000000 1.000000</matrix>
                </node>
              </node>
            </node>
          </node>
        </node>
        <node id="mixamorig_F_skirt1" name="mixamorig_F_skirt1" sid="mixamorig_F_skirt1" type="JOINT">
          <matrix sid="matrix">0.000000 1.000000 0.000000 -0.580400 -1.000000 0.000000 -0.000000 -7.794500 -0.000000 -0.000000 1.000000 17.818100 0.000000 0.000000 0.000000 1.000000</matrix>
          <node id="mixamorig_F_skirt2" name="mixamorig_F_skirt2" sid="mixamorig_F_skirt2" type="JOINT">
            <matrix sid="matrix">1.000000 0.000000 0.000000 27.000000 0.000000 1.000000 0.000000 0.000000 -0.000000 0.000000 1.000000 0.000000 0.000000 0.000000 0.000000 1.000000</matrix>
            <node id="mixamorig_F_skirt3" name="mixamorig_F_skirt3" sid="mixamorig_F_skirt3" type="JOINT">
              <matrix sid="matrix">1.000000 -0.000000 0.000000 27.000000 0.000000 1.000000 0.000000 0.000000 -0.000000 -0.000000 1.000000 0.000000 0.000000 0.000000 0.000000 1.000000</matrix>
              <node id="mixamorig_F_skirt_end" name="mixamorig_F_skirt_end" sid="mixamorig_F_skirt_end" type="JOINT">
                <matrix sid="matrix">1.000000 -0.000000 0.000000 24.000000 -0.000000 1.000000 0.000000 -0.000000 -0.000000 -0.000000 1.000000 0.000000 0.000000 0.000000 0.000000 1.000000</matrix>
              </node>
            </node>
          </node>
        </node>
        <node id="mixamorig_L_A_skirt1" name="mixamorig_L_A_skirt1" sid="mixamorig_L_A_skirt1" type="JOINT">
          <matrix sid="matrix">0.122996 0.897244 0.424058 9.424300 -0.992244 0.103429 0.068955 -5.518500 0.018009 -0.429250 0.903006 15.946100 0.000000 0.000000 0.000000 1.000000</matrix>
          <node id="mixamorig_L_A_skirt2" name="mixamorig_L_A_skirt2" sid="mixamorig_L_A_skirt2" type="JOINT">
            <matrix sid="matrix">1.000000 -0.000000 0.000000 27.000000 -0.000000 1.000000 0.000000 0.000000 -0.000000 -0.000000 1.000000 0.000000 0.000000 0.000000 0.000000 1.000000</matrix>
            <node id="mixamorig_L_A_skirt3" name="mixamorig_L_A_skirt3" sid="mixamorig_L_A_skirt3" type="JOINT">
              <matrix sid="matrix">1.000000 0.000000 -0.000000 27.000000 -0.000000 1.000000 0.000000 0.000000 -0.000000 -0.000000 1.000000 -0.000000 0.000000 0.000000 0.000000 1.000000</matrix>
              <node id="mixamorig_L_A_skirt_end" name="mixamorig_L_A_skirt_end" sid="mixamorig_L_A_skirt_end" type="JOINT">
                <matrix sid="matrix">1.000000 0.000000 -0.000000 27.000000 -0.000000 1.000000 0.000000 -0.000000 -0.000000 0.000000 1.000000 0.000000 0.000000 0.000000 0.000000 1.000000</matrix>
              </node>
            </node>
          </node>
        </node>
        <node id="mixamorig_L_B_skirt1" name="mixamorig_L_B_skirt1" sid="mixamorig_L_B_skirt1" type="JOINT">
          <matrix sid="matrix">0.111759 0.000000 0.993735 18.448999 -0.993735 0.000000 0.111759 -4.216000 -0.000000 -1.000000 0.000000 -0.295100 0.000000 0.000000 0.000000 1.000000</matrix>
          <node id="mixamorig_L_B_skirt2" name="mixamorig_L_B_skirt2" sid="mixamorig_L_B_skirt2" type="JOINT">
            <matrix sid="matrix">1.000000 -0.000000 -0.000000 27.000000 -0.000000 1.000000 0.000000 -0.000000 -0.000000 0.000000 1.000000 0.000000 0.000000 0.000000 0.000000 1.000000</matrix>
            <node id="mixamorig_L_B_skirt3" name="mixamorig_L_B_skirt3" sid="mixamorig_L_B_skirt3" type="JOINT">
              <matrix sid="matrix">1.000000 -0.000000 -0.000000 27.000000 -0.000000 1.000000 0.000000 -0.000000 -0.000000 0.000000 1.000000 0.000000 0.000000 0.000000 0.000000 1.000000</matrix>
              <node id="mixamorig_L_B_skirt_end" name="mixamorig_L_B_skirt_end" sid="mixamorig_L_B_skirt_end" type="JOINT">
                <matrix sid="matrix">1.000000 -0.000000 -0.000000 27.000000 0.000000 1.000000 0.000000 0.000000 -0.000000 -0.000000 1.000000 0.000000 0.000000 0.000000 0.000000 1.000000</matrix>
              </node>
            </node>
          </node>
        </node>
        <node id="mixamorig_L_C_skirt1" name="mixamorig_L_C_skirt1" sid="mixamorig_L_C_skirt1" type="JOINT">
          <matrix sid="matrix">0.023939 -0.971540 0.235663 7.049900 -0.998221 -0.010354 0.058718 -6.149500 -0.054607 -0.236649 -0.970059 -15.762800 0.000000 0.000000 0.000000 1.000000</matrix>
          <node id="mixamorig_L_C_skirt2" name="mixamorig_L_C_skirt2" sid="mixamorig_L_C_skirt2" type="JOINT">
            <matrix sid="matrix">1.000000 0.000000 0.000000 28.000000 -0.000000 1.000000 0.000000 0.000000 -0.000000 0.000000 1.000000 0.000000 0.000000 0.000000 0.000000 1.000000</matrix>
            <node id="mixamorig_L_C_skirt3" name="mixamorig_L_C_skirt3" sid="mixamorig_L_C_skirt3" type="JOINT">
              <matrix sid="matrix">1.000000 0.000000 0.000000 28.000000 -0.000000 1.000000 0.000000 0.000000 -0.000000 0.000000 1.000000 -0.000000 0.000000 0.000000 0.000000 1.000000</matrix>
              <node id="mixamorig_L_C_skirt_end" name="mixamorig_L_C_skirt_end" sid="mixamorig_L_C_skirt_end" type="JOINT">
                <matrix sid="matrix">1.000000 0.000000 0.000000 28.000000 -0.000000 1.000000 0.000000 -0.000000 -0.000000 0.000000 1.000000 0.000000 0.000000 0.000000 0.000000 1.000000</matrix>
              </node>
            </node>
          </node>
        </node>
        <node id="mixamorig_R_A_skirt1" name="mixamorig_R_A_skirt1" sid="mixamorig_R_A_skirt1" type="JOINT">
          <matrix sid="matrix">-0.122996 0.897244 -0.424058 -9.424300 -0.992244 -0.103429 0.068955 -5.518900 0.018009 0.429250 0.903006 15.946100 0.000000 0.000000 0.000000 1.000000</matrix>
          <node id="mixamorig_R_A_skirt2" name="mixamorig_R_A_skirt2" sid="mixamorig_R_A_skirt2" type="JOINT">
            <matrix sid="matrix">1.000000 -0.000000 0.000000 26.999599 0.000000 1.000000 -0.000000 0.000000 -0.000000 0.000000 1.000000 0.000100 0.000000 0.000000 0.000000 1.000000</matrix>
            <node id="mixamorig_R_A_skirt3" name="mixamorig_R_A_skirt3" sid="mixamorig_R_A_skirt3" type="JOINT">
              <matrix sid="matrix">1.000000 0.000000 -0.000000 27.000000 0.000000 1.000000 -0.000000 0.000000 -0.000000 -0.000000 1.000000 -0.000000 0.000000 0.000000 0.000000 1.000000</matrix>
              <node id="mixamorig_R_A_skirt_end" name="mixamorig_R_A_skirt_end" sid="mixamorig_R_A_skirt_end" type="JOINT">
                <matrix sid="matrix">1.000000 0.000000 0.000000 27.000000 -0.000000 1.000000 0.000000 0.000000 0.000000 0.000000 1.000000 -0.000000 0.000000 0.000000 0.000000 1.000000</matrix>
              </node>
            </node>
          </node>
        </node>
        <node id="mixamorig_R_B_skirt1" name="mixamorig_R_B_skirt1" sid="mixamorig_R_B_skirt1" type="JOINT">
          <matrix sid="matrix">-0.111759 0.000000 -0.993735 -18.448900 -0.993735 0.000000 0.111759 -4.216300 -0.000000 1.000000 0.000000 -0.295100 0.000000 0.000000 0.000000 1.000000</matrix>
          <node id="mixamorig_R_B_skirt2" name="mixamorig_R_B_skirt2" sid="mixamorig_R_B_skirt2" type="JOINT">
            <matrix sid="matrix">1.000000 0.000000 -0.000000 26.999701 0.000000 1.000000 0.000000 0.000000 0.000000 0.000000 1.000000 0.000100 0.000000 0.000000 0.000000 1.000000</matrix>
            <node id="mixamorig_R_B_skirt3" name="mixamorig_R_B_skirt3" sid="mixamorig_R_B_skirt3" type="JOINT">
              <matrix sid="matrix">1.000000 -0.000000 0.000000 26.999901 0.000000 1.000000 0.000000 0.000000 0.000000 0.000000 1.000000 -0.000000 0.000000 0.000000 0.000000 1.000000</matrix>
              <node id="mixamorig_R_B_skirt_end" name="mixamorig_R_B_skirt_end" sid="mixamorig_R_B_skirt_end" type="JOINT">
                <matrix sid="matrix">1.000000 0.000000 0.000000 27.000000 -0.000000 1.000000 -0.000000 0.000000 -0.000000 0.000000 1.000000 0.000000 0.000000 0.000000 0.000000 1.000000</matrix>
              </node>
            </node>
          </node>
          <node id="mixamorig_R_bag1" name="mixamorig_R_bag1" sid="mixamorig_R_bag1" type="JOINT">
            <matrix sid="matrix">0.973707 -0.116729 -0.195624 6.766800 -0.197277 -0.002660 -0.980344 2.209500 0.113914 0.993160 -0.025618 5.400800 0.000000 0.000000 0.000000 1.000000</matrix>
            <node id="mixamorig_R_bag_end" name="mixamorig_R_bag_end" sid="mixamorig_R_bag_end" type="JOINT">
              <matrix sid="matrix">1.000000 -0.000000 -0.000000 20.721201 -0.000000 1.000000 -0.000000 0.000000 0.000000 0.000000 1.000000 0.000000 0.000000 0.000000 0.000000 1.000000</matrix>
            </node>
          </node>
        </node>
        <node id="mixamorig_R_C_skirt1" name="mixamorig_R_C_skirt1" sid="mixamorig_R_C_skirt1" type="JOINT">
          <matrix sid="matrix">-0.023939 -0.971540 -0.235663 -7.049900 -0.998221 0.010354 0.058718 -6.149900 -0.054607 0.236649 -0.970059 -15.762700 0.000000 0.000000 0.000000 1.000000</matrix>
          <node id="mixamorig_R_C_skirt2" name="mixamorig_R_C_skirt2" sid="mixamorig_R_C_skirt2" type="JOINT">
            <matrix sid="matrix">1.000000 -0.000000 0.000000 27.999701 0.000000 1.000000 0.000000 0.000000 -0.000000 -0.000000 1.000000 0.000000 0.000000 0.000000 0.000000 1.000000</matrix>
            <node id="mixamorig_R_C_skirt3" name="mixamorig_R_C_skirt3" sid="mixamorig_R_C_skirt3" type="JOINT">
              <matrix sid="matrix">1.000000 -0.000000 0.000000 27.999901 0.000000 1.000000 -0.000000 0.000000 0.000000 0.000000 1.000000 -0.000000 0.000000 0.000000 0.000000 1.000000</matrix>
              <node id="mixamorig_R_C_skirt_end" name="mixamorig_R_C_skirt_end" sid="mixamorig_R_C_skirt_end" type="JOINT">
                <matrix sid="matrix">1.000000 0.000000 -0.000000 28.000000 -0.000000 1.000000 0.000000 0.000000 0.000000 0.000000 1.000000 0.000000 0.000000 0.000000 0.000000 1.000000</matrix>
              </node>
            </node>
          </node>
        </node>
        <node id="L_horn1" name="L_horn1" sid="L_horn1" type="JOINT">
          <matrix sid="matrix">0.406838 0.870118 0.278168 18.209600 -0.904436 0.426462 -0.011194 1.020800 -0.128368 -0.247031 0.960467 -3.906100 0.000000 0.000000 0.000000 1.000000</matrix>
          <node id="L_horn_end" name="L_horn_end" sid="L_horn_end" type="JOINT">
            <matrix sid="matrix">1.000000 -0.000000 0.000000 13.278900 0.000000 1.000000 0.000000 0.000000 0.000000 0.000000 1.000000 -0.000000 0.000000 0.000000 0.000000 1.000000</matrix>
          </node>
        </node>
      </node>
    </visual_scene>
  </library_visual_scenes>
  <scene>
    <instance_visual_scene url="#RootNode"/>
  </scene>
</COLLADA>
