<?xml version="1.0" encoding="utf-8"?>
<COLLADA xmlns="http://www.collada.org/2005/11/COLLADASchema" version="1.4.1">
  <asset>
    <contributor>
      <author>Mixamo</author>
      <authoring_tool>COLLADA Mixamo exporter</authoring_tool>
      <comments/>
    </contributor>
    <created>2025-11-20T18:18:06Z</created>
    <modified>2025-11-20T18:18:06Z</modified>
    <revision/>
    <title/>
    <unit meter="0.010000"/>
    <up_axis>Y_UP</up_axis>
  </asset>
  <library_animations>
    <animation id="mixamorig_Hips-anim" name="mixamorig_Hips">
      <source id="mixamorig_Hips-Matrix-animation-input">
        <float_array id="mixamorig_Hips-Matrix-animation-input-array" count="35">

0.000000 0.033333 0.066667 0.100000 0.133333 0.166667 0.200000 0.233333 0.266667 0.300000 0.333333 0.366667 0.400000 0.433333 0.466667 0.500000
0.533333 0.566667 0.600000 0.633333 0.666667 0.700000 0.733333 0.766667 0.800000 0.833333 0.866667 0.900000 0.933333 0.966667 1.000000 1.033333
1.066667 1.100000 1.133333</float_array>
        <technique_common>
          <accessor source="#mixamorig_Hips-Matrix-animation-input-array" count="35">
            <param name="TIME" type="float"/>
          </accessor>
        </technique_common>
      </source>
      <source id="mixamorig_Hips-Matrix-animation-output-transform">
        <float_array id="mixamorig_Hips-Matrix-animation-output-transform-array" count="560">

0.522585 -0.060167 -0.850462 -0.488585 0.069744 0.997180 -0.027691 104.906372 0.849730 -0.044844 0.525308 0.361533 0.000000 0.000000 0.000000 1.000000
0.522432 -0.061075 -0.850491 -0.381737 0.068000 0.997239 -0.029842 104.822639 0.849965 -0.042243 0.525142 0.280310 0.000000 0.000000 0.000000 1.000000
0.483735 -0.084450 -0.871130 0.141277 0.088898 0.994927 -0.047087 104.579323 0.870688 -0.054664 0.488789 0.653520 0.000000 0.000000 0.000000 1.000000
0.378651 -0.092681 -0.920887 0.626486 0.122000 0.991290 -0.049602 104.279594 0.917464 -0.093566 0.386660 2.350649 0.000000 0.000000 0.000000 1.000000
0.253841 -0.088940 -0.963148 0.577637 0.160113 0.985890 -0.048841 103.724823 0.953902 -0.141815 0.264499 5.053102 0.000000 0.000000 0.000000 1.000000
0.187799 -0.098300 -0.977276 0.529266 0.173606 0.982636 -0.065478 102.656921 0.966743 -0.157364 0.201604 7.723600 0.000000 0.000000 0.000000 1.000000
0.199176 -0.122811 -0.972238 0.703312 0.157993 0.983162 -0.091824 101.066246 0.967144 -0.135317 0.215226 9.763306 0.000000 0.000000 0.000000 1.000000
0.285398 -0.141546 -0.947899 1.167444 0.122896 0.986274 -0.110274 99.822525 0.950497 -0.085021 0.298876 11.433563 0.000000 0.000000 0.000000 1.000000
0.443839 -0.142739 -0.884665 1.009866 0.091456 0.989293 -0.113737 98.869797 0.891428 -0.030427 0.452141 12.608760 0.000000 0.000000 0.000000 1.000000
0.714478 -0.096934 -0.692911 -0.893751 0.052036 0.994975 -0.085536 98.208023 0.697721 0.025057 0.715932 12.658831 0.000000 0.000000 0.000000 1.000000
0.964536 -0.026433 -0.262623 -3.546005 0.012075 0.998350 -0.056138 98.047234 0.263674 0.050976 0.963264 12.928626 0.000000 0.000000 0.000000 1.000000
0.977741 -0.001120 0.209815 -5.977855 0.011667 0.998729 -0.049036 97.719139 -0.209493 0.050393 0.976511 15.652083 0.000000 0.000000 0.000000 1.000000
0.900567 0.006519 0.434667 -7.561439 0.031408 0.996299 -0.080014 96.000694 -0.433580 0.085710 0.897030 16.218075 0.000000 0.000000 0.000000 1.000000
0.827162 0.028907 0.561220 -8.603553 0.043351 0.992418 -0.115011 94.996971 -0.560289 0.119462 0.819637 17.122383 0.000000 0.000000 0.000000 1.000000
0.774814 0.041765 0.630808 -9.390695 0.039599 0.992650 -0.114361 93.547882 -0.630948 0.113588 0.767465 17.527594 0.000000 0.000000 0.000000 1.000000
0.706495 0.055273 0.705557 -9.837867 0.055171 0.989610 -0.132771 92.671333 -0.705565 0.132728 0.696105 17.424696 0.000000 0.000000 0.000000 1.000000
0.667472 0.077454 0.740596 -9.947031 0.071448 0.983325 -0.167233 92.342064 -0.741199 0.164538 0.650808 16.705849 0.000000 0.000000 0.000000 1.000000
0.685399 0.082205 0.723513 -9.449098 0.074960 0.980363 -0.182399 92.831032 -0.724299 0.179251 0.665777 16.420921 0.000000 0.000000 0.000000 1.000000
0.762717 0.070160 0.642916 -8.090338 0.058517 0.982534 -0.176643 93.712402 -0.644080 0.172350 0.745290 16.353392 0.000000 0.000000 0.000000 1.000000
0.852378 0.053998 0.520130 -6.363359 0.040750 0.984771 -0.169016 94.864441 -0.521335 0.165261 0.837197 16.017050 0.000000 0.000000 0.000000 1.000000
0.942251 0.029339 0.333621 -4.437966 0.024788 0.987314 -0.156833 96.583923 -0.333990 0.156046 0.929570 15.365902 0.000000 0.000000 0.000000 1.000000
0.995123 -0.009948 0.098142 -2.444447 0.024159 0.989181 -0.144700 98.646553 -0.095641 0.146365 0.984596 14.789930 0.000000 0.000000 0.000000 1.000000
0.985102 -0.053518 -0.163430 -0.658909 0.033512 0.991866 -0.122799 100.702682 0.168672 0.115493 0.978883 14.208733 0.000000 0.000000 0.000000 1.000000
0.904831 -0.082025 -0.417795 0.653076 0.040075 0.993318 -0.108225 102.365242 0.423881 0.081182 0.902072 13.616492 0.000000 0.000000 0.000000 1.000000
0.788994 -0.089508 -0.607847 0.950113 0.047210 0.995238 -0.085274 103.593582 0.612585 0.038585 0.789462 12.623017 0.000000 0.000000 0.000000 1.000000
0.685228 -0.067783 -0.725168 0.517642 0.036179 0.997599 -0.059062 104.004272 0.727430 0.014235 0.686035 10.981792 0.000000 0.000000 0.000000 1.000000
0.620436 -0.055310 -0.782304 0.214318 0.030135 0.998455 -0.046692 103.331696 0.783678 0.005395 0.621144 8.914756 0.000000 0.000000 0.000000 1.000000
0.571520 -0.055358 -0.818719 0.137822 0.040213 0.998413 -0.039437 102.861359 0.819602 -0.010384 0.572838 6.819955 0.000000 0.000000 0.000000 1.000000
0.539354 -0.049566 -0.840619 -0.008797 0.044965 0.998537 -0.030028 103.182251 0.840878 -0.021603 0.540794 4.873816 0.000000 0.000000 0.000000 1.000000
0.529473 -0.048281 -0.846952 -0.126635 0.050815 0.998391 -0.025147 103.596573 0.846804 -0.029723 0.531075 3.708269 0.000000 0.000000 0.000000 1.000000
0.525488 -0.050021 -0.849329 -0.235629 0.055771 0.998148 -0.024279 103.908340 0.848971 -0.034610 0.527305 2.859239 0.000000 0.000000 0.000000 1.000000
0.523692 -0.053030 -0.850256 -0.370055 0.060634 0.997850 -0.024889 104.235924 0.849747 -0.038521 0.525781 2.020309 0.000000 0.000000 0.000000 1.000000
0.523092 -0.056365 -0.850410 -0.487878 0.064991 0.997543 -0.026140 104.537376 0.849794 -0.041595 0.525471 1.250742 0.000000 0.000000 0.000000 1.000000
0.522669 -0.059046 -0.850488 -0.505462 0.068381 0.997288 -0.027214 104.800644 0.849789 -0.043933 0.525289 0.618396 0.000000 0.000000 0.000000 1.000000
0.522495 -0.060129 -0.850519 -0.489004 0.069732 0.997182 -0.027659 104.906418 0.849786 -0.044857 0.525216 0.361473 0.000000 0.000000 0.000000 1.000000</float_array>
        <technique_common>
          <accessor source="#mixamorig_Hips-Matrix-animation-output-transform-array" count="35" stride="16">
            <param type="float4x4"/>
          </accessor>
        </technique_common>
      </source>
      <source id="mixamorig_Hips-Interpolations">
        <Name_array id="mixamorig_Hips-Interpolations-array" count="35">
 LINEAR LINEAR LINEAR LINEAR LINEAR LINEAR LINEAR LINEAR LINEAR LINEAR LINEAR
LINEAR LINEAR LINEAR LINEAR LINEAR LINEAR LINEAR LINEAR LINEAR LINEAR LINEAR LINEAR
LINEAR LINEAR LINEAR LINEAR LINEAR LINEAR LINEAR LINEAR LINEAR LINEAR LINEAR LINEAR</Name_array>
        <technique_common>
          <accessor source="#mixamorig_Hips-Interpolations-array" count="35">
            <param type="name"/>
          </accessor>
        </technique_common>
      </source>
      <sampler id="mixamorig_Hips-Matrix-animation-transform">
        <input semantic="INPUT" source="#mixamorig_Hips-Matrix-animation-input"/>
        <input semantic="OUTPUT" source="#mixamorig_Hips-Matrix-animation-output-transform"/>
        <input semantic="INTERPOLATION" source="#mixamorig_Hips-Interpolations"/>
      </sampler>
      <channel source="#mixamorig_Hips-Matrix-animation-transform" target="mixamorig_Hips/matrix"/>
    </animation>
    <animation id="mixamorig_Spine-anim" name="mixamorig_Spine">
      <source id="mixamorig_Spine-Matrix-animation-input">
        <float_array id="mixamorig_Spine-Matrix-animation-input-array" count="35">

0.000000 0.033333 0.066667 0.100000 0.133333 0.166667 0.200000 0.233333 0.266667 0.300000 0.333333 0.366667 0.400000 0.433333 0.466667 0.500000
0.533333 0.566667 0.600000 0.633333 0.666667 0.700000 0.733333 0.766667 0.800000 0.833333 0.866667 0.900000 0.933333 0.966667 1.000000 1.033333
1.066667 1.100000 1.133333</float_array>
        <technique_common>
          <accessor source="#mixamorig_Spine-Matrix-animation-input-array" count="35">
            <param name="TIME" type="float"/>
          </accessor>
        </technique_common>
      </source>
      <source id="mixamorig_Spine-Matrix-animation-output-transform">
        <float_array id="mixamorig_Spine-Matrix-animation-output-transform-array" count="560">

0.998900 0.046810 0.002879 -0.006600 -0.045579 0.983435 -0.175437 10.822600 -0.011043 0.175113 0.984486 -0.430700 0.000000 0.000000 0.000000 1.000000
0.999022 0.044016 0.004118 -0.006600 -0.042604 0.983456 -0.176064 10.822600 -0.011800 0.175717 0.984370 -0.430700 0.000000 0.000000 0.000000 1.000000
0.999208 0.038476 0.010143 -0.006600 -0.036113 0.983935 -0.174835 10.822600 -0.016707 0.174330 0.984546 -0.430700 0.000000 0.000000 0.000000 1.000000
0.999501 0.025535 0.018587 -0.006600 -0.021851 0.984005 -0.176797 10.822600 -0.022805 0.176302 0.984072 -0.430700 0.000000 0.000000 0.000000 1.000000
0.999771 0.011010 0.018362 -0.006600 -0.007590 0.984197 -0.176915 10.822600 -0.020020 0.176735 0.984055 -0.430700 0.000000 0.000000 0.000000 1.000000
0.999957 -0.005948 0.007085 -0.006600 0.007100 0.984454 -0.175499 10.822600 -0.005931 0.175542 0.984454 -0.430700 0.000000 0.000000 0.000000 1.000000
0.999721 -0.019489 -0.013316 -0.006600 0.016946 0.985321 -0.169866 10.822600 0.016431 0.169594 0.985377 -0.430700 0.000000 0.000000 0.000000 1.000000
0.998987 -0.034736 -0.028605 -0.006600 0.029598 0.986059 -0.163743 10.822600 0.033894 0.162731 0.986088 -0.430700 0.000000 0.000000 0.000000 1.000000
0.998498 -0.041129 -0.036203 -0.006600 0.035107 0.987511 -0.153588 10.822600 0.042067 0.152087 0.987471 -0.430700 0.000000 0.000000 0.000000 1.000000
0.998333 -0.057336 -0.006597 -0.006600 0.055798 0.988073 -0.143524 10.822600 0.014747 0.142917 0.989625 -0.430700 0.000000 0.000000 0.000000 1.000000
0.994669 -0.093708 0.043037 -0.006600 0.098027 0.988789 -0.112637 10.822600 -0.031999 0.116255 0.992704 -0.430700 0.000000 0.000000 0.000000 1.000000
0.997443 -0.051937 0.049094 -0.006600 0.056931 0.992683 -0.106485 10.822600 -0.043205 0.109008 0.993102 -0.430700 0.000000 0.000000 0.000000 1.000000
0.994872 -0.029984 0.096597 -0.006600 0.039903 0.993938 -0.102448 10.822600 -0.092939 0.105777 0.990037 -0.430700 0.000000 0.000000 0.000000 1.000000
0.993748 -0.019326 0.109963 -0.006600 0.030558 0.994377 -0.101391 10.822600 -0.107385 0.104117 0.988751 -0.430700 0.000000 0.000000 0.000000 1.000000
0.989901 -0.013322 0.141131 -0.006600 0.028616 0.993858 -0.106898 10.822600 -0.138840 0.109857 0.984203 -0.430700 0.000000 0.000000 0.000000 1.000000
0.988203 -0.008479 0.152917 -0.006600 0.025984 0.993273 -0.112843 10.822600 -0.150931 0.115485 0.981775 -0.430700 0.000000 0.000000 0.000000 1.000000
0.988656 -0.005193 0.150109 -0.006600 0.022853 0.992967 -0.116167 10.822600 -0.148450 0.118279 0.981821 -0.430700 0.000000 0.000000 0.000000 1.000000
0.989302 -0.003581 0.145838 -0.006600 0.021389 0.992455 -0.120725 10.822600 -0.144305 0.122553 0.981915 -0.430700 0.000000 0.000000 0.000000 1.000000
0.989936 -0.001198 0.141509 -0.006600 0.018837 0.992181 -0.123375 10.822600 -0.140255 0.124799 0.982219 -0.430700 0.000000 0.000000 0.000000 1.000000
0.991701 -0.002014 0.128549 -0.006600 0.018508 0.991698 -0.127246 10.822600 -0.127225 0.128569 0.983506 -0.430700 0.000000 0.000000 0.000000 1.000000
0.993013 -0.003493 0.117955 -0.006600 0.018722 0.991565 -0.128249 10.822600 -0.116512 0.129561 0.984702 -0.430700 0.000000 0.000000 0.000000 1.000000
0.994653 0.000247 0.103272 -0.006600 0.013133 0.991575 -0.128864 10.822600 -0.102433 0.129531 0.986270 -0.430700 0.000000 0.000000 0.000000 1.000000
0.995348 0.004922 0.096214 -0.006600 0.008013 0.991004 -0.133595 10.822600 -0.096006 0.133745 0.986354 -0.430700 0.000000 0.000000 0.000000 1.000000
0.996099 0.011516 0.087488 -0.006600 0.000349 0.990926 -0.134410 10.822600 -0.088242 0.133916 0.987056 -0.430700 0.000000 0.000000 0.000000 1.000000
0.997211 0.023501 0.070844 -0.006600 -0.013562 0.990390 -0.137633 10.822600 -0.073398 0.136289 0.987946 -0.430700 0.000000 0.000000 0.000000 1.000000
0.998175 0.031742 0.051379 -0.006600 -0.024096 0.989409 -0.143139 10.822600 -0.055379 0.141640 0.988368 -0.430700 0.000000 0.000000 0.000000 1.000000
0.998704 0.035962 0.036022 -0.006600 -0.030259 0.988531 -0.147956 10.822600 -0.040930 0.146674 0.988338 -0.430700 0.000000 0.000000 0.000000 1.000000
0.998853 0.040065 0.026204 -0.006600 -0.035599 0.987581 -0.153023 10.822600 -0.032010 0.151915 0.987875 -0.430700 0.000000 0.000000 0.000000 1.000000
0.998950 0.042344 0.017507 -0.006600 -0.039043 0.986593 -0.158459 10.822600 -0.023982 0.157609 0.987210 -0.430700 0.000000 0.000000 0.000000 1.000000
0.998919 0.044463 0.013576 -0.006600 -0.041658 0.985717 -0.163174 10.822600 -0.020637 0.162432 0.986504 -0.430700 0.000000 0.000000 0.000000 1.000000
0.998927 0.045200 0.010139 -0.006600 -0.042875 0.985023 -0.167010 10.822600 -0.017536 0.166396 0.985903 -0.430700 0.000000 0.000000 0.000000 1.000000
0.998943 0.045482 0.006702 -0.006600 -0.043687 0.984521 -0.169737 10.822600 -0.014318 0.169264 0.985467 -0.430700 0.000000 0.000000 0.000000 1.000000
0.998935 0.045922 0.004383 -0.006600 -0.044479 0.984010 -0.172470 10.822600 -0.012233 0.172092 0.985005 -0.430700 0.000000 0.000000 0.000000 1.000000
0.998921 0.046322 0.003299 -0.006600 -0.045044 0.983744 -0.173838 10.822600 -0.011298 0.173502 0.984769 -0.430700 0.000000 0.000000 0.000000 1.000000
0.998899 0.046811 0.002919 -0.006600 -0.045574 0.983435 -0.175439 10.822600 -0.011083 0.175113 0.984486 -0.430700 0.000000 0.000000 0.000000 1.000000</float_array>
        <technique_common>
          <accessor source="#mixamorig_Spine-Matrix-animation-output-transform-array" count="35" stride="16">
            <param type="float4x4"/>
          </accessor>
        </technique_common>
      </source>
      <source id="mixamorig_Spine-Interpolations">
        <Name_array id="mixamorig_Spine-Interpolations-array" count="35">
 LINEAR LINEAR LINEAR LINEAR LINEAR LINEAR LINEAR LINEAR LINEAR LINEAR LINEAR
LINEAR LINEAR LINEAR LINEAR LINEAR LINEAR LINEAR LINEAR LINEAR LINEAR LINEAR LINEAR
LINEAR LINEAR LINEAR LINEAR LINEAR LINEAR LINEAR LINEAR LINEAR LINEAR LINEAR LINEAR</Name_array>
        <technique_common>
          <accessor source="#mixamorig_Spine-Interpolations-array" count="35">
            <param type="name"/>
          </accessor>
        </technique_common>
      </source>
      <sampler id="mixamorig_Spine-Matrix-animation-transform">
        <input semantic="INPUT" source="#mixamorig_Spine-Matrix-animation-input"/>
        <input semantic="OUTPUT" source="#mixamorig_Spine-Matrix-animation-output-transform"/>
        <input semantic="INTERPOLATION" source="#mixamorig_Spine-Interpolations"/>
      </sampler>
      <channel source="#mixamorig_Spine-Matrix-animation-transform" target="mixamorig_Spine/matrix"/>
    </animation>
    <animation id="mixamorig_Spine1-anim" name="mixamorig_Spine1">
      <source id="mixamorig_Spine1-Matrix-animation-input">
        <float_array id="mixamorig_Spine1-Matrix-animation-input-array" count="35">

0.000000 0.033333 0.066667 0.100000 0.133333 0.166667 0.200000 0.233333 0.266667 0.300000 0.333333 0.366667 0.400000 0.433333 0.466667 0.500000
0.533333 0.566667 0.600000 0.633333 0.666667 0.700000 0.733333 0.766667 0.800000 0.833333 0.866667 0.900000 0.933333 0.966667 1.000000 1.033333
1.066667 1.100000 1.133333</float_array>
        <technique_common>
          <accessor source="#mixamorig_Spine1-Matrix-animation-input-array" count="35">
            <param name="TIME" type="float"/>
          </accessor>
        </technique_common>
      </source>
      <source id="mixamorig_Spine1-Matrix-animation-output-transform">
        <float_array id="mixamorig_Spine1-Matrix-animation-output-transform-array" count="560">

0.995242 0.097438 -0.000262 0.000000 -0.096058 0.980686 -0.170374 12.655100 -0.016344 0.169589 0.985379 0.000000 0.000000 0.000000 0.000000 1.000000
0.995754 0.092017 0.002519 0.000000 -0.090220 0.981009 -0.171704 12.655100 -0.018271 0.170748 0.985145 -0.000000 0.000000 0.000000 0.000000 1.000000
0.996466 0.082659 0.014916 -0.000000 -0.078951 0.982357 -0.169535 12.655100 -0.028666 0.167759 0.985411 0.000000 0.000000 0.000000 0.000000 1.000000
0.997655 0.060294 0.032387 0.000000 -0.053788 0.983323 -0.173732 12.655100 -0.042322 0.171582 0.984260 0.000000 0.000000 0.000000 0.000000 1.000000
0.998869 0.034524 0.032705 -0.000000 -0.028332 0.984368 -0.173830 12.655100 -0.038195 0.172706 0.984233 0.000000 0.000000 0.000000 0.000000 1.000000
0.999931 0.001144 0.011654 0.000000 0.000861 0.985335 -0.170629 12.655100 -0.011678 0.170627 0.985266 0.000000 0.000000 0.000000 0.000000 1.000000
0.999214 -0.028440 -0.027609 0.000000 0.023690 0.986950 -0.159274 12.655100 0.031778 0.158495 0.986848 -0.000000 0.000000 0.000000 0.000000 1.000000
0.996536 -0.061146 -0.056373 -0.000000 0.052261 0.987685 -0.147467 12.655100 0.064696 0.144009 0.987459 0.000000 0.000000 0.000000 0.000000 1.000000
0.994644 -0.075537 -0.070549 0.000000 0.066112 0.989630 -0.127523 12.655100 0.079450 0.122176 0.989323 -0.000000 0.000000 0.000000 0.000000 1.000000
0.994310 -0.106067 -0.009840 0.000000 0.104425 0.988810 -0.106538 12.655100 0.021030 0.104904 0.994260 0.000000 0.000000 0.000000 0.000000 1.000000
0.980526 -0.175473 0.088189 0.000000 0.179557 0.982907 -0.040667 12.655100 -0.079545 0.055710 0.995273 -0.000000 0.000000 0.000000 0.000000 1.000000
0.991235 -0.094242 0.092579 0.000000 0.097399 0.994788 -0.030184 12.655100 -0.089252 0.038937 0.995248 -0.000000 0.000000 0.000000 0.000000 1.000000
0.982033 -0.048986 0.182243 0.000000 0.054038 0.998277 -0.022861 12.655100 -0.180809 0.032299 0.982988 0.000000 0.000000 0.000000 0.000000 1.000000
0.978087 -0.028221 0.206277 0.000000 0.033417 0.999205 -0.021747 12.655100 -0.205499 0.028164 0.978252 0.000000 0.000000 0.000000 0.000000 1.000000
0.963955 -0.014040 0.265694 0.000000 0.023903 0.999138 -0.033926 12.655100 -0.264988 0.039054 0.963460 0.000000 0.000000 0.000000 0.000000 1.000000
0.957962 -0.003264 0.286877 0.000000 0.017364 0.998762 -0.046618 12.655100 -0.286370 0.049640 0.956832 0.000000 0.000000 0.000000 0.000000 1.000000
0.959813 0.003005 0.280626 -0.000000 0.012519 0.998489 -0.053509 12.655100 -0.280363 0.054871 0.958325 -0.000000 0.000000 0.000000 0.000000 1.000000
0.962108 0.006867 0.272583 -0.000000 0.010652 0.997973 -0.062737 12.655100 -0.272461 0.063263 0.960085 0.000000 0.000000 0.000000 0.000000 1.000000
0.964047 0.012817 0.265424 0.000000 0.005578 0.997640 -0.068436 12.655100 -0.265675 0.067456 0.961700 0.000000 0.000000 0.000000 0.000000 1.000000
0.970106 0.011981 0.242387 -0.000000 0.006646 0.997094 -0.075884 12.655100 -0.242592 0.075227 0.967207 -0.000000 0.000000 0.000000 0.000000 1.000000
0.974339 0.010327 0.224848 -0.000000 0.007378 0.996945 -0.077758 12.655100 -0.224964 0.077422 0.971286 0.000000 0.000000 0.000000 0.000000 1.000000
0.979859 0.018439 0.198836 0.000000 -0.002678 0.996852 -0.079242 12.655100 -0.199671 0.077114 0.976824 0.000000 0.000000 0.000000 0.000000 1.000000
0.982000 0.027134 0.186923 0.000000 -0.010608 0.995989 -0.088850 12.655100 -0.188584 0.085267 0.978348 0.000000 0.000000 0.000000 0.000000 1.000000
0.984533 0.039086 0.170786 0.000000 -0.023791 0.995594 -0.090701 12.655100 -0.173579 0.085235 0.981125 0.000000 0.000000 0.000000 0.000000 1.000000
0.988589 0.061285 0.137607 0.000000 -0.048076 0.994089 -0.097343 12.655100 -0.142760 0.089617 0.985692 -0.000000 0.000000 0.000000 0.000000 1.000000
0.992299 0.074974 0.098603 -0.000000 -0.064243 0.992091 -0.107834 12.655100 -0.105908 0.100669 0.989267 0.000000 0.000000 0.000000 0.000000 1.000000
0.994354 0.081807 0.067583 0.000000 -0.073538 0.990418 -0.116895 12.655100 -0.076498 0.111265 0.990842 -0.000000 0.000000 0.000000 0.000000 1.000000
0.994927 0.088687 0.047494 0.000000 -0.082072 0.988546 -0.126654 12.655100 -0.058183 0.122113 0.990809 0.000000 0.000000 0.000000 0.000000 1.000000
0.995335 0.091751 0.029832 -0.000000 -0.086849 0.986739 -0.137126 12.655100 -0.042018 0.133896 0.990104 0.000000 0.000000 0.000000 0.000000 1.000000
0.995230 0.095119 0.021653 0.000000 -0.090960 0.985037 -0.146383 12.655100 -0.035252 0.143715 0.988991 0.000000 0.000000 0.000000 0.000000 1.000000
0.995259 0.096167 0.014524 0.000000 -0.092807 0.983720 -0.153891 12.655100 -0.029087 0.151814 0.987981 -0.000000 0.000000 0.000000 0.000000 1.000000
0.995357 0.095950 0.007612 0.000000 -0.093523 0.982812 -0.159167 12.655100 -0.022753 0.157716 0.987222 -0.000000 0.000000 0.000000 0.000000 1.000000
0.995368 0.096094 0.002929 0.000000 -0.094305 0.981855 -0.164519 12.655100 -0.018686 0.163481 0.986370 0.000000 0.000000 0.000000 0.000000 1.000000
0.995323 0.096595 0.000700 0.000000 -0.095119 0.981324 -0.167199 12.655100 -0.016837 0.166350 0.985923 0.000000 0.000000 0.000000 0.000000 1.000000
0.995244 0.097413 -0.000351 0.000000 -0.096049 0.980689 -0.170366 12.655100 -0.016252 0.169589 0.985381 0.000000 0.000000 0.000000 0.000000 1.000000</float_array>
        <technique_common>
          <accessor source="#mixamorig_Spine1-Matrix-animation-output-transform-array" count="35" stride="16">
            <param type="float4x4"/>
          </accessor>
        </technique_common>
      </source>
      <source id="mixamorig_Spine1-Interpolations">
        <Name_array id="mixamorig_Spine1-Interpolations-array" count="35">
 LINEAR LINEAR LINEAR LINEAR LINEAR LINEAR LINEAR LINEAR LINEAR LINEAR LINEAR
LINEAR LINEAR LINEAR LINEAR LINEAR LINEAR LINEAR LINEAR LINEAR LINEAR LINEAR LINEAR
LINEAR LINEAR LINEAR LINEAR LINEAR LINEAR LINEAR LINEAR LINEAR LINEAR LINEAR LINEAR</Name_array>
        <technique_common>
          <accessor source="#mixamorig_Spine1-Interpolations-array" count="35">
            <param type="name"/>
          </accessor>
        </technique_common>
      </source>
      <sampler id="mixamorig_Spine1-Matrix-animation-transform">
        <input semantic="INPUT" source="#mixamorig_Spine1-Matrix-animation-input"/>
        <input semantic="OUTPUT" source="#mixamorig_Spine1-Matrix-animation-output-transform"/>
        <input semantic="INTERPOLATION" source="#mixamorig_Spine1-Interpolations"/>
      </sampler>
      <channel source="#mixamorig_Spine1-Matrix-animation-transform" target="mixamorig_Spine1/matrix"/>
    </animation>
    <animation id="mixamorig_Spine2-anim" name="mixamorig_Spine2">
      <source id="mixamorig_Spine2-Matrix-animation-input">
        <float_array id="mixamorig_Spine2-Matrix-animation-input-array" count="35">

0.000000 0.033333 0.066667 0.100000 0.133333 0.166667 0.200000 0.233333 0.266667 0.300000 0.333333 0.366667 0.400000 0.433333 0.466667 0.500000
0.533333 0.566667 0.600000 0.633333 0.666667 0.700000 0.733333 0.766667 0.800000 0.833333 0.866667 0.900000 0.933333 0.966667 1.000000 1.033333
1.066667 1.100000 1.133333</float_array>
        <technique_common>
          <accessor source="#mixamorig_Spine2-Matrix-animation-input-array" count="35">
            <param name="TIME" type="float"/>
          </accessor>
        </technique_common>
      </source>
      <source id="mixamorig_Spine2-Matrix-animation-output-transform">
        <float_array id="mixamorig_Spine2-Matrix-animation-output-transform-array" count="560">

0.995242 0.097430 -0.000260 -0.000000 -0.096409 0.984421 -0.147040 14.459700 -0.014070 0.146366 0.989130 0.000000 0.000000 0.000000 0.000000 1.000000
0.995755 0.092009 0.002521 0.000000 -0.090618 0.984771 -0.148376 14.459700 -0.016134 0.147517 0.988928 0.000000 0.000000 0.000000 0.000000 1.000000
0.996467 0.082652 0.014918 -0.000000 -0.079599 0.986047 -0.146201 14.459700 -0.026794 0.144497 0.989142 0.000000 0.000000 0.000000 0.000000 1.000000
0.997656 0.060286 0.032388 -0.000000 -0.054765 0.987104 -0.150423 14.459700 -0.041038 0.148297 0.988091 0.000000 0.000000 0.000000 0.000000 1.000000
0.998869 0.034517 0.032707 -0.000000 -0.029218 0.988175 -0.150522 14.459700 -0.037516 0.149396 0.988066 0.000000 0.000000 0.000000 0.000000 1.000000
0.999931 0.001136 0.011656 0.000000 0.000594 0.989092 -0.147298 14.459700 -0.011696 0.147294 0.989024 0.000000 0.000000 0.000000 0.000000 1.000000
0.999214 -0.028448 -0.027607 0.000000 0.024443 0.990420 -0.135909 14.459700 0.031209 0.135127 0.990337 0.000000 0.000000 0.000000 0.000000 1.000000
0.996535 -0.061155 -0.056371 0.000000 0.053784 0.990812 -0.124090 14.459700 0.063442 0.120629 0.990668 -0.000000 0.000000 0.000000 0.000000 1.000000
0.994644 -0.075546 -0.070547 -0.000000 0.067979 0.992240 -0.104109 14.459700 0.077865 0.098755 0.992061 0.000000 0.000000 0.000000 0.000000 1.000000
0.994309 -0.106075 -0.009839 0.000000 0.104902 0.991012 -0.083012 14.459700 0.018557 0.081507 0.996500 -0.000000 0.000000 0.000000 0.000000 1.000000
0.980525 -0.175481 0.088189 0.000000 0.177635 0.983947 -0.017135 14.459700 -0.083767 0.032466 0.995956 -0.000000 0.000000 0.000000 0.000000 1.000000
0.991235 -0.094250 0.092579 0.000000 0.095271 0.995429 -0.006656 14.459700 -0.091529 0.015418 0.995683 -0.000000 0.000000 0.000000 0.000000 1.000000
0.982032 -0.048994 0.182244 -0.000000 0.049759 0.998761 0.000376 14.459700 -0.182037 0.008699 0.983253 0.000000 0.000000 0.000000 0.000000 1.000000
0.978086 -0.028229 0.206278 0.000000 0.028559 0.999591 0.001378 14.459700 -0.206233 0.004543 0.978492 0.000000 0.000000 0.000000 0.000000 1.000000
0.963955 -0.014048 0.265694 0.000000 0.017642 0.999782 -0.011146 14.459700 -0.265479 0.015432 0.963993 -0.000000 0.000000 0.000000 0.000000 1.000000
0.957962 -0.003272 0.286877 0.000000 0.010599 0.999656 -0.023991 14.459700 -0.286700 0.026023 0.957667 0.000000 0.000000 0.000000 0.000000 1.000000
0.959812 0.002996 0.280626 0.000000 0.005898 0.999507 -0.030844 14.459700 -0.280580 0.031260 0.959321 -0.000000 0.000000 0.000000 0.000000 1.000000
0.962108 0.006859 0.272584 0.000000 0.004218 0.999190 -0.040028 14.459700 -0.272637 0.039661 0.961299 0.000000 0.000000 0.000000 0.000000 1.000000
0.964046 0.012809 0.265425 0.000000 -0.000694 0.998956 -0.045688 14.459700 -0.265733 0.043861 0.963048 0.000000 0.000000 0.000000 0.000000 1.000000
0.970105 0.011973 0.242388 -0.000000 0.000919 0.998594 -0.053004 14.459700 -0.242682 0.051643 0.968730 0.000000 0.000000 0.000000 0.000000 1.000000
0.974339 0.010319 0.224849 0.000000 0.002068 0.998496 -0.054782 14.459700 -0.225076 0.053841 0.972853 0.000000 0.000000 0.000000 0.000000 1.000000
0.979859 0.018430 0.198836 0.000000 -0.007388 0.998396 -0.056135 14.459700 -0.199552 0.053535 0.978424 -0.000000 0.000000 0.000000 0.000000 1.000000
0.982000 0.027126 0.186924 0.000000 -0.015054 0.997726 -0.065703 14.459700 -0.188281 0.061706 0.980175 -0.000000 0.000000 0.000000 0.000000 1.000000
0.984533 0.039077 0.170787 0.000000 -0.027878 0.997331 -0.067488 14.459700 -0.172969 0.061683 0.982994 0.000000 0.000000 0.000000 0.000000 1.000000
0.988589 0.061277 0.137609 0.000000 -0.051428 0.995930 -0.074021 14.459700 -0.141584 0.066099 0.987717 0.000000 0.000000 0.000000 0.000000 1.000000
0.992299 0.074966 0.098605 0.000000 -0.066720 0.994194 -0.084425 14.459700 -0.104361 0.077196 0.991539 0.000000 0.000000 0.000000 0.000000 1.000000
0.994355 0.081798 0.067584 -0.000000 -0.075317 0.992771 -0.093447 14.459700 -0.074739 0.087829 0.993328 -0.000000 0.000000 0.000000 0.000000 1.000000
0.994927 0.088679 0.047495 0.000000 -0.083416 0.991156 -0.103203 14.459700 -0.056227 0.098718 0.993526 0.000000 0.000000 0.000000 0.000000 1.000000
0.995336 0.091743 0.029833 0.000000 -0.087810 0.989628 -0.113689 14.459700 -0.039954 0.110540 0.993068 -0.000000 0.000000 0.000000 0.000000 1.000000
0.995231 0.095111 0.021654 0.000000 -0.091759 0.988159 -0.122970 14.459700 -0.033094 0.120397 0.992174 0.000000 0.000000 0.000000 0.000000 1.000000
0.995260 0.096159 0.014525 0.000000 -0.093460 0.987033 -0.130500 14.459700 -0.026886 0.128524 0.991342 0.000000 0.000000 0.000000 0.000000 1.000000
0.995358 0.095942 0.007613 0.000000 -0.094026 0.986265 -0.135792 14.459700 -0.020537 0.134446 0.990708 -0.000000 0.000000 0.000000 0.000000 1.000000
0.995369 0.096086 0.002931 0.000000 -0.094713 0.985445 -0.141164 14.459700 -0.016452 0.140232 0.989982 -0.000000 0.000000 0.000000 0.000000 1.000000
0.995324 0.096587 0.000701 0.000000 -0.095482 0.984982 -0.143853 14.459700 -0.014585 0.143113 0.989599 -0.000000 0.000000 0.000000 0.000000 1.000000
0.995245 0.097405 -0.000349 -0.000000 -0.096397 0.984423 -0.147031 14.459700 -0.013978 0.146366 0.989132 -0.000000 0.000000 0.000000 0.000000 1.000000</float_array>
        <technique_common>
          <accessor source="#mixamorig_Spine2-Matrix-animation-output-transform-array" count="35" stride="16">
            <param type="float4x4"/>
          </accessor>
        </technique_common>
      </source>
      <source id="mixamorig_Spine2-Interpolations">
        <Name_array id="mixamorig_Spine2-Interpolations-array" count="35">
 LINEAR LINEAR LINEAR LINEAR LINEAR LINEAR LINEAR LINEAR LINEAR LINEAR LINEAR
LINEAR LINEAR LINEAR LINEAR LINEAR LINEAR LINEAR LINEAR LINEAR LINEAR LINEAR LINEAR
LINEAR LINEAR LINEAR LINEAR LINEAR LINEAR LINEAR LINEAR LINEAR LINEAR LINEAR LINEAR</Name_array>
        <technique_common>
          <accessor source="#mixamorig_Spine2-Interpolations-array" count="35">
            <param type="name"/>
          </accessor>
        </technique_common>
      </source>
      <sampler id="mixamorig_Spine2-Matrix-animation-transform">
        <input semantic="INPUT" source="#mixamorig_Spine2-Matrix-animation-input"/>
        <input semantic="OUTPUT" source="#mixamorig_Spine2-Matrix-animation-output-transform"/>
        <input semantic="INTERPOLATION" source="#mixamorig_Spine2-Interpolations"/>
      </sampler>
      <channel source="#mixamorig_Spine2-Matrix-animation-transform" target="mixamorig_Spine2/matrix"/>
    </animation>
    <animation id="mixamorig_Neck-anim" name="mixamorig_Neck">
      <source id="mixamorig_Neck-Matrix-animation-input">
        <float_array id="mixamorig_Neck-Matrix-animation-input-array" count="35">

0.000000 0.033333 0.066667 0.100000 0.133333 0.166667 0.200000 0.233333 0.266667 0.300000 0.333333 0.366667 0.400000 0.433333 0.466667 0.500000
0.533333 0.566667 0.600000 0.633333 0.666667 0.700000 0.733333 0.766667 0.800000 0.833333 0.866667 0.900000 0.933333 0.966667 1.000000 1.033333
1.066667 1.100000 1.133333</float_array>
        <technique_common>
          <accessor source="#mixamorig_Neck-Matrix-animation-input-array" count="35">
            <param name="TIME" type="float"/>
          </accessor>
        </technique_common>
      </source>
      <source id="mixamorig_Neck-Matrix-animation-output-transform">
        <float_array id="mixamorig_Neck-Matrix-animation-output-transform-array" count="560">

0.885581 -0.193002 0.422488 0.000000 0.039949 0.937862 0.344700 16.135700 -0.462763 -0.288382 0.838264 0.000000 0.000000 0.000000 0.000000 1.000000
0.883424 -0.188740 0.428881 -0.000000 0.045435 0.945480 0.322494 16.135700 -0.466366 -0.265413 0.843836 0.000000 0.000000 0.000000 0.000000 1.000000
0.879038 -0.172069 0.444617 0.000000 0.027909 0.949570 0.312311 16.135700 -0.475934 -0.262124 0.839511 0.000000 0.000000 0.000000 0.000000 1.000000
0.864263 -0.164424 0.475410 -0.000000 0.021229 0.956152 0.292100 16.135700 -0.502593 -0.242359 0.829857 0.000000 0.000000 0.000000 0.000000 1.000000
0.839971 -0.182360 0.511071 0.000000 0.057849 0.966565 0.249811 16.135700 -0.539539 -0.180269 0.822436 -0.000000 0.000000 0.000000 0.000000 1.000000
0.809536 -0.213357 0.546929 -0.000000 0.078692 0.962652 0.259054 16.135700 -0.581773 -0.166674 0.796090 0.000000 0.000000 0.000000 0.000000 1.000000
0.790420 -0.280338 0.544653 0.000000 0.143625 0.949163 0.280109 16.135700 -0.595490 -0.143178 0.790501 0.000000 0.000000 0.000000 0.000000 1.000000
0.788272 -0.320054 0.525541 0.000000 0.206713 0.942185 0.263736 16.135700 -0.579567 -0.099259 0.808857 0.000000 0.000000 0.000000 0.000000 1.000000
0.812383 -0.333416 0.478402 0.000000 0.257926 0.941249 0.218002 16.135700 -0.522980 -0.053709 0.850651 -0.000000 0.000000 0.000000 0.000000 1.000000
0.923616 -0.238434 0.300138 0.000000 0.177405 0.959985 0.216696 16.135700 -0.339796 -0.146898 0.928956 0.000000 0.000000 0.000000 0.000000 1.000000
0.995579 -0.091948 0.019165 -0.000000 0.086533 0.977277 0.193501 16.135700 -0.036521 -0.190987 0.980913 0.000000 0.000000 0.000000 0.000000 1.000000
0.966564 0.073448 -0.245681 0.000000 -0.037876 0.988485 0.146499 16.135700 0.253612 -0.132295 0.958217 0.000000 0.000000 0.000000 0.000000 1.000000
0.887673 0.041248 -0.458624 0.000000 -0.059433 0.997912 -0.025284 16.135700 0.456624 0.049701 0.888271 -0.000000 0.000000 0.000000 0.000000 1.000000
0.857672 0.031002 -0.513262 0.000000 -0.135488 0.976532 -0.167418 16.135700 0.496026 0.213131 0.841744 0.000000 0.000000 0.000000 0.000000 1.000000
0.833238 -0.084449 -0.546427 -0.000000 -0.101319 0.948213 -0.301044 16.135700 0.543551 0.306204 0.781531 0.000000 0.000000 0.000000 0.000000 1.000000
0.818628 -0.114113 -0.562874 0.000000 -0.100878 0.936256 -0.336523 16.135700 0.565396 0.332269 0.754934 -0.000000 0.000000 0.000000 0.000000 1.000000
0.818086 -0.086788 -0.568510 -0.000000 -0.129448 0.935390 -0.329072 16.135700 0.560338 0.342802 0.753994 -0.000000 0.000000 0.000000 0.000000 1.000000
0.817088 -0.090905 -0.569300 0.000000 -0.124494 0.936369 -0.328199 16.135700 0.562910 0.339043 0.753779 0.000000 0.000000 0.000000 0.000000 1.000000
0.822709 -0.108765 -0.557961 -0.000000 -0.089382 0.944566 -0.315920 16.135700 0.561392 0.309782 0.767381 0.000000 0.000000 0.000000 0.000000 1.000000
0.847348 -0.003606 -0.531026 0.000000 -0.119785 0.972907 -0.197745 16.135700 0.517352 0.231168 0.823959 -0.000000 0.000000 0.000000 0.000000 1.000000
0.898099 0.001086 -0.439792 -0.000000 -0.080923 0.983331 -0.162824 16.135700 0.432284 0.181821 0.883216 0.000000 0.000000 0.000000 0.000000 1.000000
0.955540 -0.036777 -0.292558 0.000000 -0.003966 0.990499 -0.137465 16.135700 0.294834 0.132514 0.946315 -0.000000 0.000000 0.000000 0.000000 1.000000
0.990117 -0.022502 -0.138430 -0.000000 0.009152 0.995307 -0.096330 16.135700 0.139948 0.094111 0.985676 0.000000 0.000000 0.000000 0.000000 1.000000
0.999824 -0.002654 -0.018549 0.000000 0.002022 0.999419 -0.034015 16.135700 0.018628 0.033971 0.999249 -0.000000 0.000000 0.000000 0.000000 1.000000
0.992575 -0.003961 0.121572 -0.000000 -0.000654 0.999281 0.037899 16.135700 -0.121635 -0.037697 0.991859 0.000000 0.000000 0.000000 0.000000 1.000000
0.968806 -0.048101 0.243108 -0.000000 0.017798 0.991954 0.125338 16.135700 -0.247181 -0.117102 0.961867 0.000000 0.000000 0.000000 0.000000 1.000000
0.945167 -0.081862 0.316162 0.000000 0.026742 0.984224 0.174894 16.135700 -0.325492 -0.156849 0.932445 0.000000 0.000000 0.000000 0.000000 1.000000
0.922043 -0.110115 0.371094 0.000000 0.029711 0.975989 0.215784 16.135700 -0.385945 -0.187936 0.903176 -0.000000 0.000000 0.000000 0.000000 1.000000
0.904281 -0.133064 0.405672 -0.000000 0.029448 0.967367 0.251662 16.135700 -0.425921 -0.215627 0.878690 0.000000 0.000000 0.000000 0.000000 1.000000
0.892922 -0.151666 0.423897 0.000000 0.028915 0.958924 0.282185 16.135700 -0.449283 -0.239712 0.860629 0.000000 0.000000 0.000000 0.000000 1.000000
0.886543 -0.166604 0.431607 0.000000 0.029603 0.951426 0.306452 16.135700 -0.461698 -0.258906 0.848412 -0.000000 0.000000 0.000000 0.000000 1.000000
0.884054 -0.177952 0.432183 0.000000 0.031699 0.945381 0.324422 16.135700 -0.466309 -0.273106 0.841409 0.000000 0.000000 0.000000 0.000000 1.000000
0.884025 -0.185959 0.428859 0.000000 0.035048 0.941248 0.335893 16.135700 -0.466125 -0.281907 0.838604 0.000000 0.000000 0.000000 0.000000 1.000000
0.884994 -0.190724 0.424746 0.000000 0.038759 0.939264 0.341001 16.135700 -0.463986 -0.285321 0.838635 0.000000 0.000000 0.000000 0.000000 1.000000
0.885581 -0.193003 0.422488 0.000000 0.039951 0.937863 0.344698 16.135700 -0.462764 -0.288379 0.838264 0.000000 0.000000 0.000000 0.000000 1.000000</float_array>
        <technique_common>
          <accessor source="#mixamorig_Neck-Matrix-animation-output-transform-array" count="35" stride="16">
            <param type="float4x4"/>
          </accessor>
        </technique_common>
      </source>
      <source id="mixamorig_Neck-Interpolations">
        <Name_array id="mixamorig_Neck-Interpolations-array" count="35">
 LINEAR LINEAR LINEAR LINEAR LINEAR LINEAR LINEAR LINEAR LINEAR LINEAR LINEAR
LINEAR LINEAR LINEAR LINEAR LINEAR LINEAR LINEAR LINEAR LINEAR LINEAR LINEAR LINEAR
LINEAR LINEAR LINEAR LINEAR LINEAR LINEAR LINEAR LINEAR LINEAR LINEAR LINEAR LINEAR</Name_array>
        <technique_common>
          <accessor source="#mixamorig_Neck-Interpolations-array" count="35">
            <param type="name"/>
          </accessor>
        </technique_common>
      </source>
      <sampler id="mixamorig_Neck-Matrix-animation-transform">
        <input semantic="INPUT" source="#mixamorig_Neck-Matrix-animation-input"/>
        <input semantic="OUTPUT" source="#mixamorig_Neck-Matrix-animation-output-transform"/>
        <input semantic="INTERPOLATION" source="#mixamorig_Neck-Interpolations"/>
      </sampler>
      <channel source="#mixamorig_Neck-Matrix-animation-transform" target="mixamorig_Neck/matrix"/>
    </animation>
    <animation id="mixamorig_Head-anim" name="mixamorig_Head">
      <source id="mixamorig_Head-Matrix-animation-input">
        <float_array id="mixamorig_Head-Matrix-animation-input-array" count="35">

0.000000 0.033333 0.066667 0.100000 0.133333 0.166667 0.200000 0.233333 0.266667 0.300000 0.333333 0.366667 0.400000 0.433333 0.466667 0.500000
0.533333 0.566667 0.600000 0.633333 0.666667 0.700000 0.733333 0.766667 0.800000 0.833333 0.866667 0.900000 0.933333 0.966667 1.000000 1.033333
1.066667 1.100000 1.133333</float_array>
        <technique_common>
          <accessor source="#mixamorig_Head-Matrix-animation-input-array" count="35">
            <param name="TIME" type="float"/>
          </accessor>
        </technique_common>
      </source>
      <source id="mixamorig_Head-Matrix-animation-output-transform">
        <float_array id="mixamorig_Head-Matrix-animation-output-transform-array" count="560">

0.901496 0.115239 0.417163 0.000000 -0.053309 0.986125 -0.157211 6.791300 -0.429492 0.119487 0.895131 -0.000000 0.000000 0.000000 0.000000 1.000000
0.894627 0.118630 0.430777 0.000000 -0.052554 0.985356 -0.162210 6.791300 -0.443712 0.122478 0.887761 0.000000 0.000000 0.000000 0.000000 1.000000
0.885601 0.135489 0.444245 -0.000000 -0.066359 0.983602 -0.167699 6.791300 -0.459682 0.119034 0.880070 0.000000 0.000000 0.000000 0.000000 1.000000
0.864301 0.202317 0.460490 0.000000 -0.106756 0.968464 -0.225124 6.791300 -0.491515 0.145415 0.858643 0.000000 0.000000 0.000000 0.000000 1.000000
0.821774 0.315897 0.474232 0.000000 -0.162578 0.927650 -0.336205 6.791300 -0.546128 0.199185 0.813677 0.000000 0.000000 0.000000 0.000000 1.000000
0.770285 0.410670 0.487864 0.000000 -0.189866 0.878034 -0.439325 6.791300 -0.608778 0.245777 0.754309 0.000000 0.000000 0.000000 0.000000 1.000000
0.720517 0.476941 0.503372 0.000000 -0.218398 0.845043 -0.488062 6.791300 -0.658147 0.241721 0.713031 -0.000000 0.000000 0.000000 0.000000 1.000000
0.692903 0.518869 0.500660 0.000000 -0.261427 0.827908 -0.496209 6.791300 -0.671968 0.212939 0.709307 0.000000 0.000000 0.000000 0.000000 1.000000
0.706917 0.528203 0.470393 0.000000 -0.314588 0.830459 -0.459752 6.791300 -0.633485 0.177026 0.753232 0.000000 0.000000 0.000000 0.000000 1.000000
0.823224 0.478454 0.305587 0.000000 -0.373206 0.861705 -0.343777 6.791300 -0.427807 0.168958 0.887938 -0.000000 0.000000 0.000000 0.000000 1.000000
0.933220 0.356350 0.045977 -0.000000 -0.343069 0.921758 -0.180737 6.791300 -0.106786 0.152894 0.982456 -0.000000 0.000000 0.000000 0.000000 1.000000
0.966633 0.061343 -0.248714 -0.000000 -0.087362 0.991641 -0.094957 6.791300 0.240810 0.113517 0.963911 0.000000 0.000000 0.000000 0.000000 1.000000
0.890035 -0.048343 -0.453321 -0.000000 0.050064 0.998712 -0.008210 6.791300 0.453134 -0.015388 0.891310 -0.000000 0.000000 0.000000 0.000000 1.000000
0.853564 -0.053986 -0.518183 0.000000 0.097053 0.993683 0.056342 6.791300 0.511868 -0.098383 0.853412 0.000000 0.000000 0.000000 0.000000 1.000000
0.834983 -0.040710 -0.548767 0.000000 0.120599 0.986553 0.110311 6.791300 0.536898 -0.158289 0.828665 -0.000000 0.000000 0.000000 0.000000 1.000000
0.824249 -0.028027 -0.565534 0.000000 0.147964 0.974732 0.167347 6.791300 0.546553 -0.221614 0.807568 -0.000000 0.000000 0.000000 0.000000 1.000000
0.813978 -0.046670 -0.579018 0.000000 0.188131 0.964225 0.186754 6.791300 0.549588 -0.260945 0.793638 0.000000 0.000000 0.000000 0.000000 1.000000
0.812302 -0.052023 -0.580912 0.000000 0.201382 0.959775 0.195645 6.791300 0.547367 -0.275908 0.790104 0.000000 0.000000 0.000000 0.000000 1.000000
0.819705 -0.068375 -0.568690 0.000000 0.211208 0.958968 0.189135 6.791300 0.532423 -0.275146 0.800512 -0.000000 0.000000 0.000000 0.000000 1.000000
0.821906 -0.116718 -0.557538 0.000000 0.256313 0.949876 0.178997 6.791300 0.508699 -0.290022 0.810625 -0.000000 0.000000 0.000000 0.000000 1.000000
0.876131 -0.109743 -0.469415 0.000000 0.228195 0.952151 0.203310 6.791300 0.424642 -0.285244 0.859252 -0.000000 0.000000 0.000000 0.000000 1.000000
0.954713 -0.022998 -0.296640 0.000000 0.097326 0.966298 0.238318 6.791300 0.281161 -0.256396 0.924775 0.000000 0.000000 0.000000 0.000000 1.000000
0.989807 0.048248 -0.133996 0.000000 -0.016260 0.973000 0.230233 6.791300 0.141486 -0.225708 0.963866 -0.000000 0.000000 0.000000 0.000000 1.000000
0.996623 0.080093 -0.018128 -0.000000 -0.075381 0.979853 0.184945 6.791300 0.032576 -0.182954 0.982582 0.000000 0.000000 0.000000 0.000000 1.000000
0.992101 0.066753 0.106210 0.000000 -0.079750 0.989166 0.123247 6.791300 -0.096832 -0.130744 0.986676 0.000000 0.000000 0.000000 0.000000 1.000000
0.971772 0.064264 0.227001 0.000000 -0.076838 0.995936 0.046988 6.791300 -0.223059 -0.063104 0.972760 0.000000 0.000000 0.000000 0.000000 1.000000
0.950168 0.069432 0.303908 -0.000000 -0.074922 0.997169 0.006425 6.791300 -0.302601 -0.028874 0.952680 0.000000 0.000000 0.000000 0.000000 1.000000
0.929256 0.073421 0.362067 -0.000000 -0.068837 0.997300 -0.025562 6.791300 -0.362967 -0.001170 0.931801 -0.000000 0.000000 0.000000 0.000000 1.000000
0.913389 0.078588 0.399430 0.000000 -0.063640 0.996691 -0.050570 6.791300 -0.402082 0.020770 0.915368 -0.000000 0.000000 0.000000 0.000000 1.000000
0.903621 0.084601 0.419894 -0.000000 -0.060291 0.995663 -0.070859 6.791300 -0.424068 0.038714 0.904803 0.000000 0.000000 0.000000 0.000000 1.000000
0.898672 0.090737 0.429133 0.000000 -0.058211 0.994387 -0.088353 6.791300 -0.434741 0.054420 0.898910 0.000000 0.000000 0.000000 0.000000 1.000000
0.897423 0.096892 0.430400 0.000000 -0.057112 0.992890 -0.104437 6.791300 -0.437459 0.069143 0.896576 -0.000000 0.000000 0.000000 0.000000 1.000000
0.898464 0.103037 0.426786 -0.000000 -0.056482 0.991120 -0.120377 6.791300 -0.435399 0.084048 0.896305 -0.000000 0.000000 0.000000 0.000000 1.000000
0.900294 0.109144 0.421376 -0.000000 -0.055516 0.988939 -0.137540 6.791300 -0.431727 0.100433 0.896396 0.000000 0.000000 0.000000 0.000000 1.000000
0.901527 0.115225 0.417101 -0.000000 -0.053307 0.986127 -0.157202 6.791300 -0.429428 0.119488 0.895162 -0.000000 0.000000 0.000000 0.000000 1.000000</float_array>
        <technique_common>
          <accessor source="#mixamorig_Head-Matrix-animation-output-transform-array" count="35" stride="16">
            <param type="float4x4"/>
          </accessor>
        </technique_common>
      </source>
      <source id="mixamorig_Head-Interpolations">
        <Name_array id="mixamorig_Head-Interpolations-array" count="35">
 LINEAR LINEAR LINEAR LINEAR LINEAR LINEAR LINEAR LINEAR LINEAR LINEAR LINEAR
LINEAR LINEAR LINEAR LINEAR LINEAR LINEAR LINEAR LINEAR LINEAR LINEAR LINEAR LINEAR
LINEAR LINEAR LINEAR LINEAR LINEAR LINEAR LINEAR LINEAR LINEAR LINEAR LINEAR LINEAR</Name_array>
        <technique_common>
          <accessor source="#mixamorig_Head-Interpolations-array" count="35">
            <param type="name"/>
          </accessor>
        </technique_common>
      </source>
      <sampler id="mixamorig_Head-Matrix-animation-transform">
        <input semantic="INPUT" source="#mixamorig_Head-Matrix-animation-input"/>
        <input semantic="OUTPUT" source="#mixamorig_Head-Matrix-animation-output-transform"/>
        <input semantic="INTERPOLATION" source="#mixamorig_Head-Interpolations"/>
      </sampler>
      <channel source="#mixamorig_Head-Matrix-animation-transform" target="mixamorig_Head/matrix"/>
    </animation>
    <animation id="mixamorig_LeftShoulder-anim" name="mixamorig_LeftShoulder">
      <source id="mixamorig_LeftShoulder-Matrix-animation-input">
        <float_array id="mixamorig_LeftShoulder-Matrix-animation-input-array" count="35">

0.000000 0.033333 0.066667 0.100000 0.133333 0.166667 0.200000 0.233333 0.266667 0.300000 0.333333 0.366667 0.400000 0.433333 0.466667 0.500000
0.533333 0.566667 0.600000 0.633333 0.666667 0.700000 0.733333 0.766667 0.800000 0.833333 0.866667 0.900000 0.933333 0.966667 1.000000 1.033333
1.066667 1.100000 1.133333</float_array>
        <technique_common>
          <accessor source="#mixamorig_LeftShoulder-Matrix-animation-input-array" count="35">
            <param name="TIME" type="float"/>
          </accessor>
        </technique_common>
      </source>
      <source id="mixamorig_LeftShoulder-Matrix-animation-output-transform">
        <float_array id="mixamorig_LeftShoulder-Matrix-animation-output-transform-array" count="560">

0.209755 0.819834 -0.532799 11.022900 -0.119705 -0.519290 -0.846173 13.234400 -0.970399 0.241267 -0.010786 -1.554100 0.000000 0.000000 0.000000 1.000000
0.208396 0.818155 -0.535905 11.022900 -0.114778 -0.523691 -0.844141 13.234400 -0.971286 0.237426 -0.015229 -1.554100 0.000000 0.000000 0.000000 1.000000
0.213294 0.796368 -0.565954 11.022900 -0.119475 -0.553675 -0.824118 13.234400 -0.969655 0.243397 -0.022949 -1.554100 0.000000 0.000000 0.000000 1.000000
0.195708 0.785472 -0.587139 11.022900 -0.122710 -0.574397 -0.809327 13.234400 -0.972955 0.230440 -0.016029 -1.554100 0.000000 0.000000 0.000000 1.000000
0.204370 0.790858 -0.576867 11.022900 -0.123125 -0.563857 -0.816643 13.234400 -0.971120 0.237924 -0.017861 -1.554100 0.000000 0.000000 0.000000 1.000000
0.239073 0.799595 -0.550901 11.022900 -0.116396 -0.539663 -0.833796 13.234400 -0.964000 0.263461 -0.035949 -1.554100 0.000000 0.000000 0.000000 1.000000
0.284971 0.848142 -0.446595 11.022900 -0.090988 -0.439874 -0.893438 13.234400 -0.954208 0.295239 -0.048181 -1.554100 0.000000 0.000000 0.000000 1.000000
0.312242 0.861188 -0.401075 11.022900 -0.080210 -0.396777 -0.914404 13.234400 -0.946610 0.317686 -0.054815 -1.554100 0.000000 0.000000 0.000000 1.000000
0.333223 0.854071 -0.399406 11.022900 -0.084363 -0.394908 -0.914839 13.234400 -0.939066 0.338541 -0.059540 -1.554100 0.000000 0.000000 0.000000 1.000000
0.332523 0.842227 -0.424360 11.022900 -0.099388 -0.416165 -0.903841 13.234400 -0.937843 0.342724 -0.054677 -1.554100 0.000000 0.000000 0.000000 1.000000
0.313174 0.842115 -0.439049 11.022900 -0.113881 -0.425669 -0.897684 13.234400 -0.942843 0.331130 -0.037408 -1.554100 0.000000 0.000000 0.000000 1.000000
0.303766 0.810849 -0.500250 11.022900 -0.136019 -0.482774 -0.865117 13.234400 -0.942988 0.330836 -0.036360 -1.554100 0.000000 0.000000 0.000000 1.000000
0.264232 0.812695 -0.519335 11.022900 -0.144821 -0.498934 -0.854454 13.234400 -0.953524 0.300985 -0.014139 -1.554100 0.000000 0.000000 0.000000 1.000000
0.223942 0.819876 -0.526928 11.022900 -0.144760 -0.506681 -0.849894 13.234400 -0.963792 0.266605 0.005218 -1.554100 0.000000 0.000000 0.000000 1.000000
0.188756 0.828395 -0.527383 11.022900 -0.078881 -0.522512 -0.848975 13.234400 -0.978851 0.201850 -0.033283 -1.554100 0.000000 0.000000 0.000000 1.000000
0.151789 0.833453 -0.531335 11.022900 0.002273 -0.537856 -0.843033 13.234400 -0.988410 0.126755 -0.083535 -1.554100 0.000000 0.000000 0.000000 1.000000
0.108691 0.837428 -0.535630 11.022900 0.044555 -0.542385 -0.838948 13.234400 -0.993077 0.067321 -0.096264 -1.554100 0.000000 0.000000 0.000000 1.000000
0.061530 0.841588 -0.536604 11.022900 0.041732 -0.539322 -0.841065 13.234400 -0.997232 0.029357 -0.068305 -1.554100 0.000000 0.000000 0.000000 1.000000
0.016058 0.846602 -0.531984 11.022900 0.033232 -0.532211 -0.845959 13.234400 -0.999319 -0.004094 -0.036681 -1.554100 0.000000 0.000000 0.000000 1.000000
-0.030281 0.851829 -0.522945 11.022900 0.020033 -0.522562 -0.852366 13.234400 -0.999341 -0.036287 -0.001241 -1.554100 0.000000 0.000000 0.000000 1.000000
-0.057733 0.859658 -0.507597 11.022900 0.003070 -0.508290 -0.861181 13.234400 -0.998327 -0.051277 0.026706 -1.554100 0.000000 0.000000 0.000000 1.000000
-0.078485 0.867146 -0.491831 11.022900 -0.015792 -0.494373 -0.869107 13.234400 -0.996790 -0.060444 0.052495 -1.554100 0.000000 0.000000 0.000000 1.000000
-0.062286 0.869171 -0.490573 11.022900 -0.032264 -0.493024 -0.869417 13.234400 -0.997537 -0.038325 0.058751 -1.554100 0.000000 0.000000 0.000000 1.000000
-0.027983 0.858387 -0.512240 11.022900 -0.051199 -0.512998 -0.856861 13.234400 -0.998296 0.002249 0.058303 -1.554100 0.000000 0.000000 0.000000 1.000000
-0.008402 0.853368 -0.521242 11.022900 -0.070673 -0.520464 -0.850954 13.234400 -0.997464 0.029688 0.064683 -1.554100 0.000000 0.000000 0.000000 1.000000
0.039628 0.851941 -0.522137 11.022900 -0.087910 -0.517549 -0.851126 13.234400 -0.995340 0.079629 0.054385 -1.554100 0.000000 0.000000 0.000000 1.000000
0.094463 0.859474 -0.502375 11.022900 -0.099813 -0.493913 -0.863764 13.234400 -0.990512 0.131737 0.039130 -1.554100 0.000000 0.000000 0.000000 1.000000
0.151840 0.862603 -0.482556 11.022900 -0.106784 -0.471043 -0.875623 13.234400 -0.982620 0.184484 0.020589 -1.554100 0.000000 0.000000 0.000000 1.000000
0.171808 0.871338 -0.459622 11.022900 -0.109022 -0.446876 -0.887928 13.234400 -0.979079 0.202662 0.018218 -1.554100 0.000000 0.000000 0.000000 1.000000
0.196355 0.867314 -0.457396 11.022900 -0.107579 -0.444605 -0.889243 13.234400 -0.974614 0.223813 0.006004 -1.554100 0.000000 0.000000 0.000000 1.000000
0.212107 0.847022 -0.487405 11.022900 -0.109924 -0.474909 -0.873143 13.234400 -0.971044 0.238777 -0.007624 -1.554100 0.000000 0.000000 0.000000 1.000000
0.220176 0.833859 -0.506163 11.022900 -0.111154 -0.494070 -0.862288 13.234400 -0.969106 0.246117 -0.016095 -1.554100 0.000000 0.000000 0.000000 1.000000
0.211673 0.825636 -0.522991 11.022900 -0.112462 -0.510985 -0.852201 13.234400 -0.970849 0.239205 -0.015309 -1.554100 0.000000 0.000000 0.000000 1.000000
0.209596 0.821895 -0.529677 11.022900 -0.113246 -0.517659 -0.848059 13.234400 -0.971208 0.237734 -0.015423 -1.554100 0.000000 0.000000 0.000000 1.000000
0.209862 0.819828 -0.532766 11.022900 -0.119706 -0.519257 -0.846193 13.234400 -0.970375 0.241359 -0.010834 -1.554100 0.000000 0.000000 0.000000 1.000000</float_array>
        <technique_common>
          <accessor source="#mixamorig_LeftShoulder-Matrix-animation-output-transform-array" count="35" stride="16">
            <param type="float4x4"/>
          </accessor>
        </technique_common>
      </source>
      <source id="mixamorig_LeftShoulder-Interpolations">
        <Name_array id="mixamorig_LeftShoulder-Interpolations-array" count="35">
 LINEAR LINEAR LINEAR LINEAR LINEAR LINEAR LINEAR LINEAR LINEAR LINEAR LINEAR
LINEAR LINEAR LINEAR LINEAR LINEAR LINEAR LINEAR LINEAR LINEAR LINEAR LINEAR LINEAR
LINEAR LINEAR LINEAR LINEAR LINEAR LINEAR LINEAR LINEAR LINEAR LINEAR LINEAR LINEAR</Name_array>
        <technique_common>
          <accessor source="#mixamorig_LeftShoulder-Interpolations-array" count="35">
            <param type="name"/>
          </accessor>
        </technique_common>
      </source>
      <sampler id="mixamorig_LeftShoulder-Matrix-animation-transform">
        <input semantic="INPUT" source="#mixamorig_LeftShoulder-Matrix-animation-input"/>
        <input semantic="OUTPUT" source="#mixamorig_LeftShoulder-Matrix-animation-output-transform"/>
        <input semantic="INTERPOLATION" source="#mixamorig_LeftShoulder-Interpolations"/>
      </sampler>
      <channel source="#mixamorig_LeftShoulder-Matrix-animation-transform" target="mixamorig_LeftShoulder/matrix"/>
    </animation>
    <animation id="mixamorig_LeftArm-anim" name="mixamorig_LeftArm">
      <source id="mixamorig_LeftArm-Matrix-animation-input">
        <float_array id="mixamorig_LeftArm-Matrix-animation-input-array" count="35">

0.000000 0.033333 0.066667 0.100000 0.133333 0.166667 0.200000 0.233333 0.266667 0.300000 0.333333 0.366667 0.400000 0.433333 0.466667 0.500000
0.533333 0.566667 0.600000 0.633333 0.666667 0.700000 0.733333 0.766667 0.800000 0.833333 0.866667 0.900000 0.933333 0.966667 1.000000 1.033333
1.066667 1.100000 1.133333</float_array>
        <technique_common>
          <accessor source="#mixamorig_LeftArm-Matrix-animation-input-array" count="35">
            <param name="TIME" type="float"/>
          </accessor>
        </technique_common>
      </source>
      <source id="mixamorig_LeftArm-Matrix-animation-output-transform">
        <float_array id="mixamorig_LeftArm-Matrix-animation-output-transform-array" count="560">

0.903310 -0.097364 -0.417793 0.000000 0.025810 0.984474 -0.173621 16.551600 0.428211 0.146051 0.891799 -0.000000 0.000000 0.000000 0.000000 1.000000
0.899431 -0.097090 -0.426142 0.000000 0.025740 0.985089 -0.170109 16.551600 0.436303 0.142033 0.888519 -0.000000 0.000000 0.000000 0.000000 1.000000
0.888114 -0.077128 -0.453105 0.000000 0.006654 0.987874 -0.155115 16.551600 0.459574 0.134745 0.877858 0.000000 0.000000 0.000000 0.000000 1.000000
0.878117 -0.031538 -0.477405 0.000000 -0.050070 0.986288 -0.157253 16.551600 0.475818 0.161990 0.864498 0.000000 0.000000 0.000000 0.000000 1.000000
0.875739 0.070091 -0.477670 0.000000 -0.138757 0.984201 -0.109975 16.551600 0.462415 0.162589 0.871629 -0.000000 0.000000 0.000000 0.000000 1.000000
0.909146 0.134538 -0.394149 0.000000 -0.165522 0.985155 -0.045524 16.551600 0.382173 0.106628 0.917918 0.000000 0.000000 0.000000 0.000000 1.000000
0.947676 0.214065 -0.236825 0.000000 -0.210438 0.976755 0.040798 16.551600 0.240054 0.011174 0.970695 0.000000 0.000000 0.000000 0.000000 1.000000
0.914712 0.306816 -0.262996 0.000000 -0.214147 0.919940 0.328407 16.551600 0.342701 -0.244078 0.907183 0.000000 0.000000 0.000000 0.000000 1.000000
0.888722 0.361614 -0.281794 -0.000000 -0.178399 0.839013 0.514034 16.551600 0.422311 -0.406562 0.810161 0.000000 0.000000 0.000000 0.000000 1.000000
0.957273 0.223063 -0.184041 0.000000 -0.129886 0.900251 0.415545 16.551600 0.258376 -0.373886 0.890759 0.000000 0.000000 0.000000 0.000000 1.000000
0.979890 0.164771 -0.112545 0.000000 -0.180038 0.973266 -0.142620 16.551600 0.086037 0.160014 0.983358 0.000000 0.000000 0.000000 0.000000 1.000000
0.845127 0.529767 -0.071470 0.000000 -0.519832 0.845628 0.121196 16.551600 0.124643 -0.065274 0.990052 0.000000 0.000000 0.000000 0.000000 1.000000
0.931971 0.312903 -0.183087 -0.000000 -0.275092 0.939306 0.205007 16.551600 0.236123 -0.140695 0.961484 0.000000 0.000000 0.000000 0.000000 1.000000
0.922948 0.204094 -0.326364 -0.000000 -0.141155 0.968250 0.206318 16.551600 0.358110 -0.144353 0.922453 0.000000 0.000000 0.000000 0.000000 1.000000
0.835133 -0.067071 -0.545944 0.000000 0.095818 0.995102 0.024321 16.551600 0.541638 -0.072622 0.837469 0.000000 0.000000 0.000000 0.000000 1.000000
0.662480 -0.286319 -0.692200 0.000000 0.236046 0.956783 -0.169850 16.551600 0.710916 -0.050869 0.701434 -0.000000 0.000000 0.000000 0.000000 1.000000
0.639338 -0.286950 -0.713376 0.000000 0.213069 0.957541 -0.194208 16.551600 0.738815 -0.027834 0.673333 -0.000000 0.000000 0.000000 0.000000 1.000000
0.758403 -0.225160 -0.611660 0.000000 0.186485 0.974165 -0.127378 16.551600 0.624538 -0.017462 0.780799 0.000000 0.000000 0.000000 0.000000 1.000000
0.878342 -0.029535 -0.477119 0.000000 0.025210 0.999563 -0.015465 16.551600 0.477367 0.001555 0.878703 -0.000000 0.000000 0.000000 0.000000 1.000000
0.909363 0.248375 -0.333720 -0.000000 -0.250879 0.967337 0.036324 16.551600 0.331841 0.050692 0.941972 0.000000 0.000000 0.000000 0.000000 1.000000
0.837539 0.487824 -0.246080 -0.000000 -0.508766 0.860521 -0.025716 16.551600 0.199212 0.146735 0.968908 0.000000 0.000000 0.000000 0.000000 1.000000
0.677224 0.688618 -0.259177 0.000000 -0.733081 0.661621 -0.157636 16.551600 0.062926 0.296753 0.952879 0.000000 0.000000 0.000000 0.000000 1.000000
0.560976 0.742372 -0.366319 -0.000000 -0.825950 0.531743 -0.187232 16.551600 0.055792 0.407594 0.911457 0.000000 0.000000 0.000000 0.000000 1.000000
0.690180 0.519850 -0.503396 -0.000000 -0.681893 0.700069 -0.211957 16.551600 0.242227 0.489551 0.837655 -0.000000 0.000000 0.000000 0.000000 1.000000
0.835244 0.217054 -0.505228 0.000000 -0.375686 0.896174 -0.236074 16.551600 0.401532 0.386987 0.830068 -0.000000 0.000000 0.000000 0.000000 1.000000
0.894394 0.078194 -0.440393 0.000000 -0.151765 0.979243 -0.134351 16.551600 0.420746 0.186999 0.887696 0.000000 0.000000 0.000000 0.000000 1.000000
0.910458 0.148963 -0.385844 -0.000000 -0.198836 0.975657 -0.092511 16.551600 0.362670 0.160947 0.917914 0.000000 0.000000 0.000000 0.000000 1.000000
0.912331 0.201121 -0.356654 0.000000 -0.257555 0.959028 -0.118026 16.551600 0.318304 0.199537 0.926751 -0.000000 0.000000 0.000000 0.000000 1.000000
0.924878 0.186747 -0.331249 -0.000000 -0.258883 0.947281 -0.188782 16.551600 0.278531 0.260355 0.924465 0.000000 0.000000 0.000000 0.000000 1.000000
0.926570 0.145700 -0.346756 0.000000 -0.239054 0.939887 -0.243856 16.551600 0.290381 0.308843 0.905701 0.000000 0.000000 0.000000 0.000000 1.000000
0.917614 0.098578 -0.385055 -0.000000 -0.204794 0.947527 -0.245462 16.551600 0.340653 0.304096 0.889652 0.000000 0.000000 0.000000 0.000000 1.000000
0.912624 0.044764 -0.406342 0.000000 -0.148749 0.962212 -0.228082 16.551600 0.380778 0.268596 0.884796 0.000000 0.000000 0.000000 0.000000 1.000000
0.913918 -0.021145 -0.405348 -0.000000 -0.065980 0.977621 -0.199759 16.551600 0.400500 0.209308 0.892070 0.000000 0.000000 0.000000 0.000000 1.000000
0.908327 -0.074929 -0.411495 -0.000000 -0.001187 0.983357 -0.181680 16.551600 0.418260 0.165513 0.893120 0.000000 0.000000 0.000000 0.000000 1.000000
0.903312 -0.097307 -0.417803 0.000000 0.025750 0.984477 -0.173613 16.551600 0.428211 0.146068 0.891796 0.000000 0.000000 0.000000 0.000000 1.000000</float_array>
        <technique_common>
          <accessor source="#mixamorig_LeftArm-Matrix-animation-output-transform-array" count="35" stride="16">
            <param type="float4x4"/>
          </accessor>
        </technique_common>
      </source>
      <source id="mixamorig_LeftArm-Interpolations">
        <Name_array id="mixamorig_LeftArm-Interpolations-array" count="35">
 LINEAR LINEAR LINEAR LINEAR LINEAR LINEAR LINEAR LINEAR LINEAR LINEAR LINEAR
LINEAR LINEAR LINEAR LINEAR LINEAR LINEAR LINEAR LINEAR LINEAR LINEAR LINEAR LINEAR
LINEAR LINEAR LINEAR LINEAR LINEAR LINEAR LINEAR LINEAR LINEAR LINEAR LINEAR LINEAR</Name_array>
        <technique_common>
          <accessor source="#mixamorig_LeftArm-Interpolations-array" count="35">
            <param type="name"/>
          </accessor>
        </technique_common>
      </source>
      <sampler id="mixamorig_LeftArm-Matrix-animation-transform">
        <input semantic="INPUT" source="#mixamorig_LeftArm-Matrix-animation-input"/>
        <input semantic="OUTPUT" source="#mixamorig_LeftArm-Matrix-animation-output-transform"/>
        <input semantic="INTERPOLATION" source="#mixamorig_LeftArm-Interpolations"/>
      </sampler>
      <channel source="#mixamorig_LeftArm-Matrix-animation-transform" target="mixamorig_LeftArm/matrix"/>
    </animation>
    <animation id="mixamorig_LeftForeArm-anim" name="mixamorig_LeftForeArm">
      <source id="mixamorig_LeftForeArm-Matrix-animation-input">
        <float_array id="mixamorig_LeftForeArm-Matrix-animation-input-array" count="35">

0.000000 0.033333 0.066667 0.100000 0.133333 0.166667 0.200000 0.233333 0.266667 0.300000 0.333333 0.366667 0.400000 0.433333 0.466667 0.500000
0.533333 0.566667 0.600000 0.633333 0.666667 0.700000 0.733333 0.766667 0.800000 0.833333 0.866667 0.900000 0.933333 0.966667 1.000000 1.033333
1.066667 1.100000 1.133333</float_array>
        <technique_common>
          <accessor source="#mixamorig_LeftForeArm-Matrix-animation-input-array" count="35">
            <param name="TIME" type="float"/>
          </accessor>
        </technique_common>
      </source>
      <source id="mixamorig_LeftForeArm-Matrix-animation-output-transform">
        <float_array id="mixamorig_LeftForeArm-Matrix-animation-output-transform-array" count="560">

0.729379 -0.684098 0.003903 0.000000 0.684102 0.729334 -0.008725 27.198299 0.003123 0.009034 0.999954 -0.000000 0.000000 0.000000 0.000000 1.000000
0.718819 -0.694919 -0.019648 -0.000000 0.694879 0.719058 -0.009939 27.198299 0.021035 -0.006508 0.999758 -0.000000 0.000000 0.000000 0.000000 1.000000
0.705443 -0.708710 0.008955 0.000000 0.708747 0.705273 -0.016387 27.198299 0.005298 0.017906 0.999826 0.000000 0.000000 0.000000 0.000000 1.000000
0.669677 -0.728277 0.145414 -0.000000 0.735832 0.677159 0.002673 27.198299 -0.100415 0.105210 0.989367 0.000000 0.000000 0.000000 0.000000 1.000000
0.524225 -0.767976 0.367968 0.000000 0.798473 0.593482 0.101099 27.198299 -0.296024 0.240814 0.924326 0.000000 0.000000 0.000000 0.000000 1.000000
0.240576 -0.810286 0.534378 0.000000 0.824776 0.460911 0.327575 27.198299 -0.511730 0.361936 0.779188 0.000000 0.000000 0.000000 0.000000 1.000000
0.020471 -0.831198 0.555600 0.000000 0.753022 0.378377 0.538320 27.198299 -0.657677 0.407359 0.633656 -0.000000 0.000000 0.000000 0.000000 1.000000
0.046688 -0.817539 0.573978 0.000000 0.679117 0.447361 0.581953 27.198299 -0.732544 0.362628 0.576091 0.000000 0.000000 0.000000 0.000000 1.000000
0.356969 -0.703828 0.614166 0.000000 0.624479 0.668774 0.403444 27.198299 -0.694693 0.239517 0.678257 -0.000000 0.000000 0.000000 0.000000 1.000000
0.554171 -0.624935 0.549864 -0.000000 0.569514 0.766419 0.297080 27.198299 -0.607082 0.148522 0.780636 0.000000 0.000000 0.000000 0.000000 1.000000
0.486132 -0.806305 0.336968 -0.000000 0.672253 0.591415 0.445314 27.198299 -0.558347 0.010047 0.829547 0.000000 0.000000 0.000000 0.000000 1.000000
0.308083 -0.857793 0.411431 0.000000 0.783639 0.474028 0.401506 27.198299 -0.539439 0.198716 0.818240 0.000000 0.000000 0.000000 0.000000 1.000000
0.318035 -0.786490 0.529421 0.000000 0.712459 0.566682 0.413853 27.198299 -0.625505 0.245571 0.740566 0.000000 0.000000 0.000000 0.000000 1.000000
0.386642 -0.671961 0.631645 0.000000 0.613027 0.698955 0.368321 27.198299 -0.688989 0.244807 0.682176 -0.000000 0.000000 0.000000 0.000000 1.000000
0.439254 -0.611665 0.657969 -0.000000 0.488507 0.777288 0.396464 27.198299 -0.753934 0.147274 0.640229 -0.000000 0.000000 0.000000 0.000000 1.000000
0.542485 -0.462852 0.701055 0.000000 0.291923 0.886382 0.359315 27.198299 -0.787712 0.009731 0.615966 0.000000 0.000000 0.000000 0.000000 1.000000
0.606907 -0.344172 0.716386 0.000000 0.117383 0.930304 0.347500 27.198299 -0.786057 -0.126809 0.605008 0.000000 0.000000 0.000000 0.000000 1.000000
0.627217 -0.239453 0.741121 -0.000000 -0.004111 0.950534 0.310592 27.198299 -0.778833 -0.197856 0.595207 0.000000 0.000000 0.000000 0.000000 1.000000
0.620117 -0.216562 0.754026 0.000000 -0.055706 0.946563 0.317673 27.198299 -0.782529 -0.238998 0.574916 -0.000000 0.000000 0.000000 0.000000 1.000000
0.608099 -0.242622 0.755877 0.000000 -0.102514 0.920181 0.377832 27.198299 -0.787214 -0.307247 0.534689 -0.000000 0.000000 0.000000 0.000000 1.000000
0.595101 -0.267657 0.757769 -0.000000 -0.111473 0.906302 0.407664 27.198299 -0.795882 -0.327072 0.509505 -0.000000 0.000000 0.000000 0.000000 1.000000
0.604493 -0.456820 0.652613 0.000000 0.076053 0.848590 0.523556 27.198299 -0.792972 -0.266852 0.547709 0.000000 0.000000 0.000000 0.000000 1.000000
0.382105 -0.857954 0.343381 0.000000 0.568755 0.511197 0.644356 27.198299 -0.728363 -0.050912 0.683297 0.000000 0.000000 0.000000 0.000000 1.000000
0.161747 -0.949983 0.267152 -0.000000 0.742399 0.295492 0.601272 27.198299 -0.650140 0.101080 0.753061 0.000000 0.000000 0.000000 0.000000 1.000000
0.261215 -0.911523 0.317635 0.000000 0.817835 0.383783 0.428784 27.198299 -0.512750 0.147769 0.845726 0.000000 0.000000 0.000000 0.000000 1.000000
0.543865 -0.795096 0.268390 -0.000000 0.787203 0.594189 0.165079 27.198299 -0.290728 0.121497 0.949060 0.000000 0.000000 0.000000 0.000000 1.000000
0.555485 -0.812322 0.177679 0.000000 0.812518 0.575678 0.091706 27.198299 -0.176781 0.093426 0.979806 0.000000 0.000000 0.000000 0.000000 1.000000
0.513112 -0.848246 0.131130 0.000000 0.842523 0.526932 0.111795 27.198299 -0.163926 0.053117 0.985042 0.000000 0.000000 0.000000 0.000000 1.000000
0.497892 -0.861397 0.100491 0.000000 0.849402 0.507747 0.143908 27.198299 -0.174985 0.013707 0.984476 -0.000000 0.000000 0.000000 0.000000 1.000000
0.486714 -0.871398 0.061449 0.000000 0.861348 0.490442 0.132463 27.198299 -0.145566 -0.011543 0.989281 0.000000 0.000000 0.000000 0.000000 1.000000
0.497003 -0.867494 0.021050 0.000000 0.864293 0.497040 0.077129 27.198299 -0.077371 -0.020140 0.996799 0.000000 0.000000 0.000000 0.000000 1.000000
0.554348 -0.832283 -0.001765 0.000000 0.832095 0.554174 0.022551 27.198299 -0.017791 -0.013970 0.999744 0.000000 0.000000 0.000000 0.000000 1.000000
0.629064 -0.776928 -0.025721 0.000000 0.776418 0.629586 -0.028226 27.198299 0.038123 -0.002214 0.999271 0.000000 0.000000 0.000000 0.000000 1.000000
0.699935 -0.714183 -0.005746 -0.000000 0.714054 0.699930 -0.015016 27.198299 0.014746 0.006407 0.999871 0.000000 0.000000 0.000000 0.000000 1.000000
0.729358 -0.684121 0.003904 0.000000 0.684125 0.729313 -0.008723 27.198299 0.003120 0.009034 0.999954 -0.000000 0.000000 0.000000 0.000000 1.000000</float_array>
        <technique_common>
          <accessor source="#mixamorig_LeftForeArm-Matrix-animation-output-transform-array" count="35" stride="16">
            <param type="float4x4"/>
          </accessor>
        </technique_common>
      </source>
      <source id="mixamorig_LeftForeArm-Interpolations">
        <Name_array id="mixamorig_LeftForeArm-Interpolations-array" count="35">
 LINEAR LINEAR LINEAR LINEAR LINEAR LINEAR LINEAR LINEAR LINEAR LINEAR LINEAR
LINEAR LINEAR LINEAR LINEAR LINEAR LINEAR LINEAR LINEAR LINEAR LINEAR LINEAR LINEAR
LINEAR LINEAR LINEAR LINEAR LINEAR LINEAR LINEAR LINEAR LINEAR LINEAR LINEAR LINEAR</Name_array>
        <technique_common>
          <accessor source="#mixamorig_LeftForeArm-Interpolations-array" count="35">
            <param type="name"/>
          </accessor>
        </technique_common>
      </source>
      <sampler id="mixamorig_LeftForeArm-Matrix-animation-transform">
        <input semantic="INPUT" source="#mixamorig_LeftForeArm-Matrix-animation-input"/>
        <input semantic="OUTPUT" source="#mixamorig_LeftForeArm-Matrix-animation-output-transform"/>
        <input semantic="INTERPOLATION" source="#mixamorig_LeftForeArm-Interpolations"/>
      </sampler>
      <channel source="#mixamorig_LeftForeArm-Matrix-animation-transform" target="mixamorig_LeftForeArm/matrix"/>
    </animation>
    <animation id="mixamorig_LeftHand-anim" name="mixamorig_LeftHand">
      <source id="mixamorig_LeftHand-Matrix-animation-input">
        <float_array id="mixamorig_LeftHand-Matrix-animation-input-array" count="35">

0.000000 0.033333 0.066667 0.100000 0.133333 0.166667 0.200000 0.233333 0.266667 0.300000 0.333333 0.366667 0.400000 0.433333 0.466667 0.500000
0.533333 0.566667 0.600000 0.633333 0.666667 0.700000 0.733333 0.766667 0.800000 0.833333 0.866667 0.900000 0.933333 0.966667 1.000000 1.033333
1.066667 1.100000 1.133333</float_array>
        <technique_common>
          <accessor source="#mixamorig_LeftHand-Matrix-animation-input-array" count="35">
            <param name="TIME" type="float"/>
          </accessor>
        </technique_common>
      </source>
      <source id="mixamorig_LeftHand-Matrix-animation-output-transform">
        <float_array id="mixamorig_LeftHand-Matrix-animation-output-transform-array" count="560">

0.889735 -0.345726 0.298071 0.000000 0.270928 0.925481 0.264730 21.535400 -0.367383 -0.154783 0.917100 -0.000000 0.000000 0.000000 0.000000 1.000000
0.888036 -0.345249 0.303635 0.000000 0.267271 0.924997 0.270088 21.535400 -0.374109 -0.158695 0.913706 0.000000 0.000000 0.000000 0.000000 1.000000
0.894424 -0.329933 0.301911 0.000000 0.244852 0.926183 0.286761 21.535400 -0.374237 -0.182562 0.909185 0.000000 0.000000 0.000000 0.000000 1.000000
0.876469 -0.315213 0.363928 0.000000 0.198544 0.925256 0.323236 21.535400 -0.438614 -0.211051 0.873542 0.000000 0.000000 0.000000 0.000000 1.000000
0.867472 -0.239611 0.435980 0.000000 0.070119 0.926508 0.369685 21.535400 -0.492520 -0.290120 0.820521 0.000000 0.000000 0.000000 0.000000 1.000000
0.826965 -0.243146 0.506960 0.000000 0.034603 0.921958 0.385740 21.535400 -0.561188 -0.301451 0.770841 0.000000 0.000000 0.000000 0.000000 1.000000
0.834943 -0.247729 0.491427 -0.000000 0.029636 0.911901 0.409339 21.535400 -0.549538 -0.327211 0.768727 -0.000000 0.000000 0.000000 0.000000 1.000000
0.917208 -0.085168 0.389199 0.000000 -0.073809 0.923649 0.376066 21.535400 -0.391512 -0.373657 0.840892 -0.000000 0.000000 0.000000 0.000000 1.000000
0.926605 -0.140600 0.348763 -0.000000 0.011360 0.937512 0.347767 21.535400 -0.375865 -0.318281 0.870300 0.000000 0.000000 0.000000 0.000000 1.000000
0.928208 -0.124811 0.350503 0.000000 0.051816 0.976239 0.210409 21.535400 -0.368436 -0.177142 0.912620 0.000000 0.000000 0.000000 0.000000 1.000000
0.905228 -0.099702 0.413065 0.000000 0.082160 0.994808 0.060064 21.535400 -0.416908 -0.020434 0.908719 -0.000000 0.000000 0.000000 0.000000 1.000000
0.930863 -0.096717 0.352335 0.000000 0.076677 0.994565 0.070431 21.535400 -0.357232 -0.038545 0.933220 0.000000 0.000000 0.000000 0.000000 1.000000
0.947901 -0.150539 0.280751 -0.000000 0.158703 0.987305 -0.006438 21.535400 -0.276218 0.050658 0.959759 -0.000000 0.000000 0.000000 0.000000 1.000000
0.953721 -0.236872 0.185224 0.000000 0.224349 0.970691 0.086182 21.535400 -0.200209 -0.040639 0.978910 -0.000000 0.000000 0.000000 0.000000 1.000000
0.958765 -0.247160 0.140292 0.000000 0.219945 0.957910 0.184481 21.535400 -0.179983 -0.146017 0.972772 0.000000 0.000000 0.000000 0.000000 1.000000
0.957994 -0.279165 0.065688 0.000000 0.250252 0.925596 0.283983 21.535400 -0.140079 -0.255615 0.956577 0.000000 0.000000 0.000000 0.000000 1.000000
0.966583 -0.242161 -0.084112 0.000000 0.255131 0.940709 0.223549 21.535400 0.024990 -0.237538 0.971057 0.000000 0.000000 0.000000 0.000000 1.000000
0.936653 -0.240192 -0.254930 0.000000 0.277577 0.952922 0.122028 21.535400 0.213619 -0.185060 0.959229 -0.000000 0.000000 0.000000 0.000000 1.000000
0.902465 -0.277019 -0.329874 0.000000 0.288097 0.957470 -0.015883 21.535400 0.320245 -0.080701 0.943891 0.000000 0.000000 0.000000 0.000000 1.000000
0.898711 -0.280471 -0.337127 0.000000 0.243168 0.958450 -0.149141 21.535400 0.364949 0.052056 0.929571 0.000000 0.000000 0.000000 0.000000 1.000000
0.938566 -0.231642 -0.255803 0.000000 0.174700 0.958173 -0.226680 21.535400 0.297613 0.168065 0.939777 0.000000 0.000000 0.000000 0.000000 1.000000
0.973068 -0.206289 -0.102873 0.000000 0.163794 0.932762 -0.321132 21.535400 0.162202 0.295633 0.941431 0.000000 0.000000 0.000000 0.000000 1.000000
0.979150 -0.049340 0.197053 0.000000 0.126538 0.907006 -0.401658 21.535400 -0.158910 0.418218 0.894338 0.000000 0.000000 0.000000 0.000000 1.000000
0.928586 0.092011 0.359531 0.000000 -0.008939 0.974043 -0.226188 21.535400 -0.371010 0.206821 0.905305 -0.000000 0.000000 0.000000 0.000000 1.000000
0.912973 0.018175 0.407615 -0.000000 -0.030344 0.999265 0.023409 21.535400 -0.406891 -0.033740 0.912854 0.000000 0.000000 0.000000 0.000000 1.000000
0.919297 -0.239769 0.312096 0.000000 0.134213 0.936453 0.324102 21.535400 -0.369973 -0.256059 0.893059 0.000000 0.000000 0.000000 0.000000 1.000000
0.905557 -0.387794 0.171998 0.000000 0.268226 0.837501 0.476074 21.535400 -0.328667 -0.384978 0.862421 0.000000 0.000000 0.000000 0.000000 1.000000
0.904177 -0.421079 0.071803 0.000000 0.317062 0.774228 0.547762 21.535400 -0.286243 -0.472508 0.833547 0.000000 0.000000 0.000000 0.000000 1.000000
0.913814 -0.395885 0.090660 0.000000 0.305426 0.817012 0.489087 21.535400 -0.267693 -0.419245 0.867511 0.000000 0.000000 0.000000 0.000000 1.000000
0.928210 -0.345025 0.139228 0.000000 0.250586 0.856348 0.451526 21.535400 -0.275015 -0.384222 0.881329 0.000000 0.000000 0.000000 0.000000 1.000000
0.890419 -0.356561 0.282874 0.000000 0.221522 0.882437 0.415008 21.535400 -0.397595 -0.306869 0.864726 -0.000000 0.000000 0.000000 0.000000 1.000000
0.880331 -0.344057 0.326560 0.000000 0.225260 0.909062 0.350519 21.535400 -0.417462 -0.235012 0.877779 0.000000 0.000000 0.000000 0.000000 1.000000
0.878328 -0.336127 0.339940 0.000000 0.233475 0.922117 0.308530 21.535400 -0.417169 -0.191623 0.888398 -0.000000 0.000000 0.000000 0.000000 1.000000
0.886128 -0.347456 0.306678 0.000000 0.260939 0.920945 0.289432 21.535400 -0.382998 -0.176450 0.906740 -0.000000 0.000000 0.000000 0.000000 1.000000
0.889740 -0.345709 0.298074 -0.000000 0.270910 0.925487 0.264730 21.535400 -0.367383 -0.154789 0.917099 0.000000 0.000000 0.000000 0.000000 1.000000</float_array>
        <technique_common>
          <accessor source="#mixamorig_LeftHand-Matrix-animation-output-transform-array" count="35" stride="16">
            <param type="float4x4"/>
          </accessor>
        </technique_common>
      </source>
      <source id="mixamorig_LeftHand-Interpolations">
        <Name_array id="mixamorig_LeftHand-Interpolations-array" count="35">
 LINEAR LINEAR LINEAR LINEAR LINEAR LINEAR LINEAR LINEAR LINEAR LINEAR LINEAR
LINEAR LINEAR LINEAR LINEAR LINEAR LINEAR LINEAR LINEAR LINEAR LINEAR LINEAR LINEAR
LINEAR LINEAR LINEAR LINEAR LINEAR LINEAR LINEAR LINEAR LINEAR LINEAR LINEAR LINEAR</Name_array>
        <technique_common>
          <accessor source="#mixamorig_LeftHand-Interpolations-array" count="35">
            <param type="name"/>
          </accessor>
        </technique_common>
      </source>
      <sampler id="mixamorig_LeftHand-Matrix-animation-transform">
        <input semantic="INPUT" source="#mixamorig_LeftHand-Matrix-animation-input"/>
        <input semantic="OUTPUT" source="#mixamorig_LeftHand-Matrix-animation-output-transform"/>
        <input semantic="INTERPOLATION" source="#mixamorig_LeftHand-Interpolations"/>
      </sampler>
      <channel source="#mixamorig_LeftHand-Matrix-animation-transform" target="mixamorig_LeftHand/matrix"/>
    </animation>
    <animation id="mixamorig_LeftHandThumb1-anim" name="mixamorig_LeftHandThumb1">
      <source id="mixamorig_LeftHandThumb1-Matrix-animation-input">
        <float_array id="mixamorig_LeftHandThumb1-Matrix-animation-input-array" count="35">

0.000000 0.033333 0.066667 0.100000 0.133333 0.166667 0.200000 0.233333 0.266667 0.300000 0.333333 0.366667 0.400000 0.433333 0.466667 0.500000
0.533333 0.566667 0.600000 0.633333 0.666667 0.700000 0.733333 0.766667 0.800000 0.833333 0.866667 0.900000 0.933333 0.966667 1.000000 1.033333
1.066667 1.100000 1.133333</float_array>
        <technique_common>
          <accessor source="#mixamorig_LeftHandThumb1-Matrix-animation-input-array" count="35">
            <param name="TIME" type="float"/>
          </accessor>
        </technique_common>
      </source>
      <source id="mixamorig_LeftHandThumb1-Matrix-animation-output-transform">
        <float_array id="mixamorig_LeftHandThumb1-Matrix-animation-output-transform-array" count="560">

0.848567 -0.275515 0.451691 -1.897200 0.375560 0.914997 -0.147430 4.226700 -0.372677 0.294741 0.879909 4.940900 0.000000 0.000000 0.000000 1.000000
0.849478 -0.269267 0.453742 -1.897200 0.369877 0.917189 -0.148176 4.226700 -0.376268 0.293701 0.878727 4.940900 0.000000 0.000000 0.000000 1.000000
0.853334 -0.267370 0.447587 -1.897200 0.359827 0.923275 -0.134492 4.226700 -0.377287 0.275821 0.884069 4.940900 0.000000 0.000000 0.000000 1.000000
0.856117 -0.261864 0.445522 -1.897200 0.349594 0.928375 -0.126112 4.226700 -0.380588 0.263719 0.886344 4.940900 0.000000 0.000000 0.000000 1.000000
0.854073 -0.228016 0.467512 -1.897200 0.331567 0.931177 -0.151566 4.226700 -0.400777 0.284460 0.870896 4.940900 0.000000 0.000000 0.000000 1.000000
0.845562 -0.139335 0.515375 -1.897200 0.289213 0.930974 -0.222809 4.226700 -0.448755 0.337451 0.827493 4.940900 0.000000 0.000000 0.000000 1.000000
0.832582 -0.023837 0.553389 -1.897200 0.226370 0.926474 -0.300670 4.226700 -0.505533 0.375603 0.776762 4.940900 0.000000 0.000000 0.000000 1.000000
0.828158 0.022979 0.560024 -1.897200 0.175000 0.938609 -0.297301 4.226700 -0.532475 0.344216 0.773295 4.940900 0.000000 0.000000 0.000000 1.000000
0.847369 -0.068793 0.526529 -1.897200 0.178578 0.970736 -0.160564 4.226700 -0.500076 0.230083 0.834857 4.940900 0.000000 0.000000 0.000000 1.000000
0.872275 -0.240567 0.425751 -1.897200 0.255741 0.966492 0.022148 4.226700 -0.416813 0.089563 0.904569 4.940900 0.000000 0.000000 0.000000 1.000000
0.871189 -0.361141 0.332575 -1.897200 0.345297 0.932277 0.107840 4.226700 -0.348998 0.020888 0.936891 4.940900 0.000000 0.000000 0.000000 1.000000
0.858197 -0.386444 0.337873 -1.897200 0.381198 0.920605 0.084703 4.226700 -0.343780 0.056104 0.937373 4.940900 0.000000 0.000000 0.000000 1.000000
0.848779 -0.340804 0.404262 -1.897200 0.366688 0.930234 0.014322 4.226700 -0.380939 0.136082 0.914531 4.940900 0.000000 0.000000 0.000000 1.000000
0.843938 -0.275230 0.460454 -1.897200 0.333648 0.941434 -0.048795 4.226700 -0.420057 0.194809 0.886342 4.940900 0.000000 0.000000 0.000000 1.000000
0.843574 -0.234122 0.483291 -1.897200 0.307705 0.948304 -0.077702 4.226700 -0.440115 0.214258 0.872005 4.940900 0.000000 0.000000 0.000000 1.000000
0.846088 -0.223836 0.483768 -1.897200 0.299721 0.950276 -0.084511 4.226700 -0.440797 0.216499 0.871106 4.940900 0.000000 0.000000 0.000000 1.000000
0.847860 -0.228740 0.478342 -1.897200 0.310991 0.945218 -0.099235 4.226700 -0.429438 0.232898 0.872549 4.940900 0.000000 0.000000 0.000000 1.000000
0.847319 -0.236515 0.475511 -1.897200 0.335787 0.932265 -0.134642 4.226700 -0.411457 0.273756 0.869345 4.940900 0.000000 0.000000 0.000000 1.000000
0.846524 -0.248967 0.470545 -1.897200 0.366300 0.913798 -0.175491 4.226700 -0.386292 0.320918 0.864749 4.940900 0.000000 0.000000 0.000000 1.000000
0.844672 -0.279471 0.456536 -1.897200 0.405333 0.891000 -0.204508 4.226700 -0.349619 0.357791 0.865882 4.940900 0.000000 0.000000 0.000000 1.000000
0.834028 -0.338054 0.436024 -1.897200 0.463470 0.858039 -0.221279 4.226700 -0.299322 0.386637 0.872307 4.940900 0.000000 0.000000 0.000000 1.000000
0.806119 -0.421707 0.415134 -1.897200 0.541496 0.808606 -0.230083 4.226700 -0.238652 0.410267 0.880185 4.940900 0.000000 0.000000 0.000000 1.000000
0.766941 -0.503303 0.398105 -1.897200 0.615613 0.752191 -0.235011 4.226700 -0.181169 0.425318 0.886726 4.940900 0.000000 0.000000 0.000000 1.000000
0.745727 -0.538171 0.392764 -1.897200 0.648885 0.720387 -0.244930 4.226700 -0.151128 0.437510 0.886423 4.940900 0.000000 0.000000 0.000000 1.000000
0.762406 -0.505580 0.403889 -1.897200 0.626618 0.732605 -0.265783 4.226700 -0.161516 0.455718 0.875348 4.940900 0.000000 0.000000 0.000000 1.000000
0.795974 -0.434254 0.421721 -1.897200 0.572846 0.765531 -0.292932 4.226700 -0.195634 0.474748 0.858104 4.940900 0.000000 0.000000 0.000000 1.000000
0.818171 -0.377222 0.433934 -1.897200 0.528003 0.791688 -0.307316 4.226700 -0.227614 0.480556 0.846911 4.940900 0.000000 0.000000 0.000000 1.000000
0.825673 -0.357175 0.436681 -1.897200 0.505271 0.812487 -0.290804 4.226700 -0.250930 0.460751 0.851318 4.940900 0.000000 0.000000 0.000000 1.000000
0.829991 -0.350162 0.434167 -1.897200 0.484603 0.838111 -0.250460 4.226700 -0.276178 0.418279 0.865314 4.940900 0.000000 0.000000 0.000000 1.000000
0.837981 -0.327130 0.436777 -1.897200 0.449192 0.867989 -0.211709 4.226700 -0.309861 0.373605 0.874303 4.940900 0.000000 0.000000 0.000000 1.000000
0.846192 -0.289700 0.447251 -1.897200 0.406179 0.893940 -0.189448 4.226700 -0.344932 0.341973 0.874115 4.940900 0.000000 0.000000 0.000000 1.000000
0.850286 -0.261282 0.456887 -1.897200 0.374895 0.909952 -0.177317 4.226700 -0.369415 0.322055 0.871672 4.940900 0.000000 0.000000 0.000000 1.000000
0.850681 -0.255913 0.459185 -1.897200 0.364846 0.916287 -0.165243 4.226700 -0.378458 0.308101 0.872837 4.940900 0.000000 0.000000 0.000000 1.000000
0.849532 -0.265781 0.455693 -1.897200 0.369159 0.916583 -0.153616 4.226700 -0.376852 0.298725 0.876782 4.940900 0.000000 0.000000 0.000000 1.000000
0.848561 -0.275516 0.451702 -1.897200 0.375562 0.914997 -0.147422 4.226700 -0.372689 0.294739 0.879904 4.940900 0.000000 0.000000 0.000000 1.000000</float_array>
        <technique_common>
          <accessor source="#mixamorig_LeftHandThumb1-Matrix-animation-output-transform-array" count="35" stride="16">
            <param type="float4x4"/>
          </accessor>
        </technique_common>
      </source>
      <source id="mixamorig_LeftHandThumb1-Interpolations">
        <Name_array id="mixamorig_LeftHandThumb1-Interpolations-array" count="35">
 LINEAR LINEAR LINEAR LINEAR LINEAR LINEAR LINEAR LINEAR LINEAR LINEAR LINEAR
LINEAR LINEAR LINEAR LINEAR LINEAR LINEAR LINEAR LINEAR LINEAR LINEAR LINEAR LINEAR
LINEAR LINEAR LINEAR LINEAR LINEAR LINEAR LINEAR LINEAR LINEAR LINEAR LINEAR LINEAR</Name_array>
        <technique_common>
          <accessor source="#mixamorig_LeftHandThumb1-Interpolations-array" count="35">
            <param type="name"/>
          </accessor>
        </technique_common>
      </source>
      <sampler id="mixamorig_LeftHandThumb1-Matrix-animation-transform">
        <input semantic="INPUT" source="#mixamorig_LeftHandThumb1-Matrix-animation-input"/>
        <input semantic="OUTPUT" source="#mixamorig_LeftHandThumb1-Matrix-animation-output-transform"/>
        <input semantic="INTERPOLATION" source="#mixamorig_LeftHandThumb1-Interpolations"/>
      </sampler>
      <channel source="#mixamorig_LeftHandThumb1-Matrix-animation-transform" target="mixamorig_LeftHandThumb1/matrix"/>
    </animation>
    <animation id="mixamorig_LeftHandThumb2-anim" name="mixamorig_LeftHandThumb2">
      <source id="mixamorig_LeftHandThumb2-Matrix-animation-input">
        <float_array id="mixamorig_LeftHandThumb2-Matrix-animation-input-array" count="35">

0.000000 0.033333 0.066667 0.100000 0.133333 0.166667 0.200000 0.233333 0.266667 0.300000 0.333333 0.366667 0.400000 0.433333 0.466667 0.500000
0.533333 0.566667 0.600000 0.633333 0.666667 0.700000 0.733333 0.766667 0.800000 0.833333 0.866667 0.900000 0.933333 0.966667 1.000000 1.033333
1.066667 1.100000 1.133333</float_array>
        <technique_common>
          <accessor source="#mixamorig_LeftHandThumb2-Matrix-animation-input-array" count="35">
            <param name="TIME" type="float"/>
          </accessor>
        </technique_common>
      </source>
      <source id="mixamorig_LeftHandThumb2-Matrix-animation-output-transform">
        <float_array id="mixamorig_LeftHandThumb2-Matrix-animation-output-transform-array" count="560">

0.979006 0.170741 -0.111333 -0.788100 -0.183596 0.975921 -0.117770 4.746200 0.088544 0.135738 0.986780 0.000000 0.000000 0.000000 0.000000 1.000000
0.979006 0.170741 -0.111332 -0.788100 -0.183596 0.975921 -0.117770 4.746200 0.088543 0.135738 0.986780 0.000000 0.000000 0.000000 0.000000 1.000000
0.979006 0.170741 -0.111332 -0.788100 -0.183595 0.975922 -0.117770 4.746200 0.088543 0.135738 0.986780 0.000000 0.000000 0.000000 0.000000 1.000000
0.979006 0.170741 -0.111332 -0.788100 -0.183595 0.975922 -0.117770 4.746200 0.088543 0.135738 0.986780 0.000000 0.000000 0.000000 0.000000 1.000000
0.979006 0.170741 -0.111332 -0.788100 -0.183596 0.975921 -0.117771 4.746200 0.088543 0.135738 0.986780 0.000000 0.000000 0.000000 0.000000 1.000000
0.979006 0.170741 -0.111333 -0.788100 -0.183596 0.975921 -0.117771 4.746200 0.088544 0.135738 0.986780 0.000000 0.000000 0.000000 0.000000 1.000000
0.979006 0.170741 -0.111333 -0.788100 -0.183596 0.975921 -0.117771 4.746200 0.088544 0.135738 0.986780 0.000000 0.000000 0.000000 0.000000 1.000000
0.979006 0.170740 -0.111332 -0.788100 -0.183595 0.975922 -0.117770 4.746200 0.088544 0.135738 0.986780 0.000000 0.000000 0.000000 0.000000 1.000000
0.979006 0.170741 -0.111332 -0.788100 -0.183596 0.975921 -0.117771 4.746200 0.088543 0.135739 0.986780 0.000000 0.000000 0.000000 0.000000 1.000000
0.979006 0.170741 -0.111332 -0.788100 -0.183596 0.975921 -0.117770 4.746200 0.088544 0.135738 0.986780 0.000000 0.000000 0.000000 0.000000 1.000000
0.979006 0.170741 -0.111332 -0.788100 -0.183596 0.975922 -0.117770 4.746200 0.088544 0.135738 0.986780 -0.000000 0.000000 0.000000 0.000000 1.000000
0.979006 0.170741 -0.111332 -0.788100 -0.183596 0.975921 -0.117770 4.746200 0.088543 0.135738 0.986780 0.000000 0.000000 0.000000 0.000000 1.000000
0.979006 0.170741 -0.111332 -0.788100 -0.183596 0.975922 -0.117770 4.746200 0.088543 0.135738 0.986780 -0.000000 0.000000 0.000000 0.000000 1.000000
0.979006 0.170741 -0.111333 -0.788100 -0.183596 0.975921 -0.117771 4.746200 0.088544 0.135738 0.986780 0.000000 0.000000 0.000000 0.000000 1.000000
0.979006 0.170741 -0.111332 -0.788100 -0.183595 0.975922 -0.117770 4.746200 0.088543 0.135738 0.986780 0.000000 0.000000 0.000000 0.000000 1.000000
0.979006 0.170741 -0.111333 -0.788100 -0.183596 0.975921 -0.117770 4.746200 0.088544 0.135738 0.986780 -0.000000 0.000000 0.000000 0.000000 1.000000
0.979006 0.170741 -0.111332 -0.788100 -0.183595 0.975922 -0.117770 4.746200 0.088543 0.135738 0.986780 0.000000 0.000000 0.000000 0.000000 1.000000
0.979006 0.170741 -0.111332 -0.788100 -0.183596 0.975921 -0.117771 4.746200 0.088543 0.135738 0.986780 0.000000 0.000000 0.000000 0.000000 1.000000
0.979006 0.170741 -0.111332 -0.788100 -0.183596 0.975921 -0.117771 4.746200 0.088543 0.135738 0.986780 -0.000000 0.000000 0.000000 0.000000 1.000000
0.979006 0.170741 -0.111333 -0.788100 -0.183596 0.975921 -0.117771 4.746200 0.088544 0.135738 0.986780 0.000000 0.000000 0.000000 0.000000 1.000000
0.979006 0.170740 -0.111332 -0.788100 -0.183595 0.975922 -0.117770 4.746200 0.088543 0.135738 0.986780 -0.000000 0.000000 0.000000 0.000000 1.000000
0.979006 0.170741 -0.111332 -0.788100 -0.183596 0.975922 -0.117770 4.746200 0.088543 0.135737 0.986780 0.000000 0.000000 0.000000 0.000000 1.000000
0.979006 0.170741 -0.111333 -0.788100 -0.183596 0.975921 -0.117771 4.746200 0.088544 0.135738 0.986780 -0.000000 0.000000 0.000000 0.000000 1.000000
0.979006 0.170741 -0.111332 -0.788100 -0.183596 0.975921 -0.117771 4.746200 0.088543 0.135738 0.986780 0.000000 0.000000 0.000000 0.000000 1.000000
0.979006 0.170741 -0.111332 -0.788100 -0.183596 0.975921 -0.117770 4.746200 0.088544 0.135738 0.986780 0.000000 0.000000 0.000000 0.000000 1.000000
0.979006 0.170741 -0.111332 -0.788100 -0.183595 0.975922 -0.117771 4.746200 0.088543 0.135738 0.986780 0.000000 0.000000 0.000000 0.000000 1.000000
0.979006 0.170740 -0.111332 -0.788100 -0.183595 0.975922 -0.117770 4.746200 0.088543 0.135738 0.986780 0.000000 0.000000 0.000000 0.000000 1.000000
0.979006 0.170741 -0.111332 -0.788100 -0.183596 0.975921 -0.117771 4.746200 0.088543 0.135738 0.986780 0.000000 0.000000 0.000000 0.000000 1.000000
0.979006 0.170741 -0.111332 -0.788100 -0.183595 0.975922 -0.117770 4.746200 0.088543 0.135738 0.986780 -0.000000 0.000000 0.000000 0.000000 1.000000
0.979006 0.170741 -0.111332 -0.788100 -0.183595 0.975922 -0.117771 4.746200 0.088543 0.135738 0.986780 0.000000 0.000000 0.000000 0.000000 1.000000
0.979006 0.170740 -0.111332 -0.788100 -0.183595 0.975922 -0.117770 4.746200 0.088543 0.135738 0.986780 0.000000 0.000000 0.000000 0.000000 1.000000
0.979006 0.170741 -0.111332 -0.788100 -0.183596 0.975921 -0.117770 4.746200 0.088544 0.135738 0.986780 0.000000 0.000000 0.000000 0.000000 1.000000
0.979006 0.170741 -0.111332 -0.788100 -0.183596 0.975921 -0.117770 4.746200 0.088543 0.135738 0.986780 0.000000 0.000000 0.000000 0.000000 1.000000
0.979006 0.170741 -0.111332 -0.788100 -0.183596 0.975921 -0.117770 4.746200 0.088543 0.135738 0.986780 0.000000 0.000000 0.000000 0.000000 1.000000
0.979006 0.170740 -0.111332 -0.788100 -0.183595 0.975922 -0.117771 4.746200 0.088543 0.135738 0.986780 -0.000000 0.000000 0.000000 0.000000 1.000000</float_array>
        <technique_common>
          <accessor source="#mixamorig_LeftHandThumb2-Matrix-animation-output-transform-array" count="35" stride="16">
            <param type="float4x4"/>
          </accessor>
        </technique_common>
      </source>
      <source id="mixamorig_LeftHandThumb2-Interpolations">
        <Name_array id="mixamorig_LeftHandThumb2-Interpolations-array" count="35">
 LINEAR LINEAR LINEAR LINEAR LINEAR LINEAR LINEAR LINEAR LINEAR LINEAR LINEAR
LINEAR LINEAR LINEAR LINEAR LINEAR LINEAR LINEAR LINEAR LINEAR LINEAR LINEAR LINEAR
LINEAR LINEAR LINEAR LINEAR LINEAR LINEAR LINEAR LINEAR LINEAR LINEAR LINEAR LINEAR</Name_array>
        <technique_common>
          <accessor source="#mixamorig_LeftHandThumb2-Interpolations-array" count="35">
            <param type="name"/>
          </accessor>
        </technique_common>
      </source>
      <sampler id="mixamorig_LeftHandThumb2-Matrix-animation-transform">
        <input semantic="INPUT" source="#mixamorig_LeftHandThumb2-Matrix-animation-input"/>
        <input semantic="OUTPUT" source="#mixamorig_LeftHandThumb2-Matrix-animation-output-transform"/>
        <input semantic="INTERPOLATION" source="#mixamorig_LeftHandThumb2-Interpolations"/>
      </sampler>
      <channel source="#mixamorig_LeftHandThumb2-Matrix-animation-transform" target="mixamorig_LeftHandThumb2/matrix"/>
    </animation>
    <animation id="mixamorig_LeftHandThumb3-anim" name="mixamorig_LeftHandThumb3">
      <source id="mixamorig_LeftHandThumb3-Matrix-animation-input">
        <float_array id="mixamorig_LeftHandThumb3-Matrix-animation-input-array" count="35">

0.000000 0.033333 0.066667 0.100000 0.133333 0.166667 0.200000 0.233333 0.266667 0.300000 0.333333 0.366667 0.400000 0.433333 0.466667 0.500000
0.533333 0.566667 0.600000 0.633333 0.666667 0.700000 0.733333 0.766667 0.800000 0.833333 0.866667 0.900000 0.933333 0.966667 1.000000 1.033333
1.066667 1.100000 1.133333</float_array>
        <technique_common>
          <accessor source="#mixamorig_LeftHandThumb3-Matrix-animation-input-array" count="35">
            <param name="TIME" type="float"/>
          </accessor>
        </technique_common>
      </source>
      <source id="mixamorig_LeftHandThumb3-Matrix-animation-output-transform">
        <float_array id="mixamorig_LeftHandThumb3-Matrix-animation-output-transform-array" count="560">

0.989799 -0.140915 0.020996 -0.314700 0.140427 0.989821 0.023141 7.341200 -0.024043 -0.019956 0.999512 -0.000000 0.000000 0.000000 0.000000 1.000000
0.989478 -0.143108 0.021310 -0.314700 0.142618 0.989512 0.022955 7.341200 -0.024371 -0.019674 0.999509 0.000000 0.000000 0.000000 0.000000 1.000000
0.988147 -0.152073 0.020942 -0.314700 0.151584 0.988172 0.023223 7.341200 -0.024226 -0.019773 0.999511 0.000000 0.000000 0.000000 0.000000 1.000000
0.985443 -0.168773 0.020437 -0.314700 0.168291 0.985460 0.023399 7.341200 -0.024089 -0.019619 0.999517 0.000000 0.000000 0.000000 0.000000 1.000000
0.981093 -0.192497 0.020038 -0.314700 0.192016 0.981107 0.023649 7.341200 -0.024212 -0.019354 0.999519 -0.000000 0.000000 0.000000 0.000000 1.000000
0.974997 -0.221359 0.019500 -0.314700 0.220883 0.975007 0.023928 7.341200 -0.024309 -0.019022 0.999524 0.000000 0.000000 0.000000 0.000000 1.000000
0.967197 -0.253327 0.018874 -0.314700 0.252855 0.967201 0.024213 7.341200 -0.024389 -0.018647 0.999529 -0.000000 0.000000 0.000000 0.000000 1.000000
0.957836 -0.286732 0.018296 -0.314700 0.286264 0.957838 0.024491 7.341200 -0.024547 -0.018221 0.999533 -0.000000 0.000000 0.000000 0.000000 1.000000
0.947180 -0.320215 0.017659 -0.314700 0.319753 0.947178 0.024747 7.341200 -0.024651 -0.017793 0.999538 0.000000 0.000000 0.000000 0.000000 1.000000
0.935757 -0.352234 0.017031 -0.314700 0.351777 0.935750 0.024976 7.341200 -0.024734 -0.017380 0.999543 0.000000 0.000000 0.000000 0.000000 1.000000
0.924202 -0.381551 0.016428 -0.314700 0.381100 0.924191 0.025167 7.341200 -0.024786 -0.016999 0.999548 0.000000 0.000000 0.000000 0.000000 1.000000
0.913318 -0.406937 0.015883 -0.314700 0.406491 0.913304 0.025319 7.341200 -0.024810 -0.016668 0.999553 0.000000 0.000000 0.000000 0.000000 1.000000
0.904002 -0.427251 0.015415 -0.314700 0.426809 0.903984 0.025428 7.341200 -0.024799 -0.016408 0.999558 0.000000 0.000000 0.000000 0.000000 1.000000
0.897283 -0.441199 0.015079 -0.314700 0.440760 0.897262 0.025536 7.341200 -0.024796 -0.016267 0.999560 -0.000000 0.000000 0.000000 0.000000 1.000000
0.894840 -0.446136 0.014961 -0.314700 0.445696 0.894818 0.025612 7.341200 -0.024814 -0.016251 0.999560 0.000000 0.000000 0.000000 0.000000 1.000000
0.898315 -0.439091 0.015133 -0.314700 0.438652 0.898295 0.025508 7.341200 -0.024794 -0.016277 0.999560 0.000000 0.000000 0.000000 0.000000 1.000000
0.908093 -0.418477 0.015629 -0.314700 0.418033 0.908077 0.025376 7.341200 -0.024811 -0.016510 0.999556 0.000000 0.000000 0.000000 0.000000 1.000000
0.922586 -0.385445 0.016353 -0.314700 0.384994 0.922575 0.025181 7.341200 -0.024793 -0.016936 0.999549 0.000000 0.000000 0.000000 0.000000 1.000000
0.938947 -0.343631 0.017208 -0.314700 0.343173 0.938942 0.024907 7.341200 -0.024716 -0.017481 0.999542 0.000000 0.000000 0.000000 0.000000 1.000000
0.954828 -0.296605 0.018122 -0.314700 0.296139 0.954829 0.024563 7.341200 -0.024589 -0.018087 0.999534 0.000000 0.000000 0.000000 0.000000 1.000000
0.968309 -0.249033 0.019000 -0.314700 0.248560 0.968315 0.024159 7.341200 -0.024415 -0.018671 0.999528 -0.000000 0.000000 0.000000 0.000000 1.000000
0.978500 -0.205290 0.019864 -0.314700 0.204810 0.978513 0.023757 7.341200 -0.024314 -0.019177 0.999520 0.000000 0.000000 0.000000 0.000000 1.000000
0.985104 -0.170734 0.020499 -0.314700 0.170250 0.985123 0.023420 7.341200 -0.024193 -0.019582 0.999516 0.000000 0.000000 0.000000 0.000000 1.000000
0.988597 -0.149113 0.021017 -0.314700 0.148623 0.988621 0.023248 7.341200 -0.024244 -0.019860 0.999509 -0.000000 0.000000 0.000000 0.000000 1.000000
0.989811 -0.140789 0.021262 -0.314700 0.140298 0.989840 0.023079 7.341200 -0.024296 -0.019861 0.999508 -0.000000 0.000000 0.000000 0.000000 1.000000
0.989812 -0.140777 0.021288 -0.314700 0.140285 0.989842 0.023079 7.341200 -0.024321 -0.019858 0.999507 0.000000 0.000000 0.000000 0.000000 1.000000
0.989812 -0.140777 0.021305 -0.314700 0.140285 0.989842 0.023079 7.341200 -0.024337 -0.019855 0.999507 0.000000 0.000000 0.000000 0.000000 1.000000
0.989812 -0.140778 0.021314 -0.314700 0.140286 0.989842 0.023080 7.341200 -0.024347 -0.019855 0.999506 0.000000 0.000000 0.000000 0.000000 1.000000
0.989812 -0.140778 0.021318 -0.314700 0.140285 0.989842 0.023080 7.341200 -0.024351 -0.019855 0.999506 0.000000 0.000000 0.000000 0.000000 1.000000
0.989812 -0.140778 0.021317 -0.314700 0.140285 0.989842 0.023080 7.341200 -0.024350 -0.019854 0.999506 -0.000000 0.000000 0.000000 0.000000 1.000000
0.989812 -0.140778 0.021314 -0.314700 0.140285 0.989842 0.023079 7.341200 -0.024347 -0.019854 0.999506 -0.000000 0.000000 0.000000 0.000000 1.000000
0.989812 -0.140778 0.021310 -0.314700 0.140285 0.989842 0.023080 7.341200 -0.024343 -0.019855 0.999506 0.000000 0.000000 0.000000 0.000000 1.000000
0.989812 -0.140778 0.021306 -0.314700 0.140285 0.989842 0.023080 7.341200 -0.024339 -0.019855 0.999507 0.000000 0.000000 0.000000 0.000000 1.000000
0.989812 -0.140778 0.021304 -0.314700 0.140285 0.989842 0.023079 7.341200 -0.024337 -0.019855 0.999507 -0.000000 0.000000 0.000000 0.000000 1.000000
0.989819 -0.140771 0.020998 -0.314700 0.140285 0.989842 0.023070 7.341200 -0.024033 -0.019889 0.999513 0.000000 0.000000 0.000000 0.000000 1.000000</float_array>
        <technique_common>
          <accessor source="#mixamorig_LeftHandThumb3-Matrix-animation-output-transform-array" count="35" stride="16">
            <param type="float4x4"/>
          </accessor>
        </technique_common>
      </source>
      <source id="mixamorig_LeftHandThumb3-Interpolations">
        <Name_array id="mixamorig_LeftHandThumb3-Interpolations-array" count="35">
 LINEAR LINEAR LINEAR LINEAR LINEAR LINEAR LINEAR LINEAR LINEAR LINEAR LINEAR
LINEAR LINEAR LINEAR LINEAR LINEAR LINEAR LINEAR LINEAR LINEAR LINEAR LINEAR LINEAR
LINEAR LINEAR LINEAR LINEAR LINEAR LINEAR LINEAR LINEAR LINEAR LINEAR LINEAR LINEAR</Name_array>
        <technique_common>
          <accessor source="#mixamorig_LeftHandThumb3-Interpolations-array" count="35">
            <param type="name"/>
          </accessor>
        </technique_common>
      </source>
      <sampler id="mixamorig_LeftHandThumb3-Matrix-animation-transform">
        <input semantic="INPUT" source="#mixamorig_LeftHandThumb3-Matrix-animation-input"/>
        <input semantic="OUTPUT" source="#mixamorig_LeftHandThumb3-Matrix-animation-output-transform"/>
        <input semantic="INTERPOLATION" source="#mixamorig_LeftHandThumb3-Interpolations"/>
      </sampler>
      <channel source="#mixamorig_LeftHandThumb3-Matrix-animation-transform" target="mixamorig_LeftHandThumb3/matrix"/>
    </animation>
    <animation id="mixamorig_LeftHandIndex1-anim" name="mixamorig_LeftHandIndex1">
      <source id="mixamorig_LeftHandIndex1-Matrix-animation-input">
        <float_array id="mixamorig_LeftHandIndex1-Matrix-animation-input-array" count="35">

0.000000 0.033333 0.066667 0.100000 0.133333 0.166667 0.200000 0.233333 0.266667 0.300000 0.333333 0.366667 0.400000 0.433333 0.466667 0.500000
0.533333 0.566667 0.600000 0.633333 0.666667 0.700000 0.733333 0.766667 0.800000 0.833333 0.866667 0.900000 0.933333 0.966667 1.000000 1.033333
1.066667 1.100000 1.133333</float_array>
        <technique_common>
          <accessor source="#mixamorig_LeftHandIndex1-Matrix-animation-input-array" count="35">
            <param name="TIME" type="float"/>
          </accessor>
        </technique_common>
      </source>
      <source id="mixamorig_LeftHandIndex1-Matrix-animation-output-transform">
        <float_array id="mixamorig_LeftHandIndex1-Matrix-animation-output-transform-array" count="560">

0.960695 0.090617 0.262402 -2.959300 -0.132244 0.980469 0.145574 12.531300 -0.244085 -0.174553 0.953915 1.173500 0.000000 0.000000 0.000000 1.000000
0.958769 0.111906 0.261227 -2.959300 -0.154665 0.976622 0.149289 12.531300 -0.238414 -0.183536 0.953663 1.173500 0.000000 0.000000 0.000000 1.000000
0.957813 0.125782 0.258405 -2.959300 -0.174928 0.968552 0.176939 12.531300 -0.228023 -0.214676 0.949694 1.173500 0.000000 0.000000 0.000000 1.000000
0.962217 0.092842 0.255968 -2.959300 -0.145259 0.970155 0.194165 12.531300 -0.230302 -0.224010 0.946985 1.173500 0.000000 0.000000 0.000000 1.000000
0.966783 0.012435 0.255296 -2.959300 -0.051983 0.987507 0.148754 12.531300 -0.250257 -0.157083 0.955351 1.173500 0.000000 0.000000 0.000000 1.000000
0.967026 -0.043532 0.250928 -2.959300 0.040747 0.999037 0.016286 12.531300 -0.251395 -0.005524 0.967869 1.173500 0.000000 0.000000 0.000000 1.000000
0.972175 0.005887 0.234182 -2.959300 0.030148 0.988227 -0.149997 12.531300 -0.232308 0.152883 0.960552 1.173500 0.000000 0.000000 0.000000 1.000000
0.966650 0.143512 0.212113 -2.959300 -0.090127 0.965888 -0.242771 12.531300 -0.239718 0.215558 0.946610 1.173500 0.000000 0.000000 0.000000 1.000000
0.945132 0.257303 0.201299 -2.959300 -0.214649 0.953605 -0.211100 12.531300 -0.246276 0.156308 0.956512 1.173500 0.000000 0.000000 0.000000 1.000000
0.938733 0.279518 0.201621 -2.959300 -0.258865 0.958057 -0.122945 12.531300 -0.227529 0.063220 0.971717 1.173500 0.000000 0.000000 0.000000 1.000000
0.948521 0.243717 0.202262 -2.959300 -0.234521 0.969686 -0.068629 12.531300 -0.212857 0.017661 0.976924 1.173500 0.000000 0.000000 0.000000 1.000000
0.959356 0.200134 0.198952 -2.959300 -0.193947 0.979721 -0.050320 12.531300 -0.204988 0.009689 0.978716 1.173500 0.000000 0.000000 0.000000 1.000000
0.968431 0.158836 0.192124 -2.959300 -0.157378 0.987272 -0.022929 12.531300 -0.193321 -0.008031 0.981103 1.173500 0.000000 0.000000 0.000000 1.000000
0.976436 0.114149 0.183144 -2.959300 -0.119965 0.992557 0.020959 12.531300 -0.179389 -0.042436 0.982863 1.173500 0.000000 0.000000 0.000000 1.000000
0.981712 0.074652 0.175123 -2.959300 -0.085725 0.994714 0.056528 12.531300 -0.169977 -0.070507 0.982922 1.173500 0.000000 0.000000 0.000000 1.000000
0.983155 0.060014 0.172641 -2.959300 -0.072520 0.995110 0.067064 12.531300 -0.167771 -0.078454 0.982699 1.173500 0.000000 0.000000 0.000000 1.000000
0.981367 0.076474 0.176268 -2.959300 -0.085686 0.995294 0.045246 12.531300 -0.171979 -0.059507 0.983302 1.173500 0.000000 0.000000 0.000000 1.000000
0.977130 0.111101 0.181308 -2.959300 -0.111977 0.993696 -0.005429 12.531300 -0.180768 -0.014997 0.983411 1.173500 0.000000 0.000000 0.000000 1.000000
0.971284 0.151775 0.183224 -2.959300 -0.142931 0.987874 -0.060629 12.531300 -0.190204 0.032700 0.981200 1.173500 0.000000 0.000000 0.000000 1.000000
0.963277 0.197439 0.181978 -2.959300 -0.182385 0.978508 -0.096214 12.531300 -0.197063 0.059491 0.978584 1.173500 0.000000 0.000000 0.000000 1.000000
0.954811 0.236583 0.179903 -2.959300 -0.218485 0.969064 -0.114799 12.531300 -0.201497 0.070306 0.976963 1.173500 0.000000 0.000000 0.000000 1.000000
0.954202 0.239617 0.179112 -2.959300 -0.218289 0.967073 -0.130841 12.531300 -0.204567 0.085750 0.975089 1.173500 0.000000 0.000000 0.000000 1.000000
0.962944 0.199780 0.181181 -2.959300 -0.175407 0.974208 -0.141955 12.531300 -0.204867 0.104914 0.973151 1.173500 0.000000 0.000000 0.000000 1.000000
0.970133 0.155201 0.186427 -2.959300 -0.132640 0.982864 -0.128000 12.531300 -0.203098 0.099449 0.974095 1.173500 0.000000 0.000000 0.000000 1.000000
0.971489 0.136161 0.194086 -2.959300 -0.122509 0.989177 -0.080744 12.531300 -0.202980 0.054665 0.977656 1.173500 0.000000 0.000000 0.000000 1.000000
0.971439 0.121533 0.203803 -2.959300 -0.118929 0.992587 -0.025019 12.531300 -0.205333 0.000066 0.978692 1.173500 0.000000 0.000000 0.000000 1.000000
0.972710 0.086730 0.215204 -2.959300 -0.091294 0.995759 0.011341 12.531300 -0.213308 -0.030679 0.976503 1.173500 0.000000 0.000000 0.000000 1.000000
0.972855 0.046060 0.226783 -2.959300 -0.056101 0.997701 0.038026 12.531300 -0.224510 -0.049716 0.973203 1.173500 0.000000 0.000000 0.000000 1.000000
0.971187 0.027572 0.236720 -2.959300 -0.046814 0.996004 0.076050 12.531300 -0.233677 -0.084940 0.968597 1.173500 0.000000 0.000000 0.000000 1.000000
0.968920 0.035936 0.244748 -2.959300 -0.066883 0.990599 0.119332 12.531300 -0.238159 -0.131992 0.962215 1.173500 0.000000 0.000000 0.000000 1.000000
0.966196 0.056086 0.251633 -2.959300 -0.095852 0.984230 0.148671 12.531300 -0.239327 -0.167765 0.956336 1.173500 0.000000 0.000000 0.000000 1.000000
0.963574 0.072902 0.257315 -2.959300 -0.116554 0.980425 0.158691 12.531300 -0.240709 -0.182902 0.953208 1.173500 0.000000 0.000000 0.000000 1.000000
0.961969 0.080818 0.260931 -2.959300 -0.124994 0.979592 0.157406 12.531300 -0.242884 -0.184035 0.952438 1.173500 0.000000 0.000000 0.000000 1.000000
0.961284 0.084146 0.262397 -2.959300 -0.127358 0.980099 0.152272 12.531300 -0.244362 -0.179795 0.952870 1.173500 0.000000 0.000000 0.000000 1.000000
0.960694 0.090618 0.262402 -2.959300 -0.132244 0.980469 0.145573 12.531300 -0.244085 -0.174553 0.953915 1.173500 0.000000 0.000000 0.000000 1.000000</float_array>
        <technique_common>
          <accessor source="#mixamorig_LeftHandIndex1-Matrix-animation-output-transform-array" count="35" stride="16">
            <param type="float4x4"/>
          </accessor>
        </technique_common>
      </source>
      <source id="mixamorig_LeftHandIndex1-Interpolations">
        <Name_array id="mixamorig_LeftHandIndex1-Interpolations-array" count="35">
 LINEAR LINEAR LINEAR LINEAR LINEAR LINEAR LINEAR LINEAR LINEAR LINEAR LINEAR
LINEAR LINEAR LINEAR LINEAR LINEAR LINEAR LINEAR LINEAR LINEAR LINEAR LINEAR LINEAR
LINEAR LINEAR LINEAR LINEAR LINEAR LINEAR LINEAR LINEAR LINEAR LINEAR LINEAR LINEAR</Name_array>
        <technique_common>
          <accessor source="#mixamorig_LeftHandIndex1-Interpolations-array" count="35">
            <param type="name"/>
          </accessor>
        </technique_common>
      </source>
      <sampler id="mixamorig_LeftHandIndex1-Matrix-animation-transform">
        <input semantic="INPUT" source="#mixamorig_LeftHandIndex1-Matrix-animation-input"/>
        <input semantic="OUTPUT" source="#mixamorig_LeftHandIndex1-Matrix-animation-output-transform"/>
        <input semantic="INTERPOLATION" source="#mixamorig_LeftHandIndex1-Interpolations"/>
      </sampler>
      <channel source="#mixamorig_LeftHandIndex1-Matrix-animation-transform" target="mixamorig_LeftHandIndex1/matrix"/>
    </animation>
    <animation id="mixamorig_LeftHandIndex2-anim" name="mixamorig_LeftHandIndex2">
      <source id="mixamorig_LeftHandIndex2-Matrix-animation-input">
        <float_array id="mixamorig_LeftHandIndex2-Matrix-animation-input-array" count="35">

0.000000 0.033333 0.066667 0.100000 0.133333 0.166667 0.200000 0.233333 0.266667 0.300000 0.333333 0.366667 0.400000 0.433333 0.466667 0.500000
0.533333 0.566667 0.600000 0.633333 0.666667 0.700000 0.733333 0.766667 0.800000 0.833333 0.866667 0.900000 0.933333 0.966667 1.000000 1.033333
1.066667 1.100000 1.133333</float_array>
        <technique_common>
          <accessor source="#mixamorig_LeftHandIndex2-Matrix-animation-input-array" count="35">
            <param name="TIME" type="float"/>
          </accessor>
        </technique_common>
      </source>
      <source id="mixamorig_LeftHandIndex2-Matrix-animation-output-transform">
        <float_array id="mixamorig_LeftHandIndex2-Matrix-animation-output-transform-array" count="560">

0.999501 0.029077 -0.012368 -0.006300 -0.031290 0.856239 -0.515631 8.298100 -0.004403 0.515760 0.856722 0.000000 0.000000 0.000000 0.000000 1.000000
0.999505 0.028852 -0.012565 -0.006300 -0.031206 0.857189 -0.514056 8.298100 -0.004061 0.514193 0.857665 0.000000 0.000000 0.000000 0.000000 1.000000
0.999533 0.028119 -0.011926 -0.006300 -0.030322 0.866508 -0.498242 8.298100 -0.003677 0.498371 0.866956 -0.000000 0.000000 0.000000 0.000000 1.000000
0.999592 0.026505 -0.010682 -0.006300 -0.028427 0.884088 -0.466454 8.298100 -0.002920 0.466568 0.884481 0.000000 0.000000 0.000000 0.000000 1.000000
0.999653 0.024626 -0.009307 -0.006300 -0.026238 0.902969 -0.428903 8.298100 -0.002158 0.428999 0.903302 -0.000000 0.000000 0.000000 0.000000 1.000000
0.999687 0.023608 -0.008261 -0.006300 -0.024928 0.913481 -0.406117 8.298100 -0.002042 0.406196 0.913784 -0.000000 0.000000 0.000000 0.000000 1.000000
0.999690 0.023719 -0.007539 -0.006300 -0.024744 0.914679 -0.403423 8.298100 -0.002673 0.403485 0.914982 0.000000 0.000000 0.000000 0.000000 1.000000
0.999702 0.023458 -0.006792 -0.006300 -0.024235 0.918699 -0.394214 8.298100 -0.003008 0.394261 0.918994 0.000000 0.000000 0.000000 0.000000 1.000000
0.999755 0.021437 -0.005474 -0.006300 -0.021991 0.935559 -0.352484 8.298100 -0.002434 0.352518 0.935802 0.000000 0.000000 0.000000 0.000000 1.000000
0.999822 0.018440 -0.004015 -0.006300 -0.018806 0.955672 -0.293832 8.298100 -0.001582 0.293855 0.955849 -0.000000 0.000000 0.000000 0.000000 1.000000
0.999865 0.016171 -0.002971 -0.006300 -0.016400 0.968077 -0.250115 8.298100 -0.001169 0.250130 0.968212 0.000000 0.000000 0.000000 0.000000 1.000000
0.999889 0.014724 -0.002310 -0.006300 -0.014869 0.974866 -0.222297 8.298100 -0.001021 0.222306 0.974976 -0.000000 0.000000 0.000000 0.000000 1.000000
0.999912 0.013124 -0.001784 -0.006300 -0.013222 0.981292 -0.192071 8.298100 -0.000770 0.192078 0.981379 -0.000000 0.000000 0.000000 0.000000 1.000000
0.999935 0.011343 -0.001315 -0.006300 -0.011408 0.987274 -0.158619 8.298100 -0.000501 0.158623 0.987339 0.000000 0.000000 0.000000 0.000000 1.000000
0.999949 0.010039 -0.001025 -0.006300 -0.010086 0.990881 -0.134362 8.298100 -0.000334 0.134365 0.990932 0.000000 0.000000 0.000000 0.000000 1.000000
0.999954 0.009519 -0.000924 -0.006300 -0.009560 0.992111 -0.124994 8.298100 -0.000273 0.124997 0.992157 -0.000000 0.000000 0.000000 0.000000 1.000000
0.999951 0.009842 -0.000993 -0.006300 -0.009887 0.991256 -0.131584 8.298100 -0.000311 0.131587 0.991305 -0.000000 0.000000 0.000000 0.000000 1.000000
0.999940 0.010855 -0.001212 -0.006300 -0.010913 0.988441 -0.151211 8.298100 -0.000443 0.151215 0.988501 -0.000000 0.000000 0.000000 0.000000 1.000000
0.999928 0.011927 -0.001472 -0.006300 -0.012003 0.985031 -0.171956 8.298100 -0.000601 0.171962 0.985103 0.000000 0.000000 0.000000 0.000000 1.000000
0.999921 0.012436 -0.001619 -0.006300 -0.012523 0.983240 -0.181886 8.298100 -0.000670 0.181892 0.983318 0.000000 0.000000 0.000000 0.000000 1.000000
0.999921 0.012437 -0.001666 -0.006300 -0.012532 0.983201 -0.182094 8.298100 -0.000627 0.182101 0.983280 0.000000 0.000000 0.000000 0.000000 1.000000
0.999922 0.012338 -0.001791 -0.006300 -0.012459 0.983470 -0.180644 8.298100 -0.000467 0.180652 0.983547 0.000000 0.000000 0.000000 0.000000 1.000000
0.999921 0.012400 -0.001963 -0.006300 -0.012550 0.983191 -0.182150 8.298100 -0.000329 0.182161 0.983269 -0.000000 0.000000 0.000000 0.000000 1.000000
0.999918 0.012636 -0.002249 -0.006300 -0.012833 0.982252 -0.187124 8.298100 -0.000156 0.187138 0.982334 -0.000000 0.000000 0.000000 0.000000 1.000000
0.999910 0.013146 -0.002739 -0.006300 -0.013428 0.980146 -0.197823 8.298100 0.000084 0.197842 0.980234 -0.000000 0.000000 0.000000 0.000000 1.000000
0.999892 0.014284 -0.003517 -0.006300 -0.014709 0.975104 -0.221258 8.298100 0.000269 0.221286 0.975209 0.000000 0.000000 0.000000 0.000000 1.000000
0.999856 0.016348 -0.004586 -0.006300 -0.016978 0.964921 -0.261992 8.298100 0.000143 0.262032 0.965059 0.000000 0.000000 0.000000 0.000000 1.000000
0.999801 0.019022 -0.005999 -0.006300 -0.019943 0.948800 -0.315249 8.298100 -0.000305 0.315305 0.948990 -0.000000 0.000000 0.000000 0.000000 1.000000
0.999734 0.021772 -0.007618 -0.006300 -0.023044 0.928171 -0.371440 8.298100 -0.001017 0.371517 0.928426 0.000000 0.000000 0.000000 0.000000 1.000000
0.999663 0.024259 -0.009254 -0.006300 -0.025897 0.905838 -0.422833 8.298100 -0.001875 0.422930 0.906160 0.000000 0.000000 0.000000 0.000000 1.000000
0.999597 0.026291 -0.010736 -0.006300 -0.028268 0.884983 -0.464765 8.298100 -0.002718 0.464881 0.885369 0.000000 0.000000 0.000000 0.000000 1.000000
0.999542 0.027815 -0.011901 -0.006300 -0.030061 0.868831 -0.494195 8.298100 -0.003406 0.494326 0.869270 0.000000 0.000000 0.000000 0.000000 1.000000
0.999511 0.028643 -0.012562 -0.006300 -0.031042 0.859436 -0.510300 8.298100 -0.003820 0.510440 0.859905 0.000000 0.000000 0.000000 0.000000 1.000000
0.999499 0.028933 -0.012805 -0.006300 -0.031391 0.856024 -0.515982 8.298100 -0.003967 0.516125 0.856504 -0.000000 0.000000 0.000000 0.000000 1.000000
0.999506 0.028918 -0.012306 -0.006300 -0.031121 0.856240 -0.515640 8.298100 -0.004374 0.515768 0.856717 -0.000000 0.000000 0.000000 0.000000 1.000000</float_array>
        <technique_common>
          <accessor source="#mixamorig_LeftHandIndex2-Matrix-animation-output-transform-array" count="35" stride="16">
            <param type="float4x4"/>
          </accessor>
        </technique_common>
      </source>
      <source id="mixamorig_LeftHandIndex2-Interpolations">
        <Name_array id="mixamorig_LeftHandIndex2-Interpolations-array" count="35">
 LINEAR LINEAR LINEAR LINEAR LINEAR LINEAR LINEAR LINEAR LINEAR LINEAR LINEAR
LINEAR LINEAR LINEAR LINEAR LINEAR LINEAR LINEAR LINEAR LINEAR LINEAR LINEAR LINEAR
LINEAR LINEAR LINEAR LINEAR LINEAR LINEAR LINEAR LINEAR LINEAR LINEAR LINEAR LINEAR</Name_array>
        <technique_common>
          <accessor source="#mixamorig_LeftHandIndex2-Interpolations-array" count="35">
            <param type="name"/>
          </accessor>
        </technique_common>
      </source>
      <sampler id="mixamorig_LeftHandIndex2-Matrix-animation-transform">
        <input semantic="INPUT" source="#mixamorig_LeftHandIndex2-Matrix-animation-input"/>
        <input semantic="OUTPUT" source="#mixamorig_LeftHandIndex2-Matrix-animation-output-transform"/>
        <input semantic="INTERPOLATION" source="#mixamorig_LeftHandIndex2-Interpolations"/>
      </sampler>
      <channel source="#mixamorig_LeftHandIndex2-Matrix-animation-transform" target="mixamorig_LeftHandIndex2/matrix"/>
    </animation>
    <animation id="mixamorig_LeftHandIndex3-anim" name="mixamorig_LeftHandIndex3">
      <source id="mixamorig_LeftHandIndex3-Matrix-animation-input">
        <float_array id="mixamorig_LeftHandIndex3-Matrix-animation-input-array" count="35">

0.000000 0.033333 0.066667 0.100000 0.133333 0.166667 0.200000 0.233333 0.266667 0.300000 0.333333 0.366667 0.400000 0.433333 0.466667 0.500000
0.533333 0.566667 0.600000 0.633333 0.666667 0.700000 0.733333 0.766667 0.800000 0.833333 0.866667 0.900000 0.933333 0.966667 1.000000 1.033333
1.066667 1.100000 1.133333</float_array>
        <technique_common>
          <accessor source="#mixamorig_LeftHandIndex3-Matrix-animation-input-array" count="35">
            <param name="TIME" type="float"/>
          </accessor>
        </technique_common>
      </source>
      <source id="mixamorig_LeftHandIndex3-Matrix-animation-output-transform">
        <float_array id="mixamorig_LeftHandIndex3-Matrix-animation-output-transform-array" count="560">

0.999420 0.031346 -0.013312 0.002000 -0.033618 0.845647 -0.532683 4.720200 -0.005441 0.532822 0.846210 -0.000000 0.000000 0.000000 0.000000 1.000000
0.999419 0.031376 -0.013333 0.002000 -0.033651 0.845242 -0.533324 4.720200 -0.005464 0.533462 0.845806 0.000000 0.000000 0.000000 0.000000 1.000000
0.999463 0.030298 -0.012503 0.002000 -0.032424 0.858164 -0.512350 4.720200 -0.004794 0.512480 0.858686 0.000000 0.000000 0.000000 0.000000 1.000000
0.999542 0.028231 -0.010932 0.002000 -0.030048 0.881158 -0.471866 4.720200 -0.003689 0.471979 0.881602 -0.000000 0.000000 0.000000 0.000000 1.000000
0.999611 0.026225 -0.009525 0.002000 -0.027766 0.901433 -0.432027 4.720200 -0.002744 0.432123 0.901810 0.000000 0.000000 0.000000 0.000000 1.000000
0.999625 0.025905 -0.008899 0.002000 -0.027238 0.905891 -0.422635 4.720200 -0.002887 0.422718 0.906257 -0.000000 0.000000 0.000000 0.000000 1.000000
0.999592 0.027134 -0.008915 0.002000 -0.028276 0.896193 -0.442763 4.720200 -0.004025 0.442834 0.896595 0.000000 0.000000 0.000000 0.000000 1.000000
0.999583 0.027578 -0.008567 0.002000 -0.028493 0.893608 -0.447943 4.720200 -0.004698 0.448000 0.894021 0.000000 0.000000 0.000000 0.000000 1.000000
0.999655 0.025344 -0.006900 0.002000 -0.025970 0.914381 -0.404021 4.720200 -0.003930 0.404061 0.914724 -0.000000 0.000000 0.000000 0.000000 1.000000
0.999758 0.021518 -0.004660 0.002000 -0.021843 0.942857 -0.332481 4.720200 -0.002760 0.332502 0.943098 -0.000000 0.000000 0.000000 0.000000 1.000000
0.999826 0.018375 -0.003153 0.002000 -0.018532 0.961162 -0.275364 4.720200 -0.002029 0.275374 0.961335 -0.000000 0.000000 0.000000 0.000000 1.000000
0.999864 0.016311 -0.002330 0.002000 -0.016396 0.971017 -0.238448 4.720200 -0.001627 0.238454 0.971152 -0.000000 0.000000 0.000000 0.000000 1.000000
0.999897 0.014285 -0.001698 0.002000 -0.014333 0.979204 -0.202372 4.720200 -0.001228 0.202375 0.979307 0.000000 0.000000 0.000000 0.000000 1.000000
0.999924 0.012261 -0.001150 0.002000 -0.012283 0.986255 -0.164772 4.720200 -0.000886 0.164774 0.986331 0.000000 0.000000 0.000000 0.000000 1.000000
0.999941 0.010833 -0.000831 0.002000 -0.010843 0.990359 -0.138102 4.720200 -0.000673 0.138103 0.990418 0.000000 0.000000 0.000000 0.000000 1.000000
0.999947 0.010317 -0.000723 0.002000 -0.010325 0.991675 -0.128350 4.720200 -0.000607 0.128350 0.991729 0.000000 0.000000 0.000000 0.000000 1.000000
0.999942 0.010751 -0.000800 0.002000 -0.010760 0.990614 -0.136265 4.720200 -0.000673 0.136266 0.990672 -0.000000 0.000000 0.000000 0.000000 1.000000
0.999928 0.011925 -0.001070 0.002000 -0.011944 0.987343 -0.158150 4.720200 -0.000829 0.158151 0.987415 -0.000000 0.000000 0.000000 0.000000 1.000000
0.999913 0.013147 -0.001375 0.002000 -0.013179 0.983397 -0.180986 4.720200 -0.001027 0.180988 0.983485 0.000000 0.000000 0.000000 0.000000 1.000000
0.999903 0.013834 -0.001586 0.002000 -0.013880 0.981040 -0.193306 4.720200 -0.001118 0.193310 0.981137 0.000000 0.000000 0.000000 0.000000 1.000000
0.999899 0.014127 -0.001819 0.002000 -0.014208 0.980072 -0.198136 4.720200 -0.001016 0.198141 0.980173 0.000000 0.000000 0.000000 0.000000 1.000000
0.999893 0.014493 -0.002134 0.002000 -0.014623 0.978785 -0.204367 4.720200 -0.000873 0.204377 0.978892 0.000000 0.000000 0.000000 0.000000 1.000000
0.999886 0.014923 -0.002481 0.002000 -0.015110 0.977185 -0.211853 4.720200 -0.000737 0.211866 0.977298 -0.000000 0.000000 0.000000 0.000000 1.000000
0.999884 0.014961 -0.002747 0.002000 -0.015204 0.977215 -0.211708 4.720200 -0.000483 0.211725 0.977329 0.000000 0.000000 0.000000 0.000000 1.000000
0.999890 0.014533 -0.002944 0.002000 -0.014828 0.979147 -0.202613 4.720200 -0.000062 0.202635 0.979254 0.000000 0.000000 0.000000 0.000000 1.000000
0.999888 0.014583 -0.003296 0.002000 -0.014948 0.979113 -0.202767 4.720200 0.000270 0.202794 0.979221 0.000000 0.000000 0.000000 0.000000 1.000000
0.999861 0.016155 -0.004105 0.002000 -0.016667 0.972336 -0.232991 4.720200 0.000228 0.233027 0.972470 -0.000000 0.000000 0.000000 0.000000 1.000000
0.999802 0.019136 -0.005447 0.002000 -0.019893 0.956341 -0.291576 4.720200 -0.000370 0.291627 0.956532 0.000000 0.000000 0.000000 0.000000 1.000000
0.999718 0.022627 -0.007240 0.002000 -0.023716 0.932606 -0.360116 4.720200 -0.001396 0.360186 0.932879 0.000000 0.000000 0.000000 0.000000 1.000000
0.999624 0.025843 -0.009162 0.002000 -0.027292 0.905738 -0.422958 4.720200 -0.002632 0.423049 0.906103 0.000000 0.000000 0.000000 0.000000 1.000000
0.999537 0.028404 -0.010943 0.002000 -0.030200 0.880474 -0.473131 4.720200 -0.003804 0.473242 0.880924 0.000000 0.000000 0.000000 0.000000 1.000000
0.999469 0.030186 -0.012306 0.002000 -0.032251 0.860694 -0.508101 4.720200 -0.004746 0.508227 0.861210 -0.000000 0.000000 0.000000 0.000000 1.000000
0.999428 0.031201 -0.013031 0.002000 -0.033379 0.848903 -0.527494 4.720200 -0.005396 0.527627 0.849459 -0.000000 0.000000 0.000000 0.000000 1.000000
0.999413 0.031567 -0.013282 0.002000 -0.033779 0.844670 -0.534221 4.720200 -0.005645 0.534356 0.845240 -0.000000 0.000000 0.000000 0.000000 1.000000
0.999426 0.031248 -0.013076 0.002000 -0.033410 0.845647 -0.532696 4.720200 -0.005588 0.532827 0.846206 0.000000 0.000000 0.000000 0.000000 1.000000</float_array>
        <technique_common>
          <accessor source="#mixamorig_LeftHandIndex3-Matrix-animation-output-transform-array" count="35" stride="16">
            <param type="float4x4"/>
          </accessor>
        </technique_common>
      </source>
      <source id="mixamorig_LeftHandIndex3-Interpolations">
        <Name_array id="mixamorig_LeftHandIndex3-Interpolations-array" count="35">
 LINEAR LINEAR LINEAR LINEAR LINEAR LINEAR LINEAR LINEAR LINEAR LINEAR LINEAR
LINEAR LINEAR LINEAR LINEAR LINEAR LINEAR LINEAR LINEAR LINEAR LINEAR LINEAR LINEAR
LINEAR LINEAR LINEAR LINEAR LINEAR LINEAR LINEAR LINEAR LINEAR LINEAR LINEAR LINEAR</Name_array>
        <technique_common>
          <accessor source="#mixamorig_LeftHandIndex3-Interpolations-array" count="35">
            <param type="name"/>
          </accessor>
        </technique_common>
      </source>
      <sampler id="mixamorig_LeftHandIndex3-Matrix-animation-transform">
        <input semantic="INPUT" source="#mixamorig_LeftHandIndex3-Matrix-animation-input"/>
        <input semantic="OUTPUT" source="#mixamorig_LeftHandIndex3-Matrix-animation-output-transform"/>
        <input semantic="INTERPOLATION" source="#mixamorig_LeftHandIndex3-Interpolations"/>
      </sampler>
      <channel source="#mixamorig_LeftHandIndex3-Matrix-animation-transform" target="mixamorig_LeftHandIndex3/matrix"/>
    </animation>
    <animation id="mixamorig_LeftHandMiddle1-anim" name="mixamorig_LeftHandMiddle1">
      <source id="mixamorig_LeftHandMiddle1-Matrix-animation-input">
        <float_array id="mixamorig_LeftHandMiddle1-Matrix-animation-input-array" count="35">

0.000000 0.033333 0.066667 0.100000 0.133333 0.166667 0.200000 0.233333 0.266667 0.300000 0.333333 0.366667 0.400000 0.433333 0.466667 0.500000
0.533333 0.566667 0.600000 0.633333 0.666667 0.700000 0.733333 0.766667 0.800000 0.833333 0.866667 0.900000 0.933333 0.966667 1.000000 1.033333
1.066667 1.100000 1.133333</float_array>
        <technique_common>
          <accessor source="#mixamorig_LeftHandMiddle1-Matrix-animation-input-array" count="35">
            <param name="TIME" type="float"/>
          </accessor>
        </technique_common>
      </source>
      <source id="mixamorig_LeftHandMiddle1-Matrix-animation-output-transform">
        <float_array id="mixamorig_LeftHandMiddle1-Matrix-animation-output-transform-array" count="560">

0.975231 0.160218 0.152493 2.392400 -0.155992 0.986974 -0.039366 14.502300 -0.156814 0.014603 0.987520 -0.033500 0.000000 0.000000 0.000000 1.000000
0.972747 0.176244 0.150669 2.392400 -0.173253 0.984329 -0.032863 14.502300 -0.154099 0.005863 0.988038 -0.033500 0.000000 0.000000 0.000000 1.000000
0.971143 0.184574 0.151041 2.392400 -0.184141 0.982753 -0.016975 14.502300 -0.151569 -0.011328 0.988382 -0.033500 0.000000 0.000000 0.000000 1.000000
0.975310 0.155603 0.156712 2.392400 -0.155362 0.987760 -0.013861 14.502300 -0.156951 -0.010828 0.987547 -0.033500 0.000000 0.000000 0.000000 1.000000
0.982176 0.090557 0.164712 2.392400 -0.083690 0.995327 -0.048177 14.502300 -0.168305 0.033534 0.985164 -0.033500 0.000000 0.000000 0.000000 1.000000
0.985548 0.047951 0.162468 2.392400 -0.027681 0.991795 -0.124804 14.502300 -0.167119 0.118503 0.978789 -0.033500 0.000000 0.000000 0.000000 1.000000
0.985962 0.092962 0.138695 2.392400 -0.061190 0.974054 -0.217886 14.502300 -0.155351 0.206341 0.966069 -0.033500 0.000000 0.000000 0.000000 1.000000
0.972640 0.208687 0.102088 2.392400 -0.171911 0.942092 -0.287939 14.502300 -0.156265 0.262511 0.952192 -0.033500 0.000000 0.000000 0.000000 1.000000
0.949168 0.306232 0.072821 2.392400 -0.266803 0.905455 -0.330103 14.502300 -0.167024 0.293894 0.941132 -0.033500 0.000000 0.000000 0.000000 1.000000
0.938997 0.339350 0.055917 2.392400 -0.296015 0.880211 -0.370948 14.502300 -0.175100 0.331767 0.926969 -0.033500 0.000000 0.000000 0.000000 1.000000
0.940485 0.336306 0.048844 2.392400 -0.289475 0.868092 -0.403262 14.502300 -0.178020 0.365123 0.913780 -0.033500 0.000000 0.000000 0.000000 1.000000
0.942633 0.329154 0.055681 2.392400 -0.282456 0.875298 -0.392520 14.502300 -0.177937 0.354274 0.918057 -0.033500 0.000000 0.000000 0.000000 1.000000
0.945724 0.315856 0.076427 2.392400 -0.274111 0.901662 -0.334467 14.502300 -0.174555 0.295364 0.939303 -0.033500 0.000000 0.000000 0.000000 1.000000
0.952581 0.288188 0.097656 2.392400 -0.252718 0.928050 -0.273598 14.502300 -0.169478 0.235945 0.956874 -0.033500 0.000000 0.000000 0.000000 1.000000
0.960565 0.255697 0.109242 2.392400 -0.223280 0.943461 -0.245006 14.502300 -0.165713 0.210953 0.963347 -0.033500 0.000000 0.000000 0.000000 1.000000
0.964550 0.238647 0.112655 2.392400 -0.207051 0.949029 -0.237644 14.502300 -0.163625 0.205894 0.964798 -0.033500 0.000000 0.000000 0.000000 1.000000
0.962832 0.246521 0.110372 2.392400 -0.214794 0.946588 -0.240487 14.502300 -0.163762 0.207841 0.964357 -0.033500 0.000000 0.000000 0.000000 1.000000
0.957417 0.269693 0.103046 2.392400 -0.236263 0.937023 -0.257230 14.502300 -0.165930 0.221930 0.960840 -0.033500 0.000000 0.000000 0.000000 1.000000
0.951216 0.293714 0.094443 2.392400 -0.258105 0.925269 -0.277953 14.502300 -0.169024 0.240017 0.955941 -0.033500 0.000000 0.000000 0.000000 1.000000
0.945822 0.311851 0.090386 2.392400 -0.276071 0.918940 -0.281662 14.502300 -0.170896 0.241449 0.955247 -0.033500 0.000000 0.000000 0.000000 1.000000
0.944257 0.315934 0.092547 2.392400 -0.281954 0.921219 -0.268062 14.502300 -0.169946 0.227025 0.958946 -0.033500 0.000000 0.000000 0.000000 1.000000
0.951096 0.292890 0.098145 2.392400 -0.259873 0.930447 -0.258331 14.502300 -0.166981 0.220192 0.961058 -0.033500 0.000000 0.000000 0.000000 1.000000
0.962537 0.250295 0.104279 2.392400 -0.216548 0.941041 -0.259901 14.502300 -0.163183 0.227583 0.959988 -0.033500 0.000000 0.000000 0.000000 1.000000
0.968462 0.223375 0.110382 2.392400 -0.190486 0.949352 -0.249891 14.502300 -0.160611 0.220984 0.961962 -0.033500 0.000000 0.000000 0.000000 1.000000
0.966039 0.230201 0.117368 2.392400 -0.202445 0.956548 -0.209838 14.502300 -0.160573 0.178951 0.970666 -0.033500 0.000000 0.000000 0.000000 1.000000
0.961907 0.243239 0.124777 2.392400 -0.222409 0.961704 -0.160184 14.502300 -0.158962 0.126330 0.979169 -0.033500 0.000000 0.000000 0.000000 1.000000
0.964207 0.230558 0.130947 2.392400 -0.213404 0.967896 -0.132803 14.502300 -0.157362 0.100105 0.982454 -0.033500 0.000000 0.000000 0.000000 1.000000
0.971514 0.193484 0.136837 2.392400 -0.177292 0.976556 -0.122088 14.502300 -0.157251 0.094350 0.983041 -0.033500 0.000000 0.000000 0.000000 1.000000
0.976962 0.157575 0.143928 2.392400 -0.143864 0.984407 -0.101220 14.502300 -0.157633 0.078182 0.984398 -0.033500 0.000000 0.000000 0.000000 1.000000
0.978727 0.139229 0.150693 2.392400 -0.130248 0.989150 -0.067962 14.502300 -0.158520 0.046888 0.986242 -0.033500 0.000000 0.000000 0.000000 1.000000
0.978506 0.136227 0.154818 2.392400 -0.131506 0.990492 -0.040382 14.502300 -0.158847 0.019155 0.987117 -0.033500 0.000000 0.000000 0.000000 1.000000
0.977683 0.140673 0.156038 2.392400 -0.137955 0.990038 -0.028171 14.502300 -0.158447 0.006016 0.987349 -0.033500 0.000000 0.000000 0.000000 1.000000
0.976841 0.146981 0.155492 2.392400 -0.144440 0.989129 -0.027580 14.502300 -0.157855 0.004482 0.987452 -0.033500 0.000000 0.000000 0.000000 1.000000
0.976096 0.153261 0.154103 2.392400 -0.150037 0.988149 -0.032411 14.502300 -0.157244 0.008516 0.987523 -0.033500 0.000000 0.000000 0.000000 1.000000
0.975258 0.160216 0.152325 2.392400 -0.155997 0.986974 -0.039339 14.502300 -0.156643 0.014603 0.987547 -0.033500 0.000000 0.000000 0.000000 1.000000</float_array>
        <technique_common>
          <accessor source="#mixamorig_LeftHandMiddle1-Matrix-animation-output-transform-array" count="35" stride="16">
            <param type="float4x4"/>
          </accessor>
        </technique_common>
      </source>
      <source id="mixamorig_LeftHandMiddle1-Interpolations">
        <Name_array id="mixamorig_LeftHandMiddle1-Interpolations-array" count="35">
 LINEAR LINEAR LINEAR LINEAR LINEAR LINEAR LINEAR LINEAR LINEAR LINEAR LINEAR
LINEAR LINEAR LINEAR LINEAR LINEAR LINEAR LINEAR LINEAR LINEAR LINEAR LINEAR LINEAR
LINEAR LINEAR LINEAR LINEAR LINEAR LINEAR LINEAR LINEAR LINEAR LINEAR LINEAR LINEAR</Name_array>
        <technique_common>
          <accessor source="#mixamorig_LeftHandMiddle1-Interpolations-array" count="35">
            <param type="name"/>
          </accessor>
        </technique_common>
      </source>
      <sampler id="mixamorig_LeftHandMiddle1-Matrix-animation-transform">
        <input semantic="INPUT" source="#mixamorig_LeftHandMiddle1-Matrix-animation-input"/>
        <input semantic="OUTPUT" source="#mixamorig_LeftHandMiddle1-Matrix-animation-output-transform"/>
        <input semantic="INTERPOLATION" source="#mixamorig_LeftHandMiddle1-Interpolations"/>
      </sampler>
      <channel source="#mixamorig_LeftHandMiddle1-Matrix-animation-transform" target="mixamorig_LeftHandMiddle1/matrix"/>
    </animation>
    <animation id="mixamorig_LeftHandMiddle2-anim" name="mixamorig_LeftHandMiddle2">
      <source id="mixamorig_LeftHandMiddle2-Matrix-animation-input">
        <float_array id="mixamorig_LeftHandMiddle2-Matrix-animation-input-array" count="35">

0.000000 0.033333 0.066667 0.100000 0.133333 0.166667 0.200000 0.233333 0.266667 0.300000 0.333333 0.366667 0.400000 0.433333 0.466667 0.500000
0.533333 0.566667 0.600000 0.633333 0.666667 0.700000 0.733333 0.766667 0.800000 0.833333 0.866667 0.900000 0.933333 0.966667 1.000000 1.033333
1.066667 1.100000 1.133333</float_array>
        <technique_common>
          <accessor source="#mixamorig_LeftHandMiddle2-Matrix-animation-input-array" count="35">
            <param name="TIME" type="float"/>
          </accessor>
        </technique_common>
      </source>
      <source id="mixamorig_LeftHandMiddle2-Matrix-animation-output-transform">
        <float_array id="mixamorig_LeftHandMiddle2-Matrix-animation-output-transform-array" count="560">

0.999134 0.040419 -0.009828 0.002700 -0.039955 0.866800 -0.497052 8.151000 -0.011571 0.497015 0.867665 -0.000000 0.000000 0.000000 0.000000 1.000000
0.999154 0.040062 -0.009260 0.002700 -0.039386 0.867779 -0.495387 8.151000 -0.011810 0.495333 0.868623 0.000000 0.000000 0.000000 0.000000 1.000000
0.999186 0.039343 -0.008868 0.002700 -0.038734 0.874907 -0.482739 8.151000 -0.011234 0.482690 0.875719 0.000000 0.000000 0.000000 0.000000 1.000000
0.999254 0.037767 -0.008013 0.002700 -0.037255 0.888808 -0.456762 8.151000 -0.010128 0.456720 0.889553 -0.000000 0.000000 0.000000 0.000000 1.000000
0.999347 0.035462 -0.006908 0.002700 -0.035086 0.907012 -0.419640 8.151000 -0.008616 0.419608 0.907664 0.000000 0.000000 0.000000 0.000000 1.000000
0.999438 0.032992 -0.005870 0.002700 -0.032747 0.924398 -0.380021 8.151000 -0.007111 0.380000 0.924959 -0.000000 0.000000 0.000000 0.000000 1.000000
0.999507 0.030973 -0.005113 0.002700 -0.030817 0.937072 -0.347775 8.151000 -0.005981 0.347761 0.937564 0.000000 0.000000 0.000000 0.000000 1.000000
0.999549 0.029655 -0.004685 0.002700 -0.029557 0.944600 -0.326889 8.151000 -0.005268 0.326880 0.945051 0.000000 0.000000 0.000000 0.000000 1.000000
0.999569 0.029020 -0.004521 0.002700 -0.028956 0.947962 -0.317063 8.151000 -0.004915 0.317057 0.948394 -0.000000 0.000000 0.000000 0.000000 1.000000
0.999572 0.028909 -0.004553 0.002700 -0.028867 0.948377 -0.315830 8.151000 -0.004813 0.315826 0.948805 0.000000 0.000000 0.000000 0.000000 1.000000
0.999587 0.028392 -0.004425 0.002700 -0.028374 0.950954 -0.308029 8.151000 -0.004538 0.308027 0.951367 0.000000 0.000000 0.000000 0.000000 1.000000
0.999649 0.026233 -0.003659 0.002700 -0.026235 0.961606 -0.273176 8.151000 -0.003648 0.273176 0.961957 0.000000 0.000000 0.000000 0.000000 1.000000
0.999743 0.022545 -0.002458 0.002700 -0.022551 0.976774 -0.213081 8.151000 -0.002403 0.213082 0.977031 0.000000 0.000000 0.000000 0.000000 1.000000
0.999814 0.019239 -0.001543 0.002700 -0.019239 0.987057 -0.159209 8.151000 -0.001540 0.159210 0.987244 -0.000000 0.000000 0.000000 0.000000 1.000000
0.999843 0.017681 -0.001181 0.002700 -0.017680 0.990834 -0.133926 8.151000 -0.001197 0.133926 0.990991 0.000000 0.000000 0.000000 0.000000 1.000000
0.999848 0.017387 -0.001121 0.002700 -0.017386 0.991481 -0.129089 8.151000 -0.001133 0.129089 0.991632 0.000000 0.000000 0.000000 0.000000 1.000000
0.999841 0.017815 -0.001216 0.002700 -0.017815 0.990573 -0.135821 8.151000 -0.001215 0.135821 0.990733 0.000000 0.000000 0.000000 0.000000 1.000000
0.999819 0.018978 -0.001495 0.002700 -0.018981 0.987844 -0.154287 8.151000 -0.001451 0.154287 0.988025 0.000000 0.000000 0.000000 0.000000 1.000000
0.999789 0.020453 -0.001875 0.002700 -0.020460 0.983897 -0.177560 8.151000 -0.001787 0.177561 0.984108 0.000000 0.000000 0.000000 0.000000 1.000000
0.999767 0.021469 -0.002109 0.002700 -0.021472 0.980997 -0.192831 8.151000 -0.002070 0.192832 0.981230 0.000000 0.000000 0.000000 0.000000 1.000000
0.999755 0.022013 -0.002190 0.002700 -0.022008 0.979766 -0.198932 8.151000 -0.002233 0.198932 0.980011 -0.000000 0.000000 0.000000 0.000000 1.000000
0.999741 0.022642 -0.002288 0.002700 -0.022625 0.978045 -0.207161 8.151000 -0.002452 0.207159 0.978304 0.000000 0.000000 0.000000 0.000000 1.000000
0.999719 0.023592 -0.002462 0.002700 -0.023548 0.974651 -0.222486 8.151000 -0.002850 0.222482 0.974933 0.000000 0.000000 0.000000 0.000000 1.000000
0.999703 0.024217 -0.002554 0.002700 -0.024141 0.971842 -0.234395 8.151000 -0.003194 0.234387 0.972138 -0.000000 0.000000 0.000000 0.000000 1.000000
0.999707 0.024059 -0.002505 0.002700 -0.023976 0.971809 -0.234546 8.151000 -0.003209 0.234537 0.972102 0.000000 0.000000 0.000000 0.000000 1.000000
0.999708 0.024050 -0.002551 0.002700 -0.023973 0.971526 -0.235715 8.151000 -0.003191 0.235707 0.971819 0.000000 0.000000 0.000000 0.000000 1.000000
0.999674 0.025353 -0.003046 0.002700 -0.025281 0.965857 -0.257839 8.151000 -0.003595 0.257832 0.966183 -0.000000 0.000000 0.000000 0.000000 1.000000
0.999597 0.028092 -0.004070 0.002700 -0.028004 0.952563 -0.303050 8.151000 -0.004637 0.303042 0.952966 -0.000000 0.000000 0.000000 0.000000 1.000000
0.999491 0.031472 -0.005268 0.002700 -0.031275 0.933403 -0.357465 8.151000 -0.006333 0.357447 0.933912 0.000000 0.000000 0.000000 0.000000 1.000000
0.999379 0.034639 -0.006515 0.002700 -0.034281 0.912320 -0.408039 8.151000 -0.008190 0.408009 0.912941 0.000000 0.000000 0.000000 0.000000 1.000000
0.999280 0.037166 -0.007678 0.002700 -0.036659 0.892933 -0.448695 8.151000 -0.009820 0.448653 0.893652 0.000000 0.000000 0.000000 0.000000 1.000000
0.999205 0.038920 -0.008592 0.002700 -0.038301 0.877981 -0.477161 8.151000 -0.011028 0.477111 0.878774 0.000000 0.000000 0.000000 0.000000 1.000000
0.999163 0.039870 -0.009134 0.002700 -0.039189 0.869151 -0.492992 8.151000 -0.011717 0.492937 0.869986 0.000000 0.000000 0.000000 0.000000 1.000000
0.999149 0.040185 -0.009298 0.002700 -0.039468 0.865992 -0.498499 8.151000 -0.011981 0.498441 0.866841 0.000000 0.000000 0.000000 0.000000 1.000000
0.999134 0.040419 -0.009828 0.002700 -0.039955 0.866800 -0.497052 8.151000 -0.011571 0.497015 0.867665 0.000000 0.000000 0.000000 0.000000 1.000000</float_array>
        <technique_common>
          <accessor source="#mixamorig_LeftHandMiddle2-Matrix-animation-output-transform-array" count="35" stride="16">
            <param type="float4x4"/>
          </accessor>
        </technique_common>
      </source>
      <source id="mixamorig_LeftHandMiddle2-Interpolations">
        <Name_array id="mixamorig_LeftHandMiddle2-Interpolations-array" count="35">
 LINEAR LINEAR LINEAR LINEAR LINEAR LINEAR LINEAR LINEAR LINEAR LINEAR LINEAR
LINEAR LINEAR LINEAR LINEAR LINEAR LINEAR LINEAR LINEAR LINEAR LINEAR LINEAR LINEAR
LINEAR LINEAR LINEAR LINEAR LINEAR LINEAR LINEAR LINEAR LINEAR LINEAR LINEAR LINEAR</Name_array>
        <technique_common>
          <accessor source="#mixamorig_LeftHandMiddle2-Interpolations-array" count="35">
            <param type="name"/>
          </accessor>
        </technique_common>
      </source>
      <sampler id="mixamorig_LeftHandMiddle2-Matrix-animation-transform">
        <input semantic="INPUT" source="#mixamorig_LeftHandMiddle2-Matrix-animation-input"/>
        <input semantic="OUTPUT" source="#mixamorig_LeftHandMiddle2-Matrix-animation-output-transform"/>
        <input semantic="INTERPOLATION" source="#mixamorig_LeftHandMiddle2-Interpolations"/>
      </sampler>
      <channel source="#mixamorig_LeftHandMiddle2-Matrix-animation-transform" target="mixamorig_LeftHandMiddle2/matrix"/>
    </animation>
    <animation id="mixamorig_LeftHandMiddle3-anim" name="mixamorig_LeftHandMiddle3">
      <source id="mixamorig_LeftHandMiddle3-Matrix-animation-input">
        <float_array id="mixamorig_LeftHandMiddle3-Matrix-animation-input-array" count="35">

0.000000 0.033333 0.066667 0.100000 0.133333 0.166667 0.200000 0.233333 0.266667 0.300000 0.333333 0.366667 0.400000 0.433333 0.466667 0.500000
0.533333 0.566667 0.600000 0.633333 0.666667 0.700000 0.733333 0.766667 0.800000 0.833333 0.866667 0.900000 0.933333 0.966667 1.000000 1.033333
1.066667 1.100000 1.133333</float_array>
        <technique_common>
          <accessor source="#mixamorig_LeftHandMiddle3-Matrix-animation-input-array" count="35">
            <param name="TIME" type="float"/>
          </accessor>
        </technique_common>
      </source>
      <source id="mixamorig_LeftHandMiddle3-Matrix-animation-output-transform">
        <float_array id="mixamorig_LeftHandMiddle3-Matrix-animation-output-transform-array" count="560">

0.998814 0.047003 -0.012678 -0.001100 -0.042505 0.715004 -0.697827 4.559900 -0.023735 0.697539 0.716154 0.000000 0.000000 0.000000 0.000000 1.000000
0.998848 0.046331 -0.012528 -0.001100 -0.042016 0.717939 -0.694837 4.559900 -0.023198 0.694562 0.719058 0.000000 0.000000 0.000000 0.000000 1.000000
0.998921 0.044988 -0.011493 -0.001100 -0.040945 0.736692 -0.674988 4.559900 -0.021900 0.674730 0.737740 0.000000 0.000000 0.000000 0.000000 1.000000
0.999056 0.042330 -0.009740 -0.001100 -0.038846 0.770395 -0.636383 4.559900 -0.019435 0.636160 0.771312 0.000000 0.000000 0.000000 0.000000 1.000000
0.999215 0.038861 -0.007651 -0.001100 -0.035954 0.808915 -0.586825 4.559900 -0.016616 0.586640 0.809678 0.000000 0.000000 0.000000 0.000000 1.000000
0.999342 0.035750 -0.006088 -0.001100 -0.033322 0.838995 -0.543118 4.559900 -0.014309 0.542964 0.839634 0.000000 0.000000 0.000000 0.000000 1.000000
0.999426 0.033454 -0.005266 -0.001100 -0.031408 0.857437 -0.513630 4.559900 -0.012668 0.513501 0.857996 0.000000 0.000000 0.000000 0.000000 1.000000
0.999496 0.031402 -0.004684 -0.001100 -0.029688 0.872104 -0.488420 4.559900 -0.011253 0.488312 0.872596 0.000000 0.000000 0.000000 0.000000 1.000000
0.999570 0.029036 -0.004001 -0.001100 -0.027648 0.888718 -0.457621 4.559900 -0.009732 0.457535 0.889138 0.000000 0.000000 0.000000 0.000000 1.000000
0.999641 0.026605 -0.003320 -0.001100 -0.025504 0.905373 -0.423851 4.559900 -0.008271 0.423784 0.905726 0.000000 0.000000 0.000000 0.000000 1.000000
0.999713 0.023813 -0.002619 -0.001100 -0.022999 0.923411 -0.383124 4.559900 -0.006705 0.383074 0.923693 0.000000 0.000000 0.000000 0.000000 1.000000
0.999804 0.019717 -0.001717 -0.001100 -0.019225 0.946895 -0.320968 4.559900 -0.004703 0.320938 0.947089 0.000000 0.000000 0.000000 0.000000 1.000000
0.999894 0.014570 -0.000753 -0.001100 -0.014326 0.970736 -0.239722 4.559900 -0.002762 0.239707 0.970841 0.000000 0.000000 0.000000 0.000000 1.000000
0.999947 0.010320 -0.000217 -0.001100 -0.010205 0.985193 -0.171145 4.559900 -0.001552 0.171138 0.985246 0.000000 0.000000 0.000000 0.000000 1.000000
0.999965 0.008314 -0.000052 -0.001100 -0.008241 0.990302 -0.138686 4.559900 -0.001102 0.138681 0.990336 0.000000 0.000000 0.000000 0.000000 1.000000
0.999968 0.008004 -0.000025 -0.001100 -0.007936 0.991025 -0.133440 4.559900 -0.001044 0.133436 0.991057 0.000000 0.000000 0.000000 0.000000 1.000000
0.999962 0.008705 -0.000061 -0.001100 -0.008623 0.989478 -0.144429 4.559900 -0.001197 0.144424 0.989515 0.000000 0.000000 0.000000 0.000000 1.000000
0.999947 0.010324 -0.000191 -0.001100 -0.010206 0.985375 -0.170093 4.559900 -0.001568 0.170086 0.985428 0.000000 0.000000 0.000000 0.000000 1.000000
0.999923 0.012384 -0.000383 -0.001100 -0.012205 0.979180 -0.202625 4.559900 -0.002135 0.202614 0.979256 0.000000 0.000000 0.000000 0.000000 1.000000
0.999901 0.014064 -0.000533 -0.001100 -0.013813 0.973375 -0.228803 4.559900 -0.002699 0.228788 0.973473 0.000000 0.000000 0.000000 0.000000 1.000000
0.999883 0.015289 -0.000649 -0.001100 -0.014973 0.968740 -0.247626 4.559900 -0.003157 0.247607 0.968855 -0.000000 0.000000 0.000000 0.000000 1.000000
0.999859 0.016752 -0.000796 -0.001100 -0.016346 0.962754 -0.269885 4.559900 -0.003755 0.269860 0.962892 0.000000 0.000000 0.000000 0.000000 1.000000
0.999824 0.018732 -0.001033 -0.001100 -0.018180 0.953873 -0.299661 4.559900 -0.004628 0.299627 0.954045 -0.000000 0.000000 0.000000 0.000000 1.000000
0.999788 0.020533 -0.001295 -0.001100 -0.019831 0.945050 -0.326323 4.559900 -0.005477 0.326280 0.945257 0.000000 0.000000 0.000000 0.000000 1.000000
0.999763 0.021722 -0.001488 -0.001100 -0.020913 0.939002 -0.343274 4.559900 -0.006060 0.343224 0.939234 0.000000 0.000000 0.000000 0.000000 1.000000
0.999729 0.023228 -0.001770 -0.001100 -0.022273 0.930805 -0.364836 4.559900 -0.006827 0.364777 0.931070 -0.000000 0.000000 0.000000 0.000000 1.000000
0.999653 0.026214 -0.002485 -0.001100 -0.024947 0.912663 -0.407951 4.559900 -0.008426 0.407871 0.913001 0.000000 0.000000 0.000000 0.000000 1.000000
0.999532 0.030365 -0.003793 -0.001100 -0.028623 0.883884 -0.466829 4.559900 -0.010823 0.466719 0.884339 0.000000 0.000000 0.000000 0.000000 1.000000
0.999390 0.034493 -0.005472 -0.001100 -0.032229 0.850503 -0.524983 4.559900 -0.013454 0.524839 0.851095 -0.000000 0.000000 0.000000 0.000000 1.000000
0.999242 0.038239 -0.007332 -0.001100 -0.035440 0.815279 -0.577983 4.559900 -0.016124 0.577804 0.816016 0.000000 0.000000 0.000000 0.000000 1.000000
0.999088 0.041671 -0.009356 -0.001100 -0.038323 0.778023 -0.627066 4.559900 -0.018852 0.626853 0.778910 -0.000000 0.000000 0.000000 0.000000 1.000000
0.998947 0.044470 -0.011250 -0.001100 -0.040627 0.743849 -0.667111 4.559900 -0.021298 0.666866 0.744873 0.000000 0.000000 0.000000 0.000000 1.000000
0.998858 0.046108 -0.012548 -0.001100 -0.041983 0.721360 -0.691287 4.559900 -0.022822 0.691024 0.722472 0.000000 0.000000 0.000000 0.000000 1.000000
0.998827 0.046643 -0.013007 -0.001100 -0.042411 0.713038 -0.699842 4.559900 -0.023368 0.699573 0.714179 0.000000 0.000000 0.000000 0.000000 1.000000
0.998812 0.047003 -0.012867 -0.001100 -0.042637 0.715004 -0.697819 4.559900 -0.023600 0.697538 0.716159 0.000000 0.000000 0.000000 0.000000 1.000000</float_array>
        <technique_common>
          <accessor source="#mixamorig_LeftHandMiddle3-Matrix-animation-output-transform-array" count="35" stride="16">
            <param type="float4x4"/>
          </accessor>
        </technique_common>
      </source>
      <source id="mixamorig_LeftHandMiddle3-Interpolations">
        <Name_array id="mixamorig_LeftHandMiddle3-Interpolations-array" count="35">
 LINEAR LINEAR LINEAR LINEAR LINEAR LINEAR LINEAR LINEAR LINEAR LINEAR LINEAR
LINEAR LINEAR LINEAR LINEAR LINEAR LINEAR LINEAR LINEAR LINEAR LINEAR LINEAR LINEAR
LINEAR LINEAR LINEAR LINEAR LINEAR LINEAR LINEAR LINEAR LINEAR LINEAR LINEAR LINEAR</Name_array>
        <technique_common>
          <accessor source="#mixamorig_LeftHandMiddle3-Interpolations-array" count="35">
            <param type="name"/>
          </accessor>
        </technique_common>
      </source>
      <sampler id="mixamorig_LeftHandMiddle3-Matrix-animation-transform">
        <input semantic="INPUT" source="#mixamorig_LeftHandMiddle3-Matrix-animation-input"/>
        <input semantic="OUTPUT" source="#mixamorig_LeftHandMiddle3-Matrix-animation-output-transform"/>
        <input semantic="INTERPOLATION" source="#mixamorig_LeftHandMiddle3-Interpolations"/>
      </sampler>
      <channel source="#mixamorig_LeftHandMiddle3-Matrix-animation-transform" target="mixamorig_LeftHandMiddle3/matrix"/>
    </animation>
    <animation id="mixamorig_LeftHandRing1-anim" name="mixamorig_LeftHandRing1">
      <source id="mixamorig_LeftHandRing1-Matrix-animation-input">
        <float_array id="mixamorig_LeftHandRing1-Matrix-animation-input-array" count="35">

0.000000 0.033333 0.066667 0.100000 0.133333 0.166667 0.200000 0.233333 0.266667 0.300000 0.333333 0.366667 0.400000 0.433333 0.466667 0.500000
0.533333 0.566667 0.600000 0.633333 0.666667 0.700000 0.733333 0.766667 0.800000 0.833333 0.866667 0.900000 0.933333 0.966667 1.000000 1.033333
1.066667 1.100000 1.133333</float_array>
        <technique_common>
          <accessor source="#mixamorig_LeftHandRing1-Matrix-animation-input-array" count="35">
            <param name="TIME" type="float"/>
          </accessor>
        </technique_common>
      </source>
      <source id="mixamorig_LeftHandRing1-Matrix-animation-output-transform">
        <float_array id="mixamorig_LeftHandRing1-Matrix-animation-output-transform-array" count="560">

0.965692 0.253980 0.054160 7.071600 -0.228679 0.930505 -0.286122 14.022100 -0.123065 0.263920 0.956661 -0.727900 0.000000 0.000000 0.000000 1.000000
0.962137 0.267842 0.050520 7.071600 -0.244040 0.929070 -0.277981 14.022100 -0.121391 0.255127 0.959257 -0.727900 0.000000 0.000000 0.000000 1.000000
0.960674 0.273043 0.050532 7.071600 -0.249575 0.928802 -0.273933 14.022100 -0.121730 0.250549 0.960420 -0.727900 0.000000 0.000000 0.000000 1.000000
0.967275 0.245978 0.062243 7.071600 -0.218902 0.933046 -0.285495 14.022100 -0.128301 0.262528 0.956357 -0.727900 0.000000 0.000000 0.000000 1.000000
0.977713 0.192610 0.083537 7.071600 -0.158085 0.937245 -0.310776 14.022100 -0.138153 0.290644 0.946805 -0.727900 0.000000 0.000000 0.000000 1.000000
0.981243 0.168906 0.092915 7.071600 -0.128852 0.933157 -0.335582 14.022100 -0.143386 0.317315 0.937417 -0.727900 0.000000 0.000000 0.000000 1.000000
0.971192 0.229182 0.065284 7.071600 -0.191084 0.912662 -0.361296 14.022100 -0.142385 0.338413 0.930163 -0.727900 0.000000 0.000000 0.000000 1.000000
0.938713 0.344686 0.003020 7.071600 -0.312765 0.855400 -0.412879 14.022100 -0.144897 0.386630 0.910781 -0.727900 0.000000 0.000000 0.000000 1.000000
0.901772 0.426098 -0.072444 7.071600 -0.397880 0.752928 -0.524206 14.022100 -0.168818 0.501538 0.848505 -0.727900 0.000000 0.000000 0.000000 1.000000
0.885931 0.439176 -0.149166 7.071600 -0.418671 0.618810 -0.664672 14.022100 -0.199603 0.651305 0.732093 -0.727900 0.000000 0.000000 0.000000 1.000000
0.875799 0.436246 -0.206557 7.071600 -0.430630 0.512903 -0.742622 14.022100 -0.218022 0.739337 0.637061 -0.727900 0.000000 0.000000 0.000000 1.000000
0.856991 0.467351 -0.217140 7.071600 -0.461817 0.509518 -0.726028 14.022100 -0.228673 0.722478 0.652483 -0.727900 0.000000 0.000000 0.000000 1.000000
0.840667 0.510140 -0.181758 7.071600 -0.493711 0.584024 -0.644334 14.022100 -0.222550 0.631406 0.742831 -0.727900 0.000000 0.000000 0.000000 1.000000
0.841641 0.521869 -0.138902 7.071600 -0.498402 0.651585 -0.571867 14.022100 -0.207933 0.550535 0.808501 -0.727900 0.000000 0.000000 0.000000 1.000000
0.857657 0.501556 -0.113434 7.071600 -0.473371 0.683907 -0.555149 14.022100 -0.200860 0.529824 0.823979 -0.727900 0.000000 0.000000 0.000000 1.000000
0.871268 0.480592 -0.099614 7.071600 -0.449343 0.699414 -0.555798 14.022100 -0.197441 0.529010 0.825328 -0.727900 0.000000 0.000000 0.000000 1.000000
0.872331 0.480161 -0.092114 7.071600 -0.448164 0.709995 -0.543191 14.022100 -0.195419 0.515124 0.834541 -0.727900 0.000000 0.000000 0.000000 1.000000
0.866145 0.491557 -0.090352 7.071600 -0.459867 0.713024 -0.529263 14.022100 -0.195740 0.499968 0.843634 -0.727900 0.000000 0.000000 0.000000 1.000000
0.864060 0.495946 -0.086244 7.071600 -0.463235 0.716328 -0.521812 14.022100 -0.197011 0.490828 0.848690 -0.727900 0.000000 0.000000 0.000000 1.000000
0.872708 0.483508 -0.067835 7.071600 -0.448100 0.738015 -0.504519 14.022100 -0.193876 0.470695 0.860732 -0.727900 0.000000 0.000000 0.000000 1.000000
0.893022 0.448714 -0.034185 7.071600 -0.410597 0.781356 -0.469993 14.022100 -0.184181 0.433750 0.882008 -0.727900 0.000000 0.000000 0.000000 1.000000
0.920948 0.389680 0.002042 7.071600 -0.349213 0.827614 -0.439437 14.022100 -0.172929 0.403986 0.898271 -0.727900 0.000000 0.000000 0.000000 1.000000
0.943855 0.329285 0.026619 7.071600 -0.286763 0.856643 -0.428871 14.022100 -0.164024 0.397158 0.902974 -0.727900 0.000000 0.000000 0.000000 1.000000
0.950130 0.309805 0.035693 7.071600 -0.267409 0.868254 -0.417885 14.022100 -0.160453 0.387501 0.907798 -0.727900 0.000000 0.000000 0.000000 1.000000
0.938972 0.342007 0.036919 7.071600 -0.303156 0.873441 -0.381048 14.022100 -0.162567 0.346601 0.923818 -0.727900 0.000000 0.000000 0.000000 1.000000
0.922361 0.384531 0.037242 7.071600 -0.351228 0.874799 -0.333715 14.022100 -0.160903 0.294725 0.941938 -0.727900 0.000000 0.000000 0.000000 1.000000
0.919669 0.390940 0.037076 7.071600 -0.360917 0.878681 -0.312504 14.022100 -0.154748 0.274019 0.949193 -0.727900 0.000000 0.000000 0.000000 1.000000
0.935387 0.351425 0.039385 7.071600 -0.321763 0.892013 -0.317461 14.022100 -0.146696 0.284276 0.947453 -0.727900 0.000000 0.000000 0.000000 1.000000
0.954140 0.295510 0.047868 7.071600 -0.266061 0.910384 -0.316880 14.022100 -0.137219 0.289612 0.947257 -0.727900 0.000000 0.000000 0.000000 1.000000
0.965396 0.254050 0.058902 7.071600 -0.225589 0.926835 -0.300145 14.022100 -0.130844 0.276471 0.952073 -0.727900 0.000000 0.000000 0.000000 1.000000
0.969938 0.234201 0.066103 7.071600 -0.206971 0.936790 -0.282114 14.022100 -0.127996 0.259952 0.957101 -0.727900 0.000000 0.000000 0.000000 1.000000
0.970639 0.231048 0.066904 7.071600 -0.204796 0.939684 -0.273957 14.022100 -0.126166 0.252212 0.959412 -0.727900 0.000000 0.000000 0.000000 1.000000
0.969308 0.237601 0.063156 7.071600 -0.212016 0.937909 -0.274547 14.022100 -0.124467 0.252730 0.959497 -0.727900 0.000000 0.000000 0.000000 1.000000
0.967329 0.246770 0.058124 7.071600 -0.221531 0.934233 -0.279524 14.022100 -0.123279 0.257515 0.958378 -0.727900 0.000000 0.000000 0.000000 1.000000
0.965738 0.253841 0.053990 7.071600 -0.228594 0.930535 -0.286095 14.022100 -0.122862 0.263951 0.956679 -0.727900 0.000000 0.000000 0.000000 1.000000</float_array>
        <technique_common>
          <accessor source="#mixamorig_LeftHandRing1-Matrix-animation-output-transform-array" count="35" stride="16">
            <param type="float4x4"/>
          </accessor>
        </technique_common>
      </source>
      <source id="mixamorig_LeftHandRing1-Interpolations">
        <Name_array id="mixamorig_LeftHandRing1-Interpolations-array" count="35">
 LINEAR LINEAR LINEAR LINEAR LINEAR LINEAR LINEAR LINEAR LINEAR LINEAR LINEAR
LINEAR LINEAR LINEAR LINEAR LINEAR LINEAR LINEAR LINEAR LINEAR LINEAR LINEAR LINEAR
LINEAR LINEAR LINEAR LINEAR LINEAR LINEAR LINEAR LINEAR LINEAR LINEAR LINEAR LINEAR</Name_array>
        <technique_common>
          <accessor source="#mixamorig_LeftHandRing1-Interpolations-array" count="35">
            <param type="name"/>
          </accessor>
        </technique_common>
      </source>
      <sampler id="mixamorig_LeftHandRing1-Matrix-animation-transform">
        <input semantic="INPUT" source="#mixamorig_LeftHandRing1-Matrix-animation-input"/>
        <input semantic="OUTPUT" source="#mixamorig_LeftHandRing1-Matrix-animation-output-transform"/>
        <input semantic="INTERPOLATION" source="#mixamorig_LeftHandRing1-Interpolations"/>
      </sampler>
      <channel source="#mixamorig_LeftHandRing1-Matrix-animation-transform" target="mixamorig_LeftHandRing1/matrix"/>
    </animation>
    <animation id="mixamorig_LeftHandRing2-anim" name="mixamorig_LeftHandRing2">
      <source id="mixamorig_LeftHandRing2-Matrix-animation-input">
        <float_array id="mixamorig_LeftHandRing2-Matrix-animation-input-array" count="35">

0.000000 0.033333 0.066667 0.100000 0.133333 0.166667 0.200000 0.233333 0.266667 0.300000 0.333333 0.366667 0.400000 0.433333 0.466667 0.500000
0.533333 0.566667 0.600000 0.633333 0.666667 0.700000 0.733333 0.766667 0.800000 0.833333 0.866667 0.900000 0.933333 0.966667 1.000000 1.033333
1.066667 1.100000 1.133333</float_array>
        <technique_common>
          <accessor source="#mixamorig_LeftHandRing2-Matrix-animation-input-array" count="35">
            <param name="TIME" type="float"/>
          </accessor>
        </technique_common>
      </source>
      <source id="mixamorig_LeftHandRing2-Matrix-animation-output-transform">
        <float_array id="mixamorig_LeftHandRing2-Matrix-animation-output-transform-array" count="560">

0.999474 0.031093 -0.009187 0.005000 -0.031511 0.864885 -0.500981 6.963300 -0.007632 0.501007 0.865410 0.000000 0.000000 0.000000 0.000000 1.000000
0.999485 0.030954 -0.008409 0.005000 -0.031026 0.866431 -0.498332 6.963300 -0.008139 0.498337 0.866945 0.000000 0.000000 0.000000 0.000000 1.000000
0.999488 0.030876 -0.008375 0.005000 -0.030958 0.867464 -0.496535 6.963300 -0.008066 0.496540 0.867976 0.000000 0.000000 0.000000 0.000000 1.000000
0.999493 0.030735 -0.008282 0.005000 -0.030817 0.869113 -0.493652 6.963300 -0.007975 0.493657 0.869620 -0.000000 0.000000 0.000000 0.000000 1.000000
0.999512 0.030232 -0.007884 0.005000 -0.030265 0.874265 -0.484504 6.963300 -0.007755 0.484506 0.874753 0.000000 0.000000 0.000000 0.000000 1.000000
0.999551 0.029137 -0.006970 0.005000 -0.029036 0.884846 -0.464979 6.963300 -0.007380 0.464972 0.885294 -0.000000 0.000000 0.000000 0.000000 1.000000
0.999590 0.027982 -0.006091 0.005000 -0.027774 0.895431 -0.444333 6.963300 -0.006979 0.444320 0.895841 0.000000 0.000000 0.000000 0.000000 1.000000
0.999579 0.028332 -0.006208 0.005000 -0.028082 0.891775 -0.451606 6.963300 -0.007258 0.451591 0.892196 0.000000 0.000000 0.000000 0.000000 1.000000
0.999468 0.031574 -0.008130 0.005000 -0.031292 0.858895 -0.511195 6.963300 -0.009158 0.511178 0.859426 -0.000000 0.000000 0.000000 0.000000 1.000000
0.999270 0.036360 -0.011720 0.005000 -0.036118 0.799266 -0.599891 6.963300 -0.012445 0.599877 0.799996 0.000000 0.000000 0.000000 0.000000 1.000000
0.999117 0.039443 -0.014440 0.005000 -0.039210 0.752557 -0.657359 6.963300 -0.015061 0.657345 0.753439 0.000000 0.000000 0.000000 0.000000 1.000000
0.999143 0.039044 -0.013738 0.005000 -0.038617 0.759923 -0.648865 6.963300 -0.014894 0.648840 0.760779 -0.000000 0.000000 0.000000 0.000000 1.000000
0.999299 0.035921 -0.010506 0.005000 -0.035188 0.806150 -0.590664 6.963300 -0.012747 0.590620 0.806849 0.000000 0.000000 0.000000 0.000000 1.000000
0.999426 0.032913 -0.007982 0.005000 -0.032053 0.843149 -0.536723 6.963300 -0.010935 0.536671 0.843720 -0.000000 0.000000 0.000000 0.000000 1.000000
0.999467 0.031830 -0.007186 0.005000 -0.030953 0.855094 -0.517547 6.963300 -0.010328 0.517494 0.855624 0.000000 0.000000 0.000000 0.000000 1.000000
0.999481 0.031440 -0.006998 0.005000 -0.030600 0.859070 -0.510943 6.963300 -0.010053 0.510892 0.859586 0.000000 0.000000 0.000000 0.000000 1.000000
0.999508 0.030659 -0.006661 0.005000 -0.029903 0.866657 -0.498008 6.963300 -0.009496 0.497962 0.867147 0.000000 0.000000 0.000000 0.000000 1.000000
0.999534 0.029853 -0.006400 0.005000 -0.029220 0.874600 -0.483964 6.963300 -0.008850 0.483926 0.875064 0.000000 0.000000 0.000000 0.000000 1.000000
0.999556 0.029108 -0.006291 0.005000 -0.028643 0.881892 -0.470580 6.963300 -0.008150 0.470552 0.882335 0.000000 0.000000 0.000000 0.000000 1.000000
0.999597 0.027769 -0.005973 0.005000 -0.027517 0.894567 -0.446086 6.963300 -0.007044 0.446071 0.894970 0.000000 0.000000 0.000000 0.000000 1.000000
0.999658 0.025615 -0.005291 0.005000 -0.025551 0.913151 -0.406819 6.963300 -0.005589 0.406815 0.913493 0.000000 0.000000 0.000000 0.000000 1.000000
0.999712 0.023526 -0.004735 0.005000 -0.023613 0.929160 -0.368924 6.963300 -0.004280 0.368929 0.929448 -0.000000 0.000000 0.000000 0.000000 1.000000
0.999741 0.022305 -0.004605 0.005000 -0.022516 0.937562 -0.347088 6.963300 -0.003424 0.347102 0.937821 -0.000000 0.000000 0.000000 0.000000 1.000000
0.999758 0.021507 -0.004566 0.005000 -0.021799 0.942532 -0.333404 6.963300 -0.002867 0.333423 0.942773 0.000000 0.000000 0.000000 0.000000 1.000000
0.999782 0.020437 -0.004318 0.005000 -0.020757 0.948849 -0.315048 6.963300 -0.002342 0.315069 0.949066 0.000000 0.000000 0.000000 0.000000 1.000000
0.999799 0.019646 -0.004057 0.005000 -0.019956 0.953437 -0.300931 6.963300 -0.002044 0.300951 0.953637 -0.000000 0.000000 0.000000 0.000000 1.000000
0.999790 0.020043 -0.004258 0.005000 -0.020379 0.951040 -0.308394 6.963300 -0.002131 0.308416 0.951249 0.000000 0.000000 0.000000 0.000000 1.000000
0.999757 0.021496 -0.004900 0.005000 -0.021895 0.941929 -0.335098 6.963300 -0.002588 0.335124 0.942171 -0.000000 0.000000 0.000000 0.000000 1.000000
0.999714 0.023215 -0.005682 0.005000 -0.023682 0.930104 -0.366532 6.963300 -0.003224 0.366562 0.930388 0.000000 0.000000 0.000000 0.000000 1.000000
0.999665 0.025070 -0.006456 0.005000 -0.025561 0.916372 -0.399511 6.963300 -0.004100 0.399542 0.916706 0.000000 0.000000 0.000000 0.000000 1.000000
0.999603 0.027221 -0.007311 0.005000 -0.027680 0.899213 -0.436635 6.963300 -0.005311 0.436664 0.899609 -0.000000 0.000000 0.000000 0.000000 1.000000
0.999537 0.029271 -0.008257 0.005000 -0.029702 0.881116 -0.471967 6.963300 -0.006540 0.471994 0.881577 0.000000 0.000000 0.000000 0.000000 1.000000
0.999492 0.030564 -0.009069 0.005000 -0.031042 0.868146 -0.495337 6.963300 -0.007266 0.495367 0.868653 0.000000 0.000000 0.000000 0.000000 1.000000
0.999475 0.031020 -0.009397 0.005000 -0.031528 0.863229 -0.503827 6.963300 -0.007517 0.503858 0.863754 0.000000 0.000000 0.000000 0.000000 1.000000
0.999480 0.030868 -0.009287 0.005000 -0.031366 0.864885 -0.500989 6.963300 -0.007432 0.501020 0.865404 0.000000 0.000000 0.000000 0.000000 1.000000</float_array>
        <technique_common>
          <accessor source="#mixamorig_LeftHandRing2-Matrix-animation-output-transform-array" count="35" stride="16">
            <param type="float4x4"/>
          </accessor>
        </technique_common>
      </source>
      <source id="mixamorig_LeftHandRing2-Interpolations">
        <Name_array id="mixamorig_LeftHandRing2-Interpolations-array" count="35">
 LINEAR LINEAR LINEAR LINEAR LINEAR LINEAR LINEAR LINEAR LINEAR LINEAR LINEAR
LINEAR LINEAR LINEAR LINEAR LINEAR LINEAR LINEAR LINEAR LINEAR LINEAR LINEAR LINEAR
LINEAR LINEAR LINEAR LINEAR LINEAR LINEAR LINEAR LINEAR LINEAR LINEAR LINEAR LINEAR</Name_array>
        <technique_common>
          <accessor source="#mixamorig_LeftHandRing2-Interpolations-array" count="35">
            <param type="name"/>
          </accessor>
        </technique_common>
      </source>
      <sampler id="mixamorig_LeftHandRing2-Matrix-animation-transform">
        <input semantic="INPUT" source="#mixamorig_LeftHandRing2-Matrix-animation-input"/>
        <input semantic="OUTPUT" source="#mixamorig_LeftHandRing2-Matrix-animation-output-transform"/>
        <input semantic="INTERPOLATION" source="#mixamorig_LeftHandRing2-Interpolations"/>
      </sampler>
      <channel source="#mixamorig_LeftHandRing2-Matrix-animation-transform" target="mixamorig_LeftHandRing2/matrix"/>
    </animation>
    <animation id="mixamorig_LeftHandRing3-anim" name="mixamorig_LeftHandRing3">
      <source id="mixamorig_LeftHandRing3-Matrix-animation-input">
        <float_array id="mixamorig_LeftHandRing3-Matrix-animation-input-array" count="35">

0.000000 0.033333 0.066667 0.100000 0.133333 0.166667 0.200000 0.233333 0.266667 0.300000 0.333333 0.366667 0.400000 0.433333 0.466667 0.500000
0.533333 0.566667 0.600000 0.633333 0.666667 0.700000 0.733333 0.766667 0.800000 0.833333 0.866667 0.900000 0.933333 0.966667 1.000000 1.033333
1.066667 1.100000 1.133333</float_array>
        <technique_common>
          <accessor source="#mixamorig_LeftHandRing3-Matrix-animation-input-array" count="35">
            <param name="TIME" type="float"/>
          </accessor>
        </technique_common>
      </source>
      <source id="mixamorig_LeftHandRing3-Matrix-animation-output-transform">
        <float_array id="mixamorig_LeftHandRing3-Matrix-animation-output-transform-array" count="560">

0.998657 0.048927 -0.017015 -0.001000 -0.047728 0.741416 -0.669346 3.798600 -0.020134 0.669260 0.742756 0.000000 0.000000 0.000000 0.000000 1.000000
0.998680 0.048572 -0.016682 -0.001000 -0.047296 0.743262 -0.667327 3.798600 -0.020014 0.667235 0.744578 0.000000 0.000000 0.000000 0.000000 1.000000
0.998708 0.048148 -0.016252 -0.001000 -0.046916 0.750730 -0.658941 3.798600 -0.019526 0.658852 0.752019 0.000000 0.000000 0.000000 0.000000 1.000000
0.998764 0.047262 -0.015383 -0.001000 -0.046106 0.765434 -0.641861 3.798600 -0.018561 0.641777 0.766667 0.000000 0.000000 0.000000 0.000000 1.000000
0.998848 0.045871 -0.014097 -0.001000 -0.044823 0.786893 -0.615459 3.798600 -0.017139 0.615382 0.788043 -0.000000 0.000000 0.000000 0.000000 1.000000
0.998944 0.044172 -0.012640 -0.001000 -0.043233 0.810588 -0.584018 3.798600 -0.015551 0.583948 0.811642 -0.000000 0.000000 0.000000 0.000000 1.000000
0.999016 0.042818 -0.011570 -0.001000 -0.041934 0.826854 -0.560852 3.798600 -0.014448 0.560785 0.827835 0.000000 0.000000 0.000000 0.000000 1.000000
0.999002 0.043076 -0.011794 -0.001000 -0.042167 0.822717 -0.566886 3.798600 -0.014716 0.566817 0.823712 0.000000 0.000000 0.000000 0.000000 1.000000
0.998870 0.045367 -0.014150 -0.001000 -0.044489 0.788015 -0.614047 3.798600 -0.016707 0.613983 0.789143 0.000000 0.000000 0.000000 0.000000 1.000000
0.998662 0.048592 -0.017666 -0.001000 -0.047656 0.732581 -0.679009 3.798600 -0.020052 0.678943 0.733917 0.000000 0.000000 0.000000 0.000000 1.000000
0.998545 0.050196 -0.019688 -0.001000 -0.049238 0.700056 -0.712388 3.798600 -0.021976 0.712321 0.701509 0.000000 0.000000 0.000000 0.000000 1.000000
0.998648 0.048731 -0.018111 -0.001000 -0.047885 0.726559 -0.685434 3.798600 -0.020243 0.685374 0.727910 0.000000 0.000000 0.000000 0.000000 1.000000
0.998891 0.044827 -0.014429 -0.001000 -0.044260 0.788990 -0.612810 3.798600 -0.016086 0.612769 0.790098 0.000000 0.000000 0.000000 0.000000 1.000000
0.999077 0.041324 -0.011682 -0.001000 -0.040964 0.835425 -0.548076 3.798600 -0.012889 0.548049 0.836347 0.000000 0.000000 0.000000 0.000000 1.000000
0.999142 0.039992 -0.010741 -0.001000 -0.039691 0.850981 -0.523695 3.798600 -0.011803 0.523672 0.851838 0.000000 0.000000 0.000000 0.000000 1.000000
0.999157 0.039682 -0.010478 -0.001000 -0.039369 0.854524 -0.517918 3.798600 -0.011598 0.517894 0.855366 0.000000 0.000000 0.000000 0.000000 1.000000
0.999175 0.039325 -0.010162 -0.001000 -0.038993 0.858702 -0.510990 3.798600 -0.011368 0.510964 0.859527 0.000000 0.000000 0.000000 0.000000 1.000000
0.999185 0.039110 -0.009956 -0.001000 -0.038759 0.861227 -0.506741 3.798600 -0.011245 0.506714 0.862041 -0.000000 0.000000 0.000000 0.000000 1.000000
0.999189 0.039048 -0.009855 -0.001000 -0.038674 0.862097 -0.505265 3.798600 -0.011234 0.505237 0.862908 0.000000 0.000000 0.000000 0.000000 1.000000
0.999216 0.038447 -0.009405 -0.001000 -0.038076 0.868808 -0.493683 3.798600 -0.010809 0.493655 0.869591 0.000000 0.000000 0.000000 0.000000 1.000000
0.999277 0.037069 -0.008499 -0.001000 -0.036739 0.883130 -0.467688 3.798600 -0.009831 0.467662 0.883853 0.000000 0.000000 0.000000 0.000000 1.000000
0.999333 0.035704 -0.007666 -0.001000 -0.035415 0.896380 -0.441870 3.798600 -0.008904 0.441847 0.897046 0.000000 0.000000 0.000000 0.000000 1.000000
0.999359 0.035042 -0.007267 -0.001000 -0.034771 0.902676 -0.428915 3.798600 -0.008470 0.428893 0.903316 0.000000 0.000000 0.000000 0.000000 1.000000
0.999376 0.034628 -0.007009 -0.001000 -0.034365 0.906681 -0.420415 3.798600 -0.008203 0.420393 0.907305 0.000000 0.000000 0.000000 0.000000 1.000000
0.999403 0.033921 -0.006592 -0.001000 -0.033671 0.913065 -0.406422 3.798600 -0.007767 0.406401 0.913662 0.000000 0.000000 0.000000 0.000000 1.000000
0.999410 0.033727 -0.006424 -0.001000 -0.033472 0.915466 -0.401001 3.798600 -0.007644 0.400980 0.916055 0.000000 0.000000 0.000000 0.000000 1.000000
0.999356 0.035180 -0.007104 -0.001000 -0.034862 0.904527 -0.424990 3.798600 -0.008525 0.424964 0.905170 0.000000 0.000000 0.000000 0.000000 1.000000
0.999242 0.037966 -0.008577 -0.001000 -0.037498 0.879939 -0.473605 3.798600 -0.010434 0.473568 0.880695 0.000000 0.000000 0.000000 0.000000 1.000000
0.999112 0.040837 -0.010348 -0.001000 -0.040187 0.850187 -0.524945 3.798600 -0.012640 0.524895 0.851073 0.000000 0.000000 0.000000 0.000000 1.000000
0.998991 0.043262 -0.012065 -0.001000 -0.042440 0.821383 -0.568795 3.798600 -0.014697 0.568733 0.822391 0.000000 0.000000 0.000000 0.000000 1.000000
0.998878 0.045332 -0.013691 -0.001000 -0.044340 0.793844 -0.606503 3.798600 -0.016625 0.606430 0.794963 0.000000 0.000000 0.000000 0.000000 1.000000
0.998781 0.046969 -0.015173 -0.001000 -0.045859 0.769338 -0.637193 3.798600 -0.018255 0.637113 0.770555 0.000000 0.000000 0.000000 0.000000 1.000000
0.998715 0.048026 -0.016197 -0.001000 -0.046833 0.752241 -0.657222 3.798600 -0.019379 0.657136 0.753523 0.000000 0.000000 0.000000 0.000000 1.000000
0.998682 0.048527 -0.016703 -0.001000 -0.047290 0.743707 -0.666831 3.798600 -0.019937 0.666742 0.745022 0.000000 0.000000 0.000000 0.000000 1.000000
0.998658 0.048894 -0.017051 -0.001000 -0.047728 0.741417 -0.669345 3.798600 -0.020085 0.669261 0.742756 0.000000 0.000000 0.000000 0.000000 1.000000</float_array>
        <technique_common>
          <accessor source="#mixamorig_LeftHandRing3-Matrix-animation-output-transform-array" count="35" stride="16">
            <param type="float4x4"/>
          </accessor>
        </technique_common>
      </source>
      <source id="mixamorig_LeftHandRing3-Interpolations">
        <Name_array id="mixamorig_LeftHandRing3-Interpolations-array" count="35">
 LINEAR LINEAR LINEAR LINEAR LINEAR LINEAR LINEAR LINEAR LINEAR LINEAR LINEAR
LINEAR LINEAR LINEAR LINEAR LINEAR LINEAR LINEAR LINEAR LINEAR LINEAR LINEAR LINEAR
LINEAR LINEAR LINEAR LINEAR LINEAR LINEAR LINEAR LINEAR LINEAR LINEAR LINEAR LINEAR</Name_array>
        <technique_common>
          <accessor source="#mixamorig_LeftHandRing3-Interpolations-array" count="35">
            <param type="name"/>
          </accessor>
        </technique_common>
      </source>
      <sampler id="mixamorig_LeftHandRing3-Matrix-animation-transform">
        <input semantic="INPUT" source="#mixamorig_LeftHandRing3-Matrix-animation-input"/>
        <input semantic="OUTPUT" source="#mixamorig_LeftHandRing3-Matrix-animation-output-transform"/>
        <input semantic="INTERPOLATION" source="#mixamorig_LeftHandRing3-Interpolations"/>
      </sampler>
      <channel source="#mixamorig_LeftHandRing3-Matrix-animation-transform" target="mixamorig_LeftHandRing3/matrix"/>
    </animation>
    <animation id="mixamorig_LeftHandPinky1-anim" name="mixamorig_LeftHandPinky1">
      <source id="mixamorig_LeftHandPinky1-Matrix-animation-input">
        <float_array id="mixamorig_LeftHandPinky1-Matrix-animation-input-array" count="35">

0.000000 0.033333 0.066667 0.100000 0.133333 0.166667 0.200000 0.233333 0.266667 0.300000 0.333333 0.366667 0.400000 0.433333 0.466667 0.500000
0.533333 0.566667 0.600000 0.633333 0.666667 0.700000 0.733333 0.766667 0.800000 0.833333 0.866667 0.900000 0.933333 0.966667 1.000000 1.033333
1.066667 1.100000 1.133333</float_array>
        <technique_common>
          <accessor source="#mixamorig_LeftHandPinky1-Matrix-animation-input-array" count="35">
            <param name="TIME" type="float"/>
          </accessor>
        </technique_common>
      </source>
      <source id="mixamorig_LeftHandPinky1-Matrix-animation-output-transform">
        <float_array id="mixamorig_LeftHandPinky1-Matrix-animation-output-transform-array" count="560">

0.949334 0.277080 -0.148295 10.979800 -0.303797 0.929901 -0.207342 13.885000 0.080449 0.241888 0.966963 0.589700 0.000000 0.000000 0.000000 1.000000
0.946014 0.289526 -0.145712 10.979800 -0.314337 0.929156 -0.194578 13.885000 0.079054 0.229877 0.970004 0.589700 0.000000 0.000000 0.000000 1.000000
0.946303 0.290887 -0.141051 10.979800 -0.315253 0.926962 -0.203362 13.885000 0.071593 0.236909 0.968890 0.589700 0.000000 0.000000 0.000000 1.000000
0.955964 0.263871 -0.128473 10.979800 -0.287683 0.929121 -0.232319 13.885000 0.058065 0.259048 0.964117 0.589700 0.000000 0.000000 0.000000 1.000000
0.969635 0.223034 -0.100315 10.979800 -0.241400 0.938573 -0.246592 13.885000 0.039154 0.263320 0.963914 0.589700 0.000000 0.000000 0.000000 1.000000
0.972419 0.225653 -0.059012 10.979800 -0.232986 0.951606 -0.200410 13.885000 0.010933 0.208631 0.977933 0.589700 0.000000 0.000000 0.000000 1.000000
0.949750 0.311807 -0.027429 10.979800 -0.312761 0.941844 -0.122925 13.885000 -0.012495 0.125327 0.992037 0.589700 0.000000 0.000000 0.000000 1.000000
0.896966 0.440500 -0.037587 10.979800 -0.441010 0.885548 -0.145996 13.885000 -0.031027 0.147530 0.988571 0.589700 0.000000 0.000000 0.000000 1.000000
0.843385 0.523693 -0.120199 10.979800 -0.528101 0.766679 -0.365121 13.885000 -0.099057 0.371414 0.923168 0.589700 0.000000 0.000000 0.000000 1.000000
0.812200 0.520185 -0.264080 10.979800 -0.550638 0.534059 -0.641544 13.885000 -0.192687 0.666475 0.720196 0.589700 0.000000 0.000000 0.000000 1.000000
0.787631 0.493869 -0.368416 10.979800 -0.558871 0.320880 -0.764657 13.885000 -0.259423 0.808165 0.528744 0.589700 0.000000 0.000000 0.000000 1.000000
0.771294 0.525416 -0.359227 10.979800 -0.571340 0.322816 -0.754560 13.885000 -0.280494 0.787228 0.549177 0.589700 0.000000 0.000000 0.000000 1.000000
0.767715 0.579940 -0.272548 10.979800 -0.588255 0.469182 -0.658653 13.885000 -0.254105 0.665986 0.701351 0.589700 0.000000 0.000000 0.000000 1.000000
0.770558 0.603011 -0.206444 10.979800 -0.598770 0.573861 -0.558711 13.885000 -0.218438 0.554132 0.803258 0.589700 0.000000 0.000000 0.000000 1.000000
0.775370 0.600474 -0.195531 10.979800 -0.597490 0.597303 -0.535009 13.885000 -0.204468 0.531657 0.821908 0.589700 0.000000 0.000000 0.000000 1.000000
0.781349 0.592532 -0.195960 10.979800 -0.590109 0.599234 -0.541009 13.885000 -0.203139 0.538354 0.817869 0.589700 0.000000 0.000000 0.000000 1.000000
0.786299 0.589996 -0.183408 10.979800 -0.584369 0.613785 -0.530830 13.885000 -0.200614 0.524569 0.827394 0.589700 0.000000 0.000000 0.000000 1.000000
0.784393 0.595574 -0.173263 10.979800 -0.587510 0.623821 -0.515442 13.885000 -0.198899 0.506102 0.839226 0.589700 0.000000 0.000000 0.000000 1.000000
0.776628 0.606192 -0.171408 10.979800 -0.596763 0.620783 -0.508431 13.885000 -0.201799 0.497151 0.843871 0.589700 0.000000 0.000000 0.000000 1.000000
0.779224 0.606309 -0.158743 10.979800 -0.593855 0.633285 -0.496272 13.885000 -0.200365 0.480978 0.853531 0.589700 0.000000 0.000000 0.000000 1.000000
0.811860 0.570548 -0.123930 10.979800 -0.554254 0.686414 -0.470785 13.885000 -0.183538 0.450900 0.873500 0.589700 0.000000 0.000000 0.000000 1.000000
0.867215 0.490987 -0.082884 10.979800 -0.471847 0.757144 -0.451767 13.885000 -0.159057 0.430888 0.888277 0.589700 0.000000 0.000000 0.000000 1.000000
0.910695 0.408295 -0.062687 10.979800 -0.389870 0.799420 -0.457087 13.885000 -0.136513 0.440707 0.887210 0.589700 0.000000 0.000000 0.000000 1.000000
0.919952 0.385375 -0.071938 10.979800 -0.372752 0.803016 -0.464996 13.885000 -0.121430 0.454589 0.882385 0.589700 0.000000 0.000000 0.000000 1.000000
0.897802 0.430789 -0.091504 10.979800 -0.424645 0.791715 -0.439163 13.885000 -0.116742 0.433138 0.893735 0.589700 0.000000 0.000000 0.000000 1.000000
0.866904 0.487278 -0.105062 10.979800 -0.487113 0.783367 -0.386079 13.885000 -0.105826 0.385871 0.916463 0.589700 0.000000 0.000000 0.000000 1.000000
0.859057 0.498453 -0.116471 10.979800 -0.505546 0.790489 -0.345761 13.885000 -0.080276 0.355910 0.931066 0.589700 0.000000 0.000000 0.000000 1.000000
0.883163 0.451385 -0.127568 10.979800 -0.466924 0.820036 -0.330941 13.885000 -0.044771 0.351840 0.934989 0.589700 0.000000 0.000000 0.000000 1.000000
0.916748 0.377096 -0.131799 10.979800 -0.399427 0.860787 -0.315443 13.885000 -0.005501 0.341826 0.939747 0.589700 0.000000 0.000000 0.000000 1.000000
0.941079 0.312066 -0.130330 10.979800 -0.336987 0.897753 -0.283689 13.885000 0.028475 0.310893 0.950018 0.589700 0.000000 0.000000 0.000000 1.000000
0.954048 0.270013 -0.129946 10.979800 -0.294885 0.923057 -0.247000 13.885000 0.053255 0.273969 0.960263 0.589700 0.000000 0.000000 0.000000 1.000000
0.958209 0.252975 -0.133559 10.979800 -0.277501 0.935391 -0.219176 13.885000 0.069484 0.247079 0.966501 0.589700 0.000000 0.000000 0.000000 1.000000
0.956425 0.256564 -0.139380 10.979800 -0.281297 0.937609 -0.204355 13.885000 0.078254 0.234657 0.968923 0.589700 0.000000 0.000000 0.000000 1.000000
0.952310 0.268612 -0.144754 10.979800 -0.294143 0.934306 -0.201374 13.885000 0.081153 0.234349 0.968759 0.589700 0.000000 0.000000 0.000000 1.000000
0.949312 0.277162 -0.148287 10.979800 -0.303873 0.929882 -0.207316 13.885000 0.080429 0.241868 0.966970 0.589700 0.000000 0.000000 0.000000 1.000000</float_array>
        <technique_common>
          <accessor source="#mixamorig_LeftHandPinky1-Matrix-animation-output-transform-array" count="35" stride="16">
            <param type="float4x4"/>
          </accessor>
        </technique_common>
      </source>
      <source id="mixamorig_LeftHandPinky1-Interpolations">
        <Name_array id="mixamorig_LeftHandPinky1-Interpolations-array" count="35">
 LINEAR LINEAR LINEAR LINEAR LINEAR LINEAR LINEAR LINEAR LINEAR LINEAR LINEAR
LINEAR LINEAR LINEAR LINEAR LINEAR LINEAR LINEAR LINEAR LINEAR LINEAR LINEAR LINEAR
LINEAR LINEAR LINEAR LINEAR LINEAR LINEAR LINEAR LINEAR LINEAR LINEAR LINEAR LINEAR</Name_array>
        <technique_common>
          <accessor source="#mixamorig_LeftHandPinky1-Interpolations-array" count="35">
            <param type="name"/>
          </accessor>
        </technique_common>
      </source>
      <sampler id="mixamorig_LeftHandPinky1-Matrix-animation-transform">
        <input semantic="INPUT" source="#mixamorig_LeftHandPinky1-Matrix-animation-input"/>
        <input semantic="OUTPUT" source="#mixamorig_LeftHandPinky1-Matrix-animation-output-transform"/>
        <input semantic="INTERPOLATION" source="#mixamorig_LeftHandPinky1-Interpolations"/>
      </sampler>
      <channel source="#mixamorig_LeftHandPinky1-Matrix-animation-transform" target="mixamorig_LeftHandPinky1/matrix"/>
    </animation>
    <animation id="mixamorig_LeftHandPinky2-anim" name="mixamorig_LeftHandPinky2">
      <source id="mixamorig_LeftHandPinky2-Matrix-animation-input">
        <float_array id="mixamorig_LeftHandPinky2-Matrix-animation-input-array" count="35">

0.000000 0.033333 0.066667 0.100000 0.133333 0.166667 0.200000 0.233333 0.266667 0.300000 0.333333 0.366667 0.400000 0.433333 0.466667 0.500000
0.533333 0.566667 0.600000 0.633333 0.666667 0.700000 0.733333 0.766667 0.800000 0.833333 0.866667 0.900000 0.933333 0.966667 1.000000 1.033333
1.066667 1.100000 1.133333</float_array>
        <technique_common>
          <accessor source="#mixamorig_LeftHandPinky2-Matrix-animation-input-array" count="35">
            <param name="TIME" type="float"/>
          </accessor>
        </technique_common>
      </source>
      <source id="mixamorig_LeftHandPinky2-Matrix-animation-output-transform">
        <float_array id="mixamorig_LeftHandPinky2-Matrix-animation-output-transform-array" count="560">

0.999001 0.041716 -0.016053 0.000300 -0.040352 0.687218 -0.725330 3.975700 -0.019226 0.725253 0.688214 0.000000 0.000000 0.000000 0.000000 1.000000
0.999020 0.041523 -0.015354 0.000300 -0.039814 0.691056 -0.721703 3.975700 -0.019357 0.721607 0.692032 -0.000000 0.000000 0.000000 0.000000 1.000000
0.999038 0.041207 -0.015028 0.000300 -0.039529 0.697360 -0.715631 3.975700 -0.019010 0.715536 0.698317 -0.000000 0.000000 0.000000 0.000000 1.000000
0.999070 0.040629 -0.014435 0.000300 -0.038992 0.708460 -0.704673 3.975700 -0.018404 0.704581 0.709385 0.000000 0.000000 0.000000 0.000000 1.000000
0.999136 0.039395 -0.013221 0.000300 -0.037823 0.730388 -0.681985 3.975700 -0.017210 0.681896 0.731247 0.000000 0.000000 0.000000 0.000000 1.000000
0.999250 0.037080 -0.011135 0.000300 -0.035609 0.767339 -0.640253 3.975700 -0.015196 0.640169 0.768084 0.000000 0.000000 0.000000 0.000000 1.000000
0.999374 0.034251 -0.008902 0.000300 -0.032901 0.806630 -0.590140 3.975700 -0.013032 0.590063 0.807252 0.000000 0.000000 0.000000 0.000000 1.000000
0.999411 0.033296 -0.008282 0.000300 -0.032000 0.817460 -0.575096 3.975700 -0.012379 0.575022 0.818044 0.000000 0.000000 0.000000 0.000000 1.000000
0.999283 0.036290 -0.010767 0.000300 -0.034885 0.772458 -0.634107 3.975700 -0.014695 0.634028 0.773170 0.000000 0.000000 0.000000 0.000000 1.000000
0.999023 0.041261 -0.015829 0.000300 -0.039718 0.681250 -0.730973 3.975700 -0.019377 0.730887 0.682223 -0.000000 0.000000 0.000000 0.000000 1.000000
0.998850 0.043934 -0.019219 0.000300 -0.042355 0.620352 -0.783179 3.975700 -0.022486 0.783092 0.621499 0.000000 0.000000 0.000000 0.000000 1.000000
0.998959 0.042234 -0.017240 0.000300 -0.040782 0.657544 -0.752311 3.975700 -0.020437 0.752231 0.658582 -0.000000 0.000000 0.000000 0.000000 1.000000
0.999235 0.037173 -0.012149 0.000300 -0.035990 0.752515 -0.657591 3.975700 -0.015302 0.657525 0.753277 0.000000 0.000000 0.000000 0.000000 1.000000
0.999427 0.032735 -0.008620 0.000300 -0.031761 0.818731 -0.573299 3.975700 -0.011709 0.573244 0.819301 -0.000000 0.000000 0.000000 0.000000 1.000000
0.999478 0.031368 -0.007744 0.000300 -0.030496 0.836722 -0.546778 3.975700 -0.010672 0.546728 0.837242 -0.000000 0.000000 0.000000 0.000000 1.000000
0.999482 0.031211 -0.007841 0.000300 -0.030447 0.838219 -0.544484 3.975700 -0.010421 0.544440 0.838735 0.000000 0.000000 0.000000 0.000000 1.000000
0.999497 0.030789 -0.007660 0.000300 -0.030084 0.842993 -0.537083 3.975700 -0.010079 0.537043 0.843495 0.000000 0.000000 0.000000 0.000000 1.000000
0.999505 0.030539 -0.007550 0.000300 -0.029865 0.845700 -0.532822 3.975700 -0.009887 0.532784 0.846194 -0.000000 0.000000 0.000000 0.000000 1.000000
0.999496 0.030782 -0.007737 0.000300 -0.030116 0.842784 -0.537409 3.975700 -0.010022 0.537371 0.843287 0.000000 0.000000 0.000000 0.000000 1.000000
0.999501 0.030637 -0.007672 0.000300 -0.029992 0.844595 -0.534566 3.975700 -0.009897 0.534529 0.845092 0.000000 0.000000 0.000000 0.000000 1.000000
0.999540 0.029514 -0.007024 0.000300 -0.028933 0.857683 -0.513364 3.975700 -0.009127 0.513331 0.858142 -0.000000 0.000000 0.000000 0.000000 1.000000
0.999578 0.028321 -0.006469 0.000300 -0.027858 0.871330 -0.489906 3.975700 -0.008238 0.489879 0.871751 0.000000 0.000000 0.000000 0.000000 1.000000
0.999586 0.028025 -0.006515 0.000300 -0.027672 0.874405 -0.484406 3.975700 -0.007879 0.484386 0.874819 0.000000 0.000000 0.000000 0.000000 1.000000
0.999576 0.028318 -0.006850 0.000300 -0.028037 0.871056 -0.490383 3.975700 -0.007919 0.490367 0.871480 0.000000 0.000000 0.000000 0.000000 1.000000
0.999573 0.028368 -0.006947 0.000300 -0.028118 0.870360 -0.491613 3.975700 -0.007900 0.491598 0.870786 -0.000000 0.000000 0.000000 0.000000 1.000000
0.999568 0.028523 -0.007048 0.000300 -0.028274 0.868620 -0.494671 3.975700 -0.007987 0.494656 0.869052 0.000000 0.000000 0.000000 0.000000 1.000000
0.999525 0.029808 -0.007779 0.000300 -0.029522 0.854683 -0.518309 3.975700 -0.008802 0.518293 0.855158 0.000000 0.000000 0.000000 0.000000 1.000000
0.999438 0.032234 -0.009171 0.000300 -0.031820 0.826800 -0.561595 3.975700 -0.010520 0.561571 0.827362 0.000000 0.000000 0.000000 0.000000 1.000000
0.999335 0.034838 -0.010774 0.000300 -0.034228 0.794189 -0.606706 3.975700 -0.012580 0.606671 0.794854 0.000000 0.000000 0.000000 0.000000 1.000000
0.999239 0.037018 -0.012286 0.000300 -0.036225 0.764054 -0.644135 3.975700 -0.014458 0.644090 0.764813 0.000000 0.000000 0.000000 0.000000 1.000000
0.999153 0.038823 -0.013666 0.000300 -0.037865 0.736929 -0.674909 3.975700 -0.016131 0.674855 0.737774 0.000000 0.000000 0.000000 0.000000 1.000000
0.999080 0.040196 -0.014949 0.000300 -0.039175 0.713574 -0.699484 3.975700 -0.017449 0.699426 0.714492 0.000000 0.000000 0.000000 0.000000 1.000000
0.999031 0.041028 -0.015916 0.000300 -0.040038 0.697272 -0.715688 3.975700 -0.018266 0.715632 0.698239 0.000000 0.000000 0.000000 0.000000 1.000000
0.999006 0.041455 -0.016382 0.000300 -0.040458 0.689042 -0.723591 3.975700 -0.018709 0.723535 0.690035 -0.000000 0.000000 0.000000 0.000000 1.000000
0.998995 0.041774 -0.016271 0.000300 -0.040550 0.687217 -0.725319 3.975700 -0.019118 0.725250 0.688221 0.000000 0.000000 0.000000 0.000000 1.000000</float_array>
        <technique_common>
          <accessor source="#mixamorig_LeftHandPinky2-Matrix-animation-output-transform-array" count="35" stride="16">
            <param type="float4x4"/>
          </accessor>
        </technique_common>
      </source>
      <source id="mixamorig_LeftHandPinky2-Interpolations">
        <Name_array id="mixamorig_LeftHandPinky2-Interpolations-array" count="35">
 LINEAR LINEAR LINEAR LINEAR LINEAR LINEAR LINEAR LINEAR LINEAR LINEAR LINEAR
LINEAR LINEAR LINEAR LINEAR LINEAR LINEAR LINEAR LINEAR LINEAR LINEAR LINEAR LINEAR
LINEAR LINEAR LINEAR LINEAR LINEAR LINEAR LINEAR LINEAR LINEAR LINEAR LINEAR LINEAR</Name_array>
        <technique_common>
          <accessor source="#mixamorig_LeftHandPinky2-Interpolations-array" count="35">
            <param type="name"/>
          </accessor>
        </technique_common>
      </source>
      <sampler id="mixamorig_LeftHandPinky2-Matrix-animation-transform">
        <input semantic="INPUT" source="#mixamorig_LeftHandPinky2-Matrix-animation-input"/>
        <input semantic="OUTPUT" source="#mixamorig_LeftHandPinky2-Matrix-animation-output-transform"/>
        <input semantic="INTERPOLATION" source="#mixamorig_LeftHandPinky2-Interpolations"/>
      </sampler>
      <channel source="#mixamorig_LeftHandPinky2-Matrix-animation-transform" target="mixamorig_LeftHandPinky2/matrix"/>
    </animation>
    <animation id="mixamorig_LeftHandPinky3-anim" name="mixamorig_LeftHandPinky3">
      <source id="mixamorig_LeftHandPinky3-Matrix-animation-input">
        <float_array id="mixamorig_LeftHandPinky3-Matrix-animation-input-array" count="35">

0.000000 0.033333 0.066667 0.100000 0.133333 0.166667 0.200000 0.233333 0.266667 0.300000 0.333333 0.366667 0.400000 0.433333 0.466667 0.500000
0.533333 0.566667 0.600000 0.633333 0.666667 0.700000 0.733333 0.766667 0.800000 0.833333 0.866667 0.900000 0.933333 0.966667 1.000000 1.033333
1.066667 1.100000 1.133333</float_array>
        <technique_common>
          <accessor source="#mixamorig_LeftHandPinky3-Matrix-animation-input-array" count="35">
            <param name="TIME" type="float"/>
          </accessor>
        </technique_common>
      </source>
      <source id="mixamorig_LeftHandPinky3-Matrix-animation-output-transform">
        <float_array id="mixamorig_LeftHandPinky3-Matrix-animation-output-transform-array" count="560">

0.999039 0.041312 -0.014638 -0.000400 -0.039152 0.691046 -0.721750 2.799700 -0.019701 0.721630 0.691999 0.000000 0.000000 0.000000 0.000000 1.000000
0.999061 0.040852 -0.014426 -0.000400 -0.038844 0.697178 -0.715845 2.799700 -0.019186 0.715734 0.698110 0.000000 0.000000 0.000000 0.000000 1.000000
0.999084 0.040429 -0.014029 -0.000400 -0.038463 0.704631 -0.708531 2.799700 -0.018760 0.708421 0.705541 0.000000 0.000000 0.000000 0.000000 1.000000
0.999121 0.039729 -0.013386 -0.000400 -0.037828 0.716694 -0.696361 2.799700 -0.018072 0.696255 0.717567 0.000000 0.000000 0.000000 0.000000 1.000000
0.999198 0.038201 -0.012034 -0.000400 -0.036428 0.741879 -0.669544 2.799700 -0.016650 0.669445 0.742675 0.000000 0.000000 0.000000 0.000000 1.000000
0.999330 0.035285 -0.009686 -0.000400 -0.033724 0.785500 -0.617942 2.799700 -0.014196 0.617855 0.786164 0.000000 0.000000 0.000000 0.000000 1.000000
0.999465 0.031873 -0.007318 -0.000400 -0.030540 0.829691 -0.557386 2.799700 -0.011693 0.557312 0.830221 -0.000000 0.000000 0.000000 0.000000 1.000000
0.999490 0.031187 -0.006926 -0.000400 -0.029914 0.837574 -0.545504 2.799700 -0.011212 0.545433 0.838080 0.000000 0.000000 0.000000 0.000000 1.000000
0.999321 0.035465 -0.009997 -0.000400 -0.033920 0.779454 -0.625540 2.799700 -0.014392 0.625455 0.780128 0.000000 0.000000 0.000000 0.000000 1.000000
0.999005 0.041669 -0.015886 -0.000400 -0.039678 0.667926 -0.743169 2.799700 -0.020356 0.743060 0.668915 -0.000000 0.000000 0.000000 0.000000 1.000000
0.998801 0.044767 -0.019821 -0.000400 -0.042603 0.595252 -0.802409 2.799700 -0.024123 0.802291 0.596445 0.000000 0.000000 0.000000 0.000000 1.000000
0.998923 0.042934 -0.017602 -0.000400 -0.040924 0.636346 -0.770317 2.799700 -0.021872 0.770208 0.637418 0.000000 0.000000 0.000000 0.000000 1.000000
0.999221 0.037599 -0.011999 -0.000400 -0.035906 0.739816 -0.671851 2.799700 -0.016384 0.671758 0.740589 0.000000 0.000000 0.000000 0.000000 1.000000
0.999420 0.032990 -0.008430 -0.000400 -0.031675 0.809913 -0.585694 2.799700 -0.012494 0.585621 0.810488 0.000000 0.000000 0.000000 0.000000 1.000000
0.999472 0.031572 -0.007647 -0.000400 -0.030436 0.827823 -0.560163 2.799700 -0.011355 0.560100 0.828347 0.000000 0.000000 0.000000 0.000000 1.000000
0.999476 0.031416 -0.007807 -0.000400 -0.030411 0.828578 -0.559046 2.799700 -0.011095 0.558991 0.829100 0.000000 0.000000 0.000000 0.000000 1.000000
0.999492 0.030950 -0.007650 -0.000400 -0.030028 0.833279 -0.552037 2.799700 -0.010711 0.551986 0.833785 0.000000 0.000000 0.000000 0.000000 1.000000
0.999502 0.030651 -0.007510 -0.000400 -0.029758 0.836185 -0.547640 2.799700 -0.010506 0.547590 0.836681 -0.000000 0.000000 0.000000 0.000000 1.000000
0.999496 0.030811 -0.007652 -0.000400 -0.029921 0.833650 -0.551482 2.799700 -0.010613 0.551433 0.834152 0.000000 0.000000 0.000000 0.000000 1.000000
0.999506 0.030528 -0.007512 -0.000400 -0.029664 0.836662 -0.546916 2.799700 -0.010411 0.546868 0.837154 -0.000000 0.000000 0.000000 0.000000 1.000000
0.999550 0.029225 -0.006756 -0.000400 -0.028441 0.851773 -0.523138 2.799700 -0.009534 0.523095 0.852221 0.000000 0.000000 0.000000 0.000000 1.000000
0.999593 0.027872 -0.006022 -0.000400 -0.027178 0.867346 -0.496962 2.799700 -0.008628 0.496924 0.867751 0.000000 0.000000 0.000000 0.000000 1.000000
0.999603 0.027552 -0.005886 -0.000400 -0.026903 0.871417 -0.489804 2.799700 -0.008366 0.489768 0.871813 0.000000 0.000000 0.000000 0.000000 1.000000
0.999591 0.027942 -0.006142 -0.000400 -0.027310 0.868006 -0.495802 2.799700 -0.008522 0.495767 0.868414 0.000000 0.000000 0.000000 0.000000 1.000000
0.999585 0.028118 -0.006266 -0.000400 -0.027501 0.866656 -0.498147 2.799700 -0.008576 0.498112 0.867070 0.000000 0.000000 0.000000 0.000000 1.000000
0.999577 0.028380 -0.006397 -0.000400 -0.027753 0.864319 -0.502178 2.799700 -0.008723 0.502143 0.864741 0.000000 0.000000 0.000000 0.000000 1.000000
0.999533 0.029745 -0.007032 -0.000400 -0.029003 0.850365 -0.525394 2.799700 -0.009648 0.525352 0.850830 0.000000 0.000000 0.000000 0.000000 1.000000
0.999449 0.032134 -0.008298 -0.000400 -0.031180 0.823504 -0.566452 2.799700 -0.011369 0.566399 0.824053 0.000000 0.000000 0.000000 0.000000 1.000000
0.999354 0.034596 -0.009780 -0.000400 -0.033400 0.792764 -0.608613 2.799700 -0.013302 0.608546 0.793407 0.000000 0.000000 0.000000 0.000000 1.000000
0.999266 0.036642 -0.011161 -0.000400 -0.035226 0.764629 -0.643507 2.799700 -0.015046 0.643428 0.765359 0.000000 0.000000 0.000000 0.000000 1.000000
0.999189 0.038290 -0.012453 -0.000400 -0.036713 0.739357 -0.672313 2.799700 -0.016536 0.672225 0.740163 0.000000 0.000000 0.000000 0.000000 1.000000
0.999124 0.039571 -0.013585 -0.000400 -0.037880 0.717710 -0.695311 2.799700 -0.017764 0.695217 0.718581 0.000000 0.000000 0.000000 0.000000 1.000000
0.999080 0.040402 -0.014385 -0.000400 -0.038640 0.702504 -0.710630 2.799700 -0.018606 0.710532 0.703419 -0.000000 0.000000 0.000000 0.000000 1.000000
0.999056 0.040828 -0.014816 -0.000400 -0.039029 0.694214 -0.718710 2.799700 -0.019058 0.718610 0.695152 0.000000 0.000000 0.000000 0.000000 1.000000
0.999029 0.041425 -0.014979 -0.000400 -0.039476 0.691045 -0.721733 2.799700 -0.019547 0.721623 0.692010 0.000000 0.000000 0.000000 0.000000 1.000000</float_array>
        <technique_common>
          <accessor source="#mixamorig_LeftHandPinky3-Matrix-animation-output-transform-array" count="35" stride="16">
            <param type="float4x4"/>
          </accessor>
        </technique_common>
      </source>
      <source id="mixamorig_LeftHandPinky3-Interpolations">
        <Name_array id="mixamorig_LeftHandPinky3-Interpolations-array" count="35">
 LINEAR LINEAR LINEAR LINEAR LINEAR LINEAR LINEAR LINEAR LINEAR LINEAR LINEAR
LINEAR LINEAR LINEAR LINEAR LINEAR LINEAR LINEAR LINEAR LINEAR LINEAR LINEAR LINEAR
LINEAR LINEAR LINEAR LINEAR LINEAR LINEAR LINEAR LINEAR LINEAR LINEAR LINEAR LINEAR</Name_array>
        <technique_common>
          <accessor source="#mixamorig_LeftHandPinky3-Interpolations-array" count="35">
            <param type="name"/>
          </accessor>
        </technique_common>
      </source>
      <sampler id="mixamorig_LeftHandPinky3-Matrix-animation-transform">
        <input semantic="INPUT" source="#mixamorig_LeftHandPinky3-Matrix-animation-input"/>
        <input semantic="OUTPUT" source="#mixamorig_LeftHandPinky3-Matrix-animation-output-transform"/>
        <input semantic="INTERPOLATION" source="#mixamorig_LeftHandPinky3-Interpolations"/>
      </sampler>
      <channel source="#mixamorig_LeftHandPinky3-Matrix-animation-transform" target="mixamorig_LeftHandPinky3/matrix"/>
    </animation>
    <animation id="mixamorig_RightShoulder-anim" name="mixamorig_RightShoulder">
      <source id="mixamorig_RightShoulder-Matrix-animation-input">
        <float_array id="mixamorig_RightShoulder-Matrix-animation-input-array" count="35">

0.000000 0.033333 0.066667 0.100000 0.133333 0.166667 0.200000 0.233333 0.266667 0.300000 0.333333 0.366667 0.400000 0.433333 0.466667 0.500000
0.533333 0.566667 0.600000 0.633333 0.666667 0.700000 0.733333 0.766667 0.800000 0.833333 0.866667 0.900000 0.933333 0.966667 1.000000 1.033333
1.066667 1.100000 1.133333</float_array>
        <technique_common>
          <accessor source="#mixamorig_RightShoulder-Matrix-animation-input-array" count="35">
            <param name="TIME" type="float"/>
          </accessor>
        </technique_common>
      </source>
      <source id="mixamorig_RightShoulder-Matrix-animation-output-transform">
        <float_array id="mixamorig_RightShoulder-Matrix-animation-output-transform-array" count="560">

0.194895 -0.839702 0.506870 -10.882400 0.087520 -0.499829 -0.861691 13.272500 0.976912 0.212300 -0.023924 -1.553300 0.000000 0.000000 0.000000 1.000000
0.197554 -0.844119 0.498433 -10.882400 0.068271 -0.495372 -0.865994 13.272500 0.977912 0.205109 -0.040234 -1.553300 0.000000 0.000000 0.000000 1.000000
0.217144 -0.852272 0.475900 -10.882400 0.031444 -0.481172 -0.876062 13.272500 0.975633 0.205195 -0.077685 -1.553300 0.000000 0.000000 0.000000 1.000000
0.262059 -0.871143 0.415253 -10.882400 -0.024687 -0.436201 -0.899510 13.272500 0.964736 0.225473 -0.135816 -1.553300 0.000000 0.000000 0.000000 1.000000
0.263742 -0.919965 0.290007 -10.882400 -0.094929 -0.323947 -0.941300 13.272500 0.959911 0.220730 -0.172770 -1.553300 0.000000 0.000000 0.000000 1.000000
0.183023 -0.962310 0.201152 -10.882400 -0.143022 -0.228495 -0.962982 13.272500 0.972650 0.147479 -0.179451 -1.553300 0.000000 0.000000 0.000000 1.000000
0.079642 -0.977853 0.193549 -10.882400 -0.151741 -0.203795 -0.967183 13.272500 0.985207 0.047659 -0.164611 -1.553300 0.000000 0.000000 0.000000 1.000000
-0.032805 -0.977266 0.209462 -10.882400 -0.131899 -0.203509 -0.970148 13.272500 0.990720 -0.059453 -0.122225 -1.553300 0.000000 0.000000 0.000000 1.000000
-0.142268 -0.948943 0.281545 -10.882400 -0.085112 -0.271657 -0.958623 13.272500 0.986162 -0.160345 -0.042118 -1.553300 0.000000 0.000000 0.000000 1.000000
-0.356758 -0.880590 0.311906 -10.882400 -0.056017 -0.313111 -0.948063 13.272500 0.932516 -0.355701 0.062376 -1.553300 0.000000 0.000000 0.000000 1.000000
-0.482640 -0.795423 0.366554 -10.882400 -0.136655 -0.345007 -0.928599 13.272500 0.865092 -0.498270 0.057816 -1.553300 0.000000 0.000000 0.000000 1.000000
-0.292574 -0.806904 0.513134 -10.882400 -0.098388 -0.508365 -0.855502 13.272500 0.951168 -0.300784 0.069345 -1.553300 0.000000 0.000000 0.000000 1.000000
-0.173130 -0.935351 0.308455 -10.882400 0.067014 -0.323645 -0.943802 13.272500 0.982617 -0.142730 0.118714 -1.553300 0.000000 0.000000 0.000000 1.000000
-0.014492 -0.979299 0.201900 -10.882400 0.102503 -0.202313 -0.973942 13.272500 0.994627 0.006581 0.103313 -1.553300 0.000000 0.000000 0.000000 1.000000
0.069819 -0.970092 0.232482 -10.882400 0.047617 -0.229544 -0.972133 13.272500 0.996423 0.078944 0.030166 -1.553300 0.000000 0.000000 0.000000 1.000000
0.110549 -0.964990 0.237850 -10.882400 0.037219 -0.235129 -0.971251 13.272500 0.993173 0.116224 0.009923 -1.553300 0.000000 0.000000 0.000000 1.000000
0.140360 -0.969709 0.199908 -10.882400 0.039910 -0.196202 -0.979751 13.272500 0.989296 0.145496 0.011162 -1.553300 0.000000 0.000000 0.000000 1.000000
0.155438 -0.973381 0.168428 -10.882400 0.046492 -0.163103 -0.985513 13.272500 0.986751 0.161016 0.019902 -1.553300 0.000000 0.000000 0.000000 1.000000
0.174373 -0.969802 0.170522 -10.882400 0.046743 -0.164827 -0.985214 13.272500 0.983570 0.179766 0.016590 -1.553300 0.000000 0.000000 0.000000 1.000000
0.120102 -0.981966 0.146005 -10.882400 0.065697 -0.138886 -0.988127 13.272500 0.990585 0.128268 0.047832 -1.553300 0.000000 0.000000 0.000000 1.000000
0.086175 -0.969106 0.231101 -10.882400 0.058039 -0.226687 -0.972237 13.272500 0.994588 0.097196 0.036711 -1.553300 0.000000 0.000000 0.000000 1.000000
0.114064 -0.891939 0.437532 -10.882400 0.014609 -0.438853 -0.898440 13.272500 0.993366 0.108871 -0.037027 -1.553300 0.000000 0.000000 0.000000 1.000000
0.119678 -0.829014 0.546272 -10.882400 0.008928 -0.549306 -0.835574 13.272500 0.992773 0.104877 -0.058339 -1.553300 0.000000 0.000000 0.000000 1.000000
0.155971 -0.693948 0.702929 -10.882400 0.049480 -0.705256 -0.707224 13.272500 0.986522 0.145087 -0.075663 -1.553300 0.000000 0.000000 0.000000 1.000000
0.184101 -0.663842 0.724859 -10.882400 0.058352 -0.728782 -0.682255 13.272500 0.981174 0.167901 -0.095434 -1.553300 0.000000 0.000000 0.000000 1.000000
0.167341 -0.654516 0.737296 -10.882400 0.068080 -0.738385 -0.670934 13.272500 0.983546 0.162470 -0.079003 -1.553300 0.000000 0.000000 0.000000 1.000000
0.111202 -0.724409 0.680343 -10.882400 0.075644 -0.676433 -0.732609 13.272500 0.990915 0.132931 -0.020424 -1.553300 0.000000 0.000000 0.000000 1.000000
0.124764 -0.773515 0.621377 -10.882400 0.081933 -0.616099 -0.783396 13.272500 0.988798 0.148651 -0.013490 -1.553300 0.000000 0.000000 0.000000 1.000000
0.139820 -0.800772 0.582422 -10.882400 0.084992 -0.576323 -0.812790 13.272500 0.986522 0.163146 -0.012522 -1.553300 0.000000 0.000000 0.000000 1.000000
0.147264 -0.813895 0.562039 -10.882400 0.085429 -0.555644 -0.827020 13.272500 0.985401 0.169805 -0.012296 -1.553300 0.000000 0.000000 0.000000 1.000000
0.156773 -0.823287 0.545547 -10.882400 0.084618 -0.539149 -0.837949 13.272500 0.984003 0.177530 -0.014859 -1.553300 0.000000 0.000000 0.000000 1.000000
0.167143 -0.830210 0.531803 -10.882400 0.082742 -0.525677 -0.846651 13.272500 0.982454 0.185515 -0.019170 -1.553300 0.000000 0.000000 0.000000 1.000000
0.178152 -0.835949 0.519087 -10.882400 0.079690 -0.513536 -0.854359 13.272500 0.980771 0.193572 -0.024871 -1.553300 0.000000 0.000000 0.000000 1.000000
0.190867 -0.838020 0.511168 -10.882400 0.080791 -0.505564 -0.858998 13.272500 0.978286 0.205252 -0.028791 -1.553300 0.000000 0.000000 0.000000 1.000000
0.194818 -0.839699 0.506905 -10.882400 0.087523 -0.499863 -0.861671 13.272500 0.976927 0.212235 -0.023889 -1.553300 0.000000 0.000000 0.000000 1.000000</float_array>
        <technique_common>
          <accessor source="#mixamorig_RightShoulder-Matrix-animation-output-transform-array" count="35" stride="16">
            <param type="float4x4"/>
          </accessor>
        </technique_common>
      </source>
      <source id="mixamorig_RightShoulder-Interpolations">
        <Name_array id="mixamorig_RightShoulder-Interpolations-array" count="35">
 LINEAR LINEAR LINEAR LINEAR LINEAR LINEAR LINEAR LINEAR LINEAR LINEAR LINEAR
LINEAR LINEAR LINEAR LINEAR LINEAR LINEAR LINEAR LINEAR LINEAR LINEAR LINEAR LINEAR
LINEAR LINEAR LINEAR LINEAR LINEAR LINEAR LINEAR LINEAR LINEAR LINEAR LINEAR LINEAR</Name_array>
        <technique_common>
          <accessor source="#mixamorig_RightShoulder-Interpolations-array" count="35">
            <param type="name"/>
          </accessor>
        </technique_common>
      </source>
      <sampler id="mixamorig_RightShoulder-Matrix-animation-transform">
        <input semantic="INPUT" source="#mixamorig_RightShoulder-Matrix-animation-input"/>
        <input semantic="OUTPUT" source="#mixamorig_RightShoulder-Matrix-animation-output-transform"/>
        <input semantic="INTERPOLATION" source="#mixamorig_RightShoulder-Interpolations"/>
      </sampler>
      <channel source="#mixamorig_RightShoulder-Matrix-animation-transform" target="mixamorig_RightShoulder/matrix"/>
    </animation>
    <animation id="mixamorig_RightArm-anim" name="mixamorig_RightArm">
      <source id="mixamorig_RightArm-Matrix-animation-input">
        <float_array id="mixamorig_RightArm-Matrix-animation-input-array" count="35">

0.000000 0.033333 0.066667 0.100000 0.133333 0.166667 0.200000 0.233333 0.266667 0.300000 0.333333 0.366667 0.400000 0.433333 0.466667 0.500000
0.533333 0.566667 0.600000 0.633333 0.666667 0.700000 0.733333 0.766667 0.800000 0.833333 0.866667 0.900000 0.933333 0.966667 1.000000 1.033333
1.066667 1.100000 1.133333</float_array>
        <technique_common>
          <accessor source="#mixamorig_RightArm-Matrix-animation-input-array" count="35">
            <param name="TIME" type="float"/>
          </accessor>
        </technique_common>
      </source>
      <source id="mixamorig_RightArm-Matrix-animation-output-transform">
        <float_array id="mixamorig_RightArm-Matrix-animation-output-transform-array" count="560">

0.659914 0.039906 0.750281 0.000000 0.110174 0.982655 -0.149170 16.507099 -0.743220 0.181101 0.644070 0.000000 0.000000 0.000000 0.000000 1.000000
0.662363 0.020968 0.748890 -0.000000 0.090798 0.989993 -0.108025 16.507099 -0.743661 0.139549 0.653831 -0.000000 0.000000 0.000000 0.000000 1.000000
0.693347 -0.047577 0.719031 0.000000 0.011234 0.998410 0.055230 16.507099 -0.720516 -0.030216 0.692779 0.000000 0.000000 0.000000 0.000000 1.000000
0.790153 -0.123758 0.600285 0.000000 -0.100464 0.940004 0.326037 16.507099 -0.604619 -0.317926 0.730314 0.000000 0.000000 0.000000 0.000000 1.000000
0.855075 -0.016364 0.518246 -0.000000 -0.229938 0.883878 0.407294 16.507099 -0.464731 -0.467431 0.752019 -0.000000 0.000000 0.000000 0.000000 1.000000
0.861831 0.121529 0.492420 0.000000 -0.344341 0.853029 0.392136 16.507099 -0.372392 -0.507516 0.777015 -0.000000 0.000000 0.000000 0.000000 1.000000
0.852478 0.195838 0.484695 0.000000 -0.396927 0.845850 0.356352 16.507099 -0.340192 -0.496171 0.798802 0.000000 0.000000 0.000000 0.000000 1.000000
0.829264 0.146567 0.539295 0.000000 -0.358832 0.879444 0.312758 16.507099 -0.428440 -0.452875 0.781884 -0.000000 0.000000 0.000000 0.000000 1.000000
0.686604 0.093277 0.721023 0.000000 -0.418493 0.861667 0.287044 16.507099 -0.594507 -0.498828 0.630660 -0.000000 0.000000 0.000000 0.000000 1.000000
0.411265 0.002828 0.911512 0.000000 -0.457861 0.865326 0.203897 16.507099 -0.788178 -0.501201 0.357173 -0.000000 0.000000 0.000000 0.000000 1.000000
-0.073102 -0.469972 0.879649 0.000000 -0.399259 0.822038 0.406012 16.507099 -0.913919 -0.321528 -0.247733 0.000000 0.000000 0.000000 0.000000 1.000000
-0.072123 -0.596951 0.799030 0.000000 -0.457514 0.731662 0.505323 16.507099 -0.886272 -0.329122 -0.325883 0.000000 0.000000 0.000000 0.000000 1.000000
0.602508 0.031397 0.797495 0.000000 -0.408984 0.870205 0.274729 16.507099 -0.685358 -0.491689 0.537146 0.000000 0.000000 0.000000 0.000000 1.000000
0.909393 0.242471 0.337953 -0.000000 -0.350279 0.884594 0.307893 16.507099 -0.224296 -0.398373 0.889376 0.000000 0.000000 0.000000 0.000000 1.000000
0.857238 0.159714 0.489524 0.000000 -0.333290 0.896773 0.291062 16.507099 -0.392505 -0.412663 0.821979 -0.000000 0.000000 0.000000 0.000000 1.000000
0.902667 0.027651 0.429449 0.000000 -0.207067 0.902723 0.377113 16.507099 -0.377246 -0.429332 0.820585 0.000000 0.000000 0.000000 0.000000 1.000000
0.947377 -0.092789 0.306376 -0.000000 -0.048713 0.904137 0.424456 16.507099 -0.316391 -0.417045 0.852039 -0.000000 0.000000 0.000000 0.000000 1.000000
0.933371 -0.168795 0.316745 0.000000 0.017663 0.903043 0.429187 16.507099 -0.358478 -0.394996 0.845856 0.000000 0.000000 0.000000 0.000000 1.000000
0.885058 -0.081510 0.458289 0.000000 -0.113792 0.916790 0.382815 16.507099 -0.451358 -0.390963 0.802137 0.000000 0.000000 0.000000 0.000000 1.000000
0.747330 0.255525 0.613355 0.000000 -0.436906 0.884454 0.163873 16.507099 -0.500611 -0.390446 0.772620 0.000000 0.000000 0.000000 0.000000 1.000000
0.542274 0.571672 0.615735 0.000000 -0.686703 0.723821 -0.067248 16.507099 -0.484126 -0.386360 0.785078 -0.000000 0.000000 0.000000 0.000000 1.000000
0.447074 0.738466 0.504769 -0.000000 -0.806771 0.576608 -0.129008 16.507099 -0.386322 -0.349557 0.853560 0.000000 0.000000 0.000000 0.000000 1.000000
0.467323 0.846698 0.254385 -0.000000 -0.861809 0.500469 -0.082562 16.507099 -0.197217 -0.180648 0.963572 0.000000 0.000000 0.000000 0.000000 1.000000
0.580600 0.813509 -0.033259 -0.000000 -0.794097 0.574819 0.197470 16.507099 0.179761 -0.088240 0.979745 -0.000000 0.000000 0.000000 0.000000 1.000000
0.843062 0.534408 -0.060457 -0.000000 -0.526048 0.842774 0.114039 16.507099 0.111895 -0.064339 0.991635 0.000000 0.000000 0.000000 0.000000 1.000000
0.977116 0.159561 0.140661 0.000000 -0.182875 0.967900 0.172411 16.507099 -0.108636 -0.194189 0.974930 0.000000 0.000000 0.000000 0.000000 1.000000
0.945022 0.092469 0.313661 0.000000 -0.138726 0.981962 0.128476 16.507099 -0.296123 -0.164926 0.940803 0.000000 0.000000 0.000000 0.000000 1.000000
0.888467 0.181972 0.421322 0.000000 -0.212163 0.976902 0.025471 16.507099 -0.406955 -0.112019 0.906554 0.000000 0.000000 0.000000 0.000000 1.000000
0.851641 0.230031 0.470950 0.000000 -0.224599 0.972032 -0.068628 16.507099 -0.473565 -0.047328 0.879487 0.000000 0.000000 0.000000 0.000000 1.000000
0.814137 0.201568 0.544565 0.000000 -0.167943 0.979474 -0.111469 16.507099 -0.555856 -0.000705 0.831278 0.000000 0.000000 0.000000 0.000000 1.000000
0.767334 0.162804 0.620237 0.000000 -0.100619 0.985821 -0.134284 16.507099 -0.633305 0.040633 0.772835 0.000000 0.000000 0.000000 0.000000 1.000000
0.727439 0.127651 0.674194 0.000000 -0.029727 0.987484 -0.154893 16.507099 -0.685528 0.092633 0.722129 -0.000000 0.000000 0.000000 0.000000 1.000000
0.689915 0.088309 0.718484 -0.000000 0.041960 0.985984 -0.161479 16.507099 -0.722673 0.141555 0.676540 0.000000 0.000000 0.000000 0.000000 1.000000
0.665537 0.053512 0.744444 0.000000 0.090699 0.984236 -0.151834 16.507099 -0.740834 0.168571 0.650192 0.000000 0.000000 0.000000 0.000000 1.000000
0.659921 0.039908 0.750274 0.000000 0.110164 0.982657 -0.149165 16.507099 -0.743215 0.181090 0.644079 0.000000 0.000000 0.000000 0.000000 1.000000</float_array>
        <technique_common>
          <accessor source="#mixamorig_RightArm-Matrix-animation-output-transform-array" count="35" stride="16">
            <param type="float4x4"/>
          </accessor>
        </technique_common>
      </source>
      <source id="mixamorig_RightArm-Interpolations">
        <Name_array id="mixamorig_RightArm-Interpolations-array" count="35">
 LINEAR LINEAR LINEAR LINEAR LINEAR LINEAR LINEAR LINEAR LINEAR LINEAR LINEAR
LINEAR LINEAR LINEAR LINEAR LINEAR LINEAR LINEAR LINEAR LINEAR LINEAR LINEAR LINEAR
LINEAR LINEAR LINEAR LINEAR LINEAR LINEAR LINEAR LINEAR LINEAR LINEAR LINEAR LINEAR</Name_array>
        <technique_common>
          <accessor source="#mixamorig_RightArm-Interpolations-array" count="35">
            <param type="name"/>
          </accessor>
        </technique_common>
      </source>
      <sampler id="mixamorig_RightArm-Matrix-animation-transform">
        <input semantic="INPUT" source="#mixamorig_RightArm-Matrix-animation-input"/>
        <input semantic="OUTPUT" source="#mixamorig_RightArm-Matrix-animation-output-transform"/>
        <input semantic="INTERPOLATION" source="#mixamorig_RightArm-Interpolations"/>
      </sampler>
      <channel source="#mixamorig_RightArm-Matrix-animation-transform" target="mixamorig_RightArm/matrix"/>
    </animation>
    <animation id="mixamorig_RightForeArm-anim" name="mixamorig_RightForeArm">
      <source id="mixamorig_RightForeArm-Matrix-animation-input">
        <float_array id="mixamorig_RightForeArm-Matrix-animation-input-array" count="35">

0.000000 0.033333 0.066667 0.100000 0.133333 0.166667 0.200000 0.233333 0.266667 0.300000 0.333333 0.366667 0.400000 0.433333 0.466667 0.500000
0.533333 0.566667 0.600000 0.633333 0.666667 0.700000 0.733333 0.766667 0.800000 0.833333 0.866667 0.900000 0.933333 0.966667 1.000000 1.033333
1.066667 1.100000 1.133333</float_array>
        <technique_common>
          <accessor source="#mixamorig_RightForeArm-Matrix-animation-input-array" count="35">
            <param name="TIME" type="float"/>
          </accessor>
        </technique_common>
      </source>
      <source id="mixamorig_RightForeArm-Matrix-animation-output-transform">
        <float_array id="mixamorig_RightForeArm-Matrix-animation-output-transform-array" count="560">

-0.337399 0.939699 -0.055922 0.000000 -0.926320 -0.341999 -0.158014 19.953800 -0.167611 -0.001513 0.985852 -0.000000 0.000000 0.000000 0.000000 1.000000
-0.300351 0.951507 -0.066510 0.000000 -0.930915 -0.307615 -0.196904 19.953800 -0.207815 0.002775 0.978164 -0.000000 0.000000 0.000000 0.000000 1.000000
-0.192449 0.977970 -0.080858 0.000000 -0.923240 -0.208369 -0.322815 19.953800 -0.332551 0.012526 0.943002 0.000000 0.000000 0.000000 0.000000 1.000000
0.050543 0.995927 -0.074669 0.000000 -0.890965 0.011183 -0.453934 19.953800 -0.451250 0.089471 0.887901 -0.000000 0.000000 0.000000 0.000000 1.000000
0.377278 0.925777 -0.024467 -0.000000 -0.771900 0.299752 -0.560641 19.953800 -0.511695 0.230404 0.827697 0.000000 0.000000 0.000000 0.000000 1.000000
0.566292 0.823707 0.028644 -0.000000 -0.644642 0.464306 -0.607337 19.953800 -0.513567 0.325465 0.793928 0.000000 0.000000 0.000000 0.000000 1.000000
0.615542 0.787692 0.025482 0.000000 -0.613749 0.499395 -0.611487 19.953800 -0.494389 0.360757 0.790844 0.000000 0.000000 0.000000 0.000000 1.000000
0.536684 0.836735 -0.108834 0.000000 -0.739314 0.404143 -0.538593 19.953800 -0.406675 0.369517 0.835507 0.000000 0.000000 0.000000 0.000000 1.000000
0.289922 0.907745 -0.303224 0.000000 -0.913515 0.168005 -0.370492 19.953800 -0.285369 0.384414 0.877947 0.000000 0.000000 0.000000 0.000000 1.000000
-0.035108 0.881913 -0.470103 -0.000000 -0.984392 -0.111686 -0.136007 19.953800 -0.172450 0.457991 0.872069 0.000000 0.000000 0.000000 0.000000 1.000000
-0.085416 0.778500 -0.621806 0.000000 -0.964817 -0.220384 -0.143386 19.953800 -0.248662 0.587681 0.769934 -0.000000 0.000000 0.000000 0.000000 1.000000
0.093499 0.729256 -0.677823 -0.000000 -0.934275 -0.171015 -0.312865 19.953800 -0.344077 0.662525 0.665336 0.000000 0.000000 0.000000 0.000000 1.000000
0.831923 0.554076 0.030050 0.000000 -0.541018 0.821968 -0.177957 19.953800 -0.123302 0.131789 0.983579 0.000000 0.000000 0.000000 0.000000 1.000000
0.718696 0.352691 0.599237 -0.000000 -0.253860 0.935413 -0.246086 19.953800 -0.647326 0.024739 0.761812 0.000000 0.000000 0.000000 0.000000 1.000000
0.793987 0.172581 0.582924 -0.000000 -0.149203 0.984852 -0.088349 19.953800 -0.589341 -0.016826 0.807709 0.000000 0.000000 0.000000 0.000000 1.000000
0.776939 0.090587 0.623025 0.000000 -0.116012 0.993248 0.000255 19.953800 -0.618795 -0.072477 0.782202 0.000000 0.000000 0.000000 0.000000 1.000000
0.782913 0.089584 0.615647 0.000000 -0.118525 0.992931 0.006243 19.953800 -0.610736 -0.077857 0.787997 0.000000 0.000000 0.000000 0.000000 1.000000
0.780846 0.231723 0.580158 0.000000 -0.210077 0.971979 -0.105474 19.953800 -0.588342 -0.039518 0.807646 -0.000000 0.000000 0.000000 0.000000 1.000000
0.803912 0.292601 0.517793 0.000000 -0.238964 0.956154 -0.169307 19.953800 -0.544630 0.012375 0.838585 0.000000 0.000000 0.000000 0.000000 1.000000
0.881105 0.251156 0.400718 0.000000 -0.203325 0.966196 -0.158504 19.953800 -0.426982 0.058183 0.902387 0.000000 0.000000 0.000000 0.000000 1.000000
0.937199 0.285021 0.201050 0.000000 -0.268150 0.957387 -0.107265 19.953800 -0.223055 0.046618 0.973690 -0.000000 0.000000 0.000000 0.000000 1.000000
0.853186 0.521597 0.003154 0.000000 -0.521569 0.853037 0.017135 19.953800 0.006247 -0.016265 0.999848 0.000000 0.000000 0.000000 0.000000 1.000000
0.746470 0.664993 0.023803 -0.000000 -0.654848 0.727792 0.203697 19.953800 0.118134 -0.167641 0.978745 -0.000000 0.000000 0.000000 0.000000 1.000000
0.678322 0.698394 0.228307 0.000000 -0.734559 0.637216 0.233194 19.953800 0.017380 -0.325885 0.945250 0.000000 0.000000 0.000000 0.000000 1.000000
0.384934 0.910588 0.150520 0.000000 -0.912925 0.351693 0.207073 19.953800 0.135622 -0.217123 0.966677 0.000000 0.000000 0.000000 0.000000 1.000000
0.039825 0.996487 0.073678 0.000000 -0.978874 0.024109 0.203037 19.953800 0.200547 -0.080208 0.976395 0.000000 0.000000 0.000000 0.000000 1.000000
0.103372 0.992075 0.071418 0.000000 -0.970252 0.084773 0.226772 19.953800 0.218920 -0.092735 0.971326 0.000000 0.000000 0.000000 0.000000 1.000000
0.162792 0.978351 0.127778 0.000000 -0.975204 0.139870 0.171502 19.953800 0.149917 -0.152529 0.976862 0.000000 0.000000 0.000000 0.000000 1.000000
0.044668 0.974530 0.219763 0.000000 -0.994256 0.021949 0.104753 19.953800 0.097261 -0.223180 0.969913 0.000000 0.000000 0.000000 0.000000 1.000000
-0.085999 0.973929 0.209920 0.000000 -0.996276 -0.082745 -0.024255 19.953800 -0.006253 -0.211224 0.977418 -0.000000 0.000000 0.000000 0.000000 1.000000
-0.171352 0.971637 0.162971 0.000000 -0.985022 -0.165732 -0.047580 19.953800 -0.019221 -0.168683 0.985483 0.000000 0.000000 0.000000 0.000000 1.000000
-0.246934 0.964809 0.090370 0.000000 -0.965415 -0.236890 -0.108894 19.953800 -0.083654 -0.114134 0.989937 0.000000 0.000000 0.000000 0.000000 1.000000
-0.304951 0.952368 0.000836 0.000000 -0.935104 -0.299257 -0.189805 19.953800 -0.180514 -0.058663 0.981821 0.000000 0.000000 0.000000 0.000000 1.000000
-0.329109 0.943162 -0.046172 0.000000 -0.925852 -0.331912 -0.180645 19.953800 -0.185702 -0.016703 0.982464 0.000000 0.000000 0.000000 0.000000 1.000000
-0.337387 0.939704 -0.055922 0.000000 -0.926323 -0.341986 -0.158023 19.953800 -0.167620 -0.001513 0.985851 -0.000000 0.000000 0.000000 0.000000 1.000000</float_array>
        <technique_common>
          <accessor source="#mixamorig_RightForeArm-Matrix-animation-output-transform-array" count="35" stride="16">
            <param type="float4x4"/>
          </accessor>
        </technique_common>
      </source>
      <source id="mixamorig_RightForeArm-Interpolations">
        <Name_array id="mixamorig_RightForeArm-Interpolations-array" count="35">
 LINEAR LINEAR LINEAR LINEAR LINEAR LINEAR LINEAR LINEAR LINEAR LINEAR LINEAR
LINEAR LINEAR LINEAR LINEAR LINEAR LINEAR LINEAR LINEAR LINEAR LINEAR LINEAR LINEAR
LINEAR LINEAR LINEAR LINEAR LINEAR LINEAR LINEAR LINEAR LINEAR LINEAR LINEAR LINEAR</Name_array>
        <technique_common>
          <accessor source="#mixamorig_RightForeArm-Interpolations-array" count="35">
            <param type="name"/>
          </accessor>
        </technique_common>
      </source>
      <sampler id="mixamorig_RightForeArm-Matrix-animation-transform">
        <input semantic="INPUT" source="#mixamorig_RightForeArm-Matrix-animation-input"/>
        <input semantic="OUTPUT" source="#mixamorig_RightForeArm-Matrix-animation-output-transform"/>
        <input semantic="INTERPOLATION" source="#mixamorig_RightForeArm-Interpolations"/>
      </sampler>
      <channel source="#mixamorig_RightForeArm-Matrix-animation-transform" target="mixamorig_RightForeArm/matrix"/>
    </animation>
    <animation id="mixamorig_RightHand-anim" name="mixamorig_RightHand">
      <source id="mixamorig_RightHand-Matrix-animation-input">
        <float_array id="mixamorig_RightHand-Matrix-animation-input-array" count="35">

0.000000 0.033333 0.066667 0.100000 0.133333 0.166667 0.200000 0.233333 0.266667 0.300000 0.333333 0.366667 0.400000 0.433333 0.466667 0.500000
0.533333 0.566667 0.600000 0.633333 0.666667 0.700000 0.733333 0.766667 0.800000 0.833333 0.866667 0.900000 0.933333 0.966667 1.000000 1.033333
1.066667 1.100000 1.133333</float_array>
        <technique_common>
          <accessor source="#mixamorig_RightHand-Matrix-animation-input-array" count="35">
            <param name="TIME" type="float"/>
          </accessor>
        </technique_common>
      </source>
      <source id="mixamorig_RightHand-Matrix-animation-output-transform">
        <float_array id="mixamorig_RightHand-Matrix-animation-output-transform-array" count="560">

0.981168 0.072849 0.178895 0.000000 -0.103520 0.980234 0.168595 28.810400 -0.163077 -0.183940 0.969315 0.000000 0.000000 0.000000 0.000000 1.000000
0.983312 -0.006300 0.181819 0.000000 -0.037171 0.971361 0.234684 28.810400 -0.178090 -0.237526 0.954916 0.000000 0.000000 0.000000 0.000000 1.000000
0.974707 0.005601 0.223418 -0.000000 -0.091244 0.922547 0.374943 28.810400 -0.204014 -0.385845 0.899723 0.000000 0.000000 0.000000 0.000000 1.000000
0.919396 0.074880 0.386141 0.000000 -0.291577 0.788652 0.541305 28.810400 -0.263998 -0.610263 0.746916 0.000000 0.000000 0.000000 0.000000 1.000000
0.925418 0.035560 0.377277 0.000000 -0.278602 0.738706 0.613754 28.810400 -0.256871 -0.673089 0.693519 0.000000 0.000000 0.000000 0.000000 1.000000
0.989733 -0.133516 -0.051014 0.000000 0.136125 0.771703 0.621245 28.810400 -0.043578 -0.621811 0.781954 0.000000 0.000000 0.000000 0.000000 1.000000
0.800733 -0.291641 -0.523233 0.000000 0.515065 0.781168 0.352825 28.810400 0.305835 -0.552017 0.775720 -0.000000 0.000000 0.000000 0.000000 1.000000
0.467300 -0.494830 -0.732648 0.000000 0.679530 0.731157 -0.060403 28.810400 0.565571 -0.469630 0.677922 -0.000000 0.000000 0.000000 0.000000 1.000000
0.458571 -0.793103 -0.400874 -0.000000 0.758739 0.584270 -0.287999 28.810400 0.462631 -0.172091 0.869688 0.000000 0.000000 0.000000 0.000000 1.000000
0.647722 -0.761450 0.025494 0.000000 0.760646 0.644414 -0.078412 28.810400 0.043278 0.070181 0.996595 -0.000000 0.000000 0.000000 0.000000 1.000000
0.984978 -0.109296 -0.133686 -0.000000 0.165815 0.814750 0.555597 28.810400 0.048196 -0.569419 0.820634 0.000000 0.000000 0.000000 0.000000 1.000000
0.714839 -0.040277 0.698128 -0.000000 -0.546886 0.589969 0.594014 28.810400 -0.435798 -0.806421 0.399706 0.000000 0.000000 0.000000 0.000000 1.000000
0.623975 -0.215285 0.751204 -0.000000 0.244563 0.966811 0.073933 28.810400 -0.742189 0.137584 0.655916 0.000000 0.000000 0.000000 0.000000 1.000000
0.980684 -0.195551 0.004211 0.000000 0.193585 0.973454 0.122119 28.810400 -0.027979 -0.118945 0.992507 0.000000 0.000000 0.000000 0.000000 1.000000
0.966624 -0.206598 -0.151509 -0.000000 0.211988 0.977064 0.020158 28.810400 0.143869 -0.051603 0.988250 0.000000 0.000000 0.000000 0.000000 1.000000
0.995763 -0.089047 -0.022941 0.000000 0.087816 0.994881 -0.050009 28.810400 0.027277 0.047783 0.998485 -0.000000 0.000000 0.000000 0.000000 1.000000
0.983958 -0.041225 0.173572 0.000000 0.049309 0.997878 -0.042519 28.810400 -0.171451 0.050396 0.983903 0.000000 0.000000 0.000000 0.000000 1.000000
0.962861 -0.169658 0.210037 0.000000 0.153113 0.983842 0.092795 28.810400 -0.222386 -0.057189 0.973280 0.000000 0.000000 0.000000 0.000000 1.000000
0.952647 -0.240966 0.185471 0.000000 0.216785 0.965918 0.141449 28.810400 -0.213234 -0.094543 0.972416 0.000000 0.000000 0.000000 0.000000 1.000000
0.964563 -0.173574 0.198722 0.000000 0.146331 0.978623 0.144511 28.810400 -0.219558 -0.110311 0.969343 -0.000000 0.000000 0.000000 0.000000 1.000000
0.962711 0.126613 0.239074 0.000000 -0.154548 0.982717 0.101894 28.810400 -0.222041 -0.135043 0.965640 0.000000 0.000000 0.000000 0.000000 1.000000
0.883779 0.410682 0.224220 0.000000 -0.444990 0.885833 0.131467 28.810400 -0.144631 -0.215963 0.965630 0.000000 0.000000 0.000000 0.000000 1.000000
0.711519 0.580756 0.395554 -0.000000 -0.631210 0.775605 -0.003334 28.810400 -0.308730 -0.247306 0.918436 0.000000 0.000000 0.000000 0.000000 1.000000
0.696664 0.420005 0.581598 0.000000 -0.506293 0.862210 -0.016190 28.810400 -0.508259 -0.283180 0.813316 -0.000000 0.000000 0.000000 0.000000 1.000000
0.901280 0.141124 0.409608 0.000000 -0.214666 0.966706 0.139277 28.810400 -0.376315 -0.213457 0.901567 0.000000 0.000000 0.000000 0.000000 1.000000
0.937187 -0.077541 0.340100 -0.000000 0.059849 0.996266 0.062225 28.810400 -0.343655 -0.037962 0.938328 0.000000 0.000000 0.000000 0.000000 1.000000
0.898178 -0.038822 0.437915 0.000000 0.014272 0.998143 0.059214 28.810400 -0.439401 -0.046934 0.897064 0.000000 0.000000 0.000000 0.000000 1.000000
0.971538 -0.016184 0.236329 0.000000 -0.048202 0.963283 0.264124 28.810400 -0.231926 -0.267998 0.935087 0.000000 0.000000 0.000000 0.000000 1.000000
0.990311 0.138527 0.009728 0.000000 -0.135386 0.947524 0.289602 28.810400 0.030900 -0.288113 0.957098 -0.000000 0.000000 0.000000 0.000000 1.000000
0.974005 0.213738 -0.075031 0.000000 -0.183091 0.937844 0.294832 28.810400 0.133385 -0.273431 0.952599 -0.000000 0.000000 0.000000 0.000000 1.000000
0.977751 0.209607 -0.008259 -0.000000 -0.199541 0.941501 0.271588 28.810400 0.064702 -0.263897 0.962378 -0.000000 0.000000 0.000000 0.000000 1.000000
0.982014 0.188670 0.007253 0.000000 -0.184885 0.953100 0.239621 28.810400 0.038297 -0.236652 0.970840 0.000000 0.000000 0.000000 0.000000 1.000000
0.986785 0.162028 -0.001507 0.000000 -0.157976 0.964093 0.213466 28.810400 0.036041 -0.210407 0.976949 0.000000 0.000000 0.000000 0.000000 1.000000
0.989898 0.115522 0.082198 0.000000 -0.129468 0.972830 0.191935 28.810400 -0.057792 -0.200639 0.977959 0.000000 0.000000 0.000000 0.000000 1.000000
0.981167 0.072861 0.178894 -0.000000 -0.103530 0.980235 0.168587 28.810400 -0.163075 -0.183933 0.969317 0.000000 0.000000 0.000000 0.000000 1.000000</float_array>
        <technique_common>
          <accessor source="#mixamorig_RightHand-Matrix-animation-output-transform-array" count="35" stride="16">
            <param type="float4x4"/>
          </accessor>
        </technique_common>
      </source>
      <source id="mixamorig_RightHand-Interpolations">
        <Name_array id="mixamorig_RightHand-Interpolations-array" count="35">
 LINEAR LINEAR LINEAR LINEAR LINEAR LINEAR LINEAR LINEAR LINEAR LINEAR LINEAR
LINEAR LINEAR LINEAR LINEAR LINEAR LINEAR LINEAR LINEAR LINEAR LINEAR LINEAR LINEAR
LINEAR LINEAR LINEAR LINEAR LINEAR LINEAR LINEAR LINEAR LINEAR LINEAR LINEAR LINEAR</Name_array>
        <technique_common>
          <accessor source="#mixamorig_RightHand-Interpolations-array" count="35">
            <param type="name"/>
          </accessor>
        </technique_common>
      </source>
      <sampler id="mixamorig_RightHand-Matrix-animation-transform">
        <input semantic="INPUT" source="#mixamorig_RightHand-Matrix-animation-input"/>
        <input semantic="OUTPUT" source="#mixamorig_RightHand-Matrix-animation-output-transform"/>
        <input semantic="INTERPOLATION" source="#mixamorig_RightHand-Interpolations"/>
      </sampler>
      <channel source="#mixamorig_RightHand-Matrix-animation-transform" target="mixamorig_RightHand/matrix"/>
    </animation>
    <animation id="mixamorig_RightHandThumb1-anim" name="mixamorig_RightHandThumb1">
      <source id="mixamorig_RightHandThumb1-Matrix-animation-input">
        <float_array id="mixamorig_RightHandThumb1-Matrix-animation-input-array" count="35">

0.000000 0.033333 0.066667 0.100000 0.133333 0.166667 0.200000 0.233333 0.266667 0.300000 0.333333 0.366667 0.400000 0.433333 0.466667 0.500000
0.533333 0.566667 0.600000 0.633333 0.666667 0.700000 0.733333 0.766667 0.800000 0.833333 0.866667 0.900000 0.933333 0.966667 1.000000 1.033333
1.066667 1.100000 1.133333</float_array>
        <technique_common>
          <accessor source="#mixamorig_RightHandThumb1-Matrix-animation-input-array" count="35">
            <param name="TIME" type="float"/>
          </accessor>
        </technique_common>
      </source>
      <source id="mixamorig_RightHandThumb1-Matrix-animation-output-transform">
        <float_array id="mixamorig_RightHandThumb1-Matrix-animation-output-transform-array" count="560">

0.694534 0.630929 -0.345761 1.539600 -0.690398 0.719679 -0.073572 3.801100 0.202418 0.289811 0.935434 1.972600 0.000000 0.000000 0.000000 1.000000
0.703321 0.619417 -0.348800 1.539600 -0.679464 0.729997 -0.073705 3.801100 0.208969 0.288836 0.934294 1.972600 0.000000 0.000000 0.000000 1.000000
0.735038 0.571943 -0.364145 1.539600 -0.637096 0.766379 -0.082287 3.801100 0.232009 0.292480 0.927700 1.972600 0.000000 0.000000 0.000000 1.000000
0.765989 0.506618 -0.395727 1.539600 -0.589061 0.799649 -0.116489 3.801100 0.257428 0.322336 0.910950 1.972600 0.000000 0.000000 0.000000 1.000000
0.774274 0.448708 -0.446275 1.539600 -0.572191 0.797627 -0.190759 3.801100 0.270366 0.403054 0.874328 1.972600 0.000000 0.000000 0.000000 1.000000
0.758012 0.395441 -0.518695 1.539600 -0.593646 0.747713 -0.297506 3.801100 0.270189 0.533434 0.801527 1.972600 0.000000 0.000000 0.000000 1.000000
0.738689 0.312387 -0.597287 1.539600 -0.616362 0.671719 -0.410964 3.801100 0.272829 0.671720 0.688735 1.972600 0.000000 0.000000 0.000000 1.000000
0.742775 0.192281 -0.641337 1.539600 -0.602341 0.610157 -0.514678 3.801100 0.292353 0.768594 0.569028 1.972600 0.000000 0.000000 0.000000 1.000000
0.770895 0.075344 -0.632491 1.539600 -0.547883 0.584896 -0.598098 3.801100 0.324878 0.807601 0.492173 1.972600 0.000000 0.000000 0.000000 1.000000
0.797258 0.012783 -0.603503 1.539600 -0.490998 0.595311 -0.636023 3.801100 0.351142 0.803394 0.480893 1.972600 0.000000 0.000000 0.000000 1.000000
0.804795 0.039065 -0.592266 1.539600 -0.476535 0.637411 -0.605493 3.801100 0.353863 0.769533 0.531601 1.972600 0.000000 0.000000 0.000000 1.000000
0.796972 0.151517 -0.584703 1.539600 -0.507654 0.692568 -0.512482 3.801100 0.327297 0.705260 0.628875 1.972600 0.000000 0.000000 0.000000 1.000000
0.784153 0.289512 -0.548897 1.539600 -0.553131 0.727068 -0.406715 3.801100 0.281337 0.622539 0.730271 1.972600 0.000000 0.000000 0.000000 1.000000
0.776322 0.375894 -0.505992 1.539600 -0.582022 0.735680 -0.346446 3.801100 0.242021 0.563452 0.789904 1.972600 0.000000 0.000000 0.000000 1.000000
0.778234 0.391883 -0.490693 1.539600 -0.585359 0.735637 -0.340870 3.801100 0.227391 0.552508 0.801890 1.972600 0.000000 0.000000 0.000000 1.000000
0.781498 0.382115 -0.493202 1.539600 -0.580669 0.734621 -0.350935 3.801100 0.228219 0.560643 0.795987 1.972600 0.000000 0.000000 0.000000 1.000000
0.776445 0.392939 -0.492678 1.539600 -0.587556 0.734042 -0.340530 3.801100 0.227839 0.553879 0.800817 1.972600 0.000000 0.000000 0.000000 1.000000
0.767803 0.414300 -0.488706 1.539600 -0.599229 0.734304 -0.318939 3.801100 0.226722 0.537729 0.812062 1.972600 0.000000 0.000000 0.000000 1.000000
0.772661 0.390126 -0.500796 1.539600 -0.586903 0.739664 -0.329307 3.801100 0.241950 0.548361 0.800475 1.972600 0.000000 0.000000 0.000000 1.000000
0.794606 0.290588 -0.533066 1.539600 -0.538462 0.742912 -0.397670 3.801100 0.280463 0.603027 0.746793 1.972600 0.000000 0.000000 0.000000 1.000000
0.811612 0.173212 -0.557928 1.539600 -0.489382 0.723158 -0.487389 3.801100 0.319049 0.668610 0.671690 1.972600 0.000000 0.000000 0.000000 1.000000
0.808382 0.131954 -0.573678 1.539600 -0.486162 0.699152 -0.524246 3.801100 0.331912 0.702691 0.629333 1.972600 0.000000 0.000000 0.000000 1.000000
0.790766 0.180974 -0.584754 1.539600 -0.521688 0.698977 -0.489156 3.801100 0.320205 0.691866 0.647139 1.972600 0.000000 0.000000 0.000000 1.000000
0.779146 0.252013 -0.573951 1.539600 -0.547969 0.718469 -0.428406 3.801100 0.304403 0.648299 0.697888 1.972600 0.000000 0.000000 0.000000 1.000000
0.789284 0.284225 -0.544286 1.539600 -0.534098 0.755111 -0.380193 3.801100 0.302936 0.590783 0.747800 1.972600 0.000000 0.000000 0.000000 1.000000
0.807634 0.293292 -0.511573 1.539600 -0.502290 0.796643 -0.336252 3.801100 0.308921 0.528527 0.790713 1.972600 0.000000 0.000000 0.000000 1.000000
0.806261 0.337875 -0.485576 1.539600 -0.509694 0.813409 -0.280318 3.801100 0.300259 0.473505 0.828033 1.972600 0.000000 0.000000 0.000000 1.000000
0.774501 0.431931 -0.462152 1.539600 -0.571781 0.790528 -0.219390 3.801100 0.270583 0.434167 0.859234 1.972600 0.000000 0.000000 0.000000 1.000000
0.734016 0.522872 -0.433389 1.539600 -0.635832 0.753314 -0.168034 3.801100 0.238618 0.398903 0.885403 1.972600 0.000000 0.000000 0.000000 1.000000
0.718700 0.564645 -0.405767 1.539600 -0.657811 0.741227 -0.133668 3.801100 0.225290 0.362985 0.904149 1.972600 0.000000 0.000000 0.000000 1.000000
0.713960 0.587975 -0.380193 1.539600 -0.665047 0.739307 -0.105534 3.801100 0.219027 0.328194 0.918867 1.972600 0.000000 0.000000 0.000000 1.000000
0.712545 0.602788 -0.359062 1.539600 -0.667781 0.739666 -0.083444 3.801100 0.215286 0.299232 0.929576 1.972600 0.000000 0.000000 0.000000 1.000000
0.708400 0.613955 -0.348178 1.539600 -0.673517 0.735522 -0.073360 3.801100 0.211053 0.286473 0.934553 1.972600 0.000000 0.000000 0.000000 1.000000
0.700438 0.624022 -0.346384 1.539600 -0.683477 0.726237 -0.073748 3.801100 0.205537 0.288401 0.935189 1.972600 0.000000 0.000000 0.000000 1.000000
0.694530 0.630905 -0.345813 1.539600 -0.690401 0.719671 -0.073625 3.801100 0.202421 0.289885 0.935410 1.972600 0.000000 0.000000 0.000000 1.000000</float_array>
        <technique_common>
          <accessor source="#mixamorig_RightHandThumb1-Matrix-animation-output-transform-array" count="35" stride="16">
            <param type="float4x4"/>
          </accessor>
        </technique_common>
      </source>
      <source id="mixamorig_RightHandThumb1-Interpolations">
        <Name_array id="mixamorig_RightHandThumb1-Interpolations-array" count="35">
 LINEAR LINEAR LINEAR LINEAR LINEAR LINEAR LINEAR LINEAR LINEAR LINEAR LINEAR
LINEAR LINEAR LINEAR LINEAR LINEAR LINEAR LINEAR LINEAR LINEAR LINEAR LINEAR LINEAR
LINEAR LINEAR LINEAR LINEAR LINEAR LINEAR LINEAR LINEAR LINEAR LINEAR LINEAR LINEAR</Name_array>
        <technique_common>
          <accessor source="#mixamorig_RightHandThumb1-Interpolations-array" count="35">
            <param type="name"/>
          </accessor>
        </technique_common>
      </source>
      <sampler id="mixamorig_RightHandThumb1-Matrix-animation-transform">
        <input semantic="INPUT" source="#mixamorig_RightHandThumb1-Matrix-animation-input"/>
        <input semantic="OUTPUT" source="#mixamorig_RightHandThumb1-Matrix-animation-output-transform"/>
        <input semantic="INTERPOLATION" source="#mixamorig_RightHandThumb1-Interpolations"/>
      </sampler>
      <channel source="#mixamorig_RightHandThumb1-Matrix-animation-transform" target="mixamorig_RightHandThumb1/matrix"/>
    </animation>
    <animation id="mixamorig_RightHandThumb2-anim" name="mixamorig_RightHandThumb2">
      <source id="mixamorig_RightHandThumb2-Matrix-animation-input">
        <float_array id="mixamorig_RightHandThumb2-Matrix-animation-input-array" count="35">

0.000000 0.033333 0.066667 0.100000 0.133333 0.166667 0.200000 0.233333 0.266667 0.300000 0.333333 0.366667 0.400000 0.433333 0.466667 0.500000
0.533333 0.566667 0.600000 0.633333 0.666667 0.700000 0.733333 0.766667 0.800000 0.833333 0.866667 0.900000 0.933333 0.966667 1.000000 1.033333
1.066667 1.100000 1.133333</float_array>
        <technique_common>
          <accessor source="#mixamorig_RightHandThumb2-Matrix-animation-input-array" count="35">
            <param name="TIME" type="float"/>
          </accessor>
        </technique_common>
      </source>
      <source id="mixamorig_RightHandThumb2-Matrix-animation-output-transform">
        <float_array id="mixamorig_RightHandThumb2-Matrix-animation-output-transform-array" count="560">

0.971433 -0.182061 0.152224 0.267800 0.193263 0.979171 -0.062232 4.847300 -0.137724 0.089874 0.986385 -0.000000 0.000000 0.000000 0.000000 1.000000
0.971497 -0.181688 0.152258 0.267800 0.192932 0.979217 -0.062537 4.847300 -0.137731 0.090130 0.986360 -0.000000 0.000000 0.000000 0.000000 1.000000
0.971814 -0.179929 0.152325 0.267800 0.191194 0.979545 -0.062735 4.847300 -0.137922 0.090091 0.986337 0.000000 0.000000 0.000000 0.000000 1.000000
0.972374 -0.176791 0.152426 0.267800 0.188094 0.980121 -0.063118 4.847300 -0.138237 0.090044 0.986297 0.000000 0.000000 0.000000 0.000000 1.000000
0.973110 -0.172565 0.152574 0.267800 0.183921 0.980878 -0.063643 4.847300 -0.138673 0.089993 0.986241 0.000000 0.000000 0.000000 0.000000 1.000000
0.973902 -0.167874 0.152753 0.267800 0.179293 0.981696 -0.064239 4.847300 -0.139173 0.089950 0.986174 0.000000 0.000000 0.000000 0.000000 1.000000
0.974679 -0.163132 0.152935 0.267800 0.174618 0.982498 -0.064863 4.847300 -0.139677 0.089925 0.986105 0.000000 0.000000 0.000000 0.000000 1.000000
0.975401 -0.158589 0.153111 0.267800 0.170141 0.983242 -0.065474 4.847300 -0.140162 0.089914 0.986038 0.000000 0.000000 0.000000 0.000000 1.000000
0.976053 -0.154362 0.153277 0.267800 0.165978 0.983915 -0.066051 4.847300 -0.140616 0.089909 0.985973 0.000000 0.000000 0.000000 0.000000 1.000000
0.976488 -0.151526 0.153331 0.267800 0.163181 0.984356 -0.066450 4.847300 -0.140864 0.089908 0.985938 0.000000 0.000000 0.000000 0.000000 1.000000
0.976406 -0.152041 0.153345 0.267800 0.163694 0.984275 -0.066392 4.847300 -0.140839 0.089927 0.985940 0.000000 0.000000 0.000000 0.000000 1.000000
0.975586 -0.157340 0.153220 0.267800 0.168923 0.983438 -0.065689 4.847300 -0.140347 0.089968 0.986006 -0.000000 0.000000 0.000000 0.000000 1.000000
0.974127 -0.166422 0.152904 0.267800 0.177870 0.981942 -0.064431 4.847300 -0.139420 0.089961 0.986138 0.000000 0.000000 0.000000 0.000000 1.000000
0.972577 -0.175553 0.152564 0.267800 0.186862 0.980355 -0.063141 4.847300 -0.138483 0.089918 0.986274 -0.000000 0.000000 0.000000 0.000000 1.000000
0.971549 -0.181321 0.152366 0.267800 0.192548 0.979304 -0.062357 4.847300 -0.137906 0.089921 0.986355 0.000000 0.000000 0.000000 0.000000 1.000000
0.971392 -0.182154 0.152375 0.267800 0.193371 0.979150 -0.062233 4.847300 -0.137862 0.089917 0.986361 0.000000 0.000000 0.000000 0.000000 1.000000
0.971392 -0.182153 0.152375 0.267800 0.193370 0.979150 -0.062233 4.847300 -0.137862 0.089917 0.986361 0.000000 0.000000 0.000000 0.000000 1.000000
0.971392 -0.182153 0.152375 0.267800 0.193370 0.979150 -0.062233 4.847300 -0.137862 0.089917 0.986362 0.000000 0.000000 0.000000 0.000000 1.000000
0.971392 -0.182153 0.152375 0.267800 0.193370 0.979150 -0.062233 4.847300 -0.137862 0.089917 0.986362 0.000000 0.000000 0.000000 0.000000 1.000000
0.971392 -0.182153 0.152375 0.267800 0.193370 0.979150 -0.062232 4.847300 -0.137862 0.089917 0.986362 0.000000 0.000000 0.000000 0.000000 1.000000
0.971392 -0.182153 0.152375 0.267800 0.193370 0.979150 -0.062232 4.847300 -0.137863 0.089917 0.986361 0.000000 0.000000 0.000000 0.000000 1.000000
0.971392 -0.182153 0.152375 0.267800 0.193370 0.979150 -0.062232 4.847300 -0.137862 0.089917 0.986361 0.000000 0.000000 0.000000 0.000000 1.000000
0.971392 -0.182153 0.152375 0.267800 0.193370 0.979150 -0.062232 4.847300 -0.137862 0.089916 0.986362 0.000000 0.000000 0.000000 0.000000 1.000000
0.971392 -0.182153 0.152375 0.267800 0.193370 0.979150 -0.062233 4.847300 -0.137862 0.089917 0.986361 0.000000 0.000000 0.000000 0.000000 1.000000
0.971392 -0.182152 0.152375 0.267800 0.193369 0.979150 -0.062232 4.847300 -0.137862 0.089917 0.986362 0.000000 0.000000 0.000000 0.000000 1.000000
0.971392 -0.182153 0.152375 0.267800 0.193369 0.979150 -0.062233 4.847300 -0.137862 0.089917 0.986361 0.000000 0.000000 0.000000 0.000000 1.000000
0.971392 -0.182153 0.152375 0.267800 0.193370 0.979150 -0.062232 4.847300 -0.137862 0.089917 0.986362 0.000000 0.000000 0.000000 0.000000 1.000000
0.971392 -0.182153 0.152375 0.267800 0.193370 0.979150 -0.062233 4.847300 -0.137862 0.089917 0.986361 0.000000 0.000000 0.000000 0.000000 1.000000
0.971392 -0.182153 0.152375 0.267800 0.193370 0.979150 -0.062233 4.847300 -0.137862 0.089917 0.986361 0.000000 0.000000 0.000000 0.000000 1.000000
0.971392 -0.182153 0.152375 0.267800 0.193370 0.979150 -0.062233 4.847300 -0.137862 0.089917 0.986362 -0.000000 0.000000 0.000000 0.000000 1.000000
0.971392 -0.182153 0.152375 0.267800 0.193370 0.979150 -0.062233 4.847300 -0.137862 0.089917 0.986361 0.000000 0.000000 0.000000 0.000000 1.000000
0.971392 -0.182153 0.152375 0.267800 0.193370 0.979150 -0.062233 4.847300 -0.137862 0.089917 0.986361 0.000000 0.000000 0.000000 0.000000 1.000000
0.971392 -0.182153 0.152375 0.267800 0.193370 0.979150 -0.062232 4.847300 -0.137862 0.089917 0.986362 -0.000000 0.000000 0.000000 0.000000 1.000000
0.971392 -0.182153 0.152375 0.267800 0.193370 0.979150 -0.062232 4.847300 -0.137862 0.089917 0.986362 0.000000 0.000000 0.000000 0.000000 1.000000
0.971392 -0.182153 0.152375 0.267800 0.193370 0.979150 -0.062233 4.847300 -0.137862 0.089917 0.986361 -0.000000 0.000000 0.000000 0.000000 1.000000</float_array>
        <technique_common>
          <accessor source="#mixamorig_RightHandThumb2-Matrix-animation-output-transform-array" count="35" stride="16">
            <param type="float4x4"/>
          </accessor>
        </technique_common>
      </source>
      <source id="mixamorig_RightHandThumb2-Interpolations">
        <Name_array id="mixamorig_RightHandThumb2-Interpolations-array" count="35">
 LINEAR LINEAR LINEAR LINEAR LINEAR LINEAR LINEAR LINEAR LINEAR LINEAR LINEAR
LINEAR LINEAR LINEAR LINEAR LINEAR LINEAR LINEAR LINEAR LINEAR LINEAR LINEAR LINEAR
LINEAR LINEAR LINEAR LINEAR LINEAR LINEAR LINEAR LINEAR LINEAR LINEAR LINEAR LINEAR</Name_array>
        <technique_common>
          <accessor source="#mixamorig_RightHandThumb2-Interpolations-array" count="35">
            <param type="name"/>
          </accessor>
        </technique_common>
      </source>
      <sampler id="mixamorig_RightHandThumb2-Matrix-animation-transform">
        <input semantic="INPUT" source="#mixamorig_RightHandThumb2-Matrix-animation-input"/>
        <input semantic="OUTPUT" source="#mixamorig_RightHandThumb2-Matrix-animation-output-transform"/>
        <input semantic="INTERPOLATION" source="#mixamorig_RightHandThumb2-Interpolations"/>
      </sampler>
      <channel source="#mixamorig_RightHandThumb2-Matrix-animation-transform" target="mixamorig_RightHandThumb2/matrix"/>
    </animation>
    <animation id="mixamorig_RightHandThumb3-anim" name="mixamorig_RightHandThumb3">
      <source id="mixamorig_RightHandThumb3-Matrix-animation-input">
        <float_array id="mixamorig_RightHandThumb3-Matrix-animation-input-array" count="35">

0.000000 0.033333 0.066667 0.100000 0.133333 0.166667 0.200000 0.233333 0.266667 0.300000 0.333333 0.366667 0.400000 0.433333 0.466667 0.500000
0.533333 0.566667 0.600000 0.633333 0.666667 0.700000 0.733333 0.766667 0.800000 0.833333 0.866667 0.900000 0.933333 0.966667 1.000000 1.033333
1.066667 1.100000 1.133333</float_array>
        <technique_common>
          <accessor source="#mixamorig_RightHandThumb3-Matrix-animation-input-array" count="35">
            <param name="TIME" type="float"/>
          </accessor>
        </technique_common>
      </source>
      <source id="mixamorig_RightHandThumb3-Matrix-animation-output-transform">
        <float_array id="mixamorig_RightHandThumb3-Matrix-animation-output-transform-array" count="560">

0.967898 -0.249684 -0.028850 -0.081100 0.251079 0.965761 0.065310 4.705100 0.011556 -0.070457 0.997448 -0.000000 0.000000 0.000000 0.000000 1.000000
0.969228 -0.244497 -0.028603 -0.081100 0.245878 0.967146 0.064596 4.705100 0.011870 -0.069641 0.997501 -0.000000 0.000000 0.000000 0.000000 1.000000
0.974220 -0.223944 -0.027294 -0.081100 0.225239 0.972365 0.061428 4.705100 0.012784 -0.065992 0.997738 0.000000 0.000000 0.000000 0.000000 1.000000
0.982232 -0.185987 -0.025078 -0.081100 0.187127 0.980768 0.055481 4.705100 0.014277 -0.059188 0.998145 0.000000 0.000000 0.000000 0.000000 1.000000
0.990972 -0.132178 -0.022416 -0.081100 0.133110 0.989986 0.047000 4.705100 0.015980 -0.049559 0.998643 0.000000 0.000000 0.000000 0.000000 1.000000
0.997535 -0.067297 -0.019892 -0.081100 0.067993 0.997012 0.036666 4.705100 0.017365 -0.037928 0.999130 0.000000 0.000000 0.000000 0.000000 1.000000
0.999835 0.003333 -0.017878 -0.081100 -0.002881 0.999676 0.025295 4.705100 0.017957 -0.025240 0.999520 -0.000000 0.000000 0.000000 0.000000 1.000000
0.997041 0.075041 -0.016662 -0.081100 -0.074818 0.997104 0.013629 4.705100 0.017636 -0.012342 0.999768 0.000000 0.000000 0.000000 0.000000 1.000000
0.989546 0.143299 -0.016281 -0.081100 -0.143278 0.989679 0.002420 4.705100 0.016460 -0.000062 0.999865 0.000000 0.000000 0.000000 0.000000 1.000000
0.978985 0.203258 -0.016591 -0.081100 -0.203402 0.979066 -0.007530 4.705100 0.014713 0.010746 0.999834 0.000000 0.000000 0.000000 0.000000 1.000000
0.967151 0.253613 -0.017330 -0.081100 -0.253886 0.967103 -0.015951 4.705100 0.012714 0.019826 0.999723 -0.000000 0.000000 0.000000 0.000000 1.000000
0.955616 0.294050 -0.018245 -0.081100 -0.294419 0.955405 -0.022764 4.705100 0.010738 0.027126 0.999574 0.000000 0.000000 0.000000 0.000000 1.000000
0.945642 0.324648 -0.019121 -0.081100 -0.325086 0.945272 -0.027938 4.705100 0.009004 0.032636 0.999427 0.000000 0.000000 0.000000 0.000000 1.000000
0.938432 0.344897 -0.019782 -0.081100 -0.345377 0.937940 -0.031363 4.705100 0.007737 0.036264 0.999312 0.000000 0.000000 0.000000 0.000000 1.000000
0.935140 0.353706 -0.020108 -0.081100 -0.354205 0.934591 -0.032830 4.705100 0.007181 0.037823 0.999259 0.000000 0.000000 0.000000 0.000000 1.000000
0.936165 0.350992 -0.019998 -0.081100 -0.351485 0.935633 -0.032386 4.705100 0.007344 0.037348 0.999275 0.000000 0.000000 0.000000 0.000000 1.000000
0.940915 0.338079 -0.019562 -0.081100 -0.338545 0.940465 -0.030202 4.705100 0.008187 0.035040 0.999352 0.000000 0.000000 0.000000 0.000000 1.000000
0.948343 0.316685 -0.018881 -0.081100 -0.317106 0.948018 -0.026577 4.705100 0.009483 0.031192 0.999468 0.000000 0.000000 0.000000 0.000000 1.000000
0.957447 0.288041 -0.018087 -0.081100 -0.288397 0.957264 -0.021731 4.705100 0.011055 0.026022 0.999600 -0.000000 0.000000 0.000000 0.000000 1.000000
0.967248 0.253242 -0.017315 -0.081100 -0.253514 0.967201 -0.015873 4.705100 0.012727 0.019743 0.999724 0.000000 0.000000 0.000000 0.000000 1.000000
0.976890 0.213091 -0.016693 -0.081100 -0.213261 0.976952 -0.009154 4.705100 0.014358 0.012502 0.999819 0.000000 0.000000 0.000000 0.000000 1.000000
0.985604 0.168281 -0.016331 -0.081100 -0.168331 0.985729 -0.001715 4.705100 0.015810 0.004439 0.999865 0.000000 0.000000 0.000000 0.000000 1.000000
0.992544 0.120793 -0.016318 -0.081100 -0.120708 0.992669 0.006130 4.705100 0.016939 -0.004115 0.999848 0.000000 0.000000 0.000000 0.000000 1.000000
0.997321 0.071216 -0.016699 -0.081100 -0.070981 0.997376 0.014257 4.705100 0.017670 -0.013033 0.999759 0.000000 0.000000 0.000000 0.000000 1.000000
0.999624 0.021114 -0.017491 -0.081100 -0.020720 0.999534 0.022410 4.705100 0.017956 -0.022040 0.999596 0.000000 0.000000 0.000000 0.000000 1.000000
0.999428 -0.028193 -0.018672 -0.081100 0.028752 0.999125 0.030380 4.705100 0.017799 -0.030899 0.999364 0.000000 0.000000 0.000000 0.000000 1.000000
0.996952 -0.075381 -0.020117 -0.081100 0.076103 0.996377 0.037958 4.705100 0.017183 -0.039373 0.999077 -0.000000 0.000000 0.000000 0.000000 1.000000
0.992623 -0.119268 -0.021795 -0.081100 0.120149 0.991737 0.044966 4.705100 0.016252 -0.047253 0.998751 -0.000000 0.000000 0.000000 0.000000 1.000000
0.987224 -0.157594 -0.023531 -0.081100 0.158619 0.986020 0.051027 4.705100 0.015161 -0.054107 0.998420 0.000000 0.000000 0.000000 0.000000 1.000000
0.982007 -0.187174 -0.025056 -0.081100 0.188313 0.980531 0.055661 4.705100 0.014150 -0.059377 0.998135 -0.000000 0.000000 0.000000 0.000000 1.000000
0.976695 -0.212986 -0.026545 -0.081100 0.214229 0.974957 0.059697 4.705100 0.013166 -0.063993 0.997864 0.000000 0.000000 0.000000 0.000000 1.000000
0.971727 -0.234450 -0.027930 -0.081100 0.235786 0.969760 0.063015 4.705100 0.012311 -0.067818 0.997622 0.000000 0.000000 0.000000 0.000000 1.000000
0.968500 -0.247330 -0.028901 -0.081100 0.248729 0.966393 0.064946 4.705100 0.011867 -0.070089 0.997470 -0.000000 0.000000 0.000000 0.000000 1.000000
0.967682 -0.250473 -0.029243 -0.081100 0.251895 0.965547 0.065324 4.705100 0.011873 -0.070579 0.997436 0.000000 0.000000 0.000000 0.000000 1.000000
0.967911 -0.249631 -0.028868 -0.081100 0.251028 0.965776 0.065275 4.705100 0.011586 -0.070427 0.997450 0.000000 0.000000 0.000000 0.000000 1.000000</float_array>
        <technique_common>
          <accessor source="#mixamorig_RightHandThumb3-Matrix-animation-output-transform-array" count="35" stride="16">
            <param type="float4x4"/>
          </accessor>
        </technique_common>
      </source>
      <source id="mixamorig_RightHandThumb3-Interpolations">
        <Name_array id="mixamorig_RightHandThumb3-Interpolations-array" count="35">
 LINEAR LINEAR LINEAR LINEAR LINEAR LINEAR LINEAR LINEAR LINEAR LINEAR LINEAR
LINEAR LINEAR LINEAR LINEAR LINEAR LINEAR LINEAR LINEAR LINEAR LINEAR LINEAR LINEAR
LINEAR LINEAR LINEAR LINEAR LINEAR LINEAR LINEAR LINEAR LINEAR LINEAR LINEAR LINEAR</Name_array>
        <technique_common>
          <accessor source="#mixamorig_RightHandThumb3-Interpolations-array" count="35">
            <param type="name"/>
          </accessor>
        </technique_common>
      </source>
      <sampler id="mixamorig_RightHandThumb3-Matrix-animation-transform">
        <input semantic="INPUT" source="#mixamorig_RightHandThumb3-Matrix-animation-input"/>
        <input semantic="OUTPUT" source="#mixamorig_RightHandThumb3-Matrix-animation-output-transform"/>
        <input semantic="INTERPOLATION" source="#mixamorig_RightHandThumb3-Interpolations"/>
      </sampler>
      <channel source="#mixamorig_RightHandThumb3-Matrix-animation-transform" target="mixamorig_RightHandThumb3/matrix"/>
    </animation>
    <animation id="mixamorig_RightHandIndex1-anim" name="mixamorig_RightHandIndex1">
      <source id="mixamorig_RightHandIndex1-Matrix-animation-input">
        <float_array id="mixamorig_RightHandIndex1-Matrix-animation-input-array" count="35">

0.000000 0.033333 0.066667 0.100000 0.133333 0.166667 0.200000 0.233333 0.266667 0.300000 0.333333 0.366667 0.400000 0.433333 0.466667 0.500000
0.533333 0.566667 0.600000 0.633333 0.666667 0.700000 0.733333 0.766667 0.800000 0.833333 0.866667 0.900000 0.933333 0.966667 1.000000 1.033333
1.066667 1.100000 1.133333</float_array>
        <technique_common>
          <accessor source="#mixamorig_RightHandIndex1-Matrix-animation-input-array" count="35">
            <param name="TIME" type="float"/>
          </accessor>
        </technique_common>
      </source>
      <source id="mixamorig_RightHandIndex1-Matrix-animation-output-transform">
        <float_array id="mixamorig_RightHandIndex1-Matrix-animation-output-transform-array" count="560">

0.894871 0.364069 -0.258186 5.382800 -0.300467 0.919158 0.254691 13.307100 0.330039 -0.150340 0.931919 -0.085200 0.000000 0.000000 0.000000 1.000000
0.897211 0.359864 -0.255949 5.382800 -0.291879 0.918194 0.267817 13.307100 0.331388 -0.165583 0.928851 -0.085200 0.000000 0.000000 0.000000 1.000000
0.900976 0.340112 -0.269382 5.382800 -0.291086 0.934257 0.205995 13.307100 0.321733 -0.107183 0.940744 -0.085200 0.000000 0.000000 0.000000 1.000000
0.905952 0.295116 -0.303573 5.382800 -0.300991 0.953204 0.028401 13.307100 0.297749 0.065643 0.952385 -0.085200 0.000000 0.000000 0.000000 1.000000
0.911211 0.228613 -0.342681 5.382800 -0.317627 0.919628 -0.231079 13.307100 0.262311 0.319406 0.910589 -0.085200 0.000000 0.000000 0.000000 1.000000
0.916174 0.171848 -0.362068 5.382800 -0.332233 0.830926 -0.446300 13.307100 0.224156 0.529180 0.818366 -0.085200 0.000000 0.000000 0.000000 1.000000
0.921460 0.150139 -0.358287 5.382800 -0.335415 0.772775 -0.538809 13.307100 0.195979 0.616666 0.762440 -0.085200 0.000000 0.000000 0.000000 1.000000
0.928478 0.147797 -0.340711 5.382800 -0.318507 0.788700 -0.525839 13.307100 0.191001 0.596749 0.779365 -0.085200 0.000000 0.000000 0.000000 1.000000
0.939302 0.132125 -0.316631 5.382800 -0.271024 0.851630 -0.448633 13.307100 0.210376 0.507216 0.835747 -0.085200 0.000000 0.000000 0.000000 1.000000
0.952543 0.095872 -0.288913 5.382800 -0.192748 0.924563 -0.328682 13.307100 0.235607 0.368771 0.899165 -0.085200 0.000000 0.000000 0.000000 1.000000
0.965058 0.067503 -0.253192 5.382800 -0.109420 0.981788 -0.155308 13.307100 0.238097 0.177585 0.954868 -0.085200 0.000000 0.000000 0.000000 1.000000
0.976678 0.072940 -0.201939 5.382800 -0.058604 0.995377 0.076089 13.307100 0.206555 -0.062480 0.976438 -0.085200 0.000000 0.000000 0.000000 1.000000
0.984616 0.101577 -0.142171 5.382800 -0.054710 0.951971 0.301260 13.307100 0.165944 -0.288847 0.942884 -0.085200 0.000000 0.000000 0.000000 1.000000
0.986918 0.127440 -0.098753 5.382800 -0.072831 0.898869 0.432122 13.307100 0.143836 -0.419277 0.896392 -0.085200 0.000000 0.000000 0.000000 1.000000
0.986181 0.142922 -0.083783 5.382800 -0.088654 0.882494 0.461892 13.307100 0.139953 -0.448082 0.882970 -0.085200 0.000000 0.000000 0.000000 1.000000
0.983958 0.158127 -0.082597 5.382800 -0.104530 0.886204 0.451349 13.307100 0.144568 -0.435474 0.888517 -0.085200 0.000000 0.000000 0.000000 1.000000
0.980538 0.179422 -0.079706 5.382800 -0.124175 0.881227 0.456091 13.307100 0.152072 -0.437317 0.886357 -0.085200 0.000000 0.000000 0.000000 1.000000
0.978395 0.189559 -0.082532 5.382800 -0.131342 0.878172 0.459960 13.307100 0.159667 -0.439182 0.884096 -0.085200 0.000000 0.000000 0.000000 1.000000
0.979932 0.163365 -0.114217 5.382800 -0.107866 0.916445 0.385348 13.307100 0.167626 -0.365294 0.915676 -0.085200 0.000000 0.000000 0.000000 1.000000
0.978330 0.103349 -0.179414 5.382800 -0.071845 0.982126 0.173975 13.307100 0.194188 -0.157315 0.968268 -0.085200 0.000000 0.000000 0.000000 1.000000
0.967953 0.054380 -0.245174 5.382800 -0.083712 0.990305 -0.110849 13.307100 0.236769 0.127821 0.963121 -0.085200 0.000000 0.000000 0.000000 1.000000
0.957655 0.069379 -0.279435 5.382800 -0.153384 0.944281 -0.291216 13.307100 0.243661 0.321745 0.914937 -0.085200 0.000000 0.000000 0.000000 1.000000
0.948608 0.140591 -0.283510 5.382800 -0.220915 0.935668 -0.275175 13.307100 0.226585 0.323665 0.918641 -0.085200 0.000000 0.000000 0.000000 1.000000
0.942213 0.196742 -0.271158 5.382800 -0.234602 0.965288 -0.114811 13.307100 0.239157 0.171790 0.955663 -0.085200 0.000000 0.000000 0.000000 1.000000
0.946913 0.188178 -0.260662 5.382800 -0.177721 0.982040 0.063348 13.307100 0.267901 -0.013660 0.963350 -0.085200 0.000000 0.000000 0.000000 1.000000
0.953347 0.149827 -0.262072 5.382800 -0.106469 0.979234 0.172524 13.307100 0.282479 -0.136573 0.949502 -0.085200 0.000000 0.000000 0.000000 1.000000
0.951720 0.154611 -0.265189 5.382800 -0.096791 0.970973 0.218731 13.307100 0.291309 -0.182503 0.939059 -0.085200 0.000000 0.000000 0.000000 1.000000
0.941422 0.214760 -0.260007 5.382800 -0.151689 0.958274 0.242283 13.307100 0.301191 -0.188651 0.934717 -0.085200 0.000000 0.000000 0.000000 1.000000
0.928408 0.272761 -0.252308 5.382800 -0.204000 0.941736 0.267427 13.307100 0.310551 -0.196810 0.929959 -0.085200 0.000000 0.000000 0.000000 1.000000
0.922923 0.288652 -0.254740 5.382800 -0.215919 0.935927 0.278244 13.307100 0.318734 -0.201795 0.926114 -0.085200 0.000000 0.000000 0.000000 1.000000
0.920401 0.290856 -0.261275 5.382800 -0.215564 0.935029 0.281518 13.307100 0.326180 -0.202788 0.923300 -0.085200 0.000000 0.000000 0.000000 1.000000
0.917718 0.293299 -0.267899 5.382800 -0.217998 0.935643 0.277578 13.307100 0.332071 -0.196337 0.922595 -0.085200 0.000000 0.000000 0.000000 1.000000
0.910973 0.311734 -0.270092 5.382800 -0.241954 0.934200 0.262163 13.307100 0.334045 -0.173473 0.926456 -0.085200 0.000000 0.000000 0.000000 1.000000
0.901192 0.342813 -0.265200 5.382800 -0.279092 0.927132 0.250066 13.307100 0.331602 -0.151343 0.931201 -0.085200 0.000000 0.000000 0.000000 1.000000
0.894910 0.364048 -0.258081 5.382800 -0.300475 0.919165 0.254657 13.307100 0.329926 -0.150348 0.931957 -0.085200 0.000000 0.000000 0.000000 1.000000</float_array>
        <technique_common>
          <accessor source="#mixamorig_RightHandIndex1-Matrix-animation-output-transform-array" count="35" stride="16">
            <param type="float4x4"/>
          </accessor>
        </technique_common>
      </source>
      <source id="mixamorig_RightHandIndex1-Interpolations">
        <Name_array id="mixamorig_RightHandIndex1-Interpolations-array" count="35">
 LINEAR LINEAR LINEAR LINEAR LINEAR LINEAR LINEAR LINEAR LINEAR LINEAR LINEAR
LINEAR LINEAR LINEAR LINEAR LINEAR LINEAR LINEAR LINEAR LINEAR LINEAR LINEAR LINEAR
LINEAR LINEAR LINEAR LINEAR LINEAR LINEAR LINEAR LINEAR LINEAR LINEAR LINEAR LINEAR</Name_array>
        <technique_common>
          <accessor source="#mixamorig_RightHandIndex1-Interpolations-array" count="35">
            <param type="name"/>
          </accessor>
        </technique_common>
      </source>
      <sampler id="mixamorig_RightHandIndex1-Matrix-animation-transform">
        <input semantic="INPUT" source="#mixamorig_RightHandIndex1-Matrix-animation-input"/>
        <input semantic="OUTPUT" source="#mixamorig_RightHandIndex1-Matrix-animation-output-transform"/>
        <input semantic="INTERPOLATION" source="#mixamorig_RightHandIndex1-Interpolations"/>
      </sampler>
      <channel source="#mixamorig_RightHandIndex1-Matrix-animation-transform" target="mixamorig_RightHandIndex1/matrix"/>
    </animation>
    <animation id="mixamorig_RightHandIndex2-anim" name="mixamorig_RightHandIndex2">
      <source id="mixamorig_RightHandIndex2-Matrix-animation-input">
        <float_array id="mixamorig_RightHandIndex2-Matrix-animation-input-array" count="35">

0.000000 0.033333 0.066667 0.100000 0.133333 0.166667 0.200000 0.233333 0.266667 0.300000 0.333333 0.366667 0.400000 0.433333 0.466667 0.500000
0.533333 0.566667 0.600000 0.633333 0.666667 0.700000 0.733333 0.766667 0.800000 0.833333 0.866667 0.900000 0.933333 0.966667 1.000000 1.033333
1.066667 1.100000 1.133333</float_array>
        <technique_common>
          <accessor source="#mixamorig_RightHandIndex2-Matrix-animation-input-array" count="35">
            <param name="TIME" type="float"/>
          </accessor>
        </technique_common>
      </source>
      <source id="mixamorig_RightHandIndex2-Matrix-animation-output-transform">
        <float_array id="mixamorig_RightHandIndex2-Matrix-animation-output-transform-array" count="560">

0.999981 -0.004928 0.003659 -0.001700 0.005819 0.950848 -0.309603 3.921400 -0.001953 0.309619 0.950859 0.000000 0.000000 0.000000 0.000000 1.000000
0.999981 -0.004970 0.003587 -0.001700 0.005806 0.955708 -0.294259 3.921400 -0.001966 0.294275 0.955719 0.000000 0.000000 0.000000 0.000000 1.000000
0.999981 -0.004971 0.003559 -0.001700 0.005812 0.953584 -0.301072 3.921400 -0.001898 0.301087 0.953595 0.000000 0.000000 0.000000 0.000000 1.000000
0.999983 -0.004985 0.003179 -0.001700 0.005784 0.936470 -0.350701 3.921400 -0.001228 0.350714 0.936482 -0.000000 0.000000 0.000000 0.000000 1.000000
0.999984 -0.004927 0.002728 -0.001700 0.005621 0.903280 -0.429016 3.921400 -0.000350 0.429024 0.903293 0.000000 0.000000 0.000000 0.000000 1.000000
0.999986 -0.004863 0.002026 -0.001700 0.005237 0.876051 -0.482190 3.921400 0.000571 0.482194 0.876064 0.000000 0.000000 0.000000 0.000000 1.000000
0.999988 -0.004771 0.001024 -0.001700 0.004696 0.883880 -0.467690 3.921400 0.001326 0.467689 0.883892 -0.000000 0.000000 0.000000 0.000000 1.000000
0.999989 -0.004604 -0.000178 -0.001700 0.004182 0.923207 -0.384279 3.921400 0.001934 0.384274 0.923217 0.000000 0.000000 0.000000 0.000000 1.000000
0.999989 -0.004473 -0.001410 -0.001700 0.003946 0.964901 -0.262586 3.921400 0.002535 0.262578 0.964908 0.000000 0.000000 0.000000 0.000000 1.000000
0.999988 -0.004303 -0.002400 -0.001700 0.003907 0.989289 -0.145920 3.921400 0.003002 0.145909 0.989293 0.000000 0.000000 0.000000 0.000000 1.000000
0.999987 -0.004311 -0.002752 -0.001700 0.004125 0.997922 -0.064296 3.921400 0.003024 0.064284 0.997927 0.000000 0.000000 0.000000 0.000000 1.000000
0.999987 -0.004616 -0.002293 -0.001700 0.004569 0.999782 -0.020350 3.921400 0.002386 0.020340 0.999790 0.000000 0.000000 0.000000 0.000000 1.000000
0.999987 -0.004944 -0.001191 -0.001700 0.004939 0.999978 -0.004340 3.921400 0.001213 0.004334 0.999990 0.000000 0.000000 0.000000 0.000000 1.000000
0.999988 -0.004993 -0.000005 -0.001700 0.004993 0.999987 -0.000874 3.921400 0.000009 0.000874 1.000000 0.000000 0.000000 0.000000 0.000000 1.000000
0.999987 -0.004938 0.000861 -0.001700 0.004945 0.999960 -0.007512 3.921400 -0.000823 0.007516 0.999971 -0.000000 0.000000 0.000000 0.000000 1.000000
0.999988 -0.004779 0.001154 -0.001700 0.004792 0.999921 -0.011637 3.921400 -0.001098 0.011642 0.999932 0.000000 0.000000 0.000000 0.000000 1.000000
0.999988 -0.004659 0.001142 -0.001700 0.004665 0.999971 -0.006068 3.921400 -0.001114 0.006074 0.999981 0.000000 0.000000 0.000000 0.000000 1.000000
0.999989 -0.004626 0.001013 -0.001700 0.004628 0.999988 -0.001412 3.921400 -0.001007 0.001416 0.999998 -0.000000 0.000000 0.000000 0.000000 1.000000
0.999989 -0.004639 0.000910 -0.001700 0.004663 0.999600 -0.027879 3.921400 -0.000780 0.027883 0.999611 0.000000 0.000000 0.000000 0.000000 1.000000
0.999988 -0.004715 0.001256 -0.001700 0.004839 0.991448 -0.130416 3.921400 -0.000631 0.130421 0.991459 -0.000000 0.000000 0.000000 0.000000 1.000000
0.999987 -0.004775 0.001909 -0.001700 0.005121 0.958732 -0.284264 3.921400 -0.000473 0.284270 0.958744 0.000000 0.000000 0.000000 0.000000 1.000000
0.999986 -0.004715 0.002484 -0.001700 0.005316 0.915655 -0.401929 3.921400 -0.000379 0.401937 0.915667 0.000000 0.000000 0.000000 0.000000 1.000000
0.999985 -0.004688 0.002663 -0.001700 0.005373 0.906918 -0.421273 3.921400 -0.000440 0.421281 0.906930 0.000000 0.000000 0.000000 0.000000 1.000000
0.999985 -0.004718 0.002631 -0.001700 0.005349 0.933152 -0.359443 3.921400 -0.000759 0.359451 0.933163 0.000000 0.000000 0.000000 0.000000 1.000000
0.999985 -0.004787 0.002547 -0.001700 0.005312 0.959246 -0.282523 3.921400 -0.001091 0.282533 0.959257 0.000000 0.000000 0.000000 0.000000 1.000000
0.999985 -0.004842 0.002597 -0.001700 0.005325 0.970625 -0.240540 3.921400 -0.001356 0.240550 0.970636 -0.000000 0.000000 0.000000 0.000000 1.000000
0.999984 -0.004971 0.002722 -0.001700 0.005473 0.971779 -0.235829 3.921400 -0.001473 0.235840 0.971791 -0.000000 0.000000 0.000000 0.000000 1.000000
0.999982 -0.005186 0.002897 -0.001700 0.005739 0.969260 -0.245970 3.921400 -0.001532 0.245982 0.969273 0.000000 0.000000 0.000000 0.000000 1.000000
0.999982 -0.005272 0.003004 -0.001700 0.005859 0.967676 -0.252130 3.921400 -0.001578 0.252143 0.967689 0.000000 0.000000 0.000000 0.000000 1.000000
0.999981 -0.005307 0.003117 -0.001700 0.005936 0.965467 -0.260459 3.921400 -0.001627 0.260472 0.965480 0.000000 0.000000 0.000000 0.000000 1.000000
0.999981 -0.005318 0.003257 -0.001700 0.006002 0.962602 -0.270854 3.921400 -0.001694 0.270869 0.962615 0.000000 0.000000 0.000000 0.000000 1.000000
0.999980 -0.005314 0.003422 -0.001700 0.006067 0.958942 -0.283538 3.921400 -0.001775 0.283553 0.958955 -0.000000 0.000000 0.000000 0.000000 1.000000
0.999979 -0.005287 0.003634 -0.001700 0.006134 0.953864 -0.300175 3.921400 -0.001879 0.300191 0.953877 0.000000 0.000000 0.000000 0.000000 1.000000
0.999979 -0.005281 0.003731 -0.001700 0.006180 0.950338 -0.311159 3.921400 -0.001902 0.311175 0.950351 0.000000 0.000000 0.000000 0.000000 1.000000
0.999981 -0.005029 0.003639 -0.001700 0.005908 0.950847 -0.309603 3.921400 -0.001903 0.309619 0.950859 0.000000 0.000000 0.000000 0.000000 1.000000</float_array>
        <technique_common>
          <accessor source="#mixamorig_RightHandIndex2-Matrix-animation-output-transform-array" count="35" stride="16">
            <param type="float4x4"/>
          </accessor>
        </technique_common>
      </source>
      <source id="mixamorig_RightHandIndex2-Interpolations">
        <Name_array id="mixamorig_RightHandIndex2-Interpolations-array" count="35">
 LINEAR LINEAR LINEAR LINEAR LINEAR LINEAR LINEAR LINEAR LINEAR LINEAR LINEAR
LINEAR LINEAR LINEAR LINEAR LINEAR LINEAR LINEAR LINEAR LINEAR LINEAR LINEAR LINEAR
LINEAR LINEAR LINEAR LINEAR LINEAR LINEAR LINEAR LINEAR LINEAR LINEAR LINEAR LINEAR</Name_array>
        <technique_common>
          <accessor source="#mixamorig_RightHandIndex2-Interpolations-array" count="35">
            <param type="name"/>
          </accessor>
        </technique_common>
      </source>
      <sampler id="mixamorig_RightHandIndex2-Matrix-animation-transform">
        <input semantic="INPUT" source="#mixamorig_RightHandIndex2-Matrix-animation-input"/>
        <input semantic="OUTPUT" source="#mixamorig_RightHandIndex2-Matrix-animation-output-transform"/>
        <input semantic="INTERPOLATION" source="#mixamorig_RightHandIndex2-Interpolations"/>
      </sampler>
      <channel source="#mixamorig_RightHandIndex2-Matrix-animation-transform" target="mixamorig_RightHandIndex2/matrix"/>
    </animation>
    <animation id="mixamorig_RightHandIndex3-anim" name="mixamorig_RightHandIndex3">
      <source id="mixamorig_RightHandIndex3-Matrix-animation-input">
        <float_array id="mixamorig_RightHandIndex3-Matrix-animation-input-array" count="35">

0.000000 0.033333 0.066667 0.100000 0.133333 0.166667 0.200000 0.233333 0.266667 0.300000 0.333333 0.366667 0.400000 0.433333 0.466667 0.500000
0.533333 0.566667 0.600000 0.633333 0.666667 0.700000 0.733333 0.766667 0.800000 0.833333 0.866667 0.900000 0.933333 0.966667 1.000000 1.033333
1.066667 1.100000 1.133333</float_array>
        <technique_common>
          <accessor source="#mixamorig_RightHandIndex3-Matrix-animation-input-array" count="35">
            <param name="TIME" type="float"/>
          </accessor>
        </technique_common>
      </source>
      <source id="mixamorig_RightHandIndex3-Matrix-animation-output-transform">
        <float_array id="mixamorig_RightHandIndex3-Matrix-animation-output-transform-array" count="560">

0.999986 -0.004313 0.003177 -0.000300 0.005217 0.918732 -0.394846 3.178700 -0.001216 0.394857 0.918742 0.000000 0.000000 0.000000 0.000000 1.000000
0.999986 -0.004350 0.003170 -0.000300 0.005226 0.925494 -0.378726 3.178700 -0.001287 0.378737 0.925503 0.000000 0.000000 0.000000 0.000000 1.000000
0.999986 -0.004365 0.003111 -0.000300 0.005223 0.923815 -0.382805 3.178700 -0.001203 0.382815 0.923824 0.000000 0.000000 0.000000 0.000000 1.000000
0.999987 -0.004660 0.002296 -0.000300 0.005194 0.904185 -0.427110 3.178700 -0.000085 0.427117 0.904197 -0.000000 0.000000 0.000000 0.000000 1.000000
0.999988 -0.004819 0.001239 -0.000300 0.004797 0.867665 -0.497126 3.178700 0.001321 0.497126 0.867677 0.000000 0.000000 0.000000 0.000000 1.000000
0.999989 -0.004788 -0.000027 -0.000300 0.004015 0.841721 -0.539898 3.178700 0.002607 0.539891 0.841731 0.000000 0.000000 0.000000 0.000000 1.000000
0.999988 -0.004624 -0.001299 -0.000300 0.003293 0.856861 -0.515538 3.178700 0.003497 0.515528 0.856866 0.000000 0.000000 0.000000 0.000000 1.000000
0.999988 -0.004189 -0.002375 -0.000300 0.002779 0.904747 -0.425940 3.178700 0.003933 0.425928 0.904748 -0.000000 0.000000 0.000000 0.000000 1.000000
0.999988 -0.003674 -0.003260 -0.000300 0.002507 0.952537 -0.304412 3.178700 0.004224 0.304400 0.952535 0.000000 0.000000 0.000000 0.000000 1.000000
0.999987 -0.003327 -0.003830 -0.000300 0.002553 0.982418 -0.186680 3.178700 0.004384 0.186667 0.982413 0.000000 0.000000 0.000000 0.000000 1.000000
0.999986 -0.003301 -0.004026 -0.000300 0.002970 0.996836 -0.079426 3.178700 0.004276 0.079413 0.996833 -0.000000 0.000000 0.000000 0.000000 1.000000
0.999986 -0.003586 -0.003911 -0.000300 0.003723 0.999360 0.035565 3.178700 0.003781 -0.035579 0.999360 0.000000 0.000000 0.000000 0.000000 1.000000
0.999987 -0.003710 -0.003544 -0.000300 0.004232 0.986988 0.160739 3.178700 0.002902 -0.160752 0.986991 -0.000000 0.000000 0.000000 0.000000 1.000000
0.999989 -0.003557 -0.002984 -0.000300 0.004214 0.965175 0.261572 3.178700 0.001950 -0.261582 0.965179 -0.000000 0.000000 0.000000 0.000000 1.000000
0.999991 -0.003437 -0.002534 -0.000300 0.004059 0.949343 0.314215 3.178700 0.001326 -0.314223 0.949348 0.000000 0.000000 0.000000 0.000000 1.000000
0.999992 -0.003294 -0.002273 -0.000300 0.003853 0.945837 0.324619 3.178700 0.001081 -0.324625 0.945842 0.000000 0.000000 0.000000 0.000000 1.000000
0.999993 -0.003118 -0.002175 -0.000300 0.003650 0.947442 0.319908 3.178700 0.001064 -0.319913 0.947446 0.000000 0.000000 0.000000 0.000000 1.000000
0.999993 -0.003043 -0.002068 -0.000300 0.003525 0.953141 0.302505 3.178700 0.001050 -0.302510 0.953146 -0.000000 0.000000 0.000000 0.000000 1.000000
0.999993 -0.003153 -0.001929 -0.000300 0.003516 0.972486 0.232933 3.178700 0.001141 -0.232938 0.972491 -0.000000 0.000000 0.000000 0.000000 1.000000
0.999992 -0.003562 -0.001646 -0.000300 0.003680 0.996939 0.078094 3.178700 0.001363 -0.078099 0.996945 0.000000 0.000000 0.000000 0.000000 1.000000
0.999991 -0.003964 -0.001295 -0.000300 0.003765 0.991752 -0.128114 3.178700 0.001792 0.128108 0.991759 0.000000 0.000000 0.000000 0.000000 1.000000
0.999991 -0.004141 -0.000829 -0.000300 0.003736 0.958869 -0.283823 3.178700 0.001970 0.283817 0.958876 0.000000 0.000000 0.000000 0.000000 1.000000
0.999991 -0.004234 -0.000397 -0.000300 0.003873 0.945265 -0.326282 3.178700 0.001757 0.326277 0.945272 -0.000000 0.000000 0.000000 0.000000 1.000000
0.999991 -0.004283 0.000128 -0.000300 0.004145 0.959167 -0.282810 3.178700 0.001089 0.282808 0.959176 0.000000 0.000000 0.000000 0.000000 1.000000
0.999991 -0.004271 0.000660 -0.000300 0.004309 0.973872 -0.227057 3.178700 0.000327 0.227057 0.973881 -0.000000 0.000000 0.000000 0.000000 1.000000
0.999990 -0.004269 0.001157 -0.000300 0.004417 0.977951 -0.208786 3.178700 -0.000240 0.208789 0.977961 -0.000000 0.000000 0.000000 0.000000 1.000000
0.999990 -0.004274 0.001626 -0.000300 0.004532 0.973600 -0.228215 3.178700 -0.000607 0.228220 0.973609 0.000000 0.000000 0.000000 0.000000 1.000000
0.999989 -0.004282 0.002060 -0.000300 0.004672 0.965137 -0.261703 3.178700 -0.000868 0.261709 0.965146 0.000000 0.000000 0.000000 0.000000 1.000000
0.999988 -0.004285 0.002301 -0.000300 0.004767 0.957552 -0.288221 3.178700 -0.000968 0.288229 0.957561 0.000000 0.000000 0.000000 0.000000 1.000000
0.999988 -0.004286 0.002518 -0.000300 0.004858 0.949933 -0.312417 3.178700 -0.001053 0.312426 0.949942 0.000000 0.000000 0.000000 0.000000 1.000000
0.999987 -0.004283 0.002738 -0.000300 0.004955 0.941604 -0.336686 3.178700 -0.001136 0.336696 0.941613 -0.000000 0.000000 0.000000 0.000000 1.000000
0.999986 -0.004281 0.002963 -0.000300 0.005062 0.932577 -0.360936 3.178700 -0.001218 0.360947 0.932586 -0.000000 0.000000 0.000000 0.000000 1.000000
0.999986 -0.004225 0.003150 -0.000300 0.005112 0.923127 -0.384462 3.178700 -0.001283 0.384473 0.923135 0.000000 0.000000 0.000000 0.000000 1.000000
0.999986 -0.004197 0.003155 -0.000300 0.005104 0.917857 -0.396877 3.178700 -0.001230 0.396888 0.917866 0.000000 0.000000 0.000000 0.000000 1.000000
0.999986 -0.004201 0.003155 -0.000300 0.005106 0.918733 -0.394846 3.178700 -0.001239 0.394857 0.918742 -0.000000 0.000000 0.000000 0.000000 1.000000</float_array>
        <technique_common>
          <accessor source="#mixamorig_RightHandIndex3-Matrix-animation-output-transform-array" count="35" stride="16">
            <param type="float4x4"/>
          </accessor>
        </technique_common>
      </source>
      <source id="mixamorig_RightHandIndex3-Interpolations">
        <Name_array id="mixamorig_RightHandIndex3-Interpolations-array" count="35">
 LINEAR LINEAR LINEAR LINEAR LINEAR LINEAR LINEAR LINEAR LINEAR LINEAR LINEAR
LINEAR LINEAR LINEAR LINEAR LINEAR LINEAR LINEAR LINEAR LINEAR LINEAR LINEAR LINEAR
LINEAR LINEAR LINEAR LINEAR LINEAR LINEAR LINEAR LINEAR LINEAR LINEAR LINEAR LINEAR</Name_array>
        <technique_common>
          <accessor source="#mixamorig_RightHandIndex3-Interpolations-array" count="35">
            <param type="name"/>
          </accessor>
        </technique_common>
      </source>
      <sampler id="mixamorig_RightHandIndex3-Matrix-animation-transform">
        <input semantic="INPUT" source="#mixamorig_RightHandIndex3-Matrix-animation-input"/>
        <input semantic="OUTPUT" source="#mixamorig_RightHandIndex3-Matrix-animation-output-transform"/>
        <input semantic="INTERPOLATION" source="#mixamorig_RightHandIndex3-Interpolations"/>
      </sampler>
      <channel source="#mixamorig_RightHandIndex3-Matrix-animation-transform" target="mixamorig_RightHandIndex3/matrix"/>
    </animation>
    <animation id="mixamorig_RightHandMiddle1-anim" name="mixamorig_RightHandMiddle1">
      <source id="mixamorig_RightHandMiddle1-Matrix-animation-input">
        <float_array id="mixamorig_RightHandMiddle1-Matrix-animation-input-array" count="35">

0.000000 0.033333 0.066667 0.100000 0.133333 0.166667 0.200000 0.233333 0.266667 0.300000 0.333333 0.366667 0.400000 0.433333 0.466667 0.500000
0.533333 0.566667 0.600000 0.633333 0.666667 0.700000 0.733333 0.766667 0.800000 0.833333 0.866667 0.900000 0.933333 0.966667 1.000000 1.033333
1.066667 1.100000 1.133333</float_array>
        <technique_common>
          <accessor source="#mixamorig_RightHandMiddle1-Matrix-animation-input-array" count="35">
            <param name="TIME" type="float"/>
          </accessor>
        </technique_common>
      </source>
      <source id="mixamorig_RightHandMiddle1-Matrix-animation-output-transform">
        <float_array id="mixamorig_RightHandMiddle1-Matrix-animation-output-transform-array" count="560">

0.984580 0.163435 -0.062382 1.695500 -0.157685 0.983555 0.088063 14.609200 0.075749 -0.076868 0.994160 0.049800 0.000000 0.000000 0.000000 1.000000
0.984490 0.164275 -0.061580 1.695500 -0.157407 0.982102 0.103434 14.609200 0.077469 -0.092137 0.992728 0.049800 0.000000 0.000000 0.000000 1.000000
0.985915 0.151227 -0.071432 1.695500 -0.148967 0.988187 0.035999 14.609200 0.076032 -0.024851 0.996796 0.049800 0.000000 0.000000 0.000000 1.000000
0.989080 0.114256 -0.093088 1.695500 -0.127610 0.979936 -0.153107 14.609200 0.073727 0.163314 0.983815 0.049800 0.000000 0.000000 0.000000 1.000000
0.991867 0.055918 -0.114341 1.695500 -0.099403 0.901378 -0.421469 14.609200 0.079496 0.429407 0.899606 0.049800 0.000000 0.000000 0.000000 1.000000
0.992238 0.005065 -0.124251 1.695500 -0.083920 0.764619 -0.638996 14.609200 0.091768 0.644463 0.759109 0.049800 0.000000 0.000000 0.000000 1.000000
0.991334 -0.014927 -0.130512 1.695500 -0.086630 0.672574 -0.734941 14.609200 0.098750 0.739879 0.665453 0.049800 0.000000 0.000000 0.000000 1.000000
0.990197 -0.017105 -0.138626 1.695500 -0.091021 0.673789 -0.733297 14.609200 0.105948 0.738726 0.665627 0.049800 0.000000 0.000000 0.000000 1.000000
0.989214 -0.029126 -0.143554 1.695500 -0.076597 0.732503 -0.676441 14.609200 0.124856 0.680140 0.722371 0.049800 0.000000 0.000000 0.000000 1.000000
0.987688 -0.057861 -0.145341 1.695500 -0.039625 0.806247 -0.590251 14.609200 0.151333 0.588743 0.794028 0.049800 0.000000 0.000000 0.000000 1.000000
0.985293 -0.081089 -0.150406 1.695500 0.001510 0.884324 -0.466872 14.609200 0.170866 0.459778 0.871441 0.049800 0.000000 0.000000 0.000000 1.000000
0.984382 -0.078838 -0.157403 1.695500 0.030966 0.957720 -0.286032 14.609200 0.173298 0.276690 0.945204 0.049800 0.000000 0.000000 0.000000 1.000000
0.985630 -0.061485 -0.157330 1.695500 0.049187 0.995508 -0.080904 14.609200 0.161597 0.072002 0.984227 0.049800 0.000000 0.000000 0.000000 1.000000
0.987334 -0.050629 -0.150360 1.695500 0.061207 0.995902 0.066579 14.609200 0.146373 -0.074938 0.986387 0.049800 0.000000 0.000000 0.000000 1.000000
0.988378 -0.047412 -0.144433 1.695500 0.065246 0.990463 0.121352 14.609200 0.137301 -0.129366 0.982045 0.049800 0.000000 0.000000 0.000000 1.000000
0.989272 -0.036293 -0.141503 1.695500 0.054914 0.989992 0.130000 14.609200 0.135369 -0.136376 0.981365 0.049800 0.000000 0.000000 0.000000 1.000000
0.990341 -0.011880 -0.138140 1.695500 0.032325 0.988650 0.146716 14.609200 0.134829 -0.149764 0.979485 0.049800 0.000000 0.000000 0.000000 1.000000
0.991001 0.008848 -0.133560 1.695500 0.012725 0.987066 0.159807 14.609200 0.133246 -0.160068 0.978071 0.049800 0.000000 0.000000 0.000000 1.000000
0.991018 0.005882 -0.133600 1.695500 0.006951 0.995416 0.095388 14.609200 0.133549 -0.095460 0.986434 0.049800 0.000000 0.000000 0.000000 1.000000
0.989744 -0.018323 -0.141672 1.695500 0.004254 0.995080 -0.098981 14.609200 0.142789 0.097363 0.984953 0.049800 0.000000 0.000000 0.000000 1.000000
0.988380 -0.033834 -0.148193 1.695500 -0.021012 0.935144 -0.353645 14.609200 0.150547 0.352649 0.923566 0.049800 0.000000 0.000000 0.000000 1.000000
0.988896 -0.007293 -0.148431 1.695500 -0.070386 0.856676 -0.511030 14.609200 0.130884 0.515803 0.846650 0.049800 0.000000 0.000000 0.000000 1.000000
0.987527 0.051337 -0.148848 1.695500 -0.119129 0.861752 -0.493144 14.609200 0.102953 0.504725 0.857119 0.049800 0.000000 0.000000 0.000000 1.000000
0.985948 0.086680 -0.142806 1.695500 -0.130465 0.933441 -0.334167 14.609200 0.104335 0.348102 0.931633 0.049800 0.000000 0.000000 0.000000 1.000000
0.989974 0.062962 -0.126438 1.695500 -0.080892 0.986542 -0.142097 14.609200 0.115790 0.150900 0.981744 0.049800 0.000000 0.000000 0.000000 1.000000
0.993706 0.015810 -0.110900 1.695500 -0.017219 0.999783 -0.011764 14.609200 0.110690 0.013600 0.993762 0.049800 0.000000 0.000000 0.000000 1.000000
0.994874 0.010072 -0.100621 1.695500 -0.005467 0.998929 0.045940 14.609200 0.100976 -0.045154 0.993864 0.049800 0.000000 0.000000 0.000000 1.000000
0.994299 0.054461 -0.091668 1.695500 -0.048401 0.996573 0.067083 14.609200 0.095007 -0.062264 0.993527 0.049800 0.000000 0.000000 0.000000 1.000000
0.991600 0.099086 -0.083131 1.695500 -0.092046 0.992152 0.084630 14.609200 0.090864 -0.076267 0.992939 0.049800 0.000000 0.000000 0.000000 1.000000
0.990885 0.109909 -0.077891 1.695500 -0.102276 0.990112 0.096005 14.609200 0.087673 -0.087164 0.992329 0.049800 0.000000 0.000000 0.000000 1.000000
0.991209 0.109523 -0.074232 1.695500 -0.101570 0.989423 0.103563 14.609200 0.084789 -0.095113 0.991849 0.049800 0.000000 0.000000 0.000000 1.000000
0.991478 0.109030 -0.071308 1.695500 -0.101164 0.989216 0.105912 14.609200 0.082086 -0.097796 0.991815 0.049800 0.000000 0.000000 0.000000 1.000000
0.990297 0.120896 -0.068525 1.695500 -0.113947 0.988684 0.097574 14.609200 0.079546 -0.088819 0.992866 0.049800 0.000000 0.000000 0.000000 1.000000
0.987337 0.144551 -0.065344 1.695500 -0.138625 0.986463 0.087599 14.609200 0.077122 -0.077432 0.994010 0.049800 0.000000 0.000000 0.000000 1.000000
0.984580 0.163435 -0.062382 1.695500 -0.157685 0.983555 0.088063 14.609200 0.075749 -0.076869 0.994160 0.049800 0.000000 0.000000 0.000000 1.000000</float_array>
        <technique_common>
          <accessor source="#mixamorig_RightHandMiddle1-Matrix-animation-output-transform-array" count="35" stride="16">
            <param type="float4x4"/>
          </accessor>
        </technique_common>
      </source>
      <source id="mixamorig_RightHandMiddle1-Interpolations">
        <Name_array id="mixamorig_RightHandMiddle1-Interpolations-array" count="35">
 LINEAR LINEAR LINEAR LINEAR LINEAR LINEAR LINEAR LINEAR LINEAR LINEAR LINEAR
LINEAR LINEAR LINEAR LINEAR LINEAR LINEAR LINEAR LINEAR LINEAR LINEAR LINEAR LINEAR
LINEAR LINEAR LINEAR LINEAR LINEAR LINEAR LINEAR LINEAR LINEAR LINEAR LINEAR LINEAR</Name_array>
        <technique_common>
          <accessor source="#mixamorig_RightHandMiddle1-Interpolations-array" count="35">
            <param type="name"/>
          </accessor>
        </technique_common>
      </source>
      <sampler id="mixamorig_RightHandMiddle1-Matrix-animation-transform">
        <input semantic="INPUT" source="#mixamorig_RightHandMiddle1-Matrix-animation-input"/>
        <input semantic="OUTPUT" source="#mixamorig_RightHandMiddle1-Matrix-animation-output-transform"/>
        <input semantic="INTERPOLATION" source="#mixamorig_RightHandMiddle1-Interpolations"/>
      </sampler>
      <channel source="#mixamorig_RightHandMiddle1-Matrix-animation-transform" target="mixamorig_RightHandMiddle1/matrix"/>
    </animation>
    <animation id="mixamorig_RightHandMiddle2-anim" name="mixamorig_RightHandMiddle2">
      <source id="mixamorig_RightHandMiddle2-Matrix-animation-input">
        <float_array id="mixamorig_RightHandMiddle2-Matrix-animation-input-array" count="35">

0.000000 0.033333 0.066667 0.100000 0.133333 0.166667 0.200000 0.233333 0.266667 0.300000 0.333333 0.366667 0.400000 0.433333 0.466667 0.500000
0.533333 0.566667 0.600000 0.633333 0.666667 0.700000 0.733333 0.766667 0.800000 0.833333 0.866667 0.900000 0.933333 0.966667 1.000000 1.033333
1.066667 1.100000 1.133333</float_array>
        <technique_common>
          <accessor source="#mixamorig_RightHandMiddle2-Matrix-animation-input-array" count="35">
            <param name="TIME" type="float"/>
          </accessor>
        </technique_common>
      </source>
      <source id="mixamorig_RightHandMiddle2-Matrix-animation-output-transform">
        <float_array id="mixamorig_RightHandMiddle2-Matrix-animation-output-transform-array" count="560">

0.999926 -0.012098 -0.001299 -0.000200 0.010203 0.891840 -0.452236 4.318300 0.006629 0.452189 0.891897 0.000000 0.000000 0.000000 0.000000 1.000000
0.999927 -0.011976 -0.001409 -0.000200 0.010149 0.898928 -0.437978 4.318300 0.006511 0.437932 0.898984 0.000000 0.000000 0.000000 0.000000 1.000000
0.999926 -0.012072 -0.001241 -0.000200 0.010227 0.893353 -0.449239 4.318300 0.006532 0.449193 0.893411 0.000000 0.000000 0.000000 0.000000 1.000000
0.999923 -0.012395 -0.000132 -0.000200 0.010635 0.863270 -0.504631 4.318300 0.006369 0.504591 0.863335 0.000000 0.000000 0.000000 0.000000 1.000000
0.999916 -0.012825 0.001598 -0.000200 0.011311 0.808577 -0.588282 4.318300 0.006253 0.588250 0.808655 0.000000 0.000000 0.000000 0.000000 1.000000
0.999908 -0.013175 0.003207 -0.000200 0.012105 0.760747 -0.648935 4.318300 0.006110 0.648914 0.760837 0.000000 0.000000 0.000000 0.000000 1.000000
0.999904 -0.013255 0.004027 -0.000200 0.012692 0.760011 -0.649787 4.318300 0.005552 0.649775 0.760106 0.000000 0.000000 0.000000 0.000000 1.000000
0.999906 -0.013139 0.003983 -0.000200 0.012949 0.806141 -0.591581 4.318300 0.004561 0.591577 0.806235 -0.000000 0.000000 0.000000 0.000000 1.000000
0.999912 -0.012802 0.003613 -0.000200 0.012882 0.864196 -0.502991 4.318300 0.003317 0.502993 0.864284 0.000000 0.000000 0.000000 0.000000 1.000000
0.999918 -0.012366 0.003195 -0.000200 0.012567 0.907868 -0.419069 4.318300 0.002281 0.419075 0.907949 0.000000 0.000000 0.000000 0.000000 1.000000
0.999925 -0.011961 0.002620 -0.000200 0.012123 0.937081 -0.348900 4.318300 0.001718 0.348906 0.937156 0.000000 0.000000 0.000000 0.000000 1.000000
0.999932 -0.011485 0.001821 -0.000200 0.011545 0.961872 -0.273258 4.318300 0.001387 0.273260 0.961939 0.000000 0.000000 0.000000 0.000000 1.000000
0.999941 -0.010855 0.000744 -0.000200 0.010806 0.982784 -0.184443 4.318300 0.001271 0.184440 0.982843 -0.000000 0.000000 0.000000 0.000000 1.000000
0.999948 -0.010210 -0.000268 -0.000200 0.010123 0.994268 -0.106438 4.318300 0.001353 0.106430 0.994319 0.000000 0.000000 0.000000 0.000000 1.000000
0.999951 -0.009855 -0.000909 -0.000200 0.009772 0.997719 -0.066787 4.318300 0.001565 0.066775 0.997767 0.000000 0.000000 0.000000 0.000000 1.000000
0.999951 -0.009846 -0.001171 -0.000200 0.009755 0.998068 -0.061354 4.318300 0.001773 0.061339 0.998115 0.000000 0.000000 0.000000 0.000000 1.000000
0.999950 -0.009927 -0.001211 -0.000200 0.009830 0.997952 -0.063201 4.318300 0.001836 0.063185 0.998000 0.000000 0.000000 0.000000 0.000000 1.000000
0.999949 -0.009979 -0.001200 -0.000200 0.009882 0.997918 -0.063728 4.318300 0.001833 0.063713 0.997967 0.000000 0.000000 0.000000 0.000000 1.000000
0.999946 -0.010308 -0.000956 -0.000200 0.010170 0.995363 -0.095648 4.318300 0.001938 0.095633 0.995415 0.000000 0.000000 0.000000 0.000000 1.000000
0.999937 -0.011262 -0.000183 -0.000200 0.010999 0.979844 -0.199462 4.318300 0.002426 0.199447 0.979906 -0.000000 0.000000 0.000000 0.000000 1.000000
0.999923 -0.012380 0.001049 -0.000200 0.011948 0.934977 -0.354508 4.318300 0.003408 0.354493 0.935052 0.000000 0.000000 0.000000 0.000000 1.000000
0.999912 -0.013082 0.002029 -0.000200 0.012479 0.880222 -0.474397 4.318300 0.004420 0.474381 0.880309 -0.000000 0.000000 0.000000 0.000000 1.000000
0.999911 -0.013203 0.002008 -0.000200 0.012438 0.865907 -0.500051 4.318300 0.004863 0.500032 0.865994 0.000000 0.000000 0.000000 0.000000 1.000000
0.999919 -0.012720 0.001045 -0.000200 0.011838 0.893751 -0.448407 4.318300 0.004770 0.448383 0.893829 0.000000 0.000000 0.000000 0.000000 1.000000
0.999927 -0.012057 -0.000034 -0.000200 0.011131 0.924281 -0.381551 4.318300 0.004632 0.381523 0.924348 0.000000 0.000000 0.000000 0.000000 1.000000
0.999932 -0.011637 -0.000719 -0.000200 0.010658 0.937307 -0.348341 4.318300 0.004728 0.348310 0.937368 0.000000 0.000000 0.000000 0.000000 1.000000
0.999932 -0.011638 -0.000810 -0.000200 0.010607 0.935840 -0.352266 4.318300 0.004858 0.352234 0.935899 -0.000000 0.000000 0.000000 0.000000 1.000000
0.999930 -0.011770 -0.000817 -0.000200 0.010621 0.928095 -0.372193 4.318300 0.005139 0.372158 0.928155 -0.000000 0.000000 0.000000 0.000000 1.000000
0.999929 -0.011872 -0.000845 -0.000200 0.010604 0.920920 -0.389606 4.318300 0.005404 0.389570 0.920981 0.000000 0.000000 0.000000 0.000000 1.000000
0.999928 -0.011958 -0.000871 -0.000200 0.010580 0.914236 -0.405044 4.318300 0.005640 0.405006 0.914297 0.000000 0.000000 0.000000 0.000000 1.000000
0.999927 -0.012039 -0.000895 -0.000200 0.010549 0.907383 -0.420172 4.318300 0.005871 0.420132 0.907444 0.000000 0.000000 0.000000 0.000000 1.000000
0.999926 -0.012115 -0.000919 -0.000200 0.010511 0.900469 -0.434793 4.318300 0.006095 0.434751 0.900530 0.000000 0.000000 0.000000 0.000000 1.000000
0.999925 -0.012179 -0.000916 -0.000200 0.010478 0.893986 -0.447972 4.318300 0.006275 0.447929 0.894047 0.000000 0.000000 0.000000 0.000000 1.000000
0.999925 -0.012217 -0.000930 -0.000200 0.010462 0.890873 -0.454131 4.318300 0.006377 0.454087 0.890934 0.000000 0.000000 0.000000 0.000000 1.000000
0.999925 -0.012204 -0.001387 -0.000200 0.010258 0.891839 -0.452237 4.318300 0.006756 0.452189 0.891897 0.000000 0.000000 0.000000 0.000000 1.000000</float_array>
        <technique_common>
          <accessor source="#mixamorig_RightHandMiddle2-Matrix-animation-output-transform-array" count="35" stride="16">
            <param type="float4x4"/>
          </accessor>
        </technique_common>
      </source>
      <source id="mixamorig_RightHandMiddle2-Interpolations">
        <Name_array id="mixamorig_RightHandMiddle2-Interpolations-array" count="35">
 LINEAR LINEAR LINEAR LINEAR LINEAR LINEAR LINEAR LINEAR LINEAR LINEAR LINEAR
LINEAR LINEAR LINEAR LINEAR LINEAR LINEAR LINEAR LINEAR LINEAR LINEAR LINEAR LINEAR
LINEAR LINEAR LINEAR LINEAR LINEAR LINEAR LINEAR LINEAR LINEAR LINEAR LINEAR LINEAR</Name_array>
        <technique_common>
          <accessor source="#mixamorig_RightHandMiddle2-Interpolations-array" count="35">
            <param type="name"/>
          </accessor>
        </technique_common>
      </source>
      <sampler id="mixamorig_RightHandMiddle2-Matrix-animation-transform">
        <input semantic="INPUT" source="#mixamorig_RightHandMiddle2-Matrix-animation-input"/>
        <input semantic="OUTPUT" source="#mixamorig_RightHandMiddle2-Matrix-animation-output-transform"/>
        <input semantic="INTERPOLATION" source="#mixamorig_RightHandMiddle2-Interpolations"/>
      </sampler>
      <channel source="#mixamorig_RightHandMiddle2-Matrix-animation-transform" target="mixamorig_RightHandMiddle2/matrix"/>
    </animation>
    <animation id="mixamorig_RightHandMiddle3-anim" name="mixamorig_RightHandMiddle3">
      <source id="mixamorig_RightHandMiddle3-Matrix-animation-input">
        <float_array id="mixamorig_RightHandMiddle3-Matrix-animation-input-array" count="35">

0.000000 0.033333 0.066667 0.100000 0.133333 0.166667 0.200000 0.233333 0.266667 0.300000 0.333333 0.366667 0.400000 0.433333 0.466667 0.500000
0.533333 0.566667 0.600000 0.633333 0.666667 0.700000 0.733333 0.766667 0.800000 0.833333 0.866667 0.900000 0.933333 0.966667 1.000000 1.033333
1.066667 1.100000 1.133333</float_array>
        <technique_common>
          <accessor source="#mixamorig_RightHandMiddle3-Matrix-animation-input-array" count="35">
            <param name="TIME" type="float"/>
          </accessor>
        </technique_common>
      </source>
      <source id="mixamorig_RightHandMiddle3-Matrix-animation-output-transform">
        <float_array id="mixamorig_RightHandMiddle3-Matrix-animation-output-transform-array" count="560">

0.999962 -0.004458 -0.007471 0.001500 -0.001244 0.776652 -0.629929 3.241000 0.008611 0.629914 0.776617 0.000000 0.000000 0.000000 0.000000 1.000000
0.999964 -0.004356 -0.007339 0.001500 -0.001082 0.788223 -0.615388 3.241000 0.008465 0.615374 0.788190 0.000000 0.000000 0.000000 0.000000 1.000000
0.999964 -0.004419 -0.007236 0.001500 -0.001009 0.785381 -0.619012 3.241000 0.008418 0.618997 0.785348 -0.000000 0.000000 0.000000 0.000000 1.000000
0.999968 -0.004767 -0.006427 0.001500 -0.000631 0.753667 -0.657257 3.241000 0.007977 0.657240 0.753639 -0.000000 0.000000 0.000000 0.000000 1.000000
0.999972 -0.005356 -0.005244 0.001500 -0.000021 0.697549 -0.716537 3.241000 0.007495 0.716517 0.697530 0.000000 0.000000 0.000000 0.000000 1.000000
0.999976 -0.005730 -0.003946 0.001500 0.000792 0.657328 -0.753604 3.241000 0.006912 0.753583 0.657317 0.000000 0.000000 0.000000 0.000000 1.000000
0.999980 -0.005572 -0.002955 0.001500 0.001579 0.674820 -0.737981 3.241000 0.006106 0.737962 0.674815 0.000000 0.000000 0.000000 0.000000 1.000000
0.999985 -0.004883 -0.002324 0.001500 0.002072 0.742867 -0.669436 3.241000 0.004996 0.669421 0.742867 0.000000 0.000000 0.000000 0.000000 1.000000
0.999991 -0.003877 -0.001723 0.001500 0.002190 0.819461 -0.573130 3.241000 0.003634 0.573121 0.819462 0.000000 0.000000 0.000000 0.000000 1.000000
0.999995 -0.002917 -0.001213 0.001500 0.001978 0.877517 -0.479542 3.241000 0.002463 0.479537 0.877518 0.000000 0.000000 0.000000 0.000000 1.000000
0.999998 -0.001950 -0.000946 0.001500 0.001427 0.920807 -0.390016 3.241000 0.001632 0.390014 0.920808 0.000000 0.000000 0.000000 0.000000 1.000000
0.999999 -0.000757 -0.000800 0.001500 0.000502 0.959833 -0.280573 3.241000 0.000980 0.280572 0.959832 0.000000 0.000000 0.000000 0.000000 1.000000
1.000000 0.000547 -0.000637 0.001500 -0.000637 0.988555 -0.150861 3.241000 0.000547 0.150862 0.988555 -0.000000 0.000000 0.000000 0.000000 1.000000
0.999999 0.001430 -0.000585 0.001500 -0.001452 0.999169 -0.040740 3.241000 0.000526 0.040741 0.999170 0.000000 0.000000 0.000000 0.000000 1.000000
0.999998 0.001644 -0.000564 0.001500 -0.001636 0.999890 0.014724 3.241000 0.000588 -0.014723 0.999891 0.000000 0.000000 0.000000 0.000000 1.000000
0.999998 0.001590 -0.000692 0.001500 -0.001572 0.999676 0.025414 3.241000 0.000732 -0.025413 0.999677 0.000000 0.000000 0.000000 0.000000 1.000000
0.999999 0.001514 -0.000819 0.001500 -0.001496 0.999775 0.021165 3.241000 0.000851 -0.021163 0.999776 0.000000 0.000000 0.000000 0.000000 1.000000
0.999999 0.001351 -0.001024 0.001500 -0.001347 0.999991 0.003935 3.241000 0.001030 -0.003934 0.999992 0.000000 0.000000 0.000000 0.000000 1.000000
0.999999 0.000737 -0.001493 0.001500 -0.000833 0.997834 -0.065784 3.241000 0.001441 0.065785 0.997833 0.000000 0.000000 0.000000 0.000000 1.000000
0.999997 -0.000693 -0.002226 0.001500 0.000193 0.976074 -0.217439 3.241000 0.002323 0.217438 0.976071 -0.000000 0.000000 0.000000 0.000000 1.000000
0.999993 -0.002619 -0.002807 0.001500 0.001246 0.912976 -0.408010 3.241000 0.003632 0.408004 0.912973 0.000000 0.000000 0.000000 0.000000 1.000000
0.999987 -0.004118 -0.003101 0.001500 0.001770 0.839296 -0.543672 3.241000 0.004842 0.543660 0.839292 0.000000 0.000000 0.000000 0.000000 1.000000
0.999984 -0.004447 -0.003525 0.001500 0.001589 0.815771 -0.578372 3.241000 0.005447 0.578357 0.815765 -0.000000 0.000000 0.000000 0.000000 1.000000
0.999984 -0.003835 -0.004195 0.001500 0.000965 0.841948 -0.539558 3.241000 0.005601 0.539546 0.841938 0.000000 0.000000 0.000000 0.000000 1.000000
0.999983 -0.003181 -0.004845 0.001500 0.000403 0.872053 -0.489411 3.241000 0.005782 0.489400 0.872040 0.000000 0.000000 0.000000 0.000000 1.000000
0.999981 -0.002963 -0.005396 0.001500 0.000059 0.881150 -0.472836 3.241000 0.006156 0.472827 0.881134 0.000000 0.000000 0.000000 0.000000 1.000000
0.999978 -0.003127 -0.005809 0.001500 -0.000125 0.871383 -0.490604 3.241000 0.006597 0.490594 0.871363 -0.000000 0.000000 0.000000 0.000000 1.000000
0.999975 -0.003444 -0.006176 0.001500 -0.000282 0.853258 -0.521489 3.241000 0.007066 0.521478 0.853236 0.000000 0.000000 0.000000 0.000000 1.000000
0.999972 -0.003739 -0.006459 0.001500 -0.000412 0.836460 -0.548028 3.241000 0.007452 0.548015 0.836435 -0.000000 0.000000 0.000000 0.000000 1.000000
0.999970 -0.004019 -0.006687 0.001500 -0.000513 0.821377 -0.570385 3.241000 0.007785 0.570371 0.821350 0.000000 0.000000 0.000000 0.000000 1.000000
0.999967 -0.004299 -0.006898 0.001500 -0.000612 0.806443 -0.591311 3.241000 0.008105 0.591296 0.806414 -0.000000 0.000000 0.000000 0.000000 1.000000
0.999965 -0.004548 -0.007086 0.001500 -0.000722 0.792100 -0.610392 3.241000 0.008389 0.610375 0.792068 0.000000 0.000000 0.000000 0.000000 1.000000
0.999963 -0.004728 -0.007189 0.001500 -0.000809 0.780148 -0.625594 3.241000 0.008566 0.625577 0.780115 0.000000 0.000000 0.000000 0.000000 1.000000
0.999962 -0.004812 -0.007211 0.001500 -0.000827 0.775106 -0.631830 3.241000 0.008630 0.631813 0.775073 0.000000 0.000000 0.000000 0.000000 1.000000
0.999962 -0.004520 -0.007421 0.001500 -0.001164 0.776652 -0.629929 3.241000 0.008610 0.629914 0.776617 0.000000 0.000000 0.000000 0.000000 1.000000</float_array>
        <technique_common>
          <accessor source="#mixamorig_RightHandMiddle3-Matrix-animation-output-transform-array" count="35" stride="16">
            <param type="float4x4"/>
          </accessor>
        </technique_common>
      </source>
      <source id="mixamorig_RightHandMiddle3-Interpolations">
        <Name_array id="mixamorig_RightHandMiddle3-Interpolations-array" count="35">
 LINEAR LINEAR LINEAR LINEAR LINEAR LINEAR LINEAR LINEAR LINEAR LINEAR LINEAR
LINEAR LINEAR LINEAR LINEAR LINEAR LINEAR LINEAR LINEAR LINEAR LINEAR LINEAR LINEAR
LINEAR LINEAR LINEAR LINEAR LINEAR LINEAR LINEAR LINEAR LINEAR LINEAR LINEAR LINEAR</Name_array>
        <technique_common>
          <accessor source="#mixamorig_RightHandMiddle3-Interpolations-array" count="35">
            <param type="name"/>
          </accessor>
        </technique_common>
      </source>
      <sampler id="mixamorig_RightHandMiddle3-Matrix-animation-transform">
        <input semantic="INPUT" source="#mixamorig_RightHandMiddle3-Matrix-animation-input"/>
        <input semantic="OUTPUT" source="#mixamorig_RightHandMiddle3-Matrix-animation-output-transform"/>
        <input semantic="INTERPOLATION" source="#mixamorig_RightHandMiddle3-Interpolations"/>
      </sampler>
      <channel source="#mixamorig_RightHandMiddle3-Matrix-animation-transform" target="mixamorig_RightHandMiddle3/matrix"/>
    </animation>
    <animation id="mixamorig_RightHandRing1-anim" name="mixamorig_RightHandRing1">
      <source id="mixamorig_RightHandRing1-Matrix-animation-input">
        <float_array id="mixamorig_RightHandRing1-Matrix-animation-input-array" count="35">

0.000000 0.033333 0.066667 0.100000 0.133333 0.166667 0.200000 0.233333 0.266667 0.300000 0.333333 0.366667 0.400000 0.433333 0.466667 0.500000
0.533333 0.566667 0.600000 0.633333 0.666667 0.700000 0.733333 0.766667 0.800000 0.833333 0.866667 0.900000 0.933333 0.966667 1.000000 1.033333
1.066667 1.100000 1.133333</float_array>
        <technique_common>
          <accessor source="#mixamorig_RightHandRing1-Matrix-animation-input-array" count="35">
            <param name="TIME" type="float"/>
          </accessor>
        </technique_common>
      </source>
      <source id="mixamorig_RightHandRing1-Matrix-animation-output-transform">
        <float_array id="mixamorig_RightHandRing1-Matrix-animation-output-transform-array" count="560">

0.990993 -0.058209 0.120598 -1.709700 0.072347 0.990565 -0.116388 14.370000 -0.112685 0.124065 0.985855 -0.144700 0.000000 0.000000 0.000000 1.000000
0.991639 -0.051163 0.118465 -1.709700 0.063246 0.992915 -0.100593 14.370000 -0.112479 0.107244 0.987850 -0.144700 0.000000 0.000000 0.000000 1.000000
0.992675 -0.054476 0.107838 -1.709700 0.073372 0.980951 -0.179864 14.370000 -0.095986 0.186458 0.977763 -0.144700 0.000000 0.000000 0.000000 1.000000
0.992750 -0.078678 0.090869 -1.709700 0.107861 0.916747 -0.384631 14.370000 -0.053042 0.391644 0.918587 -0.144700 0.000000 0.000000 0.000000 1.000000
0.989575 -0.120371 0.079069 -1.709700 0.142752 0.747216 -0.649069 14.370000 0.019047 0.653590 0.756609 -0.144700 0.000000 0.000000 0.000000 1.000000
0.985684 -0.152070 0.072811 -1.709700 0.143267 0.527770 -0.837218 14.370000 0.088889 0.835663 0.542001 -0.144700 0.000000 0.000000 0.000000 1.000000
0.985984 -0.157646 0.054624 -1.709700 0.113846 0.396383 -0.910999 14.370000 0.121964 0.904449 0.408774 -0.144700 0.000000 0.000000 0.000000 1.000000
0.987993 -0.152636 0.023906 -1.709700 0.082832 0.392708 -0.915925 14.370000 0.130415 0.906908 0.400636 -0.144700 0.000000 0.000000 0.000000 1.000000
0.986882 -0.161428 -0.002070 -1.709700 0.072311 0.453464 -0.888336 14.370000 0.144341 0.876534 0.459189 -0.144700 0.000000 0.000000 0.000000 1.000000
0.980882 -0.193572 -0.019997 -1.709700 0.086041 0.523561 -0.847632 14.370000 0.174548 0.829707 0.530207 -0.144700 0.000000 0.000000 0.000000 1.000000
0.970852 -0.235486 -0.044648 -1.709700 0.112707 0.612938 -0.782052 14.370000 0.211529 0.754224 0.621612 -0.144700 0.000000 0.000000 0.000000 1.000000
0.960183 -0.267891 -0.079272 -1.709700 0.152878 0.741329 -0.653498 14.370000 0.233833 0.615359 0.752765 -0.144700 0.000000 0.000000 0.000000 1.000000
0.952117 -0.287944 -0.102771 -1.709700 0.210890 0.861911 -0.461123 14.370000 0.221357 0.417370 0.881365 -0.144700 0.000000 0.000000 0.000000 1.000000
0.947198 -0.303797 -0.102585 -1.709700 0.265361 0.922270 -0.281071 14.370000 0.179999 0.239008 0.954188 -0.144700 0.000000 0.000000 0.000000 1.000000
0.945576 -0.311808 -0.093066 -1.709700 0.291730 0.939020 -0.182031 14.370000 0.144150 0.144974 0.978879 -0.144700 0.000000 0.000000 0.000000 1.000000
0.949621 -0.300021 -0.090591 -1.709700 0.285436 0.947322 -0.145281 14.370000 0.129406 0.112104 0.985234 -0.144700 0.000000 0.000000 0.000000 1.000000
0.958645 -0.268436 -0.094565 -1.709700 0.257011 0.959238 -0.117506 14.370000 0.122253 0.088343 0.988559 -0.144700 0.000000 0.000000 0.000000 1.000000
0.968251 -0.231170 -0.095129 -1.709700 0.221947 0.970087 -0.098337 14.370000 0.115016 0.074102 0.990596 -0.144700 0.000000 0.000000 0.000000 1.000000
0.975847 -0.199468 -0.089075 -1.709700 0.183712 0.969964 -0.159437 14.370000 0.118202 0.139222 0.983181 -0.144700 0.000000 0.000000 0.000000 1.000000
0.981800 -0.172471 -0.079513 -1.709700 0.133694 0.925014 -0.355632 14.370000 0.134887 0.338529 0.931238 -0.144700 0.000000 0.000000 0.000000 1.000000
0.988090 -0.139815 -0.064260 -1.709700 0.072924 0.793220 -0.604553 14.370000 0.135498 0.592667 0.793968 -0.144700 0.000000 0.000000 0.000000 1.000000
0.994615 -0.090500 -0.050511 -1.709700 0.022486 0.664180 -0.747234 14.370000 0.101173 0.742074 0.662639 -0.144700 0.000000 0.000000 0.000000 1.000000
0.997954 -0.041291 -0.048813 -1.709700 -0.007626 0.681161 -0.732094 14.370000 0.063478 0.730968 0.679453 -0.144700 0.000000 0.000000 0.000000 1.000000
0.998676 -0.033034 -0.039434 -1.709700 0.003794 0.811779 -0.583952 14.370000 0.051301 0.583030 0.810830 -0.144700 0.000000 0.000000 0.000000 1.000000
0.996450 -0.083906 -0.006895 -1.709700 0.074871 0.920639 -0.383169 14.370000 0.038498 0.381293 0.923652 -0.144700 0.000000 0.000000 0.000000 1.000000
0.988018 -0.151448 0.029715 -1.709700 0.154195 0.960438 -0.231910 14.370000 0.006583 0.233714 0.972283 -0.144700 0.000000 0.000000 0.000000 1.000000
0.983631 -0.172195 0.053097 -1.709700 0.178639 0.970481 -0.162031 14.370000 -0.023629 0.168864 0.985356 -0.144700 0.000000 0.000000 0.000000 1.000000
0.987785 -0.140954 0.066430 -1.709700 0.149205 0.978500 -0.142389 14.370000 -0.044932 0.150561 0.987579 -0.144700 0.000000 0.000000 0.000000 1.000000
0.991226 -0.106582 0.078176 -1.709700 0.116315 0.984285 -0.132870 14.370000 -0.062786 0.140797 0.988046 -0.144700 0.000000 0.000000 0.000000 1.000000
0.990833 -0.100158 0.090660 -1.709700 0.111013 0.986064 -0.123907 14.370000 -0.076986 0.132835 0.988144 -0.144700 0.000000 0.000000 0.000000 1.000000
0.989342 -0.103106 0.102819 -1.709700 0.114835 0.986639 -0.115567 14.370000 -0.089529 0.126142 0.987964 -0.144700 0.000000 0.000000 0.000000 1.000000
0.987889 -0.106046 0.113264 -1.709700 0.118495 0.986898 -0.109508 14.370000 -0.100167 0.121603 0.987512 -0.144700 0.000000 0.000000 0.000000 1.000000
0.987998 -0.098125 0.119292 -1.709700 0.111364 0.987683 -0.109906 14.370000 -0.107039 0.121872 0.986757 -0.144700 0.000000 0.000000 0.000000 1.000000
0.989649 -0.077734 0.120633 -1.709700 0.091648 0.989194 -0.114437 14.370000 -0.110434 0.124308 0.986079 -0.144700 0.000000 0.000000 0.000000 1.000000
0.991006 -0.058209 0.120497 -1.709700 0.072336 0.990565 -0.116396 14.370000 -0.112584 0.124065 0.985866 -0.144700 0.000000 0.000000 0.000000 1.000000</float_array>
        <technique_common>
          <accessor source="#mixamorig_RightHandRing1-Matrix-animation-output-transform-array" count="35" stride="16">
            <param type="float4x4"/>
          </accessor>
        </technique_common>
      </source>
      <source id="mixamorig_RightHandRing1-Interpolations">
        <Name_array id="mixamorig_RightHandRing1-Interpolations-array" count="35">
 LINEAR LINEAR LINEAR LINEAR LINEAR LINEAR LINEAR LINEAR LINEAR LINEAR LINEAR
LINEAR LINEAR LINEAR LINEAR LINEAR LINEAR LINEAR LINEAR LINEAR LINEAR LINEAR LINEAR
LINEAR LINEAR LINEAR LINEAR LINEAR LINEAR LINEAR LINEAR LINEAR LINEAR LINEAR LINEAR</Name_array>
        <technique_common>
          <accessor source="#mixamorig_RightHandRing1-Interpolations-array" count="35">
            <param type="name"/>
          </accessor>
        </technique_common>
      </source>
      <sampler id="mixamorig_RightHandRing1-Matrix-animation-transform">
        <input semantic="INPUT" source="#mixamorig_RightHandRing1-Matrix-animation-input"/>
        <input semantic="OUTPUT" source="#mixamorig_RightHandRing1-Matrix-animation-output-transform"/>
        <input semantic="INTERPOLATION" source="#mixamorig_RightHandRing1-Interpolations"/>
      </sampler>
      <channel source="#mixamorig_RightHandRing1-Matrix-animation-transform" target="mixamorig_RightHandRing1/matrix"/>
    </animation>
    <animation id="mixamorig_RightHandRing2-anim" name="mixamorig_RightHandRing2">
      <source id="mixamorig_RightHandRing2-Matrix-animation-input">
        <float_array id="mixamorig_RightHandRing2-Matrix-animation-input-array" count="35">

0.000000 0.033333 0.066667 0.100000 0.133333 0.166667 0.200000 0.233333 0.266667 0.300000 0.333333 0.366667 0.400000 0.433333 0.466667 0.500000
0.533333 0.566667 0.600000 0.633333 0.666667 0.700000 0.733333 0.766667 0.800000 0.833333 0.866667 0.900000 0.933333 0.966667 1.000000 1.033333
1.066667 1.100000 1.133333</float_array>
        <technique_common>
          <accessor source="#mixamorig_RightHandRing2-Matrix-animation-input-array" count="35">
            <param name="TIME" type="float"/>
          </accessor>
        </technique_common>
      </source>
      <source id="mixamorig_RightHandRing2-Matrix-animation-output-transform">
        <float_array id="mixamorig_RightHandRing2-Matrix-animation-output-transform-array" count="560">

0.999999 -0.000848 -0.001416 0.001300 0.000137 0.897597 -0.440816 3.380800 0.001645 0.440815 0.897596 -0.000000 0.000000 0.000000 0.000000 1.000000
0.999999 -0.000776 -0.001472 0.001300 0.000072 0.903902 -0.427740 3.380800 0.001663 0.427739 0.903901 0.000000 0.000000 0.000000 0.000000 1.000000
0.999999 -0.000869 -0.001242 0.001300 0.000209 0.890500 -0.454984 3.380800 0.001502 0.454983 0.890499 0.000000 0.000000 0.000000 0.000000 1.000000
0.999999 -0.000990 -0.000320 0.001300 0.000661 0.841904 -0.539627 3.380800 0.000803 0.539627 0.841904 0.000000 0.000000 0.000000 0.000000 1.000000
0.999999 -0.001223 0.000957 0.001300 0.001551 0.754600 -0.656183 3.380800 0.000081 0.656184 0.754601 0.000000 0.000000 0.000000 0.000000 1.000000
0.999997 -0.001347 0.002169 0.001300 0.002514 0.667526 -0.744582 3.380800 -0.000445 0.744585 0.667528 0.000000 0.000000 0.000000 0.000000 1.000000
0.999995 -0.001485 0.002849 0.001300 0.003143 0.636096 -0.771604 3.380800 -0.000667 0.771608 0.636097 -0.000000 0.000000 0.000000 0.000000 1.000000
0.999994 -0.001713 0.003082 0.001300 0.003439 0.667074 -0.744983 3.380800 -0.000780 0.744989 0.667076 -0.000000 0.000000 0.000000 0.000000 1.000000
0.999993 -0.002068 0.003154 0.001300 0.003677 0.720491 -0.693454 3.380800 -0.000839 0.693461 0.720494 0.000000 0.000000 0.000000 0.000000 1.000000
0.999993 -0.002297 0.002990 0.001300 0.003685 0.763377 -0.645943 3.380800 -0.000799 0.645950 0.763380 0.000000 0.000000 0.000000 0.000000 1.000000
0.999995 -0.002228 0.002432 0.001300 0.003243 0.798340 -0.602199 3.380800 -0.000600 0.602203 0.798342 0.000000 0.000000 0.000000 0.000000 1.000000
0.999998 -0.001870 0.001120 0.001300 0.002179 0.843227 -0.537552 3.380800 0.000061 0.537554 0.843230 0.000000 0.000000 0.000000 0.000000 1.000000
0.999999 -0.001576 -0.000578 0.001300 0.001152 0.894677 -0.446713 3.380800 0.001221 0.446711 0.894677 0.000000 0.000000 0.000000 0.000000 1.000000
0.999997 -0.001576 -0.001974 0.001300 0.000753 0.932035 -0.362368 3.380800 0.002411 0.362365 0.932033 0.000000 0.000000 0.000000 0.000000 1.000000
0.999994 -0.001946 -0.002709 0.001300 0.000977 0.947532 -0.319659 3.380800 0.003189 0.319654 0.947529 -0.000000 0.000000 0.000000 0.000000 1.000000
0.999993 -0.002409 -0.002868 0.001300 0.001391 0.949833 -0.312756 3.380800 0.003478 0.312750 0.949829 0.000000 0.000000 0.000000 0.000000 1.000000
0.999992 -0.002742 -0.002846 0.001300 0.001730 0.951211 -0.308535 3.380800 0.003554 0.308528 0.951209 0.000000 0.000000 0.000000 0.000000 1.000000
0.999992 -0.002854 -0.002758 0.001300 0.001907 0.954914 -0.296875 3.380800 0.003481 0.296868 0.954912 -0.000000 0.000000 0.000000 0.000000 1.000000
0.999993 -0.002884 -0.002268 0.001300 0.002022 0.949059 -0.315093 3.380800 0.003061 0.315086 0.949058 0.000000 0.000000 0.000000 0.000000 1.000000
0.999995 -0.002808 -0.001398 0.001300 0.001994 0.913218 -0.407467 3.380800 0.002421 0.407463 0.913219 0.000000 0.000000 0.000000 0.000000 1.000000
0.999996 -0.002724 -0.000312 0.001300 0.002108 0.836613 -0.547790 3.380800 0.001753 0.547788 0.836615 0.000000 0.000000 0.000000 0.000000 1.000000
0.999996 -0.002626 0.000421 0.001300 0.002275 0.762997 -0.646398 3.380800 0.001376 0.646397 0.763000 0.000000 0.000000 0.000000 0.000000 1.000000
0.999997 -0.002527 0.000397 0.001300 0.002177 0.758975 -0.651117 3.380800 0.001344 0.651115 0.758978 0.000000 0.000000 0.000000 0.000000 1.000000
0.999997 -0.002272 -0.000195 0.001300 0.001741 0.815635 -0.578565 3.380800 0.001473 0.578563 0.815636 -0.000000 0.000000 0.000000 0.000000 1.000000
0.999998 -0.001965 -0.000884 0.001300 0.001284 0.872988 -0.487740 3.380800 0.001730 0.487738 0.872988 -0.000000 0.000000 0.000000 0.000000 1.000000
0.999998 -0.001701 -0.001197 0.001300 0.001019 0.902307 -0.431092 3.380800 0.001813 0.431090 0.902307 0.000000 0.000000 0.000000 0.000000 1.000000
0.999998 -0.001555 -0.001296 0.001300 0.000878 0.910069 -0.414456 3.380800 0.001824 0.414454 0.910068 0.000000 0.000000 0.000000 0.000000 1.000000
0.999998 -0.001380 -0.001369 0.001300 0.000683 0.908860 -0.417100 3.380800 0.001820 0.417098 0.908860 0.000000 0.000000 0.000000 0.000000 1.000000
0.999998 -0.001335 -0.001378 0.001300 0.000628 0.906472 -0.422266 3.380800 0.001813 0.422264 0.906471 0.000000 0.000000 0.000000 0.000000 1.000000
0.999998 -0.001331 -0.001367 0.001300 0.000618 0.903862 -0.427824 3.380800 0.001805 0.427823 0.903861 0.000000 0.000000 0.000000 0.000000 1.000000
0.999998 -0.001325 -0.001357 0.001300 0.000606 0.901114 -0.433583 3.380800 0.001797 0.433581 0.901113 0.000000 0.000000 0.000000 0.000000 1.000000
0.999998 -0.001322 -0.001346 0.001300 0.000597 0.898511 -0.438950 3.380800 0.001790 0.438949 0.898510 -0.000000 0.000000 0.000000 0.000000 1.000000
0.999998 -0.001317 -0.001341 0.001300 0.000587 0.896623 -0.442795 3.380800 0.001785 0.442793 0.896622 0.000000 0.000000 0.000000 0.000000 1.000000
0.999998 -0.001301 -0.001347 0.001300 0.000569 0.896424 -0.443197 3.380800 0.001784 0.443195 0.896423 0.000000 0.000000 0.000000 0.000000 1.000000
0.999998 -0.000814 -0.001592 0.001300 0.000029 0.897597 -0.440816 3.380800 0.001787 0.440815 0.897596 0.000000 0.000000 0.000000 0.000000 1.000000</float_array>
        <technique_common>
          <accessor source="#mixamorig_RightHandRing2-Matrix-animation-output-transform-array" count="35" stride="16">
            <param type="float4x4"/>
          </accessor>
        </technique_common>
      </source>
      <source id="mixamorig_RightHandRing2-Interpolations">
        <Name_array id="mixamorig_RightHandRing2-Interpolations-array" count="35">
 LINEAR LINEAR LINEAR LINEAR LINEAR LINEAR LINEAR LINEAR LINEAR LINEAR LINEAR
LINEAR LINEAR LINEAR LINEAR LINEAR LINEAR LINEAR LINEAR LINEAR LINEAR LINEAR LINEAR
LINEAR LINEAR LINEAR LINEAR LINEAR LINEAR LINEAR LINEAR LINEAR LINEAR LINEAR LINEAR</Name_array>
        <technique_common>
          <accessor source="#mixamorig_RightHandRing2-Interpolations-array" count="35">
            <param type="name"/>
          </accessor>
        </technique_common>
      </source>
      <sampler id="mixamorig_RightHandRing2-Matrix-animation-transform">
        <input semantic="INPUT" source="#mixamorig_RightHandRing2-Matrix-animation-input"/>
        <input semantic="OUTPUT" source="#mixamorig_RightHandRing2-Matrix-animation-output-transform"/>
        <input semantic="INTERPOLATION" source="#mixamorig_RightHandRing2-Interpolations"/>
      </sampler>
      <channel source="#mixamorig_RightHandRing2-Matrix-animation-transform" target="mixamorig_RightHandRing2/matrix"/>
    </animation>
    <animation id="mixamorig_RightHandRing3-anim" name="mixamorig_RightHandRing3">
      <source id="mixamorig_RightHandRing3-Matrix-animation-input">
        <float_array id="mixamorig_RightHandRing3-Matrix-animation-input-array" count="35">

0.000000 0.033333 0.066667 0.100000 0.133333 0.166667 0.200000 0.233333 0.266667 0.300000 0.333333 0.366667 0.400000 0.433333 0.466667 0.500000
0.533333 0.566667 0.600000 0.633333 0.666667 0.700000 0.733333 0.766667 0.800000 0.833333 0.866667 0.900000 0.933333 0.966667 1.000000 1.033333
1.066667 1.100000 1.133333</float_array>
        <technique_common>
          <accessor source="#mixamorig_RightHandRing3-Matrix-animation-input-array" count="35">
            <param name="TIME" type="float"/>
          </accessor>
        </technique_common>
      </source>
      <source id="mixamorig_RightHandRing3-Matrix-animation-output-transform">
        <float_array id="mixamorig_RightHandRing3-Matrix-animation-output-transform-array" count="560">

0.999949 -0.009843 -0.002266 -0.000200 0.006987 0.836113 -0.548513 2.845800 0.007294 0.548469 0.836139 0.000000 0.000000 0.000000 0.000000 1.000000
0.999950 -0.009742 -0.002301 -0.000200 0.007001 0.844933 -0.534826 2.845800 0.007155 0.534783 0.844959 0.000000 0.000000 0.000000 0.000000 1.000000
0.999949 -0.009851 -0.002166 -0.000200 0.006978 0.830641 -0.556765 2.845800 0.007284 0.556722 0.830667 0.000000 0.000000 0.000000 0.000000 1.000000
0.999950 -0.009927 -0.001363 -0.000200 0.006851 0.776609 -0.629946 2.845800 0.007312 0.629905 0.776638 0.000000 0.000000 0.000000 0.000000 1.000000
0.999950 -0.009966 -0.000369 -0.000200 0.006544 0.683633 -0.729797 2.845800 0.007525 0.729758 0.683664 0.000000 0.000000 0.000000 0.000000 1.000000
0.999949 -0.010094 0.000690 -0.000200 0.006586 0.597585 -0.801779 2.845800 0.007681 0.801742 0.597620 -0.000000 0.000000 0.000000 0.000000 1.000000
0.999947 -0.010204 0.001392 -0.000200 0.007006 0.574940 -0.818165 2.845800 0.007549 0.818132 0.574981 0.000000 0.000000 0.000000 0.000000 1.000000
0.999945 -0.010365 0.001818 -0.000200 0.007832 0.617684 -0.786387 2.845800 0.007027 0.786358 0.617731 0.000000 0.000000 0.000000 0.000000 1.000000
0.999942 -0.010570 0.002056 -0.000200 0.008710 0.681655 -0.731621 2.845800 0.006331 0.731597 0.681708 -0.000000 0.000000 0.000000 0.000000 1.000000
0.999939 -0.010816 0.002166 -0.000200 0.009417 0.734734 -0.678290 2.845800 0.005745 0.678270 0.734791 0.000000 0.000000 0.000000 0.000000 1.000000
0.999936 -0.011068 0.002170 -0.000200 0.010022 0.783614 -0.621167 2.845800 0.005174 0.621149 0.783675 0.000000 0.000000 0.000000 0.000000 1.000000
0.999935 -0.011265 0.002000 -0.000200 0.010593 0.845501 -0.533869 2.845800 0.004323 0.533855 0.845565 0.000000 0.000000 0.000000 0.000000 1.000000
0.999934 -0.011351 0.001661 -0.000200 0.011010 0.908830 -0.417022 2.845800 0.003224 0.417013 0.908895 0.000000 0.000000 0.000000 0.000000 1.000000
0.999935 -0.011351 0.001316 -0.000200 0.011192 0.949695 -0.312978 2.845800 0.002303 0.312972 0.949760 0.000000 0.000000 0.000000 0.000000 1.000000
0.999936 -0.011265 0.001099 -0.000200 0.011168 0.966170 -0.257666 2.845800 0.001841 0.257662 0.966233 0.000000 0.000000 0.000000 0.000000 1.000000
0.999937 -0.011198 0.000989 -0.000200 0.011109 0.970855 -0.239411 2.845800 0.001721 0.239406 0.970918 0.000000 0.000000 0.000000 0.000000 1.000000
0.999937 -0.011154 0.000873 -0.000200 0.011058 0.973396 -0.228860 2.845800 0.001702 0.228856 0.973459 0.000000 0.000000 0.000000 0.000000 1.000000
0.999938 -0.011144 0.000721 -0.000200 0.011014 0.973488 -0.228475 2.845800 0.001845 0.228469 0.973550 0.000000 0.000000 0.000000 0.000000 1.000000
0.999936 -0.011273 0.000761 -0.000200 0.011034 0.959829 -0.280369 2.845800 0.002430 0.280359 0.959892 0.000000 0.000000 0.000000 0.000000 1.000000
0.999933 -0.011535 0.001184 -0.000200 0.010994 0.910622 -0.413095 2.845800 0.003686 0.413080 0.910687 0.000000 0.000000 0.000000 0.000000 1.000000
0.999930 -0.011695 0.001759 -0.000200 0.010558 0.815736 -0.578328 2.845800 0.005329 0.578306 0.815803 0.000000 0.000000 0.000000 0.000000 1.000000
0.999930 -0.011643 0.002000 -0.000200 0.009858 0.729080 -0.684358 2.845800 0.006510 0.684330 0.729144 0.000000 0.000000 0.000000 0.000000 1.000000
0.999933 -0.011450 0.001658 -0.000200 0.009406 0.721198 -0.692665 2.845800 0.006735 0.692634 0.721258 0.000000 0.000000 0.000000 0.000000 1.000000
0.999937 -0.011236 0.000685 -0.000200 0.009176 0.778410 -0.627689 2.845800 0.006520 0.627655 0.778464 0.000000 0.000000 0.000000 0.000000 1.000000
0.999940 -0.010959 -0.000347 -0.000200 0.008978 0.836522 -0.547860 2.845800 0.006295 0.547824 0.836570 0.000000 0.000000 0.000000 0.000000 1.000000
0.999942 -0.010688 -0.000896 -0.000200 0.008792 0.864646 -0.502305 2.845800 0.006143 0.502268 0.864690 0.000000 0.000000 0.000000 0.000000 1.000000
0.999946 -0.010381 -0.001107 -0.000200 0.008474 0.869076 -0.494606 2.845800 0.006096 0.494570 0.869117 0.000000 0.000000 0.000000 0.000000 1.000000
0.999948 -0.010125 -0.001273 -0.000200 0.008102 0.863595 -0.504121 2.845800 0.006203 0.504084 0.863632 -0.000000 0.000000 0.000000 0.000000 1.000000
0.999949 -0.009988 -0.001387 -0.000200 0.007847 0.857082 -0.515120 2.845800 0.006334 0.515083 0.857117 0.000000 0.000000 0.000000 0.000000 1.000000
0.999950 -0.009928 -0.001464 -0.000200 0.007678 0.850752 -0.525511 2.845800 0.006463 0.525473 0.850785 0.000000 0.000000 0.000000 0.000000 1.000000
0.999950 -0.009891 -0.001533 -0.000200 0.007532 0.844454 -0.535574 2.845800 0.006592 0.535536 0.844487 0.000000 0.000000 0.000000 0.000000 1.000000
0.999950 -0.009897 -0.001574 -0.000200 0.007444 0.838729 -0.544498 2.845800 0.006709 0.544459 0.838761 0.000000 0.000000 0.000000 0.000000 1.000000
0.999950 -0.009911 -0.001602 -0.000200 0.007393 0.834928 -0.550310 2.845800 0.006792 0.550270 0.834959 0.000000 0.000000 0.000000 0.000000 1.000000
0.999950 -0.009908 -0.001628 -0.000200 0.007371 0.834447 -0.551039 2.845800 0.006818 0.551000 0.834478 0.000000 0.000000 0.000000 0.000000 1.000000
0.999950 -0.009696 -0.002428 -0.000200 0.006776 0.836115 -0.548513 2.845800 0.007348 0.548469 0.836139 -0.000000 0.000000 0.000000 0.000000 1.000000</float_array>
        <technique_common>
          <accessor source="#mixamorig_RightHandRing3-Matrix-animation-output-transform-array" count="35" stride="16">
            <param type="float4x4"/>
          </accessor>
        </technique_common>
      </source>
      <source id="mixamorig_RightHandRing3-Interpolations">
        <Name_array id="mixamorig_RightHandRing3-Interpolations-array" count="35">
 LINEAR LINEAR LINEAR LINEAR LINEAR LINEAR LINEAR LINEAR LINEAR LINEAR LINEAR
LINEAR LINEAR LINEAR LINEAR LINEAR LINEAR LINEAR LINEAR LINEAR LINEAR LINEAR LINEAR
LINEAR LINEAR LINEAR LINEAR LINEAR LINEAR LINEAR LINEAR LINEAR LINEAR LINEAR LINEAR</Name_array>
        <technique_common>
          <accessor source="#mixamorig_RightHandRing3-Interpolations-array" count="35">
            <param type="name"/>
          </accessor>
        </technique_common>
      </source>
      <sampler id="mixamorig_RightHandRing3-Matrix-animation-transform">
        <input semantic="INPUT" source="#mixamorig_RightHandRing3-Matrix-animation-input"/>
        <input semantic="OUTPUT" source="#mixamorig_RightHandRing3-Matrix-animation-output-transform"/>
        <input semantic="INTERPOLATION" source="#mixamorig_RightHandRing3-Interpolations"/>
      </sampler>
      <channel source="#mixamorig_RightHandRing3-Matrix-animation-transform" target="mixamorig_RightHandRing3/matrix"/>
    </animation>
    <animation id="mixamorig_RightHandPinky1-anim" name="mixamorig_RightHandPinky1">
      <source id="mixamorig_RightHandPinky1-Matrix-animation-input">
        <float_array id="mixamorig_RightHandPinky1-Matrix-animation-input-array" count="35">

0.000000 0.033333 0.066667 0.100000 0.133333 0.166667 0.200000 0.233333 0.266667 0.300000 0.333333 0.366667 0.400000 0.433333 0.466667 0.500000
0.533333 0.566667 0.600000 0.633333 0.666667 0.700000 0.733333 0.766667 0.800000 0.833333 0.866667 0.900000 0.933333 0.966667 1.000000 1.033333
1.066667 1.100000 1.133333</float_array>
        <technique_common>
          <accessor source="#mixamorig_RightHandPinky1-Matrix-animation-input-array" count="35">
            <param name="TIME" type="float"/>
          </accessor>
        </technique_common>
      </source>
      <source id="mixamorig_RightHandPinky1-Matrix-animation-output-transform">
        <float_array id="mixamorig_RightHandPinky1-Matrix-animation-output-transform-array" count="560">

0.927643 -0.183471 0.325296 -4.848000 0.241453 0.959123 -0.147593 14.008100 -0.284920 0.215457 0.934023 -0.068600 0.000000 0.000000 0.000000 1.000000
0.931629 -0.170536 0.320914 -4.848000 0.223296 0.965320 -0.135261 14.008100 -0.286718 0.197671 0.937400 -0.068600 0.000000 0.000000 0.000000 1.000000
0.936856 -0.163177 0.309311 -4.848000 0.240216 0.943063 -0.230064 14.008100 -0.254159 0.289838 0.922712 -0.068600 0.000000 0.000000 0.000000 1.000000
0.940424 -0.172321 0.293101 -4.848000 0.295481 0.840689 -0.453798 14.008100 -0.168208 0.513368 0.841522 -0.068600 0.000000 0.000000 0.000000 1.000000
0.939013 -0.195145 0.283147 -4.848000 0.342559 0.602928 -0.720507 14.008100 -0.030115 0.773561 0.633006 -0.068600 0.000000 0.000000 0.000000 1.000000
0.939001 -0.208378 0.273597 -4.848000 0.329581 0.317960 -0.888976 14.008100 0.098250 0.924922 0.367242 -0.068600 0.000000 0.000000 0.000000 1.000000
0.948147 -0.206030 0.242008 -4.848000 0.274728 0.148396 -0.950002 14.008100 0.159816 0.967228 0.197303 -0.068600 0.000000 0.000000 0.000000 1.000000
0.959347 -0.206255 0.192648 -4.848000 0.220273 0.120431 -0.967975 14.008100 0.176449 0.971059 0.160968 -0.068600 0.000000 0.000000 0.000000 1.000000
0.962264 -0.224537 0.153726 -4.848000 0.188559 0.142880 -0.971612 14.008100 0.196199 0.963934 0.179826 -0.068600 0.000000 0.000000 0.000000 1.000000
0.955142 -0.262465 0.137171 -4.848000 0.178777 0.141751 -0.973625 14.008100 0.236099 0.954473 0.182315 -0.068600 0.000000 0.000000 0.000000 1.000000
0.943074 -0.307033 0.127834 -4.848000 0.178021 0.141354 -0.973821 14.008100 0.280925 0.941143 0.187966 -0.068600 0.000000 0.000000 0.000000 1.000000
0.933294 -0.341723 0.110396 -4.848000 0.191369 0.213134 -0.958098 14.008100 0.303874 0.915314 0.264312 -0.068600 0.000000 0.000000 0.000000 1.000000
0.929560 -0.357038 0.091882 -4.848000 0.227515 0.359444 -0.905006 14.008100 0.290096 0.862162 0.415357 -0.068600 0.000000 0.000000 0.000000 1.000000
0.930287 -0.357028 0.084245 -4.848000 0.268493 0.506213 -0.819548 14.008100 0.249956 0.785034 0.566783 -0.068600 0.000000 0.000000 0.000000 1.000000
0.931342 -0.354793 0.082006 -4.848000 0.294296 0.600729 -0.743313 14.008100 0.214458 0.716412 0.663898 -0.068600 0.000000 0.000000 0.000000 1.000000
0.930181 -0.358671 0.078218 -4.848000 0.309853 0.652834 -0.691230 14.008100 0.196861 0.667205 0.718390 -0.068600 0.000000 0.000000 0.000000 1.000000
0.926618 -0.367355 0.080187 -4.848000 0.329845 0.691787 -0.642365 14.008100 0.180504 0.621676 0.762193 -0.068600 0.000000 0.000000 0.000000 1.000000
0.923480 -0.371966 0.093942 -4.848000 0.350773 0.719476 -0.599427 14.008100 0.155378 0.586511 0.794898 -0.068600 0.000000 0.000000 0.000000 1.000000
0.927720 -0.357100 0.108700 -4.848000 0.343018 0.700714 -0.625571 14.008100 0.147223 0.617641 0.772558 -0.068600 0.000000 0.000000 0.000000 1.000000
0.944643 -0.309470 0.108984 -4.848000 0.278863 0.582284 -0.763662 14.008100 0.172871 0.751780 0.636351 -0.068600 0.000000 0.000000 0.000000 1.000000
0.967953 -0.231401 0.097575 -4.848000 0.179071 0.363569 -0.914194 14.008100 0.176070 0.902370 0.393355 -0.068600 0.000000 0.000000 0.000000 1.000000
0.985442 -0.149173 0.081559 -4.848000 0.112077 0.209269 -0.971414 14.008100 0.127841 0.966413 0.222941 -0.068600 0.000000 0.000000 0.000000 1.000000
0.991973 -0.105293 0.070019 -4.848000 0.096967 0.278025 -0.955667 14.008100 0.081158 0.954786 0.286003 -0.068600 0.000000 0.000000 0.000000 1.000000
0.988103 -0.123499 0.091653 -4.848000 0.142562 0.511963 -0.847095 14.008100 0.057693 0.850083 0.523479 -0.068600 0.000000 0.000000 0.000000 1.000000
0.968602 -0.195617 0.153441 -4.848000 0.248167 0.723660 -0.643995 14.008100 0.014937 0.661854 0.749484 -0.068600 0.000000 0.000000 0.000000 1.000000
0.937635 -0.273713 0.214293 -4.848000 0.343366 0.825404 -0.448116 14.008100 -0.054223 0.493751 0.867911 -0.068600 0.000000 0.000000 0.000000 1.000000
0.921782 -0.300284 0.245250 -4.848000 0.370945 0.867053 -0.332594 14.008100 -0.112772 0.397554 0.910623 -0.068600 0.000000 0.000000 0.000000 1.000000
0.926831 -0.274233 0.256478 -4.848000 0.342933 0.896414 -0.280783 14.008100 -0.152910 0.348193 0.924868 -0.068600 0.000000 0.000000 0.000000 1.000000
0.932675 -0.241805 0.267670 -4.848000 0.309549 0.917496 -0.249760 14.008100 -0.185194 0.315802 0.930577 -0.068600 0.000000 0.000000 0.000000 1.000000
0.930476 -0.231169 0.284209 -4.848000 0.298370 0.928333 -0.221751 14.008100 -0.212579 0.291134 0.932765 -0.068600 0.000000 0.000000 0.000000 1.000000
0.925618 -0.228700 0.301542 -4.848000 0.294522 0.935656 -0.194436 14.008100 -0.237672 0.268784 0.933417 -0.068600 0.000000 0.000000 0.000000 1.000000
0.920884 -0.227697 0.316429 -4.848000 0.290935 0.941686 -0.169069 14.008100 -0.259481 0.247753 0.933428 -0.068600 0.000000 0.000000 0.000000 1.000000
0.919920 -0.220713 0.324087 -4.848000 0.280217 0.948202 -0.149640 14.008100 -0.274273 0.228471 0.934117 -0.068600 0.000000 0.000000 0.000000 1.000000
0.923509 -0.203439 0.325181 -4.848000 0.260733 0.954735 -0.143176 14.008100 -0.281334 0.217010 0.934750 -0.068600 0.000000 0.000000 0.000000 1.000000
0.927643 -0.183471 0.325296 -4.848000 0.241453 0.959123 -0.147593 14.008100 -0.284920 0.215457 0.934023 -0.068600 0.000000 0.000000 0.000000 1.000000</float_array>
        <technique_common>
          <accessor source="#mixamorig_RightHandPinky1-Matrix-animation-output-transform-array" count="35" stride="16">
            <param type="float4x4"/>
          </accessor>
        </technique_common>
      </source>
      <source id="mixamorig_RightHandPinky1-Interpolations">
        <Name_array id="mixamorig_RightHandPinky1-Interpolations-array" count="35">
 LINEAR LINEAR LINEAR LINEAR LINEAR LINEAR LINEAR LINEAR LINEAR LINEAR LINEAR
LINEAR LINEAR LINEAR LINEAR LINEAR LINEAR LINEAR LINEAR LINEAR LINEAR LINEAR LINEAR
LINEAR LINEAR LINEAR LINEAR LINEAR LINEAR LINEAR LINEAR LINEAR LINEAR LINEAR LINEAR</Name_array>
        <technique_common>
          <accessor source="#mixamorig_RightHandPinky1-Interpolations-array" count="35">
            <param type="name"/>
          </accessor>
        </technique_common>
      </source>
      <sampler id="mixamorig_RightHandPinky1-Matrix-animation-transform">
        <input semantic="INPUT" source="#mixamorig_RightHandPinky1-Matrix-animation-input"/>
        <input semantic="OUTPUT" source="#mixamorig_RightHandPinky1-Matrix-animation-output-transform"/>
        <input semantic="INTERPOLATION" source="#mixamorig_RightHandPinky1-Interpolations"/>
      </sampler>
      <channel source="#mixamorig_RightHandPinky1-Matrix-animation-transform" target="mixamorig_RightHandPinky1/matrix"/>
    </animation>
    <animation id="mixamorig_RightHandPinky2-anim" name="mixamorig_RightHandPinky2">
      <source id="mixamorig_RightHandPinky2-Matrix-animation-input">
        <float_array id="mixamorig_RightHandPinky2-Matrix-animation-input-array" count="35">

0.000000 0.033333 0.066667 0.100000 0.133333 0.166667 0.200000 0.233333 0.266667 0.300000 0.333333 0.366667 0.400000 0.433333 0.466667 0.500000
0.533333 0.566667 0.600000 0.633333 0.666667 0.700000 0.733333 0.766667 0.800000 0.833333 0.866667 0.900000 0.933333 0.966667 1.000000 1.033333
1.066667 1.100000 1.133333</float_array>
        <technique_common>
          <accessor source="#mixamorig_RightHandPinky2-Matrix-animation-input-array" count="35">
            <param name="TIME" type="float"/>
          </accessor>
        </technique_common>
      </source>
      <source id="mixamorig_RightHandPinky2-Matrix-animation-output-transform">
        <float_array id="mixamorig_RightHandPinky2-Matrix-animation-output-transform-array" count="560">

0.999873 0.013764 -0.008078 0.005700 -0.015859 0.800217 -0.599501 2.332400 -0.001787 0.599553 0.800333 0.000000 0.000000 0.000000 0.000000 1.000000
0.999876 0.013614 -0.007892 0.005700 -0.015652 0.808831 -0.587833 2.332400 -0.001620 0.587884 0.808944 0.000000 0.000000 0.000000 0.000000 1.000000
0.999865 0.014067 -0.008475 0.005700 -0.016282 0.781636 -0.623522 2.332400 -0.002147 0.623576 0.781760 -0.000000 0.000000 0.000000 0.000000 1.000000
0.999829 0.015526 -0.010061 0.005700 -0.018038 0.697184 -0.716666 2.332400 -0.004113 0.716724 0.697344 -0.000000 0.000000 0.000000 0.000000 1.000000
0.999769 0.017436 -0.012559 0.005700 -0.020137 0.556293 -0.830742 2.332400 -0.007499 0.830803 0.556516 0.000000 0.000000 0.000000 0.000000 1.000000
0.999714 0.018642 -0.014963 0.005700 -0.021388 0.418028 -0.908183 2.332400 -0.010676 0.908243 0.418307 0.000000 0.000000 0.000000 0.000000 1.000000
0.999694 0.018934 -0.015887 0.005700 -0.021571 0.354554 -0.934787 2.332400 -0.012067 0.934844 0.354854 0.000000 0.000000 0.000000 0.000000 1.000000
0.999708 0.018764 -0.015220 0.005700 -0.021124 0.373103 -0.927549 2.332400 -0.011726 0.927600 0.373391 0.000000 0.000000 0.000000 0.000000 1.000000
0.999735 0.018357 -0.013923 0.005700 -0.020373 0.422179 -0.906284 2.332400 -0.010759 0.906327 0.422441 0.000000 0.000000 0.000000 0.000000 1.000000
0.999751 0.018012 -0.013164 0.005700 -0.019924 0.455356 -0.890087 2.332400 -0.010038 0.890127 0.455601 0.000000 0.000000 0.000000 0.000000 1.000000
0.999757 0.017788 -0.013046 0.005700 -0.019902 0.472250 -0.881240 2.332400 -0.009514 0.881285 0.472489 0.000000 0.000000 0.000000 0.000000 1.000000
0.999760 0.017443 -0.013247 0.005700 -0.020186 0.499012 -0.866360 2.332400 -0.008502 0.866419 0.499245 0.000000 0.000000 0.000000 0.000000 1.000000
0.999771 0.016717 -0.013326 0.005700 -0.020255 0.541262 -0.840610 2.332400 -0.006839 0.840688 0.541477 0.000000 0.000000 0.000000 0.000000 1.000000
0.999789 0.015698 -0.013242 0.005700 -0.019883 0.578403 -0.815508 2.332400 -0.005143 0.815600 0.578594 0.000000 0.000000 0.000000 0.000000 1.000000
0.999801 0.014935 -0.013225 0.005700 -0.019522 0.596069 -0.802696 2.332400 -0.004105 0.802794 0.596242 0.000000 0.000000 0.000000 0.000000 1.000000
0.999810 0.014502 -0.012991 0.005700 -0.019117 0.604725 -0.796205 2.332400 -0.003690 0.796302 0.604888 0.000000 0.000000 0.000000 0.000000 1.000000
0.999822 0.014157 -0.012455 0.005700 -0.018567 0.623976 -0.781223 2.332400 -0.003288 0.781315 0.624128 0.000000 0.000000 0.000000 0.000000 1.000000
0.999836 0.013798 -0.011716 0.005700 -0.017876 0.650793 -0.759045 2.332400 -0.002849 0.759130 0.650933 0.000000 0.000000 0.000000 0.000000 1.000000
0.999835 0.013937 -0.011639 0.005700 -0.017898 0.648186 -0.761272 2.332400 -0.003065 0.761355 0.648328 0.000000 0.000000 0.000000 0.000000 1.000000
0.999802 0.015111 -0.012955 0.005700 -0.019291 0.575446 -0.817612 2.332400 -0.004900 0.817700 0.575623 0.000000 0.000000 0.000000 0.000000 1.000000
0.999743 0.016585 -0.015428 0.005700 -0.021189 0.443960 -0.895796 2.332400 -0.008008 0.895893 0.444197 0.000000 0.000000 0.000000 0.000000 1.000000
0.999701 0.017411 -0.017186 0.005700 -0.022187 0.349225 -0.936776 2.332400 -0.010309 0.936877 0.349506 0.000000 0.000000 0.000000 0.000000 1.000000
0.999710 0.017405 -0.016643 0.005700 -0.021992 0.378208 -0.925459 2.332400 -0.009813 0.925557 0.378481 0.000000 0.000000 0.000000 0.000000 1.000000
0.999758 0.016750 -0.014276 0.005700 -0.020762 0.502593 -0.864274 2.332400 -0.007302 0.864361 0.502819 0.000000 0.000000 0.000000 0.000000 1.000000
0.999810 0.015550 -0.011765 0.005700 -0.018920 0.627701 -0.778224 2.332400 -0.004717 0.778299 0.627876 -0.000000 0.000000 0.000000 0.000000 1.000000
0.999841 0.014649 -0.010122 0.005700 -0.017498 0.703063 -0.710912 2.332400 -0.003298 0.710977 0.703208 0.000000 0.000000 0.000000 0.000000 1.000000
0.999856 0.014167 -0.009379 0.005700 -0.016787 0.738522 -0.674020 2.332400 -0.002623 0.674080 0.738653 0.000000 0.000000 0.000000 0.000000 1.000000
0.999863 0.013904 -0.009007 0.005700 -0.016409 0.756436 -0.653862 2.332400 -0.002278 0.653920 0.756560 0.000000 0.000000 0.000000 0.000000 1.000000
0.999867 0.013735 -0.008777 0.005700 -0.016168 0.767569 -0.640762 2.332400 -0.002064 0.640819 0.767689 -0.000000 0.000000 0.000000 0.000000 1.000000
0.999870 0.013609 -0.008618 0.005700 -0.015993 0.774687 -0.632142 2.332400 -0.001926 0.632198 0.774805 0.000000 0.000000 0.000000 0.000000 1.000000
0.999874 0.013465 -0.008456 0.005700 -0.015796 0.780632 -0.624791 2.332400 -0.001812 0.624846 0.780746 0.000000 0.000000 0.000000 0.000000 1.000000
0.999877 0.013307 -0.008288 0.005700 -0.015584 0.786363 -0.617568 2.332400 -0.001701 0.617622 0.786474 0.000000 0.000000 0.000000 0.000000 1.000000
0.999881 0.013135 -0.008108 0.005700 -0.015355 0.792696 -0.609423 2.332400 -0.001578 0.609475 0.792804 0.000000 0.000000 0.000000 0.000000 1.000000
0.999884 0.012991 -0.007961 0.005700 -0.015164 0.797847 -0.602669 2.332400 -0.001478 0.602720 0.797951 -0.000000 0.000000 0.000000 0.000000 1.000000
0.999873 0.013565 -0.008374 0.005700 -0.015877 0.800218 -0.599499 2.332400 -0.001431 0.599556 0.800332 -0.000000 0.000000 0.000000 0.000000 1.000000</float_array>
        <technique_common>
          <accessor source="#mixamorig_RightHandPinky2-Matrix-animation-output-transform-array" count="35" stride="16">
            <param type="float4x4"/>
          </accessor>
        </technique_common>
      </source>
      <source id="mixamorig_RightHandPinky2-Interpolations">
        <Name_array id="mixamorig_RightHandPinky2-Interpolations-array" count="35">
 LINEAR LINEAR LINEAR LINEAR LINEAR LINEAR LINEAR LINEAR LINEAR LINEAR LINEAR
LINEAR LINEAR LINEAR LINEAR LINEAR LINEAR LINEAR LINEAR LINEAR LINEAR LINEAR LINEAR
LINEAR LINEAR LINEAR LINEAR LINEAR LINEAR LINEAR LINEAR LINEAR LINEAR LINEAR LINEAR</Name_array>
        <technique_common>
          <accessor source="#mixamorig_RightHandPinky2-Interpolations-array" count="35">
            <param type="name"/>
          </accessor>
        </technique_common>
      </source>
      <sampler id="mixamorig_RightHandPinky2-Matrix-animation-transform">
        <input semantic="INPUT" source="#mixamorig_RightHandPinky2-Matrix-animation-input"/>
        <input semantic="OUTPUT" source="#mixamorig_RightHandPinky2-Matrix-animation-output-transform"/>
        <input semantic="INTERPOLATION" source="#mixamorig_RightHandPinky2-Interpolations"/>
      </sampler>
      <channel source="#mixamorig_RightHandPinky2-Matrix-animation-transform" target="mixamorig_RightHandPinky2/matrix"/>
    </animation>
    <animation id="mixamorig_RightHandPinky3-anim" name="mixamorig_RightHandPinky3">
      <source id="mixamorig_RightHandPinky3-Matrix-animation-input">
        <float_array id="mixamorig_RightHandPinky3-Matrix-animation-input-array" count="35">

0.000000 0.033333 0.066667 0.100000 0.133333 0.166667 0.200000 0.233333 0.266667 0.300000 0.333333 0.366667 0.400000 0.433333 0.466667 0.500000
0.533333 0.566667 0.600000 0.633333 0.666667 0.700000 0.733333 0.766667 0.800000 0.833333 0.866667 0.900000 0.933333 0.966667 1.000000 1.033333
1.066667 1.100000 1.133333</float_array>
        <technique_common>
          <accessor source="#mixamorig_RightHandPinky3-Matrix-animation-input-array" count="35">
            <param name="TIME" type="float"/>
          </accessor>
        </technique_common>
      </source>
      <source id="mixamorig_RightHandPinky3-Matrix-animation-output-transform">
        <float_array id="mixamorig_RightHandPinky3-Matrix-animation-output-transform-array" count="560">

0.999924 0.010276 -0.006872 -0.003000 -0.012348 0.804152 -0.594295 2.529300 -0.000581 0.594334 0.804218 0.000000 0.000000 0.000000 0.000000 1.000000
0.999928 0.009975 -0.006617 -0.003000 -0.011962 0.812739 -0.582505 2.529300 -0.000433 0.582543 0.812800 0.000000 0.000000 0.000000 0.000000 1.000000
0.999917 0.010681 -0.007170 -0.003000 -0.012826 0.784902 -0.619487 2.529300 -0.000989 0.619528 0.784974 0.000000 0.000000 0.000000 0.000000 1.000000
0.999884 0.012555 -0.008565 -0.003000 -0.014900 0.698611 -0.715346 2.529300 -0.002997 0.715391 0.698718 0.000000 0.000000 0.000000 0.000000 1.000000
0.999832 0.014758 -0.010848 -0.003000 -0.017209 0.554101 -0.832271 2.529300 -0.006272 0.832318 0.554262 0.000000 0.000000 0.000000 0.000000 1.000000
0.999781 0.016243 -0.013188 -0.003000 -0.018704 0.411405 -0.911260 2.529300 -0.009376 0.911308 0.411619 0.000000 0.000000 0.000000 0.000000 1.000000
0.999762 0.016635 -0.014132 -0.003000 -0.019001 0.344676 -0.938529 2.529300 -0.010741 0.938574 0.344910 0.000000 0.000000 0.000000 0.000000 1.000000
0.999774 0.016450 -0.013462 -0.003000 -0.018510 0.362319 -0.931870 2.529300 -0.010452 0.931909 0.362542 0.000000 0.000000 0.000000 0.000000 1.000000
0.999798 0.015982 -0.012148 -0.003000 -0.017663 0.412732 -0.910681 2.529300 -0.009540 0.910712 0.412931 0.000000 0.000000 0.000000 0.000000 1.000000
0.999814 0.015597 -0.011357 -0.003000 -0.017143 0.448099 -0.893820 2.529300 -0.008851 0.893848 0.448283 0.000000 0.000000 0.000000 0.000000 1.000000
0.999820 0.015373 -0.011110 -0.003000 -0.016994 0.465898 -0.884675 2.529300 -0.008424 0.884705 0.466075 -0.000000 0.000000 0.000000 0.000000 1.000000
0.999826 0.014991 -0.011083 -0.003000 -0.017014 0.490660 -0.871185 2.529300 -0.007622 0.871222 0.490829 0.000000 0.000000 0.000000 0.000000 1.000000
0.999837 0.014281 -0.011035 -0.003000 -0.016926 0.529833 -0.847933 2.529300 -0.006262 0.847982 0.529988 -0.000000 0.000000 0.000000 0.000000 1.000000
0.999853 0.013286 -0.010830 -0.003000 -0.016466 0.568896 -0.822244 2.529300 -0.004764 0.822302 0.569032 0.000000 0.000000 0.000000 0.000000 1.000000
0.999868 0.012392 -0.010468 -0.003000 -0.015806 0.599024 -0.800575 2.529300 -0.003650 0.800636 0.599141 0.000000 0.000000 0.000000 0.000000 1.000000
0.999882 0.011756 -0.009919 -0.003000 -0.015099 0.627320 -0.778615 2.529300 -0.002931 0.778673 0.627423 -0.000000 0.000000 0.000000 0.000000 1.000000
0.999897 0.011080 -0.009156 -0.003000 -0.014192 0.660210 -0.750947 2.529300 -0.002276 0.750999 0.660299 0.000000 0.000000 0.000000 0.000000 1.000000
0.999906 0.010626 -0.008630 -0.003000 -0.013565 0.684823 -0.728583 2.529300 -0.001832 0.728632 0.684903 -0.000000 0.000000 0.000000 0.000000 1.000000
0.999901 0.010932 -0.008877 -0.003000 -0.013908 0.667625 -0.744368 2.529300 -0.002211 0.744417 0.667711 0.000000 0.000000 0.000000 0.000000 1.000000
0.999868 0.012423 -0.010483 -0.003000 -0.015737 0.578157 -0.815774 2.529300 -0.004073 0.815831 0.578276 0.000000 0.000000 0.000000 0.000000 1.000000
0.999812 0.014332 -0.013057 -0.003000 -0.018004 0.436456 -0.899545 2.529300 -0.007194 0.899611 0.436632 -0.000000 0.000000 0.000000 0.000000 1.000000
0.999773 0.015410 -0.014730 -0.003000 -0.019104 0.341045 -0.939853 2.529300 -0.009460 0.939921 0.341262 -0.000000 0.000000 0.000000 0.000000 1.000000
0.999782 0.015335 -0.014165 -0.003000 -0.018875 0.374105 -0.927194 2.529300 -0.008919 0.927259 0.374313 0.000000 0.000000 0.000000 0.000000 1.000000
0.999825 0.014367 -0.011980 -0.003000 -0.017573 0.501870 -0.864764 2.529300 -0.006411 0.864824 0.502035 0.000000 0.000000 0.000000 0.000000 1.000000
0.999868 0.012882 -0.009853 -0.003000 -0.015759 0.628121 -0.777956 2.529300 -0.003833 0.778009 0.628241 0.000000 0.000000 0.000000 0.000000 1.000000
0.999894 0.011813 -0.008470 -0.003000 -0.014330 0.703641 -0.710411 2.529300 -0.002432 0.710458 0.703736 0.000000 0.000000 0.000000 0.000000 1.000000
0.999906 0.011281 -0.007788 -0.003000 -0.013585 0.739615 -0.672893 2.529300 -0.001831 0.672935 0.739699 -0.000000 0.000000 0.000000 0.000000 1.000000
0.999912 0.010999 -0.007427 -0.003000 -0.013183 0.758516 -0.651521 2.529300 -0.001532 0.651561 0.758594 0.000000 0.000000 0.000000 0.000000 1.000000
0.999916 0.010799 -0.007198 -0.003000 -0.012909 0.770418 -0.637408 2.529300 -0.001338 0.637447 0.770493 -0.000000 0.000000 0.000000 0.000000 1.000000
0.999919 0.010641 -0.007011 -0.003000 -0.012683 0.777813 -0.628368 2.529300 -0.001234 0.628406 0.777885 0.000000 0.000000 0.000000 0.000000 1.000000
0.999921 0.010503 -0.006842 -0.003000 -0.012481 0.783873 -0.620795 2.529300 -0.001157 0.620832 0.783943 0.000000 0.000000 0.000000 0.000000 1.000000
0.999924 0.010365 -0.006673 -0.003000 -0.012279 0.789688 -0.613386 2.529300 -0.001088 0.613422 0.789755 0.000000 0.000000 0.000000 0.000000 1.000000
0.999927 0.010201 -0.006488 -0.003000 -0.012047 0.796186 -0.604931 2.529300 -0.001005 0.604965 0.796251 0.000000 0.000000 0.000000 0.000000 1.000000
0.999929 0.010059 -0.006332 -0.003000 -0.011849 0.801576 -0.597775 2.529300 -0.000937 0.597808 0.801639 0.000000 0.000000 0.000000 0.000000 1.000000
0.999922 0.010356 -0.007020 -0.003000 -0.012500 0.804153 -0.594291 2.529300 -0.000510 0.594333 0.804219 0.000000 0.000000 0.000000 0.000000 1.000000</float_array>
        <technique_common>
          <accessor source="#mixamorig_RightHandPinky3-Matrix-animation-output-transform-array" count="35" stride="16">
            <param type="float4x4"/>
          </accessor>
        </technique_common>
      </source>
      <source id="mixamorig_RightHandPinky3-Interpolations">
        <Name_array id="mixamorig_RightHandPinky3-Interpolations-array" count="35">
 LINEAR LINEAR LINEAR LINEAR LINEAR LINEAR LINEAR LINEAR LINEAR LINEAR LINEAR
LINEAR LINEAR LINEAR LINEAR LINEAR LINEAR LINEAR LINEAR LINEAR LINEAR LINEAR LINEAR
LINEAR LINEAR LINEAR LINEAR LINEAR LINEAR LINEAR LINEAR LINEAR LINEAR LINEAR LINEAR</Name_array>
        <technique_common>
          <accessor source="#mixamorig_RightHandPinky3-Interpolations-array" count="35">
            <param type="name"/>
          </accessor>
        </technique_common>
      </source>
      <sampler id="mixamorig_RightHandPinky3-Matrix-animation-transform">
        <input semantic="INPUT" source="#mixamorig_RightHandPinky3-Matrix-animation-input"/>
        <input semantic="OUTPUT" source="#mixamorig_RightHandPinky3-Matrix-animation-output-transform"/>
        <input semantic="INTERPOLATION" source="#mixamorig_RightHandPinky3-Interpolations"/>
      </sampler>
      <channel source="#mixamorig_RightHandPinky3-Matrix-animation-transform" target="mixamorig_RightHandPinky3/matrix"/>
    </animation>
    <animation id="mixamorig_LeftUpLeg-anim" name="mixamorig_LeftUpLeg">
      <source id="mixamorig_LeftUpLeg-Matrix-animation-input">
        <float_array id="mixamorig_LeftUpLeg-Matrix-animation-input-array" count="35">

0.000000 0.033333 0.066667 0.100000 0.133333 0.166667 0.200000 0.233333 0.266667 0.300000 0.333333 0.366667 0.400000 0.433333 0.466667 0.500000
0.533333 0.566667 0.600000 0.633333 0.666667 0.700000 0.733333 0.766667 0.800000 0.833333 0.866667 0.900000 0.933333 0.966667 1.000000 1.033333
1.066667 1.100000 1.133333</float_array>
        <technique_common>
          <accessor source="#mixamorig_LeftUpLeg-Matrix-animation-input-array" count="35">
            <param name="TIME" type="float"/>
          </accessor>
        </technique_common>
      </source>
      <source id="mixamorig_LeftUpLeg-Matrix-animation-output-transform">
        <float_array id="mixamorig_LeftUpLeg-Matrix-animation-output-transform-array" count="560">

-0.896904 0.406328 0.174531 13.280500 -0.242956 -0.782522 0.573265 -6.012500 0.369508 0.471760 0.800567 -0.531400 0.000000 0.000000 0.000000 1.000000
-0.896255 0.408326 0.173198 13.280500 -0.243057 -0.778787 0.578285 -6.012500 0.371013 0.476194 0.797238 -0.531400 0.000000 0.000000 0.000000 1.000000
-0.905650 0.386708 0.173943 13.280500 -0.224984 -0.785947 0.575908 -6.012500 0.359418 0.482436 0.798795 -0.531400 0.000000 0.000000 0.000000 1.000000
-0.911141 0.361246 0.198300 13.280500 -0.208857 -0.819625 0.533473 -6.012500 0.355247 0.444653 0.822243 -0.531400 0.000000 0.000000 0.000000 1.000000
-0.919870 0.326093 0.217952 13.280500 -0.187067 -0.853160 0.486954 -6.012500 0.344740 0.407163 0.845797 -0.531400 0.000000 0.000000 0.000000 1.000000
-0.927116 0.303913 0.219300 13.280500 -0.159104 -0.848977 0.503908 -6.012500 0.339325 0.432290 0.835454 -0.531400 0.000000 0.000000 0.000000 1.000000
-0.924552 0.314428 0.215263 13.280500 -0.142449 -0.809146 0.570079 -6.012500 0.353429 0.496404 0.792888 -0.531400 0.000000 0.000000 0.000000 1.000000
-0.927457 0.319999 0.193453 13.280500 -0.128733 -0.758972 0.638270 -6.012500 0.351071 0.567064 0.745109 -0.531400 0.000000 0.000000 0.000000 1.000000
-0.957093 0.265310 0.116549 13.280500 -0.112715 -0.711362 0.693729 -6.012500 0.266962 0.650827 0.710743 -0.531400 0.000000 0.000000 0.000000 1.000000
-0.989886 0.140531 -0.019398 13.280500 -0.108224 -0.659657 0.743734 -6.012500 0.091722 0.738311 0.668194 -0.531400 0.000000 0.000000 0.000000 1.000000
-0.992169 -0.036639 -0.119410 13.280500 -0.072949 -0.606040 0.792082 -6.012500 -0.101389 0.794590 0.598621 -0.531400 0.000000 0.000000 0.000000 1.000000
-0.947722 -0.257763 -0.188099 13.280500 -0.006753 -0.573140 0.819430 -6.012500 -0.319026 0.777862 0.541436 -0.531400 0.000000 0.000000 0.000000 1.000000
-0.922977 -0.335945 -0.187763 13.280500 0.009698 -0.508025 0.861288 -6.012500 -0.384733 0.793128 0.472153 -0.531400 0.000000 0.000000 0.000000 1.000000
-0.919091 -0.359293 -0.161802 13.280500 0.017416 -0.447257 0.894236 -6.012500 -0.393659 0.819067 0.417327 -0.531400 0.000000 0.000000 0.000000 1.000000
-0.901724 -0.402993 -0.156495 13.280500 0.029514 -0.418536 0.907720 -6.012500 -0.431304 0.813894 0.389298 -0.531400 0.000000 0.000000 0.000000 1.000000
-0.869428 -0.468539 -0.156740 13.280500 0.035685 -0.375973 0.925943 -6.012500 -0.492770 0.799447 0.343601 -0.531400 0.000000 0.000000 0.000000 1.000000
-0.849525 -0.500808 -0.165829 13.280500 0.018756 -0.342813 0.939217 -6.012500 -0.527215 0.794777 0.300621 -0.531400 0.000000 0.000000 0.000000 1.000000
-0.853061 -0.493807 -0.168643 13.280500 0.010645 -0.339590 0.940514 -6.012500 -0.521702 0.800521 0.294947 -0.531400 0.000000 0.000000 0.000000 1.000000
-0.879942 -0.443012 -0.171588 13.280500 0.003308 -0.366880 0.930263 -6.012500 -0.475069 0.818010 0.324298 -0.531400 0.000000 0.000000 0.000000 1.000000
-0.911721 -0.373344 -0.171405 13.280500 -0.006677 -0.403714 0.914861 -6.012500 -0.410757 0.835242 0.365581 -0.531400 0.000000 0.000000 0.000000 1.000000
-0.948033 -0.275347 -0.159426 13.280500 -0.016666 -0.457408 0.889101 -6.012500 -0.317734 0.845554 0.429049 -0.531400 0.000000 0.000000 0.000000 1.000000
-0.973628 -0.182660 -0.136687 13.280500 -0.022670 -0.518711 0.854649 -6.012500 -0.227011 0.835209 0.500891 -0.531400 0.000000 0.000000 0.000000 1.000000
-0.990336 -0.094024 -0.101948 13.280500 -0.026860 -0.591150 0.806114 -6.012500 -0.136061 0.801062 0.582912 -0.531400 0.000000 0.000000 0.000000 1.000000
-0.998816 0.015671 -0.046048 13.280500 -0.045096 -0.653115 0.755915 -6.012500 -0.018229 0.757096 0.653049 -0.531400 0.000000 0.000000 0.000000 1.000000
-0.991131 0.130492 0.025131 13.280500 -0.075997 -0.711713 0.698347 -6.012500 0.109015 0.690244 0.715318 -0.531400 0.000000 0.000000 0.000000 1.000000
-0.974184 0.216960 0.062397 13.280500 -0.124415 -0.746598 0.653538 -6.012500 0.188377 0.628903 0.754317 -0.531400 0.000000 0.000000 0.000000 1.000000
-0.960759 0.271190 0.058293 13.280500 -0.171241 -0.745197 0.644483 -6.012500 0.218217 0.609211 0.762393 -0.531400 0.000000 0.000000 0.000000 1.000000
-0.945352 0.316287 0.079199 13.280500 -0.196800 -0.747176 0.634821 -6.012500 0.259961 0.584543 0.768590 -0.531400 0.000000 0.000000 0.000000 1.000000
-0.928337 0.355869 0.107464 13.280500 -0.218533 -0.756291 0.616658 -6.012500 0.300724 0.548981 0.779862 -0.531400 0.000000 0.000000 0.000000 1.000000
-0.916351 0.378108 0.131664 13.280500 -0.228115 -0.763310 0.604418 -6.012500 0.329036 0.523824 0.785712 -0.531400 0.000000 0.000000 0.000000 1.000000
-0.916491 0.376838 0.134305 13.280500 -0.229493 -0.770218 0.595060 -6.012500 0.327685 0.514545 0.792380 -0.531400 0.000000 0.000000 0.000000 1.000000
-0.910028 0.387639 0.146916 13.280500 -0.235260 -0.774735 0.586889 -6.012500 0.341322 0.499522 0.796227 -0.531400 0.000000 0.000000 0.000000 1.000000
-0.899682 0.404171 0.164980 13.280500 -0.242746 -0.777282 0.580437 -6.012500 0.362832 0.482160 0.797417 -0.531400 0.000000 0.000000 0.000000 1.000000
-0.897668 0.405801 0.171806 13.280500 -0.242942 -0.780997 0.575346 -6.012500 0.367656 0.474731 0.799662 -0.531400 0.000000 0.000000 0.000000 1.000000
-0.896898 0.406329 0.174562 13.280500 -0.242935 -0.782520 0.573275 -6.012500 0.369537 0.471762 0.800552 -0.531400 0.000000 0.000000 0.000000 1.000000</float_array>
        <technique_common>
          <accessor source="#mixamorig_LeftUpLeg-Matrix-animation-output-transform-array" count="35" stride="16">
            <param type="float4x4"/>
          </accessor>
        </technique_common>
      </source>
      <source id="mixamorig_LeftUpLeg-Interpolations">
        <Name_array id="mixamorig_LeftUpLeg-Interpolations-array" count="35">
 LINEAR LINEAR LINEAR LINEAR LINEAR LINEAR LINEAR LINEAR LINEAR LINEAR LINEAR
LINEAR LINEAR LINEAR LINEAR LINEAR LINEAR LINEAR LINEAR LINEAR LINEAR LINEAR LINEAR
LINEAR LINEAR LINEAR LINEAR LINEAR LINEAR LINEAR LINEAR LINEAR LINEAR LINEAR LINEAR</Name_array>
        <technique_common>
          <accessor source="#mixamorig_LeftUpLeg-Interpolations-array" count="35">
            <param type="name"/>
          </accessor>
        </technique_common>
      </source>
      <sampler id="mixamorig_LeftUpLeg-Matrix-animation-transform">
        <input semantic="INPUT" source="#mixamorig_LeftUpLeg-Matrix-animation-input"/>
        <input semantic="OUTPUT" source="#mixamorig_LeftUpLeg-Matrix-animation-output-transform"/>
        <input semantic="INTERPOLATION" source="#mixamorig_LeftUpLeg-Interpolations"/>
      </sampler>
      <channel source="#mixamorig_LeftUpLeg-Matrix-animation-transform" target="mixamorig_LeftUpLeg/matrix"/>
    </animation>
    <animation id="mixamorig_LeftLeg-anim" name="mixamorig_LeftLeg">
      <source id="mixamorig_LeftLeg-Matrix-animation-input">
        <float_array id="mixamorig_LeftLeg-Matrix-animation-input-array" count="35">

0.000000 0.033333 0.066667 0.100000 0.133333 0.166667 0.200000 0.233333 0.266667 0.300000 0.333333 0.366667 0.400000 0.433333 0.466667 0.500000
0.533333 0.566667 0.600000 0.633333 0.666667 0.700000 0.733333 0.766667 0.800000 0.833333 0.866667 0.900000 0.933333 0.966667 1.000000 1.033333
1.066667 1.100000 1.133333</float_array>
        <technique_common>
          <accessor source="#mixamorig_LeftLeg-Matrix-animation-input-array" count="35">
            <param name="TIME" type="float"/>
          </accessor>
        </technique_common>
      </source>
      <source id="mixamorig_LeftLeg-Matrix-animation-output-transform">
        <float_array id="mixamorig_LeftLeg-Matrix-animation-output-transform-array" count="560">

0.976364 0.152338 0.153317 0.000000 -0.215135 0.616958 0.757020 52.183899 0.020733 -0.772111 0.635149 0.000000 0.000000 0.000000 0.000000 1.000000
0.976385 0.151089 0.154417 0.000000 -0.215122 0.614193 0.759269 52.183899 0.019875 -0.774557 0.632191 0.000000 0.000000 0.000000 0.000000 1.000000
0.982037 0.155580 0.106764 0.000000 -0.180407 0.608381 0.772868 52.183899 0.055289 -0.778246 0.625520 0.000000 0.000000 0.000000 0.000000 1.000000
0.984251 0.175825 0.018292 0.000000 -0.120313 0.590478 0.798035 52.183899 0.129514 -0.787668 0.602333 0.000000 0.000000 0.000000 0.000000 1.000000
0.978062 0.199667 -0.059388 0.000000 -0.061198 0.547922 0.834288 52.183899 0.199120 -0.812351 0.548121 0.000000 0.000000 0.000000 0.000000 1.000000
0.975651 0.200738 -0.088371 0.000000 -0.017925 0.474549 0.880046 52.183899 0.218595 -0.857034 0.466593 0.000000 0.000000 0.000000 0.000000 1.000000
0.979581 0.186640 -0.074743 0.000000 -0.005180 0.395072 0.918636 52.183899 0.200983 -0.899491 0.387972 -0.000000 0.000000 0.000000 0.000000 1.000000
0.986037 0.160235 -0.045348 0.000000 -0.013207 0.346706 0.937881 52.183899 0.166004 -0.924186 0.343981 -0.000000 0.000000 0.000000 0.000000 1.000000
0.995748 0.090504 0.017149 -0.000000 -0.045270 0.318673 0.946783 52.183899 0.080223 -0.943534 0.321415 0.000000 0.000000 0.000000 0.000000 1.000000
0.991720 -0.016916 0.127301 -0.000000 -0.116422 0.299939 0.946828 52.183899 -0.054199 -0.953808 0.295486 -0.000000 0.000000 0.000000 0.000000 1.000000
0.926699 -0.110083 0.359320 0.000000 -0.308826 0.321745 0.895046 52.183899 -0.214139 -0.940405 0.264164 -0.000000 0.000000 0.000000 0.000000 1.000000
0.839747 -0.163940 0.517638 0.000000 -0.443754 0.342168 0.828253 52.183899 -0.312903 -0.925227 0.214586 0.000000 0.000000 0.000000 0.000000 1.000000
0.755371 -0.148310 0.638293 0.000000 -0.565784 0.343822 0.749450 52.183899 -0.330611 -0.927249 0.175802 0.000000 0.000000 0.000000 0.000000 1.000000
0.678870 -0.120344 0.724329 -0.000000 -0.660133 0.331895 0.673847 52.183899 -0.321494 -0.935608 0.145871 0.000000 0.000000 0.000000 0.000000 1.000000
0.658329 -0.142202 0.739176 -0.000000 -0.684889 0.294257 0.666589 52.183899 -0.312298 -0.945088 0.096326 0.000000 0.000000 0.000000 0.000000 1.000000
0.637119 -0.151951 0.755639 0.000000 -0.702291 0.289519 0.650358 52.183899 -0.317595 -0.945034 0.077744 0.000000 0.000000 0.000000 0.000000 1.000000
0.635461 -0.139999 0.759335 0.000000 -0.698111 0.315998 0.642485 52.183899 -0.329896 -0.938374 0.103070 0.000000 0.000000 0.000000 0.000000 1.000000
0.648630 -0.134117 0.749194 -0.000000 -0.683567 0.330204 0.650924 52.183899 -0.334687 -0.934333 0.122502 0.000000 0.000000 0.000000 0.000000 1.000000
0.689903 -0.127616 0.712564 -0.000000 -0.650100 0.323779 0.687413 52.183899 -0.318439 -0.937487 0.140413 0.000000 0.000000 0.000000 0.000000 1.000000
0.746161 -0.111611 0.656343 0.000000 -0.597028 0.324090 0.733841 52.183899 -0.294619 -0.939419 0.175188 0.000000 0.000000 0.000000 0.000000 1.000000
0.816266 -0.087456 0.571017 0.000000 -0.513332 0.343552 0.786423 52.183899 -0.264952 -0.935053 0.235536 -0.000000 0.000000 0.000000 0.000000 1.000000
0.892578 -0.067300 0.445842 0.000000 -0.390835 0.377584 0.839451 52.183899 -0.224838 -0.923526 0.310720 0.000000 0.000000 0.000000 0.000000 1.000000
0.954583 -0.044987 0.294529 -0.000000 -0.250083 0.416360 0.874130 52.183899 -0.161955 -0.908086 0.386199 0.000000 0.000000 0.000000 0.000000 1.000000
0.985970 -0.004827 0.166854 -0.000000 -0.147012 0.448349 0.881686 52.183899 -0.079065 -0.893845 0.441349 0.000000 0.000000 0.000000 0.000000 1.000000
0.993844 0.045774 0.100888 0.000000 -0.110471 0.478070 0.871347 52.183899 -0.008346 -0.877128 0.480183 0.000000 0.000000 0.000000 0.000000 1.000000
0.996443 0.059133 0.060040 0.000000 -0.081289 0.486668 0.869797 52.183899 0.022214 -0.871583 0.489744 0.000000 0.000000 0.000000 0.000000 1.000000
0.994607 0.056081 0.087249 -0.000000 -0.103396 0.469799 0.876697 52.183899 0.008177 -0.880990 0.473064 0.000000 0.000000 0.000000 0.000000 1.000000
0.991845 0.075681 0.102543 0.000000 -0.126253 0.473607 0.871640 52.183899 0.017402 -0.877479 0.479300 0.000000 0.000000 0.000000 0.000000 1.000000
0.989535 0.095602 0.108080 0.000000 -0.141661 0.501187 0.853665 52.183899 0.027444 -0.860042 0.509485 0.000000 0.000000 0.000000 0.000000 1.000000
0.985621 0.113190 0.125457 0.000000 -0.166614 0.527422 0.833106 52.183899 0.028131 -0.842029 0.538698 0.000000 0.000000 0.000000 0.000000 1.000000
0.986880 0.114240 0.114096 0.000000 -0.158377 0.547554 0.821645 52.183899 0.031391 -0.828935 0.558463 0.000000 0.000000 0.000000 0.000000 1.000000
0.983340 0.127108 0.129947 0.000000 -0.179647 0.570448 0.801446 52.183899 0.027743 -0.811439 0.583779 -0.000000 0.000000 0.000000 0.000000 1.000000
0.977470 0.147360 0.151119 0.000000 -0.209570 0.592253 0.778021 52.183899 0.025148 -0.792162 0.609792 0.000000 0.000000 0.000000 0.000000 1.000000
0.976712 0.150700 0.152719 0.000000 -0.213432 0.609722 0.763338 52.183899 0.021919 -0.778157 0.627687 0.000000 0.000000 0.000000 0.000000 1.000000
0.976365 0.152312 0.153335 0.000000 -0.215132 0.616955 0.757023 52.183899 0.020703 -0.772119 0.635141 0.000000 0.000000 0.000000 0.000000 1.000000</float_array>
        <technique_common>
          <accessor source="#mixamorig_LeftLeg-Matrix-animation-output-transform-array" count="35" stride="16">
            <param type="float4x4"/>
          </accessor>
        </technique_common>
      </source>
      <source id="mixamorig_LeftLeg-Interpolations">
        <Name_array id="mixamorig_LeftLeg-Interpolations-array" count="35">
 LINEAR LINEAR LINEAR LINEAR LINEAR LINEAR LINEAR LINEAR LINEAR LINEAR LINEAR
LINEAR LINEAR LINEAR LINEAR LINEAR LINEAR LINEAR LINEAR LINEAR LINEAR LINEAR LINEAR
LINEAR LINEAR LINEAR LINEAR LINEAR LINEAR LINEAR LINEAR LINEAR LINEAR LINEAR LINEAR</Name_array>
        <technique_common>
          <accessor source="#mixamorig_LeftLeg-Interpolations-array" count="35">
            <param type="name"/>
          </accessor>
        </technique_common>
      </source>
      <sampler id="mixamorig_LeftLeg-Matrix-animation-transform">
        <input semantic="INPUT" source="#mixamorig_LeftLeg-Matrix-animation-input"/>
        <input semantic="OUTPUT" source="#mixamorig_LeftLeg-Matrix-animation-output-transform"/>
        <input semantic="INTERPOLATION" source="#mixamorig_LeftLeg-Interpolations"/>
      </sampler>
      <channel source="#mixamorig_LeftLeg-Matrix-animation-transform" target="mixamorig_LeftLeg/matrix"/>
    </animation>
    <animation id="mixamorig_LeftFoot-anim" name="mixamorig_LeftFoot">
      <source id="mixamorig_LeftFoot-Matrix-animation-input">
        <float_array id="mixamorig_LeftFoot-Matrix-animation-input-array" count="35">

0.000000 0.033333 0.066667 0.100000 0.133333 0.166667 0.200000 0.233333 0.266667 0.300000 0.333333 0.366667 0.400000 0.433333 0.466667 0.500000
0.533333 0.566667 0.600000 0.633333 0.666667 0.700000 0.733333 0.766667 0.800000 0.833333 0.866667 0.900000 0.933333 0.966667 1.000000 1.033333
1.066667 1.100000 1.133333</float_array>
        <technique_common>
          <accessor source="#mixamorig_LeftFoot-Matrix-animation-input-array" count="35">
            <param name="TIME" type="float"/>
          </accessor>
        </technique_common>
      </source>
      <source id="mixamorig_LeftFoot-Matrix-animation-output-transform">
        <float_array id="mixamorig_LeftFoot-Matrix-animation-output-transform-array" count="560">

0.984565 -0.018887 -0.173999 -0.000000 -0.166365 0.207773 -0.963926 50.974098 0.054358 0.977995 0.201424 0.000000 0.000000 0.000000 0.000000 1.000000
0.984462 -0.019102 -0.174558 0.000000 -0.166882 0.207567 -0.963881 50.974098 0.054644 0.978034 0.201154 0.000000 0.000000 0.000000 0.000000 1.000000
0.981615 -0.017038 -0.190111 0.000000 -0.183319 0.193285 -0.963865 50.974098 0.053168 0.980995 0.186608 0.000000 0.000000 0.000000 0.000000 1.000000
0.976318 -0.016643 -0.215697 0.000000 -0.210826 0.150435 -0.965879 50.974098 0.048524 0.988480 0.143364 0.000000 0.000000 0.000000 0.000000 1.000000
0.971404 -0.018130 -0.236739 -0.000000 -0.233187 0.114857 -0.965625 50.974098 0.044697 0.993217 0.107345 -0.000000 0.000000 0.000000 0.000000 1.000000
0.976038 -0.035638 -0.214661 0.000000 -0.211987 0.066868 -0.974982 50.974098 0.049100 0.997125 0.057711 0.000000 0.000000 0.000000 0.000000 1.000000
0.975784 -0.044723 -0.214116 0.000000 -0.212584 0.036635 -0.976456 50.974098 0.051514 0.998327 0.026240 -0.000000 0.000000 0.000000 0.000000 1.000000
0.976892 -0.056255 -0.206196 0.000000 -0.206521 0.000031 -0.978442 50.974098 0.055049 0.998416 -0.011588 -0.000000 0.000000 0.000000 0.000000 1.000000
0.976185 -0.062798 -0.207650 0.000000 -0.209378 -0.022250 -0.977582 50.974098 0.056770 0.997778 -0.034868 0.000000 0.000000 0.000000 0.000000 1.000000
0.980391 -0.070658 -0.183959 0.000000 -0.184113 0.004384 -0.982895 50.974098 0.070256 0.997491 -0.008711 0.000000 0.000000 0.000000 0.000000 1.000000
0.990676 -0.093381 -0.099203 0.000000 -0.090776 0.090543 -0.991747 50.974098 0.101592 0.991505 0.081222 -0.000000 0.000000 0.000000 0.000000 1.000000
0.992548 -0.113573 -0.044145 0.000000 -0.025021 0.164601 -0.986043 50.974098 0.119254 0.979800 0.160532 0.000000 0.000000 0.000000 0.000000 1.000000
0.991527 -0.129642 -0.008187 -0.000000 0.016567 0.188716 -0.981892 50.974098 0.128839 0.973437 0.189265 0.000000 0.000000 0.000000 0.000000 1.000000
0.989603 -0.142853 0.016709 0.000000 0.049833 0.231576 -0.971540 50.974098 0.134918 0.962271 0.236287 0.000000 0.000000 0.000000 0.000000 1.000000
0.988223 -0.149779 0.031329 0.000000 0.066473 0.235792 -0.969527 50.974098 0.137828 0.960192 0.242972 0.000000 0.000000 0.000000 0.000000 1.000000
0.988680 -0.148282 0.022914 0.000000 0.061545 0.261503 -0.963239 50.974098 0.136839 0.953745 0.267669 -0.000000 0.000000 0.000000 0.000000 1.000000
0.989565 -0.143385 0.014191 -0.000000 0.051898 0.262817 -0.963449 50.974098 0.134415 0.954132 0.267516 0.000000 0.000000 0.000000 0.000000 1.000000
0.990064 -0.140319 0.009200 0.000000 0.045897 0.260611 -0.964352 50.974098 0.132920 0.955192 0.264461 -0.000000 0.000000 0.000000 0.000000 1.000000
0.990664 -0.136203 0.005865 0.000000 0.038592 0.238921 -0.970272 50.974098 0.130753 0.961439 0.241947 0.000000 0.000000 0.000000 0.000000 1.000000
0.990777 -0.134994 0.011750 0.000000 0.040830 0.214735 -0.975819 50.974098 0.129207 0.967298 0.218266 -0.000000 0.000000 0.000000 0.000000 1.000000
0.990936 -0.133136 0.017880 -0.000000 0.043503 0.192132 -0.980404 50.974098 0.127092 0.972296 0.196182 0.000000 0.000000 0.000000 0.000000 1.000000
0.992696 -0.120446 -0.006834 -0.000000 0.013094 0.163888 -0.986392 50.974098 0.119927 0.979098 0.164269 0.000000 0.000000 0.000000 0.000000 1.000000
0.993469 -0.100406 -0.054207 -0.000000 -0.040127 0.137290 -0.989718 50.974098 0.106816 0.985429 0.132364 0.000000 0.000000 0.000000 0.000000 1.000000
0.992133 -0.084402 -0.092452 0.000000 -0.082402 0.115661 -0.989865 50.974098 0.094240 0.989696 0.107797 0.000000 0.000000 0.000000 0.000000 1.000000
0.990627 -0.074505 -0.114488 0.000000 -0.106537 0.103133 -0.988946 50.974098 0.085489 0.991873 0.094229 -0.000000 0.000000 0.000000 0.000000 1.000000
0.986330 -0.059928 -0.153499 0.000000 -0.147772 0.090515 -0.984871 50.974098 0.072916 0.994090 0.080422 0.000000 0.000000 0.000000 0.000000 1.000000
0.982680 -0.047594 -0.179092 0.000000 -0.174376 0.089544 -0.980599 50.974098 0.062707 0.994845 0.079694 0.000000 0.000000 0.000000 0.000000 1.000000
0.981399 -0.039801 -0.187810 0.000000 -0.183265 0.097203 -0.978246 50.974098 0.057191 0.994468 0.088100 0.000000 0.000000 0.000000 0.000000 1.000000
0.981051 -0.032409 -0.191020 0.000000 -0.185942 0.119571 -0.975258 50.974098 0.054448 0.992297 0.111279 -0.000000 0.000000 0.000000 0.000000 1.000000
0.982937 -0.029701 -0.181530 0.000000 -0.175641 0.141603 -0.974217 50.974098 0.054640 0.989478 0.133970 0.000000 0.000000 0.000000 0.000000 1.000000
0.983067 -0.025330 -0.181489 0.000000 -0.175738 0.150312 -0.972894 50.974098 0.051924 0.988314 0.143315 0.000000 0.000000 0.000000 0.000000 1.000000
0.983695 -0.022462 -0.178437 0.000000 -0.172259 0.167456 -0.970714 50.974098 0.051685 0.985624 0.160856 0.000000 0.000000 0.000000 0.000000 1.000000
0.984918 -0.021560 -0.171673 -0.000000 -0.164623 0.188595 -0.968159 50.974098 0.053250 0.981818 0.182201 0.000000 0.000000 0.000000 0.000000 1.000000
0.984655 -0.019559 -0.173411 -0.000000 -0.165961 0.202259 -0.965167 50.974098 0.053952 0.979137 0.195910 0.000000 0.000000 0.000000 0.000000 1.000000
0.984564 -0.018821 -0.174008 0.000000 -0.166389 0.207762 -0.963924 50.974098 0.054295 0.977998 0.201423 0.000000 0.000000 0.000000 0.000000 1.000000</float_array>
        <technique_common>
          <accessor source="#mixamorig_LeftFoot-Matrix-animation-output-transform-array" count="35" stride="16">
            <param type="float4x4"/>
          </accessor>
        </technique_common>
      </source>
      <source id="mixamorig_LeftFoot-Interpolations">
        <Name_array id="mixamorig_LeftFoot-Interpolations-array" count="35">
 LINEAR LINEAR LINEAR LINEAR LINEAR LINEAR LINEAR LINEAR LINEAR LINEAR LINEAR
LINEAR LINEAR LINEAR LINEAR LINEAR LINEAR LINEAR LINEAR LINEAR LINEAR LINEAR LINEAR
LINEAR LINEAR LINEAR LINEAR LINEAR LINEAR LINEAR LINEAR LINEAR LINEAR LINEAR LINEAR</Name_array>
        <technique_common>
          <accessor source="#mixamorig_LeftFoot-Interpolations-array" count="35">
            <param type="name"/>
          </accessor>
        </technique_common>
      </source>
      <sampler id="mixamorig_LeftFoot-Matrix-animation-transform">
        <input semantic="INPUT" source="#mixamorig_LeftFoot-Matrix-animation-input"/>
        <input semantic="OUTPUT" source="#mixamorig_LeftFoot-Matrix-animation-output-transform"/>
        <input semantic="INTERPOLATION" source="#mixamorig_LeftFoot-Interpolations"/>
      </sampler>
      <channel source="#mixamorig_LeftFoot-Matrix-animation-transform" target="mixamorig_LeftFoot/matrix"/>
    </animation>
    <animation id="mixamorig_LeftToeBase-anim" name="mixamorig_LeftToeBase">
      <source id="mixamorig_LeftToeBase-Matrix-animation-input">
        <float_array id="mixamorig_LeftToeBase-Matrix-animation-input-array" count="35">

0.000000 0.033333 0.066667 0.100000 0.133333 0.166667 0.200000 0.233333 0.266667 0.300000 0.333333 0.366667 0.400000 0.433333 0.466667 0.500000
0.533333 0.566667 0.600000 0.633333 0.666667 0.700000 0.733333 0.766667 0.800000 0.833333 0.866667 0.900000 0.933333 0.966667 1.000000 1.033333
1.066667 1.100000 1.133333</float_array>
        <technique_common>
          <accessor source="#mixamorig_LeftToeBase-Matrix-animation-input-array" count="35">
            <param name="TIME" type="float"/>
          </accessor>
        </technique_common>
      </source>
      <source id="mixamorig_LeftToeBase-Matrix-animation-output-transform">
        <float_array id="mixamorig_LeftToeBase-Matrix-animation-output-transform-array" count="560">

0.987042 0.053390 0.151322 0.000000 0.026323 0.876376 -0.480907 21.993700 -0.158291 0.478658 0.863615 0.000000 0.000000 0.000000 0.000000 1.000000
0.987018 0.053856 0.151310 0.000000 0.025914 0.876359 -0.480961 21.993700 -0.158505 0.478638 0.863587 0.000000 0.000000 0.000000 0.000000 1.000000
0.987020 0.053813 0.151311 0.000000 0.025951 0.876360 -0.480956 21.993700 -0.158485 0.478640 0.863589 0.000000 0.000000 0.000000 0.000000 1.000000
0.987055 0.053878 0.151063 0.000000 0.026099 0.875373 -0.482743 21.993700 -0.158246 0.480436 0.862635 -0.000000 0.000000 0.000000 0.000000 1.000000
0.989794 0.053793 0.131965 0.000000 0.020065 0.864189 -0.502767 21.993700 -0.141088 0.500284 0.854290 0.000000 0.000000 0.000000 0.000000 1.000000
0.994747 0.052239 0.088029 0.000000 -0.000796 0.863895 -0.503671 21.993700 -0.102359 0.500955 0.859399 0.000000 0.000000 0.000000 0.000000 1.000000
0.994774 0.051877 0.087935 0.000000 0.001365 0.854454 -0.519526 21.993700 -0.102087 0.516931 0.849918 0.000000 0.000000 0.000000 0.000000 1.000000
0.992575 0.054041 0.108970 -0.000000 0.008712 0.861995 -0.506843 21.993700 -0.121321 0.504029 0.855123 0.000000 0.000000 0.000000 0.000000 1.000000
0.988127 0.056303 0.142951 0.000000 0.025481 0.857492 -0.513866 21.993700 -0.151511 0.511407 0.845876 0.000000 0.000000 0.000000 0.000000 1.000000
0.987596 0.056997 0.146306 0.000000 0.027015 0.856215 -0.515912 21.993700 -0.154675 0.513465 0.844055 0.000000 0.000000 0.000000 0.000000 1.000000
0.987541 0.057381 0.146528 0.000000 0.026541 0.857075 -0.514508 21.993700 -0.155108 0.511987 0.844873 0.000000 0.000000 0.000000 0.000000 1.000000
0.987623 0.057823 0.145800 0.000000 0.026650 0.854187 -0.519283 21.993700 -0.154567 0.516742 0.842073 0.000000 0.000000 0.000000 0.000000 1.000000
0.986878 0.057678 0.150815 0.000000 0.024351 0.870179 -0.492133 21.993700 -0.159621 0.489348 0.857356 -0.000000 0.000000 0.000000 0.000000 1.000000
0.985249 0.057922 0.161028 -0.000000 0.028207 0.873141 -0.486651 21.993700 -0.168788 0.484015 0.858627 0.000000 0.000000 0.000000 0.000000 1.000000
0.985216 0.058265 0.161107 -0.000000 0.029576 0.868426 -0.494937 21.993700 -0.168747 0.492384 0.853863 0.000000 0.000000 0.000000 0.000000 1.000000
0.985155 0.058631 0.161345 0.000000 0.031291 0.862791 -0.504591 21.993700 -0.168792 0.502149 0.848148 -0.000000 0.000000 0.000000 0.000000 1.000000
0.986251 0.057736 0.154839 -0.000000 0.025437 0.872773 -0.487463 21.993700 -0.163284 0.484699 0.859305 0.000000 0.000000 0.000000 0.000000 1.000000
0.986794 0.057329 0.151493 -0.000000 0.022844 0.876669 -0.480552 21.993700 -0.160359 0.477667 0.863782 0.000000 0.000000 0.000000 0.000000 1.000000
0.986795 0.057117 0.151572 0.000000 0.022965 0.876977 -0.479983 21.993700 -0.160340 0.477125 0.864085 0.000000 0.000000 0.000000 0.000000 1.000000
0.986786 0.056862 0.151723 0.000000 0.023147 0.877323 -0.479341 21.993700 -0.160366 0.476519 0.864414 -0.000000 0.000000 0.000000 0.000000 1.000000
0.986769 0.056558 0.151949 0.000000 0.023397 0.877702 -0.478634 21.993700 -0.160437 0.475857 0.864766 0.000000 0.000000 0.000000 0.000000 1.000000
0.986827 0.056231 0.151694 0.000000 0.023506 0.877865 -0.478332 21.993700 -0.160063 0.475596 0.864978 0.000000 0.000000 0.000000 0.000000 1.000000
0.986849 0.055903 0.151671 0.000000 0.023819 0.877762 -0.478504 21.993700 -0.159881 0.475824 0.864887 -0.000000 0.000000 0.000000 0.000000 1.000000
0.986871 0.055559 0.151655 0.000000 0.024140 0.877685 -0.478630 21.993700 -0.159698 0.476007 0.864820 0.000000 0.000000 0.000000 0.000000 1.000000
0.986892 0.055217 0.151640 -0.000000 0.024460 0.877609 -0.478752 21.993700 -0.159516 0.476186 0.864755 0.000000 0.000000 0.000000 0.000000 1.000000
0.986767 0.054963 0.152548 0.000000 0.025722 0.875823 -0.481947 21.993700 -0.160094 0.479493 0.862819 0.000000 0.000000 0.000000 0.000000 1.000000
0.987121 0.055002 0.150223 0.000000 0.027904 0.865445 -0.500227 21.993700 -0.157523 0.497976 0.852764 0.000000 0.000000 0.000000 0.000000 1.000000
0.987145 0.054715 0.150169 -0.000000 0.028272 0.864981 -0.501007 21.993700 -0.157306 0.498812 0.852315 0.000000 0.000000 0.000000 0.000000 1.000000
0.987617 0.054250 0.147207 0.000000 0.025766 0.869481 -0.493294 21.993700 -0.154754 0.490978 0.857316 0.000000 0.000000 0.000000 0.000000 1.000000
0.988300 0.053883 0.142685 0.000000 0.022356 0.874232 -0.484994 21.993700 -0.150873 0.482509 0.862799 -0.000000 0.000000 0.000000 0.000000 1.000000
0.988585 0.053696 0.140770 0.000000 0.020102 0.878972 -0.476449 21.993700 -0.149316 0.473840 0.867859 0.000000 0.000000 0.000000 0.000000 1.000000
0.988316 0.053685 0.142648 0.000000 0.020855 0.879479 -0.475481 21.993700 -0.150983 0.472900 0.868084 0.000000 0.000000 0.000000 0.000000 1.000000
0.987734 0.053773 0.146592 -0.000000 0.023216 0.877816 -0.478435 21.993700 -0.154408 0.475970 0.865801 -0.000000 0.000000 0.000000 0.000000 1.000000
0.987253 0.053855 0.149773 0.000000 0.025030 0.876773 -0.480253 21.993700 -0.157181 0.477880 0.864248 0.000000 0.000000 0.000000 0.000000 1.000000
0.987037 0.053392 0.151349 0.000000 0.026336 0.876371 -0.480915 21.993700 -0.158315 0.478667 0.863605 0.000000 0.000000 0.000000 0.000000 1.000000</float_array>
        <technique_common>
          <accessor source="#mixamorig_LeftToeBase-Matrix-animation-output-transform-array" count="35" stride="16">
            <param type="float4x4"/>
          </accessor>
        </technique_common>
      </source>
      <source id="mixamorig_LeftToeBase-Interpolations">
        <Name_array id="mixamorig_LeftToeBase-Interpolations-array" count="35">
 LINEAR LINEAR LINEAR LINEAR LINEAR LINEAR LINEAR LINEAR LINEAR LINEAR LINEAR
LINEAR LINEAR LINEAR LINEAR LINEAR LINEAR LINEAR LINEAR LINEAR LINEAR LINEAR LINEAR
LINEAR LINEAR LINEAR LINEAR LINEAR LINEAR LINEAR LINEAR LINEAR LINEAR LINEAR LINEAR</Name_array>
        <technique_common>
          <accessor source="#mixamorig_LeftToeBase-Interpolations-array" count="35">
            <param type="name"/>
          </accessor>
        </technique_common>
      </source>
      <sampler id="mixamorig_LeftToeBase-Matrix-animation-transform">
        <input semantic="INPUT" source="#mixamorig_LeftToeBase-Matrix-animation-input"/>
        <input semantic="OUTPUT" source="#mixamorig_LeftToeBase-Matrix-animation-output-transform"/>
        <input semantic="INTERPOLATION" source="#mixamorig_LeftToeBase-Interpolations"/>
      </sampler>
      <channel source="#mixamorig_LeftToeBase-Matrix-animation-transform" target="mixamorig_LeftToeBase/matrix"/>
    </animation>
    <animation id="mixamorig_RightUpLeg-anim" name="mixamorig_RightUpLeg">
      <source id="mixamorig_RightUpLeg-Matrix-animation-input">
        <float_array id="mixamorig_RightUpLeg-Matrix-animation-input-array" count="35">

0.000000 0.033333 0.066667 0.100000 0.133333 0.166667 0.200000 0.233333 0.266667 0.300000 0.333333 0.366667 0.400000 0.433333 0.466667 0.500000
0.533333 0.566667 0.600000 0.633333 0.666667 0.700000 0.733333 0.766667 0.800000 0.833333 0.866667 0.900000 0.933333 0.966667 1.000000 1.033333
1.066667 1.100000 1.133333</float_array>
        <technique_common>
          <accessor source="#mixamorig_RightUpLeg-Matrix-animation-input-array" count="35">
            <param name="TIME" type="float"/>
          </accessor>
        </technique_common>
      </source>
      <source id="mixamorig_RightUpLeg-Matrix-animation-output-transform">
        <float_array id="mixamorig_RightUpLeg-Matrix-animation-output-transform-array" count="560">

-0.891712 -0.428863 -0.144658 -13.293700 0.291620 -0.788836 0.541013 -6.012500 -0.346132 0.440243 0.828480 -0.531400 0.000000 0.000000 0.000000 1.000000
-0.893259 -0.426614 -0.141731 -13.293700 0.289477 -0.787080 0.544709 -6.012500 -0.343934 0.445538 0.826562 -0.531400 0.000000 0.000000 0.000000 1.000000
-0.886571 -0.448403 -0.113691 -13.293700 0.304033 -0.750049 0.587359 -6.012500 -0.348648 0.486170 0.801301 -0.531400 0.000000 0.000000 0.000000 1.000000
-0.871815 -0.484627 -0.071244 -13.293700 0.334529 -0.695312 0.636107 -6.012500 -0.357811 0.530734 0.768305 -0.531400 0.000000 0.000000 0.000000 1.000000
-0.856261 -0.516163 -0.019839 -13.293700 0.367708 -0.636063 0.678391 -6.012500 -0.362779 0.573585 0.734433 -0.531400 0.000000 0.000000 0.000000 1.000000
-0.859887 -0.509536 0.031096 -13.293700 0.383901 -0.605311 0.697294 -6.012500 -0.336474 0.611532 0.716110 -0.531400 0.000000 0.000000 0.000000 1.000000
-0.867780 -0.492962 0.062820 -13.293700 0.389399 -0.595982 0.702263 -6.012500 -0.308750 0.633872 0.709141 -0.531400 0.000000 0.000000 0.000000 1.000000
-0.860770 -0.507200 0.042693 -13.293700 0.392219 -0.607494 0.690735 -6.012500 -0.324405 0.611309 0.721847 -0.531400 0.000000 0.000000 0.000000 1.000000
-0.862116 -0.506540 0.013138 -13.293700 0.403726 -0.671000 0.621903 -6.012500 -0.306204 0.541457 0.782984 -0.531400 0.000000 0.000000 0.000000 1.000000
-0.867985 -0.495690 -0.029901 -13.293700 0.423200 -0.769867 0.477710 -6.012500 -0.259816 0.401991 0.878008 -0.531400 0.000000 0.000000 0.000000 1.000000
-0.898265 -0.403506 -0.174079 -13.293700 0.381841 -0.912731 0.145321 -6.012500 -0.217525 0.064067 0.973950 -0.531400 0.000000 0.000000 0.000000 1.000000
-0.882947 -0.186334 -0.430910 -13.293700 0.275157 -0.949081 -0.153405 -6.012500 -0.380384 -0.254016 0.889260 -0.531400 0.000000 0.000000 0.000000 1.000000
-0.829489 -0.079552 -0.552829 -13.293700 0.227335 -0.952191 -0.204085 -6.012500 -0.510163 -0.294964 0.807917 -0.531400 0.000000 0.000000 0.000000 1.000000
-0.774857 -0.003877 -0.632124 -13.293700 0.187790 -0.956249 -0.224328 -6.012500 -0.603598 -0.292528 0.741685 -0.531400 0.000000 0.000000 0.000000 1.000000
-0.733070 0.047022 -0.678526 -13.293700 0.169403 -0.953547 -0.249101 -6.012500 -0.658719 -0.297553 0.691051 -0.531400 0.000000 0.000000 0.000000 1.000000
-0.666933 0.075631 -0.741270 -13.293700 0.158191 -0.957785 -0.240049 -6.012500 -0.728132 -0.277359 0.626814 -0.531400 0.000000 0.000000 0.000000 1.000000
-0.632784 0.070645 -0.771099 -13.293700 0.133212 -0.971050 -0.198281 -6.012500 -0.762784 -0.228189 0.605055 -0.531400 0.000000 0.000000 0.000000 1.000000
-0.655109 0.049245 -0.753928 -13.293700 0.127916 -0.976239 -0.174916 -6.012500 -0.744627 -0.211029 0.633243 -0.531400 0.000000 0.000000 0.000000 1.000000
-0.727448 0.003055 -0.686156 -13.293700 0.150005 -0.975094 -0.163373 -6.012500 -0.669565 -0.221772 0.708872 -0.531400 0.000000 0.000000 0.000000 1.000000
-0.791998 -0.075856 -0.605793 -13.293700 0.191420 -0.973072 -0.128411 -6.012500 -0.579740 -0.217663 0.785191 -0.531400 0.000000 0.000000 0.000000 1.000000
-0.850497 -0.186407 -0.491840 -13.293700 0.249173 -0.966299 -0.064647 -6.012500 -0.463214 -0.177535 0.868282 -0.531400 0.000000 0.000000 0.000000 1.000000
-0.880073 -0.311756 -0.358161 -13.293700 0.324378 -0.945570 0.025995 -6.012500 -0.346770 -0.093302 0.933298 -0.531400 0.000000 0.000000 0.000000 1.000000
-0.871694 -0.422147 -0.248881 -13.293700 0.400475 -0.906354 0.134693 -6.012500 -0.282435 0.017741 0.959122 -0.531400 0.000000 0.000000 0.000000 1.000000
-0.824332 -0.521948 -0.219196 -13.293700 0.446057 -0.837277 0.316228 -6.012500 -0.348582 0.162903 0.923013 -0.531400 0.000000 0.000000 0.000000 1.000000
-0.810259 -0.548523 -0.206406 -13.293700 0.422763 -0.790946 0.442353 -6.012500 -0.405896 0.271160 0.872766 -0.531400 0.000000 0.000000 0.000000 1.000000
-0.830387 -0.517168 -0.207350 -13.293700 0.378782 -0.796883 0.470639 -6.012500 -0.408633 0.312272 0.857616 -0.531400 0.000000 0.000000 0.000000 1.000000
-0.841540 -0.497596 -0.210260 -13.293700 0.355554 -0.803248 0.477885 -6.012500 -0.406685 0.327401 0.852887 -0.531400 0.000000 0.000000 0.000000 1.000000
-0.852135 -0.490567 -0.182239 -13.293700 0.342347 -0.785940 0.514876 -6.012500 -0.395810 0.376355 0.837670 -0.531400 0.000000 0.000000 0.000000 1.000000
-0.868706 -0.468037 -0.162147 -13.293700 0.324570 -0.785149 0.527442 -6.012500 -0.374172 0.405564 0.833974 -0.531400 0.000000 0.000000 0.000000 1.000000
-0.880438 -0.450389 -0.148255 -13.293700 0.315128 -0.789426 0.526783 -6.012500 -0.354294 0.417080 0.836971 -0.531400 0.000000 0.000000 0.000000 1.000000
-0.883688 -0.444669 -0.146168 -13.293700 0.309467 -0.789316 0.530293 -6.012500 -0.351177 0.423379 0.835120 -0.531400 0.000000 0.000000 0.000000 1.000000
-0.887055 -0.438639 -0.143975 -13.293700 0.303721 -0.789344 0.533563 -6.012500 -0.347687 0.429571 0.833416 -0.531400 0.000000 0.000000 0.000000 1.000000
-0.889934 -0.432901 -0.143577 -13.293700 0.297591 -0.789702 0.536480 -6.012500 -0.345626 0.434704 0.831610 -0.531400 0.000000 0.000000 0.000000 1.000000
-0.891185 -0.430051 -0.144379 -13.293700 0.293394 -0.789149 0.539595 -6.012500 -0.345991 0.438519 0.829453 -0.531400 0.000000 0.000000 0.000000 1.000000
-0.891707 -0.428878 -0.144648 -13.293700 0.291636 -0.788828 0.541017 -6.012500 -0.346133 0.440244 0.828479 -0.531400 0.000000 0.000000 0.000000 1.000000</float_array>
        <technique_common>
          <accessor source="#mixamorig_RightUpLeg-Matrix-animation-output-transform-array" count="35" stride="16">
            <param type="float4x4"/>
          </accessor>
        </technique_common>
      </source>
      <source id="mixamorig_RightUpLeg-Interpolations">
        <Name_array id="mixamorig_RightUpLeg-Interpolations-array" count="35">
 LINEAR LINEAR LINEAR LINEAR LINEAR LINEAR LINEAR LINEAR LINEAR LINEAR LINEAR
LINEAR LINEAR LINEAR LINEAR LINEAR LINEAR LINEAR LINEAR LINEAR LINEAR LINEAR LINEAR
LINEAR LINEAR LINEAR LINEAR LINEAR LINEAR LINEAR LINEAR LINEAR LINEAR LINEAR LINEAR</Name_array>
        <technique_common>
          <accessor source="#mixamorig_RightUpLeg-Interpolations-array" count="35">
            <param type="name"/>
          </accessor>
        </technique_common>
      </source>
      <sampler id="mixamorig_RightUpLeg-Matrix-animation-transform">
        <input semantic="INPUT" source="#mixamorig_RightUpLeg-Matrix-animation-input"/>
        <input semantic="OUTPUT" source="#mixamorig_RightUpLeg-Matrix-animation-output-transform"/>
        <input semantic="INTERPOLATION" source="#mixamorig_RightUpLeg-Interpolations"/>
      </sampler>
      <channel source="#mixamorig_RightUpLeg-Matrix-animation-transform" target="mixamorig_RightUpLeg/matrix"/>
    </animation>
    <animation id="mixamorig_RightLeg-anim" name="mixamorig_RightLeg">
      <source id="mixamorig_RightLeg-Matrix-animation-input">
        <float_array id="mixamorig_RightLeg-Matrix-animation-input-array" count="35">

0.000000 0.033333 0.066667 0.100000 0.133333 0.166667 0.200000 0.233333 0.266667 0.300000 0.333333 0.366667 0.400000 0.433333 0.466667 0.500000
0.533333 0.566667 0.600000 0.633333 0.666667 0.700000 0.733333 0.766667 0.800000 0.833333 0.866667 0.900000 0.933333 0.966667 1.000000 1.033333
1.066667 1.100000 1.133333</float_array>
        <technique_common>
          <accessor source="#mixamorig_RightLeg-Matrix-animation-input-array" count="35">
            <param name="TIME" type="float"/>
          </accessor>
        </technique_common>
      </source>
      <source id="mixamorig_RightLeg-Matrix-animation-output-transform">
        <float_array id="mixamorig_RightLeg-Matrix-animation-output-transform-array" count="560">

0.990286 0.135287 -0.032122 0.000000 -0.051795 0.573291 0.817713 52.153900 0.129041 -0.808106 0.574729 0.000000 0.000000 0.000000 0.000000 1.000000
0.990343 0.134968 -0.031702 0.000000 -0.051438 0.570034 0.820009 52.153900 0.128746 -0.810460 0.571471 -0.000000 0.000000 0.000000 0.000000 1.000000
0.987384 0.136812 -0.079723 0.000000 -0.010520 0.559043 0.829072 52.153900 0.157995 -0.817773 0.553429 0.000000 0.000000 0.000000 0.000000 1.000000
0.968740 0.140232 -0.204640 0.000000 0.092755 0.560329 0.823060 52.153900 0.230085 -0.816312 0.529806 0.000000 0.000000 0.000000 0.000000 1.000000
0.931810 0.151038 -0.330027 0.000000 0.192111 0.566226 0.801549 52.153900 0.307934 -0.810293 0.498599 -0.000000 0.000000 0.000000 0.000000 1.000000
0.920212 0.171355 -0.351919 0.000000 0.199511 0.568187 0.798348 52.153900 0.336756 -0.804861 0.488665 0.000000 0.000000 0.000000 0.000000 1.000000
0.934043 0.182474 -0.307028 -0.000000 0.160787 0.552775 0.817672 52.153900 0.318921 -0.813107 0.486976 0.000000 0.000000 0.000000 0.000000 1.000000
0.953318 0.165018 -0.252891 0.000000 0.126183 0.543157 0.830095 52.153900 0.274341 -0.823255 0.496979 0.000000 0.000000 0.000000 0.000000 1.000000
0.979165 0.167392 -0.114957 0.000000 0.010817 0.522312 0.852686 52.153900 0.202776 -0.836164 0.509619 -0.000000 0.000000 0.000000 0.000000 1.000000
0.980208 0.177076 -0.088519 0.000000 0.006065 0.420062 0.907475 52.153900 0.197876 -0.890052 0.410674 0.000000 0.000000 0.000000 0.000000 1.000000
0.947899 0.181190 -0.262025 -0.000000 0.142849 0.493429 0.857976 52.153900 0.284747 -0.850705 0.441838 0.000000 0.000000 0.000000 0.000000 1.000000
0.957777 0.161734 -0.237710 0.000000 0.074688 0.658436 0.748922 52.153900 0.277643 -0.735054 0.618555 0.000000 0.000000 0.000000 0.000000 1.000000
0.955949 0.162250 -0.244616 0.000000 0.071132 0.680465 0.729320 52.153900 0.284785 -0.714593 0.638948 0.000000 0.000000 0.000000 0.000000 1.000000
0.959888 0.160959 -0.229583 0.000000 0.053039 0.699790 0.712377 52.153900 0.275323 -0.695978 0.663183 0.000000 0.000000 0.000000 0.000000 1.000000
0.964544 0.164757 -0.206180 -0.000000 0.036885 0.689396 0.723445 52.153900 0.261332 -0.705399 0.658876 -0.000000 0.000000 0.000000 0.000000 1.000000
0.962715 0.168435 -0.211684 0.000000 0.041795 0.680504 0.731551 52.153900 0.267271 -0.713122 0.648092 -0.000000 0.000000 0.000000 0.000000 1.000000
0.961558 0.173633 -0.212739 0.000000 0.047119 0.658899 0.750755 52.153900 0.270529 -0.731918 0.625388 0.000000 0.000000 0.000000 0.000000 1.000000
0.960146 0.174003 -0.218731 0.000000 0.052279 0.656964 0.752107 52.153900 0.274567 -0.733568 0.621684 0.000000 0.000000 0.000000 0.000000 1.000000
0.958312 0.172350 -0.227887 0.000000 0.059224 0.660441 0.748539 52.153900 0.279517 -0.730831 0.622701 -0.000000 0.000000 0.000000 0.000000 1.000000
0.951736 0.174656 -0.252377 0.000000 0.079233 0.654605 0.751807 52.153900 0.296515 -0.735518 0.609173 0.000000 0.000000 0.000000 0.000000 1.000000
0.942229 0.179053 -0.283096 -0.000000 0.107018 0.639940 0.760936 52.153900 0.317413 -0.747273 0.583808 -0.000000 0.000000 0.000000 0.000000 1.000000
0.929921 0.184038 -0.318397 0.000000 0.139299 0.624997 0.768098 52.153900 0.340356 -0.758623 0.555562 0.000000 0.000000 0.000000 0.000000 1.000000
0.937493 0.173983 -0.301391 0.000000 0.137488 0.610430 0.780046 52.153900 0.319693 -0.772726 0.548353 0.000000 0.000000 0.000000 0.000000 1.000000
0.960451 0.151158 -0.233849 0.000000 0.104716 0.582098 0.806348 52.153900 0.258009 -0.798945 0.543248 0.000000 0.000000 0.000000 0.000000 1.000000
0.989647 0.125463 -0.069705 -0.000000 -0.013485 0.564789 0.825125 52.153900 0.142891 -0.815642 0.560633 0.000000 0.000000 0.000000 0.000000 1.000000
0.993808 0.110742 0.009018 -0.000000 -0.073289 0.592367 0.802328 52.153900 0.083510 -0.798021 0.596815 0.000000 0.000000 0.000000 0.000000 1.000000
0.994168 0.103355 -0.030779 0.000000 -0.039849 0.617294 0.785723 52.153900 0.100208 -0.779914 0.617812 0.000000 0.000000 0.000000 0.000000 1.000000
0.991836 0.109300 -0.065687 0.000000 -0.011176 0.587636 0.809048 52.153900 0.127029 -0.801709 0.584060 0.000000 0.000000 0.000000 0.000000 1.000000
0.990292 0.118022 -0.073428 0.000000 -0.008003 0.575797 0.817554 52.153900 0.138770 -0.809030 0.571151 0.000000 0.000000 0.000000 0.000000 1.000000
0.990457 0.127375 -0.052630 -0.000000 -0.030279 0.573651 0.818540 52.153900 0.134453 -0.809135 0.572034 -0.000000 0.000000 0.000000 0.000000 1.000000
0.990371 0.129996 -0.047612 0.000000 -0.035829 0.572877 0.818858 52.153900 0.133724 -0.809267 0.572019 0.000000 0.000000 0.000000 0.000000 1.000000
0.990348 0.132330 -0.041238 0.000000 -0.042313 0.571949 0.819197 52.153900 0.131990 -0.809545 0.572027 0.000000 0.000000 0.000000 0.000000 1.000000
0.990233 0.135008 -0.034801 0.000000 -0.049206 0.571973 0.818796 52.153900 0.130449 -0.809086 0.573029 0.000000 0.000000 0.000000 0.000000 1.000000
0.990281 0.135155 -0.032802 0.000000 -0.051088 0.572865 0.818056 52.153900 0.129355 -0.808430 0.574202 0.000000 0.000000 0.000000 0.000000 1.000000
0.990286 0.135286 -0.032105 0.000000 -0.051810 0.573299 0.817707 52.153900 0.129030 -0.808100 0.574739 -0.000000 0.000000 0.000000 0.000000 1.000000</float_array>
        <technique_common>
          <accessor source="#mixamorig_RightLeg-Matrix-animation-output-transform-array" count="35" stride="16">
            <param type="float4x4"/>
          </accessor>
        </technique_common>
      </source>
      <source id="mixamorig_RightLeg-Interpolations">
        <Name_array id="mixamorig_RightLeg-Interpolations-array" count="35">
 LINEAR LINEAR LINEAR LINEAR LINEAR LINEAR LINEAR LINEAR LINEAR LINEAR LINEAR
LINEAR LINEAR LINEAR LINEAR LINEAR LINEAR LINEAR LINEAR LINEAR LINEAR LINEAR LINEAR
LINEAR LINEAR LINEAR LINEAR LINEAR LINEAR LINEAR LINEAR LINEAR LINEAR LINEAR LINEAR</Name_array>
        <technique_common>
          <accessor source="#mixamorig_RightLeg-Interpolations-array" count="35">
            <param type="name"/>
          </accessor>
        </technique_common>
      </source>
      <sampler id="mixamorig_RightLeg-Matrix-animation-transform">
        <input semantic="INPUT" source="#mixamorig_RightLeg-Matrix-animation-input"/>
        <input semantic="OUTPUT" source="#mixamorig_RightLeg-Matrix-animation-output-transform"/>
        <input semantic="INTERPOLATION" source="#mixamorig_RightLeg-Interpolations"/>
      </sampler>
      <channel source="#mixamorig_RightLeg-Matrix-animation-transform" target="mixamorig_RightLeg/matrix"/>
    </animation>
    <animation id="mixamorig_RightFoot-anim" name="mixamorig_RightFoot">
      <source id="mixamorig_RightFoot-Matrix-animation-input">
        <float_array id="mixamorig_RightFoot-Matrix-animation-input-array" count="35">

0.000000 0.033333 0.066667 0.100000 0.133333 0.166667 0.200000 0.233333 0.266667 0.300000 0.333333 0.366667 0.400000 0.433333 0.466667 0.500000
0.533333 0.566667 0.600000 0.633333 0.666667 0.700000 0.733333 0.766667 0.800000 0.833333 0.866667 0.900000 0.933333 0.966667 1.000000 1.033333
1.066667 1.100000 1.133333</float_array>
        <technique_common>
          <accessor source="#mixamorig_RightFoot-Matrix-animation-input-array" count="35">
            <param name="TIME" type="float"/>
          </accessor>
        </technique_common>
      </source>
      <source id="mixamorig_RightFoot-Matrix-animation-output-transform">
        <float_array id="mixamorig_RightFoot-Matrix-animation-output-transform-array" count="560">

0.932536 -0.081222 0.351823 0.000000 0.355980 0.043665 -0.933473 51.002602 0.060456 0.995739 0.069632 -0.000000 0.000000 0.000000 0.000000 1.000000
0.930642 -0.081969 0.356633 0.000000 0.360770 0.042407 -0.931690 51.002602 0.061246 0.995732 0.069037 0.000000 0.000000 0.000000 0.000000 1.000000
0.930688 -0.078904 0.357202 0.000000 0.361505 0.048976 -0.931083 51.002602 0.055972 0.995678 0.074106 -0.000000 0.000000 0.000000 0.000000 1.000000
0.937369 -0.069368 0.341360 0.000000 0.346046 0.073217 -0.935356 51.002602 0.039890 0.994901 0.092636 0.000000 0.000000 0.000000 0.000000 1.000000
0.938153 -0.062808 0.340476 0.000000 0.345376 0.101151 -0.932997 51.002602 0.024160 0.992887 0.116588 -0.000000 0.000000 0.000000 0.000000 1.000000
0.936372 -0.055822 0.346541 -0.000000 0.350698 0.107276 -0.930324 51.002602 0.014757 0.992661 0.120027 0.000000 0.000000 0.000000 0.000000 1.000000
0.929348 -0.048279 0.366034 0.000000 0.369010 0.089235 -0.925132 51.002602 0.012002 0.994840 0.100746 0.000000 0.000000 0.000000 0.000000 1.000000
0.912854 -0.044848 0.405815 0.000000 0.408079 0.068594 -0.910366 51.002602 0.012992 0.996636 0.080918 0.000000 0.000000 0.000000 0.000000 1.000000
0.876635 -0.041726 0.479343 0.000000 0.480437 0.021472 -0.876766 51.002602 0.026291 0.998898 0.038869 -0.000000 0.000000 0.000000 0.000000 1.000000
0.840444 -0.053347 0.539267 0.000000 0.541858 0.070550 -0.837504 51.002602 0.006633 0.996081 0.088200 -0.000000 0.000000 0.000000 0.000000 1.000000
0.905609 0.036411 0.422547 0.000000 0.417978 0.092227 -0.903764 51.002602 -0.071877 0.995072 0.068303 0.000000 0.000000 0.000000 0.000000 1.000000
0.925514 0.114771 0.360905 0.000000 0.351714 0.092897 -0.931487 51.002602 -0.140434 0.989039 0.045611 0.000000 0.000000 0.000000 0.000000 1.000000
0.961326 0.139738 0.237330 0.000000 0.231570 0.056368 -0.971184 51.002602 -0.149089 0.988583 0.021828 0.000000 0.000000 0.000000 0.000000 1.000000
0.979232 0.148499 0.138031 0.000000 0.135065 0.029929 -0.990385 51.002602 -0.151203 0.988460 0.009250 0.000000 0.000000 0.000000 0.000000 1.000000
0.987068 0.148736 0.059788 0.000000 0.062745 -0.015265 -0.997913 51.002602 -0.147513 0.988759 -0.024400 -0.000000 0.000000 0.000000 0.000000 1.000000
0.986875 0.161286 0.007974 -0.000000 0.015473 -0.045297 -0.998854 51.002602 -0.160740 0.985868 -0.047198 0.000000 0.000000 0.000000 0.000000 1.000000
0.986160 0.164453 -0.021078 0.000000 -0.010717 -0.063641 -0.997915 51.002602 -0.165451 0.984330 -0.060998 0.000000 0.000000 0.000000 0.000000 1.000000
0.985729 0.165358 -0.031548 0.000000 -0.022379 -0.057026 -0.998122 51.002602 -0.166846 0.984584 -0.052512 0.000000 0.000000 0.000000 0.000000 1.000000
0.987538 0.154907 -0.027794 0.000000 -0.022232 -0.037527 -0.999048 51.002602 -0.155803 0.987216 -0.033616 0.000000 0.000000 0.000000 0.000000 1.000000
0.990299 0.137920 -0.016921 -0.000000 -0.014867 -0.015906 -0.999763 51.002602 -0.138157 0.990316 -0.013701 -0.000000 0.000000 0.000000 0.000000 1.000000
0.993277 0.115751 0.001594 0.000000 -0.000155 0.015102 -0.999886 51.002602 -0.115762 0.993163 0.015019 0.000000 0.000000 0.000000 0.000000 1.000000
0.994299 0.094070 0.050200 0.000000 0.044652 0.060186 -0.997188 51.002602 -0.096827 0.993745 0.055642 0.000000 0.000000 0.000000 0.000000 1.000000
0.964286 0.042539 0.261423 0.000000 0.254195 0.128647 -0.958559 51.002602 -0.074407 0.990778 0.113239 -0.000000 0.000000 0.000000 0.000000 1.000000
0.897400 -0.064197 0.436522 -0.000000 0.439995 0.203804 -0.874568 51.002602 -0.032820 0.976905 0.211140 -0.000000 0.000000 0.000000 0.000000 1.000000
0.859797 -0.116477 0.497174 0.000000 0.510122 0.239616 -0.826051 51.002602 -0.022915 0.963856 0.265438 0.000000 0.000000 0.000000 0.000000 1.000000
0.881484 -0.097664 0.462003 0.000000 0.472197 0.174147 -0.864120 51.002602 0.003937 0.979865 0.199625 0.000000 0.000000 0.000000 0.000000 1.000000
0.897540 -0.078245 0.433935 0.000000 0.439466 0.078534 -0.894819 51.002602 0.035936 0.993836 0.104873 0.000000 0.000000 0.000000 0.000000 1.000000
0.911554 -0.070572 0.405079 0.000000 0.408367 0.040339 -0.911926 51.002602 0.048016 0.996691 0.065590 0.000000 0.000000 0.000000 0.000000 1.000000
0.921069 -0.070717 0.382924 0.000000 0.385854 0.033373 -0.921956 51.002602 0.052419 0.996938 0.058025 0.000000 0.000000 0.000000 0.000000 1.000000
0.922024 -0.076685 0.379463 0.000000 0.382854 0.035272 -0.923135 51.002602 0.057406 0.996431 0.061881 -0.000000 0.000000 0.000000 0.000000 1.000000
0.923968 -0.080247 0.373957 0.000000 0.377565 0.035301 -0.925310 51.002602 0.061052 0.996150 0.062915 -0.000000 0.000000 0.000000 0.000000 1.000000
0.926035 -0.082578 0.368294 0.000000 0.372125 0.036596 -0.927461 51.002602 0.063110 0.995912 0.064618 0.000000 0.000000 0.000000 0.000000 1.000000
0.928720 -0.082902 0.361395 0.000000 0.365363 0.038583 -0.930065 51.002602 0.063161 0.995811 0.066122 -0.000000 0.000000 0.000000 0.000000 1.000000
0.931380 -0.081876 0.354723 0.000000 0.358823 0.041945 -0.932463 51.002602 0.061467 0.995760 0.068446 -0.000000 0.000000 0.000000 0.000000 1.000000
0.932534 -0.081268 0.351817 -0.000000 0.355983 0.043757 -0.933468 51.002602 0.060466 0.995731 0.069735 0.000000 0.000000 0.000000 0.000000 1.000000</float_array>
        <technique_common>
          <accessor source="#mixamorig_RightFoot-Matrix-animation-output-transform-array" count="35" stride="16">
            <param type="float4x4"/>
          </accessor>
        </technique_common>
      </source>
      <source id="mixamorig_RightFoot-Interpolations">
        <Name_array id="mixamorig_RightFoot-Interpolations-array" count="35">
 LINEAR LINEAR LINEAR LINEAR LINEAR LINEAR LINEAR LINEAR LINEAR LINEAR LINEAR
LINEAR LINEAR LINEAR LINEAR LINEAR LINEAR LINEAR LINEAR LINEAR LINEAR LINEAR LINEAR
LINEAR LINEAR LINEAR LINEAR LINEAR LINEAR LINEAR LINEAR LINEAR LINEAR LINEAR LINEAR</Name_array>
        <technique_common>
          <accessor source="#mixamorig_RightFoot-Interpolations-array" count="35">
            <param type="name"/>
          </accessor>
        </technique_common>
      </source>
      <sampler id="mixamorig_RightFoot-Matrix-animation-transform">
        <input semantic="INPUT" source="#mixamorig_RightFoot-Matrix-animation-input"/>
        <input semantic="OUTPUT" source="#mixamorig_RightFoot-Matrix-animation-output-transform"/>
        <input semantic="INTERPOLATION" source="#mixamorig_RightFoot-Interpolations"/>
      </sampler>
      <channel source="#mixamorig_RightFoot-Matrix-animation-transform" target="mixamorig_RightFoot/matrix"/>
    </animation>
    <animation id="mixamorig_RightToeBase-anim" name="mixamorig_RightToeBase">
      <source id="mixamorig_RightToeBase-Matrix-animation-input">
        <float_array id="mixamorig_RightToeBase-Matrix-animation-input-array" count="35">

0.000000 0.033333 0.066667 0.100000 0.133333 0.166667 0.200000 0.233333 0.266667 0.300000 0.333333 0.366667 0.400000 0.433333 0.466667 0.500000
0.533333 0.566667 0.600000 0.633333 0.666667 0.700000 0.733333 0.766667 0.800000 0.833333 0.866667 0.900000 0.933333 0.966667 1.000000 1.033333
1.066667 1.100000 1.133333</float_array>
        <technique_common>
          <accessor source="#mixamorig_RightToeBase-Matrix-animation-input-array" count="35">
            <param name="TIME" type="float"/>
          </accessor>
        </technique_common>
      </source>
      <source id="mixamorig_RightToeBase-Matrix-animation-output-transform">
        <float_array id="mixamorig_RightToeBase-Matrix-animation-output-transform-array" count="560">

0.988005 -0.052219 -0.145326 0.000000 -0.022630 0.881968 -0.470765 22.030199 0.152756 0.468407 0.870207 0.000000 0.000000 0.000000 0.000000 1.000000
0.988005 -0.052220 -0.145327 0.000000 -0.022630 0.881968 -0.470766 22.030199 0.152757 0.468408 0.870207 -0.000000 0.000000 0.000000 0.000000 1.000000
0.988005 -0.052220 -0.145326 0.000000 -0.022630 0.881968 -0.470766 22.030199 0.152756 0.468408 0.870207 -0.000000 0.000000 0.000000 0.000000 1.000000
0.988005 -0.052220 -0.145326 -0.000000 -0.022630 0.881967 -0.470767 22.030199 0.152756 0.468409 0.870206 0.000000 0.000000 0.000000 0.000000 1.000000
0.988005 -0.052220 -0.145327 0.000000 -0.022630 0.881968 -0.470765 22.030199 0.152757 0.468406 0.870207 0.000000 0.000000 0.000000 0.000000 1.000000
0.988005 -0.052222 -0.145326 -0.000000 -0.022628 0.881968 -0.470765 22.030199 0.152757 0.468406 0.870207 -0.000000 0.000000 0.000000 0.000000 1.000000
0.988005 -0.052222 -0.145327 -0.000000 -0.022628 0.881968 -0.470766 22.030199 0.152758 0.468407 0.870207 0.000000 0.000000 0.000000 0.000000 1.000000
0.988007 -0.052220 -0.145312 -0.000000 -0.022624 0.881964 -0.470774 22.030199 0.152744 0.468415 0.870205 0.000000 0.000000 0.000000 0.000000 1.000000
0.987799 -0.052903 -0.146470 0.000000 -0.026171 0.870763 -0.491006 22.030199 0.153517 0.488849 0.858755 0.000000 0.000000 0.000000 0.000000 1.000000
0.993370 -0.059615 -0.098300 0.000000 -0.029950 0.691324 -0.721924 22.030199 0.110995 0.720081 0.684955 0.000000 0.000000 0.000000 0.000000 1.000000
0.997232 -0.067443 -0.031302 0.000000 0.002385 0.449794 -0.893129 22.030199 0.074314 0.890582 0.448710 -0.000000 0.000000 0.000000 0.000000 1.000000
0.997453 -0.068156 -0.021040 0.000000 0.006966 0.386635 -0.922206 22.030199 0.070988 0.919711 0.386125 0.000000 0.000000 0.000000 0.000000 1.000000
0.999094 -0.041926 -0.007264 0.000000 0.008968 0.374371 -0.927236 22.030199 0.041595 0.926331 0.374408 0.000000 0.000000 0.000000 0.000000 1.000000
0.999744 0.012040 0.019136 -0.000000 0.012494 0.411197 -0.911461 22.030199 -0.018843 0.911467 0.410942 0.000000 0.000000 0.000000 0.000000 1.000000
0.996128 0.070850 0.052053 0.000000 0.016283 0.433150 -0.901175 22.030199 -0.086394 0.898533 0.430320 -0.000000 0.000000 0.000000 0.000000 1.000000
0.990724 0.109917 0.079898 0.000000 0.023307 0.441814 -0.896804 22.030199 -0.133874 0.890347 0.435154 0.000000 0.000000 0.000000 0.000000 1.000000
0.988049 0.125499 0.089494 0.000000 0.025458 0.439766 -0.897752 22.030199 -0.152024 0.889301 0.431315 0.000000 0.000000 0.000000 0.000000 1.000000
0.987669 0.128402 0.089571 0.000000 0.025372 0.433290 -0.900897 22.030199 -0.154487 0.892061 0.424689 0.000000 0.000000 0.000000 0.000000 1.000000
0.988767 0.123153 0.084688 0.000000 0.024041 0.428193 -0.903367 22.030199 -0.147516 0.895256 0.420423 0.000000 0.000000 0.000000 0.000000 1.000000
0.990254 0.114267 0.079627 0.000000 0.022915 0.430259 -0.902415 22.030199 -0.137377 0.895444 0.423447 0.000000 0.000000 0.000000 0.000000 1.000000
0.991271 0.106099 0.078264 0.000000 0.022910 0.445974 -0.894753 22.030199 -0.129836 0.888735 0.439650 0.000000 0.000000 0.000000 0.000000 1.000000
0.992732 0.094231 0.074863 0.000000 0.020262 0.482304 -0.875769 22.030199 -0.118631 0.870921 0.476889 0.000000 0.000000 0.000000 0.000000 1.000000
0.997781 0.048399 0.045718 0.000000 0.011986 0.544884 -0.838426 22.030199 -0.065490 0.837114 0.543095 0.000000 0.000000 0.000000 0.000000 1.000000
0.999597 0.006559 -0.027623 0.000000 -0.026247 0.584405 -0.811038 22.030199 0.010823 0.811436 0.584342 -0.000000 0.000000 0.000000 0.000000 1.000000
0.996441 -0.036781 -0.075839 0.000000 -0.030761 0.679016 -0.733478 22.030199 0.078474 0.733201 0.675469 0.000000 0.000000 0.000000 0.000000 1.000000
0.994511 -0.047687 -0.093134 0.000000 -0.019449 0.790340 -0.612359 22.030199 0.102809 0.610810 0.785074 0.000000 0.000000 0.000000 0.000000 1.000000
0.989401 -0.052795 -0.135273 0.000000 -0.025124 0.855280 -0.517556 22.030199 0.143021 0.515469 0.844888 0.000000 0.000000 0.000000 0.000000 1.000000
0.988809 -0.052539 -0.139631 -0.000000 -0.022237 0.873581 -0.486171 22.030199 0.147522 0.483835 0.862636 0.000000 0.000000 0.000000 0.000000 1.000000
0.988674 -0.052416 -0.140628 0.000000 -0.021328 0.878447 -0.477364 22.030199 0.148556 0.474956 0.867380 -0.000000 0.000000 0.000000 0.000000 1.000000
0.988177 -0.052407 -0.144080 0.000000 -0.022436 0.880214 -0.474046 22.030199 0.151665 0.471674 0.868632 0.000000 0.000000 0.000000 0.000000 1.000000
0.987572 -0.052382 -0.148184 0.000000 -0.023658 0.882541 -0.469640 22.030199 0.155379 0.467309 0.870333 -0.000000 0.000000 0.000000 0.000000 1.000000
0.987452 -0.052368 -0.148985 -0.000000 -0.023696 0.883602 -0.467638 22.030199 0.156133 0.465300 0.871274 -0.000000 0.000000 0.000000 0.000000 1.000000
0.987769 -0.052407 -0.146855 0.000000 -0.022983 0.882605 -0.469554 22.030199 0.154223 0.467185 0.870605 0.000000 0.000000 0.000000 0.000000 1.000000
0.987921 -0.052426 -0.145820 0.000000 -0.022629 0.882131 -0.470460 22.030199 0.153297 0.468077 0.870289 -0.000000 0.000000 0.000000 0.000000 1.000000
0.988006 -0.052229 -0.145316 0.000000 -0.022630 0.881929 -0.470838 22.030199 0.152750 0.468479 0.870169 -0.000000 0.000000 0.000000 0.000000 1.000000</float_array>
        <technique_common>
          <accessor source="#mixamorig_RightToeBase-Matrix-animation-output-transform-array" count="35" stride="16">
            <param type="float4x4"/>
          </accessor>
        </technique_common>
      </source>
      <source id="mixamorig_RightToeBase-Interpolations">
        <Name_array id="mixamorig_RightToeBase-Interpolations-array" count="35">
 LINEAR LINEAR LINEAR LINEAR LINEAR LINEAR LINEAR LINEAR LINEAR LINEAR LINEAR
LINEAR LINEAR LINEAR LINEAR LINEAR LINEAR LINEAR LINEAR LINEAR LINEAR LINEAR LINEAR
LINEAR LINEAR LINEAR LINEAR LINEAR LINEAR LINEAR LINEAR LINEAR LINEAR LINEAR LINEAR</Name_array>
        <technique_common>
          <accessor source="#mixamorig_RightToeBase-Interpolations-array" count="35">
            <param type="name"/>
          </accessor>
        </technique_common>
      </source>
      <sampler id="mixamorig_RightToeBase-Matrix-animation-transform">
        <input semantic="INPUT" source="#mixamorig_RightToeBase-Matrix-animation-input"/>
        <input semantic="OUTPUT" source="#mixamorig_RightToeBase-Matrix-animation-output-transform"/>
        <input semantic="INTERPOLATION" source="#mixamorig_RightToeBase-Interpolations"/>
      </sampler>
      <channel source="#mixamorig_RightToeBase-Matrix-animation-transform" target="mixamorig_RightToeBase/matrix"/>
    </animation>
    <animation id="mixamorig_F_skirt1-anim" name="mixamorig_F_skirt1">
      <source id="mixamorig_F_skirt1-Matrix-animation-input">
        <float_array id="mixamorig_F_skirt1-Matrix-animation-input-array" count="35">

0.000000 0.033333 0.066667 0.100000 0.133333 0.166667 0.200000 0.233333 0.266667 0.300000 0.333333 0.366667 0.400000 0.433333 0.466667 0.500000
0.533333 0.566667 0.600000 0.633333 0.666667 0.700000 0.733333 0.766667 0.800000 0.833333 0.866667 0.900000 0.933333 0.966667 1.000000 1.033333
1.066667 1.100000 1.133333</float_array>
        <technique_common>
          <accessor source="#mixamorig_F_skirt1-Matrix-animation-input-array" count="35">
            <param name="TIME" type="float"/>
          </accessor>
        </technique_common>
      </source>
      <source id="mixamorig_F_skirt1-Matrix-animation-output-transform">
        <float_array id="mixamorig_F_skirt1-Matrix-animation-output-transform-array" count="560">

0.000000 1.000000 0.000000 -0.580400 -1.000000 0.000000 -0.000000 -7.794500 -0.000000 0.000000 1.000000 17.818100 0.000000 0.000000 0.000000 1.000000
0.000000 1.000000 0.000000 -0.580400 -1.000000 0.000000 -0.000000 -7.794500 0.000000 0.000000 1.000000 17.818100 0.000000 0.000000 0.000000 1.000000
0.000000 1.000000 0.000000 -0.580400 -1.000000 0.000000 -0.000000 -7.794500 0.000000 0.000000 1.000000 17.818100 0.000000 0.000000 0.000000 1.000000
0.000000 1.000000 0.000000 -0.580400 -1.000000 0.000000 -0.000000 -7.794500 -0.000000 -0.000000 1.000000 17.818100 0.000000 0.000000 0.000000 1.000000
0.000000 1.000000 0.000000 -0.580400 -1.000000 0.000000 0.000000 -7.794500 0.000000 0.000000 1.000000 17.818100 0.000000 0.000000 0.000000 1.000000
0.000000 1.000000 0.000000 -0.580400 -1.000000 0.000000 -0.000000 -7.794500 -0.000000 0.000000 1.000000 17.818100 0.000000 0.000000 0.000000 1.000000
0.000000 1.000000 0.000000 -0.580400 -1.000000 0.000000 -0.000000 -7.794500 -0.000000 -0.000000 1.000000 17.818100 0.000000 0.000000 0.000000 1.000000
0.000000 1.000000 0.000000 -0.580400 -1.000000 0.000000 -0.000000 -7.794500 0.000000 0.000000 1.000000 17.818100 0.000000 0.000000 0.000000 1.000000
0.000000 1.000000 -0.000000 -0.580400 -1.000000 0.000000 0.000000 -7.794500 0.000000 0.000000 1.000000 17.818100 0.000000 0.000000 0.000000 1.000000
0.000000 1.000000 -0.000000 -0.580400 -1.000000 0.000000 -0.000000 -7.794500 -0.000000 0.000000 1.000000 17.818100 0.000000 0.000000 0.000000 1.000000
0.000000 1.000000 -0.000000 -0.580400 -1.000000 0.000000 -0.000000 -7.794500 -0.000000 0.000000 1.000000 17.818100 0.000000 0.000000 0.000000 1.000000
0.000000 1.000000 0.000000 -0.580400 -1.000000 0.000000 0.000000 -7.794500 0.000000 0.000000 1.000000 17.818100 0.000000 0.000000 0.000000 1.000000
0.000000 1.000000 0.000000 -0.580400 -1.000000 0.000000 0.000000 -7.794500 0.000000 -0.000000 1.000000 17.818100 0.000000 0.000000 0.000000 1.000000
0.000000 1.000000 0.000000 -0.580400 -1.000000 0.000000 -0.000000 -7.794500 0.000000 0.000000 1.000000 17.818100 0.000000 0.000000 0.000000 1.000000
0.000000 1.000000 -0.000000 -0.580400 -1.000000 0.000000 -0.000000 -7.794500 0.000000 0.000000 1.000000 17.818100 0.000000 0.000000 0.000000 1.000000
0.000000 1.000000 -0.000000 -0.580400 -1.000000 0.000000 0.000000 -7.794500 -0.000000 -0.000000 1.000000 17.818100 0.000000 0.000000 0.000000 1.000000
0.000000 1.000000 0.000000 -0.580400 -1.000000 0.000000 -0.000000 -7.794500 -0.000000 -0.000000 1.000000 17.818100 0.000000 0.000000 0.000000 1.000000
0.000000 1.000000 0.000000 -0.580400 -1.000000 0.000000 0.000000 -7.794500 0.000000 -0.000000 1.000000 17.818100 0.000000 0.000000 0.000000 1.000000
0.000000 1.000000 0.000000 -0.580400 -1.000000 0.000000 0.000000 -7.794500 0.000000 -0.000000 1.000000 17.818100 0.000000 0.000000 0.000000 1.000000
0.000000 1.000000 -0.000000 -0.580400 -1.000000 0.000000 -0.000000 -7.794500 -0.000000 0.000000 1.000000 17.818100 0.000000 0.000000 0.000000 1.000000
0.000000 1.000000 0.000000 -0.580400 -1.000000 0.000000 0.000000 -7.794500 -0.000000 0.000000 1.000000 17.818100 0.000000 0.000000 0.000000 1.000000
0.000000 1.000000 -0.000000 -0.580400 -1.000000 0.000000 0.000000 -7.794500 -0.000000 0.000000 1.000000 17.818100 0.000000 0.000000 0.000000 1.000000
0.000000 1.000000 -0.000000 -0.580400 -1.000000 0.000000 0.000000 -7.794500 -0.000000 0.000000 1.000000 17.818100 0.000000 0.000000 0.000000 1.000000
0.000000 1.000000 0.000000 -0.580400 -1.000000 0.000000 0.000000 -7.794500 0.000000 -0.000000 1.000000 17.818100 0.000000 0.000000 0.000000 1.000000
0.000000 1.000000 0.000000 -0.580400 -1.000000 0.000000 0.000000 -7.794500 0.000000 0.000000 1.000000 17.818100 0.000000 0.000000 0.000000 1.000000
0.000000 1.000000 -0.000000 -0.580400 -1.000000 0.000000 0.000000 -7.794500 -0.000000 -0.000000 1.000000 17.818100 0.000000 0.000000 0.000000 1.000000
0.000000 1.000000 -0.000000 -0.580400 -1.000000 0.000000 0.000000 -7.794500 -0.000000 -0.000000 1.000000 17.818100 0.000000 0.000000 0.000000 1.000000
0.000000 1.000000 0.000000 -0.580400 -1.000000 0.000000 0.000000 -7.794500 0.000000 -0.000000 1.000000 17.818100 0.000000 0.000000 0.000000 1.000000
0.000000 1.000000 -0.000000 -0.580400 -1.000000 0.000000 0.000000 -7.794500 -0.000000 0.000000 1.000000 17.818100 0.000000 0.000000 0.000000 1.000000
0.000000 1.000000 0.000000 -0.580400 -1.000000 0.000000 0.000000 -7.794500 0.000000 -0.000000 1.000000 17.818100 0.000000 0.000000 0.000000 1.000000
0.000000 1.000000 -0.000000 -0.580400 -1.000000 0.000000 0.000000 -7.794500 0.000000 0.000000 1.000000 17.818100 0.000000 0.000000 0.000000 1.000000
0.000000 1.000000 0.000000 -0.580400 -1.000000 0.000000 0.000000 -7.794500 0.000000 0.000000 1.000000 17.818100 0.000000 0.000000 0.000000 1.000000
0.000000 1.000000 0.000000 -0.580400 -1.000000 0.000000 -0.000000 -7.794500 -0.000000 0.000000 1.000000 17.818100 0.000000 0.000000 0.000000 1.000000
0.000000 1.000000 -0.000000 -0.580400 -1.000000 0.000000 0.000000 -7.794500 0.000000 0.000000 1.000000 17.818100 0.000000 0.000000 0.000000 1.000000
0.000000 1.000000 -0.000000 -0.580400 -1.000000 0.000000 -0.000000 -7.794500 -0.000000 0.000000 1.000000 17.818100 0.000000 0.000000 0.000000 1.000000</float_array>
        <technique_common>
          <accessor source="#mixamorig_F_skirt1-Matrix-animation-output-transform-array" count="35" stride="16">
            <param type="float4x4"/>
          </accessor>
        </technique_common>
      </source>
      <source id="mixamorig_F_skirt1-Interpolations">
        <Name_array id="mixamorig_F_skirt1-Interpolations-array" count="35">
 LINEAR LINEAR LINEAR LINEAR LINEAR LINEAR LINEAR LINEAR LINEAR LINEAR LINEAR
LINEAR LINEAR LINEAR LINEAR LINEAR LINEAR LINEAR LINEAR LINEAR LINEAR LINEAR LINEAR
LINEAR LINEAR LINEAR LINEAR LINEAR LINEAR LINEAR LINEAR LINEAR LINEAR LINEAR LINEAR</Name_array>
        <technique_common>
          <accessor source="#mixamorig_F_skirt1-Interpolations-array" count="35">
            <param type="name"/>
          </accessor>
        </technique_common>
      </source>
      <sampler id="mixamorig_F_skirt1-Matrix-animation-transform">
        <input semantic="INPUT" source="#mixamorig_F_skirt1-Matrix-animation-input"/>
        <input semantic="OUTPUT" source="#mixamorig_F_skirt1-Matrix-animation-output-transform"/>
        <input semantic="INTERPOLATION" source="#mixamorig_F_skirt1-Interpolations"/>
      </sampler>
      <channel source="#mixamorig_F_skirt1-Matrix-animation-transform" target="mixamorig_F_skirt1/matrix"/>
    </animation>
    <animation id="mixamorig_F_skirt2-anim" name="mixamorig_F_skirt2">
      <source id="mixamorig_F_skirt2-Matrix-animation-input">
        <float_array id="mixamorig_F_skirt2-Matrix-animation-input-array" count="35">

0.000000 0.033333 0.066667 0.100000 0.133333 0.166667 0.200000 0.233333 0.266667 0.300000 0.333333 0.366667 0.400000 0.433333 0.466667 0.500000
0.533333 0.566667 0.600000 0.633333 0.666667 0.700000 0.733333 0.766667 0.800000 0.833333 0.866667 0.900000 0.933333 0.966667 1.000000 1.033333
1.066667 1.100000 1.133333</float_array>
        <technique_common>
          <accessor source="#mixamorig_F_skirt2-Matrix-animation-input-array" count="35">
            <param name="TIME" type="float"/>
          </accessor>
        </technique_common>
      </source>
      <source id="mixamorig_F_skirt2-Matrix-animation-output-transform">
        <float_array id="mixamorig_F_skirt2-Matrix-animation-output-transform-array" count="560">

1.000000 0.000000 -0.000000 27.000000 0.000000 1.000000 0.000000 0.000000 -0.000000 -0.000000 1.000000 0.000000 0.000000 0.000000 0.000000 1.000000
1.000000 -0.000000 0.000000 27.000000 0.000000 1.000000 0.000000 0.000000 -0.000000 -0.000000 1.000000 0.000000 0.000000 0.000000 0.000000 1.000000
1.000000 0.000000 0.000000 27.000000 -0.000000 1.000000 0.000000 0.000000 0.000000 0.000000 1.000000 -0.000000 0.000000 0.000000 0.000000 1.000000
1.000000 -0.000000 -0.000000 27.000000 -0.000000 1.000000 0.000000 -0.000000 0.000000 0.000000 1.000000 0.000000 0.000000 0.000000 0.000000 1.000000
1.000000 0.000000 0.000000 27.000000 0.000000 1.000000 -0.000000 0.000000 -0.000000 -0.000000 1.000000 0.000000 0.000000 0.000000 0.000000 1.000000
1.000000 -0.000000 -0.000000 27.000000 0.000000 1.000000 -0.000000 0.000000 -0.000000 -0.000000 1.000000 0.000000 0.000000 0.000000 0.000000 1.000000
1.000000 0.000000 0.000000 27.000000 0.000000 1.000000 -0.000000 0.000000 0.000000 0.000000 1.000000 -0.000000 0.000000 0.000000 0.000000 1.000000
1.000000 0.000000 0.000000 27.000000 -0.000000 1.000000 0.000000 0.000000 0.000000 0.000000 1.000000 0.000000 0.000000 0.000000 0.000000 1.000000
1.000000 -0.000000 0.000000 27.000000 0.000000 1.000000 0.000000 0.000000 0.000000 0.000000 1.000000 0.000000 0.000000 0.000000 0.000000 1.000000
1.000000 0.000000 -0.000000 27.000000 0.000000 1.000000 0.000000 0.000000 0.000000 0.000000 1.000000 -0.000000 0.000000 0.000000 0.000000 1.000000
1.000000 0.000000 0.000000 27.000000 -0.000000 1.000000 0.000000 -0.000000 0.000000 0.000000 1.000000 0.000000 0.000000 0.000000 0.000000 1.000000
1.000000 0.000000 -0.000000 27.000000 0.000000 1.000000 0.000000 0.000000 0.000000 0.000000 1.000000 0.000000 0.000000 0.000000 0.000000 1.000000
1.000000 -0.000000 0.000000 27.000000 -0.000000 1.000000 -0.000000 -0.000000 0.000000 0.000000 1.000000 0.000000 0.000000 0.000000 0.000000 1.000000
1.000000 0.000000 -0.000000 27.000000 0.000000 1.000000 0.000000 0.000000 -0.000000 0.000000 1.000000 -0.000000 0.000000 0.000000 0.000000 1.000000
1.000000 0.000000 -0.000000 27.000000 0.000000 1.000000 -0.000000 0.000000 0.000000 0.000000 1.000000 -0.000000 0.000000 0.000000 0.000000 1.000000
1.000000 0.000000 0.000000 27.000000 0.000000 1.000000 -0.000000 0.000000 -0.000000 -0.000000 1.000000 0.000000 0.000000 0.000000 0.000000 1.000000
1.000000 0.000000 -0.000000 27.000000 -0.000000 1.000000 0.000000 0.000000 -0.000000 -0.000000 1.000000 0.000000 0.000000 0.000000 0.000000 1.000000
1.000000 0.000000 0.000000 27.000000 0.000000 1.000000 -0.000000 -0.000000 0.000000 0.000000 1.000000 0.000000 0.000000 0.000000 0.000000 1.000000
1.000000 -0.000000 0.000000 27.000000 0.000000 1.000000 -0.000000 0.000000 0.000000 0.000000 1.000000 -0.000000 0.000000 0.000000 0.000000 1.000000
1.000000 0.000000 0.000000 27.000000 0.000000 1.000000 -0.000000 0.000000 0.000000 -0.000000 1.000000 0.000000 0.000000 0.000000 0.000000 1.000000
1.000000 0.000000 0.000000 27.000000 0.000000 1.000000 0.000000 0.000000 0.000000 -0.000000 1.000000 0.000000 0.000000 0.000000 0.000000 1.000000
1.000000 0.000000 -0.000000 27.000000 0.000000 1.000000 0.000000 -0.000000 -0.000000 -0.000000 1.000000 0.000000 0.000000 0.000000 0.000000 1.000000
1.000000 0.000000 -0.000000 27.000000 0.000000 1.000000 -0.000000 0.000000 -0.000000 0.000000 1.000000 0.000000 0.000000 0.000000 0.000000 1.000000
1.000000 0.000000 0.000000 27.000000 0.000000 1.000000 -0.000000 -0.000000 0.000000 -0.000000 1.000000 -0.000000 0.000000 0.000000 0.000000 1.000000
1.000000 0.000000 0.000000 27.000000 0.000000 1.000000 -0.000000 0.000000 -0.000000 0.000000 1.000000 0.000000 0.000000 0.000000 0.000000 1.000000
1.000000 0.000000 0.000000 27.000000 0.000000 1.000000 0.000000 -0.000000 -0.000000 -0.000000 1.000000 0.000000 0.000000 0.000000 0.000000 1.000000
1.000000 -0.000000 0.000000 27.000000 0.000000 1.000000 -0.000000 0.000000 -0.000000 -0.000000 1.000000 0.000000 0.000000 0.000000 0.000000 1.000000
1.000000 0.000000 0.000000 27.000000 0.000000 1.000000 0.000000 -0.000000 -0.000000 0.000000 1.000000 0.000000 0.000000 0.000000 0.000000 1.000000
1.000000 0.000000 -0.000000 27.000000 0.000000 1.000000 0.000000 0.000000 0.000000 -0.000000 1.000000 0.000000 0.000000 0.000000 0.000000 1.000000
1.000000 0.000000 -0.000000 27.000000 -0.000000 1.000000 0.000000 -0.000000 0.000000 0.000000 1.000000 0.000000 0.000000 0.000000 0.000000 1.000000
1.000000 0.000000 0.000000 27.000000 0.000000 1.000000 -0.000000 0.000000 0.000000 0.000000 1.000000 0.000000 0.000000 0.000000 0.000000 1.000000
1.000000 -0.000000 -0.000000 27.000000 0.000000 1.000000 0.000000 0.000000 0.000000 0.000000 1.000000 0.000000 0.000000 0.000000 0.000000 1.000000
1.000000 0.000000 0.000000 27.000000 0.000000 1.000000 -0.000000 0.000000 -0.000000 -0.000000 1.000000 0.000000 0.000000 0.000000 0.000000 1.000000
1.000000 -0.000000 0.000000 27.000000 0.000000 1.000000 0.000000 0.000000 0.000000 -0.000000 1.000000 0.000000 0.000000 0.000000 0.000000 1.000000
1.000000 0.000000 -0.000000 27.000000 -0.000000 1.000000 0.000000 0.000000 -0.000000 -0.000000 1.000000 0.000000 0.000000 0.000000 0.000000 1.000000</float_array>
        <technique_common>
          <accessor source="#mixamorig_F_skirt2-Matrix-animation-output-transform-array" count="35" stride="16">
            <param type="float4x4"/>
          </accessor>
        </technique_common>
      </source>
      <source id="mixamorig_F_skirt2-Interpolations">
        <Name_array id="mixamorig_F_skirt2-Interpolations-array" count="35">
 LINEAR LINEAR LINEAR LINEAR LINEAR LINEAR LINEAR LINEAR LINEAR LINEAR LINEAR
LINEAR LINEAR LINEAR LINEAR LINEAR LINEAR LINEAR LINEAR LINEAR LINEAR LINEAR LINEAR
LINEAR LINEAR LINEAR LINEAR LINEAR LINEAR LINEAR LINEAR LINEAR LINEAR LINEAR LINEAR</Name_array>
        <technique_common>
          <accessor source="#mixamorig_F_skirt2-Interpolations-array" count="35">
            <param type="name"/>
          </accessor>
        </technique_common>
      </source>
      <sampler id="mixamorig_F_skirt2-Matrix-animation-transform">
        <input semantic="INPUT" source="#mixamorig_F_skirt2-Matrix-animation-input"/>
        <input semantic="OUTPUT" source="#mixamorig_F_skirt2-Matrix-animation-output-transform"/>
        <input semantic="INTERPOLATION" source="#mixamorig_F_skirt2-Interpolations"/>
      </sampler>
      <channel source="#mixamorig_F_skirt2-Matrix-animation-transform" target="mixamorig_F_skirt2/matrix"/>
    </animation>
    <animation id="mixamorig_F_skirt3-anim" name="mixamorig_F_skirt3">
      <source id="mixamorig_F_skirt3-Matrix-animation-input">
        <float_array id="mixamorig_F_skirt3-Matrix-animation-input-array" count="35">

0.000000 0.033333 0.066667 0.100000 0.133333 0.166667 0.200000 0.233333 0.266667 0.300000 0.333333 0.366667 0.400000 0.433333 0.466667 0.500000
0.533333 0.566667 0.600000 0.633333 0.666667 0.700000 0.733333 0.766667 0.800000 0.833333 0.866667 0.900000 0.933333 0.966667 1.000000 1.033333
1.066667 1.100000 1.133333</float_array>
        <technique_common>
          <accessor source="#mixamorig_F_skirt3-Matrix-animation-input-array" count="35">
            <param name="TIME" type="float"/>
          </accessor>
        </technique_common>
      </source>
      <source id="mixamorig_F_skirt3-Matrix-animation-output-transform">
        <float_array id="mixamorig_F_skirt3-Matrix-animation-output-transform-array" count="560">

1.000000 0.000000 -0.000000 27.000000 -0.000000 1.000000 0.000000 -0.000000 -0.000000 0.000000 1.000000 -0.000000 0.000000 0.000000 0.000000 1.000000
1.000000 0.000000 -0.000000 27.000000 -0.000000 1.000000 0.000000 0.000000 0.000000 -0.000000 1.000000 0.000000 0.000000 0.000000 0.000000 1.000000
1.000000 0.000000 0.000000 27.000000 0.000000 1.000000 0.000000 0.000000 0.000000 0.000000 1.000000 0.000000 0.000000 0.000000 0.000000 1.000000
1.000000 -0.000000 0.000000 27.000000 -0.000000 1.000000 0.000000 0.000000 -0.000000 -0.000000 1.000000 0.000000 0.000000 0.000000 0.000000 1.000000
1.000000 -0.000000 0.000000 27.000000 0.000000 1.000000 -0.000000 -0.000000 0.000000 0.000000 1.000000 0.000000 0.000000 0.000000 0.000000 1.000000
1.000000 -0.000000 0.000000 27.000000 0.000000 1.000000 -0.000000 0.000000 -0.000000 -0.000000 1.000000 -0.000000 0.000000 0.000000 0.000000 1.000000
1.000000 0.000000 0.000000 27.000000 0.000000 1.000000 0.000000 0.000000 0.000000 0.000000 1.000000 0.000000 0.000000 0.000000 0.000000 1.000000
1.000000 -0.000000 -0.000000 27.000000 0.000000 1.000000 0.000000 -0.000000 0.000000 0.000000 1.000000 0.000000 0.000000 0.000000 0.000000 1.000000
1.000000 0.000000 0.000000 27.000000 0.000000 1.000000 0.000000 0.000000 0.000000 0.000000 1.000000 0.000000 0.000000 0.000000 0.000000 1.000000
1.000000 0.000000 -0.000000 27.000000 0.000000 1.000000 0.000000 0.000000 0.000000 0.000000 1.000000 -0.000000 0.000000 0.000000 0.000000 1.000000
1.000000 0.000000 0.000000 27.000000 -0.000000 1.000000 0.000000 -0.000000 0.000000 0.000000 1.000000 0.000000 0.000000 0.000000 0.000000 1.000000
1.000000 0.000000 0.000000 27.000000 0.000000 1.000000 -0.000000 0.000000 0.000000 0.000000 1.000000 0.000000 0.000000 0.000000 0.000000 1.000000
1.000000 0.000000 -0.000000 27.000000 0.000000 1.000000 -0.000000 0.000000 0.000000 0.000000 1.000000 0.000000 0.000000 0.000000 0.000000 1.000000
1.000000 0.000000 0.000000 27.000000 0.000000 1.000000 -0.000000 0.000000 -0.000000 0.000000 1.000000 0.000000 0.000000 0.000000 0.000000 1.000000
1.000000 0.000000 0.000000 27.000000 0.000000 1.000000 -0.000000 0.000000 0.000000 0.000000 1.000000 0.000000 0.000000 0.000000 0.000000 1.000000
1.000000 -0.000000 0.000000 27.000000 0.000000 1.000000 -0.000000 -0.000000 0.000000 -0.000000 1.000000 0.000000 0.000000 0.000000 0.000000 1.000000
1.000000 -0.000000 -0.000000 27.000000 -0.000000 1.000000 0.000000 0.000000 -0.000000 -0.000000 1.000000 0.000000 0.000000 0.000000 0.000000 1.000000
1.000000 -0.000000 0.000000 27.000000 0.000000 1.000000 0.000000 0.000000 0.000000 -0.000000 1.000000 0.000000 0.000000 0.000000 0.000000 1.000000
1.000000 -0.000000 0.000000 27.000000 0.000000 1.000000 -0.000000 0.000000 0.000000 0.000000 1.000000 0.000000 0.000000 0.000000 0.000000 1.000000
1.000000 0.000000 -0.000000 27.000000 0.000000 1.000000 -0.000000 0.000000 0.000000 -0.000000 1.000000 0.000000 0.000000 0.000000 0.000000 1.000000
1.000000 -0.000000 0.000000 27.000000 0.000000 1.000000 0.000000 0.000000 0.000000 -0.000000 1.000000 0.000000 0.000000 0.000000 0.000000 1.000000
1.000000 0.000000 -0.000000 27.000000 0.000000 1.000000 0.000000 0.000000 -0.000000 0.000000 1.000000 -0.000000 0.000000 0.000000 0.000000 1.000000
1.000000 0.000000 -0.000000 27.000000 -0.000000 1.000000 -0.000000 -0.000000 -0.000000 0.000000 1.000000 0.000000 0.000000 0.000000 0.000000 1.000000
1.000000 0.000000 -0.000000 27.000000 0.000000 1.000000 0.000000 -0.000000 0.000000 -0.000000 1.000000 0.000000 0.000000 0.000000 0.000000 1.000000
1.000000 -0.000000 -0.000000 27.000000 0.000000 1.000000 -0.000000 -0.000000 0.000000 0.000000 1.000000 0.000000 0.000000 0.000000 0.000000 1.000000
1.000000 -0.000000 0.000000 27.000000 0.000000 1.000000 0.000000 0.000000 -0.000000 0.000000 1.000000 0.000000 0.000000 0.000000 0.000000 1.000000
1.000000 -0.000000 0.000000 27.000000 0.000000 1.000000 -0.000000 0.000000 0.000000 0.000000 1.000000 0.000000 0.000000 0.000000 0.000000 1.000000
1.000000 0.000000 -0.000000 27.000000 0.000000 1.000000 0.000000 0.000000 -0.000000 0.000000 1.000000 0.000000 0.000000 0.000000 0.000000 1.000000
1.000000 -0.000000 -0.000000 27.000000 0.000000 1.000000 0.000000 -0.000000 -0.000000 0.000000 1.000000 0.000000 0.000000 0.000000 0.000000 1.000000
1.000000 -0.000000 0.000000 27.000000 0.000000 1.000000 0.000000 -0.000000 0.000000 0.000000 1.000000 0.000000 0.000000 0.000000 0.000000 1.000000
1.000000 -0.000000 0.000000 27.000000 0.000000 1.000000 -0.000000 0.000000 0.000000 0.000000 1.000000 0.000000 0.000000 0.000000 0.000000 1.000000
1.000000 0.000000 0.000000 27.000000 0.000000 1.000000 -0.000000 0.000000 0.000000 0.000000 1.000000 0.000000 0.000000 0.000000 0.000000 1.000000
1.000000 -0.000000 -0.000000 27.000000 -0.000000 1.000000 0.000000 0.000000 -0.000000 -0.000000 1.000000 0.000000 0.000000 0.000000 0.000000 1.000000
1.000000 -0.000000 0.000000 27.000000 0.000000 1.000000 -0.000000 -0.000000 0.000000 0.000000 1.000000 0.000000 0.000000 0.000000 0.000000 1.000000
1.000000 0.000000 0.000000 27.000000 0.000000 1.000000 0.000000 -0.000000 -0.000000 -0.000000 1.000000 0.000000 0.000000 0.000000 0.000000 1.000000</float_array>
        <technique_common>
          <accessor source="#mixamorig_F_skirt3-Matrix-animation-output-transform-array" count="35" stride="16">
            <param type="float4x4"/>
          </accessor>
        </technique_common>
      </source>
      <source id="mixamorig_F_skirt3-Interpolations">
        <Name_array id="mixamorig_F_skirt3-Interpolations-array" count="35">
 LINEAR LINEAR LINEAR LINEAR LINEAR LINEAR LINEAR LINEAR LINEAR LINEAR LINEAR
LINEAR LINEAR LINEAR LINEAR LINEAR LINEAR LINEAR LINEAR LINEAR LINEAR LINEAR LINEAR
LINEAR LINEAR LINEAR LINEAR LINEAR LINEAR LINEAR LINEAR LINEAR LINEAR LINEAR LINEAR</Name_array>
        <technique_common>
          <accessor source="#mixamorig_F_skirt3-Interpolations-array" count="35">
            <param type="name"/>
          </accessor>
        </technique_common>
      </source>
      <sampler id="mixamorig_F_skirt3-Matrix-animation-transform">
        <input semantic="INPUT" source="#mixamorig_F_skirt3-Matrix-animation-input"/>
        <input semantic="OUTPUT" source="#mixamorig_F_skirt3-Matrix-animation-output-transform"/>
        <input semantic="INTERPOLATION" source="#mixamorig_F_skirt3-Interpolations"/>
      </sampler>
      <channel source="#mixamorig_F_skirt3-Matrix-animation-transform" target="mixamorig_F_skirt3/matrix"/>
    </animation>
    <animation id="mixamorig_L_A_skirt1-anim" name="mixamorig_L_A_skirt1">
      <source id="mixamorig_L_A_skirt1-Matrix-animation-input">
        <float_array id="mixamorig_L_A_skirt1-Matrix-animation-input-array" count="35">

0.000000 0.033333 0.066667 0.100000 0.133333 0.166667 0.200000 0.233333 0.266667 0.300000 0.333333 0.366667 0.400000 0.433333 0.466667 0.500000
0.533333 0.566667 0.600000 0.633333 0.666667 0.700000 0.733333 0.766667 0.800000 0.833333 0.866667 0.900000 0.933333 0.966667 1.000000 1.033333
1.066667 1.100000 1.133333</float_array>
        <technique_common>
          <accessor source="#mixamorig_L_A_skirt1-Matrix-animation-input-array" count="35">
            <param name="TIME" type="float"/>
          </accessor>
        </technique_common>
      </source>
      <source id="mixamorig_L_A_skirt1-Matrix-animation-output-transform">
        <float_array id="mixamorig_L_A_skirt1-Matrix-animation-output-transform-array" count="560">

0.122996 0.897244 0.424058 9.424300 -0.992244 0.103429 0.068955 -5.518500 0.018009 -0.429250 0.903006 15.946100 0.000000 0.000000 0.000000 1.000000
0.122996 0.897244 0.424058 9.424300 -0.992244 0.103429 0.068955 -5.518500 0.018009 -0.429250 0.903006 15.946100 0.000000 0.000000 0.000000 1.000000
0.122996 0.897244 0.424058 9.424300 -0.992244 0.103429 0.068955 -5.518500 0.018009 -0.429250 0.903006 15.946100 0.000000 0.000000 0.000000 1.000000
0.122996 0.897244 0.424058 9.424300 -0.992244 0.103429 0.068955 -5.518500 0.018009 -0.429250 0.903006 15.946100 0.000000 0.000000 0.000000 1.000000
0.122996 0.897244 0.424058 9.424300 -0.992244 0.103429 0.068955 -5.518500 0.018009 -0.429250 0.903006 15.946100 0.000000 0.000000 0.000000 1.000000
0.122996 0.897244 0.424058 9.424300 -0.992244 0.103429 0.068955 -5.518500 0.018009 -0.429250 0.903006 15.946100 0.000000 0.000000 0.000000 1.000000
0.122996 0.897244 0.424058 9.424300 -0.992244 0.103429 0.068955 -5.518500 0.018009 -0.429250 0.903006 15.946100 0.000000 0.000000 0.000000 1.000000
0.122996 0.897244 0.424058 9.424300 -0.992244 0.103429 0.068955 -5.518500 0.018009 -0.429250 0.903006 15.946100 0.000000 0.000000 0.000000 1.000000
0.122996 0.897244 0.424058 9.424300 -0.992244 0.103429 0.068955 -5.518500 0.018009 -0.429250 0.903006 15.946100 0.000000 0.000000 0.000000 1.000000
0.122996 0.897244 0.424058 9.424300 -0.992244 0.103429 0.068955 -5.518500 0.018009 -0.429250 0.903006 15.946100 0.000000 0.000000 0.000000 1.000000
0.122996 0.897244 0.424058 9.424300 -0.992244 0.103429 0.068955 -5.518500 0.018009 -0.429250 0.903006 15.946100 0.000000 0.000000 0.000000 1.000000
0.122996 0.897244 0.424058 9.424300 -0.992244 0.103429 0.068955 -5.518500 0.018009 -0.429250 0.903006 15.946100 0.000000 0.000000 0.000000 1.000000
0.122996 0.897244 0.424058 9.424300 -0.992244 0.103429 0.068955 -5.518500 0.018009 -0.429250 0.903006 15.946100 0.000000 0.000000 0.000000 1.000000
0.122996 0.897244 0.424058 9.424300 -0.992244 0.103429 0.068955 -5.518500 0.018009 -0.429250 0.903006 15.946100 0.000000 0.000000 0.000000 1.000000
0.122996 0.897244 0.424058 9.424300 -0.992244 0.103429 0.068955 -5.518500 0.018009 -0.429250 0.903006 15.946100 0.000000 0.000000 0.000000 1.000000
0.122996 0.897244 0.424058 9.424300 -0.992244 0.103429 0.068955 -5.518500 0.018009 -0.429250 0.903006 15.946100 0.000000 0.000000 0.000000 1.000000
0.122996 0.897244 0.424058 9.424300 -0.992244 0.103429 0.068955 -5.518500 0.018009 -0.429250 0.903006 15.946100 0.000000 0.000000 0.000000 1.000000
0.122996 0.897244 0.424058 9.424300 -0.992244 0.103429 0.068955 -5.518500 0.018009 -0.429250 0.903006 15.946100 0.000000 0.000000 0.000000 1.000000
0.122996 0.897244 0.424058 9.424300 -0.992244 0.103429 0.068955 -5.518500 0.018009 -0.429250 0.903006 15.946100 0.000000 0.000000 0.000000 1.000000
0.122996 0.897244 0.424058 9.424300 -0.992244 0.103429 0.068955 -5.518500 0.018009 -0.429250 0.903006 15.946100 0.000000 0.000000 0.000000 1.000000
0.122996 0.897244 0.424058 9.424300 -0.992244 0.103429 0.068955 -5.518500 0.018009 -0.429250 0.903006 15.946100 0.000000 0.000000 0.000000 1.000000
0.122996 0.897244 0.424058 9.424300 -0.992244 0.103429 0.068955 -5.518500 0.018009 -0.429250 0.903006 15.946100 0.000000 0.000000 0.000000 1.000000
0.122996 0.897244 0.424058 9.424300 -0.992244 0.103429 0.068955 -5.518500 0.018009 -0.429250 0.903006 15.946100 0.000000 0.000000 0.000000 1.000000
0.122996 0.897244 0.424058 9.424300 -0.992244 0.103429 0.068955 -5.518500 0.018009 -0.429250 0.903006 15.946100 0.000000 0.000000 0.000000 1.000000
0.122996 0.897244 0.424058 9.424300 -0.992244 0.103429 0.068955 -5.518500 0.018009 -0.429250 0.903006 15.946100 0.000000 0.000000 0.000000 1.000000
0.122996 0.897244 0.424058 9.424300 -0.992244 0.103429 0.068955 -5.518500 0.018009 -0.429250 0.903006 15.946100 0.000000 0.000000 0.000000 1.000000
0.122996 0.897244 0.424058 9.424300 -0.992244 0.103429 0.068955 -5.518500 0.018009 -0.429250 0.903006 15.946100 0.000000 0.000000 0.000000 1.000000
0.122996 0.897244 0.424058 9.424300 -0.992244 0.103429 0.068955 -5.518500 0.018009 -0.429250 0.903006 15.946100 0.000000 0.000000 0.000000 1.000000
0.122996 0.897244 0.424058 9.424300 -0.992244 0.103429 0.068955 -5.518500 0.018009 -0.429250 0.903006 15.946100 0.000000 0.000000 0.000000 1.000000
0.122996 0.897244 0.424058 9.424300 -0.992244 0.103429 0.068955 -5.518500 0.018009 -0.429250 0.903006 15.946100 0.000000 0.000000 0.000000 1.000000
0.122996 0.897244 0.424058 9.424300 -0.992244 0.103429 0.068955 -5.518500 0.018009 -0.429250 0.903006 15.946100 0.000000 0.000000 0.000000 1.000000
0.122996 0.897244 0.424058 9.424300 -0.992244 0.103429 0.068955 -5.518500 0.018009 -0.429250 0.903006 15.946100 0.000000 0.000000 0.000000 1.000000
0.122996 0.897244 0.424058 9.424300 -0.992244 0.103429 0.068955 -5.518500 0.018009 -0.429250 0.903006 15.946100 0.000000 0.000000 0.000000 1.000000
0.122996 0.897244 0.424058 9.424300 -0.992244 0.103429 0.068955 -5.518500 0.018009 -0.429250 0.903006 15.946100 0.000000 0.000000 0.000000 1.000000
0.122996 0.897244 0.424058 9.424300 -0.992244 0.103429 0.068955 -5.518500 0.018009 -0.429250 0.903006 15.946100 0.000000 0.000000 0.000000 1.000000</float_array>
        <technique_common>
          <accessor source="#mixamorig_L_A_skirt1-Matrix-animation-output-transform-array" count="35" stride="16">
            <param type="float4x4"/>
          </accessor>
        </technique_common>
      </source>
      <source id="mixamorig_L_A_skirt1-Interpolations">
        <Name_array id="mixamorig_L_A_skirt1-Interpolations-array" count="35">
 LINEAR LINEAR LINEAR LINEAR LINEAR LINEAR LINEAR LINEAR LINEAR LINEAR LINEAR
LINEAR LINEAR LINEAR LINEAR LINEAR LINEAR LINEAR LINEAR LINEAR LINEAR LINEAR LINEAR
LINEAR LINEAR LINEAR LINEAR LINEAR LINEAR LINEAR LINEAR LINEAR LINEAR LINEAR LINEAR</Name_array>
        <technique_common>
          <accessor source="#mixamorig_L_A_skirt1-Interpolations-array" count="35">
            <param type="name"/>
          </accessor>
        </technique_common>
      </source>
      <sampler id="mixamorig_L_A_skirt1-Matrix-animation-transform">
        <input semantic="INPUT" source="#mixamorig_L_A_skirt1-Matrix-animation-input"/>
        <input semantic="OUTPUT" source="#mixamorig_L_A_skirt1-Matrix-animation-output-transform"/>
        <input semantic="INTERPOLATION" source="#mixamorig_L_A_skirt1-Interpolations"/>
      </sampler>
      <channel source="#mixamorig_L_A_skirt1-Matrix-animation-transform" target="mixamorig_L_A_skirt1/matrix"/>
    </animation>
    <animation id="mixamorig_L_A_skirt2-anim" name="mixamorig_L_A_skirt2">
      <source id="mixamorig_L_A_skirt2-Matrix-animation-input">
        <float_array id="mixamorig_L_A_skirt2-Matrix-animation-input-array" count="35">

0.000000 0.033333 0.066667 0.100000 0.133333 0.166667 0.200000 0.233333 0.266667 0.300000 0.333333 0.366667 0.400000 0.433333 0.466667 0.500000
0.533333 0.566667 0.600000 0.633333 0.666667 0.700000 0.733333 0.766667 0.800000 0.833333 0.866667 0.900000 0.933333 0.966667 1.000000 1.033333
1.066667 1.100000 1.133333</float_array>
        <technique_common>
          <accessor source="#mixamorig_L_A_skirt2-Matrix-animation-input-array" count="35">
            <param name="TIME" type="float"/>
          </accessor>
        </technique_common>
      </source>
      <source id="mixamorig_L_A_skirt2-Matrix-animation-output-transform">
        <float_array id="mixamorig_L_A_skirt2-Matrix-animation-output-transform-array" count="560">

1.000000 0.000000 0.000000 27.000000 0.000000 1.000000 0.000000 0.000000 -0.000000 -0.000000 1.000000 -0.000000 0.000000 0.000000 0.000000 1.000000
1.000000 0.000000 0.000000 27.000000 -0.000000 1.000000 -0.000000 -0.000000 -0.000000 -0.000000 1.000000 0.000000 0.000000 0.000000 0.000000 1.000000
1.000000 -0.000000 0.000000 27.000000 0.000000 1.000000 0.000000 0.000000 -0.000000 -0.000000 1.000000 -0.000000 0.000000 0.000000 0.000000 1.000000
1.000000 -0.000000 0.000000 27.000000 -0.000000 1.000000 -0.000000 0.000000 -0.000000 0.000000 1.000000 0.000000 0.000000 0.000000 0.000000 1.000000
1.000000 0.000000 -0.000000 27.000000 0.000000 1.000000 -0.000000 0.000000 0.000000 0.000000 1.000000 0.000000 0.000000 0.000000 0.000000 1.000000
1.000000 -0.000000 0.000000 27.000000 0.000000 1.000000 0.000000 0.000000 0.000000 0.000000 1.000000 -0.000000 0.000000 0.000000 0.000000 1.000000
1.000000 -0.000000 0.000000 27.000000 0.000000 1.000000 -0.000000 0.000000 0.000000 -0.000000 1.000000 0.000000 0.000000 0.000000 0.000000 1.000000
1.000000 -0.000000 -0.000000 27.000000 0.000000 1.000000 -0.000000 -0.000000 -0.000000 0.000000 1.000000 0.000000 0.000000 0.000000 0.000000 1.000000
1.000000 0.000000 0.000000 27.000000 -0.000000 1.000000 0.000000 0.000000 0.000000 -0.000000 1.000000 0.000000 0.000000 0.000000 0.000000 1.000000
1.000000 -0.000000 0.000000 27.000000 0.000000 1.000000 0.000000 -0.000000 0.000000 0.000000 1.000000 0.000000 0.000000 0.000000 0.000000 1.000000
1.000000 0.000000 -0.000000 27.000000 -0.000000 1.000000 0.000000 0.000000 0.000000 0.000000 1.000000 -0.000000 0.000000 0.000000 0.000000 1.000000
1.000000 0.000000 -0.000000 27.000000 -0.000000 1.000000 -0.000000 -0.000000 0.000000 0.000000 1.000000 0.000000 0.000000 0.000000 0.000000 1.000000
1.000000 0.000000 0.000000 27.000000 0.000000 1.000000 0.000000 0.000000 0.000000 0.000000 1.000000 0.000000 0.000000 0.000000 0.000000 1.000000
1.000000 0.000000 0.000000 27.000000 -0.000000 1.000000 -0.000000 0.000000 -0.000000 -0.000000 1.000000 0.000000 0.000000 0.000000 0.000000 1.000000
1.000000 0.000000 -0.000000 27.000000 -0.000000 1.000000 0.000000 0.000000 -0.000000 -0.000000 1.000000 0.000000 0.000000 0.000000 0.000000 1.000000
1.000000 0.000000 -0.000000 27.000000 0.000000 1.000000 0.000000 0.000000 0.000000 0.000000 1.000000 -0.000000 0.000000 0.000000 0.000000 1.000000
1.000000 0.000000 -0.000000 27.000000 0.000000 1.000000 -0.000000 0.000000 -0.000000 -0.000000 1.000000 -0.000000 0.000000 0.000000 0.000000 1.000000
1.000000 -0.000000 0.000000 27.000000 -0.000000 1.000000 0.000000 -0.000000 0.000000 0.000000 1.000000 0.000000 0.000000 0.000000 0.000000 1.000000
1.000000 0.000000 0.000000 27.000000 0.000000 1.000000 -0.000000 -0.000000 0.000000 -0.000000 1.000000 -0.000000 0.000000 0.000000 0.000000 1.000000
1.000000 0.000000 0.000000 27.000000 0.000000 1.000000 0.000000 0.000000 0.000000 0.000000 1.000000 0.000000 0.000000 0.000000 0.000000 1.000000
1.000000 -0.000000 0.000000 27.000000 0.000000 1.000000 0.000000 -0.000000 -0.000000 -0.000000 1.000000 0.000000 0.000000 0.000000 0.000000 1.000000
1.000000 0.000000 0.000000 27.000000 -0.000000 1.000000 -0.000000 0.000000 -0.000000 -0.000000 1.000000 0.000000 0.000000 0.000000 0.000000 1.000000
1.000000 0.000000 -0.000000 27.000000 0.000000 1.000000 0.000000 0.000000 -0.000000 -0.000000 1.000000 0.000000 0.000000 0.000000 0.000000 1.000000
1.000000 -0.000000 0.000000 27.000000 0.000000 1.000000 0.000000 0.000000 -0.000000 0.000000 1.000000 0.000000 0.000000 0.000000 0.000000 1.000000
1.000000 -0.000000 -0.000000 27.000000 0.000000 1.000000 -0.000000 0.000000 -0.000000 -0.000000 1.000000 0.000000 0.000000 0.000000 0.000000 1.000000
1.000000 -0.000000 0.000000 27.000000 -0.000000 1.000000 -0.000000 0.000000 0.000000 0.000000 1.000000 0.000000 0.000000 0.000000 0.000000 1.000000
1.000000 0.000000 0.000000 27.000000 -0.000000 1.000000 0.000000 0.000000 -0.000000 0.000000 1.000000 0.000000 0.000000 0.000000 0.000000 1.000000
1.000000 0.000000 0.000000 27.000000 0.000000 1.000000 0.000000 0.000000 -0.000000 -0.000000 1.000000 0.000000 0.000000 0.000000 0.000000 1.000000
1.000000 0.000000 -0.000000 27.000000 0.000000 1.000000 -0.000000 -0.000000 -0.000000 0.000000 1.000000 0.000000 0.000000 0.000000 0.000000 1.000000
1.000000 0.000000 0.000000 27.000000 -0.000000 1.000000 0.000000 0.000000 -0.000000 -0.000000 1.000000 0.000000 0.000000 0.000000 0.000000 1.000000
1.000000 -0.000000 -0.000000 27.000000 0.000000 1.000000 0.000000 0.000000 0.000000 -0.000000 1.000000 0.000000 0.000000 0.000000 0.000000 1.000000
1.000000 -0.000000 0.000000 27.000000 -0.000000 1.000000 0.000000 0.000000 0.000000 0.000000 1.000000 -0.000000 0.000000 0.000000 0.000000 1.000000
1.000000 0.000000 -0.000000 27.000000 -0.000000 1.000000 -0.000000 0.000000 -0.000000 0.000000 1.000000 0.000000 0.000000 0.000000 0.000000 1.000000
1.000000 0.000000 -0.000000 27.000000 0.000000 1.000000 0.000000 0.000000 -0.000000 -0.000000 1.000000 -0.000000 0.000000 0.000000 0.000000 1.000000
1.000000 -0.000000 -0.000000 27.000000 0.000000 1.000000 0.000000 0.000000 0.000000 0.000000 1.000000 0.000000 0.000000 0.000000 0.000000 1.000000</float_array>
        <technique_common>
          <accessor source="#mixamorig_L_A_skirt2-Matrix-animation-output-transform-array" count="35" stride="16">
            <param type="float4x4"/>
          </accessor>
        </technique_common>
      </source>
      <source id="mixamorig_L_A_skirt2-Interpolations">
        <Name_array id="mixamorig_L_A_skirt2-Interpolations-array" count="35">
 LINEAR LINEAR LINEAR LINEAR LINEAR LINEAR LINEAR LINEAR LINEAR LINEAR LINEAR
LINEAR LINEAR LINEAR LINEAR LINEAR LINEAR LINEAR LINEAR LINEAR LINEAR LINEAR LINEAR
LINEAR LINEAR LINEAR LINEAR LINEAR LINEAR LINEAR LINEAR LINEAR LINEAR LINEAR LINEAR</Name_array>
        <technique_common>
          <accessor source="#mixamorig_L_A_skirt2-Interpolations-array" count="35">
            <param type="name"/>
          </accessor>
        </technique_common>
      </source>
      <sampler id="mixamorig_L_A_skirt2-Matrix-animation-transform">
        <input semantic="INPUT" source="#mixamorig_L_A_skirt2-Matrix-animation-input"/>
        <input semantic="OUTPUT" source="#mixamorig_L_A_skirt2-Matrix-animation-output-transform"/>
        <input semantic="INTERPOLATION" source="#mixamorig_L_A_skirt2-Interpolations"/>
      </sampler>
      <channel source="#mixamorig_L_A_skirt2-Matrix-animation-transform" target="mixamorig_L_A_skirt2/matrix"/>
    </animation>
    <animation id="mixamorig_L_A_skirt3-anim" name="mixamorig_L_A_skirt3">
      <source id="mixamorig_L_A_skirt3-Matrix-animation-input">
        <float_array id="mixamorig_L_A_skirt3-Matrix-animation-input-array" count="35">

0.000000 0.033333 0.066667 0.100000 0.133333 0.166667 0.200000 0.233333 0.266667 0.300000 0.333333 0.366667 0.400000 0.433333 0.466667 0.500000
0.533333 0.566667 0.600000 0.633333 0.666667 0.700000 0.733333 0.766667 0.800000 0.833333 0.866667 0.900000 0.933333 0.966667 1.000000 1.033333
1.066667 1.100000 1.133333</float_array>
        <technique_common>
          <accessor source="#mixamorig_L_A_skirt3-Matrix-animation-input-array" count="35">
            <param name="TIME" type="float"/>
          </accessor>
        </technique_common>
      </source>
      <source id="mixamorig_L_A_skirt3-Matrix-animation-output-transform">
        <float_array id="mixamorig_L_A_skirt3-Matrix-animation-output-transform-array" count="560">

1.000000 0.000000 0.000000 27.000000 0.000000 1.000000 0.000000 0.000000 0.000000 0.000000 1.000000 0.000000 0.000000 0.000000 0.000000 1.000000
1.000000 0.000000 0.000000 27.000000 0.000000 1.000000 -0.000000 0.000000 -0.000000 -0.000000 1.000000 -0.000000 0.000000 0.000000 0.000000 1.000000
1.000000 0.000000 -0.000000 27.000000 -0.000000 1.000000 -0.000000 0.000000 -0.000000 0.000000 1.000000 0.000000 0.000000 0.000000 0.000000 1.000000
1.000000 0.000000 0.000000 27.000000 0.000000 1.000000 0.000000 0.000000 -0.000000 0.000000 1.000000 0.000000 0.000000 0.000000 0.000000 1.000000
1.000000 0.000000 0.000000 27.000000 -0.000000 1.000000 0.000000 0.000000 0.000000 0.000000 1.000000 0.000000 0.000000 0.000000 0.000000 1.000000
1.000000 0.000000 -0.000000 27.000000 0.000000 1.000000 0.000000 0.000000 0.000000 -0.000000 1.000000 0.000000 0.000000 0.000000 0.000000 1.000000
1.000000 0.000000 0.000000 27.000000 -0.000000 1.000000 -0.000000 0.000000 0.000000 -0.000000 1.000000 0.000000 0.000000 0.000000 0.000000 1.000000
1.000000 0.000000 0.000000 27.000000 -0.000000 1.000000 -0.000000 0.000000 -0.000000 -0.000000 1.000000 0.000000 0.000000 0.000000 0.000000 1.000000
1.000000 -0.000000 -0.000000 27.000000 0.000000 1.000000 0.000000 0.000000 0.000000 0.000000 1.000000 0.000000 0.000000 0.000000 0.000000 1.000000
1.000000 -0.000000 0.000000 27.000000 0.000000 1.000000 0.000000 0.000000 -0.000000 0.000000 1.000000 0.000000 0.000000 0.000000 0.000000 1.000000
1.000000 0.000000 -0.000000 27.000000 -0.000000 1.000000 0.000000 -0.000000 0.000000 -0.000000 1.000000 0.000000 0.000000 0.000000 0.000000 1.000000
1.000000 -0.000000 0.000000 27.000000 0.000000 1.000000 0.000000 0.000000 0.000000 -0.000000 1.000000 0.000000 0.000000 0.000000 0.000000 1.000000
1.000000 -0.000000 0.000000 27.000000 -0.000000 1.000000 0.000000 0.000000 0.000000 0.000000 1.000000 0.000000 0.000000 0.000000 0.000000 1.000000
1.000000 0.000000 0.000000 27.000000 -0.000000 1.000000 -0.000000 -0.000000 0.000000 0.000000 1.000000 -0.000000 0.000000 0.000000 0.000000 1.000000
1.000000 0.000000 0.000000 27.000000 0.000000 1.000000 0.000000 0.000000 0.000000 -0.000000 1.000000 -0.000000 0.000000 0.000000 0.000000 1.000000
1.000000 0.000000 -0.000000 27.000000 -0.000000 1.000000 0.000000 -0.000000 -0.000000 0.000000 1.000000 0.000000 0.000000 0.000000 0.000000 1.000000
1.000000 0.000000 0.000000 27.000000 0.000000 1.000000 -0.000000 0.000000 -0.000000 -0.000000 1.000000 0.000000 0.000000 0.000000 0.000000 1.000000
1.000000 -0.000000 0.000000 27.000000 -0.000000 1.000000 0.000000 -0.000000 0.000000 -0.000000 1.000000 0.000000 0.000000 0.000000 0.000000 1.000000
1.000000 0.000000 -0.000000 27.000000 0.000000 1.000000 -0.000000 -0.000000 0.000000 0.000000 1.000000 0.000000 0.000000 0.000000 0.000000 1.000000
1.000000 -0.000000 -0.000000 27.000000 0.000000 1.000000 -0.000000 -0.000000 0.000000 0.000000 1.000000 0.000000 0.000000 0.000000 0.000000 1.000000
1.000000 0.000000 -0.000000 27.000000 0.000000 1.000000 0.000000 0.000000 -0.000000 -0.000000 1.000000 0.000000 0.000000 0.000000 0.000000 1.000000
1.000000 0.000000 0.000000 27.000000 -0.000000 1.000000 0.000000 -0.000000 0.000000 -0.000000 1.000000 -0.000000 0.000000 0.000000 0.000000 1.000000
1.000000 0.000000 -0.000000 27.000000 0.000000 1.000000 0.000000 0.000000 0.000000 -0.000000 1.000000 0.000000 0.000000 0.000000 0.000000 1.000000
1.000000 -0.000000 0.000000 27.000000 0.000000 1.000000 0.000000 -0.000000 0.000000 0.000000 1.000000 0.000000 0.000000 0.000000 0.000000 1.000000
1.000000 -0.000000 0.000000 27.000000 0.000000 1.000000 0.000000 -0.000000 -0.000000 -0.000000 1.000000 0.000000 0.000000 0.000000 0.000000 1.000000
1.000000 0.000000 -0.000000 27.000000 -0.000000 1.000000 0.000000 0.000000 0.000000 0.000000 1.000000 0.000000 0.000000 0.000000 0.000000 1.000000
1.000000 0.000000 0.000000 27.000000 -0.000000 1.000000 0.000000 0.000000 -0.000000 0.000000 1.000000 0.000000 0.000000 0.000000 0.000000 1.000000
1.000000 0.000000 0.000000 27.000000 0.000000 1.000000 -0.000000 0.000000 -0.000000 -0.000000 1.000000 -0.000000 0.000000 0.000000 0.000000 1.000000
1.000000 -0.000000 0.000000 27.000000 -0.000000 1.000000 0.000000 0.000000 0.000000 0.000000 1.000000 0.000000 0.000000 0.000000 0.000000 1.000000
1.000000 -0.000000 -0.000000 27.000000 -0.000000 1.000000 0.000000 0.000000 -0.000000 -0.000000 1.000000 0.000000 0.000000 0.000000 0.000000 1.000000
1.000000 -0.000000 -0.000000 27.000000 -0.000000 1.000000 0.000000 0.000000 -0.000000 0.000000 1.000000 0.000000 0.000000 0.000000 0.000000 1.000000
1.000000 0.000000 0.000000 27.000000 -0.000000 1.000000 0.000000 0.000000 0.000000 0.000000 1.000000 0.000000 0.000000 0.000000 0.000000 1.000000
1.000000 0.000000 0.000000 27.000000 -0.000000 1.000000 0.000000 0.000000 0.000000 -0.000000 1.000000 0.000000 0.000000 0.000000 0.000000 1.000000
1.000000 0.000000 -0.000000 27.000000 -0.000000 1.000000 0.000000 0.000000 -0.000000 -0.000000 1.000000 0.000000 0.000000 0.000000 0.000000 1.000000
1.000000 0.000000 0.000000 27.000000 -0.000000 1.000000 0.000000 0.000000 -0.000000 0.000000 1.000000 0.000000 0.000000 0.000000 0.000000 1.000000</float_array>
        <technique_common>
          <accessor source="#mixamorig_L_A_skirt3-Matrix-animation-output-transform-array" count="35" stride="16">
            <param type="float4x4"/>
          </accessor>
        </technique_common>
      </source>
      <source id="mixamorig_L_A_skirt3-Interpolations">
        <Name_array id="mixamorig_L_A_skirt3-Interpolations-array" count="35">
 LINEAR LINEAR LINEAR LINEAR LINEAR LINEAR LINEAR LINEAR LINEAR LINEAR LINEAR
LINEAR LINEAR LINEAR LINEAR LINEAR LINEAR LINEAR LINEAR LINEAR LINEAR LINEAR LINEAR
LINEAR LINEAR LINEAR LINEAR LINEAR LINEAR LINEAR LINEAR LINEAR LINEAR LINEAR LINEAR</Name_array>
        <technique_common>
          <accessor source="#mixamorig_L_A_skirt3-Interpolations-array" count="35">
            <param type="name"/>
          </accessor>
        </technique_common>
      </source>
      <sampler id="mixamorig_L_A_skirt3-Matrix-animation-transform">
        <input semantic="INPUT" source="#mixamorig_L_A_skirt3-Matrix-animation-input"/>
        <input semantic="OUTPUT" source="#mixamorig_L_A_skirt3-Matrix-animation-output-transform"/>
        <input semantic="INTERPOLATION" source="#mixamorig_L_A_skirt3-Interpolations"/>
      </sampler>
      <channel source="#mixamorig_L_A_skirt3-Matrix-animation-transform" target="mixamorig_L_A_skirt3/matrix"/>
    </animation>
    <animation id="mixamorig_L_B_skirt1-anim" name="mixamorig_L_B_skirt1">
      <source id="mixamorig_L_B_skirt1-Matrix-animation-input">
        <float_array id="mixamorig_L_B_skirt1-Matrix-animation-input-array" count="35">

0.000000 0.033333 0.066667 0.100000 0.133333 0.166667 0.200000 0.233333 0.266667 0.300000 0.333333 0.366667 0.400000 0.433333 0.466667 0.500000
0.533333 0.566667 0.600000 0.633333 0.666667 0.700000 0.733333 0.766667 0.800000 0.833333 0.866667 0.900000 0.933333 0.966667 1.000000 1.033333
1.066667 1.100000 1.133333</float_array>
        <technique_common>
          <accessor source="#mixamorig_L_B_skirt1-Matrix-animation-input-array" count="35">
            <param name="TIME" type="float"/>
          </accessor>
        </technique_common>
      </source>
      <source id="mixamorig_L_B_skirt1-Matrix-animation-output-transform">
        <float_array id="mixamorig_L_B_skirt1-Matrix-animation-output-transform-array" count="560">

0.111759 -0.000000 0.993735 18.448999 -0.993735 0.000000 0.111759 -4.216000 -0.000000 -1.000000 -0.000000 -0.295100 0.000000 0.000000 0.000000 1.000000
0.111759 -0.000000 0.993735 18.448999 -0.993735 0.000000 0.111759 -4.216000 0.000000 -1.000000 -0.000000 -0.295100 0.000000 0.000000 0.000000 1.000000
0.111759 0.000000 0.993735 18.448999 -0.993735 0.000000 0.111759 -4.216000 -0.000000 -1.000000 0.000000 -0.295100 0.000000 0.000000 0.000000 1.000000
0.111759 0.000000 0.993735 18.448999 -0.993735 0.000000 0.111759 -4.216000 -0.000000 -1.000000 0.000000 -0.295100 0.000000 0.000000 0.000000 1.000000
0.111759 0.000000 0.993735 18.448999 -0.993735 -0.000000 0.111759 -4.216000 0.000000 -1.000000 0.000000 -0.295100 0.000000 0.000000 0.000000 1.000000
0.111759 0.000000 0.993735 18.448999 -0.993735 0.000000 0.111759 -4.216000 0.000000 -1.000000 -0.000000 -0.295100 0.000000 0.000000 0.000000 1.000000
0.111759 -0.000000 0.993735 18.448999 -0.993735 -0.000000 0.111759 -4.216000 -0.000000 -1.000000 0.000000 -0.295100 0.000000 0.000000 0.000000 1.000000
0.111759 0.000000 0.993735 18.448999 -0.993735 0.000000 0.111759 -4.216000 0.000000 -1.000000 0.000000 -0.295100 0.000000 0.000000 0.000000 1.000000
0.111759 0.000000 0.993735 18.448999 -0.993735 0.000000 0.111759 -4.216000 -0.000000 -1.000000 0.000000 -0.295100 0.000000 0.000000 0.000000 1.000000
0.111759 0.000000 0.993735 18.448999 -0.993735 0.000000 0.111759 -4.216000 0.000000 -1.000000 0.000000 -0.295100 0.000000 0.000000 0.000000 1.000000
0.111759 0.000000 0.993735 18.448999 -0.993735 0.000000 0.111759 -4.216000 0.000000 -1.000000 0.000000 -0.295100 0.000000 0.000000 0.000000 1.000000
0.111759 0.000000 0.993735 18.448999 -0.993735 0.000000 0.111759 -4.216000 0.000000 -1.000000 0.000000 -0.295100 0.000000 0.000000 0.000000 1.000000
0.111759 -0.000000 0.993735 18.448999 -0.993735 0.000000 0.111759 -4.216000 0.000000 -1.000000 -0.000000 -0.295100 0.000000 0.000000 0.000000 1.000000
0.111759 -0.000000 0.993735 18.448999 -0.993735 0.000000 0.111759 -4.216000 0.000000 -1.000000 -0.000000 -0.295100 0.000000 0.000000 0.000000 1.000000
0.111759 0.000000 0.993735 18.448999 -0.993735 0.000000 0.111759 -4.216000 0.000000 -1.000000 0.000000 -0.295100 0.000000 0.000000 0.000000 1.000000
0.111759 0.000000 0.993735 18.448999 -0.993735 -0.000000 0.111759 -4.216000 -0.000000 -1.000000 -0.000000 -0.295100 0.000000 0.000000 0.000000 1.000000
0.111759 0.000000 0.993735 18.448999 -0.993735 0.000000 0.111759 -4.216000 -0.000000 -1.000000 -0.000000 -0.295100 0.000000 0.000000 0.000000 1.000000
0.111759 -0.000000 0.993735 18.448999 -0.993735 -0.000000 0.111759 -4.216000 0.000000 -1.000000 0.000000 -0.295100 0.000000 0.000000 0.000000 1.000000
0.111759 -0.000000 0.993735 18.448999 -0.993735 0.000000 0.111759 -4.216000 -0.000000 -1.000000 -0.000000 -0.295100 0.000000 0.000000 0.000000 1.000000
0.111759 0.000000 0.993735 18.448999 -0.993735 -0.000000 0.111759 -4.216000 0.000000 -1.000000 0.000000 -0.295100 0.000000 0.000000 0.000000 1.000000
0.111759 0.000000 0.993735 18.448999 -0.993735 -0.000000 0.111759 -4.216000 0.000000 -1.000000 0.000000 -0.295100 0.000000 0.000000 0.000000 1.000000
0.111759 0.000000 0.993735 18.448999 -0.993735 0.000000 0.111759 -4.216000 0.000000 -1.000000 0.000000 -0.295100 0.000000 0.000000 0.000000 1.000000
0.111759 0.000000 0.993735 18.448999 -0.993735 -0.000000 0.111759 -4.216000 0.000000 -1.000000 0.000000 -0.295100 0.000000 0.000000 0.000000 1.000000
0.111759 0.000000 0.993735 18.448999 -0.993735 -0.000000 0.111759 -4.216000 0.000000 -1.000000 0.000000 -0.295100 0.000000 0.000000 0.000000 1.000000
0.111759 0.000000 0.993735 18.448999 -0.993735 0.000000 0.111759 -4.216000 0.000000 -1.000000 0.000000 -0.295100 0.000000 0.000000 0.000000 1.000000
0.111759 0.000000 0.993735 18.448999 -0.993735 0.000000 0.111759 -4.216000 -0.000000 -1.000000 -0.000000 -0.295100 0.000000 0.000000 0.000000 1.000000
0.111759 0.000000 0.993735 18.448999 -0.993735 0.000000 0.111759 -4.216000 0.000000 -1.000000 0.000000 -0.295100 0.000000 0.000000 0.000000 1.000000
0.111759 0.000000 0.993735 18.448999 -0.993735 0.000000 0.111759 -4.216000 -0.000000 -1.000000 0.000000 -0.295100 0.000000 0.000000 0.000000 1.000000
0.111759 0.000000 0.993735 18.448999 -0.993735 0.000000 0.111759 -4.216000 0.000000 -1.000000 0.000000 -0.295100 0.000000 0.000000 0.000000 1.000000
0.111759 -0.000000 0.993735 18.448999 -0.993735 0.000000 0.111759 -4.216000 -0.000000 -1.000000 0.000000 -0.295100 0.000000 0.000000 0.000000 1.000000
0.111759 0.000000 0.993735 18.448999 -0.993735 0.000000 0.111759 -4.216000 0.000000 -1.000000 0.000000 -0.295100 0.000000 0.000000 0.000000 1.000000
0.111759 0.000000 0.993735 18.448999 -0.993735 0.000000 0.111759 -4.216000 0.000000 -1.000000 0.000000 -0.295100 0.000000 0.000000 0.000000 1.000000
0.111759 -0.000000 0.993735 18.448999 -0.993735 0.000000 0.111759 -4.216000 -0.000000 -1.000000 0.000000 -0.295100 0.000000 0.000000 0.000000 1.000000
0.111759 0.000000 0.993735 18.448999 -0.993735 -0.000000 0.111759 -4.216000 -0.000000 -1.000000 0.000000 -0.295100 0.000000 0.000000 0.000000 1.000000
0.111759 0.000000 0.993735 18.448999 -0.993735 0.000000 0.111759 -4.216000 0.000000 -1.000000 0.000000 -0.295100 0.000000 0.000000 0.000000 1.000000</float_array>
        <technique_common>
          <accessor source="#mixamorig_L_B_skirt1-Matrix-animation-output-transform-array" count="35" stride="16">
            <param type="float4x4"/>
          </accessor>
        </technique_common>
      </source>
      <source id="mixamorig_L_B_skirt1-Interpolations">
        <Name_array id="mixamorig_L_B_skirt1-Interpolations-array" count="35">
 LINEAR LINEAR LINEAR LINEAR LINEAR LINEAR LINEAR LINEAR LINEAR LINEAR LINEAR
LINEAR LINEAR LINEAR LINEAR LINEAR LINEAR LINEAR LINEAR LINEAR LINEAR LINEAR LINEAR
LINEAR LINEAR LINEAR LINEAR LINEAR LINEAR LINEAR LINEAR LINEAR LINEAR LINEAR LINEAR</Name_array>
        <technique_common>
          <accessor source="#mixamorig_L_B_skirt1-Interpolations-array" count="35">
            <param type="name"/>
          </accessor>
        </technique_common>
      </source>
      <sampler id="mixamorig_L_B_skirt1-Matrix-animation-transform">
        <input semantic="INPUT" source="#mixamorig_L_B_skirt1-Matrix-animation-input"/>
        <input semantic="OUTPUT" source="#mixamorig_L_B_skirt1-Matrix-animation-output-transform"/>
        <input semantic="INTERPOLATION" source="#mixamorig_L_B_skirt1-Interpolations"/>
      </sampler>
      <channel source="#mixamorig_L_B_skirt1-Matrix-animation-transform" target="mixamorig_L_B_skirt1/matrix"/>
    </animation>
    <animation id="mixamorig_L_B_skirt2-anim" name="mixamorig_L_B_skirt2">
      <source id="mixamorig_L_B_skirt2-Matrix-animation-input">
        <float_array id="mixamorig_L_B_skirt2-Matrix-animation-input-array" count="35">

0.000000 0.033333 0.066667 0.100000 0.133333 0.166667 0.200000 0.233333 0.266667 0.300000 0.333333 0.366667 0.400000 0.433333 0.466667 0.500000
0.533333 0.566667 0.600000 0.633333 0.666667 0.700000 0.733333 0.766667 0.800000 0.833333 0.866667 0.900000 0.933333 0.966667 1.000000 1.033333
1.066667 1.100000 1.133333</float_array>
        <technique_common>
          <accessor source="#mixamorig_L_B_skirt2-Matrix-animation-input-array" count="35">
            <param name="TIME" type="float"/>
          </accessor>
        </technique_common>
      </source>
      <source id="mixamorig_L_B_skirt2-Matrix-animation-output-transform">
        <float_array id="mixamorig_L_B_skirt2-Matrix-animation-output-transform-array" count="560">

1.000000 0.000000 -0.000000 27.000000 0.000000 1.000000 0.000000 0.000000 -0.000000 0.000000 1.000000 0.000000 0.000000 0.000000 0.000000 1.000000
1.000000 0.000000 -0.000000 27.000000 -0.000000 1.000000 -0.000000 0.000000 0.000000 0.000000 1.000000 0.000000 0.000000 0.000000 0.000000 1.000000
1.000000 0.000000 0.000000 27.000000 -0.000000 1.000000 0.000000 0.000000 -0.000000 0.000000 1.000000 0.000000 0.000000 0.000000 0.000000 1.000000
1.000000 0.000000 0.000000 27.000000 0.000000 1.000000 0.000000 0.000000 -0.000000 -0.000000 1.000000 0.000000 0.000000 0.000000 0.000000 1.000000
1.000000 0.000000 0.000000 27.000000 -0.000000 1.000000 -0.000000 0.000000 0.000000 0.000000 1.000000 0.000000 0.000000 0.000000 0.000000 1.000000
1.000000 0.000000 0.000000 27.000000 0.000000 1.000000 0.000000 -0.000000 0.000000 -0.000000 1.000000 -0.000000 0.000000 0.000000 0.000000 1.000000
1.000000 0.000000 0.000000 27.000000 -0.000000 1.000000 0.000000 0.000000 -0.000000 0.000000 1.000000 -0.000000 0.000000 0.000000 0.000000 1.000000
1.000000 0.000000 -0.000000 27.000000 -0.000000 1.000000 -0.000000 -0.000000 -0.000000 -0.000000 1.000000 0.000000 0.000000 0.000000 0.000000 1.000000
1.000000 0.000000 -0.000000 27.000000 0.000000 1.000000 -0.000000 0.000000 0.000000 -0.000000 1.000000 0.000000 0.000000 0.000000 0.000000 1.000000
1.000000 0.000000 0.000000 27.000000 0.000000 1.000000 0.000000 0.000000 0.000000 0.000000 1.000000 0.000000 0.000000 0.000000 0.000000 1.000000
1.000000 -0.000000 0.000000 27.000000 0.000000 1.000000 0.000000 -0.000000 0.000000 0.000000 1.000000 0.000000 0.000000 0.000000 0.000000 1.000000
1.000000 -0.000000 0.000000 27.000000 0.000000 1.000000 0.000000 -0.000000 0.000000 0.000000 1.000000 -0.000000 0.000000 0.000000 0.000000 1.000000
1.000000 0.000000 0.000000 27.000000 0.000000 1.000000 0.000000 -0.000000 0.000000 0.000000 1.000000 -0.000000 0.000000 0.000000 0.000000 1.000000
1.000000 0.000000 0.000000 27.000000 -0.000000 1.000000 -0.000000 0.000000 -0.000000 -0.000000 1.000000 0.000000 0.000000 0.000000 0.000000 1.000000
1.000000 0.000000 -0.000000 27.000000 -0.000000 1.000000 0.000000 -0.000000 -0.000000 0.000000 1.000000 0.000000 0.000000 0.000000 0.000000 1.000000
1.000000 0.000000 -0.000000 27.000000 -0.000000 1.000000 0.000000 -0.000000 0.000000 -0.000000 1.000000 0.000000 0.000000 0.000000 0.000000 1.000000
1.000000 0.000000 0.000000 27.000000 0.000000 1.000000 0.000000 0.000000 -0.000000 -0.000000 1.000000 -0.000000 0.000000 0.000000 0.000000 1.000000
1.000000 0.000000 -0.000000 27.000000 0.000000 1.000000 -0.000000 0.000000 -0.000000 -0.000000 1.000000 0.000000 0.000000 0.000000 0.000000 1.000000
1.000000 -0.000000 0.000000 27.000000 0.000000 1.000000 -0.000000 0.000000 -0.000000 0.000000 1.000000 -0.000000 0.000000 0.000000 0.000000 1.000000
1.000000 -0.000000 0.000000 27.000000 0.000000 1.000000 -0.000000 0.000000 0.000000 0.000000 1.000000 -0.000000 0.000000 0.000000 0.000000 1.000000
1.000000 -0.000000 -0.000000 27.000000 0.000000 1.000000 -0.000000 -0.000000 -0.000000 -0.000000 1.000000 0.000000 0.000000 0.000000 0.000000 1.000000
1.000000 0.000000 -0.000000 27.000000 0.000000 1.000000 0.000000 0.000000 -0.000000 0.000000 1.000000 0.000000 0.000000 0.000000 0.000000 1.000000
1.000000 0.000000 -0.000000 27.000000 0.000000 1.000000 0.000000 0.000000 -0.000000 0.000000 1.000000 0.000000 0.000000 0.000000 0.000000 1.000000
1.000000 0.000000 0.000000 27.000000 -0.000000 1.000000 -0.000000 0.000000 -0.000000 -0.000000 1.000000 0.000000 0.000000 0.000000 0.000000 1.000000
1.000000 -0.000000 0.000000 27.000000 -0.000000 1.000000 0.000000 -0.000000 0.000000 0.000000 1.000000 0.000000 0.000000 0.000000 0.000000 1.000000
1.000000 0.000000 0.000000 27.000000 0.000000 1.000000 -0.000000 0.000000 -0.000000 -0.000000 1.000000 -0.000000 0.000000 0.000000 0.000000 1.000000
1.000000 0.000000 0.000000 27.000000 -0.000000 1.000000 0.000000 -0.000000 0.000000 0.000000 1.000000 -0.000000 0.000000 0.000000 0.000000 1.000000
1.000000 0.000000 -0.000000 27.000000 0.000000 1.000000 0.000000 -0.000000 -0.000000 0.000000 1.000000 0.000000 0.000000 0.000000 0.000000 1.000000
1.000000 0.000000 0.000000 27.000000 -0.000000 1.000000 0.000000 0.000000 -0.000000 0.000000 1.000000 0.000000 0.000000 0.000000 0.000000 1.000000
1.000000 -0.000000 0.000000 27.000000 0.000000 1.000000 0.000000 0.000000 0.000000 -0.000000 1.000000 0.000000 0.000000 0.000000 0.000000 1.000000
1.000000 0.000000 0.000000 27.000000 0.000000 1.000000 0.000000 -0.000000 -0.000000 0.000000 1.000000 0.000000 0.000000 0.000000 0.000000 1.000000
1.000000 0.000000 -0.000000 27.000000 0.000000 1.000000 0.000000 0.000000 0.000000 0.000000 1.000000 -0.000000 0.000000 0.000000 0.000000 1.000000
1.000000 -0.000000 0.000000 27.000000 0.000000 1.000000 0.000000 -0.000000 0.000000 -0.000000 1.000000 0.000000 0.000000 0.000000 0.000000 1.000000
1.000000 -0.000000 0.000000 27.000000 0.000000 1.000000 0.000000 0.000000 -0.000000 -0.000000 1.000000 0.000000 0.000000 0.000000 0.000000 1.000000
1.000000 0.000000 0.000000 27.000000 -0.000000 1.000000 -0.000000 -0.000000 0.000000 0.000000 1.000000 0.000000 0.000000 0.000000 0.000000 1.000000</float_array>
        <technique_common>
          <accessor source="#mixamorig_L_B_skirt2-Matrix-animation-output-transform-array" count="35" stride="16">
            <param type="float4x4"/>
          </accessor>
        </technique_common>
      </source>
      <source id="mixamorig_L_B_skirt2-Interpolations">
        <Name_array id="mixamorig_L_B_skirt2-Interpolations-array" count="35">
 LINEAR LINEAR LINEAR LINEAR LINEAR LINEAR LINEAR LINEAR LINEAR LINEAR LINEAR
LINEAR LINEAR LINEAR LINEAR LINEAR LINEAR LINEAR LINEAR LINEAR LINEAR LINEAR LINEAR
LINEAR LINEAR LINEAR LINEAR LINEAR LINEAR LINEAR LINEAR LINEAR LINEAR LINEAR LINEAR</Name_array>
        <technique_common>
          <accessor source="#mixamorig_L_B_skirt2-Interpolations-array" count="35">
            <param type="name"/>
          </accessor>
        </technique_common>
      </source>
      <sampler id="mixamorig_L_B_skirt2-Matrix-animation-transform">
        <input semantic="INPUT" source="#mixamorig_L_B_skirt2-Matrix-animation-input"/>
        <input semantic="OUTPUT" source="#mixamorig_L_B_skirt2-Matrix-animation-output-transform"/>
        <input semantic="INTERPOLATION" source="#mixamorig_L_B_skirt2-Interpolations"/>
      </sampler>
      <channel source="#mixamorig_L_B_skirt2-Matrix-animation-transform" target="mixamorig_L_B_skirt2/matrix"/>
    </animation>
    <animation id="mixamorig_L_B_skirt3-anim" name="mixamorig_L_B_skirt3">
      <source id="mixamorig_L_B_skirt3-Matrix-animation-input">
        <float_array id="mixamorig_L_B_skirt3-Matrix-animation-input-array" count="35">

0.000000 0.033333 0.066667 0.100000 0.133333 0.166667 0.200000 0.233333 0.266667 0.300000 0.333333 0.366667 0.400000 0.433333 0.466667 0.500000
0.533333 0.566667 0.600000 0.633333 0.666667 0.700000 0.733333 0.766667 0.800000 0.833333 0.866667 0.900000 0.933333 0.966667 1.000000 1.033333
1.066667 1.100000 1.133333</float_array>
        <technique_common>
          <accessor source="#mixamorig_L_B_skirt3-Matrix-animation-input-array" count="35">
            <param name="TIME" type="float"/>
          </accessor>
        </technique_common>
      </source>
      <source id="mixamorig_L_B_skirt3-Matrix-animation-output-transform">
        <float_array id="mixamorig_L_B_skirt3-Matrix-animation-output-transform-array" count="560">

1.000000 0.000000 -0.000000 27.000000 0.000000 1.000000 0.000000 0.000000 0.000000 0.000000 1.000000 0.000000 0.000000 0.000000 0.000000 1.000000
1.000000 -0.000000 -0.000000 27.000000 -0.000000 1.000000 -0.000000 0.000000 0.000000 0.000000 1.000000 -0.000000 0.000000 0.000000 0.000000 1.000000
1.000000 0.000000 -0.000000 27.000000 -0.000000 1.000000 0.000000 -0.000000 -0.000000 0.000000 1.000000 0.000000 0.000000 0.000000 0.000000 1.000000
1.000000 0.000000 0.000000 27.000000 -0.000000 1.000000 -0.000000 0.000000 0.000000 0.000000 1.000000 0.000000 0.000000 0.000000 0.000000 1.000000
1.000000 0.000000 0.000000 27.000000 0.000000 1.000000 0.000000 -0.000000 0.000000 0.000000 1.000000 0.000000 0.000000 0.000000 0.000000 1.000000
1.000000 0.000000 -0.000000 27.000000 -0.000000 1.000000 0.000000 -0.000000 0.000000 -0.000000 1.000000 0.000000 0.000000 0.000000 0.000000 1.000000
1.000000 0.000000 -0.000000 27.000000 -0.000000 1.000000 -0.000000 0.000000 -0.000000 0.000000 1.000000 0.000000 0.000000 0.000000 0.000000 1.000000
1.000000 0.000000 -0.000000 27.000000 0.000000 1.000000 0.000000 0.000000 -0.000000 0.000000 1.000000 0.000000 0.000000 0.000000 0.000000 1.000000
1.000000 0.000000 0.000000 27.000000 0.000000 1.000000 -0.000000 0.000000 0.000000 -0.000000 1.000000 -0.000000 0.000000 0.000000 0.000000 1.000000
1.000000 -0.000000 0.000000 27.000000 -0.000000 1.000000 0.000000 0.000000 0.000000 0.000000 1.000000 0.000000 0.000000 0.000000 0.000000 1.000000
1.000000 -0.000000 0.000000 27.000000 0.000000 1.000000 0.000000 -0.000000 -0.000000 0.000000 1.000000 -0.000000 0.000000 0.000000 0.000000 1.000000
1.000000 -0.000000 0.000000 27.000000 0.000000 1.000000 0.000000 0.000000 0.000000 -0.000000 1.000000 0.000000 0.000000 0.000000 0.000000 1.000000
1.000000 0.000000 0.000000 27.000000 -0.000000 1.000000 -0.000000 0.000000 0.000000 0.000000 1.000000 0.000000 0.000000 0.000000 0.000000 1.000000
1.000000 0.000000 -0.000000 27.000000 -0.000000 1.000000 -0.000000 -0.000000 -0.000000 -0.000000 1.000000 -0.000000 0.000000 0.000000 0.000000 1.000000
1.000000 0.000000 0.000000 27.000000 -0.000000 1.000000 -0.000000 0.000000 -0.000000 -0.000000 1.000000 0.000000 0.000000 0.000000 0.000000 1.000000
1.000000 0.000000 0.000000 27.000000 0.000000 1.000000 0.000000 -0.000000 -0.000000 0.000000 1.000000 0.000000 0.000000 0.000000 0.000000 1.000000
1.000000 0.000000 0.000000 27.000000 0.000000 1.000000 0.000000 -0.000000 0.000000 -0.000000 1.000000 0.000000 0.000000 0.000000 0.000000 1.000000
1.000000 0.000000 0.000000 27.000000 0.000000 1.000000 0.000000 0.000000 -0.000000 0.000000 1.000000 0.000000 0.000000 0.000000 0.000000 1.000000
1.000000 -0.000000 -0.000000 27.000000 -0.000000 1.000000 -0.000000 0.000000 0.000000 0.000000 1.000000 0.000000 0.000000 0.000000 0.000000 1.000000
1.000000 0.000000 0.000000 27.000000 0.000000 1.000000 -0.000000 0.000000 -0.000000 0.000000 1.000000 0.000000 0.000000 0.000000 0.000000 1.000000
1.000000 -0.000000 0.000000 27.000000 0.000000 1.000000 0.000000 0.000000 -0.000000 -0.000000 1.000000 -0.000000 0.000000 0.000000 0.000000 1.000000
1.000000 0.000000 -0.000000 27.000000 0.000000 1.000000 0.000000 0.000000 -0.000000 -0.000000 1.000000 -0.000000 0.000000 0.000000 0.000000 1.000000
1.000000 0.000000 -0.000000 27.000000 0.000000 1.000000 0.000000 0.000000 0.000000 0.000000 1.000000 0.000000 0.000000 0.000000 0.000000 1.000000
1.000000 0.000000 -0.000000 27.000000 -0.000000 1.000000 -0.000000 0.000000 -0.000000 -0.000000 1.000000 0.000000 0.000000 0.000000 0.000000 1.000000
1.000000 0.000000 0.000000 27.000000 -0.000000 1.000000 -0.000000 0.000000 0.000000 0.000000 1.000000 0.000000 0.000000 0.000000 0.000000 1.000000
1.000000 -0.000000 -0.000000 27.000000 0.000000 1.000000 -0.000000 0.000000 -0.000000 -0.000000 1.000000 0.000000 0.000000 0.000000 0.000000 1.000000
1.000000 -0.000000 0.000000 27.000000 -0.000000 1.000000 -0.000000 0.000000 0.000000 0.000000 1.000000 -0.000000 0.000000 0.000000 0.000000 1.000000
1.000000 0.000000 -0.000000 27.000000 0.000000 1.000000 0.000000 0.000000 -0.000000 -0.000000 1.000000 0.000000 0.000000 0.000000 0.000000 1.000000
1.000000 0.000000 0.000000 27.000000 -0.000000 1.000000 0.000000 -0.000000 -0.000000 0.000000 1.000000 0.000000 0.000000 0.000000 0.000000 1.000000
1.000000 0.000000 0.000000 27.000000 -0.000000 1.000000 -0.000000 0.000000 0.000000 0.000000 1.000000 0.000000 0.000000 0.000000 0.000000 1.000000
1.000000 -0.000000 0.000000 27.000000 0.000000 1.000000 0.000000 0.000000 -0.000000 -0.000000 1.000000 0.000000 0.000000 0.000000 0.000000 1.000000
1.000000 0.000000 0.000000 27.000000 0.000000 1.000000 0.000000 -0.000000 0.000000 0.000000 1.000000 0.000000 0.000000 0.000000 0.000000 1.000000
1.000000 0.000000 -0.000000 27.000000 0.000000 1.000000 0.000000 -0.000000 0.000000 -0.000000 1.000000 -0.000000 0.000000 0.000000 0.000000 1.000000
1.000000 0.000000 0.000000 27.000000 0.000000 1.000000 0.000000 0.000000 0.000000 -0.000000 1.000000 0.000000 0.000000 0.000000 0.000000 1.000000
1.000000 0.000000 0.000000 27.000000 -0.000000 1.000000 -0.000000 0.000000 -0.000000 0.000000 1.000000 0.000000 0.000000 0.000000 0.000000 1.000000</float_array>
        <technique_common>
          <accessor source="#mixamorig_L_B_skirt3-Matrix-animation-output-transform-array" count="35" stride="16">
            <param type="float4x4"/>
          </accessor>
        </technique_common>
      </source>
      <source id="mixamorig_L_B_skirt3-Interpolations">
        <Name_array id="mixamorig_L_B_skirt3-Interpolations-array" count="35">
 LINEAR LINEAR LINEAR LINEAR LINEAR LINEAR LINEAR LINEAR LINEAR LINEAR LINEAR
LINEAR LINEAR LINEAR LINEAR LINEAR LINEAR LINEAR LINEAR LINEAR LINEAR LINEAR LINEAR
LINEAR LINEAR LINEAR LINEAR LINEAR LINEAR LINEAR LINEAR LINEAR LINEAR LINEAR LINEAR</Name_array>
        <technique_common>
          <accessor source="#mixamorig_L_B_skirt3-Interpolations-array" count="35">
            <param type="name"/>
          </accessor>
        </technique_common>
      </source>
      <sampler id="mixamorig_L_B_skirt3-Matrix-animation-transform">
        <input semantic="INPUT" source="#mixamorig_L_B_skirt3-Matrix-animation-input"/>
        <input semantic="OUTPUT" source="#mixamorig_L_B_skirt3-Matrix-animation-output-transform"/>
        <input semantic="INTERPOLATION" source="#mixamorig_L_B_skirt3-Interpolations"/>
      </sampler>
      <channel source="#mixamorig_L_B_skirt3-Matrix-animation-transform" target="mixamorig_L_B_skirt3/matrix"/>
    </animation>
    <animation id="mixamorig_L_C_skirt1-anim" name="mixamorig_L_C_skirt1">
      <source id="mixamorig_L_C_skirt1-Matrix-animation-input">
        <float_array id="mixamorig_L_C_skirt1-Matrix-animation-input-array" count="35">

0.000000 0.033333 0.066667 0.100000 0.133333 0.166667 0.200000 0.233333 0.266667 0.300000 0.333333 0.366667 0.400000 0.433333 0.466667 0.500000
0.533333 0.566667 0.600000 0.633333 0.666667 0.700000 0.733333 0.766667 0.800000 0.833333 0.866667 0.900000 0.933333 0.966667 1.000000 1.033333
1.066667 1.100000 1.133333</float_array>
        <technique_common>
          <accessor source="#mixamorig_L_C_skirt1-Matrix-animation-input-array" count="35">
            <param name="TIME" type="float"/>
          </accessor>
        </technique_common>
      </source>
      <source id="mixamorig_L_C_skirt1-Matrix-animation-output-transform">
        <float_array id="mixamorig_L_C_skirt1-Matrix-animation-output-transform-array" count="560">

0.023939 -0.971540 0.235663 7.049900 -0.998221 -0.010354 0.058718 -6.149500 -0.054607 -0.236649 -0.970059 -15.762800 0.000000 0.000000 0.000000 1.000000
0.023939 -0.971540 0.235663 7.049900 -0.998221 -0.010354 0.058718 -6.149500 -0.054607 -0.236649 -0.970059 -15.762800 0.000000 0.000000 0.000000 1.000000
0.023939 -0.971540 0.235663 7.049900 -0.998221 -0.010354 0.058718 -6.149500 -0.054607 -0.236649 -0.970059 -15.762800 0.000000 0.000000 0.000000 1.000000
0.023939 -0.971540 0.235663 7.049900 -0.998221 -0.010354 0.058718 -6.149500 -0.054607 -0.236649 -0.970059 -15.762800 0.000000 0.000000 0.000000 1.000000
0.023939 -0.971540 0.235663 7.049900 -0.998221 -0.010354 0.058718 -6.149500 -0.054607 -0.236649 -0.970059 -15.762800 0.000000 0.000000 0.000000 1.000000
0.023939 -0.971540 0.235663 7.049900 -0.998221 -0.010354 0.058718 -6.149500 -0.054607 -0.236649 -0.970059 -15.762800 0.000000 0.000000 0.000000 1.000000
0.023939 -0.971540 0.235663 7.049900 -0.998221 -0.010354 0.058718 -6.149500 -0.054607 -0.236649 -0.970059 -15.762800 0.000000 0.000000 0.000000 1.000000
0.023939 -0.971540 0.235663 7.049900 -0.998221 -0.010354 0.058718 -6.149500 -0.054607 -0.236649 -0.970059 -15.762800 0.000000 0.000000 0.000000 1.000000
0.023939 -0.971540 0.235663 7.049900 -0.998221 -0.010354 0.058718 -6.149500 -0.054607 -0.236649 -0.970059 -15.762800 0.000000 0.000000 0.000000 1.000000
0.023939 -0.971540 0.235663 7.049900 -0.998221 -0.010354 0.058718 -6.149500 -0.054607 -0.236649 -0.970059 -15.762800 0.000000 0.000000 0.000000 1.000000
0.023939 -0.971540 0.235663 7.049900 -0.998221 -0.010354 0.058718 -6.149500 -0.054607 -0.236649 -0.970059 -15.762800 0.000000 0.000000 0.000000 1.000000
0.023939 -0.971540 0.235663 7.049900 -0.998221 -0.010354 0.058718 -6.149500 -0.054607 -0.236649 -0.970059 -15.762800 0.000000 0.000000 0.000000 1.000000
0.023939 -0.971540 0.235663 7.049900 -0.998221 -0.010354 0.058718 -6.149500 -0.054607 -0.236649 -0.970059 -15.762800 0.000000 0.000000 0.000000 1.000000
0.023939 -0.971540 0.235663 7.049900 -0.998221 -0.010354 0.058718 -6.149500 -0.054607 -0.236649 -0.970059 -15.762800 0.000000 0.000000 0.000000 1.000000
0.023939 -0.971540 0.235663 7.049900 -0.998221 -0.010354 0.058718 -6.149500 -0.054607 -0.236649 -0.970059 -15.762800 0.000000 0.000000 0.000000 1.000000
0.023939 -0.971540 0.235663 7.049900 -0.998221 -0.010354 0.058718 -6.149500 -0.054607 -0.236649 -0.970059 -15.762800 0.000000 0.000000 0.000000 1.000000
0.023939 -0.971540 0.235663 7.049900 -0.998221 -0.010354 0.058718 -6.149500 -0.054607 -0.236649 -0.970059 -15.762800 0.000000 0.000000 0.000000 1.000000
0.023939 -0.971540 0.235663 7.049900 -0.998221 -0.010354 0.058718 -6.149500 -0.054607 -0.236649 -0.970059 -15.762800 0.000000 0.000000 0.000000 1.000000
0.023939 -0.971540 0.235663 7.049900 -0.998221 -0.010354 0.058718 -6.149500 -0.054607 -0.236649 -0.970059 -15.762800 0.000000 0.000000 0.000000 1.000000
0.023939 -0.971540 0.235663 7.049900 -0.998221 -0.010354 0.058718 -6.149500 -0.054607 -0.236649 -0.970059 -15.762800 0.000000 0.000000 0.000000 1.000000
0.023939 -0.971540 0.235663 7.049900 -0.998221 -0.010354 0.058718 -6.149500 -0.054607 -0.236649 -0.970059 -15.762800 0.000000 0.000000 0.000000 1.000000
0.023939 -0.971540 0.235663 7.049900 -0.998221 -0.010354 0.058718 -6.149500 -0.054607 -0.236649 -0.970059 -15.762800 0.000000 0.000000 0.000000 1.000000
0.023939 -0.971540 0.235663 7.049900 -0.998221 -0.010354 0.058718 -6.149500 -0.054607 -0.236649 -0.970059 -15.762800 0.000000 0.000000 0.000000 1.000000
0.023939 -0.971540 0.235663 7.049900 -0.998221 -0.010354 0.058718 -6.149500 -0.054607 -0.236649 -0.970059 -15.762800 0.000000 0.000000 0.000000 1.000000
0.023939 -0.971540 0.235663 7.049900 -0.998221 -0.010354 0.058718 -6.149500 -0.054607 -0.236649 -0.970059 -15.762800 0.000000 0.000000 0.000000 1.000000
0.023939 -0.971540 0.235663 7.049900 -0.998221 -0.010354 0.058718 -6.149500 -0.054607 -0.236649 -0.970059 -15.762800 0.000000 0.000000 0.000000 1.000000
0.023939 -0.971540 0.235663 7.049900 -0.998221 -0.010354 0.058718 -6.149500 -0.054607 -0.236649 -0.970059 -15.762800 0.000000 0.000000 0.000000 1.000000
0.023939 -0.971540 0.235663 7.049900 -0.998221 -0.010354 0.058718 -6.149500 -0.054607 -0.236649 -0.970059 -15.762800 0.000000 0.000000 0.000000 1.000000
0.023939 -0.971540 0.235663 7.049900 -0.998221 -0.010354 0.058718 -6.149500 -0.054607 -0.236649 -0.970059 -15.762800 0.000000 0.000000 0.000000 1.000000
0.023939 -0.971540 0.235663 7.049900 -0.998221 -0.010354 0.058718 -6.149500 -0.054607 -0.236649 -0.970059 -15.762800 0.000000 0.000000 0.000000 1.000000
0.023939 -0.971540 0.235663 7.049900 -0.998221 -0.010354 0.058718 -6.149500 -0.054607 -0.236649 -0.970059 -15.762800 0.000000 0.000000 0.000000 1.000000
0.023939 -0.971540 0.235663 7.049900 -0.998221 -0.010354 0.058718 -6.149500 -0.054607 -0.236649 -0.970059 -15.762800 0.000000 0.000000 0.000000 1.000000
0.023939 -0.971540 0.235663 7.049900 -0.998221 -0.010354 0.058718 -6.149500 -0.054607 -0.236649 -0.970059 -15.762800 0.000000 0.000000 0.000000 1.000000
0.023939 -0.971540 0.235663 7.049900 -0.998221 -0.010354 0.058718 -6.149500 -0.054607 -0.236649 -0.970059 -15.762800 0.000000 0.000000 0.000000 1.000000
0.023939 -0.971540 0.235663 7.049900 -0.998221 -0.010354 0.058718 -6.149500 -0.054607 -0.236649 -0.970059 -15.762800 0.000000 0.000000 0.000000 1.000000</float_array>
        <technique_common>
          <accessor source="#mixamorig_L_C_skirt1-Matrix-animation-output-transform-array" count="35" stride="16">
            <param type="float4x4"/>
          </accessor>
        </technique_common>
      </source>
      <source id="mixamorig_L_C_skirt1-Interpolations">
        <Name_array id="mixamorig_L_C_skirt1-Interpolations-array" count="35">
 LINEAR LINEAR LINEAR LINEAR LINEAR LINEAR LINEAR LINEAR LINEAR LINEAR LINEAR
LINEAR LINEAR LINEAR LINEAR LINEAR LINEAR LINEAR LINEAR LINEAR LINEAR LINEAR LINEAR
LINEAR LINEAR LINEAR LINEAR LINEAR LINEAR LINEAR LINEAR LINEAR LINEAR LINEAR LINEAR</Name_array>
        <technique_common>
          <accessor source="#mixamorig_L_C_skirt1-Interpolations-array" count="35">
            <param type="name"/>
          </accessor>
        </technique_common>
      </source>
      <sampler id="mixamorig_L_C_skirt1-Matrix-animation-transform">
        <input semantic="INPUT" source="#mixamorig_L_C_skirt1-Matrix-animation-input"/>
        <input semantic="OUTPUT" source="#mixamorig_L_C_skirt1-Matrix-animation-output-transform"/>
        <input semantic="INTERPOLATION" source="#mixamorig_L_C_skirt1-Interpolations"/>
      </sampler>
      <channel source="#mixamorig_L_C_skirt1-Matrix-animation-transform" target="mixamorig_L_C_skirt1/matrix"/>
    </animation>
    <animation id="mixamorig_L_C_skirt2-anim" name="mixamorig_L_C_skirt2">
      <source id="mixamorig_L_C_skirt2-Matrix-animation-input">
        <float_array id="mixamorig_L_C_skirt2-Matrix-animation-input-array" count="35">

0.000000 0.033333 0.066667 0.100000 0.133333 0.166667 0.200000 0.233333 0.266667 0.300000 0.333333 0.366667 0.400000 0.433333 0.466667 0.500000
0.533333 0.566667 0.600000 0.633333 0.666667 0.700000 0.733333 0.766667 0.800000 0.833333 0.866667 0.900000 0.933333 0.966667 1.000000 1.033333
1.066667 1.100000 1.133333</float_array>
        <technique_common>
          <accessor source="#mixamorig_L_C_skirt2-Matrix-animation-input-array" count="35">
            <param name="TIME" type="float"/>
          </accessor>
        </technique_common>
      </source>
      <source id="mixamorig_L_C_skirt2-Matrix-animation-output-transform">
        <float_array id="mixamorig_L_C_skirt2-Matrix-animation-output-transform-array" count="560">

1.000000 0.000000 0.000000 28.000000 0.000000 1.000000 0.000000 -0.000000 0.000000 -0.000000 1.000000 -0.000000 0.000000 0.000000 0.000000 1.000000
1.000000 0.000000 -0.000000 28.000000 -0.000000 1.000000 0.000000 -0.000000 0.000000 -0.000000 1.000000 0.000000 0.000000 0.000000 0.000000 1.000000
1.000000 0.000000 0.000000 28.000000 0.000000 1.000000 0.000000 0.000000 0.000000 0.000000 1.000000 0.000000 0.000000 0.000000 0.000000 1.000000
1.000000 0.000000 0.000000 28.000000 0.000000 1.000000 0.000000 0.000000 -0.000000 -0.000000 1.000000 0.000000 0.000000 0.000000 0.000000 1.000000
1.000000 0.000000 0.000000 28.000000 0.000000 1.000000 0.000000 -0.000000 -0.000000 -0.000000 1.000000 0.000000 0.000000 0.000000 0.000000 1.000000
1.000000 0.000000 0.000000 28.000000 0.000000 1.000000 0.000000 -0.000000 0.000000 0.000000 1.000000 0.000000 0.000000 0.000000 0.000000 1.000000
1.000000 -0.000000 0.000000 28.000000 -0.000000 1.000000 0.000000 0.000000 -0.000000 0.000000 1.000000 0.000000 0.000000 0.000000 0.000000 1.000000
1.000000 0.000000 -0.000000 28.000000 0.000000 1.000000 -0.000000 0.000000 0.000000 0.000000 1.000000 0.000000 0.000000 0.000000 0.000000 1.000000
1.000000 -0.000000 -0.000000 28.000000 -0.000000 1.000000 -0.000000 0.000000 -0.000000 0.000000 1.000000 0.000000 0.000000 0.000000 0.000000 1.000000
1.000000 0.000000 -0.000000 28.000000 0.000000 1.000000 0.000000 -0.000000 0.000000 0.000000 1.000000 -0.000000 0.000000 0.000000 0.000000 1.000000
1.000000 0.000000 -0.000000 28.000000 0.000000 1.000000 0.000000 0.000000 -0.000000 -0.000000 1.000000 0.000000 0.000000 0.000000 0.000000 1.000000
1.000000 -0.000000 0.000000 28.000000 -0.000000 1.000000 -0.000000 0.000000 -0.000000 0.000000 1.000000 0.000000 0.000000 0.000000 0.000000 1.000000
1.000000 -0.000000 0.000000 28.000000 0.000000 1.000000 -0.000000 0.000000 0.000000 0.000000 1.000000 0.000000 0.000000 0.000000 0.000000 1.000000
1.000000 -0.000000 0.000000 28.000000 0.000000 1.000000 0.000000 0.000000 0.000000 -0.000000 1.000000 0.000000 0.000000 0.000000 0.000000 1.000000
1.000000 -0.000000 0.000000 28.000000 0.000000 1.000000 -0.000000 0.000000 -0.000000 0.000000 1.000000 0.000000 0.000000 0.000000 0.000000 1.000000
1.000000 -0.000000 -0.000000 28.000000 0.000000 1.000000 0.000000 0.000000 0.000000 -0.000000 1.000000 0.000000 0.000000 0.000000 0.000000 1.000000
1.000000 0.000000 0.000000 28.000000 0.000000 1.000000 0.000000 -0.000000 0.000000 0.000000 1.000000 0.000000 0.000000 0.000000 0.000000 1.000000
1.000000 0.000000 0.000000 28.000000 0.000000 1.000000 0.000000 0.000000 -0.000000 0.000000 1.000000 0.000000 0.000000 0.000000 0.000000 1.000000
1.000000 0.000000 0.000000 28.000000 0.000000 1.000000 0.000000 0.000000 0.000000 -0.000000 1.000000 0.000000 0.000000 0.000000 0.000000 1.000000
1.000000 -0.000000 0.000000 28.000000 0.000000 1.000000 0.000000 -0.000000 -0.000000 0.000000 1.000000 0.000000 0.000000 0.000000 0.000000 1.000000
1.000000 0.000000 0.000000 28.000000 0.000000 1.000000 -0.000000 0.000000 -0.000000 0.000000 1.000000 0.000000 0.000000 0.000000 0.000000 1.000000
1.000000 -0.000000 0.000000 28.000000 -0.000000 1.000000 0.000000 0.000000 0.000000 0.000000 1.000000 0.000000 0.000000 0.000000 0.000000 1.000000
1.000000 0.000000 -0.000000 28.000000 0.000000 1.000000 0.000000 0.000000 0.000000 0.000000 1.000000 0.000000 0.000000 0.000000 0.000000 1.000000
1.000000 0.000000 0.000000 28.000000 -0.000000 1.000000 -0.000000 0.000000 0.000000 -0.000000 1.000000 0.000000 0.000000 0.000000 0.000000 1.000000
1.000000 -0.000000 0.000000 28.000000 -0.000000 1.000000 -0.000000 0.000000 -0.000000 0.000000 1.000000 -0.000000 0.000000 0.000000 0.000000 1.000000
1.000000 0.000000 0.000000 28.000000 -0.000000 1.000000 -0.000000 0.000000 0.000000 0.000000 1.000000 0.000000 0.000000 0.000000 0.000000 1.000000
1.000000 -0.000000 0.000000 28.000000 0.000000 1.000000 -0.000000 0.000000 0.000000 -0.000000 1.000000 0.000000 0.000000 0.000000 0.000000 1.000000
1.000000 -0.000000 -0.000000 28.000000 -0.000000 1.000000 0.000000 -0.000000 -0.000000 0.000000 1.000000 0.000000 0.000000 0.000000 0.000000 1.000000
1.000000 -0.000000 -0.000000 28.000000 0.000000 1.000000 0.000000 0.000000 0.000000 0.000000 1.000000 -0.000000 0.000000 0.000000 0.000000 1.000000
1.000000 0.000000 -0.000000 28.000000 0.000000 1.000000 -0.000000 -0.000000 -0.000000 -0.000000 1.000000 0.000000 0.000000 0.000000 0.000000 1.000000
1.000000 -0.000000 0.000000 28.000000 -0.000000 1.000000 0.000000 0.000000 -0.000000 0.000000 1.000000 0.000000 0.000000 0.000000 0.000000 1.000000
1.000000 0.000000 0.000000 28.000000 0.000000 1.000000 0.000000 0.000000 0.000000 0.000000 1.000000 -0.000000 0.000000 0.000000 0.000000 1.000000
1.000000 -0.000000 -0.000000 28.000000 -0.000000 1.000000 -0.000000 -0.000000 0.000000 0.000000 1.000000 0.000000 0.000000 0.000000 0.000000 1.000000
1.000000 -0.000000 -0.000000 28.000000 -0.000000 1.000000 -0.000000 0.000000 -0.000000 -0.000000 1.000000 0.000000 0.000000 0.000000 0.000000 1.000000
1.000000 0.000000 -0.000000 28.000000 0.000000 1.000000 -0.000000 0.000000 -0.000000 0.000000 1.000000 -0.000000 0.000000 0.000000 0.000000 1.000000</float_array>
        <technique_common>
          <accessor source="#mixamorig_L_C_skirt2-Matrix-animation-output-transform-array" count="35" stride="16">
            <param type="float4x4"/>
          </accessor>
        </technique_common>
      </source>
      <source id="mixamorig_L_C_skirt2-Interpolations">
        <Name_array id="mixamorig_L_C_skirt2-Interpolations-array" count="35">
 LINEAR LINEAR LINEAR LINEAR LINEAR LINEAR LINEAR LINEAR LINEAR LINEAR LINEAR
LINEAR LINEAR LINEAR LINEAR LINEAR LINEAR LINEAR LINEAR LINEAR LINEAR LINEAR LINEAR
LINEAR LINEAR LINEAR LINEAR LINEAR LINEAR LINEAR LINEAR LINEAR LINEAR LINEAR LINEAR</Name_array>
        <technique_common>
          <accessor source="#mixamorig_L_C_skirt2-Interpolations-array" count="35">
            <param type="name"/>
          </accessor>
        </technique_common>
      </source>
      <sampler id="mixamorig_L_C_skirt2-Matrix-animation-transform">
        <input semantic="INPUT" source="#mixamorig_L_C_skirt2-Matrix-animation-input"/>
        <input semantic="OUTPUT" source="#mixamorig_L_C_skirt2-Matrix-animation-output-transform"/>
        <input semantic="INTERPOLATION" source="#mixamorig_L_C_skirt2-Interpolations"/>
      </sampler>
      <channel source="#mixamorig_L_C_skirt2-Matrix-animation-transform" target="mixamorig_L_C_skirt2/matrix"/>
    </animation>
    <animation id="mixamorig_L_C_skirt3-anim" name="mixamorig_L_C_skirt3">
      <source id="mixamorig_L_C_skirt3-Matrix-animation-input">
        <float_array id="mixamorig_L_C_skirt3-Matrix-animation-input-array" count="35">

0.000000 0.033333 0.066667 0.100000 0.133333 0.166667 0.200000 0.233333 0.266667 0.300000 0.333333 0.366667 0.400000 0.433333 0.466667 0.500000
0.533333 0.566667 0.600000 0.633333 0.666667 0.700000 0.733333 0.766667 0.800000 0.833333 0.866667 0.900000 0.933333 0.966667 1.000000 1.033333
1.066667 1.100000 1.133333</float_array>
        <technique_common>
          <accessor source="#mixamorig_L_C_skirt3-Matrix-animation-input-array" count="35">
            <param name="TIME" type="float"/>
          </accessor>
        </technique_common>
      </source>
      <source id="mixamorig_L_C_skirt3-Matrix-animation-output-transform">
        <float_array id="mixamorig_L_C_skirt3-Matrix-animation-output-transform-array" count="560">

1.000000 0.000000 -0.000000 28.000000 -0.000000 1.000000 0.000000 -0.000000 -0.000000 -0.000000 1.000000 0.000000 0.000000 0.000000 0.000000 1.000000
1.000000 0.000000 0.000000 28.000000 -0.000000 1.000000 0.000000 0.000000 0.000000 -0.000000 1.000000 -0.000000 0.000000 0.000000 0.000000 1.000000
1.000000 -0.000000 0.000000 28.000000 0.000000 1.000000 0.000000 0.000000 -0.000000 0.000000 1.000000 0.000000 0.000000 0.000000 0.000000 1.000000
1.000000 0.000000 0.000000 28.000000 0.000000 1.000000 0.000000 0.000000 -0.000000 0.000000 1.000000 -0.000000 0.000000 0.000000 0.000000 1.000000
1.000000 -0.000000 0.000000 28.000000 0.000000 1.000000 0.000000 0.000000 -0.000000 -0.000000 1.000000 0.000000 0.000000 0.000000 0.000000 1.000000
1.000000 0.000000 0.000000 28.000000 0.000000 1.000000 0.000000 0.000000 0.000000 0.000000 1.000000 0.000000 0.000000 0.000000 0.000000 1.000000
1.000000 -0.000000 0.000000 28.000000 -0.000000 1.000000 0.000000 0.000000 -0.000000 0.000000 1.000000 0.000000 0.000000 0.000000 0.000000 1.000000
1.000000 0.000000 -0.000000 28.000000 0.000000 1.000000 -0.000000 0.000000 -0.000000 0.000000 1.000000 0.000000 0.000000 0.000000 0.000000 1.000000
1.000000 0.000000 -0.000000 28.000000 -0.000000 1.000000 -0.000000 0.000000 -0.000000 0.000000 1.000000 0.000000 0.000000 0.000000 0.000000 1.000000
1.000000 0.000000 -0.000000 28.000000 0.000000 1.000000 0.000000 0.000000 0.000000 -0.000000 1.000000 0.000000 0.000000 0.000000 0.000000 1.000000
1.000000 0.000000 0.000000 28.000000 0.000000 1.000000 -0.000000 0.000000 0.000000 -0.000000 1.000000 0.000000 0.000000 0.000000 0.000000 1.000000
1.000000 -0.000000 0.000000 28.000000 -0.000000 1.000000 0.000000 0.000000 -0.000000 0.000000 1.000000 0.000000 0.000000 0.000000 0.000000 1.000000
1.000000 -0.000000 0.000000 28.000000 0.000000 1.000000 -0.000000 0.000000 0.000000 -0.000000 1.000000 0.000000 0.000000 0.000000 0.000000 1.000000
1.000000 0.000000 0.000000 28.000000 0.000000 1.000000 0.000000 -0.000000 0.000000 -0.000000 1.000000 -0.000000 0.000000 0.000000 0.000000 1.000000
1.000000 0.000000 0.000000 28.000000 -0.000000 1.000000 -0.000000 -0.000000 0.000000 0.000000 1.000000 0.000000 0.000000 0.000000 0.000000 1.000000
1.000000 0.000000 0.000000 28.000000 -0.000000 1.000000 -0.000000 -0.000000 0.000000 -0.000000 1.000000 0.000000 0.000000 0.000000 0.000000 1.000000
1.000000 0.000000 0.000000 28.000000 0.000000 1.000000 -0.000000 0.000000 0.000000 0.000000 1.000000 0.000000 0.000000 0.000000 0.000000 1.000000
1.000000 0.000000 0.000000 28.000000 0.000000 1.000000 0.000000 0.000000 -0.000000 0.000000 1.000000 0.000000 0.000000 0.000000 0.000000 1.000000
1.000000 0.000000 0.000000 28.000000 0.000000 1.000000 0.000000 0.000000 0.000000 0.000000 1.000000 0.000000 0.000000 0.000000 0.000000 1.000000
1.000000 -0.000000 0.000000 28.000000 0.000000 1.000000 -0.000000 -0.000000 0.000000 0.000000 1.000000 0.000000 0.000000 0.000000 0.000000 1.000000
1.000000 0.000000 0.000000 28.000000 -0.000000 1.000000 -0.000000 0.000000 -0.000000 0.000000 1.000000 0.000000 0.000000 0.000000 0.000000 1.000000
1.000000 0.000000 0.000000 28.000000 0.000000 1.000000 0.000000 0.000000 0.000000 0.000000 1.000000 0.000000 0.000000 0.000000 0.000000 1.000000
1.000000 -0.000000 -0.000000 28.000000 0.000000 1.000000 0.000000 0.000000 -0.000000 0.000000 1.000000 0.000000 0.000000 0.000000 0.000000 1.000000
1.000000 0.000000 0.000000 28.000000 0.000000 1.000000 0.000000 0.000000 -0.000000 -0.000000 1.000000 -0.000000 0.000000 0.000000 0.000000 1.000000
1.000000 -0.000000 0.000000 28.000000 -0.000000 1.000000 -0.000000 0.000000 0.000000 -0.000000 1.000000 0.000000 0.000000 0.000000 0.000000 1.000000
1.000000 0.000000 0.000000 28.000000 -0.000000 1.000000 -0.000000 0.000000 0.000000 0.000000 1.000000 0.000000 0.000000 0.000000 0.000000 1.000000
1.000000 -0.000000 0.000000 28.000000 0.000000 1.000000 -0.000000 -0.000000 -0.000000 -0.000000 1.000000 0.000000 0.000000 0.000000 0.000000 1.000000
1.000000 -0.000000 -0.000000 28.000000 0.000000 1.000000 0.000000 0.000000 -0.000000 0.000000 1.000000 0.000000 0.000000 0.000000 0.000000 1.000000
1.000000 -0.000000 0.000000 28.000000 0.000000 1.000000 0.000000 0.000000 0.000000 0.000000 1.000000 -0.000000 0.000000 0.000000 0.000000 1.000000
1.000000 0.000000 -0.000000 28.000000 -0.000000 1.000000 -0.000000 0.000000 -0.000000 -0.000000 1.000000 0.000000 0.000000 0.000000 0.000000 1.000000
1.000000 0.000000 0.000000 28.000000 -0.000000 1.000000 0.000000 0.000000 -0.000000 0.000000 1.000000 0.000000 0.000000 0.000000 0.000000 1.000000
1.000000 0.000000 0.000000 28.000000 -0.000000 1.000000 0.000000 -0.000000 -0.000000 0.000000 1.000000 0.000000 0.000000 0.000000 0.000000 1.000000
1.000000 0.000000 -0.000000 28.000000 -0.000000 1.000000 0.000000 0.000000 0.000000 0.000000 1.000000 -0.000000 0.000000 0.000000 0.000000 1.000000
1.000000 0.000000 0.000000 28.000000 0.000000 1.000000 -0.000000 0.000000 -0.000000 -0.000000 1.000000 0.000000 0.000000 0.000000 0.000000 1.000000
1.000000 0.000000 -0.000000 28.000000 0.000000 1.000000 -0.000000 0.000000 -0.000000 0.000000 1.000000 0.000000 0.000000 0.000000 0.000000 1.000000</float_array>
        <technique_common>
          <accessor source="#mixamorig_L_C_skirt3-Matrix-animation-output-transform-array" count="35" stride="16">
            <param type="float4x4"/>
          </accessor>
        </technique_common>
      </source>
      <source id="mixamorig_L_C_skirt3-Interpolations">
        <Name_array id="mixamorig_L_C_skirt3-Interpolations-array" count="35">
 LINEAR LINEAR LINEAR LINEAR LINEAR LINEAR LINEAR LINEAR LINEAR LINEAR LINEAR
LINEAR LINEAR LINEAR LINEAR LINEAR LINEAR LINEAR LINEAR LINEAR LINEAR LINEAR LINEAR
LINEAR LINEAR LINEAR LINEAR LINEAR LINEAR LINEAR LINEAR LINEAR LINEAR LINEAR LINEAR</Name_array>
        <technique_common>
          <accessor source="#mixamorig_L_C_skirt3-Interpolations-array" count="35">
            <param type="name"/>
          </accessor>
        </technique_common>
      </source>
      <sampler id="mixamorig_L_C_skirt3-Matrix-animation-transform">
        <input semantic="INPUT" source="#mixamorig_L_C_skirt3-Matrix-animation-input"/>
        <input semantic="OUTPUT" source="#mixamorig_L_C_skirt3-Matrix-animation-output-transform"/>
        <input semantic="INTERPOLATION" source="#mixamorig_L_C_skirt3-Interpolations"/>
      </sampler>
      <channel source="#mixamorig_L_C_skirt3-Matrix-animation-transform" target="mixamorig_L_C_skirt3/matrix"/>
    </animation>
    <animation id="mixamorig_R_A_skirt1-anim" name="mixamorig_R_A_skirt1">
      <source id="mixamorig_R_A_skirt1-Matrix-animation-input">
        <float_array id="mixamorig_R_A_skirt1-Matrix-animation-input-array" count="35">

0.000000 0.033333 0.066667 0.100000 0.133333 0.166667 0.200000 0.233333 0.266667 0.300000 0.333333 0.366667 0.400000 0.433333 0.466667 0.500000
0.533333 0.566667 0.600000 0.633333 0.666667 0.700000 0.733333 0.766667 0.800000 0.833333 0.866667 0.900000 0.933333 0.966667 1.000000 1.033333
1.066667 1.100000 1.133333</float_array>
        <technique_common>
          <accessor source="#mixamorig_R_A_skirt1-Matrix-animation-input-array" count="35">
            <param name="TIME" type="float"/>
          </accessor>
        </technique_common>
      </source>
      <source id="mixamorig_R_A_skirt1-Matrix-animation-output-transform">
        <float_array id="mixamorig_R_A_skirt1-Matrix-animation-output-transform-array" count="560">

-0.122996 0.897244 -0.424058 -9.424300 -0.992244 -0.103429 0.068955 -5.518900 0.018009 0.429250 0.903006 15.946100 0.000000 0.000000 0.000000 1.000000
-0.122996 0.897244 -0.424058 -9.424300 -0.992244 -0.103429 0.068955 -5.518900 0.018009 0.429250 0.903006 15.946100 0.000000 0.000000 0.000000 1.000000
-0.122996 0.897244 -0.424058 -9.424300 -0.992244 -0.103429 0.068955 -5.518900 0.018009 0.429250 0.903006 15.946100 0.000000 0.000000 0.000000 1.000000
-0.122996 0.897244 -0.424058 -9.424300 -0.992244 -0.103429 0.068955 -5.518900 0.018009 0.429250 0.903006 15.946100 0.000000 0.000000 0.000000 1.000000
-0.122996 0.897244 -0.424058 -9.424300 -0.992244 -0.103429 0.068955 -5.518900 0.018009 0.429250 0.903006 15.946100 0.000000 0.000000 0.000000 1.000000
-0.122996 0.897244 -0.424058 -9.424300 -0.992244 -0.103429 0.068955 -5.518900 0.018009 0.429250 0.903006 15.946100 0.000000 0.000000 0.000000 1.000000
-0.122996 0.897244 -0.424058 -9.424300 -0.992244 -0.103429 0.068955 -5.518900 0.018009 0.429250 0.903006 15.946100 0.000000 0.000000 0.000000 1.000000
-0.122996 0.897244 -0.424058 -9.424300 -0.992244 -0.103429 0.068955 -5.518900 0.018009 0.429250 0.903006 15.946100 0.000000 0.000000 0.000000 1.000000
-0.122996 0.897244 -0.424058 -9.424300 -0.992244 -0.103429 0.068955 -5.518900 0.018009 0.429250 0.903006 15.946100 0.000000 0.000000 0.000000 1.000000
-0.122996 0.897244 -0.424058 -9.424300 -0.992244 -0.103429 0.068955 -5.518900 0.018009 0.429250 0.903006 15.946100 0.000000 0.000000 0.000000 1.000000
-0.122996 0.897244 -0.424058 -9.424300 -0.992244 -0.103429 0.068955 -5.518900 0.018009 0.429250 0.903006 15.946100 0.000000 0.000000 0.000000 1.000000
-0.122996 0.897244 -0.424058 -9.424300 -0.992244 -0.103429 0.068955 -5.518900 0.018009 0.429250 0.903006 15.946100 0.000000 0.000000 0.000000 1.000000
-0.122996 0.897244 -0.424058 -9.424300 -0.992244 -0.103429 0.068955 -5.518900 0.018009 0.429250 0.903006 15.946100 0.000000 0.000000 0.000000 1.000000
-0.122996 0.897244 -0.424058 -9.424300 -0.992244 -0.103429 0.068955 -5.518900 0.018009 0.429250 0.903006 15.946100 0.000000 0.000000 0.000000 1.000000
-0.122996 0.897244 -0.424058 -9.424300 -0.992244 -0.103429 0.068955 -5.518900 0.018009 0.429250 0.903006 15.946100 0.000000 0.000000 0.000000 1.000000
-0.122996 0.897244 -0.424058 -9.424300 -0.992244 -0.103429 0.068955 -5.518900 0.018009 0.429250 0.903006 15.946100 0.000000 0.000000 0.000000 1.000000
-0.122996 0.897244 -0.424058 -9.424300 -0.992244 -0.103429 0.068955 -5.518900 0.018009 0.429250 0.903006 15.946100 0.000000 0.000000 0.000000 1.000000
-0.122996 0.897244 -0.424058 -9.424300 -0.992244 -0.103429 0.068955 -5.518900 0.018009 0.429250 0.903006 15.946100 0.000000 0.000000 0.000000 1.000000
-0.122996 0.897244 -0.424058 -9.424300 -0.992244 -0.103429 0.068955 -5.518900 0.018009 0.429250 0.903006 15.946100 0.000000 0.000000 0.000000 1.000000
-0.122996 0.897244 -0.424058 -9.424300 -0.992244 -0.103429 0.068955 -5.518900 0.018009 0.429250 0.903006 15.946100 0.000000 0.000000 0.000000 1.000000
-0.122996 0.897244 -0.424058 -9.424300 -0.992244 -0.103429 0.068955 -5.518900 0.018009 0.429250 0.903006 15.946100 0.000000 0.000000 0.000000 1.000000
-0.122996 0.897244 -0.424058 -9.424300 -0.992244 -0.103429 0.068955 -5.518900 0.018009 0.429250 0.903006 15.946100 0.000000 0.000000 0.000000 1.000000
-0.122996 0.897244 -0.424058 -9.424300 -0.992244 -0.103429 0.068955 -5.518900 0.018009 0.429250 0.903006 15.946100 0.000000 0.000000 0.000000 1.000000
-0.122996 0.897244 -0.424058 -9.424300 -0.992244 -0.103429 0.068955 -5.518900 0.018009 0.429250 0.903006 15.946100 0.000000 0.000000 0.000000 1.000000
-0.122996 0.897244 -0.424058 -9.424300 -0.992244 -0.103429 0.068955 -5.518900 0.018009 0.429250 0.903006 15.946100 0.000000 0.000000 0.000000 1.000000
-0.122996 0.897244 -0.424058 -9.424300 -0.992244 -0.103429 0.068955 -5.518900 0.018009 0.429250 0.903006 15.946100 0.000000 0.000000 0.000000 1.000000
-0.122996 0.897244 -0.424058 -9.424300 -0.992244 -0.103429 0.068955 -5.518900 0.018009 0.429250 0.903006 15.946100 0.000000 0.000000 0.000000 1.000000
-0.122996 0.897244 -0.424058 -9.424300 -0.992244 -0.103429 0.068955 -5.518900 0.018009 0.429250 0.903006 15.946100 0.000000 0.000000 0.000000 1.000000
-0.122996 0.897244 -0.424058 -9.424300 -0.992244 -0.103429 0.068955 -5.518900 0.018009 0.429250 0.903006 15.946100 0.000000 0.000000 0.000000 1.000000
-0.122996 0.897244 -0.424058 -9.424300 -0.992244 -0.103429 0.068955 -5.518900 0.018009 0.429250 0.903006 15.946100 0.000000 0.000000 0.000000 1.000000
-0.122996 0.897244 -0.424058 -9.424300 -0.992244 -0.103429 0.068955 -5.518900 0.018009 0.429250 0.903006 15.946100 0.000000 0.000000 0.000000 1.000000
-0.122996 0.897244 -0.424058 -9.424300 -0.992244 -0.103429 0.068955 -5.518900 0.018009 0.429250 0.903006 15.946100 0.000000 0.000000 0.000000 1.000000
-0.122996 0.897244 -0.424058 -9.424300 -0.992244 -0.103429 0.068955 -5.518900 0.018009 0.429250 0.903006 15.946100 0.000000 0.000000 0.000000 1.000000
-0.122996 0.897244 -0.424058 -9.424300 -0.992244 -0.103429 0.068955 -5.518900 0.018009 0.429250 0.903006 15.946100 0.000000 0.000000 0.000000 1.000000
-0.122996 0.897244 -0.424058 -9.424300 -0.992244 -0.103429 0.068955 -5.518900 0.018009 0.429250 0.903006 15.946100 0.000000 0.000000 0.000000 1.000000</float_array>
        <technique_common>
          <accessor source="#mixamorig_R_A_skirt1-Matrix-animation-output-transform-array" count="35" stride="16">
            <param type="float4x4"/>
          </accessor>
        </technique_common>
      </source>
      <source id="mixamorig_R_A_skirt1-Interpolations">
        <Name_array id="mixamorig_R_A_skirt1-Interpolations-array" count="35">
 LINEAR LINEAR LINEAR LINEAR LINEAR LINEAR LINEAR LINEAR LINEAR LINEAR LINEAR
LINEAR LINEAR LINEAR LINEAR LINEAR LINEAR LINEAR LINEAR LINEAR LINEAR LINEAR LINEAR
LINEAR LINEAR LINEAR LINEAR LINEAR LINEAR LINEAR LINEAR LINEAR LINEAR LINEAR LINEAR</Name_array>
        <technique_common>
          <accessor source="#mixamorig_R_A_skirt1-Interpolations-array" count="35">
            <param type="name"/>
          </accessor>
        </technique_common>
      </source>
      <sampler id="mixamorig_R_A_skirt1-Matrix-animation-transform">
        <input semantic="INPUT" source="#mixamorig_R_A_skirt1-Matrix-animation-input"/>
        <input semantic="OUTPUT" source="#mixamorig_R_A_skirt1-Matrix-animation-output-transform"/>
        <input semantic="INTERPOLATION" source="#mixamorig_R_A_skirt1-Interpolations"/>
      </sampler>
      <channel source="#mixamorig_R_A_skirt1-Matrix-animation-transform" target="mixamorig_R_A_skirt1/matrix"/>
    </animation>
    <animation id="mixamorig_R_A_skirt2-anim" name="mixamorig_R_A_skirt2">
      <source id="mixamorig_R_A_skirt2-Matrix-animation-input">
        <float_array id="mixamorig_R_A_skirt2-Matrix-animation-input-array" count="35">

0.000000 0.033333 0.066667 0.100000 0.133333 0.166667 0.200000 0.233333 0.266667 0.300000 0.333333 0.366667 0.400000 0.433333 0.466667 0.500000
0.533333 0.566667 0.600000 0.633333 0.666667 0.700000 0.733333 0.766667 0.800000 0.833333 0.866667 0.900000 0.933333 0.966667 1.000000 1.033333
1.066667 1.100000 1.133333</float_array>
        <technique_common>
          <accessor source="#mixamorig_R_A_skirt2-Matrix-animation-input-array" count="35">
            <param name="TIME" type="float"/>
          </accessor>
        </technique_common>
      </source>
      <source id="mixamorig_R_A_skirt2-Matrix-animation-output-transform">
        <float_array id="mixamorig_R_A_skirt2-Matrix-animation-output-transform-array" count="560">

1.000000 0.000000 -0.000000 26.999599 0.000000 1.000000 -0.000000 0.000000 -0.000000 0.000000 1.000000 0.000100 0.000000 0.000000 0.000000 1.000000
1.000000 0.000000 -0.000000 26.999599 0.000000 1.000000 -0.000000 0.000000 -0.000000 -0.000000 1.000000 0.000100 0.000000 0.000000 0.000000 1.000000
1.000000 0.000000 -0.000000 26.999599 0.000000 1.000000 0.000000 0.000000 -0.000000 0.000000 1.000000 0.000100 0.000000 0.000000 0.000000 1.000000
1.000000 0.000000 0.000000 26.999599 -0.000000 1.000000 -0.000000 0.000000 0.000000 0.000000 1.000000 0.000100 0.000000 0.000000 0.000000 1.000000
1.000000 0.000000 -0.000000 26.999599 0.000000 1.000000 -0.000000 0.000000 0.000000 0.000000 1.000000 0.000100 0.000000 0.000000 0.000000 1.000000
1.000000 0.000000 0.000000 26.999599 -0.000000 1.000000 0.000000 -0.000000 0.000000 0.000000 1.000000 0.000100 0.000000 0.000000 0.000000 1.000000
1.000000 -0.000000 -0.000000 26.999599 -0.000000 1.000000 0.000000 0.000000 0.000000 0.000000 1.000000 0.000100 0.000000 0.000000 0.000000 1.000000
1.000000 0.000000 -0.000000 26.999599 -0.000000 1.000000 0.000000 0.000000 0.000000 0.000000 1.000000 0.000100 0.000000 0.000000 0.000000 1.000000
1.000000 0.000000 -0.000000 26.999599 0.000000 1.000000 0.000000 0.000000 -0.000000 -0.000000 1.000000 0.000100 0.000000 0.000000 0.000000 1.000000
1.000000 0.000000 0.000000 26.999599 0.000000 1.000000 0.000000 0.000000 0.000000 -0.000000 1.000000 0.000100 0.000000 0.000000 0.000000 1.000000
1.000000 0.000000 0.000000 26.999599 0.000000 1.000000 0.000000 -0.000000 -0.000000 -0.000000 1.000000 0.000100 0.000000 0.000000 0.000000 1.000000
1.000000 -0.000000 0.000000 26.999599 0.000000 1.000000 0.000000 0.000000 0.000000 0.000000 1.000000 0.000100 0.000000 0.000000 0.000000 1.000000
1.000000 0.000000 0.000000 26.999599 -0.000000 1.000000 0.000000 0.000000 0.000000 0.000000 1.000000 0.000100 0.000000 0.000000 0.000000 1.000000
1.000000 0.000000 0.000000 26.999599 -0.000000 1.000000 0.000000 0.000000 -0.000000 0.000000 1.000000 0.000100 0.000000 0.000000 0.000000 1.000000
1.000000 0.000000 0.000000 26.999599 -0.000000 1.000000 -0.000000 0.000000 -0.000000 0.000000 1.000000 0.000100 0.000000 0.000000 0.000000 1.000000
1.000000 -0.000000 -0.000000 26.999599 -0.000000 1.000000 0.000000 0.000000 0.000000 0.000000 1.000000 0.000100 0.000000 0.000000 0.000000 1.000000
1.000000 -0.000000 -0.000000 26.999599 -0.000000 1.000000 0.000000 -0.000000 -0.000000 0.000000 1.000000 0.000100 0.000000 0.000000 0.000000 1.000000
1.000000 0.000000 0.000000 26.999599 0.000000 1.000000 0.000000 0.000000 0.000000 -0.000000 1.000000 0.000100 0.000000 0.000000 0.000000 1.000000
1.000000 0.000000 0.000000 26.999599 -0.000000 1.000000 0.000000 -0.000000 0.000000 -0.000000 1.000000 0.000100 0.000000 0.000000 0.000000 1.000000
1.000000 0.000000 -0.000000 26.999599 -0.000000 1.000000 -0.000000 0.000000 -0.000000 -0.000000 1.000000 0.000100 0.000000 0.000000 0.000000 1.000000
1.000000 0.000000 -0.000000 26.999599 -0.000000 1.000000 0.000000 0.000000 -0.000000 0.000000 1.000000 0.000100 0.000000 0.000000 0.000000 1.000000
1.000000 0.000000 -0.000000 26.999599 0.000000 1.000000 0.000000 -0.000000 0.000000 -0.000000 1.000000 0.000100 0.000000 0.000000 0.000000 1.000000
1.000000 0.000000 0.000000 26.999599 0.000000 1.000000 0.000000 -0.000000 0.000000 0.000000 1.000000 0.000100 0.000000 0.000000 0.000000 1.000000
1.000000 -0.000000 0.000000 26.999599 -0.000000 1.000000 -0.000000 0.000000 0.000000 -0.000000 1.000000 0.000100 0.000000 0.000000 0.000000 1.000000
1.000000 -0.000000 -0.000000 26.999599 0.000000 1.000000 0.000000 -0.000000 0.000000 0.000000 1.000000 0.000100 0.000000 0.000000 0.000000 1.000000
1.000000 -0.000000 -0.000000 26.999599 0.000000 1.000000 0.000000 0.000000 0.000000 -0.000000 1.000000 0.000100 0.000000 0.000000 0.000000 1.000000
1.000000 0.000000 -0.000000 26.999599 0.000000 1.000000 0.000000 0.000000 -0.000000 0.000000 1.000000 0.000100 0.000000 0.000000 0.000000 1.000000
1.000000 0.000000 -0.000000 26.999599 -0.000000 1.000000 0.000000 -0.000000 0.000000 0.000000 1.000000 0.000100 0.000000 0.000000 0.000000 1.000000
1.000000 0.000000 -0.000000 26.999599 0.000000 1.000000 0.000000 -0.000000 0.000000 0.000000 1.000000 0.000100 0.000000 0.000000 0.000000 1.000000
1.000000 0.000000 -0.000000 26.999599 0.000000 1.000000 -0.000000 0.000000 0.000000 0.000000 1.000000 0.000100 0.000000 0.000000 0.000000 1.000000
1.000000 -0.000000 0.000000 26.999599 -0.000000 1.000000 0.000000 -0.000000 0.000000 0.000000 1.000000 0.000100 0.000000 0.000000 0.000000 1.000000
1.000000 0.000000 0.000000 26.999599 0.000000 1.000000 0.000000 0.000000 -0.000000 0.000000 1.000000 0.000100 0.000000 0.000000 0.000000 1.000000
1.000000 0.000000 0.000000 26.999599 -0.000000 1.000000 0.000000 0.000000 -0.000000 0.000000 1.000000 0.000100 0.000000 0.000000 0.000000 1.000000
1.000000 -0.000000 0.000000 26.999599 -0.000000 1.000000 -0.000000 -0.000000 0.000000 -0.000000 1.000000 0.000100 0.000000 0.000000 0.000000 1.000000
1.000000 0.000000 0.000000 26.999599 -0.000000 1.000000 -0.000000 -0.000000 0.000000 0.000000 1.000000 0.000100 0.000000 0.000000 0.000000 1.000000</float_array>
        <technique_common>
          <accessor source="#mixamorig_R_A_skirt2-Matrix-animation-output-transform-array" count="35" stride="16">
            <param type="float4x4"/>
          </accessor>
        </technique_common>
      </source>
      <source id="mixamorig_R_A_skirt2-Interpolations">
        <Name_array id="mixamorig_R_A_skirt2-Interpolations-array" count="35">
 LINEAR LINEAR LINEAR LINEAR LINEAR LINEAR LINEAR LINEAR LINEAR LINEAR LINEAR
LINEAR LINEAR LINEAR LINEAR LINEAR LINEAR LINEAR LINEAR LINEAR LINEAR LINEAR LINEAR
LINEAR LINEAR LINEAR LINEAR LINEAR LINEAR LINEAR LINEAR LINEAR LINEAR LINEAR LINEAR</Name_array>
        <technique_common>
          <accessor source="#mixamorig_R_A_skirt2-Interpolations-array" count="35">
            <param type="name"/>
          </accessor>
        </technique_common>
      </source>
      <sampler id="mixamorig_R_A_skirt2-Matrix-animation-transform">
        <input semantic="INPUT" source="#mixamorig_R_A_skirt2-Matrix-animation-input"/>
        <input semantic="OUTPUT" source="#mixamorig_R_A_skirt2-Matrix-animation-output-transform"/>
        <input semantic="INTERPOLATION" source="#mixamorig_R_A_skirt2-Interpolations"/>
      </sampler>
      <channel source="#mixamorig_R_A_skirt2-Matrix-animation-transform" target="mixamorig_R_A_skirt2/matrix"/>
    </animation>
    <animation id="mixamorig_R_A_skirt3-anim" name="mixamorig_R_A_skirt3">
      <source id="mixamorig_R_A_skirt3-Matrix-animation-input">
        <float_array id="mixamorig_R_A_skirt3-Matrix-animation-input-array" count="35">

0.000000 0.033333 0.066667 0.100000 0.133333 0.166667 0.200000 0.233333 0.266667 0.300000 0.333333 0.366667 0.400000 0.433333 0.466667 0.500000
0.533333 0.566667 0.600000 0.633333 0.666667 0.700000 0.733333 0.766667 0.800000 0.833333 0.866667 0.900000 0.933333 0.966667 1.000000 1.033333
1.066667 1.100000 1.133333</float_array>
        <technique_common>
          <accessor source="#mixamorig_R_A_skirt3-Matrix-animation-input-array" count="35">
            <param name="TIME" type="float"/>
          </accessor>
        </technique_common>
      </source>
      <source id="mixamorig_R_A_skirt3-Matrix-animation-output-transform">
        <float_array id="mixamorig_R_A_skirt3-Matrix-animation-output-transform-array" count="560">

1.000000 0.000000 0.000000 27.000000 0.000000 1.000000 -0.000000 0.000000 -0.000000 0.000000 1.000000 -0.000000 0.000000 0.000000 0.000000 1.000000
1.000000 0.000000 -0.000000 27.000000 0.000000 1.000000 -0.000000 -0.000000 -0.000000 -0.000000 1.000000 0.000000 0.000000 0.000000 0.000000 1.000000
1.000000 -0.000000 -0.000000 27.000000 0.000000 1.000000 0.000000 0.000000 0.000000 0.000000 1.000000 0.000000 0.000000 0.000000 0.000000 1.000000
1.000000 0.000000 0.000000 27.000000 -0.000000 1.000000 -0.000000 -0.000000 0.000000 0.000000 1.000000 -0.000000 0.000000 0.000000 0.000000 1.000000
1.000000 0.000000 0.000000 27.000000 -0.000000 1.000000 -0.000000 -0.000000 0.000000 -0.000000 1.000000 -0.000000 0.000000 0.000000 0.000000 1.000000
1.000000 0.000000 0.000000 27.000000 0.000000 1.000000 0.000000 0.000000 -0.000000 0.000000 1.000000 0.000000 0.000000 0.000000 0.000000 1.000000
1.000000 0.000000 -0.000000 27.000000 -0.000000 1.000000 0.000000 -0.000000 0.000000 0.000000 1.000000 0.000000 0.000000 0.000000 0.000000 1.000000
1.000000 0.000000 -0.000000 27.000000 -0.000000 1.000000 0.000000 0.000000 0.000000 0.000000 1.000000 0.000000 0.000000 0.000000 0.000000 1.000000
1.000000 0.000000 0.000000 27.000000 0.000000 1.000000 -0.000000 0.000000 -0.000000 -0.000000 1.000000 0.000000 0.000000 0.000000 0.000000 1.000000
1.000000 0.000000 0.000000 27.000000 0.000000 1.000000 -0.000000 0.000000 0.000000 0.000000 1.000000 0.000000 0.000000 0.000000 0.000000 1.000000
1.000000 -0.000000 -0.000000 27.000000 0.000000 1.000000 -0.000000 0.000000 0.000000 -0.000000 1.000000 0.000000 0.000000 0.000000 0.000000 1.000000
1.000000 -0.000000 -0.000000 27.000000 0.000000 1.000000 0.000000 -0.000000 0.000000 -0.000000 1.000000 0.000000 0.000000 0.000000 0.000000 1.000000
1.000000 0.000000 -0.000000 27.000000 -0.000000 1.000000 0.000000 0.000000 -0.000000 0.000000 1.000000 0.000000 0.000000 0.000000 0.000000 1.000000
1.000000 0.000000 -0.000000 27.000000 0.000000 1.000000 0.000000 0.000000 -0.000000 0.000000 1.000000 0.000000 0.000000 0.000000 0.000000 1.000000
1.000000 -0.000000 0.000000 27.000000 0.000000 1.000000 -0.000000 0.000000 0.000000 0.000000 1.000000 -0.000000 0.000000 0.000000 0.000000 1.000000
1.000000 0.000000 0.000000 27.000000 0.000000 1.000000 0.000000 0.000000 0.000000 0.000000 1.000000 -0.000000 0.000000 0.000000 0.000000 1.000000
1.000000 -0.000000 -0.000000 27.000000 -0.000000 1.000000 0.000000 0.000000 0.000000 0.000000 1.000000 0.000000 0.000000 0.000000 0.000000 1.000000
1.000000 0.000000 -0.000000 27.000000 0.000000 1.000000 -0.000000 0.000000 -0.000000 0.000000 1.000000 0.000000 0.000000 0.000000 0.000000 1.000000
1.000000 -0.000000 -0.000000 27.000000 -0.000000 1.000000 0.000000 0.000000 0.000000 0.000000 1.000000 0.000000 0.000000 0.000000 0.000000 1.000000
1.000000 -0.000000 0.000000 27.000000 -0.000000 1.000000 0.000000 0.000000 -0.000000 -0.000000 1.000000 0.000000 0.000000 0.000000 0.000000 1.000000
1.000000 -0.000000 -0.000000 27.000000 0.000000 1.000000 0.000000 0.000000 0.000000 0.000000 1.000000 0.000000 0.000000 0.000000 0.000000 1.000000
1.000000 0.000000 -0.000000 27.000000 0.000000 1.000000 -0.000000 0.000000 -0.000000 -0.000000 1.000000 0.000000 0.000000 0.000000 0.000000 1.000000
1.000000 0.000000 0.000000 27.000000 0.000000 1.000000 0.000000 0.000000 -0.000000 0.000000 1.000000 0.000000 0.000000 0.000000 0.000000 1.000000
1.000000 0.000000 0.000000 27.000000 0.000000 1.000000 0.000000 0.000000 0.000000 -0.000000 1.000000 0.000000 0.000000 0.000000 0.000000 1.000000
1.000000 0.000000 0.000000 27.000000 0.000000 1.000000 0.000000 0.000000 0.000000 0.000000 1.000000 0.000000 0.000000 0.000000 0.000000 1.000000
1.000000 -0.000000 -0.000000 27.000000 0.000000 1.000000 0.000000 0.000000 0.000000 -0.000000 1.000000 0.000000 0.000000 0.000000 0.000000 1.000000
1.000000 0.000000 -0.000000 27.000000 0.000000 1.000000 0.000000 -0.000000 -0.000000 0.000000 1.000000 0.000000 0.000000 0.000000 0.000000 1.000000
1.000000 0.000000 0.000000 27.000000 -0.000000 1.000000 0.000000 0.000000 -0.000000 0.000000 1.000000 0.000000 0.000000 0.000000 0.000000 1.000000
1.000000 0.000000 -0.000000 27.000000 0.000000 1.000000 0.000000 0.000000 -0.000000 0.000000 1.000000 -0.000000 0.000000 0.000000 0.000000 1.000000
1.000000 0.000000 -0.000000 27.000000 0.000000 1.000000 -0.000000 0.000000 0.000000 -0.000000 1.000000 0.000000 0.000000 0.000000 0.000000 1.000000
1.000000 -0.000000 0.000000 27.000000 -0.000000 1.000000 0.000000 0.000000 -0.000000 0.000000 1.000000 0.000000 0.000000 0.000000 0.000000 1.000000
1.000000 0.000000 0.000000 27.000000 0.000000 1.000000 0.000000 0.000000 -0.000000 0.000000 1.000000 -0.000000 0.000000 0.000000 0.000000 1.000000
1.000000 -0.000000 -0.000000 27.000000 0.000000 1.000000 0.000000 0.000000 0.000000 0.000000 1.000000 0.000000 0.000000 0.000000 0.000000 1.000000
1.000000 -0.000000 0.000000 27.000000 0.000000 1.000000 -0.000000 0.000000 0.000000 -0.000000 1.000000 0.000000 0.000000 0.000000 0.000000 1.000000
1.000000 -0.000000 -0.000000 27.000000 0.000000 1.000000 -0.000000 -0.000000 0.000000 0.000000 1.000000 -0.000000 0.000000 0.000000 0.000000 1.000000</float_array>
        <technique_common>
          <accessor source="#mixamorig_R_A_skirt3-Matrix-animation-output-transform-array" count="35" stride="16">
            <param type="float4x4"/>
          </accessor>
        </technique_common>
      </source>
      <source id="mixamorig_R_A_skirt3-Interpolations">
        <Name_array id="mixamorig_R_A_skirt3-Interpolations-array" count="35">
 LINEAR LINEAR LINEAR LINEAR LINEAR LINEAR LINEAR LINEAR LINEAR LINEAR LINEAR
LINEAR LINEAR LINEAR LINEAR LINEAR LINEAR LINEAR LINEAR LINEAR LINEAR LINEAR LINEAR
LINEAR LINEAR LINEAR LINEAR LINEAR LINEAR LINEAR LINEAR LINEAR LINEAR LINEAR LINEAR</Name_array>
        <technique_common>
          <accessor source="#mixamorig_R_A_skirt3-Interpolations-array" count="35">
            <param type="name"/>
          </accessor>
        </technique_common>
      </source>
      <sampler id="mixamorig_R_A_skirt3-Matrix-animation-transform">
        <input semantic="INPUT" source="#mixamorig_R_A_skirt3-Matrix-animation-input"/>
        <input semantic="OUTPUT" source="#mixamorig_R_A_skirt3-Matrix-animation-output-transform"/>
        <input semantic="INTERPOLATION" source="#mixamorig_R_A_skirt3-Interpolations"/>
      </sampler>
      <channel source="#mixamorig_R_A_skirt3-Matrix-animation-transform" target="mixamorig_R_A_skirt3/matrix"/>
    </animation>
    <animation id="mixamorig_R_B_skirt1-anim" name="mixamorig_R_B_skirt1">
      <source id="mixamorig_R_B_skirt1-Matrix-animation-input">
        <float_array id="mixamorig_R_B_skirt1-Matrix-animation-input-array" count="35">

0.000000 0.033333 0.066667 0.100000 0.133333 0.166667 0.200000 0.233333 0.266667 0.300000 0.333333 0.366667 0.400000 0.433333 0.466667 0.500000
0.533333 0.566667 0.600000 0.633333 0.666667 0.700000 0.733333 0.766667 0.800000 0.833333 0.866667 0.900000 0.933333 0.966667 1.000000 1.033333
1.066667 1.100000 1.133333</float_array>
        <technique_common>
          <accessor source="#mixamorig_R_B_skirt1-Matrix-animation-input-array" count="35">
            <param name="TIME" type="float"/>
          </accessor>
        </technique_common>
      </source>
      <source id="mixamorig_R_B_skirt1-Matrix-animation-output-transform">
        <float_array id="mixamorig_R_B_skirt1-Matrix-animation-output-transform-array" count="560">

-0.111759 0.000000 -0.993735 -18.448900 -0.993735 -0.000000 0.111759 -4.216300 -0.000000 1.000000 0.000000 -0.295100 0.000000 0.000000 0.000000 1.000000
-0.111759 0.000000 -0.993735 -18.448900 -0.993735 0.000000 0.111759 -4.216300 0.000000 1.000000 -0.000000 -0.295100 0.000000 0.000000 0.000000 1.000000
-0.111759 0.000000 -0.993735 -18.448900 -0.993735 -0.000000 0.111759 -4.216300 -0.000000 1.000000 0.000000 -0.295100 0.000000 0.000000 0.000000 1.000000
-0.111759 0.000000 -0.993735 -18.448900 -0.993735 -0.000000 0.111759 -4.216300 -0.000000 1.000000 0.000000 -0.295100 0.000000 0.000000 0.000000 1.000000
-0.111759 0.000000 -0.993735 -18.448900 -0.993735 0.000000 0.111759 -4.216300 -0.000000 1.000000 0.000000 -0.295100 0.000000 0.000000 0.000000 1.000000
-0.111759 0.000000 -0.993735 -18.448900 -0.993735 -0.000000 0.111759 -4.216300 0.000000 1.000000 0.000000 -0.295100 0.000000 0.000000 0.000000 1.000000
-0.111759 0.000000 -0.993735 -18.448900 -0.993735 -0.000000 0.111759 -4.216300 -0.000000 1.000000 0.000000 -0.295100 0.000000 0.000000 0.000000 1.000000
-0.111759 0.000000 -0.993735 -18.448900 -0.993735 -0.000000 0.111759 -4.216300 0.000000 1.000000 0.000000 -0.295100 0.000000 0.000000 0.000000 1.000000
-0.111759 0.000000 -0.993735 -18.448900 -0.993735 -0.000000 0.111759 -4.216300 0.000000 1.000000 0.000000 -0.295100 0.000000 0.000000 0.000000 1.000000
-0.111759 -0.000000 -0.993735 -18.448900 -0.993735 -0.000000 0.111759 -4.216300 -0.000000 1.000000 -0.000000 -0.295100 0.000000 0.000000 0.000000 1.000000
-0.111759 0.000000 -0.993735 -18.448900 -0.993735 -0.000000 0.111759 -4.216300 -0.000000 1.000000 0.000000 -0.295100 0.000000 0.000000 0.000000 1.000000
-0.111759 0.000000 -0.993735 -18.448900 -0.993735 -0.000000 0.111759 -4.216300 -0.000000 1.000000 0.000000 -0.295100 0.000000 0.000000 0.000000 1.000000
-0.111759 0.000000 -0.993735 -18.448900 -0.993735 0.000000 0.111759 -4.216300 0.000000 1.000000 0.000000 -0.295100 0.000000 0.000000 0.000000 1.000000
-0.111759 0.000000 -0.993735 -18.448900 -0.993735 0.000000 0.111759 -4.216300 0.000000 1.000000 0.000000 -0.295100 0.000000 0.000000 0.000000 1.000000
-0.111759 -0.000000 -0.993735 -18.448900 -0.993735 -0.000000 0.111759 -4.216300 0.000000 1.000000 -0.000000 -0.295100 0.000000 0.000000 0.000000 1.000000
-0.111759 -0.000000 -0.993735 -18.448900 -0.993735 0.000000 0.111759 -4.216300 -0.000000 1.000000 0.000000 -0.295100 0.000000 0.000000 0.000000 1.000000
-0.111759 0.000000 -0.993735 -18.448900 -0.993735 -0.000000 0.111759 -4.216300 -0.000000 1.000000 0.000000 -0.295100 0.000000 0.000000 0.000000 1.000000
-0.111759 0.000000 -0.993735 -18.448900 -0.993735 0.000000 0.111759 -4.216300 0.000000 1.000000 0.000000 -0.295100 0.000000 0.000000 0.000000 1.000000
-0.111759 0.000000 -0.993735 -18.448900 -0.993735 0.000000 0.111759 -4.216300 0.000000 1.000000 0.000000 -0.295100 0.000000 0.000000 0.000000 1.000000
-0.111759 -0.000000 -0.993735 -18.448900 -0.993735 0.000000 0.111759 -4.216300 -0.000000 1.000000 -0.000000 -0.295100 0.000000 0.000000 0.000000 1.000000
-0.111759 0.000000 -0.993735 -18.448900 -0.993735 0.000000 0.111759 -4.216300 0.000000 1.000000 0.000000 -0.295100 0.000000 0.000000 0.000000 1.000000
-0.111759 0.000000 -0.993735 -18.448900 -0.993735 0.000000 0.111759 -4.216300 -0.000000 1.000000 0.000000 -0.295100 0.000000 0.000000 0.000000 1.000000
-0.111759 0.000000 -0.993735 -18.448900 -0.993735 -0.000000 0.111759 -4.216300 -0.000000 1.000000 0.000000 -0.295100 0.000000 0.000000 0.000000 1.000000
-0.111759 0.000000 -0.993735 -18.448900 -0.993735 0.000000 0.111759 -4.216300 0.000000 1.000000 0.000000 -0.295100 0.000000 0.000000 0.000000 1.000000
-0.111759 0.000000 -0.993735 -18.448900 -0.993735 0.000000 0.111759 -4.216300 0.000000 1.000000 -0.000000 -0.295100 0.000000 0.000000 0.000000 1.000000
-0.111759 -0.000000 -0.993735 -18.448900 -0.993735 -0.000000 0.111759 -4.216300 -0.000000 1.000000 0.000000 -0.295100 0.000000 0.000000 0.000000 1.000000
-0.111759 -0.000000 -0.993735 -18.448900 -0.993735 -0.000000 0.111759 -4.216300 0.000000 1.000000 0.000000 -0.295100 0.000000 0.000000 0.000000 1.000000
-0.111759 0.000000 -0.993735 -18.448900 -0.993735 0.000000 0.111759 -4.216300 0.000000 1.000000 0.000000 -0.295100 0.000000 0.000000 0.000000 1.000000
-0.111759 -0.000000 -0.993735 -18.448900 -0.993735 -0.000000 0.111759 -4.216300 -0.000000 1.000000 0.000000 -0.295100 0.000000 0.000000 0.000000 1.000000
-0.111759 0.000000 -0.993735 -18.448900 -0.993735 -0.000000 0.111759 -4.216300 0.000000 1.000000 0.000000 -0.295100 0.000000 0.000000 0.000000 1.000000
-0.111759 -0.000000 -0.993735 -18.448900 -0.993735 -0.000000 0.111759 -4.216300 0.000000 1.000000 -0.000000 -0.295100 0.000000 0.000000 0.000000 1.000000
-0.111759 0.000000 -0.993735 -18.448900 -0.993735 -0.000000 0.111759 -4.216300 -0.000000 1.000000 -0.000000 -0.295100 0.000000 0.000000 0.000000 1.000000
-0.111759 0.000000 -0.993735 -18.448900 -0.993735 -0.000000 0.111759 -4.216300 -0.000000 1.000000 0.000000 -0.295100 0.000000 0.000000 0.000000 1.000000
-0.111759 -0.000000 -0.993735 -18.448900 -0.993735 -0.000000 0.111759 -4.216300 -0.000000 1.000000 -0.000000 -0.295100 0.000000 0.000000 0.000000 1.000000
-0.111759 -0.000000 -0.993735 -18.448900 -0.993735 0.000000 0.111759 -4.216300 -0.000000 1.000000 -0.000000 -0.295100 0.000000 0.000000 0.000000 1.000000</float_array>
        <technique_common>
          <accessor source="#mixamorig_R_B_skirt1-Matrix-animation-output-transform-array" count="35" stride="16">
            <param type="float4x4"/>
          </accessor>
        </technique_common>
      </source>
      <source id="mixamorig_R_B_skirt1-Interpolations">
        <Name_array id="mixamorig_R_B_skirt1-Interpolations-array" count="35">
 LINEAR LINEAR LINEAR LINEAR LINEAR LINEAR LINEAR LINEAR LINEAR LINEAR LINEAR
LINEAR LINEAR LINEAR LINEAR LINEAR LINEAR LINEAR LINEAR LINEAR LINEAR LINEAR LINEAR
LINEAR LINEAR LINEAR LINEAR LINEAR LINEAR LINEAR LINEAR LINEAR LINEAR LINEAR LINEAR</Name_array>
        <technique_common>
          <accessor source="#mixamorig_R_B_skirt1-Interpolations-array" count="35">
            <param type="name"/>
          </accessor>
        </technique_common>
      </source>
      <sampler id="mixamorig_R_B_skirt1-Matrix-animation-transform">
        <input semantic="INPUT" source="#mixamorig_R_B_skirt1-Matrix-animation-input"/>
        <input semantic="OUTPUT" source="#mixamorig_R_B_skirt1-Matrix-animation-output-transform"/>
        <input semantic="INTERPOLATION" source="#mixamorig_R_B_skirt1-Interpolations"/>
      </sampler>
      <channel source="#mixamorig_R_B_skirt1-Matrix-animation-transform" target="mixamorig_R_B_skirt1/matrix"/>
    </animation>
    <animation id="mixamorig_R_B_skirt2-anim" name="mixamorig_R_B_skirt2">
      <source id="mixamorig_R_B_skirt2-Matrix-animation-input">
        <float_array id="mixamorig_R_B_skirt2-Matrix-animation-input-array" count="35">

0.000000 0.033333 0.066667 0.100000 0.133333 0.166667 0.200000 0.233333 0.266667 0.300000 0.333333 0.366667 0.400000 0.433333 0.466667 0.500000
0.533333 0.566667 0.600000 0.633333 0.666667 0.700000 0.733333 0.766667 0.800000 0.833333 0.866667 0.900000 0.933333 0.966667 1.000000 1.033333
1.066667 1.100000 1.133333</float_array>
        <technique_common>
          <accessor source="#mixamorig_R_B_skirt2-Matrix-animation-input-array" count="35">
            <param name="TIME" type="float"/>
          </accessor>
        </technique_common>
      </source>
      <source id="mixamorig_R_B_skirt2-Matrix-animation-output-transform">
        <float_array id="mixamorig_R_B_skirt2-Matrix-animation-output-transform-array" count="560">

1.000000 -0.000000 0.000000 26.999701 0.000000 1.000000 0.000000 0.000000 0.000000 -0.000000 1.000000 0.000100 0.000000 0.000000 0.000000 1.000000
1.000000 -0.000000 0.000000 26.999701 -0.000000 1.000000 -0.000000 0.000000 0.000000 0.000000 1.000000 0.000100 0.000000 0.000000 0.000000 1.000000
1.000000 0.000000 0.000000 26.999701 -0.000000 1.000000 -0.000000 -0.000000 0.000000 -0.000000 1.000000 0.000100 0.000000 0.000000 0.000000 1.000000
1.000000 -0.000000 -0.000000 26.999701 0.000000 1.000000 -0.000000 -0.000000 0.000000 0.000000 1.000000 0.000100 0.000000 0.000000 0.000000 1.000000
1.000000 -0.000000 -0.000000 26.999701 -0.000000 1.000000 0.000000 0.000000 -0.000000 0.000000 1.000000 0.000100 0.000000 0.000000 0.000000 1.000000
1.000000 -0.000000 -0.000000 26.999701 -0.000000 1.000000 0.000000 0.000000 0.000000 0.000000 1.000000 0.000100 0.000000 0.000000 0.000000 1.000000
1.000000 0.000000 -0.000000 26.999701 0.000000 1.000000 -0.000000 0.000000 0.000000 0.000000 1.000000 0.000100 0.000000 0.000000 0.000000 1.000000
1.000000 -0.000000 0.000000 26.999701 -0.000000 1.000000 0.000000 0.000000 0.000000 -0.000000 1.000000 0.000100 0.000000 0.000000 0.000000 1.000000
1.000000 0.000000 0.000000 26.999701 0.000000 1.000000 0.000000 0.000000 -0.000000 0.000000 1.000000 0.000100 0.000000 0.000000 0.000000 1.000000
1.000000 0.000000 -0.000000 26.999701 -0.000000 1.000000 0.000000 0.000000 -0.000000 0.000000 1.000000 0.000100 0.000000 0.000000 0.000000 1.000000
1.000000 0.000000 -0.000000 26.999701 0.000000 1.000000 0.000000 0.000000 -0.000000 -0.000000 1.000000 0.000100 0.000000 0.000000 0.000000 1.000000
1.000000 0.000000 0.000000 26.999701 0.000000 1.000000 0.000000 0.000000 -0.000000 0.000000 1.000000 0.000100 0.000000 0.000000 0.000000 1.000000
1.000000 -0.000000 0.000000 26.999701 -0.000000 1.000000 0.000000 0.000000 -0.000000 0.000000 1.000000 0.000100 0.000000 0.000000 0.000000 1.000000
1.000000 0.000000 -0.000000 26.999701 0.000000 1.000000 0.000000 0.000000 -0.000000 0.000000 1.000000 0.000100 0.000000 0.000000 0.000000 1.000000
1.000000 0.000000 -0.000000 26.999701 -0.000000 1.000000 -0.000000 0.000000 -0.000000 0.000000 1.000000 0.000100 0.000000 0.000000 0.000000 1.000000
1.000000 0.000000 0.000000 26.999701 0.000000 1.000000 0.000000 0.000000 -0.000000 0.000000 1.000000 0.000100 0.000000 0.000000 0.000000 1.000000
1.000000 0.000000 -0.000000 26.999701 -0.000000 1.000000 0.000000 0.000000 0.000000 -0.000000 1.000000 0.000100 0.000000 0.000000 0.000000 1.000000
1.000000 -0.000000 0.000000 26.999701 0.000000 1.000000 -0.000000 0.000000 -0.000000 0.000000 1.000000 0.000100 0.000000 0.000000 0.000000 1.000000
1.000000 0.000000 0.000000 26.999701 -0.000000 1.000000 -0.000000 0.000000 -0.000000 0.000000 1.000000 0.000100 0.000000 0.000000 0.000000 1.000000
1.000000 0.000000 0.000000 26.999701 -0.000000 1.000000 -0.000000 0.000000 -0.000000 0.000000 1.000000 0.000100 0.000000 0.000000 0.000000 1.000000
1.000000 0.000000 -0.000000 26.999701 -0.000000 1.000000 -0.000000 0.000000 -0.000000 -0.000000 1.000000 0.000100 0.000000 0.000000 0.000000 1.000000
1.000000 0.000000 0.000000 26.999701 0.000000 1.000000 0.000000 0.000000 -0.000000 0.000000 1.000000 0.000100 0.000000 0.000000 0.000000 1.000000
1.000000 0.000000 -0.000000 26.999701 -0.000000 1.000000 -0.000000 0.000000 0.000000 0.000000 1.000000 0.000100 0.000000 0.000000 0.000000 1.000000
1.000000 0.000000 0.000000 26.999701 -0.000000 1.000000 -0.000000 0.000000 -0.000000 0.000000 1.000000 0.000100 0.000000 0.000000 0.000000 1.000000
1.000000 0.000000 -0.000000 26.999701 0.000000 1.000000 0.000000 -0.000000 0.000000 -0.000000 1.000000 0.000100 0.000000 0.000000 0.000000 1.000000
1.000000 0.000000 0.000000 26.999701 -0.000000 1.000000 -0.000000 -0.000000 0.000000 -0.000000 1.000000 0.000100 0.000000 0.000000 0.000000 1.000000
1.000000 0.000000 -0.000000 26.999701 -0.000000 1.000000 0.000000 0.000000 -0.000000 0.000000 1.000000 0.000100 0.000000 0.000000 0.000000 1.000000
1.000000 0.000000 0.000000 26.999701 0.000000 1.000000 0.000000 -0.000000 0.000000 -0.000000 1.000000 0.000100 0.000000 0.000000 0.000000 1.000000
1.000000 0.000000 -0.000000 26.999701 -0.000000 1.000000 -0.000000 0.000000 0.000000 -0.000000 1.000000 0.000100 0.000000 0.000000 0.000000 1.000000
1.000000 0.000000 -0.000000 26.999701 0.000000 1.000000 0.000000 0.000000 -0.000000 0.000000 1.000000 0.000100 0.000000 0.000000 0.000000 1.000000
1.000000 0.000000 0.000000 26.999701 0.000000 1.000000 0.000000 0.000000 0.000000 0.000000 1.000000 0.000100 0.000000 0.000000 0.000000 1.000000
1.000000 0.000000 -0.000000 26.999701 0.000000 1.000000 0.000000 0.000000 -0.000000 -0.000000 1.000000 0.000100 0.000000 0.000000 0.000000 1.000000
1.000000 0.000000 0.000000 26.999701 -0.000000 1.000000 -0.000000 -0.000000 0.000000 -0.000000 1.000000 0.000100 0.000000 0.000000 0.000000 1.000000
1.000000 0.000000 0.000000 26.999701 0.000000 1.000000 0.000000 -0.000000 0.000000 0.000000 1.000000 0.000100 0.000000 0.000000 0.000000 1.000000
1.000000 0.000000 0.000000 26.999701 0.000000 1.000000 0.000000 0.000000 0.000000 0.000000 1.000000 0.000100 0.000000 0.000000 0.000000 1.000000</float_array>
        <technique_common>
          <accessor source="#mixamorig_R_B_skirt2-Matrix-animation-output-transform-array" count="35" stride="16">
            <param type="float4x4"/>
          </accessor>
        </technique_common>
      </source>
      <source id="mixamorig_R_B_skirt2-Interpolations">
        <Name_array id="mixamorig_R_B_skirt2-Interpolations-array" count="35">
 LINEAR LINEAR LINEAR LINEAR LINEAR LINEAR LINEAR LINEAR LINEAR LINEAR LINEAR
LINEAR LINEAR LINEAR LINEAR LINEAR LINEAR LINEAR LINEAR LINEAR LINEAR LINEAR LINEAR
LINEAR LINEAR LINEAR LINEAR LINEAR LINEAR LINEAR LINEAR LINEAR LINEAR LINEAR LINEAR</Name_array>
        <technique_common>
          <accessor source="#mixamorig_R_B_skirt2-Interpolations-array" count="35">
            <param type="name"/>
          </accessor>
        </technique_common>
      </source>
      <sampler id="mixamorig_R_B_skirt2-Matrix-animation-transform">
        <input semantic="INPUT" source="#mixamorig_R_B_skirt2-Matrix-animation-input"/>
        <input semantic="OUTPUT" source="#mixamorig_R_B_skirt2-Matrix-animation-output-transform"/>
        <input semantic="INTERPOLATION" source="#mixamorig_R_B_skirt2-Interpolations"/>
      </sampler>
      <channel source="#mixamorig_R_B_skirt2-Matrix-animation-transform" target="mixamorig_R_B_skirt2/matrix"/>
    </animation>
    <animation id="mixamorig_R_B_skirt3-anim" name="mixamorig_R_B_skirt3">
      <source id="mixamorig_R_B_skirt3-Matrix-animation-input">
        <float_array id="mixamorig_R_B_skirt3-Matrix-animation-input-array" count="35">

0.000000 0.033333 0.066667 0.100000 0.133333 0.166667 0.200000 0.233333 0.266667 0.300000 0.333333 0.366667 0.400000 0.433333 0.466667 0.500000
0.533333 0.566667 0.600000 0.633333 0.666667 0.700000 0.733333 0.766667 0.800000 0.833333 0.866667 0.900000 0.933333 0.966667 1.000000 1.033333
1.066667 1.100000 1.133333</float_array>
        <technique_common>
          <accessor source="#mixamorig_R_B_skirt3-Matrix-animation-input-array" count="35">
            <param name="TIME" type="float"/>
          </accessor>
        </technique_common>
      </source>
      <source id="mixamorig_R_B_skirt3-Matrix-animation-output-transform">
        <float_array id="mixamorig_R_B_skirt3-Matrix-animation-output-transform-array" count="560">

1.000000 0.000000 -0.000000 26.999901 0.000000 1.000000 0.000000 -0.000000 0.000000 0.000000 1.000000 0.000000 0.000000 0.000000 0.000000 1.000000
1.000000 -0.000000 0.000000 26.999901 0.000000 1.000000 -0.000000 0.000000 0.000000 0.000000 1.000000 -0.000000 0.000000 0.000000 0.000000 1.000000
1.000000 0.000000 0.000000 26.999901 0.000000 1.000000 -0.000000 0.000000 -0.000000 -0.000000 1.000000 0.000000 0.000000 0.000000 0.000000 1.000000
1.000000 -0.000000 0.000000 26.999901 0.000000 1.000000 0.000000 0.000000 0.000000 0.000000 1.000000 0.000000 0.000000 0.000000 0.000000 1.000000
1.000000 0.000000 -0.000000 26.999901 -0.000000 1.000000 0.000000 0.000000 -0.000000 -0.000000 1.000000 0.000000 0.000000 0.000000 0.000000 1.000000
1.000000 -0.000000 0.000000 26.999901 0.000000 1.000000 0.000000 0.000000 0.000000 0.000000 1.000000 -0.000000 0.000000 0.000000 0.000000 1.000000
1.000000 -0.000000 -0.000000 26.999901 0.000000 1.000000 -0.000000 0.000000 0.000000 0.000000 1.000000 0.000000 0.000000 0.000000 0.000000 1.000000
1.000000 -0.000000 0.000000 26.999901 -0.000000 1.000000 0.000000 0.000000 -0.000000 -0.000000 1.000000 -0.000000 0.000000 0.000000 0.000000 1.000000
1.000000 0.000000 0.000000 26.999901 0.000000 1.000000 0.000000 0.000000 0.000000 0.000000 1.000000 0.000000 0.000000 0.000000 0.000000 1.000000
1.000000 0.000000 0.000000 26.999901 0.000000 1.000000 0.000000 -0.000000 0.000000 0.000000 1.000000 -0.000000 0.000000 0.000000 0.000000 1.000000
1.000000 0.000000 -0.000000 26.999901 0.000000 1.000000 0.000000 0.000000 0.000000 -0.000000 1.000000 -0.000000 0.000000 0.000000 0.000000 1.000000
1.000000 -0.000000 -0.000000 26.999901 -0.000000 1.000000 -0.000000 0.000000 -0.000000 0.000000 1.000000 0.000000 0.000000 0.000000 0.000000 1.000000
1.000000 -0.000000 -0.000000 26.999901 -0.000000 1.000000 0.000000 0.000000 0.000000 0.000000 1.000000 0.000000 0.000000 0.000000 0.000000 1.000000
1.000000 0.000000 -0.000000 26.999901 0.000000 1.000000 0.000000 0.000000 -0.000000 0.000000 1.000000 0.000000 0.000000 0.000000 0.000000 1.000000
1.000000 -0.000000 0.000000 26.999901 -0.000000 1.000000 0.000000 0.000000 -0.000000 0.000000 1.000000 0.000000 0.000000 0.000000 0.000000 1.000000
1.000000 0.000000 -0.000000 26.999901 0.000000 1.000000 0.000000 0.000000 0.000000 0.000000 1.000000 0.000000 0.000000 0.000000 0.000000 1.000000
1.000000 -0.000000 -0.000000 26.999901 -0.000000 1.000000 0.000000 0.000000 0.000000 -0.000000 1.000000 0.000000 0.000000 0.000000 0.000000 1.000000
1.000000 -0.000000 0.000000 26.999901 0.000000 1.000000 -0.000000 0.000000 -0.000000 0.000000 1.000000 0.000000 0.000000 0.000000 0.000000 1.000000
1.000000 0.000000 -0.000000 26.999901 -0.000000 1.000000 -0.000000 -0.000000 -0.000000 -0.000000 1.000000 0.000000 0.000000 0.000000 0.000000 1.000000
1.000000 0.000000 0.000000 26.999901 0.000000 1.000000 -0.000000 -0.000000 0.000000 -0.000000 1.000000 0.000000 0.000000 0.000000 0.000000 1.000000
1.000000 0.000000 0.000000 26.999901 -0.000000 1.000000 0.000000 0.000000 0.000000 -0.000000 1.000000 0.000000 0.000000 0.000000 0.000000 1.000000
1.000000 0.000000 0.000000 26.999901 0.000000 1.000000 0.000000 0.000000 -0.000000 0.000000 1.000000 -0.000000 0.000000 0.000000 0.000000 1.000000
1.000000 0.000000 -0.000000 26.999901 -0.000000 1.000000 -0.000000 -0.000000 0.000000 0.000000 1.000000 0.000000 0.000000 0.000000 0.000000 1.000000
1.000000 0.000000 -0.000000 26.999901 0.000000 1.000000 -0.000000 0.000000 0.000000 0.000000 1.000000 -0.000000 0.000000 0.000000 0.000000 1.000000
1.000000 0.000000 0.000000 26.999901 0.000000 1.000000 0.000000 -0.000000 0.000000 -0.000000 1.000000 0.000000 0.000000 0.000000 0.000000 1.000000
1.000000 -0.000000 0.000000 26.999901 -0.000000 1.000000 -0.000000 0.000000 0.000000 0.000000 1.000000 0.000000 0.000000 0.000000 0.000000 1.000000
1.000000 0.000000 -0.000000 26.999901 -0.000000 1.000000 -0.000000 0.000000 0.000000 0.000000 1.000000 -0.000000 0.000000 0.000000 0.000000 1.000000
1.000000 0.000000 0.000000 26.999901 0.000000 1.000000 0.000000 -0.000000 0.000000 0.000000 1.000000 0.000000 0.000000 0.000000 0.000000 1.000000
1.000000 -0.000000 0.000000 26.999901 -0.000000 1.000000 0.000000 0.000000 0.000000 -0.000000 1.000000 0.000000 0.000000 0.000000 0.000000 1.000000
1.000000 -0.000000 0.000000 26.999901 -0.000000 1.000000 0.000000 0.000000 -0.000000 0.000000 1.000000 0.000000 0.000000 0.000000 0.000000 1.000000
1.000000 0.000000 0.000000 26.999901 0.000000 1.000000 0.000000 -0.000000 0.000000 0.000000 1.000000 0.000000 0.000000 0.000000 0.000000 1.000000
1.000000 0.000000 0.000000 26.999901 0.000000 1.000000 0.000000 -0.000000 0.000000 0.000000 1.000000 0.000000 0.000000 0.000000 0.000000 1.000000
1.000000 0.000000 -0.000000 26.999901 -0.000000 1.000000 -0.000000 0.000000 0.000000 -0.000000 1.000000 0.000000 0.000000 0.000000 0.000000 1.000000
1.000000 0.000000 0.000000 26.999901 0.000000 1.000000 0.000000 0.000000 0.000000 0.000000 1.000000 0.000000 0.000000 0.000000 0.000000 1.000000
1.000000 -0.000000 0.000000 26.999901 0.000000 1.000000 0.000000 0.000000 0.000000 0.000000 1.000000 0.000000 0.000000 0.000000 0.000000 1.000000</float_array>
        <technique_common>
          <accessor source="#mixamorig_R_B_skirt3-Matrix-animation-output-transform-array" count="35" stride="16">
            <param type="float4x4"/>
          </accessor>
        </technique_common>
      </source>
      <source id="mixamorig_R_B_skirt3-Interpolations">
        <Name_array id="mixamorig_R_B_skirt3-Interpolations-array" count="35">
 LINEAR LINEAR LINEAR LINEAR LINEAR LINEAR LINEAR LINEAR LINEAR LINEAR LINEAR
LINEAR LINEAR LINEAR LINEAR LINEAR LINEAR LINEAR LINEAR LINEAR LINEAR LINEAR LINEAR
LINEAR LINEAR LINEAR LINEAR LINEAR LINEAR LINEAR LINEAR LINEAR LINEAR LINEAR LINEAR</Name_array>
        <technique_common>
          <accessor source="#mixamorig_R_B_skirt3-Interpolations-array" count="35">
            <param type="name"/>
          </accessor>
        </technique_common>
      </source>
      <sampler id="mixamorig_R_B_skirt3-Matrix-animation-transform">
        <input semantic="INPUT" source="#mixamorig_R_B_skirt3-Matrix-animation-input"/>
        <input semantic="OUTPUT" source="#mixamorig_R_B_skirt3-Matrix-animation-output-transform"/>
        <input semantic="INTERPOLATION" source="#mixamorig_R_B_skirt3-Interpolations"/>
      </sampler>
      <channel source="#mixamorig_R_B_skirt3-Matrix-animation-transform" target="mixamorig_R_B_skirt3/matrix"/>
    </animation>
    <animation id="mixamorig_R_bag1-anim" name="mixamorig_R_bag1">
      <source id="mixamorig_R_bag1-Matrix-animation-input">
        <float_array id="mixamorig_R_bag1-Matrix-animation-input-array" count="35">

0.000000 0.033333 0.066667 0.100000 0.133333 0.166667 0.200000 0.233333 0.266667 0.300000 0.333333 0.366667 0.400000 0.433333 0.466667 0.500000
0.533333 0.566667 0.600000 0.633333 0.666667 0.700000 0.733333 0.766667 0.800000 0.833333 0.866667 0.900000 0.933333 0.966667 1.000000 1.033333
1.066667 1.100000 1.133333</float_array>
        <technique_common>
          <accessor source="#mixamorig_R_bag1-Matrix-animation-input-array" count="35">
            <param name="TIME" type="float"/>
          </accessor>
        </technique_common>
      </source>
      <source id="mixamorig_R_bag1-Matrix-animation-output-transform">
        <float_array id="mixamorig_R_bag1-Matrix-animation-output-transform-array" count="560">

0.973707 -0.116729 -0.195624 6.766800 -0.197277 -0.002660 -0.980344 2.209500 0.113914 0.993160 -0.025618 5.400800 0.000000 0.000000 0.000000 1.000000
0.973707 -0.116729 -0.195624 6.766800 -0.197277 -0.002660 -0.980344 2.209500 0.113914 0.993160 -0.025618 5.400800 0.000000 0.000000 0.000000 1.000000
0.973707 -0.116729 -0.195624 6.766800 -0.197277 -0.002660 -0.980344 2.209500 0.113914 0.993160 -0.025618 5.400800 0.000000 0.000000 0.000000 1.000000
0.973707 -0.116729 -0.195624 6.766800 -0.197277 -0.002660 -0.980344 2.209500 0.113914 0.993160 -0.025618 5.400800 0.000000 0.000000 0.000000 1.000000
0.973707 -0.116729 -0.195624 6.766800 -0.197277 -0.002660 -0.980344 2.209500 0.113914 0.993160 -0.025618 5.400800 0.000000 0.000000 0.000000 1.000000
0.973707 -0.116729 -0.195624 6.766800 -0.197277 -0.002660 -0.980344 2.209500 0.113914 0.993160 -0.025618 5.400800 0.000000 0.000000 0.000000 1.000000
0.973707 -0.116729 -0.195624 6.766800 -0.197277 -0.002660 -0.980344 2.209500 0.113914 0.993160 -0.025618 5.400800 0.000000 0.000000 0.000000 1.000000
0.973707 -0.116729 -0.195624 6.766800 -0.197277 -0.002660 -0.980344 2.209500 0.113914 0.993160 -0.025618 5.400800 0.000000 0.000000 0.000000 1.000000
0.973707 -0.116729 -0.195624 6.766800 -0.197277 -0.002660 -0.980344 2.209500 0.113914 0.993160 -0.025618 5.400800 0.000000 0.000000 0.000000 1.000000
0.973707 -0.116729 -0.195624 6.766800 -0.197277 -0.002660 -0.980344 2.209500 0.113914 0.993160 -0.025618 5.400800 0.000000 0.000000 0.000000 1.000000
0.973707 -0.116729 -0.195624 6.766800 -0.197277 -0.002660 -0.980344 2.209500 0.113914 0.993160 -0.025618 5.400800 0.000000 0.000000 0.000000 1.000000
0.973707 -0.116729 -0.195624 6.766800 -0.197277 -0.002660 -0.980344 2.209500 0.113914 0.993160 -0.025618 5.400800 0.000000 0.000000 0.000000 1.000000
0.973707 -0.116729 -0.195624 6.766800 -0.197277 -0.002660 -0.980344 2.209500 0.113914 0.993160 -0.025618 5.400800 0.000000 0.000000 0.000000 1.000000
0.973707 -0.116729 -0.195624 6.766800 -0.197277 -0.002660 -0.980344 2.209500 0.113914 0.993160 -0.025618 5.400800 0.000000 0.000000 0.000000 1.000000
0.973707 -0.116729 -0.195624 6.766800 -0.197277 -0.002660 -0.980344 2.209500 0.113914 0.993160 -0.025618 5.400800 0.000000 0.000000 0.000000 1.000000
0.973707 -0.116729 -0.195624 6.766800 -0.197277 -0.002660 -0.980344 2.209500 0.113914 0.993160 -0.025618 5.400800 0.000000 0.000000 0.000000 1.000000
0.973707 -0.116729 -0.195624 6.766800 -0.197277 -0.002660 -0.980344 2.209500 0.113914 0.993160 -0.025618 5.400800 0.000000 0.000000 0.000000 1.000000
0.973707 -0.116729 -0.195624 6.766800 -0.197277 -0.002660 -0.980344 2.209500 0.113914 0.993160 -0.025618 5.400800 0.000000 0.000000 0.000000 1.000000
0.973707 -0.116729 -0.195624 6.766800 -0.197277 -0.002660 -0.980344 2.209500 0.113914 0.993160 -0.025618 5.400800 0.000000 0.000000 0.000000 1.000000
0.973707 -0.116729 -0.195624 6.766800 -0.197277 -0.002660 -0.980344 2.209500 0.113914 0.993160 -0.025618 5.400800 0.000000 0.000000 0.000000 1.000000
0.973707 -0.116729 -0.195624 6.766800 -0.197277 -0.002660 -0.980344 2.209500 0.113914 0.993160 -0.025618 5.400800 0.000000 0.000000 0.000000 1.000000
0.973707 -0.116729 -0.195624 6.766800 -0.197277 -0.002660 -0.980344 2.209500 0.113914 0.993160 -0.025618 5.400800 0.000000 0.000000 0.000000 1.000000
0.973707 -0.116729 -0.195624 6.766800 -0.197277 -0.002660 -0.980344 2.209500 0.113914 0.993160 -0.025618 5.400800 0.000000 0.000000 0.000000 1.000000
0.973707 -0.116729 -0.195624 6.766800 -0.197277 -0.002660 -0.980344 2.209500 0.113914 0.993160 -0.025618 5.400800 0.000000 0.000000 0.000000 1.000000
0.973707 -0.116729 -0.195624 6.766800 -0.197277 -0.002660 -0.980344 2.209500 0.113914 0.993160 -0.025618 5.400800 0.000000 0.000000 0.000000 1.000000
0.973707 -0.116729 -0.195624 6.766800 -0.197277 -0.002660 -0.980344 2.209500 0.113914 0.993160 -0.025618 5.400800 0.000000 0.000000 0.000000 1.000000
0.973707 -0.116729 -0.195624 6.766800 -0.197277 -0.002660 -0.980344 2.209500 0.113914 0.993160 -0.025618 5.400800 0.000000 0.000000 0.000000 1.000000
0.973707 -0.116729 -0.195624 6.766800 -0.197277 -0.002660 -0.980344 2.209500 0.113914 0.993160 -0.025618 5.400800 0.000000 0.000000 0.000000 1.000000
0.973707 -0.116729 -0.195624 6.766800 -0.197277 -0.002660 -0.980344 2.209500 0.113914 0.993160 -0.025618 5.400800 0.000000 0.000000 0.000000 1.000000
0.973707 -0.116729 -0.195624 6.766800 -0.197277 -0.002660 -0.980344 2.209500 0.113914 0.993160 -0.025618 5.400800 0.000000 0.000000 0.000000 1.000000
0.973707 -0.116729 -0.195624 6.766800 -0.197277 -0.002660 -0.980344 2.209500 0.113914 0.993160 -0.025618 5.400800 0.000000 0.000000 0.000000 1.000000
0.973707 -0.116729 -0.195624 6.766800 -0.197277 -0.002660 -0.980344 2.209500 0.113914 0.993160 -0.025618 5.400800 0.000000 0.000000 0.000000 1.000000
0.973707 -0.116729 -0.195624 6.766800 -0.197277 -0.002660 -0.980344 2.209500 0.113914 0.993160 -0.025618 5.400800 0.000000 0.000000 0.000000 1.000000
0.973707 -0.116729 -0.195624 6.766800 -0.197277 -0.002660 -0.980344 2.209500 0.113914 0.993160 -0.025618 5.400800 0.000000 0.000000 0.000000 1.000000
0.973707 -0.116729 -0.195624 6.766800 -0.197277 -0.002660 -0.980344 2.209500 0.113914 0.993160 -0.025618 5.400800 0.000000 0.000000 0.000000 1.000000</float_array>
        <technique_common>
          <accessor source="#mixamorig_R_bag1-Matrix-animation-output-transform-array" count="35" stride="16">
            <param type="float4x4"/>
          </accessor>
        </technique_common>
      </source>
      <source id="mixamorig_R_bag1-Interpolations">
        <Name_array id="mixamorig_R_bag1-Interpolations-array" count="35">
 LINEAR LINEAR LINEAR LINEAR LINEAR LINEAR LINEAR LINEAR LINEAR LINEAR LINEAR
LINEAR LINEAR LINEAR LINEAR LINEAR LINEAR LINEAR LINEAR LINEAR LINEAR LINEAR LINEAR
LINEAR LINEAR LINEAR LINEAR LINEAR LINEAR LINEAR LINEAR LINEAR LINEAR LINEAR LINEAR</Name_array>
        <technique_common>
          <accessor source="#mixamorig_R_bag1-Interpolations-array" count="35">
            <param type="name"/>
          </accessor>
        </technique_common>
      </source>
      <sampler id="mixamorig_R_bag1-Matrix-animation-transform">
        <input semantic="INPUT" source="#mixamorig_R_bag1-Matrix-animation-input"/>
        <input semantic="OUTPUT" source="#mixamorig_R_bag1-Matrix-animation-output-transform"/>
        <input semantic="INTERPOLATION" source="#mixamorig_R_bag1-Interpolations"/>
      </sampler>
      <channel source="#mixamorig_R_bag1-Matrix-animation-transform" target="mixamorig_R_bag1/matrix"/>
    </animation>
    <animation id="mixamorig_R_C_skirt1-anim" name="mixamorig_R_C_skirt1">
      <source id="mixamorig_R_C_skirt1-Matrix-animation-input">
        <float_array id="mixamorig_R_C_skirt1-Matrix-animation-input-array" count="35">

0.000000 0.033333 0.066667 0.100000 0.133333 0.166667 0.200000 0.233333 0.266667 0.300000 0.333333 0.366667 0.400000 0.433333 0.466667 0.500000
0.533333 0.566667 0.600000 0.633333 0.666667 0.700000 0.733333 0.766667 0.800000 0.833333 0.866667 0.900000 0.933333 0.966667 1.000000 1.033333
1.066667 1.100000 1.133333</float_array>
        <technique_common>
          <accessor source="#mixamorig_R_C_skirt1-Matrix-animation-input-array" count="35">
            <param name="TIME" type="float"/>
          </accessor>
        </technique_common>
      </source>
      <source id="mixamorig_R_C_skirt1-Matrix-animation-output-transform">
        <float_array id="mixamorig_R_C_skirt1-Matrix-animation-output-transform-array" count="560">

-0.023939 -0.971540 -0.235663 -7.049900 -0.998221 0.010354 0.058718 -6.149900 -0.054607 0.236649 -0.970059 -15.762700 0.000000 0.000000 0.000000 1.000000
-0.023939 -0.971540 -0.235663 -7.049900 -0.998221 0.010354 0.058718 -6.149900 -0.054607 0.236649 -0.970059 -15.762700 0.000000 0.000000 0.000000 1.000000
-0.023939 -0.971540 -0.235663 -7.049900 -0.998221 0.010354 0.058718 -6.149900 -0.054607 0.236649 -0.970059 -15.762700 0.000000 0.000000 0.000000 1.000000
-0.023939 -0.971540 -0.235663 -7.049900 -0.998221 0.010354 0.058718 -6.149900 -0.054607 0.236649 -0.970059 -15.762700 0.000000 0.000000 0.000000 1.000000
-0.023939 -0.971540 -0.235663 -7.049900 -0.998221 0.010354 0.058718 -6.149900 -0.054607 0.236649 -0.970059 -15.762700 0.000000 0.000000 0.000000 1.000000
-0.023939 -0.971540 -0.235663 -7.049900 -0.998221 0.010354 0.058718 -6.149900 -0.054607 0.236649 -0.970059 -15.762700 0.000000 0.000000 0.000000 1.000000
-0.023939 -0.971540 -0.235663 -7.049900 -0.998221 0.010354 0.058718 -6.149900 -0.054607 0.236649 -0.970059 -15.762700 0.000000 0.000000 0.000000 1.000000
-0.023939 -0.971540 -0.235663 -7.049900 -0.998221 0.010354 0.058718 -6.149900 -0.054607 0.236649 -0.970059 -15.762700 0.000000 0.000000 0.000000 1.000000
-0.023939 -0.971540 -0.235663 -7.049900 -0.998221 0.010354 0.058718 -6.149900 -0.054607 0.236649 -0.970059 -15.762700 0.000000 0.000000 0.000000 1.000000
-0.023939 -0.971540 -0.235663 -7.049900 -0.998221 0.010354 0.058718 -6.149900 -0.054607 0.236649 -0.970059 -15.762700 0.000000 0.000000 0.000000 1.000000
-0.023939 -0.971540 -0.235663 -7.049900 -0.998221 0.010354 0.058718 -6.149900 -0.054607 0.236649 -0.970059 -15.762700 0.000000 0.000000 0.000000 1.000000
-0.023939 -0.971540 -0.235663 -7.049900 -0.998221 0.010354 0.058718 -6.149900 -0.054607 0.236649 -0.970059 -15.762700 0.000000 0.000000 0.000000 1.000000
-0.023939 -0.971540 -0.235663 -7.049900 -0.998221 0.010354 0.058718 -6.149900 -0.054607 0.236649 -0.970059 -15.762700 0.000000 0.000000 0.000000 1.000000
-0.023939 -0.971540 -0.235663 -7.049900 -0.998221 0.010354 0.058718 -6.149900 -0.054607 0.236649 -0.970059 -15.762700 0.000000 0.000000 0.000000 1.000000
-0.023939 -0.971540 -0.235663 -7.049900 -0.998221 0.010354 0.058718 -6.149900 -0.054607 0.236649 -0.970059 -15.762700 0.000000 0.000000 0.000000 1.000000
-0.023939 -0.971540 -0.235663 -7.049900 -0.998221 0.010354 0.058718 -6.149900 -0.054607 0.236649 -0.970059 -15.762700 0.000000 0.000000 0.000000 1.000000
-0.023939 -0.971540 -0.235663 -7.049900 -0.998221 0.010354 0.058718 -6.149900 -0.054607 0.236649 -0.970059 -15.762700 0.000000 0.000000 0.000000 1.000000
-0.023939 -0.971540 -0.235663 -7.049900 -0.998221 0.010354 0.058718 -6.149900 -0.054607 0.236649 -0.970059 -15.762700 0.000000 0.000000 0.000000 1.000000
-0.023939 -0.971540 -0.235663 -7.049900 -0.998221 0.010354 0.058718 -6.149900 -0.054607 0.236649 -0.970059 -15.762700 0.000000 0.000000 0.000000 1.000000
-0.023939 -0.971540 -0.235663 -7.049900 -0.998221 0.010354 0.058718 -6.149900 -0.054607 0.236649 -0.970059 -15.762700 0.000000 0.000000 0.000000 1.000000
-0.023939 -0.971540 -0.235663 -7.049900 -0.998221 0.010354 0.058718 -6.149900 -0.054607 0.236649 -0.970059 -15.762700 0.000000 0.000000 0.000000 1.000000
-0.023939 -0.971540 -0.235663 -7.049900 -0.998221 0.010354 0.058718 -6.149900 -0.054607 0.236649 -0.970059 -15.762700 0.000000 0.000000 0.000000 1.000000
-0.023939 -0.971540 -0.235663 -7.049900 -0.998221 0.010354 0.058718 -6.149900 -0.054607 0.236649 -0.970059 -15.762700 0.000000 0.000000 0.000000 1.000000
-0.023939 -0.971540 -0.235663 -7.049900 -0.998221 0.010354 0.058718 -6.149900 -0.054607 0.236649 -0.970059 -15.762700 0.000000 0.000000 0.000000 1.000000
-0.023939 -0.971540 -0.235663 -7.049900 -0.998221 0.010354 0.058718 -6.149900 -0.054607 0.236649 -0.970059 -15.762700 0.000000 0.000000 0.000000 1.000000
-0.023939 -0.971540 -0.235663 -7.049900 -0.998221 0.010354 0.058718 -6.149900 -0.054607 0.236649 -0.970059 -15.762700 0.000000 0.000000 0.000000 1.000000
-0.023939 -0.971540 -0.235663 -7.049900 -0.998221 0.010354 0.058718 -6.149900 -0.054607 0.236649 -0.970059 -15.762700 0.000000 0.000000 0.000000 1.000000
-0.023939 -0.971540 -0.235663 -7.049900 -0.998221 0.010354 0.058718 -6.149900 -0.054607 0.236649 -0.970059 -15.762700 0.000000 0.000000 0.000000 1.000000
-0.023939 -0.971540 -0.235663 -7.049900 -0.998221 0.010354 0.058718 -6.149900 -0.054607 0.236649 -0.970059 -15.762700 0.000000 0.000000 0.000000 1.000000
-0.023939 -0.971540 -0.235663 -7.049900 -0.998221 0.010354 0.058718 -6.149900 -0.054607 0.236649 -0.970059 -15.762700 0.000000 0.000000 0.000000 1.000000
-0.023939 -0.971540 -0.235663 -7.049900 -0.998221 0.010354 0.058718 -6.149900 -0.054607 0.236649 -0.970059 -15.762700 0.000000 0.000000 0.000000 1.000000
-0.023939 -0.971540 -0.235663 -7.049900 -0.998221 0.010354 0.058718 -6.149900 -0.054607 0.236649 -0.970059 -15.762700 0.000000 0.000000 0.000000 1.000000
-0.023939 -0.971540 -0.235663 -7.049900 -0.998221 0.010354 0.058718 -6.149900 -0.054607 0.236649 -0.970059 -15.762700 0.000000 0.000000 0.000000 1.000000
-0.023939 -0.971540 -0.235663 -7.049900 -0.998221 0.010354 0.058718 -6.149900 -0.054607 0.236649 -0.970059 -15.762700 0.000000 0.000000 0.000000 1.000000
-0.023939 -0.971540 -0.235663 -7.049900 -0.998221 0.010354 0.058718 -6.149900 -0.054607 0.236649 -0.970059 -15.762700 0.000000 0.000000 0.000000 1.000000</float_array>
        <technique_common>
          <accessor source="#mixamorig_R_C_skirt1-Matrix-animation-output-transform-array" count="35" stride="16">
            <param type="float4x4"/>
          </accessor>
        </technique_common>
      </source>
      <source id="mixamorig_R_C_skirt1-Interpolations">
        <Name_array id="mixamorig_R_C_skirt1-Interpolations-array" count="35">
 LINEAR LINEAR LINEAR LINEAR LINEAR LINEAR LINEAR LINEAR LINEAR LINEAR LINEAR
LINEAR LINEAR LINEAR LINEAR LINEAR LINEAR LINEAR LINEAR LINEAR LINEAR LINEAR LINEAR
LINEAR LINEAR LINEAR LINEAR LINEAR LINEAR LINEAR LINEAR LINEAR LINEAR LINEAR LINEAR</Name_array>
        <technique_common>
          <accessor source="#mixamorig_R_C_skirt1-Interpolations-array" count="35">
            <param type="name"/>
          </accessor>
        </technique_common>
      </source>
      <sampler id="mixamorig_R_C_skirt1-Matrix-animation-transform">
        <input semantic="INPUT" source="#mixamorig_R_C_skirt1-Matrix-animation-input"/>
        <input semantic="OUTPUT" source="#mixamorig_R_C_skirt1-Matrix-animation-output-transform"/>
        <input semantic="INTERPOLATION" source="#mixamorig_R_C_skirt1-Interpolations"/>
      </sampler>
      <channel source="#mixamorig_R_C_skirt1-Matrix-animation-transform" target="mixamorig_R_C_skirt1/matrix"/>
    </animation>
    <animation id="mixamorig_R_C_skirt2-anim" name="mixamorig_R_C_skirt2">
      <source id="mixamorig_R_C_skirt2-Matrix-animation-input">
        <float_array id="mixamorig_R_C_skirt2-Matrix-animation-input-array" count="35">

0.000000 0.033333 0.066667 0.100000 0.133333 0.166667 0.200000 0.233333 0.266667 0.300000 0.333333 0.366667 0.400000 0.433333 0.466667 0.500000
0.533333 0.566667 0.600000 0.633333 0.666667 0.700000 0.733333 0.766667 0.800000 0.833333 0.866667 0.900000 0.933333 0.966667 1.000000 1.033333
1.066667 1.100000 1.133333</float_array>
        <technique_common>
          <accessor source="#mixamorig_R_C_skirt2-Matrix-animation-input-array" count="35">
            <param name="TIME" type="float"/>
          </accessor>
        </technique_common>
      </source>
      <source id="mixamorig_R_C_skirt2-Matrix-animation-output-transform">
        <float_array id="mixamorig_R_C_skirt2-Matrix-animation-output-transform-array" count="560">

1.000000 -0.000000 0.000000 27.999701 0.000000 1.000000 -0.000000 0.000000 -0.000000 0.000000 1.000000 0.000000 0.000000 0.000000 0.000000 1.000000
1.000000 -0.000000 0.000000 27.999701 0.000000 1.000000 -0.000000 0.000000 -0.000000 0.000000 1.000000 0.000000 0.000000 0.000000 0.000000 1.000000
1.000000 -0.000000 -0.000000 27.999701 0.000000 1.000000 0.000000 -0.000000 -0.000000 0.000000 1.000000 0.000000 0.000000 0.000000 0.000000 1.000000
1.000000 -0.000000 0.000000 27.999701 0.000000 1.000000 0.000000 0.000000 -0.000000 -0.000000 1.000000 0.000000 0.000000 0.000000 0.000000 1.000000
1.000000 -0.000000 0.000000 27.999701 0.000000 1.000000 0.000000 0.000000 -0.000000 -0.000000 1.000000 0.000000 0.000000 0.000000 0.000000 1.000000
1.000000 0.000000 -0.000000 27.999701 -0.000000 1.000000 0.000000 0.000000 0.000000 -0.000000 1.000000 0.000000 0.000000 0.000000 0.000000 1.000000
1.000000 -0.000000 -0.000000 27.999701 -0.000000 1.000000 0.000000 0.000000 -0.000000 0.000000 1.000000 0.000000 0.000000 0.000000 0.000000 1.000000
1.000000 -0.000000 0.000000 27.999701 -0.000000 1.000000 -0.000000 0.000000 0.000000 0.000000 1.000000 0.000000 0.000000 0.000000 0.000000 1.000000
1.000000 -0.000000 0.000000 27.999701 -0.000000 1.000000 -0.000000 -0.000000 0.000000 -0.000000 1.000000 0.000000 0.000000 0.000000 0.000000 1.000000
1.000000 -0.000000 0.000000 27.999701 -0.000000 1.000000 -0.000000 0.000000 0.000000 0.000000 1.000000 0.000000 0.000000 0.000000 0.000000 1.000000
1.000000 -0.000000 0.000000 27.999701 0.000000 1.000000 -0.000000 0.000000 0.000000 0.000000 1.000000 -0.000000 0.000000 0.000000 0.000000 1.000000
1.000000 0.000000 0.000000 27.999701 0.000000 1.000000 0.000000 0.000000 0.000000 0.000000 1.000000 0.000000 0.000000 0.000000 0.000000 1.000000
1.000000 -0.000000 0.000000 27.999701 0.000000 1.000000 0.000000 0.000000 -0.000000 0.000000 1.000000 0.000000 0.000000 0.000000 0.000000 1.000000
1.000000 -0.000000 -0.000000 27.999701 0.000000 1.000000 0.000000 0.000000 0.000000 0.000000 1.000000 -0.000000 0.000000 0.000000 0.000000 1.000000
1.000000 0.000000 0.000000 27.999701 0.000000 1.000000 0.000000 0.000000 -0.000000 -0.000000 1.000000 0.000000 0.000000 0.000000 0.000000 1.000000
1.000000 0.000000 -0.000000 27.999701 -0.000000 1.000000 0.000000 0.000000 0.000000 0.000000 1.000000 0.000000 0.000000 0.000000 0.000000 1.000000
1.000000 0.000000 -0.000000 27.999701 -0.000000 1.000000 -0.000000 -0.000000 -0.000000 0.000000 1.000000 0.000000 0.000000 0.000000 0.000000 1.000000
1.000000 0.000000 -0.000000 27.999701 -0.000000 1.000000 -0.000000 -0.000000 -0.000000 -0.000000 1.000000 0.000000 0.000000 0.000000 0.000000 1.000000
1.000000 0.000000 -0.000000 27.999701 -0.000000 1.000000 -0.000000 0.000000 -0.000000 0.000000 1.000000 0.000000 0.000000 0.000000 0.000000 1.000000
1.000000 0.000000 0.000000 27.999701 -0.000000 1.000000 -0.000000 -0.000000 0.000000 -0.000000 1.000000 -0.000000 0.000000 0.000000 0.000000 1.000000
1.000000 0.000000 0.000000 27.999701 0.000000 1.000000 0.000000 0.000000 0.000000 -0.000000 1.000000 -0.000000 0.000000 0.000000 0.000000 1.000000
1.000000 0.000000 0.000000 27.999701 0.000000 1.000000 -0.000000 0.000000 0.000000 -0.000000 1.000000 0.000000 0.000000 0.000000 0.000000 1.000000
1.000000 0.000000 0.000000 27.999701 0.000000 1.000000 -0.000000 0.000000 0.000000 -0.000000 1.000000 0.000000 0.000000 0.000000 0.000000 1.000000
1.000000 -0.000000 -0.000000 27.999701 0.000000 1.000000 0.000000 0.000000 0.000000 -0.000000 1.000000 -0.000000 0.000000 0.000000 0.000000 1.000000
1.000000 0.000000 -0.000000 27.999701 -0.000000 1.000000 -0.000000 0.000000 0.000000 0.000000 1.000000 0.000000 0.000000 0.000000 0.000000 1.000000
1.000000 -0.000000 0.000000 27.999701 -0.000000 1.000000 -0.000000 0.000000 -0.000000 0.000000 1.000000 0.000000 0.000000 0.000000 0.000000 1.000000
1.000000 -0.000000 0.000000 27.999701 0.000000 1.000000 0.000000 0.000000 0.000000 0.000000 1.000000 0.000000 0.000000 0.000000 0.000000 1.000000
1.000000 0.000000 0.000000 27.999701 -0.000000 1.000000 -0.000000 0.000000 0.000000 -0.000000 1.000000 0.000000 0.000000 0.000000 0.000000 1.000000
1.000000 0.000000 -0.000000 27.999701 -0.000000 1.000000 0.000000 0.000000 0.000000 0.000000 1.000000 0.000000 0.000000 0.000000 0.000000 1.000000
1.000000 0.000000 -0.000000 27.999701 0.000000 1.000000 -0.000000 -0.000000 -0.000000 0.000000 1.000000 -0.000000 0.000000 0.000000 0.000000 1.000000
1.000000 0.000000 -0.000000 27.999701 0.000000 1.000000 0.000000 -0.000000 -0.000000 0.000000 1.000000 0.000000 0.000000 0.000000 0.000000 1.000000
1.000000 -0.000000 -0.000000 27.999701 0.000000 1.000000 0.000000 0.000000 -0.000000 0.000000 1.000000 0.000000 0.000000 0.000000 0.000000 1.000000
1.000000 0.000000 -0.000000 27.999701 -0.000000 1.000000 -0.000000 0.000000 -0.000000 0.000000 1.000000 0.000000 0.000000 0.000000 0.000000 1.000000
1.000000 -0.000000 0.000000 27.999701 -0.000000 1.000000 -0.000000 0.000000 -0.000000 -0.000000 1.000000 0.000000 0.000000 0.000000 0.000000 1.000000
1.000000 -0.000000 -0.000000 27.999701 -0.000000 1.000000 0.000000 0.000000 0.000000 -0.000000 1.000000 0.000000 0.000000 0.000000 0.000000 1.000000</float_array>
        <technique_common>
          <accessor source="#mixamorig_R_C_skirt2-Matrix-animation-output-transform-array" count="35" stride="16">
            <param type="float4x4"/>
          </accessor>
        </technique_common>
      </source>
      <source id="mixamorig_R_C_skirt2-Interpolations">
        <Name_array id="mixamorig_R_C_skirt2-Interpolations-array" count="35">
 LINEAR LINEAR LINEAR LINEAR LINEAR LINEAR LINEAR LINEAR LINEAR LINEAR LINEAR
LINEAR LINEAR LINEAR LINEAR LINEAR LINEAR LINEAR LINEAR LINEAR LINEAR LINEAR LINEAR
LINEAR LINEAR LINEAR LINEAR LINEAR LINEAR LINEAR LINEAR LINEAR LINEAR LINEAR LINEAR</Name_array>
        <technique_common>
          <accessor source="#mixamorig_R_C_skirt2-Interpolations-array" count="35">
            <param type="name"/>
          </accessor>
        </technique_common>
      </source>
      <sampler id="mixamorig_R_C_skirt2-Matrix-animation-transform">
        <input semantic="INPUT" source="#mixamorig_R_C_skirt2-Matrix-animation-input"/>
        <input semantic="OUTPUT" source="#mixamorig_R_C_skirt2-Matrix-animation-output-transform"/>
        <input semantic="INTERPOLATION" source="#mixamorig_R_C_skirt2-Interpolations"/>
      </sampler>
      <channel source="#mixamorig_R_C_skirt2-Matrix-animation-transform" target="mixamorig_R_C_skirt2/matrix"/>
    </animation>
    <animation id="mixamorig_R_C_skirt3-anim" name="mixamorig_R_C_skirt3">
      <source id="mixamorig_R_C_skirt3-Matrix-animation-input">
        <float_array id="mixamorig_R_C_skirt3-Matrix-animation-input-array" count="35">

0.000000 0.033333 0.066667 0.100000 0.133333 0.166667 0.200000 0.233333 0.266667 0.300000 0.333333 0.366667 0.400000 0.433333 0.466667 0.500000
0.533333 0.566667 0.600000 0.633333 0.666667 0.700000 0.733333 0.766667 0.800000 0.833333 0.866667 0.900000 0.933333 0.966667 1.000000 1.033333
1.066667 1.100000 1.133333</float_array>
        <technique_common>
          <accessor source="#mixamorig_R_C_skirt3-Matrix-animation-input-array" count="35">
            <param name="TIME" type="float"/>
          </accessor>
        </technique_common>
      </source>
      <source id="mixamorig_R_C_skirt3-Matrix-animation-output-transform">
        <float_array id="mixamorig_R_C_skirt3-Matrix-animation-output-transform-array" count="560">

1.000000 -0.000000 0.000000 27.999901 -0.000000 1.000000 0.000000 0.000000 -0.000000 0.000000 1.000000 0.000000 0.000000 0.000000 0.000000 1.000000
1.000000 -0.000000 0.000000 27.999901 -0.000000 1.000000 0.000000 -0.000000 -0.000000 0.000000 1.000000 0.000000 0.000000 0.000000 0.000000 1.000000
1.000000 -0.000000 -0.000000 27.999901 0.000000 1.000000 -0.000000 0.000000 -0.000000 0.000000 1.000000 -0.000000 0.000000 0.000000 0.000000 1.000000
1.000000 -0.000000 0.000000 27.999901 0.000000 1.000000 0.000000 0.000000 -0.000000 0.000000 1.000000 0.000000 0.000000 0.000000 0.000000 1.000000
1.000000 -0.000000 0.000000 27.999901 -0.000000 1.000000 0.000000 -0.000000 0.000000 -0.000000 1.000000 0.000000 0.000000 0.000000 0.000000 1.000000
1.000000 -0.000000 0.000000 27.999901 -0.000000 1.000000 -0.000000 0.000000 0.000000 -0.000000 1.000000 0.000000 0.000000 0.000000 0.000000 1.000000
1.000000 -0.000000 -0.000000 27.999901 -0.000000 1.000000 0.000000 0.000000 0.000000 0.000000 1.000000 0.000000 0.000000 0.000000 0.000000 1.000000
1.000000 0.000000 0.000000 27.999901 -0.000000 1.000000 0.000000 -0.000000 0.000000 0.000000 1.000000 -0.000000 0.000000 0.000000 0.000000 1.000000
1.000000 0.000000 -0.000000 27.999901 0.000000 1.000000 0.000000 0.000000 0.000000 -0.000000 1.000000 0.000000 0.000000 0.000000 0.000000 1.000000
1.000000 -0.000000 0.000000 27.999901 -0.000000 1.000000 -0.000000 0.000000 -0.000000 0.000000 1.000000 0.000000 0.000000 0.000000 0.000000 1.000000
1.000000 -0.000000 -0.000000 27.999901 0.000000 1.000000 -0.000000 0.000000 -0.000000 0.000000 1.000000 0.000000 0.000000 0.000000 0.000000 1.000000
1.000000 -0.000000 0.000000 27.999901 -0.000000 1.000000 -0.000000 0.000000 0.000000 0.000000 1.000000 0.000000 0.000000 0.000000 0.000000 1.000000
1.000000 0.000000 0.000000 27.999901 0.000000 1.000000 0.000000 0.000000 0.000000 0.000000 1.000000 0.000000 0.000000 0.000000 0.000000 1.000000
1.000000 -0.000000 0.000000 27.999901 0.000000 1.000000 0.000000 0.000000 0.000000 0.000000 1.000000 0.000000 0.000000 0.000000 0.000000 1.000000
1.000000 -0.000000 0.000000 27.999901 0.000000 1.000000 0.000000 0.000000 -0.000000 0.000000 1.000000 0.000000 0.000000 0.000000 0.000000 1.000000
1.000000 0.000000 -0.000000 27.999901 -0.000000 1.000000 0.000000 -0.000000 0.000000 -0.000000 1.000000 0.000000 0.000000 0.000000 0.000000 1.000000
1.000000 0.000000 -0.000000 27.999901 0.000000 1.000000 0.000000 -0.000000 -0.000000 0.000000 1.000000 -0.000000 0.000000 0.000000 0.000000 1.000000
1.000000 -0.000000 0.000000 27.999901 -0.000000 1.000000 -0.000000 0.000000 0.000000 0.000000 1.000000 -0.000000 0.000000 0.000000 0.000000 1.000000
1.000000 0.000000 -0.000000 27.999901 0.000000 1.000000 -0.000000 -0.000000 -0.000000 0.000000 1.000000 0.000000 0.000000 0.000000 0.000000 1.000000
1.000000 -0.000000 -0.000000 27.999901 0.000000 1.000000 -0.000000 -0.000000 0.000000 -0.000000 1.000000 0.000000 0.000000 0.000000 0.000000 1.000000
1.000000 0.000000 0.000000 27.999901 -0.000000 1.000000 0.000000 0.000000 -0.000000 -0.000000 1.000000 0.000000 0.000000 0.000000 0.000000 1.000000
1.000000 -0.000000 0.000000 27.999901 0.000000 1.000000 0.000000 0.000000 0.000000 -0.000000 1.000000 0.000000 0.000000 0.000000 0.000000 1.000000
1.000000 0.000000 0.000000 27.999901 0.000000 1.000000 0.000000 -0.000000 0.000000 -0.000000 1.000000 0.000000 0.000000 0.000000 0.000000 1.000000
1.000000 -0.000000 0.000000 27.999901 0.000000 1.000000 0.000000 0.000000 0.000000 -0.000000 1.000000 0.000000 0.000000 0.000000 0.000000 1.000000
1.000000 0.000000 0.000000 27.999901 0.000000 1.000000 0.000000 0.000000 -0.000000 -0.000000 1.000000 0.000000 0.000000 0.000000 0.000000 1.000000
1.000000 0.000000 0.000000 27.999901 -0.000000 1.000000 -0.000000 0.000000 0.000000 0.000000 1.000000 0.000000 0.000000 0.000000 0.000000 1.000000
1.000000 0.000000 -0.000000 27.999901 -0.000000 1.000000 -0.000000 0.000000 0.000000 0.000000 1.000000 0.000000 0.000000 0.000000 0.000000 1.000000
1.000000 0.000000 0.000000 27.999901 -0.000000 1.000000 -0.000000 -0.000000 0.000000 0.000000 1.000000 0.000000 0.000000 0.000000 0.000000 1.000000
1.000000 -0.000000 0.000000 27.999901 0.000000 1.000000 0.000000 0.000000 0.000000 -0.000000 1.000000 0.000000 0.000000 0.000000 0.000000 1.000000
1.000000 0.000000 -0.000000 27.999901 -0.000000 1.000000 -0.000000 0.000000 0.000000 0.000000 1.000000 0.000000 0.000000 0.000000 0.000000 1.000000
1.000000 0.000000 -0.000000 27.999901 0.000000 1.000000 0.000000 -0.000000 0.000000 0.000000 1.000000 0.000000 0.000000 0.000000 0.000000 1.000000
1.000000 0.000000 -0.000000 27.999901 0.000000 1.000000 0.000000 0.000000 0.000000 0.000000 1.000000 0.000000 0.000000 0.000000 0.000000 1.000000
1.000000 -0.000000 0.000000 27.999901 0.000000 1.000000 -0.000000 -0.000000 -0.000000 0.000000 1.000000 0.000000 0.000000 0.000000 0.000000 1.000000
1.000000 -0.000000 0.000000 27.999901 0.000000 1.000000 -0.000000 -0.000000 -0.000000 -0.000000 1.000000 -0.000000 0.000000 0.000000 0.000000 1.000000
1.000000 -0.000000 0.000000 27.999901 -0.000000 1.000000 0.000000 0.000000 0.000000 -0.000000 1.000000 0.000000 0.000000 0.000000 0.000000 1.000000</float_array>
        <technique_common>
          <accessor source="#mixamorig_R_C_skirt3-Matrix-animation-output-transform-array" count="35" stride="16">
            <param type="float4x4"/>
          </accessor>
        </technique_common>
      </source>
      <source id="mixamorig_R_C_skirt3-Interpolations">
        <Name_array id="mixamorig_R_C_skirt3-Interpolations-array" count="35">
 LINEAR LINEAR LINEAR LINEAR LINEAR LINEAR LINEAR LINEAR LINEAR LINEAR LINEAR
LINEAR LINEAR LINEAR LINEAR LINEAR LINEAR LINEAR LINEAR LINEAR LINEAR LINEAR LINEAR
LINEAR LINEAR LINEAR LINEAR LINEAR LINEAR LINEAR LINEAR LINEAR LINEAR LINEAR LINEAR</Name_array>
        <technique_common>
          <accessor source="#mixamorig_R_C_skirt3-Interpolations-array" count="35">
            <param type="name"/>
          </accessor>
        </technique_common>
      </source>
      <sampler id="mixamorig_R_C_skirt3-Matrix-animation-transform">
        <input semantic="INPUT" source="#mixamorig_R_C_skirt3-Matrix-animation-input"/>
        <input semantic="OUTPUT" source="#mixamorig_R_C_skirt3-Matrix-animation-output-transform"/>
        <input semantic="INTERPOLATION" source="#mixamorig_R_C_skirt3-Interpolations"/>
      </sampler>
      <channel source="#mixamorig_R_C_skirt3-Matrix-animation-transform" target="mixamorig_R_C_skirt3/matrix"/>
    </animation>
    <animation id="L_horn1-anim" name="L_horn1">
      <source id="L_horn1-Matrix-animation-input">
        <float_array id="L_horn1-Matrix-animation-input-array" count="35">

0.000000 0.033333 0.066667 0.100000 0.133333 0.166667 0.200000 0.233333 0.266667 0.300000 0.333333 0.366667 0.400000 0.433333 0.466667 0.500000
0.533333 0.566667 0.600000 0.633333 0.666667 0.700000 0.733333 0.766667 0.800000 0.833333 0.866667 0.900000 0.933333 0.966667 1.000000 1.033333
1.066667 1.100000 1.133333</float_array>
        <technique_common>
          <accessor source="#L_horn1-Matrix-animation-input-array" count="35">
            <param name="TIME" type="float"/>
          </accessor>
        </technique_common>
      </source>
      <source id="L_horn1-Matrix-animation-output-transform">
        <float_array id="L_horn1-Matrix-animation-output-transform-array" count="560">

0.406838 0.870118 0.278168 18.209600 -0.904436 0.426462 -0.011194 1.020800 -0.128368 -0.247031 0.960467 -3.906100 0.000000 0.000000 0.000000 1.000000
0.406838 0.870118 0.278168 18.209600 -0.904436 0.426462 -0.011194 1.020800 -0.128368 -0.247031 0.960467 -3.906100 0.000000 0.000000 0.000000 1.000000
0.406838 0.870118 0.278168 18.209600 -0.904436 0.426462 -0.011194 1.020800 -0.128368 -0.247031 0.960467 -3.906100 0.000000 0.000000 0.000000 1.000000
0.406838 0.870118 0.278168 18.209600 -0.904436 0.426462 -0.011194 1.020800 -0.128368 -0.247031 0.960467 -3.906100 0.000000 0.000000 0.000000 1.000000
0.406838 0.870118 0.278168 18.209600 -0.904436 0.426462 -0.011194 1.020800 -0.128368 -0.247031 0.960467 -3.906100 0.000000 0.000000 0.000000 1.000000
0.406838 0.870118 0.278168 18.209600 -0.904436 0.426462 -0.011194 1.020800 -0.128368 -0.247031 0.960467 -3.906100 0.000000 0.000000 0.000000 1.000000
0.406838 0.870118 0.278168 18.209600 -0.904436 0.426462 -0.011194 1.020800 -0.128368 -0.247031 0.960467 -3.906100 0.000000 0.000000 0.000000 1.000000
0.406838 0.870118 0.278168 18.209600 -0.904436 0.426462 -0.011194 1.020800 -0.128368 -0.247031 0.960467 -3.906100 0.000000 0.000000 0.000000 1.000000
0.406838 0.870118 0.278168 18.209600 -0.904436 0.426462 -0.011194 1.020800 -0.128368 -0.247031 0.960467 -3.906100 0.000000 0.000000 0.000000 1.000000
0.406838 0.870118 0.278168 18.209600 -0.904436 0.426462 -0.011194 1.020800 -0.128368 -0.247031 0.960467 -3.906100 0.000000 0.000000 0.000000 1.000000
0.406838 0.870118 0.278168 18.209600 -0.904436 0.426462 -0.011194 1.020800 -0.128368 -0.247031 0.960467 -3.906100 0.000000 0.000000 0.000000 1.000000
0.406838 0.870118 0.278168 18.209600 -0.904436 0.426462 -0.011194 1.020800 -0.128368 -0.247031 0.960467 -3.906100 0.000000 0.000000 0.000000 1.000000
0.406838 0.870118 0.278168 18.209600 -0.904436 0.426462 -0.011194 1.020800 -0.128368 -0.247031 0.960467 -3.906100 0.000000 0.000000 0.000000 1.000000
0.406838 0.870118 0.278168 18.209600 -0.904436 0.426462 -0.011194 1.020800 -0.128368 -0.247031 0.960467 -3.906100 0.000000 0.000000 0.000000 1.000000
0.406838 0.870118 0.278168 18.209600 -0.904436 0.426462 -0.011194 1.020800 -0.128368 -0.247031 0.960467 -3.906100 0.000000 0.000000 0.000000 1.000000
0.406838 0.870118 0.278168 18.209600 -0.904436 0.426462 -0.011194 1.020800 -0.128368 -0.247031 0.960467 -3.906100 0.000000 0.000000 0.000000 1.000000
0.406838 0.870118 0.278168 18.209600 -0.904436 0.426462 -0.011194 1.020800 -0.128368 -0.247031 0.960467 -3.906100 0.000000 0.000000 0.000000 1.000000
0.406838 0.870118 0.278168 18.209600 -0.904436 0.426462 -0.011194 1.020800 -0.128368 -0.247031 0.960467 -3.906100 0.000000 0.000000 0.000000 1.000000
0.406838 0.870118 0.278168 18.209600 -0.904436 0.426462 -0.011194 1.020800 -0.128368 -0.247031 0.960467 -3.906100 0.000000 0.000000 0.000000 1.000000
0.406838 0.870118 0.278168 18.209600 -0.904436 0.426462 -0.011194 1.020800 -0.128368 -0.247031 0.960467 -3.906100 0.000000 0.000000 0.000000 1.000000
0.406838 0.870118 0.278168 18.209600 -0.904436 0.426462 -0.011194 1.020800 -0.128368 -0.247031 0.960467 -3.906100 0.000000 0.000000 0.000000 1.000000
0.406838 0.870118 0.278168 18.209600 -0.904436 0.426462 -0.011194 1.020800 -0.128368 -0.247031 0.960467 -3.906100 0.000000 0.000000 0.000000 1.000000
0.406838 0.870118 0.278168 18.209600 -0.904436 0.426462 -0.011194 1.020800 -0.128368 -0.247031 0.960467 -3.906100 0.000000 0.000000 0.000000 1.000000
0.406838 0.870118 0.278168 18.209600 -0.904436 0.426462 -0.011194 1.020800 -0.128368 -0.247031 0.960467 -3.906100 0.000000 0.000000 0.000000 1.000000
0.406838 0.870118 0.278168 18.209600 -0.904436 0.426462 -0.011194 1.020800 -0.128368 -0.247031 0.960467 -3.906100 0.000000 0.000000 0.000000 1.000000
0.406838 0.870118 0.278168 18.209600 -0.904436 0.426462 -0.011194 1.020800 -0.128368 -0.247031 0.960467 -3.906100 0.000000 0.000000 0.000000 1.000000
0.406838 0.870118 0.278168 18.209600 -0.904436 0.426462 -0.011194 1.020800 -0.128368 -0.247031 0.960467 -3.906100 0.000000 0.000000 0.000000 1.000000
0.406838 0.870118 0.278168 18.209600 -0.904436 0.426462 -0.011194 1.020800 -0.128368 -0.247031 0.960467 -3.906100 0.000000 0.000000 0.000000 1.000000
0.406838 0.870118 0.278168 18.209600 -0.904436 0.426462 -0.011194 1.020800 -0.128368 -0.247031 0.960467 -3.906100 0.000000 0.000000 0.000000 1.000000
0.406838 0.870118 0.278168 18.209600 -0.904436 0.426462 -0.011194 1.020800 -0.128368 -0.247031 0.960467 -3.906100 0.000000 0.000000 0.000000 1.000000
0.406838 0.870118 0.278168 18.209600 -0.904436 0.426462 -0.011194 1.020800 -0.128368 -0.247031 0.960467 -3.906100 0.000000 0.000000 0.000000 1.000000
0.406838 0.870118 0.278168 18.209600 -0.904436 0.426462 -0.011194 1.020800 -0.128368 -0.247031 0.960467 -3.906100 0.000000 0.000000 0.000000 1.000000
0.406838 0.870118 0.278168 18.209600 -0.904436 0.426462 -0.011194 1.020800 -0.128368 -0.247031 0.960467 -3.906100 0.000000 0.000000 0.000000 1.000000
0.406838 0.870118 0.278168 18.209600 -0.904436 0.426462 -0.011194 1.020800 -0.128368 -0.247031 0.960467 -3.906100 0.000000 0.000000 0.000000 1.000000
0.406838 0.870118 0.278168 18.209600 -0.904436 0.426462 -0.011194 1.020800 -0.128368 -0.247031 0.960467 -3.906100 0.000000 0.000000 0.000000 1.000000</float_array>
        <technique_common>
          <accessor source="#L_horn1-Matrix-animation-output-transform-array" count="35" stride="16">
            <param type="float4x4"/>
          </accessor>
        </technique_common>
      </source>
      <source id="L_horn1-Interpolations">
        <Name_array id="L_horn1-Interpolations-array" count="35">
 LINEAR LINEAR LINEAR LINEAR LINEAR LINEAR LINEAR LINEAR LINEAR LINEAR LINEAR
LINEAR LINEAR LINEAR LINEAR LINEAR LINEAR LINEAR LINEAR LINEAR LINEAR LINEAR LINEAR
LINEAR LINEAR LINEAR LINEAR LINEAR LINEAR LINEAR LINEAR LINEAR LINEAR LINEAR LINEAR</Name_array>
        <technique_common>
          <accessor source="#L_horn1-Interpolations-array" count="35">
            <param type="name"/>
          </accessor>
        </technique_common>
      </source>
      <sampler id="L_horn1-Matrix-animation-transform">
        <input semantic="INPUT" source="#L_horn1-Matrix-animation-input"/>
        <input semantic="OUTPUT" source="#L_horn1-Matrix-animation-output-transform"/>
        <input semantic="INTERPOLATION" source="#L_horn1-Interpolations"/>
      </sampler>
      <channel source="#L_horn1-Matrix-animation-transform" target="L_horn1/matrix"/>
    </animation>
  </library_animations>
  <library_visual_scenes>
    <visual_scene id="RootNode" name="RootNode">
      <node id="mixamorig_Hips" name="mixamorig_Hips" sid="mixamorig_Hips" type="JOINT">
        <matrix sid="matrix">0.522585 -0.060167 -0.850462 -0.488585 0.069744 0.997180 -0.027691 104.906372 0.849730 -0.044844 0.525308 0.361533 0.000000 0.000000 0.000000 1.000000</matrix>
        <node id="mixamorig_Spine" name="mixamorig_Spine" sid="mixamorig_Spine" type="JOINT">
          <matrix sid="matrix">0.998900 0.046810 0.002879 -0.006600 -0.045579 0.983435 -0.175437 10.822600 -0.011043 0.175113 0.984486 -0.430700 0.000000 0.000000 0.000000 1.000000</matrix>
          <node id="mixamorig_Spine1" name="mixamorig_Spine1" sid="mixamorig_Spine1" type="JOINT">
            <matrix sid="matrix">0.995242 0.097438 -0.000262 0.000000 -0.096058 0.980686 -0.170374 12.655100 -0.016344 0.169589 0.985379 0.000000 0.000000 0.000000 0.000000 1.000000</matrix>
            <node id="mixamorig_Spine2" name="mixamorig_Spine2" sid="mixamorig_Spine2" type="JOINT">
              <matrix sid="matrix">0.995242 0.097430 -0.000260 -0.000000 -0.096409 0.984421 -0.147040 14.459700 -0.014070 0.146366 0.989130 0.000000 0.000000 0.000000 0.000000 1.000000</matrix>
              <node id="mixamorig_Neck" name="mixamorig_Neck" sid="mixamorig_Neck" type="JOINT">
                <matrix sid="matrix">0.885581 -0.193002 0.422488 0.000000 0.039949 0.937862 0.344700 16.135700 -0.462763 -0.288382 0.838264 0.000000 0.000000 0.000000 0.000000 1.000000</matrix>
                <node id="mixamorig_Head" name="mixamorig_Head" sid="mixamorig_Head" type="JOINT">
                  <matrix sid="matrix">0.901496 0.115239 0.417163 0.000000 -0.053309 0.986125 -0.157211 6.791300 -0.429492 0.119487 0.895131 -0.000000 0.000000 0.000000 0.000000 1.000000</matrix>
                  <node id="mixamorig_HeadTop_End" name="mixamorig_HeadTop_End" sid="mixamorig_HeadTop_End" type="JOINT">
                    <matrix sid="matrix">1.000000 0.000000 -0.000000 0.000000 0.000000 1.000000 -0.000000 23.104200 -0.000000 -0.000000 1.000000 0.000000 0.000000 0.000000 0.000000 1.000000</matrix>
                  </node>
                  <node id="mixamorig_LeftEye" name="mixamorig_LeftEye" sid="mixamorig_LeftEye" type="JOINT">
                    <matrix sid="matrix">0.999998 0.002177 0.000049 3.472400 -0.002171 0.994739 0.102423 10.009700 0.000174 -0.102423 0.994741 8.325400 0.000000 0.000000 0.000000 1.000000</matrix>
                  </node>
                  <node id="mixamorig_RightEye" name="mixamorig_RightEye" sid="mixamorig_RightEye" type="JOINT">
                    <matrix sid="matrix">0.999998 0.002177 0.000049 -3.952600 -0.002171 0.994739 0.102423 9.961800 0.000174 -0.102423 0.994741 8.315900 0.000000 0.000000 0.000000 1.000000</matrix>
                  </node>
                </node>
              </node>
              <node id="mixamorig_LeftShoulder" name="mixamorig_LeftShoulder" sid="mixamorig_LeftShoulder" type="JOINT">
                <matrix sid="matrix">0.209755 0.819834 -0.532799 11.022900 -0.119705 -0.519290 -0.846173 13.234400 -0.970399 0.241267 -0.010786 -1.554100 0.000000 0.000000 0.000000 1.000000</matrix>
                <node id="mixamorig_LeftArm" name="mixamorig_LeftArm" sid="mixamorig_LeftArm" type="JOINT">
                  <matrix sid="matrix">0.903310 -0.097364 -0.417793 0.000000 0.025810 0.984474 -0.173621 16.551600 0.428211 0.146051 0.891799 -0.000000 0.000000 0.000000 0.000000 1.000000</matrix>
                  <node id="mixamorig_LeftForeArm" name="mixamorig_LeftForeArm" sid="mixamorig_LeftForeArm" type="JOINT">
                    <matrix sid="matrix">0.729379 -0.684098 0.003903 0.000000 0.684102 0.729334 -0.008725 27.198299 0.003123 0.009034 0.999954 -0.000000 0.000000 0.000000 0.000000 1.000000</matrix>
                    <node id="mixamorig_LeftHand" name="mixamorig_LeftHand" sid="mixamorig_LeftHand" type="JOINT">
                      <matrix sid="matrix">0.889735 -0.345726 0.298071 0.000000 0.270928 0.925481 0.264730 21.535400 -0.367383 -0.154783 0.917100 -0.000000 0.000000 0.000000 0.000000 1.000000</matrix>
                      <node id="mixamorig_LeftHandThumb1" name="mixamorig_LeftHandThumb1" sid="mixamorig_LeftHandThumb1" type="JOINT">
                        <matrix sid="matrix">0.848567 -0.275515 0.451691 -1.897200 0.375560 0.914997 -0.147430 4.226700 -0.372677 0.294741 0.879909 4.940900 0.000000 0.000000 0.000000 1.000000</matrix>
                        <node id="mixamorig_LeftHandThumb2" name="mixamorig_LeftHandThumb2" sid="mixamorig_LeftHandThumb2" type="JOINT">
                          <matrix sid="matrix">0.979006 0.170741 -0.111333 -0.788100 -0.183596 0.975921 -0.117770 4.746200 0.088544 0.135738 0.986780 0.000000 0.000000 0.000000 0.000000 1.000000</matrix>
                          <node id="mixamorig_LeftHandThumb3" name="mixamorig_LeftHandThumb3" sid="mixamorig_LeftHandThumb3" type="JOINT">
                            <matrix sid="matrix">0.989799 -0.140915 0.020996 -0.314700 0.140427 0.989821 0.023141 7.341200 -0.024043 -0.019956 0.999512 -0.000000 0.000000 0.000000 0.000000 1.000000</matrix>
                            <node id="mixamorig_LeftHandThumb4" name="mixamorig_LeftHandThumb4" sid="mixamorig_LeftHandThumb4" type="JOINT">
                              <matrix sid="matrix">1.000000 0.000000 -0.000000 1.102800 -0.000000 1.000000 0.000000 7.800700 0.000000 0.000000 1.000000 0.000000 0.000000 0.000000 0.000000 1.000000</matrix>
                            </node>
                          </node>
                        </node>
                      </node>
                      <node id="mixamorig_LeftHandIndex1" name="mixamorig_LeftHandIndex1" sid="mixamorig_LeftHandIndex1" type="JOINT">
                        <matrix sid="matrix">0.960695 0.090617 0.262402 -2.959300 -0.132244 0.980469 0.145574 12.531300 -0.244085 -0.174553 0.953915 1.173500 0.000000 0.000000 0.000000 1.000000</matrix>
                        <node id="mixamorig_LeftHandIndex2" name="mixamorig_LeftHandIndex2" sid="mixamorig_LeftHandIndex2" type="JOINT">
                          <matrix sid="matrix">0.999501 0.029077 -0.012368 -0.006300 -0.031290 0.856239 -0.515631 8.298100 -0.004403 0.515760 0.856722 0.000000 0.000000 0.000000 0.000000 1.000000</matrix>
                          <node id="mixamorig_LeftHandIndex3" name="mixamorig_LeftHandIndex3" sid="mixamorig_LeftHandIndex3" type="JOINT">
                            <matrix sid="matrix">0.999420 0.031346 -0.013312 0.002000 -0.033618 0.845647 -0.532683 4.720200 -0.005441 0.532822 0.846210 -0.000000 0.000000 0.000000 0.000000 1.000000</matrix>
                            <node id="mixamorig_LeftHandIndex4" name="mixamorig_LeftHandIndex4" sid="mixamorig_LeftHandIndex4" type="JOINT">
                              <matrix sid="matrix">1.000000 -0.000000 0.000000 0.000600 -0.000000 1.000000 -0.000000 7.237800 0.000000 0.000000 1.000000 0.000000 0.000000 0.000000 0.000000 1.000000</matrix>
                            </node>
                          </node>
                        </node>
                      </node>
                      <node id="mixamorig_LeftHandMiddle1" name="mixamorig_LeftHandMiddle1" sid="mixamorig_LeftHandMiddle1" type="JOINT">
                        <matrix sid="matrix">0.975231 0.160218 0.152493 2.392400 -0.155992 0.986974 -0.039366 14.502300 -0.156814 0.014603 0.987520 -0.033500 0.000000 0.000000 0.000000 1.000000</matrix>
                        <node id="mixamorig_LeftHandMiddle2" name="mixamorig_LeftHandMiddle2" sid="mixamorig_LeftHandMiddle2" type="JOINT">
                          <matrix sid="matrix">0.999134 0.040419 -0.009828 0.002700 -0.039955 0.866800 -0.497052 8.151000 -0.011571 0.497015 0.867665 -0.000000 0.000000 0.000000 0.000000 1.000000</matrix>
                          <node id="mixamorig_LeftHandMiddle3" name="mixamorig_LeftHandMiddle3" sid="mixamorig_LeftHandMiddle3" type="JOINT">
                            <matrix sid="matrix">0.998814 0.047003 -0.012678 -0.001100 -0.042505 0.715004 -0.697827 4.559900 -0.023735 0.697539 0.716154 0.000000 0.000000 0.000000 0.000000 1.000000</matrix>
                            <node id="mixamorig_LeftHandMiddle4" name="mixamorig_LeftHandMiddle4" sid="mixamorig_LeftHandMiddle4" type="JOINT">
                              <matrix sid="matrix">1.000000 0.000000 0.000000 0.000100 0.000000 1.000000 0.000000 7.733900 0.000000 0.000000 1.000000 -0.000000 0.000000 0.000000 0.000000 1.000000</matrix>
                            </node>
                          </node>
                        </node>
                      </node>
                      <node id="mixamorig_LeftHandRing1" name="mixamorig_LeftHandRing1" sid="mixamorig_LeftHandRing1" type="JOINT">
                        <matrix sid="matrix">0.965692 0.253980 0.054160 7.071600 -0.228679 0.930505 -0.286122 14.022100 -0.123065 0.263920 0.956661 -0.727900 0.000000 0.000000 0.000000 1.000000</matrix>
                        <node id="mixamorig_LeftHandRing2" name="mixamorig_LeftHandRing2" sid="mixamorig_LeftHandRing2" type="JOINT">
                          <matrix sid="matrix">0.999474 0.031093 -0.009187 0.005000 -0.031511 0.864885 -0.500981 6.963300 -0.007632 0.501007 0.865410 0.000000 0.000000 0.000000 0.000000 1.000000</matrix>
                          <node id="mixamorig_LeftHandRing3" name="mixamorig_LeftHandRing3" sid="mixamorig_LeftHandRing3" type="JOINT">
                            <matrix sid="matrix">0.998657 0.048927 -0.017015 -0.001000 -0.047728 0.741416 -0.669346 3.798600 -0.020134 0.669260 0.742756 0.000000 0.000000 0.000000 0.000000 1.000000</matrix>
                            <node id="mixamorig_LeftHandRing4" name="mixamorig_LeftHandRing4" sid="mixamorig_LeftHandRing4" type="JOINT">
                              <matrix sid="matrix">1.000000 0.000000 -0.000000 -0.002900 0.000000 1.000000 -0.000000 6.663500 -0.000000 0.000000 1.000000 0.000000 0.000000 0.000000 0.000000 1.000000</matrix>
                            </node>
                          </node>
                        </node>
                      </node>
                      <node id="mixamorig_LeftHandPinky1" name="mixamorig_LeftHandPinky1" sid="mixamorig_LeftHandPinky1" type="JOINT">
                        <matrix sid="matrix">0.949334 0.277080 -0.148295 10.979800 -0.303797 0.929901 -0.207342 13.885000 0.080449 0.241888 0.966963 0.589700 0.000000 0.000000 0.000000 1.000000</matrix>
                        <node id="mixamorig_LeftHandPinky2" name="mixamorig_LeftHandPinky2" sid="mixamorig_LeftHandPinky2" type="JOINT">
                          <matrix sid="matrix">0.999001 0.041716 -0.016053 0.000300 -0.040352 0.687218 -0.725330 3.975700 -0.019226 0.725253 0.688214 0.000000 0.000000 0.000000 0.000000 1.000000</matrix>
                          <node id="mixamorig_LeftHandPinky3" name="mixamorig_LeftHandPinky3" sid="mixamorig_LeftHandPinky3" type="JOINT">
                            <matrix sid="matrix">0.999039 0.041312 -0.014638 -0.000400 -0.039152 0.691046 -0.721750 2.799700 -0.019701 0.721630 0.691999 0.000000 0.000000 0.000000 0.000000 1.000000</matrix>
                            <node id="mixamorig_LeftHandPinky4" name="mixamorig_LeftHandPinky4" sid="mixamorig_LeftHandPinky4" type="JOINT">
                              <matrix sid="matrix">1.000000 -0.000000 0.000000 -0.000400 0.000000 1.000000 0.000000 5.669600 -0.000000 -0.000000 1.000000 0.000000 0.000000 0.000000 0.000000 1.000000</matrix>
                            </node>
                          </node>
                        </node>
                      </node>
                    </node>
                  </node>
                </node>
              </node>
              <node id="mixamorig_RightShoulder" name="mixamorig_RightShoulder" sid="mixamorig_RightShoulder" type="JOINT">
                <matrix sid="matrix">0.194895 -0.839702 0.506870 -10.882400 0.087520 -0.499829 -0.861691 13.272500 0.976912 0.212300 -0.023924 -1.553300 0.000000 0.000000 0.000000 1.000000</matrix>
                <node id="mixamorig_RightArm" name="mixamorig_RightArm" sid="mixamorig_RightArm" type="JOINT">
                  <matrix sid="matrix">0.659914 0.039906 0.750281 0.000000 0.110174 0.982655 -0.149170 16.507099 -0.743220 0.181101 0.644070 0.000000 0.000000 0.000000 0.000000 1.000000</matrix>
                  <node id="mixamorig_RightForeArm" name="mixamorig_RightForeArm" sid="mixamorig_RightForeArm" type="JOINT">
                    <matrix sid="matrix">-0.337399 0.939699 -0.055922 0.000000 -0.926320 -0.341999 -0.158014 19.953800 -0.167611 -0.001513 0.985852 -0.000000 0.000000 0.000000 0.000000 1.000000</matrix>
                    <node id="mixamorig_RightHand" name="mixamorig_RightHand" sid="mixamorig_RightHand" type="JOINT">
                      <matrix sid="matrix">0.981168 0.072849 0.178895 0.000000 -0.103520 0.980234 0.168595 28.810400 -0.163077 -0.183940 0.969315 0.000000 0.000000 0.000000 0.000000 1.000000</matrix>
                      <node id="mixamorig_RightHandThumb1" name="mixamorig_RightHandThumb1" sid="mixamorig_RightHandThumb1" type="JOINT">
                        <matrix sid="matrix">0.694534 0.630929 -0.345761 1.539600 -0.690398 0.719679 -0.073572 3.801100 0.202418 0.289811 0.935434 1.972600 0.000000 0.000000 0.000000 1.000000</matrix>
                        <node id="mixamorig_RightHandThumb2" name="mixamorig_RightHandThumb2" sid="mixamorig_RightHandThumb2" type="JOINT">
                          <matrix sid="matrix">0.971433 -0.182061 0.152224 0.267800 0.193263 0.979171 -0.062232 4.847300 -0.137724 0.089874 0.986385 -0.000000 0.000000 0.000000 0.000000 1.000000</matrix>
                          <node id="mixamorig_RightHandThumb3" name="mixamorig_RightHandThumb3" sid="mixamorig_RightHandThumb3" type="JOINT">
                            <matrix sid="matrix">0.967898 -0.249684 -0.028850 -0.081100 0.251079 0.965761 0.065310 4.705100 0.011556 -0.070457 0.997448 -0.000000 0.000000 0.000000 0.000000 1.000000</matrix>
                            <node id="mixamorig_RightHandThumb4" name="mixamorig_RightHandThumb4" sid="mixamorig_RightHandThumb4" type="JOINT">
                              <matrix sid="matrix">1.000000 0.000000 0.000000 -0.186700 -0.000000 1.000000 0.000000 5.139200 0.000000 0.000000 1.000000 0.000000 0.000000 0.000000 0.000000 1.000000</matrix>
                            </node>
                          </node>
                        </node>
                      </node>
                      <node id="mixamorig_RightHandIndex1" name="mixamorig_RightHandIndex1" sid="mixamorig_RightHandIndex1" type="JOINT">
                        <matrix sid="matrix">0.894871 0.364069 -0.258186 5.382800 -0.300467 0.919158 0.254691 13.307100 0.330039 -0.150340 0.931919 -0.085200 0.000000 0.000000 0.000000 1.000000</matrix>
                        <node id="mixamorig_RightHandIndex2" name="mixamorig_RightHandIndex2" sid="mixamorig_RightHandIndex2" type="JOINT">
                          <matrix sid="matrix">0.999981 -0.004928 0.003659 -0.001700 0.005819 0.950848 -0.309603 3.921400 -0.001953 0.309619 0.950859 0.000000 0.000000 0.000000 0.000000 1.000000</matrix>
                          <node id="mixamorig_RightHandIndex3" name="mixamorig_RightHandIndex3" sid="mixamorig_RightHandIndex3" type="JOINT">
                            <matrix sid="matrix">0.999986 -0.004313 0.003177 -0.000300 0.005217 0.918732 -0.394846 3.178700 -0.001216 0.394857 0.918742 0.000000 0.000000 0.000000 0.000000 1.000000</matrix>
                            <node id="mixamorig_RightHandIndex4" name="mixamorig_RightHandIndex4" sid="mixamorig_RightHandIndex4" type="JOINT">
                              <matrix sid="matrix">1.000000 0.000000 0.000000 0.001900 0.000000 1.000000 0.000000 5.164400 0.000000 0.000000 1.000000 0.000000 0.000000 0.000000 0.000000 1.000000</matrix>
                            </node>
                          </node>
                        </node>
                      </node>
                      <node id="mixamorig_RightHandMiddle1" name="mixamorig_RightHandMiddle1" sid="mixamorig_RightHandMiddle1" type="JOINT">
                        <matrix sid="matrix">0.984580 0.163435 -0.062382 1.695500 -0.157685 0.983555 0.088063 14.609200 0.075749 -0.076868 0.994160 0.049800 0.000000 0.000000 0.000000 1.000000</matrix>
                        <node id="mixamorig_RightHandMiddle2" name="mixamorig_RightHandMiddle2" sid="mixamorig_RightHandMiddle2" type="JOINT">
                          <matrix sid="matrix">0.999926 -0.012098 -0.001299 -0.000200 0.010203 0.891840 -0.452236 4.318300 0.006629 0.452189 0.891897 0.000000 0.000000 0.000000 0.000000 1.000000</matrix>
                          <node id="mixamorig_RightHandMiddle3" name="mixamorig_RightHandMiddle3" sid="mixamorig_RightHandMiddle3" type="JOINT">
                            <matrix sid="matrix">0.999962 -0.004458 -0.007471 0.001500 -0.001244 0.776652 -0.629929 3.241000 0.008611 0.629914 0.776617 0.000000 0.000000 0.000000 0.000000 1.000000</matrix>
                            <node id="mixamorig_RightHandMiddle4" name="mixamorig_RightHandMiddle4" sid="mixamorig_RightHandMiddle4" type="JOINT">
                              <matrix sid="matrix">1.000000 0.000000 0.000000 -0.001900 -0.000000 1.000000 -0.000000 4.879200 -0.000000 0.000000 1.000000 0.000000 0.000000 0.000000 0.000000 1.000000</matrix>
                            </node>
                          </node>
                        </node>
                      </node>
                      <node id="mixamorig_RightHandRing1" name="mixamorig_RightHandRing1" sid="mixamorig_RightHandRing1" type="JOINT">
                        <matrix sid="matrix">0.990993 -0.058209 0.120598 -1.709700 0.072347 0.990565 -0.116388 14.370000 -0.112685 0.124065 0.985855 -0.144700 0.000000 0.000000 0.000000 1.000000</matrix>
                        <node id="mixamorig_RightHandRing2" name="mixamorig_RightHandRing2" sid="mixamorig_RightHandRing2" type="JOINT">
                          <matrix sid="matrix">0.999999 -0.000848 -0.001416 0.001300 0.000137 0.897597 -0.440816 3.380800 0.001645 0.440815 0.897596 -0.000000 0.000000 0.000000 0.000000 1.000000</matrix>
                          <node id="mixamorig_RightHandRing3" name="mixamorig_RightHandRing3" sid="mixamorig_RightHandRing3" type="JOINT">
                            <matrix sid="matrix">0.999949 -0.009843 -0.002266 -0.000200 0.006987 0.836113 -0.548513 2.845800 0.007294 0.548469 0.836139 0.000000 0.000000 0.000000 0.000000 1.000000</matrix>
                            <node id="mixamorig_RightHandRing4" name="mixamorig_RightHandRing4" sid="mixamorig_RightHandRing4" type="JOINT">
                              <matrix sid="matrix">1.000000 0.000000 0.000000 -0.001200 0.000000 1.000000 -0.000000 4.826200 0.000000 0.000000 1.000000 0.000000 0.000000 0.000000 0.000000 1.000000</matrix>
                            </node>
                          </node>
                        </node>
                      </node>
                      <node id="mixamorig_RightHandPinky1" name="mixamorig_RightHandPinky1" sid="mixamorig_RightHandPinky1" type="JOINT">
                        <matrix sid="matrix">0.927643 -0.183471 0.325296 -4.848000 0.241453 0.959123 -0.147593 14.008100 -0.284920 0.215457 0.934023 -0.068600 0.000000 0.000000 0.000000 1.000000</matrix>
                        <node id="mixamorig_RightHandPinky2" name="mixamorig_RightHandPinky2" sid="mixamorig_RightHandPinky2" type="JOINT">
                          <matrix sid="matrix">0.999873 0.013764 -0.008078 0.005700 -0.015859 0.800217 -0.599501 2.332400 -0.001787 0.599553 0.800333 0.000000 0.000000 0.000000 0.000000 1.000000</matrix>
                          <node id="mixamorig_RightHandPinky3" name="mixamorig_RightHandPinky3" sid="mixamorig_RightHandPinky3" type="JOINT">
                            <matrix sid="matrix">0.999924 0.010276 -0.006872 -0.003000 -0.012348 0.804152 -0.594295 2.529300 -0.000581 0.594334 0.804218 0.000000 0.000000 0.000000 0.000000 1.000000</matrix>
                            <node id="mixamorig_RightHandPinky4" name="mixamorig_RightHandPinky4" sid="mixamorig_RightHandPinky4" type="JOINT">
                              <matrix sid="matrix">1.000000 0.000000 -0.000000 -0.002700 -0.000000 1.000000 0.000000 3.288700 0.000000 0.000000 1.000000 0.000000 0.000000 0.000000 0.000000 1.000000</matrix>
                            </node>
                          </node>
                        </node>
                      </node>
                    </node>
                  </node>
                </node>
              </node>
            </node>
          </node>
        </node>
        <node id="mixamorig_LeftUpLeg" name="mixamorig_LeftUpLeg" sid="mixamorig_LeftUpLeg" type="JOINT">
          <matrix sid="matrix">-0.896904 0.406328 0.174531 13.280500 -0.242956 -0.782522 0.573265 -6.012500 0.369508 0.471760 0.800567 -0.531400 0.000000 0.000000 0.000000 1.000000</matrix>
          <node id="mixamorig_LeftLeg" name="mixamorig_LeftLeg" sid="mixamorig_LeftLeg" type="JOINT">
            <matrix sid="matrix">0.976364 0.152338 0.153317 0.000000 -0.215135 0.616958 0.757020 52.183899 0.020733 -0.772111 0.635149 0.000000 0.000000 0.000000 0.000000 1.000000</matrix>
            <node id="mixamorig_LeftFoot" name="mixamorig_LeftFoot" sid="mixamorig_LeftFoot" type="JOINT">
              <matrix sid="matrix">0.984565 -0.018887 -0.173999 -0.000000 -0.166365 0.207773 -0.963926 50.974098 0.054358 0.977995 0.201424 0.000000 0.000000 0.000000 0.000000 1.000000</matrix>
              <node id="mixamorig_LeftToeBase" name="mixamorig_LeftToeBase" sid="mixamorig_LeftToeBase" type="JOINT">
                <matrix sid="matrix">0.987042 0.053390 0.151322 0.000000 0.026323 0.876376 -0.480907 21.993700 -0.158291 0.478658 0.863615 0.000000 0.000000 0.000000 0.000000 1.000000</matrix>
                <node id="mixamorig_LeftToe_End" name="mixamorig_LeftToe_End" sid="mixamorig_LeftToe_End" type="JOINT">
                  <matrix sid="matrix">1.000000 -0.000000 -0.000000 -0.000000 0.000000 1.000000 -0.000000 9.003600 0.000000 0.000000 1.000000 0.000000 0.000000 0.000000 0.000000 1.000000</matrix>
                </node>
              </node>
            </node>
          </node>
        </node>
        <node id="mixamorig_RightUpLeg" name="mixamorig_RightUpLeg" sid="mixamorig_RightUpLeg" type="JOINT">
          <matrix sid="matrix">-0.891712 -0.428863 -0.144658 -13.293700 0.291620 -0.788836 0.541013 -6.012500 -0.346132 0.440243 0.828480 -0.531400 0.000000 0.000000 0.000000 1.000000</matrix>
          <node id="mixamorig_RightLeg" name="mixamorig_RightLeg" sid="mixamorig_RightLeg" type="JOINT">
            <matrix sid="matrix">0.990286 0.135287 -0.032122 0.000000 -0.051795 0.573291 0.817713 52.153900 0.129041 -0.808106 0.574729 0.000000 0.000000 0.000000 0.000000 1.000000</matrix>
            <node id="mixamorig_RightFoot" name="mixamorig_RightFoot" sid="mixamorig_RightFoot" type="JOINT">
              <matrix sid="matrix">0.932536 -0.081222 0.351823 0.000000 0.355980 0.043665 -0.933473 51.002602 0.060456 0.995739 0.069632 -0.000000 0.000000 0.000000 0.000000 1.000000</matrix>
              <node id="mixamorig_RightToeBase" name="mixamorig_RightToeBase" sid="mixamorig_RightToeBase" type="JOINT">
                <matrix sid="matrix">0.988005 -0.052219 -0.145326 0.000000 -0.022630 0.881968 -0.470765 22.030199 0.152756 0.468407 0.870207 0.000000 0.000000 0.000000 0.000000 1.000000</matrix>
                <node id="mixamorig_RightToe_End" name="mixamorig_RightToe_End" sid="mixamorig_RightToe_End" type="JOINT">
                  <matrix sid="matrix">1.000000 -0.000000 0.000000 0.000000 0.000000 1.000000 -0.000000 9.032300 0.000000 0.000000 1.000000 0.000000 0.000000 0.000000 0.000000 1.000000</matrix>
                </node>
              </node>
            </node>
          </node>
        </node>
        <node id="mixamorig_F_skirt1" name="mixamorig_F_skirt1" sid="mixamorig_F_skirt1" type="JOINT">
          <matrix sid="matrix">0.000000 1.000000 0.000000 -0.580400 -1.000000 0.000000 -0.000000 -7.794500 -0.000000 0.000000 1.000000 17.818100 0.000000 0.000000 0.000000 1.000000</matrix>
          <node id="mixamorig_F_skirt2" name="mixamorig_F_skirt2" sid="mixamorig_F_skirt2" type="JOINT">
            <matrix sid="matrix">1.000000 0.000000 -0.000000 27.000000 0.000000 1.000000 0.000000 0.000000 -0.000000 -0.000000 1.000000 0.000000 0.000000 0.000000 0.000000 1.000000</matrix>
            <node id="mixamorig_F_skirt3" name="mixamorig_F_skirt3" sid="mixamorig_F_skirt3" type="JOINT">
              <matrix sid="matrix">1.000000 0.000000 -0.000000 27.000000 -0.000000 1.000000 0.000000 -0.000000 -0.000000 0.000000 1.000000 -0.000000 0.000000 0.000000 0.000000 1.000000</matrix>
              <node id="mixamorig_F_skirt_end" name="mixamorig_F_skirt_end" sid="mixamorig_F_skirt_end" type="JOINT">
                <matrix sid="matrix">1.000000 0.000000 0.000000 24.000000 -0.000000 1.000000 0.000000 0.000000 -0.000000 0.000000 1.000000 0.000000 0.000000 0.000000 0.000000 1.000000</matrix>
              </node>
            </node>
          </node>
        </node>
        <node id="mixamorig_L_A_skirt1" name="mixamorig_L_A_skirt1" sid="mixamorig_L_A_skirt1" type="JOINT">
          <matrix sid="matrix">0.122996 0.897244 0.424058 9.424300 -0.992244 0.103429 0.068955 -5.518500 0.018009 -0.429250 0.903006 15.946100 0.000000 0.000000 0.000000 1.000000</matrix>
          <node id="mixamorig_L_A_skirt2" name="mixamorig_L_A_skirt2" sid="mixamorig_L_A_skirt2" type="JOINT">
            <matrix sid="matrix">1.000000 0.000000 0.000000 27.000000 0.000000 1.000000 0.000000 0.000000 -0.000000 -0.000000 1.000000 -0.000000 0.000000 0.000000 0.000000 1.000000</matrix>
            <node id="mixamorig_L_A_skirt3" name="mixamorig_L_A_skirt3" sid="mixamorig_L_A_skirt3" type="JOINT">
              <matrix sid="matrix">1.000000 0.000000 0.000000 27.000000 0.000000 1.000000 0.000000 0.000000 0.000000 0.000000 1.000000 0.000000 0.000000 0.000000 0.000000 1.000000</matrix>
              <node id="mixamorig_L_A_skirt_end" name="mixamorig_L_A_skirt_end" sid="mixamorig_L_A_skirt_end" type="JOINT">
                <matrix sid="matrix">1.000000 -0.000000 0.000000 27.000000 -0.000000 1.000000 0.000000 0.000000 -0.000000 -0.000000 1.000000 -0.000000 0.000000 0.000000 0.000000 1.000000</matrix>
              </node>
            </node>
          </node>
        </node>
        <node id="mixamorig_L_B_skirt1" name="mixamorig_L_B_skirt1" sid="mixamorig_L_B_skirt1" type="JOINT">
          <matrix sid="matrix">0.111759 -0.000000 0.993735 18.448999 -0.993735 0.000000 0.111759 -4.216000 -0.000000 -1.000000 -0.000000 -0.295100 0.000000 0.000000 0.000000 1.000000</matrix>
          <node id="mixamorig_L_B_skirt2" name="mixamorig_L_B_skirt2" sid="mixamorig_L_B_skirt2" type="JOINT">
            <matrix sid="matrix">1.000000 0.000000 -0.000000 27.000000 0.000000 1.000000 0.000000 0.000000 -0.000000 0.000000 1.000000 0.000000 0.000000 0.000000 0.000000 1.000000</matrix>
            <node id="mixamorig_L_B_skirt3" name="mixamorig_L_B_skirt3" sid="mixamorig_L_B_skirt3" type="JOINT">
              <matrix sid="matrix">1.000000 0.000000 -0.000000 27.000000 0.000000 1.000000 0.000000 0.000000 0.000000 0.000000 1.000000 0.000000 0.000000 0.000000 0.000000 1.000000</matrix>
              <node id="mixamorig_L_B_skirt_end" name="mixamorig_L_B_skirt_end" sid="mixamorig_L_B_skirt_end" type="JOINT">
                <matrix sid="matrix">1.000000 0.000000 -0.000000 27.000000 0.000000 1.000000 0.000000 0.000000 0.000000 0.000000 1.000000 0.000000 0.000000 0.000000 0.000000 1.000000</matrix>
              </node>
            </node>
          </node>
        </node>
        <node id="mixamorig_L_C_skirt1" name="mixamorig_L_C_skirt1" sid="mixamorig_L_C_skirt1" type="JOINT">
          <matrix sid="matrix">0.023939 -0.971540 0.235663 7.049900 -0.998221 -0.010354 0.058718 -6.149500 -0.054607 -0.236649 -0.970059 -15.762800 0.000000 0.000000 0.000000 1.000000</matrix>
          <node id="mixamorig_L_C_skirt2" name="mixamorig_L_C_skirt2" sid="mixamorig_L_C_skirt2" type="JOINT">
            <matrix sid="matrix">1.000000 0.000000 0.000000 28.000000 0.000000 1.000000 0.000000 -0.000000 0.000000 -0.000000 1.000000 -0.000000 0.000000 0.000000 0.000000 1.000000</matrix>
            <node id="mixamorig_L_C_skirt3" name="mixamorig_L_C_skirt3" sid="mixamorig_L_C_skirt3" type="JOINT">
              <matrix sid="matrix">1.000000 0.000000 -0.000000 28.000000 -0.000000 1.000000 0.000000 -0.000000 -0.000000 -0.000000 1.000000 0.000000 0.000000 0.000000 0.000000 1.000000</matrix>
              <node id="mixamorig_L_C_skirt_end" name="mixamorig_L_C_skirt_end" sid="mixamorig_L_C_skirt_end" type="JOINT">
                <matrix sid="matrix">1.000000 -0.000000 0.000000 28.000000 0.000000 1.000000 0.000000 0.000000 -0.000000 -0.000000 1.000000 0.000000 0.000000 0.000000 0.000000 1.000000</matrix>
              </node>
            </node>
          </node>
        </node>
        <node id="mixamorig_R_A_skirt1" name="mixamorig_R_A_skirt1" sid="mixamorig_R_A_skirt1" type="JOINT">
          <matrix sid="matrix">-0.122996 0.897244 -0.424058 -9.424300 -0.992244 -0.103429 0.068955 -5.518900 0.018009 0.429250 0.903006 15.946100 0.000000 0.000000 0.000000 1.000000</matrix>
          <node id="mixamorig_R_A_skirt2" name="mixamorig_R_A_skirt2" sid="mixamorig_R_A_skirt2" type="JOINT">
            <matrix sid="matrix">1.000000 0.000000 -0.000000 26.999599 0.000000 1.000000 -0.000000 0.000000 -0.000000 0.000000 1.000000 0.000100 0.000000 0.000000 0.000000 1.000000</matrix>
            <node id="mixamorig_R_A_skirt3" name="mixamorig_R_A_skirt3" sid="mixamorig_R_A_skirt3" type="JOINT">
              <matrix sid="matrix">1.000000 0.000000 0.000000 27.000000 0.000000 1.000000 -0.000000 0.000000 -0.000000 0.000000 1.000000 -0.000000 0.000000 0.000000 0.000000 1.000000</matrix>
              <node id="mixamorig_R_A_skirt_end" name="mixamorig_R_A_skirt_end" sid="mixamorig_R_A_skirt_end" type="JOINT">
                <matrix sid="matrix">1.000000 0.000000 0.000000 27.000000 0.000000 1.000000 -0.000000 0.000000 -0.000000 0.000000 1.000000 -0.000000 0.000000 0.000000 0.000000 1.000000</matrix>
              </node>
            </node>
          </node>
        </node>
        <node id="mixamorig_R_B_skirt1" name="mixamorig_R_B_skirt1" sid="mixamorig_R_B_skirt1" type="JOINT">
          <matrix sid="matrix">-0.111759 0.000000 -0.993735 -18.448900 -0.993735 -0.000000 0.111759 -4.216300 -0.000000 1.000000 0.000000 -0.295100 0.000000 0.000000 0.000000 1.000000</matrix>
          <node id="mixamorig_R_B_skirt2" name="mixamorig_R_B_skirt2" sid="mixamorig_R_B_skirt2" type="JOINT">
            <matrix sid="matrix">1.000000 -0.000000 0.000000 26.999701 0.000000 1.000000 0.000000 0.000000 0.000000 -0.000000 1.000000 0.000100 0.000000 0.000000 0.000000 1.000000</matrix>
            <node id="mixamorig_R_B_skirt3" name="mixamorig_R_B_skirt3" sid="mixamorig_R_B_skirt3" type="JOINT">
              <matrix sid="matrix">1.000000 0.000000 -0.000000 26.999901 0.000000 1.000000 0.000000 -0.000000 0.000000 0.000000 1.000000 0.000000 0.000000 0.000000 0.000000 1.000000</matrix>
              <node id="mixamorig_R_B_skirt_end" name="mixamorig_R_B_skirt_end" sid="mixamorig_R_B_skirt_end" type="JOINT">
                <matrix sid="matrix">1.000000 -0.000000 0.000000 27.000000 0.000000 1.000000 0.000000 0.000000 0.000000 -0.000000 1.000000 0.000000 0.000000 0.000000 0.000000 1.000000</matrix>
              </node>
            </node>
          </node>
          <node id="mixamorig_R_bag1" name="mixamorig_R_bag1" sid="mixamorig_R_bag1" type="JOINT">
            <matrix sid="matrix">0.973707 -0.116729 -0.195624 6.766800 -0.197277 -0.002660 -0.980344 2.209500 0.113914 0.993160 -0.025618 5.400800 0.000000 0.000000 0.000000 1.000000</matrix>
            <node id="mixamorig_R_bag_end" name="mixamorig_R_bag_end" sid="mixamorig_R_bag_end" type="JOINT">
              <matrix sid="matrix">1.000000 -0.000000 -0.000000 20.721201 0.000000 1.000000 0.000000 0.000000 0.000000 -0.000000 1.000000 -0.000000 0.000000 0.000000 0.000000 1.000000</matrix>
            </node>
          </node>
        </node>
        <node id="mixamorig_R_C_skirt1" name="mixamorig_R_C_skirt1" sid="mixamorig_R_C_skirt1" type="JOINT">
          <matrix sid="matrix">-0.023939 -0.971540 -0.235663 -7.049900 -0.998221 0.010354 0.058718 -6.149900 -0.054607 0.236649 -0.970059 -15.762700 0.000000 0.000000 0.000000 1.000000</matrix>
          <node id="mixamorig_R_C_skirt2" name="mixamorig_R_C_skirt2" sid="mixamorig_R_C_skirt2" type="JOINT">
            <matrix sid="matrix">1.000000 -0.000000 0.000000 27.999701 0.000000 1.000000 -0.000000 0.000000 -0.000000 0.000000 1.000000 0.000000 0.000000 0.000000 0.000000 1.000000</matrix>
            <node id="mixamorig_R_C_skirt3" name="mixamorig_R_C_skirt3" sid="mixamorig_R_C_skirt3" type="JOINT">
              <matrix sid="matrix">1.000000 -0.000000 0.000000 27.999901 -0.000000 1.000000 0.000000 0.000000 -0.000000 0.000000 1.000000 0.000000 0.000000 0.000000 0.000000 1.000000</matrix>
              <node id="mixamorig_R_C_skirt_end" name="mixamorig_R_C_skirt_end" sid="mixamorig_R_C_skirt_end" type="JOINT">
                <matrix sid="matrix">1.000000 0.000000 0.000000 28.000000 -0.000000 1.000000 0.000000 0.000000 0.000000 0.000000 1.000000 0.000000 0.000000 0.000000 0.000000 1.000000</matrix>
              </node>
            </node>
          </node>
        </node>
        <node id="L_horn1" name="L_horn1" sid="L_horn1" type="JOINT">
          <matrix sid="matrix">0.406838 0.870118 0.278168 18.209600 -0.904436 0.426462 -0.011194 1.020800 -0.128368 -0.247031 0.960467 -3.906100 0.000000 0.000000 0.000000 1.000000</matrix>
          <node id="L_horn_end" name="L_horn_end" sid="L_horn_end" type="JOINT">
            <matrix sid="matrix">1.000000 0.000000 0.000000 13.278900 0.000000 1.000000 0.000000 0.000000 -0.000000 -0.000000 1.000000 0.000000 0.000000 0.000000 0.000000 1.000000</matrix>
          </node>
        </node>
      </node>
    </visual_scene>
  </library_visual_scenes>
  <scene>
    <instance_visual_scene url="#RootNode"/>
  </scene>
</COLLADA>
